benchmark,outputVar,timeTaken(ms)
./benchmark_tests/afterhqspre/PEC1/pec_adder_3_bit_2_30.dqdimacs,0,36
./benchmark_tests/afterhqspre/PEC1/pec_adder_3_bit_2_30.dqdimacs,21,7
./benchmark_tests/afterhqspre/PEC1/pec_adder_3_bit_2_30.dqdimacs,23,7
./benchmark_tests/afterhqspre/PEC1/pec_adder_3_bit_2_30.dqdimacs,28,7
./benchmark_tests/afterhqspre/PEC1/pec_adder_3_bit_2_30.dqdimacs,29,7
./benchmark_tests/afterhqspre/PEC1/pec_adder_3_bit_2_40.dqdimacs,0,27
./benchmark_tests/afterhqspre/PEC1/pec_adder_3_bit_2_40.dqdimacs,17,7
./benchmark_tests/afterhqspre/PEC1/pec_adder_3_bit_2_40.dqdimacs,21,7
./benchmark_tests/afterhqspre/PEC1/pec_adder_3_bit_2_46.dqdimacs,0,78
./benchmark_tests/afterhqspre/PEC1/pec_adder_3_bit_2_46.dqdimacs,31,7
./benchmark_tests/afterhqspre/PEC1/pec_adder_3_bit_2_46.dqdimacs,36,7
./benchmark_tests/afterhqspre/PEC1/pec_adder_3_bit_2_82.dqdimacs,0,26
./benchmark_tests/afterhqspre/PEC1/pec_adder_3_bit_2_82.dqdimacs,19,7
./benchmark_tests/afterhqspre/PEC1/pec_adder_3_bit_2_82.dqdimacs,21,7
./benchmark_tests/afterhqspre/PEC1/pec_adder_3_bit_2_98.dqdimacs,0,40
./benchmark_tests/afterhqspre/PEC1/pec_adder_3_bit_2_98.dqdimacs,24,7
./benchmark_tests/afterhqspre/PEC1/pec_adder_3_bit_2_98.dqdimacs,25,7
./benchmark_tests/afterhqspre/PEC1/pec_adder_3_bit_4_0.dqdimacs,0,28
./benchmark_tests/afterhqspre/PEC1/pec_adder_3_bit_4_0.dqdimacs,22,8
./benchmark_tests/afterhqspre/PEC1/pec_adder_3_bit_4_0.dqdimacs,23,7
./benchmark_tests/afterhqspre/PEC1/pec_adder_3_bit_4_0.dqdimacs,30,7
./benchmark_tests/afterhqspre/PEC1/pec_adder_3_bit_4_0.dqdimacs,31,7
./benchmark_tests/afterhqspre/PEC1/pec_adder_3_bit_4_10.dqdimacs,0,28
./benchmark_tests/afterhqspre/PEC1/pec_adder_3_bit_4_10.dqdimacs,19,7
./benchmark_tests/afterhqspre/PEC1/pec_adder_3_bit_4_10.dqdimacs,26,7
./benchmark_tests/afterhqspre/PEC1/pec_adder_3_bit_4_10.dqdimacs,27,7
./benchmark_tests/afterhqspre/PEC1/pec_adder_3_bit_4_10.dqdimacs,28,7
./benchmark_tests/afterhqspre/PEC1/pec_adder_3_bit_4_11.dqdimacs,0,28
./benchmark_tests/afterhqspre/PEC1/pec_adder_3_bit_4_11.dqdimacs,18,8
./benchmark_tests/afterhqspre/PEC1/pec_adder_3_bit_4_11.dqdimacs,27,7
./benchmark_tests/afterhqspre/PEC1/pec_adder_3_bit_4_11.dqdimacs,30,7
./benchmark_tests/afterhqspre/PEC1/pec_adder_3_bit_4_11.dqdimacs,31,7
./benchmark_tests/afterhqspre/PEC1/pec_adder_3_bit_4_12.dqdimacs,0,29
./benchmark_tests/afterhqspre/PEC1/pec_adder_3_bit_4_12.dqdimacs,24,7
./benchmark_tests/afterhqspre/PEC1/pec_adder_3_bit_4_12.dqdimacs,27,7
./benchmark_tests/afterhqspre/PEC1/pec_adder_3_bit_4_12.dqdimacs,31,7
./benchmark_tests/afterhqspre/PEC1/pec_adder_3_bit_4_13.dqdimacs,0,26
./benchmark_tests/afterhqspre/PEC1/pec_adder_3_bit_4_13.dqdimacs,18,7
./benchmark_tests/afterhqspre/PEC1/pec_adder_3_bit_4_13.dqdimacs,21,7
./benchmark_tests/afterhqspre/PEC1/pec_adder_3_bit_4_13.dqdimacs,24,7
./benchmark_tests/afterhqspre/PEC1/pec_adder_3_bit_4_13.dqdimacs,25,7
./benchmark_tests/afterhqspre/PEC1/pec_adder_3_bit_4_14.dqdimacs,0,34
./benchmark_tests/afterhqspre/PEC1/pec_adder_3_bit_4_14.dqdimacs,19,7
./benchmark_tests/afterhqspre/PEC1/pec_adder_3_bit_4_14.dqdimacs,22,7
./benchmark_tests/afterhqspre/PEC1/pec_adder_3_bit_4_14.dqdimacs,25,7
./benchmark_tests/afterhqspre/PEC1/pec_adder_3_bit_4_14.dqdimacs,26,7
./benchmark_tests/afterhqspre/PEC1/pec_adder_3_bit_4_15.dqdimacs,0,28
./benchmark_tests/afterhqspre/PEC1/pec_adder_3_bit_4_15.dqdimacs,24,7
./benchmark_tests/afterhqspre/PEC1/pec_adder_3_bit_4_15.dqdimacs,29,7
./benchmark_tests/afterhqspre/PEC1/pec_adder_3_bit_4_15.dqdimacs,30,7
./benchmark_tests/afterhqspre/PEC1/pec_adder_3_bit_4_16.dqdimacs,0,29
./benchmark_tests/afterhqspre/PEC1/pec_adder_3_bit_4_16.dqdimacs,16,8
./benchmark_tests/afterhqspre/PEC1/pec_adder_3_bit_4_16.dqdimacs,29,7
./benchmark_tests/afterhqspre/PEC1/pec_adder_3_bit_4_16.dqdimacs,34,7
./benchmark_tests/afterhqspre/PEC1/pec_adder_3_bit_4_17.dqdimacs,0,28
./benchmark_tests/afterhqspre/PEC1/pec_adder_3_bit_4_17.dqdimacs,28,8
./benchmark_tests/afterhqspre/PEC1/pec_adder_3_bit_4_17.dqdimacs,31,7
./benchmark_tests/afterhqspre/PEC1/pec_adder_3_bit_4_17.dqdimacs,34,7
./benchmark_tests/afterhqspre/PEC1/pec_adder_3_bit_4_17.dqdimacs,35,7
./benchmark_tests/afterhqspre/PEC1/pec_adder_3_bit_4_18.dqdimacs,0,35
./benchmark_tests/afterhqspre/PEC1/pec_adder_3_bit_4_18.dqdimacs,24,7
./benchmark_tests/afterhqspre/PEC1/pec_adder_3_bit_4_18.dqdimacs,27,7
./benchmark_tests/afterhqspre/PEC1/pec_adder_3_bit_4_18.dqdimacs,28,7
./benchmark_tests/afterhqspre/PEC1/pec_adder_3_bit_4_19.dqdimacs,0,27
./benchmark_tests/afterhqspre/PEC1/pec_adder_3_bit_4_19.dqdimacs,22,7
./benchmark_tests/afterhqspre/PEC1/pec_adder_3_bit_4_19.dqdimacs,25,7
./benchmark_tests/afterhqspre/PEC1/pec_adder_3_bit_4_19.dqdimacs,28,7
./benchmark_tests/afterhqspre/PEC1/pec_adder_3_bit_4_19.dqdimacs,29,7
./benchmark_tests/afterhqspre/PEC1/pec_adder_3_bit_4_1.dqdimacs,0,28
./benchmark_tests/afterhqspre/PEC1/pec_adder_3_bit_4_1.dqdimacs,21,7
./benchmark_tests/afterhqspre/PEC1/pec_adder_3_bit_4_1.dqdimacs,26,7
./benchmark_tests/afterhqspre/PEC1/pec_adder_3_bit_4_1.dqdimacs,31,7
./benchmark_tests/afterhqspre/PEC1/pec_adder_3_bit_4_1.dqdimacs,32,7
./benchmark_tests/afterhqspre/PEC1/pec_adder_3_bit_4_20.dqdimacs,0,32
./benchmark_tests/afterhqspre/PEC1/pec_adder_3_bit_4_20.dqdimacs,15,7
./benchmark_tests/afterhqspre/PEC1/pec_adder_3_bit_4_20.dqdimacs,28,7
./benchmark_tests/afterhqspre/PEC1/pec_adder_3_bit_4_20.dqdimacs,29,7
./benchmark_tests/afterhqspre/PEC1/pec_adder_3_bit_4_20.dqdimacs,30,7
./benchmark_tests/afterhqspre/PEC1/pec_adder_3_bit_4_21.dqdimacs,0,28
./benchmark_tests/afterhqspre/PEC1/pec_adder_3_bit_4_21.dqdimacs,16,7
./benchmark_tests/afterhqspre/PEC1/pec_adder_3_bit_4_21.dqdimacs,25,7
./benchmark_tests/afterhqspre/PEC1/pec_adder_3_bit_4_21.dqdimacs,28,7
./benchmark_tests/afterhqspre/PEC1/pec_adder_3_bit_4_21.dqdimacs,29,7
./benchmark_tests/afterhqspre/PEC1/pec_adder_3_bit_4_22.dqdimacs,0,40
./benchmark_tests/afterhqspre/PEC1/pec_adder_3_bit_4_22.dqdimacs,27,8
./benchmark_tests/afterhqspre/PEC1/pec_adder_3_bit_4_22.dqdimacs,28,8
./benchmark_tests/afterhqspre/PEC1/pec_adder_3_bit_4_22.dqdimacs,29,8
./benchmark_tests/afterhqspre/PEC1/pec_adder_3_bit_4_23.dqdimacs,0,28
./benchmark_tests/afterhqspre/PEC1/pec_adder_3_bit_4_23.dqdimacs,23,8
./benchmark_tests/afterhqspre/PEC1/pec_adder_3_bit_4_23.dqdimacs,29,8
./benchmark_tests/afterhqspre/PEC1/pec_adder_3_bit_4_23.dqdimacs,32,8
./benchmark_tests/afterhqspre/PEC1/pec_adder_3_bit_4_23.dqdimacs,33,8
./benchmark_tests/afterhqspre/PEC1/pec_adder_3_bit_4_24.dqdimacs,0,27
./benchmark_tests/afterhqspre/PEC1/pec_adder_3_bit_4_24.dqdimacs,16,9
./benchmark_tests/afterhqspre/PEC1/pec_adder_3_bit_4_24.dqdimacs,17,9
./benchmark_tests/afterhqspre/PEC1/pec_adder_3_bit_4_24.dqdimacs,20,9
./benchmark_tests/afterhqspre/PEC1/pec_adder_3_bit_4_24.dqdimacs,23,8
./benchmark_tests/afterhqspre/PEC1/pec_adder_3_bit_4_25.dqdimacs,0,29
./benchmark_tests/afterhqspre/PEC1/pec_adder_3_bit_4_25.dqdimacs,21,8
./benchmark_tests/afterhqspre/PEC1/pec_adder_3_bit_4_25.dqdimacs,24,8
./benchmark_tests/afterhqspre/PEC1/pec_adder_3_bit_4_25.dqdimacs,31,8
./benchmark_tests/afterhqspre/PEC1/pec_adder_3_bit_4_25.dqdimacs,32,8
./benchmark_tests/afterhqspre/PEC1/pec_adder_3_bit_4_26.dqdimacs,0,28
./benchmark_tests/afterhqspre/PEC1/pec_adder_3_bit_4_26.dqdimacs,20,8
./benchmark_tests/afterhqspre/PEC1/pec_adder_3_bit_4_26.dqdimacs,27,9
./benchmark_tests/afterhqspre/PEC1/pec_adder_3_bit_4_26.dqdimacs,28,9
./benchmark_tests/afterhqspre/PEC1/pec_adder_3_bit_4_27.dqdimacs,0,28
./benchmark_tests/afterhqspre/PEC1/pec_adder_3_bit_4_27.dqdimacs,18,8
./benchmark_tests/afterhqspre/PEC1/pec_adder_3_bit_4_27.dqdimacs,21,8
./benchmark_tests/afterhqspre/PEC1/pec_adder_3_bit_4_27.dqdimacs,24,8
./benchmark_tests/afterhqspre/PEC1/pec_adder_3_bit_4_27.dqdimacs,25,8
./benchmark_tests/afterhqspre/PEC1/pec_adder_3_bit_4_28.dqdimacs,0,29
./benchmark_tests/afterhqspre/PEC1/pec_adder_3_bit_4_28.dqdimacs,27,8
./benchmark_tests/afterhqspre/PEC1/pec_adder_3_bit_4_28.dqdimacs,28,8
./benchmark_tests/afterhqspre/PEC1/pec_adder_3_bit_4_28.dqdimacs,29,8
./benchmark_tests/afterhqspre/PEC1/pec_adder_3_bit_4_29.dqdimacs,0,28
./benchmark_tests/afterhqspre/PEC1/pec_adder_3_bit_4_29.dqdimacs,18,8
./benchmark_tests/afterhqspre/PEC1/pec_adder_3_bit_4_29.dqdimacs,21,8
./benchmark_tests/afterhqspre/PEC1/pec_adder_3_bit_4_29.dqdimacs,24,8
./benchmark_tests/afterhqspre/PEC1/pec_adder_3_bit_4_29.dqdimacs,29,8
./benchmark_tests/afterhqspre/PEC1/pec_adder_3_bit_4_2.dqdimacs,0,28
./benchmark_tests/afterhqspre/PEC1/pec_adder_3_bit_4_2.dqdimacs,18,8
./benchmark_tests/afterhqspre/PEC1/pec_adder_3_bit_4_2.dqdimacs,23,8
./benchmark_tests/afterhqspre/PEC1/pec_adder_3_bit_4_2.dqdimacs,26,8
./benchmark_tests/afterhqspre/PEC1/pec_adder_3_bit_4_2.dqdimacs,27,8
./benchmark_tests/afterhqspre/PEC1/pec_adder_3_bit_4_30.dqdimacs,0,29
./benchmark_tests/afterhqspre/PEC1/pec_adder_3_bit_4_30.dqdimacs,20,8
./benchmark_tests/afterhqspre/PEC1/pec_adder_3_bit_4_30.dqdimacs,27,7
./benchmark_tests/afterhqspre/PEC1/pec_adder_3_bit_4_30.dqdimacs,30,7
./benchmark_tests/afterhqspre/PEC1/pec_adder_3_bit_4_31.dqdimacs,0,31
./benchmark_tests/afterhqspre/PEC1/pec_adder_3_bit_4_31.dqdimacs,23,8
./benchmark_tests/afterhqspre/PEC1/pec_adder_3_bit_4_31.dqdimacs,26,7
./benchmark_tests/afterhqspre/PEC1/pec_adder_3_bit_4_31.dqdimacs,27,7
./benchmark_tests/afterhqspre/PEC1/pec_adder_3_bit_4_31.dqdimacs,28,7
./benchmark_tests/afterhqspre/PEC1/pec_adder_3_bit_4_32.dqdimacs,0,32
./benchmark_tests/afterhqspre/PEC1/pec_adder_3_bit_4_32.dqdimacs,25,8
./benchmark_tests/afterhqspre/PEC1/pec_adder_3_bit_4_32.dqdimacs,30,8
./benchmark_tests/afterhqspre/PEC1/pec_adder_3_bit_4_32.dqdimacs,31,7
./benchmark_tests/afterhqspre/PEC1/pec_adder_3_bit_4_32.dqdimacs,32,7
./benchmark_tests/afterhqspre/PEC1/pec_adder_3_bit_4_33.dqdimacs,0,31
./benchmark_tests/afterhqspre/PEC1/pec_adder_3_bit_4_33.dqdimacs,21,9
./benchmark_tests/afterhqspre/PEC1/pec_adder_3_bit_4_33.dqdimacs,26,11
./benchmark_tests/afterhqspre/PEC1/pec_adder_3_bit_4_33.dqdimacs,27,15
./benchmark_tests/afterhqspre/PEC1/pec_adder_3_bit_4_33.dqdimacs,28,11
./benchmark_tests/afterhqspre/PEC1/pec_adder_3_bit_4_34.dqdimacs,0,33
./benchmark_tests/afterhqspre/PEC1/pec_adder_3_bit_4_34.dqdimacs,28,8
./benchmark_tests/afterhqspre/PEC1/pec_adder_3_bit_4_34.dqdimacs,31,8
./benchmark_tests/afterhqspre/PEC1/pec_adder_3_bit_4_34.dqdimacs,32,8
./benchmark_tests/afterhqspre/PEC1/pec_adder_3_bit_4_34.dqdimacs,33,8
./benchmark_tests/afterhqspre/PEC1/pec_adder_3_bit_4_35.dqdimacs,0,27
./benchmark_tests/afterhqspre/PEC1/pec_adder_3_bit_4_35.dqdimacs,19,8
./benchmark_tests/afterhqspre/PEC1/pec_adder_3_bit_4_35.dqdimacs,28,8
./benchmark_tests/afterhqspre/PEC1/pec_adder_3_bit_4_35.dqdimacs,29,7
./benchmark_tests/afterhqspre/PEC1/pec_adder_3_bit_4_36.dqdimacs,0,30
./benchmark_tests/afterhqspre/PEC1/pec_adder_3_bit_4_36.dqdimacs,21,8
./benchmark_tests/afterhqspre/PEC1/pec_adder_3_bit_4_36.dqdimacs,26,8
./benchmark_tests/afterhqspre/PEC1/pec_adder_3_bit_4_36.dqdimacs,27,8
./benchmark_tests/afterhqspre/PEC1/pec_adder_3_bit_4_36.dqdimacs,28,8
./benchmark_tests/afterhqspre/PEC1/pec_adder_3_bit_4_38.dqdimacs,0,28
./benchmark_tests/afterhqspre/PEC1/pec_adder_3_bit_4_38.dqdimacs,24,8
./benchmark_tests/afterhqspre/PEC1/pec_adder_3_bit_4_38.dqdimacs,25,8
./benchmark_tests/afterhqspre/PEC1/pec_adder_3_bit_4_38.dqdimacs,30,7
./benchmark_tests/afterhqspre/PEC1/pec_adder_3_bit_4_38.dqdimacs,31,8
./benchmark_tests/afterhqspre/PEC1/pec_adder_3_bit_4_39.dqdimacs,0,30
./benchmark_tests/afterhqspre/PEC1/pec_adder_3_bit_4_39.dqdimacs,16,8
./benchmark_tests/afterhqspre/PEC1/pec_adder_3_bit_4_39.dqdimacs,27,7
./benchmark_tests/afterhqspre/PEC1/pec_adder_3_bit_4_39.dqdimacs,28,7
./benchmark_tests/afterhqspre/PEC1/pec_adder_3_bit_4_3.dqdimacs,0,27
./benchmark_tests/afterhqspre/PEC1/pec_adder_3_bit_4_3.dqdimacs,22,7
./benchmark_tests/afterhqspre/PEC1/pec_adder_3_bit_4_3.dqdimacs,29,7
./benchmark_tests/afterhqspre/PEC1/pec_adder_3_bit_4_3.dqdimacs,32,7
./benchmark_tests/afterhqspre/PEC1/pec_adder_3_bit_4_3.dqdimacs,34,7
./benchmark_tests/afterhqspre/PEC1/pec_adder_3_bit_4_40.dqdimacs,0,28
./benchmark_tests/afterhqspre/PEC1/pec_adder_3_bit_4_40.dqdimacs,29,8
./benchmark_tests/afterhqspre/PEC1/pec_adder_3_bit_4_40.dqdimacs,30,8
./benchmark_tests/afterhqspre/PEC1/pec_adder_3_bit_4_40.dqdimacs,31,7
./benchmark_tests/afterhqspre/PEC1/pec_adder_3_bit_4_41.dqdimacs,0,25
./benchmark_tests/afterhqspre/PEC1/pec_adder_3_bit_4_41.dqdimacs,19,7
./benchmark_tests/afterhqspre/PEC1/pec_adder_3_bit_4_41.dqdimacs,20,7
./benchmark_tests/afterhqspre/PEC1/pec_adder_3_bit_4_41.dqdimacs,24,7
./benchmark_tests/afterhqspre/PEC1/pec_adder_3_bit_4_42.dqdimacs,0,27
./benchmark_tests/afterhqspre/PEC1/pec_adder_3_bit_4_42.dqdimacs,22,7
./benchmark_tests/afterhqspre/PEC1/pec_adder_3_bit_4_42.dqdimacs,27,7
./benchmark_tests/afterhqspre/PEC1/pec_adder_3_bit_4_42.dqdimacs,28,7
./benchmark_tests/afterhqspre/PEC1/pec_adder_3_bit_4_43.dqdimacs,0,27
./benchmark_tests/afterhqspre/PEC1/pec_adder_3_bit_4_43.dqdimacs,14,7
./benchmark_tests/afterhqspre/PEC1/pec_adder_3_bit_4_43.dqdimacs,17,7
./benchmark_tests/afterhqspre/PEC1/pec_adder_3_bit_4_43.dqdimacs,22,8
./benchmark_tests/afterhqspre/PEC1/pec_adder_3_bit_4_43.dqdimacs,25,8
./benchmark_tests/afterhqspre/PEC1/pec_adder_3_bit_4_44.dqdimacs,0,26
./benchmark_tests/afterhqspre/PEC1/pec_adder_3_bit_4_44.dqdimacs,18,8
./benchmark_tests/afterhqspre/PEC1/pec_adder_3_bit_4_44.dqdimacs,19,8
./benchmark_tests/afterhqspre/PEC1/pec_adder_3_bit_4_44.dqdimacs,26,8
./benchmark_tests/afterhqspre/PEC1/pec_adder_3_bit_4_44.dqdimacs,29,7
./benchmark_tests/afterhqspre/PEC1/pec_adder_3_bit_4_45.dqdimacs,0,28
./benchmark_tests/afterhqspre/PEC1/pec_adder_3_bit_4_45.dqdimacs,24,7
./benchmark_tests/afterhqspre/PEC1/pec_adder_3_bit_4_45.dqdimacs,29,7
./benchmark_tests/afterhqspre/PEC1/pec_adder_3_bit_4_45.dqdimacs,30,7
./benchmark_tests/afterhqspre/PEC1/pec_adder_3_bit_4_46.dqdimacs,0,28
./benchmark_tests/afterhqspre/PEC1/pec_adder_3_bit_4_46.dqdimacs,19,7
./benchmark_tests/afterhqspre/PEC1/pec_adder_3_bit_4_46.dqdimacs,26,7
./benchmark_tests/afterhqspre/PEC1/pec_adder_3_bit_4_46.dqdimacs,31,7
./benchmark_tests/afterhqspre/PEC1/pec_adder_3_bit_4_46.dqdimacs,32,7
./benchmark_tests/afterhqspre/PEC1/pec_adder_3_bit_4_47.dqdimacs,0,36
./benchmark_tests/afterhqspre/PEC1/pec_adder_3_bit_4_47.dqdimacs,21,7
./benchmark_tests/afterhqspre/PEC1/pec_adder_3_bit_4_47.dqdimacs,26,7
./benchmark_tests/afterhqspre/PEC1/pec_adder_3_bit_4_47.dqdimacs,31,8
./benchmark_tests/afterhqspre/PEC1/pec_adder_3_bit_4_47.dqdimacs,32,7
./benchmark_tests/afterhqspre/PEC1/pec_adder_3_bit_4_48.dqdimacs,0,28
./benchmark_tests/afterhqspre/PEC1/pec_adder_3_bit_4_48.dqdimacs,24,7
./benchmark_tests/afterhqspre/PEC1/pec_adder_3_bit_4_48.dqdimacs,25,7
./benchmark_tests/afterhqspre/PEC1/pec_adder_3_bit_4_48.dqdimacs,30,7
./benchmark_tests/afterhqspre/PEC1/pec_adder_3_bit_4_4.dqdimacs,0,28
./benchmark_tests/afterhqspre/PEC1/pec_adder_3_bit_4_4.dqdimacs,19,7
./benchmark_tests/afterhqspre/PEC1/pec_adder_3_bit_4_4.dqdimacs,22,7
./benchmark_tests/afterhqspre/PEC1/pec_adder_3_bit_4_4.dqdimacs,23,7
./benchmark_tests/afterhqspre/PEC1/pec_adder_3_bit_4_4.dqdimacs,24,7
./benchmark_tests/afterhqspre/PEC1/pec_adder_3_bit_4_50.dqdimacs,0,29
./benchmark_tests/afterhqspre/PEC1/pec_adder_3_bit_4_50.dqdimacs,30,7
./benchmark_tests/afterhqspre/PEC1/pec_adder_3_bit_4_50.dqdimacs,33,7
./benchmark_tests/afterhqspre/PEC1/pec_adder_3_bit_4_50.dqdimacs,34,7
./benchmark_tests/afterhqspre/PEC1/pec_adder_3_bit_4_50.dqdimacs,35,7
./benchmark_tests/afterhqspre/PEC1/pec_adder_3_bit_4_51.dqdimacs,0,28
./benchmark_tests/afterhqspre/PEC1/pec_adder_3_bit_4_51.dqdimacs,23,7
./benchmark_tests/afterhqspre/PEC1/pec_adder_3_bit_4_51.dqdimacs,30,7
./benchmark_tests/afterhqspre/PEC1/pec_adder_3_bit_4_51.dqdimacs,31,7
./benchmark_tests/afterhqspre/PEC1/pec_adder_3_bit_4_51.dqdimacs,32,7
./benchmark_tests/afterhqspre/PEC1/pec_adder_3_bit_4_52.dqdimacs,0,27
./benchmark_tests/afterhqspre/PEC1/pec_adder_3_bit_4_52.dqdimacs,18,7
./benchmark_tests/afterhqspre/PEC1/pec_adder_3_bit_4_52.dqdimacs,23,7
./benchmark_tests/afterhqspre/PEC1/pec_adder_3_bit_4_52.dqdimacs,25,7
./benchmark_tests/afterhqspre/PEC1/pec_adder_3_bit_4_52.dqdimacs,26,7
./benchmark_tests/afterhqspre/PEC1/pec_adder_3_bit_4_53.dqdimacs,0,35
./benchmark_tests/afterhqspre/PEC1/pec_adder_3_bit_4_53.dqdimacs,26,8
./benchmark_tests/afterhqspre/PEC1/pec_adder_3_bit_4_53.dqdimacs,31,8
./benchmark_tests/afterhqspre/PEC1/pec_adder_3_bit_4_53.dqdimacs,32,8
./benchmark_tests/afterhqspre/PEC1/pec_adder_3_bit_4_54.dqdimacs,0,26
./benchmark_tests/afterhqspre/PEC1/pec_adder_3_bit_4_54.dqdimacs,24,8
./benchmark_tests/afterhqspre/PEC1/pec_adder_3_bit_4_54.dqdimacs,27,8
./benchmark_tests/afterhqspre/PEC1/pec_adder_3_bit_4_54.dqdimacs,28,8
./benchmark_tests/afterhqspre/PEC1/pec_adder_3_bit_4_55.dqdimacs,0,28
./benchmark_tests/afterhqspre/PEC1/pec_adder_3_bit_4_55.dqdimacs,19,8
./benchmark_tests/afterhqspre/PEC1/pec_adder_3_bit_4_55.dqdimacs,24,9
./benchmark_tests/afterhqspre/PEC1/pec_adder_3_bit_4_55.dqdimacs,25,9
./benchmark_tests/afterhqspre/PEC1/pec_adder_3_bit_4_56.dqdimacs,0,28
./benchmark_tests/afterhqspre/PEC1/pec_adder_3_bit_4_56.dqdimacs,26,8
./benchmark_tests/afterhqspre/PEC1/pec_adder_3_bit_4_56.dqdimacs,27,8
./benchmark_tests/afterhqspre/PEC1/pec_adder_3_bit_4_56.dqdimacs,28,8
./benchmark_tests/afterhqspre/PEC1/pec_adder_3_bit_4_56.dqdimacs,29,8
./benchmark_tests/afterhqspre/PEC1/pec_adder_3_bit_4_57.dqdimacs,0,28
./benchmark_tests/afterhqspre/PEC1/pec_adder_3_bit_4_57.dqdimacs,26,8
./benchmark_tests/afterhqspre/PEC1/pec_adder_3_bit_4_57.dqdimacs,29,8
./benchmark_tests/afterhqspre/PEC1/pec_adder_3_bit_4_57.dqdimacs,31,7
./benchmark_tests/afterhqspre/PEC1/pec_adder_3_bit_4_57.dqdimacs,32,8
./benchmark_tests/afterhqspre/PEC1/pec_adder_3_bit_4_58.dqdimacs,0,28
./benchmark_tests/afterhqspre/PEC1/pec_adder_3_bit_4_58.dqdimacs,25,7
./benchmark_tests/afterhqspre/PEC1/pec_adder_3_bit_4_58.dqdimacs,28,7
./benchmark_tests/afterhqspre/PEC1/pec_adder_3_bit_4_58.dqdimacs,29,7
./benchmark_tests/afterhqspre/PEC1/pec_adder_3_bit_4_58.dqdimacs,30,7
./benchmark_tests/afterhqspre/PEC1/pec_adder_3_bit_4_59.dqdimacs,0,27
./benchmark_tests/afterhqspre/PEC1/pec_adder_3_bit_4_59.dqdimacs,23,7
./benchmark_tests/afterhqspre/PEC1/pec_adder_3_bit_4_59.dqdimacs,28,7
./benchmark_tests/afterhqspre/PEC1/pec_adder_3_bit_4_59.dqdimacs,29,7
./benchmark_tests/afterhqspre/PEC1/pec_adder_3_bit_4_60.dqdimacs,0,26
./benchmark_tests/afterhqspre/PEC1/pec_adder_3_bit_4_60.dqdimacs,19,7
./benchmark_tests/afterhqspre/PEC1/pec_adder_3_bit_4_60.dqdimacs,20,8
./benchmark_tests/afterhqspre/PEC1/pec_adder_3_bit_4_60.dqdimacs,25,7
./benchmark_tests/afterhqspre/PEC1/pec_adder_3_bit_4_61.dqdimacs,0,30
./benchmark_tests/afterhqspre/PEC1/pec_adder_3_bit_4_61.dqdimacs,15,7
./benchmark_tests/afterhqspre/PEC1/pec_adder_3_bit_4_61.dqdimacs,28,7
./benchmark_tests/afterhqspre/PEC1/pec_adder_3_bit_4_61.dqdimacs,29,7
./benchmark_tests/afterhqspre/PEC1/pec_adder_3_bit_4_61.dqdimacs,30,7
./benchmark_tests/afterhqspre/PEC1/pec_adder_3_bit_4_62.dqdimacs,0,26
./benchmark_tests/afterhqspre/PEC1/pec_adder_3_bit_4_62.dqdimacs,19,7
./benchmark_tests/afterhqspre/PEC1/pec_adder_3_bit_4_62.dqdimacs,24,7
./benchmark_tests/afterhqspre/PEC1/pec_adder_3_bit_4_62.dqdimacs,25,7
./benchmark_tests/afterhqspre/PEC1/pec_adder_3_bit_4_62.dqdimacs,28,7
./benchmark_tests/afterhqspre/PEC1/pec_adder_3_bit_4_63.dqdimacs,0,28
./benchmark_tests/afterhqspre/PEC1/pec_adder_3_bit_4_63.dqdimacs,22,7
./benchmark_tests/afterhqspre/PEC1/pec_adder_3_bit_4_63.dqdimacs,27,7
./benchmark_tests/afterhqspre/PEC1/pec_adder_3_bit_4_63.dqdimacs,28,7
./benchmark_tests/afterhqspre/PEC1/pec_adder_3_bit_4_64.dqdimacs,0,28
./benchmark_tests/afterhqspre/PEC1/pec_adder_3_bit_4_64.dqdimacs,27,8
./benchmark_tests/afterhqspre/PEC1/pec_adder_3_bit_4_64.dqdimacs,28,8
./benchmark_tests/afterhqspre/PEC1/pec_adder_3_bit_4_64.dqdimacs,29,8
./benchmark_tests/afterhqspre/PEC1/pec_adder_3_bit_4_65.dqdimacs,0,33
./benchmark_tests/afterhqspre/PEC1/pec_adder_3_bit_4_65.dqdimacs,16,7
./benchmark_tests/afterhqspre/PEC1/pec_adder_3_bit_4_65.dqdimacs,19,7
./benchmark_tests/afterhqspre/PEC1/pec_adder_3_bit_4_65.dqdimacs,23,7
./benchmark_tests/afterhqspre/PEC1/pec_adder_3_bit_4_65.dqdimacs,26,7
./benchmark_tests/afterhqspre/PEC1/pec_adder_3_bit_4_66.dqdimacs,0,33
./benchmark_tests/afterhqspre/PEC1/pec_adder_3_bit_4_66.dqdimacs,29,7
./benchmark_tests/afterhqspre/PEC1/pec_adder_3_bit_4_66.dqdimacs,36,7
./benchmark_tests/afterhqspre/PEC1/pec_adder_3_bit_4_66.dqdimacs,37,7
./benchmark_tests/afterhqspre/PEC1/pec_adder_3_bit_4_66.dqdimacs,38,7
./benchmark_tests/afterhqspre/PEC1/pec_adder_3_bit_4_67.dqdimacs,0,34
./benchmark_tests/afterhqspre/PEC1/pec_adder_3_bit_4_67.dqdimacs,27,7
./benchmark_tests/afterhqspre/PEC1/pec_adder_3_bit_4_67.dqdimacs,28,7
./benchmark_tests/afterhqspre/PEC1/pec_adder_3_bit_4_67.dqdimacs,35,7
./benchmark_tests/afterhqspre/PEC1/pec_adder_3_bit_4_68.dqdimacs,0,28
./benchmark_tests/afterhqspre/PEC1/pec_adder_3_bit_4_68.dqdimacs,23,7
./benchmark_tests/afterhqspre/PEC1/pec_adder_3_bit_4_68.dqdimacs,32,7
./benchmark_tests/afterhqspre/PEC1/pec_adder_3_bit_4_68.dqdimacs,35,7
./benchmark_tests/afterhqspre/PEC1/pec_adder_3_bit_4_68.dqdimacs,36,7
./benchmark_tests/afterhqspre/PEC1/pec_adder_3_bit_4_69.dqdimacs,0,453
./benchmark_tests/afterhqspre/PEC1/pec_adder_3_bit_4_69.dqdimacs,10,8
./benchmark_tests/afterhqspre/PEC1/pec_adder_3_bit_4_69.dqdimacs,13,8
./benchmark_tests/afterhqspre/PEC1/pec_adder_3_bit_4_69.dqdimacs,24,7
./benchmark_tests/afterhqspre/PEC1/pec_adder_3_bit_4_69.dqdimacs,29,7
./benchmark_tests/afterhqspre/PEC1/pec_adder_3_bit_4_69.dqdimacs,31,7
./benchmark_tests/afterhqspre/PEC1/pec_adder_3_bit_4_69.dqdimacs,34,7
./benchmark_tests/afterhqspre/PEC1/pec_adder_3_bit_4_69.dqdimacs,38,7
./benchmark_tests/afterhqspre/PEC1/pec_adder_3_bit_4_69.dqdimacs,39,7
./benchmark_tests/afterhqspre/PEC1/pec_adder_3_bit_4_69.dqdimacs,45,7
./benchmark_tests/afterhqspre/PEC1/pec_adder_3_bit_4_69.dqdimacs,62,7
./benchmark_tests/afterhqspre/PEC1/pec_adder_3_bit_4_6.dqdimacs,0,27
./benchmark_tests/afterhqspre/PEC1/pec_adder_3_bit_4_6.dqdimacs,21,8
./benchmark_tests/afterhqspre/PEC1/pec_adder_3_bit_4_6.dqdimacs,24,7
./benchmark_tests/afterhqspre/PEC1/pec_adder_3_bit_4_6.dqdimacs,29,7
./benchmark_tests/afterhqspre/PEC1/pec_adder_3_bit_4_70.dqdimacs,0,28
./benchmark_tests/afterhqspre/PEC1/pec_adder_3_bit_4_70.dqdimacs,27,8
./benchmark_tests/afterhqspre/PEC1/pec_adder_3_bit_4_70.dqdimacs,28,7
./benchmark_tests/afterhqspre/PEC1/pec_adder_3_bit_4_70.dqdimacs,33,7
./benchmark_tests/afterhqspre/PEC1/pec_adder_3_bit_4_70.dqdimacs,34,7
./benchmark_tests/afterhqspre/PEC1/pec_adder_3_bit_4_71.dqdimacs,0,29
./benchmark_tests/afterhqspre/PEC1/pec_adder_3_bit_4_71.dqdimacs,24,8
./benchmark_tests/afterhqspre/PEC1/pec_adder_3_bit_4_71.dqdimacs,27,7
./benchmark_tests/afterhqspre/PEC1/pec_adder_3_bit_4_71.dqdimacs,30,7
./benchmark_tests/afterhqspre/PEC1/pec_adder_3_bit_4_71.dqdimacs,31,7
./benchmark_tests/afterhqspre/PEC1/pec_adder_3_bit_4_72.dqdimacs,0,29
./benchmark_tests/afterhqspre/PEC1/pec_adder_3_bit_4_72.dqdimacs,30,8
./benchmark_tests/afterhqspre/PEC1/pec_adder_3_bit_4_72.dqdimacs,31,7
./benchmark_tests/afterhqspre/PEC1/pec_adder_3_bit_4_72.dqdimacs,32,7
./benchmark_tests/afterhqspre/PEC1/pec_adder_3_bit_4_73.dqdimacs,0,32
./benchmark_tests/afterhqspre/PEC1/pec_adder_3_bit_4_73.dqdimacs,24,7
./benchmark_tests/afterhqspre/PEC1/pec_adder_3_bit_4_73.dqdimacs,29,7
./benchmark_tests/afterhqspre/PEC1/pec_adder_3_bit_4_73.dqdimacs,30,7
./benchmark_tests/afterhqspre/PEC1/pec_adder_3_bit_4_74.dqdimacs,0,29
./benchmark_tests/afterhqspre/PEC1/pec_adder_3_bit_4_74.dqdimacs,28,8
./benchmark_tests/afterhqspre/PEC1/pec_adder_3_bit_4_74.dqdimacs,35,8
./benchmark_tests/afterhqspre/PEC1/pec_adder_3_bit_4_74.dqdimacs,36,7
./benchmark_tests/afterhqspre/PEC1/pec_adder_3_bit_4_75.dqdimacs,0,32
./benchmark_tests/afterhqspre/PEC1/pec_adder_3_bit_4_75.dqdimacs,15,8
./benchmark_tests/afterhqspre/PEC1/pec_adder_3_bit_4_75.dqdimacs,26,8
./benchmark_tests/afterhqspre/PEC1/pec_adder_3_bit_4_75.dqdimacs,31,8
./benchmark_tests/afterhqspre/PEC1/pec_adder_3_bit_4_75.dqdimacs,32,8
./benchmark_tests/afterhqspre/PEC1/pec_adder_3_bit_4_76.dqdimacs,0,35
./benchmark_tests/afterhqspre/PEC1/pec_adder_3_bit_4_76.dqdimacs,27,7
./benchmark_tests/afterhqspre/PEC1/pec_adder_3_bit_4_76.dqdimacs,28,7
./benchmark_tests/afterhqspre/PEC1/pec_adder_3_bit_4_76.dqdimacs,29,7
./benchmark_tests/afterhqspre/PEC1/pec_adder_3_bit_4_77.dqdimacs,0,28
./benchmark_tests/afterhqspre/PEC1/pec_adder_3_bit_4_77.dqdimacs,19,8
./benchmark_tests/afterhqspre/PEC1/pec_adder_3_bit_4_77.dqdimacs,32,7
./benchmark_tests/afterhqspre/PEC1/pec_adder_3_bit_4_77.dqdimacs,33,7
./benchmark_tests/afterhqspre/PEC1/pec_adder_3_bit_4_77.dqdimacs,34,7
./benchmark_tests/afterhqspre/PEC1/pec_adder_3_bit_4_78.dqdimacs,0,27
./benchmark_tests/afterhqspre/PEC1/pec_adder_3_bit_4_78.dqdimacs,18,8
./benchmark_tests/afterhqspre/PEC1/pec_adder_3_bit_4_78.dqdimacs,23,7
./benchmark_tests/afterhqspre/PEC1/pec_adder_3_bit_4_78.dqdimacs,28,7
./benchmark_tests/afterhqspre/PEC1/pec_adder_3_bit_4_79.dqdimacs,0,27
./benchmark_tests/afterhqspre/PEC1/pec_adder_3_bit_4_79.dqdimacs,19,8
./benchmark_tests/afterhqspre/PEC1/pec_adder_3_bit_4_79.dqdimacs,20,9
./benchmark_tests/afterhqspre/PEC1/pec_adder_3_bit_4_79.dqdimacs,25,8
./benchmark_tests/afterhqspre/PEC1/pec_adder_3_bit_4_79.dqdimacs,26,9
./benchmark_tests/afterhqspre/PEC1/pec_adder_3_bit_4_7.dqdimacs,0,29
./benchmark_tests/afterhqspre/PEC1/pec_adder_3_bit_4_7.dqdimacs,18,8
./benchmark_tests/afterhqspre/PEC1/pec_adder_3_bit_4_7.dqdimacs,21,8
./benchmark_tests/afterhqspre/PEC1/pec_adder_3_bit_4_7.dqdimacs,24,7
./benchmark_tests/afterhqspre/PEC1/pec_adder_3_bit_4_7.dqdimacs,29,7
./benchmark_tests/afterhqspre/PEC1/pec_adder_3_bit_4_80.dqdimacs,0,39
./benchmark_tests/afterhqspre/PEC1/pec_adder_3_bit_4_80.dqdimacs,26,11
./benchmark_tests/afterhqspre/PEC1/pec_adder_3_bit_4_80.dqdimacs,29,13
./benchmark_tests/afterhqspre/PEC1/pec_adder_3_bit_4_80.dqdimacs,30,9
./benchmark_tests/afterhqspre/PEC1/pec_adder_3_bit_4_81.dqdimacs,0,34
./benchmark_tests/afterhqspre/PEC1/pec_adder_3_bit_4_81.dqdimacs,32,8
./benchmark_tests/afterhqspre/PEC1/pec_adder_3_bit_4_81.dqdimacs,33,9
./benchmark_tests/afterhqspre/PEC1/pec_adder_3_bit_4_81.dqdimacs,34,9
./benchmark_tests/afterhqspre/PEC1/pec_adder_3_bit_4_82.dqdimacs,0,29
./benchmark_tests/afterhqspre/PEC1/pec_adder_3_bit_4_82.dqdimacs,22,8
./benchmark_tests/afterhqspre/PEC1/pec_adder_3_bit_4_82.dqdimacs,25,8
./benchmark_tests/afterhqspre/PEC1/pec_adder_3_bit_4_82.dqdimacs,26,8
./benchmark_tests/afterhqspre/PEC1/pec_adder_3_bit_4_83.dqdimacs,0,26
./benchmark_tests/afterhqspre/PEC1/pec_adder_3_bit_4_83.dqdimacs,20,8
./benchmark_tests/afterhqspre/PEC1/pec_adder_3_bit_4_83.dqdimacs,21,7
./benchmark_tests/afterhqspre/PEC1/pec_adder_3_bit_4_83.dqdimacs,22,8
./benchmark_tests/afterhqspre/PEC1/pec_adder_3_bit_4_83.dqdimacs,25,8
./benchmark_tests/afterhqspre/PEC1/pec_adder_3_bit_4_84.dqdimacs,0,29
./benchmark_tests/afterhqspre/PEC1/pec_adder_3_bit_4_84.dqdimacs,26,8
./benchmark_tests/afterhqspre/PEC1/pec_adder_3_bit_4_84.dqdimacs,31,8
./benchmark_tests/afterhqspre/PEC1/pec_adder_3_bit_4_84.dqdimacs,36,7
./benchmark_tests/afterhqspre/PEC1/pec_adder_3_bit_4_85.dqdimacs,0,31
./benchmark_tests/afterhqspre/PEC1/pec_adder_3_bit_4_85.dqdimacs,24,8
./benchmark_tests/afterhqspre/PEC1/pec_adder_3_bit_4_85.dqdimacs,33,8
./benchmark_tests/afterhqspre/PEC1/pec_adder_3_bit_4_85.dqdimacs,34,8
./benchmark_tests/afterhqspre/PEC1/pec_adder_3_bit_4_85.dqdimacs,35,8
./benchmark_tests/afterhqspre/PEC1/pec_adder_3_bit_4_86.dqdimacs,0,31
./benchmark_tests/afterhqspre/PEC1/pec_adder_3_bit_4_86.dqdimacs,19,8
./benchmark_tests/afterhqspre/PEC1/pec_adder_3_bit_4_86.dqdimacs,22,8
./benchmark_tests/afterhqspre/PEC1/pec_adder_3_bit_4_86.dqdimacs,23,8
./benchmark_tests/afterhqspre/PEC1/pec_adder_3_bit_4_87.dqdimacs,0,32
./benchmark_tests/afterhqspre/PEC1/pec_adder_3_bit_4_87.dqdimacs,32,8
./benchmark_tests/afterhqspre/PEC1/pec_adder_3_bit_4_87.dqdimacs,37,8
./benchmark_tests/afterhqspre/PEC1/pec_adder_3_bit_4_87.dqdimacs,38,8
./benchmark_tests/afterhqspre/PEC1/pec_adder_3_bit_4_87.dqdimacs,39,8
./benchmark_tests/afterhqspre/PEC1/pec_adder_3_bit_4_88.dqdimacs,0,28
./benchmark_tests/afterhqspre/PEC1/pec_adder_3_bit_4_88.dqdimacs,19,8
./benchmark_tests/afterhqspre/PEC1/pec_adder_3_bit_4_88.dqdimacs,20,8
./benchmark_tests/afterhqspre/PEC1/pec_adder_3_bit_4_88.dqdimacs,25,7
./benchmark_tests/afterhqspre/PEC1/pec_adder_3_bit_4_88.dqdimacs,26,7
./benchmark_tests/afterhqspre/PEC1/pec_adder_3_bit_4_89.dqdimacs,0,28
./benchmark_tests/afterhqspre/PEC1/pec_adder_3_bit_4_89.dqdimacs,17,8
./benchmark_tests/afterhqspre/PEC1/pec_adder_3_bit_4_89.dqdimacs,20,8
./benchmark_tests/afterhqspre/PEC1/pec_adder_3_bit_4_89.dqdimacs,23,7
./benchmark_tests/afterhqspre/PEC1/pec_adder_3_bit_4_8.dqdimacs,0,28
./benchmark_tests/afterhqspre/PEC1/pec_adder_3_bit_4_8.dqdimacs,23,7
./benchmark_tests/afterhqspre/PEC1/pec_adder_3_bit_4_8.dqdimacs,26,7
./benchmark_tests/afterhqspre/PEC1/pec_adder_3_bit_4_8.dqdimacs,27,7
./benchmark_tests/afterhqspre/PEC1/pec_adder_3_bit_4_90.dqdimacs,0,26
./benchmark_tests/afterhqspre/PEC1/pec_adder_3_bit_4_90.dqdimacs,22,7
./benchmark_tests/afterhqspre/PEC1/pec_adder_3_bit_4_90.dqdimacs,25,7
./benchmark_tests/afterhqspre/PEC1/pec_adder_3_bit_4_90.dqdimacs,26,7
./benchmark_tests/afterhqspre/PEC1/pec_adder_3_bit_4_90.dqdimacs,28,7
./benchmark_tests/afterhqspre/PEC1/pec_adder_3_bit_4_91.dqdimacs,0,26
./benchmark_tests/afterhqspre/PEC1/pec_adder_3_bit_4_91.dqdimacs,15,7
./benchmark_tests/afterhqspre/PEC1/pec_adder_3_bit_4_91.dqdimacs,16,7
./benchmark_tests/afterhqspre/PEC1/pec_adder_3_bit_4_91.dqdimacs,17,7
./benchmark_tests/afterhqspre/PEC1/pec_adder_3_bit_4_91.dqdimacs,18,7
./benchmark_tests/afterhqspre/PEC1/pec_adder_3_bit_4_92.dqdimacs,0,30
./benchmark_tests/afterhqspre/PEC1/pec_adder_3_bit_4_92.dqdimacs,15,7
./benchmark_tests/afterhqspre/PEC1/pec_adder_3_bit_4_92.dqdimacs,18,7
./benchmark_tests/afterhqspre/PEC1/pec_adder_3_bit_4_92.dqdimacs,23,7
./benchmark_tests/afterhqspre/PEC1/pec_adder_3_bit_4_92.dqdimacs,26,7
./benchmark_tests/afterhqspre/PEC1/pec_adder_3_bit_4_93.dqdimacs,0,32
./benchmark_tests/afterhqspre/PEC1/pec_adder_3_bit_4_93.dqdimacs,22,7
./benchmark_tests/afterhqspre/PEC1/pec_adder_3_bit_4_93.dqdimacs,27,7
./benchmark_tests/afterhqspre/PEC1/pec_adder_3_bit_4_93.dqdimacs,28,7
./benchmark_tests/afterhqspre/PEC1/pec_adder_3_bit_4_93.dqdimacs,31,7
./benchmark_tests/afterhqspre/PEC1/pec_adder_3_bit_4_94.dqdimacs,0,29
./benchmark_tests/afterhqspre/PEC1/pec_adder_3_bit_4_94.dqdimacs,19,7
./benchmark_tests/afterhqspre/PEC1/pec_adder_3_bit_4_94.dqdimacs,28,7
./benchmark_tests/afterhqspre/PEC1/pec_adder_3_bit_4_94.dqdimacs,31,7
./benchmark_tests/afterhqspre/PEC1/pec_adder_3_bit_4_94.dqdimacs,32,7
./benchmark_tests/afterhqspre/PEC1/pec_adder_3_bit_4_96.dqdimacs,0,34
./benchmark_tests/afterhqspre/PEC1/pec_adder_3_bit_4_96.dqdimacs,24,7
./benchmark_tests/afterhqspre/PEC1/pec_adder_3_bit_4_96.dqdimacs,29,7
./benchmark_tests/afterhqspre/PEC1/pec_adder_3_bit_4_96.dqdimacs,31,7
./benchmark_tests/afterhqspre/PEC1/pec_adder_3_bit_4_98.dqdimacs,0,27
./benchmark_tests/afterhqspre/PEC1/pec_adder_3_bit_4_98.dqdimacs,20,7
./benchmark_tests/afterhqspre/PEC1/pec_adder_3_bit_4_98.dqdimacs,23,7
./benchmark_tests/afterhqspre/PEC1/pec_adder_3_bit_4_98.dqdimacs,27,7
./benchmark_tests/afterhqspre/PEC1/pec_adder_3_bit_4_99.dqdimacs,0,26
./benchmark_tests/afterhqspre/PEC1/pec_adder_3_bit_4_99.dqdimacs,19,7
./benchmark_tests/afterhqspre/PEC1/pec_adder_3_bit_4_99.dqdimacs,24,7
./benchmark_tests/afterhqspre/PEC1/pec_adder_3_bit_4_99.dqdimacs,27,7
./benchmark_tests/afterhqspre/PEC1/pec_adder_3_bit_4_99.dqdimacs,28,7
./benchmark_tests/afterhqspre/PEC1/pec_adder_3_bit_4_9.dqdimacs,0,35
./benchmark_tests/afterhqspre/PEC1/pec_adder_3_bit_4_9.dqdimacs,26,8
./benchmark_tests/afterhqspre/PEC1/pec_adder_3_bit_4_9.dqdimacs,27,7
./benchmark_tests/afterhqspre/PEC1/pec_adder_3_bit_4_9.dqdimacs,28,7
./benchmark_tests/afterhqspre/PEC1/pec_adder_3_bit_4_9.dqdimacs,29,7
./benchmark_tests/afterhqspre/PEC1/pec_adder_3_bit_6_0.dqdimacs,0,37
./benchmark_tests/afterhqspre/PEC1/pec_adder_3_bit_6_0.dqdimacs,21,8
./benchmark_tests/afterhqspre/PEC1/pec_adder_3_bit_6_0.dqdimacs,22,8
./benchmark_tests/afterhqspre/PEC1/pec_adder_3_bit_6_0.dqdimacs,31,8
./benchmark_tests/afterhqspre/PEC1/pec_adder_3_bit_6_0.dqdimacs,34,8
./benchmark_tests/afterhqspre/PEC1/pec_adder_3_bit_6_0.dqdimacs,35,8
./benchmark_tests/afterhqspre/PEC1/pec_adder_3_bit_6_0.dqdimacs,36,8
./benchmark_tests/afterhqspre/PEC1/pec_adder_3_bit_6_10.dqdimacs,0,35
./benchmark_tests/afterhqspre/PEC1/pec_adder_3_bit_6_10.dqdimacs,18,8
./benchmark_tests/afterhqspre/PEC1/pec_adder_3_bit_6_10.dqdimacs,25,7
./benchmark_tests/afterhqspre/PEC1/pec_adder_3_bit_6_10.dqdimacs,28,7
./benchmark_tests/afterhqspre/PEC1/pec_adder_3_bit_6_10.dqdimacs,31,7
./benchmark_tests/afterhqspre/PEC1/pec_adder_3_bit_6_10.dqdimacs,32,7
./benchmark_tests/afterhqspre/PEC1/pec_adder_3_bit_6_10.dqdimacs,33,8
./benchmark_tests/afterhqspre/PEC1/pec_adder_3_bit_6_11.dqdimacs,0,31
./benchmark_tests/afterhqspre/PEC1/pec_adder_3_bit_6_11.dqdimacs,18,7
./benchmark_tests/afterhqspre/PEC1/pec_adder_3_bit_6_11.dqdimacs,21,7
./benchmark_tests/afterhqspre/PEC1/pec_adder_3_bit_6_11.dqdimacs,23,7
./benchmark_tests/afterhqspre/PEC1/pec_adder_3_bit_6_11.dqdimacs,24,7
./benchmark_tests/afterhqspre/PEC1/pec_adder_3_bit_6_11.dqdimacs,25,7
./benchmark_tests/afterhqspre/PEC1/pec_adder_3_bit_6_12.dqdimacs,0,39
./benchmark_tests/afterhqspre/PEC1/pec_adder_3_bit_6_12.dqdimacs,29,8
./benchmark_tests/afterhqspre/PEC1/pec_adder_3_bit_6_12.dqdimacs,36,7
./benchmark_tests/afterhqspre/PEC1/pec_adder_3_bit_6_12.dqdimacs,39,7
./benchmark_tests/afterhqspre/PEC1/pec_adder_3_bit_6_12.dqdimacs,40,8
./benchmark_tests/afterhqspre/PEC1/pec_adder_3_bit_6_12.dqdimacs,41,8
./benchmark_tests/afterhqspre/PEC1/pec_adder_3_bit_6_13.dqdimacs,0,31
./benchmark_tests/afterhqspre/PEC1/pec_adder_3_bit_6_13.dqdimacs,20,8
./benchmark_tests/afterhqspre/PEC1/pec_adder_3_bit_6_13.dqdimacs,23,7
./benchmark_tests/afterhqspre/PEC1/pec_adder_3_bit_6_13.dqdimacs,28,7
./benchmark_tests/afterhqspre/PEC1/pec_adder_3_bit_6_13.dqdimacs,31,7
./benchmark_tests/afterhqspre/PEC1/pec_adder_3_bit_6_13.dqdimacs,32,7
./benchmark_tests/afterhqspre/PEC1/pec_adder_3_bit_6_14.dqdimacs,0,27
./benchmark_tests/afterhqspre/PEC1/pec_adder_3_bit_6_14.dqdimacs,17,8
./benchmark_tests/afterhqspre/PEC1/pec_adder_3_bit_6_14.dqdimacs,18,8
./benchmark_tests/afterhqspre/PEC1/pec_adder_3_bit_6_14.dqdimacs,19,7
./benchmark_tests/afterhqspre/PEC1/pec_adder_3_bit_6_14.dqdimacs,26,7
./benchmark_tests/afterhqspre/PEC1/pec_adder_3_bit_6_14.dqdimacs,29,7
./benchmark_tests/afterhqspre/PEC1/pec_adder_3_bit_6_15.dqdimacs,0,31
./benchmark_tests/afterhqspre/PEC1/pec_adder_3_bit_6_15.dqdimacs,15,8
./benchmark_tests/afterhqspre/PEC1/pec_adder_3_bit_6_15.dqdimacs,26,8
./benchmark_tests/afterhqspre/PEC1/pec_adder_3_bit_6_15.dqdimacs,29,7
./benchmark_tests/afterhqspre/PEC1/pec_adder_3_bit_6_15.dqdimacs,32,7
./benchmark_tests/afterhqspre/PEC1/pec_adder_3_bit_6_15.dqdimacs,33,7
./benchmark_tests/afterhqspre/PEC1/pec_adder_3_bit_6_16.dqdimacs,0,29
./benchmark_tests/afterhqspre/PEC1/pec_adder_3_bit_6_16.dqdimacs,29,8
./benchmark_tests/afterhqspre/PEC1/pec_adder_3_bit_6_16.dqdimacs,32,8
./benchmark_tests/afterhqspre/PEC1/pec_adder_3_bit_6_16.dqdimacs,33,8
./benchmark_tests/afterhqspre/PEC1/pec_adder_3_bit_6_16.dqdimacs,34,7
./benchmark_tests/afterhqspre/PEC1/pec_adder_3_bit_6_16.dqdimacs,35,7
./benchmark_tests/afterhqspre/PEC1/pec_adder_3_bit_6_17.dqdimacs,0,32
./benchmark_tests/afterhqspre/PEC1/pec_adder_3_bit_6_17.dqdimacs,16,7
./benchmark_tests/afterhqspre/PEC1/pec_adder_3_bit_6_17.dqdimacs,19,7
./benchmark_tests/afterhqspre/PEC1/pec_adder_3_bit_6_17.dqdimacs,30,7
./benchmark_tests/afterhqspre/PEC1/pec_adder_3_bit_6_17.dqdimacs,31,7
./benchmark_tests/afterhqspre/PEC1/pec_adder_3_bit_6_17.dqdimacs,32,7
./benchmark_tests/afterhqspre/PEC1/pec_adder_3_bit_6_17.dqdimacs,33,7
./benchmark_tests/afterhqspre/PEC1/pec_adder_3_bit_6_18.dqdimacs,0,32
./benchmark_tests/afterhqspre/PEC1/pec_adder_3_bit_6_18.dqdimacs,19,8
./benchmark_tests/afterhqspre/PEC1/pec_adder_3_bit_6_18.dqdimacs,28,7
./benchmark_tests/afterhqspre/PEC1/pec_adder_3_bit_6_18.dqdimacs,35,7
./benchmark_tests/afterhqspre/PEC1/pec_adder_3_bit_6_18.dqdimacs,36,7
./benchmark_tests/afterhqspre/PEC1/pec_adder_3_bit_6_18.dqdimacs,37,7
./benchmark_tests/afterhqspre/PEC1/pec_adder_3_bit_6_19.dqdimacs,0,30
./benchmark_tests/afterhqspre/PEC1/pec_adder_3_bit_6_19.dqdimacs,17,7
./benchmark_tests/afterhqspre/PEC1/pec_adder_3_bit_6_19.dqdimacs,20,7
./benchmark_tests/afterhqspre/PEC1/pec_adder_3_bit_6_19.dqdimacs,21,7
./benchmark_tests/afterhqspre/PEC1/pec_adder_3_bit_6_19.dqdimacs,28,7
./benchmark_tests/afterhqspre/PEC1/pec_adder_3_bit_6_19.dqdimacs,29,7
./benchmark_tests/afterhqspre/PEC1/pec_adder_3_bit_6_19.dqdimacs,30,7
./benchmark_tests/afterhqspre/PEC1/pec_adder_3_bit_6_1.dqdimacs,0,30
./benchmark_tests/afterhqspre/PEC1/pec_adder_3_bit_6_1.dqdimacs,15,8
./benchmark_tests/afterhqspre/PEC1/pec_adder_3_bit_6_1.dqdimacs,18,7
./benchmark_tests/afterhqspre/PEC1/pec_adder_3_bit_6_1.dqdimacs,23,7
./benchmark_tests/afterhqspre/PEC1/pec_adder_3_bit_6_1.dqdimacs,28,7
./benchmark_tests/afterhqspre/PEC1/pec_adder_3_bit_6_1.dqdimacs,33,7
./benchmark_tests/afterhqspre/PEC1/pec_adder_3_bit_6_1.dqdimacs,34,7
./benchmark_tests/afterhqspre/PEC1/pec_adder_3_bit_6_20.dqdimacs,0,27
./benchmark_tests/afterhqspre/PEC1/pec_adder_3_bit_6_20.dqdimacs,20,7
./benchmark_tests/afterhqspre/PEC1/pec_adder_3_bit_6_20.dqdimacs,23,7
./benchmark_tests/afterhqspre/PEC1/pec_adder_3_bit_6_20.dqdimacs,26,7
./benchmark_tests/afterhqspre/PEC1/pec_adder_3_bit_6_20.dqdimacs,29,7
./benchmark_tests/afterhqspre/PEC1/pec_adder_3_bit_6_20.dqdimacs,32,7
./benchmark_tests/afterhqspre/PEC1/pec_adder_3_bit_6_20.dqdimacs,33,7
./benchmark_tests/afterhqspre/PEC1/pec_adder_3_bit_6_21.dqdimacs,0,29
./benchmark_tests/afterhqspre/PEC1/pec_adder_3_bit_6_21.dqdimacs,16,7
./benchmark_tests/afterhqspre/PEC1/pec_adder_3_bit_6_21.dqdimacs,19,7
./benchmark_tests/afterhqspre/PEC1/pec_adder_3_bit_6_21.dqdimacs,32,7
./benchmark_tests/afterhqspre/PEC1/pec_adder_3_bit_6_21.dqdimacs,33,7
./benchmark_tests/afterhqspre/PEC1/pec_adder_3_bit_6_21.dqdimacs,34,7
./benchmark_tests/afterhqspre/PEC1/pec_adder_3_bit_6_22.dqdimacs,0,28
./benchmark_tests/afterhqspre/PEC1/pec_adder_3_bit_6_22.dqdimacs,17,8
./benchmark_tests/afterhqspre/PEC1/pec_adder_3_bit_6_22.dqdimacs,22,7
./benchmark_tests/afterhqspre/PEC1/pec_adder_3_bit_6_22.dqdimacs,25,7
./benchmark_tests/afterhqspre/PEC1/pec_adder_3_bit_6_22.dqdimacs,30,7
./benchmark_tests/afterhqspre/PEC1/pec_adder_3_bit_6_22.dqdimacs,35,7
./benchmark_tests/afterhqspre/PEC1/pec_adder_3_bit_6_23.dqdimacs,0,28
./benchmark_tests/afterhqspre/PEC1/pec_adder_3_bit_6_23.dqdimacs,18,7
./benchmark_tests/afterhqspre/PEC1/pec_adder_3_bit_6_23.dqdimacs,23,7
./benchmark_tests/afterhqspre/PEC1/pec_adder_3_bit_6_23.dqdimacs,30,7
./benchmark_tests/afterhqspre/PEC1/pec_adder_3_bit_6_23.dqdimacs,31,7
./benchmark_tests/afterhqspre/PEC1/pec_adder_3_bit_6_23.dqdimacs,32,7
./benchmark_tests/afterhqspre/PEC1/pec_adder_3_bit_6_24.dqdimacs,0,30
./benchmark_tests/afterhqspre/PEC1/pec_adder_3_bit_6_24.dqdimacs,19,8
./benchmark_tests/afterhqspre/PEC1/pec_adder_3_bit_6_24.dqdimacs,24,7
./benchmark_tests/afterhqspre/PEC1/pec_adder_3_bit_6_24.dqdimacs,33,7
./benchmark_tests/afterhqspre/PEC1/pec_adder_3_bit_6_24.dqdimacs,36,7
./benchmark_tests/afterhqspre/PEC1/pec_adder_3_bit_6_24.dqdimacs,37,7
./benchmark_tests/afterhqspre/PEC1/pec_adder_3_bit_6_25.dqdimacs,0,27
./benchmark_tests/afterhqspre/PEC1/pec_adder_3_bit_6_25.dqdimacs,17,7
./benchmark_tests/afterhqspre/PEC1/pec_adder_3_bit_6_25.dqdimacs,18,7
./benchmark_tests/afterhqspre/PEC1/pec_adder_3_bit_6_25.dqdimacs,24,7
./benchmark_tests/afterhqspre/PEC1/pec_adder_3_bit_6_25.dqdimacs,27,7
./benchmark_tests/afterhqspre/PEC1/pec_adder_3_bit_6_25.dqdimacs,30,7
./benchmark_tests/afterhqspre/PEC1/pec_adder_3_bit_6_26.dqdimacs,0,36
./benchmark_tests/afterhqspre/PEC1/pec_adder_3_bit_6_26.dqdimacs,19,8
./benchmark_tests/afterhqspre/PEC1/pec_adder_3_bit_6_26.dqdimacs,26,7
./benchmark_tests/afterhqspre/PEC1/pec_adder_3_bit_6_26.dqdimacs,27,7
./benchmark_tests/afterhqspre/PEC1/pec_adder_3_bit_6_26.dqdimacs,30,7
./benchmark_tests/afterhqspre/PEC1/pec_adder_3_bit_6_26.dqdimacs,31,7
./benchmark_tests/afterhqspre/PEC1/pec_adder_3_bit_6_26.dqdimacs,32,7
./benchmark_tests/afterhqspre/PEC1/pec_adder_3_bit_6_27.dqdimacs,0,27
./benchmark_tests/afterhqspre/PEC1/pec_adder_3_bit_6_27.dqdimacs,19,7
./benchmark_tests/afterhqspre/PEC1/pec_adder_3_bit_6_27.dqdimacs,22,7
./benchmark_tests/afterhqspre/PEC1/pec_adder_3_bit_6_27.dqdimacs,25,7
./benchmark_tests/afterhqspre/PEC1/pec_adder_3_bit_6_27.dqdimacs,27,7
./benchmark_tests/afterhqspre/PEC1/pec_adder_3_bit_6_27.dqdimacs,30,7
./benchmark_tests/afterhqspre/PEC1/pec_adder_3_bit_6_28.dqdimacs,0,32
./benchmark_tests/afterhqspre/PEC1/pec_adder_3_bit_6_28.dqdimacs,19,8
./benchmark_tests/afterhqspre/PEC1/pec_adder_3_bit_6_28.dqdimacs,30,7
./benchmark_tests/afterhqspre/PEC1/pec_adder_3_bit_6_28.dqdimacs,31,8
./benchmark_tests/afterhqspre/PEC1/pec_adder_3_bit_6_28.dqdimacs,38,7
./benchmark_tests/afterhqspre/PEC1/pec_adder_3_bit_6_28.dqdimacs,39,7
./benchmark_tests/afterhqspre/PEC1/pec_adder_3_bit_6_28.dqdimacs,40,7
./benchmark_tests/afterhqspre/PEC1/pec_adder_3_bit_6_29.dqdimacs,0,36
./benchmark_tests/afterhqspre/PEC1/pec_adder_3_bit_6_29.dqdimacs,18,8
./benchmark_tests/afterhqspre/PEC1/pec_adder_3_bit_6_29.dqdimacs,25,8
./benchmark_tests/afterhqspre/PEC1/pec_adder_3_bit_6_29.dqdimacs,28,8
./benchmark_tests/afterhqspre/PEC1/pec_adder_3_bit_6_29.dqdimacs,31,8
./benchmark_tests/afterhqspre/PEC1/pec_adder_3_bit_6_29.dqdimacs,32,9
./benchmark_tests/afterhqspre/PEC1/pec_adder_3_bit_6_2.dqdimacs,0,33
./benchmark_tests/afterhqspre/PEC1/pec_adder_3_bit_6_2.dqdimacs,18,7
./benchmark_tests/afterhqspre/PEC1/pec_adder_3_bit_6_2.dqdimacs,21,7
./benchmark_tests/afterhqspre/PEC1/pec_adder_3_bit_6_2.dqdimacs,24,7
./benchmark_tests/afterhqspre/PEC1/pec_adder_3_bit_6_2.dqdimacs,25,7
./benchmark_tests/afterhqspre/PEC1/pec_adder_3_bit_6_2.dqdimacs,28,7
./benchmark_tests/afterhqspre/PEC1/pec_adder_3_bit_6_2.dqdimacs,29,7
./benchmark_tests/afterhqspre/PEC1/pec_adder_3_bit_6_30.dqdimacs,0,33
./benchmark_tests/afterhqspre/PEC1/pec_adder_3_bit_6_30.dqdimacs,16,8
./benchmark_tests/afterhqspre/PEC1/pec_adder_3_bit_6_30.dqdimacs,31,8
./benchmark_tests/afterhqspre/PEC1/pec_adder_3_bit_6_30.dqdimacs,32,8
./benchmark_tests/afterhqspre/PEC1/pec_adder_3_bit_6_30.dqdimacs,33,8
./benchmark_tests/afterhqspre/PEC1/pec_adder_3_bit_6_30.dqdimacs,34,8
./benchmark_tests/afterhqspre/PEC1/pec_adder_3_bit_6_31.dqdimacs,0,33
./benchmark_tests/afterhqspre/PEC1/pec_adder_3_bit_6_31.dqdimacs,15,8
./benchmark_tests/afterhqspre/PEC1/pec_adder_3_bit_6_31.dqdimacs,30,8
./benchmark_tests/afterhqspre/PEC1/pec_adder_3_bit_6_31.dqdimacs,31,8
./benchmark_tests/afterhqspre/PEC1/pec_adder_3_bit_6_31.dqdimacs,38,8
./benchmark_tests/afterhqspre/PEC1/pec_adder_3_bit_6_31.dqdimacs,39,8
./benchmark_tests/afterhqspre/PEC1/pec_adder_3_bit_6_31.dqdimacs,40,8
./benchmark_tests/afterhqspre/PEC1/pec_adder_3_bit_6_32.dqdimacs,0,32
./benchmark_tests/afterhqspre/PEC1/pec_adder_3_bit_6_32.dqdimacs,15,7
./benchmark_tests/afterhqspre/PEC1/pec_adder_3_bit_6_32.dqdimacs,16,8
./benchmark_tests/afterhqspre/PEC1/pec_adder_3_bit_6_32.dqdimacs,17,7
./benchmark_tests/afterhqspre/PEC1/pec_adder_3_bit_6_32.dqdimacs,20,7
./benchmark_tests/afterhqspre/PEC1/pec_adder_3_bit_6_32.dqdimacs,25,7
./benchmark_tests/afterhqspre/PEC1/pec_adder_3_bit_6_32.dqdimacs,28,8
./benchmark_tests/afterhqspre/PEC1/pec_adder_3_bit_6_33.dqdimacs,0,27
./benchmark_tests/afterhqspre/PEC1/pec_adder_3_bit_6_33.dqdimacs,19,7
./benchmark_tests/afterhqspre/PEC1/pec_adder_3_bit_6_33.dqdimacs,24,7
./benchmark_tests/afterhqspre/PEC1/pec_adder_3_bit_6_33.dqdimacs,25,7
./benchmark_tests/afterhqspre/PEC1/pec_adder_3_bit_6_33.dqdimacs,30,7
./benchmark_tests/afterhqspre/PEC1/pec_adder_3_bit_6_33.dqdimacs,31,7
./benchmark_tests/afterhqspre/PEC1/pec_adder_3_bit_6_34.dqdimacs,0,28
./benchmark_tests/afterhqspre/PEC1/pec_adder_3_bit_6_34.dqdimacs,16,7
./benchmark_tests/afterhqspre/PEC1/pec_adder_3_bit_6_34.dqdimacs,19,7
./benchmark_tests/afterhqspre/PEC1/pec_adder_3_bit_6_34.dqdimacs,20,7
./benchmark_tests/afterhqspre/PEC1/pec_adder_3_bit_6_34.dqdimacs,21,7
./benchmark_tests/afterhqspre/PEC1/pec_adder_3_bit_6_34.dqdimacs,25,7
./benchmark_tests/afterhqspre/PEC1/pec_adder_3_bit_6_34.dqdimacs,26,7
./benchmark_tests/afterhqspre/PEC1/pec_adder_3_bit_6_35.dqdimacs,0,32
./benchmark_tests/afterhqspre/PEC1/pec_adder_3_bit_6_35.dqdimacs,20,7
./benchmark_tests/afterhqspre/PEC1/pec_adder_3_bit_6_35.dqdimacs,23,7
./benchmark_tests/afterhqspre/PEC1/pec_adder_3_bit_6_35.dqdimacs,26,7
./benchmark_tests/afterhqspre/PEC1/pec_adder_3_bit_6_35.dqdimacs,31,7
./benchmark_tests/afterhqspre/PEC1/pec_adder_3_bit_6_35.dqdimacs,32,7
./benchmark_tests/afterhqspre/PEC1/pec_adder_3_bit_6_36.dqdimacs,0,38
./benchmark_tests/afterhqspre/PEC1/pec_adder_3_bit_6_36.dqdimacs,16,8
./benchmark_tests/afterhqspre/PEC1/pec_adder_3_bit_6_36.dqdimacs,19,7
./benchmark_tests/afterhqspre/PEC1/pec_adder_3_bit_6_36.dqdimacs,30,7
./benchmark_tests/afterhqspre/PEC1/pec_adder_3_bit_6_36.dqdimacs,31,7
./benchmark_tests/afterhqspre/PEC1/pec_adder_3_bit_6_36.dqdimacs,32,7
./benchmark_tests/afterhqspre/PEC1/pec_adder_3_bit_6_36.dqdimacs,33,7
./benchmark_tests/afterhqspre/PEC1/pec_adder_3_bit_6_37.dqdimacs,0,30
./benchmark_tests/afterhqspre/PEC1/pec_adder_3_bit_6_37.dqdimacs,16,7
./benchmark_tests/afterhqspre/PEC1/pec_adder_3_bit_6_37.dqdimacs,19,7
./benchmark_tests/afterhqspre/PEC1/pec_adder_3_bit_6_37.dqdimacs,20,7
./benchmark_tests/afterhqspre/PEC1/pec_adder_3_bit_6_37.dqdimacs,29,7
./benchmark_tests/afterhqspre/PEC1/pec_adder_3_bit_6_37.dqdimacs,32,7
./benchmark_tests/afterhqspre/PEC1/pec_adder_3_bit_6_37.dqdimacs,33,7
./benchmark_tests/afterhqspre/PEC1/pec_adder_3_bit_6_38.dqdimacs,0,26
./benchmark_tests/afterhqspre/PEC1/pec_adder_3_bit_6_38.dqdimacs,17,7
./benchmark_tests/afterhqspre/PEC1/pec_adder_3_bit_6_38.dqdimacs,18,7
./benchmark_tests/afterhqspre/PEC1/pec_adder_3_bit_6_38.dqdimacs,21,7
./benchmark_tests/afterhqspre/PEC1/pec_adder_3_bit_6_38.dqdimacs,24,7
./benchmark_tests/afterhqspre/PEC1/pec_adder_3_bit_6_38.dqdimacs,27,7
./benchmark_tests/afterhqspre/PEC1/pec_adder_3_bit_6_39.dqdimacs,0,27
./benchmark_tests/afterhqspre/PEC1/pec_adder_3_bit_6_39.dqdimacs,21,7
./benchmark_tests/afterhqspre/PEC1/pec_adder_3_bit_6_39.dqdimacs,24,7
./benchmark_tests/afterhqspre/PEC1/pec_adder_3_bit_6_39.dqdimacs,25,8
./benchmark_tests/afterhqspre/PEC1/pec_adder_3_bit_6_39.dqdimacs,28,7
./benchmark_tests/afterhqspre/PEC1/pec_adder_3_bit_6_39.dqdimacs,29,7
./benchmark_tests/afterhqspre/PEC1/pec_adder_3_bit_6_3.dqdimacs,0,30
./benchmark_tests/afterhqspre/PEC1/pec_adder_3_bit_6_3.dqdimacs,27,8
./benchmark_tests/afterhqspre/PEC1/pec_adder_3_bit_6_3.dqdimacs,32,7
./benchmark_tests/afterhqspre/PEC1/pec_adder_3_bit_6_3.dqdimacs,39,7
./benchmark_tests/afterhqspre/PEC1/pec_adder_3_bit_6_3.dqdimacs,42,8
./benchmark_tests/afterhqspre/PEC1/pec_adder_3_bit_6_3.dqdimacs,43,7
./benchmark_tests/afterhqspre/PEC1/pec_adder_3_bit_6_3.dqdimacs,44,7
./benchmark_tests/afterhqspre/PEC1/pec_adder_3_bit_6_40.dqdimacs,0,29
./benchmark_tests/afterhqspre/PEC1/pec_adder_3_bit_6_40.dqdimacs,19,8
./benchmark_tests/afterhqspre/PEC1/pec_adder_3_bit_6_40.dqdimacs,26,7
./benchmark_tests/afterhqspre/PEC1/pec_adder_3_bit_6_40.dqdimacs,29,7
./benchmark_tests/afterhqspre/PEC1/pec_adder_3_bit_6_40.dqdimacs,32,7
./benchmark_tests/afterhqspre/PEC1/pec_adder_3_bit_6_40.dqdimacs,33,7
./benchmark_tests/afterhqspre/PEC1/pec_adder_3_bit_6_41.dqdimacs,0,28
./benchmark_tests/afterhqspre/PEC1/pec_adder_3_bit_6_41.dqdimacs,19,7
./benchmark_tests/afterhqspre/PEC1/pec_adder_3_bit_6_41.dqdimacs,26,7
./benchmark_tests/afterhqspre/PEC1/pec_adder_3_bit_6_41.dqdimacs,27,7
./benchmark_tests/afterhqspre/PEC1/pec_adder_3_bit_6_41.dqdimacs,34,7
./benchmark_tests/afterhqspre/PEC1/pec_adder_3_bit_6_41.dqdimacs,35,7
./benchmark_tests/afterhqspre/PEC1/pec_adder_3_bit_6_41.dqdimacs,36,7
./benchmark_tests/afterhqspre/PEC1/pec_adder_3_bit_6_42.dqdimacs,0,34
./benchmark_tests/afterhqspre/PEC1/pec_adder_3_bit_6_42.dqdimacs,31,8
./benchmark_tests/afterhqspre/PEC1/pec_adder_3_bit_6_42.dqdimacs,32,8
./benchmark_tests/afterhqspre/PEC1/pec_adder_3_bit_6_42.dqdimacs,39,8
./benchmark_tests/afterhqspre/PEC1/pec_adder_3_bit_6_42.dqdimacs,40,7
./benchmark_tests/afterhqspre/PEC1/pec_adder_3_bit_6_42.dqdimacs,41,7
./benchmark_tests/afterhqspre/PEC1/pec_adder_3_bit_6_42.dqdimacs,42,7
./benchmark_tests/afterhqspre/PEC1/pec_adder_3_bit_6_43.dqdimacs,0,29
./benchmark_tests/afterhqspre/PEC1/pec_adder_3_bit_6_43.dqdimacs,27,7
./benchmark_tests/afterhqspre/PEC1/pec_adder_3_bit_6_43.dqdimacs,30,7
./benchmark_tests/afterhqspre/PEC1/pec_adder_3_bit_6_43.dqdimacs,33,7
./benchmark_tests/afterhqspre/PEC1/pec_adder_3_bit_6_43.dqdimacs,34,7
./benchmark_tests/afterhqspre/PEC1/pec_adder_3_bit_6_43.dqdimacs,35,9
./benchmark_tests/afterhqspre/PEC1/pec_adder_3_bit_6_44.dqdimacs,0,29
./benchmark_tests/afterhqspre/PEC1/pec_adder_3_bit_6_44.dqdimacs,15,7
./benchmark_tests/afterhqspre/PEC1/pec_adder_3_bit_6_44.dqdimacs,16,7
./benchmark_tests/afterhqspre/PEC1/pec_adder_3_bit_6_44.dqdimacs,19,7
./benchmark_tests/afterhqspre/PEC1/pec_adder_3_bit_6_44.dqdimacs,24,7
./benchmark_tests/afterhqspre/PEC1/pec_adder_3_bit_6_44.dqdimacs,27,7
./benchmark_tests/afterhqspre/PEC1/pec_adder_3_bit_6_45.dqdimacs,0,26
./benchmark_tests/afterhqspre/PEC1/pec_adder_3_bit_6_45.dqdimacs,18,7
./benchmark_tests/afterhqspre/PEC1/pec_adder_3_bit_6_45.dqdimacs,20,7
./benchmark_tests/afterhqspre/PEC1/pec_adder_3_bit_6_45.dqdimacs,25,7
./benchmark_tests/afterhqspre/PEC1/pec_adder_3_bit_6_45.dqdimacs,28,7
./benchmark_tests/afterhqspre/PEC1/pec_adder_3_bit_6_45.dqdimacs,31,7
./benchmark_tests/afterhqspre/PEC1/pec_adder_3_bit_6_46.dqdimacs,0,32
./benchmark_tests/afterhqspre/PEC1/pec_adder_3_bit_6_46.dqdimacs,19,8
./benchmark_tests/afterhqspre/PEC1/pec_adder_3_bit_6_46.dqdimacs,30,7
./benchmark_tests/afterhqspre/PEC1/pec_adder_3_bit_6_46.dqdimacs,35,7
./benchmark_tests/afterhqspre/PEC1/pec_adder_3_bit_6_46.dqdimacs,36,7
./benchmark_tests/afterhqspre/PEC1/pec_adder_3_bit_6_46.dqdimacs,37,7
./benchmark_tests/afterhqspre/PEC1/pec_adder_3_bit_6_47.dqdimacs,0,29
./benchmark_tests/afterhqspre/PEC1/pec_adder_3_bit_6_47.dqdimacs,16,8
./benchmark_tests/afterhqspre/PEC1/pec_adder_3_bit_6_47.dqdimacs,23,8
./benchmark_tests/afterhqspre/PEC1/pec_adder_3_bit_6_47.dqdimacs,28,8
./benchmark_tests/afterhqspre/PEC1/pec_adder_3_bit_6_47.dqdimacs,31,8
./benchmark_tests/afterhqspre/PEC1/pec_adder_3_bit_6_47.dqdimacs,34,8
./benchmark_tests/afterhqspre/PEC1/pec_adder_3_bit_6_47.dqdimacs,35,8
./benchmark_tests/afterhqspre/PEC1/pec_adder_3_bit_6_48.dqdimacs,0,40
./benchmark_tests/afterhqspre/PEC1/pec_adder_3_bit_6_48.dqdimacs,20,8
./benchmark_tests/afterhqspre/PEC1/pec_adder_3_bit_6_48.dqdimacs,23,7
./benchmark_tests/afterhqspre/PEC1/pec_adder_3_bit_6_48.dqdimacs,30,7
./benchmark_tests/afterhqspre/PEC1/pec_adder_3_bit_6_48.dqdimacs,35,8
./benchmark_tests/afterhqspre/PEC1/pec_adder_3_bit_6_48.dqdimacs,36,8
./benchmark_tests/afterhqspre/PEC1/pec_adder_3_bit_6_48.dqdimacs,37,8
./benchmark_tests/afterhqspre/PEC1/pec_adder_3_bit_6_49.dqdimacs,0,29
./benchmark_tests/afterhqspre/PEC1/pec_adder_3_bit_6_49.dqdimacs,18,7
./benchmark_tests/afterhqspre/PEC1/pec_adder_3_bit_6_49.dqdimacs,25,7
./benchmark_tests/afterhqspre/PEC1/pec_adder_3_bit_6_49.dqdimacs,30,7
./benchmark_tests/afterhqspre/PEC1/pec_adder_3_bit_6_49.dqdimacs,35,7
./benchmark_tests/afterhqspre/PEC1/pec_adder_3_bit_6_49.dqdimacs,36,7
./benchmark_tests/afterhqspre/PEC1/pec_adder_3_bit_6_49.dqdimacs,37,7
./benchmark_tests/afterhqspre/PEC1/pec_adder_3_bit_6_4.dqdimacs,0,28
./benchmark_tests/afterhqspre/PEC1/pec_adder_3_bit_6_4.dqdimacs,18,8
./benchmark_tests/afterhqspre/PEC1/pec_adder_3_bit_6_4.dqdimacs,23,7
./benchmark_tests/afterhqspre/PEC1/pec_adder_3_bit_6_4.dqdimacs,30,7
./benchmark_tests/afterhqspre/PEC1/pec_adder_3_bit_6_4.dqdimacs,33,7
./benchmark_tests/afterhqspre/PEC1/pec_adder_3_bit_6_4.dqdimacs,34,7
./benchmark_tests/afterhqspre/PEC1/pec_adder_3_bit_6_50.dqdimacs,0,32
./benchmark_tests/afterhqspre/PEC1/pec_adder_3_bit_6_50.dqdimacs,19,7
./benchmark_tests/afterhqspre/PEC1/pec_adder_3_bit_6_50.dqdimacs,22,7
./benchmark_tests/afterhqspre/PEC1/pec_adder_3_bit_6_50.dqdimacs,25,7
./benchmark_tests/afterhqspre/PEC1/pec_adder_3_bit_6_50.dqdimacs,26,7
./benchmark_tests/afterhqspre/PEC1/pec_adder_3_bit_6_50.dqdimacs,29,7
./benchmark_tests/afterhqspre/PEC1/pec_adder_3_bit_6_51.dqdimacs,0,30
./benchmark_tests/afterhqspre/PEC1/pec_adder_3_bit_6_51.dqdimacs,20,8
./benchmark_tests/afterhqspre/PEC1/pec_adder_3_bit_6_51.dqdimacs,25,8
./benchmark_tests/afterhqspre/PEC1/pec_adder_3_bit_6_51.dqdimacs,32,8
./benchmark_tests/afterhqspre/PEC1/pec_adder_3_bit_6_51.dqdimacs,34,8
./benchmark_tests/afterhqspre/PEC1/pec_adder_3_bit_6_51.dqdimacs,35,8
./benchmark_tests/afterhqspre/PEC1/pec_adder_3_bit_6_52.dqdimacs,0,32
./benchmark_tests/afterhqspre/PEC1/pec_adder_3_bit_6_52.dqdimacs,19,8
./benchmark_tests/afterhqspre/PEC1/pec_adder_3_bit_6_52.dqdimacs,22,8
./benchmark_tests/afterhqspre/PEC1/pec_adder_3_bit_6_52.dqdimacs,29,7
./benchmark_tests/afterhqspre/PEC1/pec_adder_3_bit_6_52.dqdimacs,33,7
./benchmark_tests/afterhqspre/PEC1/pec_adder_3_bit_6_52.dqdimacs,34,8
./benchmark_tests/afterhqspre/PEC1/pec_adder_3_bit_6_53.dqdimacs,0,28
./benchmark_tests/afterhqspre/PEC1/pec_adder_3_bit_6_53.dqdimacs,20,7
./benchmark_tests/afterhqspre/PEC1/pec_adder_3_bit_6_53.dqdimacs,31,7
./benchmark_tests/afterhqspre/PEC1/pec_adder_3_bit_6_53.dqdimacs,32,7
./benchmark_tests/afterhqspre/PEC1/pec_adder_3_bit_6_53.dqdimacs,35,7
./benchmark_tests/afterhqspre/PEC1/pec_adder_3_bit_6_53.dqdimacs,36,7
./benchmark_tests/afterhqspre/PEC1/pec_adder_3_bit_6_54.dqdimacs,0,33
./benchmark_tests/afterhqspre/PEC1/pec_adder_3_bit_6_54.dqdimacs,16,7
./benchmark_tests/afterhqspre/PEC1/pec_adder_3_bit_6_54.dqdimacs,17,7
./benchmark_tests/afterhqspre/PEC1/pec_adder_3_bit_6_54.dqdimacs,18,7
./benchmark_tests/afterhqspre/PEC1/pec_adder_3_bit_6_54.dqdimacs,25,7
./benchmark_tests/afterhqspre/PEC1/pec_adder_3_bit_6_54.dqdimacs,28,8
./benchmark_tests/afterhqspre/PEC1/pec_adder_3_bit_6_55.dqdimacs,0,31
./benchmark_tests/afterhqspre/PEC1/pec_adder_3_bit_6_55.dqdimacs,16,7
./benchmark_tests/afterhqspre/PEC1/pec_adder_3_bit_6_55.dqdimacs,27,7
./benchmark_tests/afterhqspre/PEC1/pec_adder_3_bit_6_55.dqdimacs,28,7
./benchmark_tests/afterhqspre/PEC1/pec_adder_3_bit_6_55.dqdimacs,31,7
./benchmark_tests/afterhqspre/PEC1/pec_adder_3_bit_6_55.dqdimacs,32,7
./benchmark_tests/afterhqspre/PEC1/pec_adder_3_bit_6_56.dqdimacs,0,28
./benchmark_tests/afterhqspre/PEC1/pec_adder_3_bit_6_56.dqdimacs,15,8
./benchmark_tests/afterhqspre/PEC1/pec_adder_3_bit_6_56.dqdimacs,23,8
./benchmark_tests/afterhqspre/PEC1/pec_adder_3_bit_6_56.dqdimacs,30,8
./benchmark_tests/afterhqspre/PEC1/pec_adder_3_bit_6_56.dqdimacs,33,8
./benchmark_tests/afterhqspre/PEC1/pec_adder_3_bit_6_56.dqdimacs,36,8
./benchmark_tests/afterhqspre/PEC1/pec_adder_3_bit_6_56.dqdimacs,37,8
./benchmark_tests/afterhqspre/PEC1/pec_adder_3_bit_6_57.dqdimacs,0,28
./benchmark_tests/afterhqspre/PEC1/pec_adder_3_bit_6_57.dqdimacs,20,7
./benchmark_tests/afterhqspre/PEC1/pec_adder_3_bit_6_57.dqdimacs,23,7
./benchmark_tests/afterhqspre/PEC1/pec_adder_3_bit_6_57.dqdimacs,26,7
./benchmark_tests/afterhqspre/PEC1/pec_adder_3_bit_6_57.dqdimacs,29,7
./benchmark_tests/afterhqspre/PEC1/pec_adder_3_bit_6_57.dqdimacs,30,7
./benchmark_tests/afterhqspre/PEC1/pec_adder_3_bit_6_57.dqdimacs,31,7
./benchmark_tests/afterhqspre/PEC1/pec_adder_3_bit_6_58.dqdimacs,0,29
./benchmark_tests/afterhqspre/PEC1/pec_adder_3_bit_6_58.dqdimacs,16,8
./benchmark_tests/afterhqspre/PEC1/pec_adder_3_bit_6_58.dqdimacs,23,8
./benchmark_tests/afterhqspre/PEC1/pec_adder_3_bit_6_58.dqdimacs,26,8
./benchmark_tests/afterhqspre/PEC1/pec_adder_3_bit_6_58.dqdimacs,29,8
./benchmark_tests/afterhqspre/PEC1/pec_adder_3_bit_6_58.dqdimacs,30,8
./benchmark_tests/afterhqspre/PEC1/pec_adder_3_bit_6_58.dqdimacs,31,8
./benchmark_tests/afterhqspre/PEC1/pec_adder_3_bit_6_59.dqdimacs,0,29
./benchmark_tests/afterhqspre/PEC1/pec_adder_3_bit_6_59.dqdimacs,15,8
./benchmark_tests/afterhqspre/PEC1/pec_adder_3_bit_6_59.dqdimacs,24,8
./benchmark_tests/afterhqspre/PEC1/pec_adder_3_bit_6_59.dqdimacs,29,7
./benchmark_tests/afterhqspre/PEC1/pec_adder_3_bit_6_59.dqdimacs,30,7
./benchmark_tests/afterhqspre/PEC1/pec_adder_3_bit_6_59.dqdimacs,31,7
./benchmark_tests/afterhqspre/PEC1/pec_adder_3_bit_6_5.dqdimacs,0,33
./benchmark_tests/afterhqspre/PEC1/pec_adder_3_bit_6_5.dqdimacs,16,7
./benchmark_tests/afterhqspre/PEC1/pec_adder_3_bit_6_5.dqdimacs,19,7
./benchmark_tests/afterhqspre/PEC1/pec_adder_3_bit_6_5.dqdimacs,22,7
./benchmark_tests/afterhqspre/PEC1/pec_adder_3_bit_6_5.dqdimacs,27,7
./benchmark_tests/afterhqspre/PEC1/pec_adder_3_bit_6_5.dqdimacs,29,8
./benchmark_tests/afterhqspre/PEC1/pec_adder_3_bit_6_60.dqdimacs,0,33
./benchmark_tests/afterhqspre/PEC1/pec_adder_3_bit_6_60.dqdimacs,16,8
./benchmark_tests/afterhqspre/PEC1/pec_adder_3_bit_6_60.dqdimacs,19,7
./benchmark_tests/afterhqspre/PEC1/pec_adder_3_bit_6_60.dqdimacs,30,7
./benchmark_tests/afterhqspre/PEC1/pec_adder_3_bit_6_60.dqdimacs,31,7
./benchmark_tests/afterhqspre/PEC1/pec_adder_3_bit_6_60.dqdimacs,32,7
./benchmark_tests/afterhqspre/PEC1/pec_adder_3_bit_6_61.dqdimacs,0,28
./benchmark_tests/afterhqspre/PEC1/pec_adder_3_bit_6_61.dqdimacs,16,7
./benchmark_tests/afterhqspre/PEC1/pec_adder_3_bit_6_61.dqdimacs,19,7
./benchmark_tests/afterhqspre/PEC1/pec_adder_3_bit_6_61.dqdimacs,22,7
./benchmark_tests/afterhqspre/PEC1/pec_adder_3_bit_6_61.dqdimacs,25,7
./benchmark_tests/afterhqspre/PEC1/pec_adder_3_bit_6_61.dqdimacs,28,7
./benchmark_tests/afterhqspre/PEC1/pec_adder_3_bit_6_61.dqdimacs,29,7
./benchmark_tests/afterhqspre/PEC1/pec_adder_3_bit_6_62.dqdimacs,0,35
./benchmark_tests/afterhqspre/PEC1/pec_adder_3_bit_6_62.dqdimacs,17,7
./benchmark_tests/afterhqspre/PEC1/pec_adder_3_bit_6_62.dqdimacs,20,7
./benchmark_tests/afterhqspre/PEC1/pec_adder_3_bit_6_62.dqdimacs,23,7
./benchmark_tests/afterhqspre/PEC1/pec_adder_3_bit_6_62.dqdimacs,30,7
./benchmark_tests/afterhqspre/PEC1/pec_adder_3_bit_6_62.dqdimacs,31,13
./benchmark_tests/afterhqspre/PEC1/pec_adder_3_bit_6_62.dqdimacs,32,9
./benchmark_tests/afterhqspre/PEC1/pec_adder_3_bit_6_63.dqdimacs,0,28
./benchmark_tests/afterhqspre/PEC1/pec_adder_3_bit_6_63.dqdimacs,19,8
./benchmark_tests/afterhqspre/PEC1/pec_adder_3_bit_6_63.dqdimacs,22,7
./benchmark_tests/afterhqspre/PEC1/pec_adder_3_bit_6_63.dqdimacs,31,7
./benchmark_tests/afterhqspre/PEC1/pec_adder_3_bit_6_63.dqdimacs,32,7
./benchmark_tests/afterhqspre/PEC1/pec_adder_3_bit_6_63.dqdimacs,33,7
./benchmark_tests/afterhqspre/PEC1/pec_adder_3_bit_6_63.dqdimacs,34,7
./benchmark_tests/afterhqspre/PEC1/pec_adder_3_bit_6_64.dqdimacs,0,34
./benchmark_tests/afterhqspre/PEC1/pec_adder_3_bit_6_64.dqdimacs,22,7
./benchmark_tests/afterhqspre/PEC1/pec_adder_3_bit_6_64.dqdimacs,25,7
./benchmark_tests/afterhqspre/PEC1/pec_adder_3_bit_6_64.dqdimacs,28,7
./benchmark_tests/afterhqspre/PEC1/pec_adder_3_bit_6_64.dqdimacs,33,7
./benchmark_tests/afterhqspre/PEC1/pec_adder_3_bit_6_64.dqdimacs,34,7
./benchmark_tests/afterhqspre/PEC1/pec_adder_3_bit_6_65.dqdimacs,0,28
./benchmark_tests/afterhqspre/PEC1/pec_adder_3_bit_6_65.dqdimacs,18,7
./benchmark_tests/afterhqspre/PEC1/pec_adder_3_bit_6_65.dqdimacs,21,7
./benchmark_tests/afterhqspre/PEC1/pec_adder_3_bit_6_65.dqdimacs,26,7
./benchmark_tests/afterhqspre/PEC1/pec_adder_3_bit_6_65.dqdimacs,29,7
./benchmark_tests/afterhqspre/PEC1/pec_adder_3_bit_6_65.dqdimacs,32,7
./benchmark_tests/afterhqspre/PEC1/pec_adder_3_bit_6_65.dqdimacs,33,7
./benchmark_tests/afterhqspre/PEC1/pec_adder_3_bit_6_66.dqdimacs,0,27
./benchmark_tests/afterhqspre/PEC1/pec_adder_3_bit_6_66.dqdimacs,16,7
./benchmark_tests/afterhqspre/PEC1/pec_adder_3_bit_6_66.dqdimacs,17,7
./benchmark_tests/afterhqspre/PEC1/pec_adder_3_bit_6_66.dqdimacs,20,7
./benchmark_tests/afterhqspre/PEC1/pec_adder_3_bit_6_66.dqdimacs,23,7
./benchmark_tests/afterhqspre/PEC1/pec_adder_3_bit_6_66.dqdimacs,24,7
./benchmark_tests/afterhqspre/PEC1/pec_adder_3_bit_6_67.dqdimacs,0,36
./benchmark_tests/afterhqspre/PEC1/pec_adder_3_bit_6_67.dqdimacs,19,7
./benchmark_tests/afterhqspre/PEC1/pec_adder_3_bit_6_67.dqdimacs,26,7
./benchmark_tests/afterhqspre/PEC1/pec_adder_3_bit_6_67.dqdimacs,33,7
./benchmark_tests/afterhqspre/PEC1/pec_adder_3_bit_6_67.dqdimacs,34,7
./benchmark_tests/afterhqspre/PEC1/pec_adder_3_bit_6_67.dqdimacs,35,7
./benchmark_tests/afterhqspre/PEC1/pec_adder_3_bit_6_68.dqdimacs,0,28
./benchmark_tests/afterhqspre/PEC1/pec_adder_3_bit_6_68.dqdimacs,15,8
./benchmark_tests/afterhqspre/PEC1/pec_adder_3_bit_6_68.dqdimacs,18,7
./benchmark_tests/afterhqspre/PEC1/pec_adder_3_bit_6_68.dqdimacs,19,7
./benchmark_tests/afterhqspre/PEC1/pec_adder_3_bit_6_68.dqdimacs,28,7
./benchmark_tests/afterhqspre/PEC1/pec_adder_3_bit_6_68.dqdimacs,31,7
./benchmark_tests/afterhqspre/PEC1/pec_adder_3_bit_6_68.dqdimacs,32,7
./benchmark_tests/afterhqspre/PEC1/pec_adder_3_bit_6_69.dqdimacs,0,30
./benchmark_tests/afterhqspre/PEC1/pec_adder_3_bit_6_69.dqdimacs,16,7
./benchmark_tests/afterhqspre/PEC1/pec_adder_3_bit_6_69.dqdimacs,19,7
./benchmark_tests/afterhqspre/PEC1/pec_adder_3_bit_6_69.dqdimacs,22,7
./benchmark_tests/afterhqspre/PEC1/pec_adder_3_bit_6_69.dqdimacs,25,7
./benchmark_tests/afterhqspre/PEC1/pec_adder_3_bit_6_69.dqdimacs,28,7
./benchmark_tests/afterhqspre/PEC1/pec_adder_3_bit_6_69.dqdimacs,29,7
./benchmark_tests/afterhqspre/PEC1/pec_adder_3_bit_6_6.dqdimacs,0,29
./benchmark_tests/afterhqspre/PEC1/pec_adder_3_bit_6_6.dqdimacs,20,7
./benchmark_tests/afterhqspre/PEC1/pec_adder_3_bit_6_6.dqdimacs,23,7
./benchmark_tests/afterhqspre/PEC1/pec_adder_3_bit_6_6.dqdimacs,30,7
./benchmark_tests/afterhqspre/PEC1/pec_adder_3_bit_6_6.dqdimacs,35,7
./benchmark_tests/afterhqspre/PEC1/pec_adder_3_bit_6_6.dqdimacs,36,7
./benchmark_tests/afterhqspre/PEC1/pec_adder_3_bit_6_6.dqdimacs,37,7
./benchmark_tests/afterhqspre/PEC1/pec_adder_3_bit_6_70.dqdimacs,0,33
./benchmark_tests/afterhqspre/PEC1/pec_adder_3_bit_6_70.dqdimacs,17,8
./benchmark_tests/afterhqspre/PEC1/pec_adder_3_bit_6_70.dqdimacs,28,8
./benchmark_tests/afterhqspre/PEC1/pec_adder_3_bit_6_70.dqdimacs,37,8
./benchmark_tests/afterhqspre/PEC1/pec_adder_3_bit_6_70.dqdimacs,40,8
./benchmark_tests/afterhqspre/PEC1/pec_adder_3_bit_6_70.dqdimacs,41,8
./benchmark_tests/afterhqspre/PEC1/pec_adder_3_bit_6_70.dqdimacs,42,7
./benchmark_tests/afterhqspre/PEC1/pec_adder_3_bit_6_71.dqdimacs,0,32
./benchmark_tests/afterhqspre/PEC1/pec_adder_3_bit_6_71.dqdimacs,22,7
./benchmark_tests/afterhqspre/PEC1/pec_adder_3_bit_6_71.dqdimacs,25,7
./benchmark_tests/afterhqspre/PEC1/pec_adder_3_bit_6_71.dqdimacs,30,7
./benchmark_tests/afterhqspre/PEC1/pec_adder_3_bit_6_71.dqdimacs,35,7
./benchmark_tests/afterhqspre/PEC1/pec_adder_3_bit_6_71.dqdimacs,36,9
./benchmark_tests/afterhqspre/PEC1/pec_adder_3_bit_6_72.dqdimacs,0,27
./benchmark_tests/afterhqspre/PEC1/pec_adder_3_bit_6_72.dqdimacs,23,7
./benchmark_tests/afterhqspre/PEC1/pec_adder_3_bit_6_72.dqdimacs,24,7
./benchmark_tests/afterhqspre/PEC1/pec_adder_3_bit_6_72.dqdimacs,27,7
./benchmark_tests/afterhqspre/PEC1/pec_adder_3_bit_6_72.dqdimacs,30,7
./benchmark_tests/afterhqspre/PEC1/pec_adder_3_bit_6_72.dqdimacs,31,7
./benchmark_tests/afterhqspre/PEC1/pec_adder_3_bit_6_73.dqdimacs,0,29
./benchmark_tests/afterhqspre/PEC1/pec_adder_3_bit_6_73.dqdimacs,19,7
./benchmark_tests/afterhqspre/PEC1/pec_adder_3_bit_6_73.dqdimacs,26,7
./benchmark_tests/afterhqspre/PEC1/pec_adder_3_bit_6_73.dqdimacs,27,7
./benchmark_tests/afterhqspre/PEC1/pec_adder_3_bit_6_73.dqdimacs,30,7
./benchmark_tests/afterhqspre/PEC1/pec_adder_3_bit_6_73.dqdimacs,31,7
./benchmark_tests/afterhqspre/PEC1/pec_adder_3_bit_6_73.dqdimacs,32,7
./benchmark_tests/afterhqspre/PEC1/pec_adder_3_bit_6_74.dqdimacs,0,31
./benchmark_tests/afterhqspre/PEC1/pec_adder_3_bit_6_74.dqdimacs,19,7
./benchmark_tests/afterhqspre/PEC1/pec_adder_3_bit_6_74.dqdimacs,22,7
./benchmark_tests/afterhqspre/PEC1/pec_adder_3_bit_6_74.dqdimacs,29,7
./benchmark_tests/afterhqspre/PEC1/pec_adder_3_bit_6_74.dqdimacs,36,7
./benchmark_tests/afterhqspre/PEC1/pec_adder_3_bit_6_74.dqdimacs,37,7
./benchmark_tests/afterhqspre/PEC1/pec_adder_3_bit_6_74.dqdimacs,38,7
./benchmark_tests/afterhqspre/PEC1/pec_adder_3_bit_6_75.dqdimacs,0,32
./benchmark_tests/afterhqspre/PEC1/pec_adder_3_bit_6_75.dqdimacs,19,9
./benchmark_tests/afterhqspre/PEC1/pec_adder_3_bit_6_75.dqdimacs,28,8
./benchmark_tests/afterhqspre/PEC1/pec_adder_3_bit_6_75.dqdimacs,31,8
./benchmark_tests/afterhqspre/PEC1/pec_adder_3_bit_6_75.dqdimacs,32,7
./benchmark_tests/afterhqspre/PEC1/pec_adder_3_bit_6_75.dqdimacs,33,7
./benchmark_tests/afterhqspre/PEC1/pec_adder_3_bit_6_76.dqdimacs,0,28
./benchmark_tests/afterhqspre/PEC1/pec_adder_3_bit_6_76.dqdimacs,19,7
./benchmark_tests/afterhqspre/PEC1/pec_adder_3_bit_6_76.dqdimacs,26,7
./benchmark_tests/afterhqspre/PEC1/pec_adder_3_bit_6_76.dqdimacs,29,7
./benchmark_tests/afterhqspre/PEC1/pec_adder_3_bit_6_76.dqdimacs,30,7
./benchmark_tests/afterhqspre/PEC1/pec_adder_3_bit_6_76.dqdimacs,31,7
./benchmark_tests/afterhqspre/PEC1/pec_adder_3_bit_6_76.dqdimacs,32,7
./benchmark_tests/afterhqspre/PEC1/pec_adder_3_bit_6_77.dqdimacs,0,30
./benchmark_tests/afterhqspre/PEC1/pec_adder_3_bit_6_77.dqdimacs,22,8
./benchmark_tests/afterhqspre/PEC1/pec_adder_3_bit_6_77.dqdimacs,25,8
./benchmark_tests/afterhqspre/PEC1/pec_adder_3_bit_6_77.dqdimacs,28,7
./benchmark_tests/afterhqspre/PEC1/pec_adder_3_bit_6_77.dqdimacs,31,7
./benchmark_tests/afterhqspre/PEC1/pec_adder_3_bit_6_77.dqdimacs,32,7
./benchmark_tests/afterhqspre/PEC1/pec_adder_3_bit_6_77.dqdimacs,33,7
./benchmark_tests/afterhqspre/PEC1/pec_adder_3_bit_6_78.dqdimacs,0,31
./benchmark_tests/afterhqspre/PEC1/pec_adder_3_bit_6_78.dqdimacs,23,8
./benchmark_tests/afterhqspre/PEC1/pec_adder_3_bit_6_78.dqdimacs,26,9
./benchmark_tests/afterhqspre/PEC1/pec_adder_3_bit_6_78.dqdimacs,29,8
./benchmark_tests/afterhqspre/PEC1/pec_adder_3_bit_6_78.dqdimacs,30,8
./benchmark_tests/afterhqspre/PEC1/pec_adder_3_bit_6_78.dqdimacs,31,8
./benchmark_tests/afterhqspre/PEC1/pec_adder_3_bit_6_79.dqdimacs,0,29
./benchmark_tests/afterhqspre/PEC1/pec_adder_3_bit_6_79.dqdimacs,17,7
./benchmark_tests/afterhqspre/PEC1/pec_adder_3_bit_6_79.dqdimacs,20,7
./benchmark_tests/afterhqspre/PEC1/pec_adder_3_bit_6_79.dqdimacs,27,7
./benchmark_tests/afterhqspre/PEC1/pec_adder_3_bit_6_79.dqdimacs,30,7
./benchmark_tests/afterhqspre/PEC1/pec_adder_3_bit_6_79.dqdimacs,31,7
./benchmark_tests/afterhqspre/PEC1/pec_adder_3_bit_6_79.dqdimacs,32,7
./benchmark_tests/afterhqspre/PEC1/pec_adder_3_bit_6_7.dqdimacs,0,28
./benchmark_tests/afterhqspre/PEC1/pec_adder_3_bit_6_7.dqdimacs,18,7
./benchmark_tests/afterhqspre/PEC1/pec_adder_3_bit_6_7.dqdimacs,21,7
./benchmark_tests/afterhqspre/PEC1/pec_adder_3_bit_6_7.dqdimacs,24,7
./benchmark_tests/afterhqspre/PEC1/pec_adder_3_bit_6_7.dqdimacs,27,8
./benchmark_tests/afterhqspre/PEC1/pec_adder_3_bit_6_7.dqdimacs,28,9
./benchmark_tests/afterhqspre/PEC1/pec_adder_3_bit_6_7.dqdimacs,29,9
./benchmark_tests/afterhqspre/PEC1/pec_adder_3_bit_6_80.dqdimacs,0,29
./benchmark_tests/afterhqspre/PEC1/pec_adder_3_bit_6_80.dqdimacs,15,8
./benchmark_tests/afterhqspre/PEC1/pec_adder_3_bit_6_80.dqdimacs,24,8
./benchmark_tests/afterhqspre/PEC1/pec_adder_3_bit_6_80.dqdimacs,27,7
./benchmark_tests/afterhqspre/PEC1/pec_adder_3_bit_6_80.dqdimacs,32,7
./benchmark_tests/afterhqspre/PEC1/pec_adder_3_bit_6_80.dqdimacs,35,7
./benchmark_tests/afterhqspre/PEC1/pec_adder_3_bit_6_80.dqdimacs,36,7
./benchmark_tests/afterhqspre/PEC1/pec_adder_3_bit_6_81.dqdimacs,0,28
./benchmark_tests/afterhqspre/PEC1/pec_adder_3_bit_6_81.dqdimacs,21,8
./benchmark_tests/afterhqspre/PEC1/pec_adder_3_bit_6_81.dqdimacs,24,7
./benchmark_tests/afterhqspre/PEC1/pec_adder_3_bit_6_81.dqdimacs,25,7
./benchmark_tests/afterhqspre/PEC1/pec_adder_3_bit_6_81.dqdimacs,30,7
./benchmark_tests/afterhqspre/PEC1/pec_adder_3_bit_6_81.dqdimacs,31,7
./benchmark_tests/afterhqspre/PEC1/pec_adder_3_bit_6_82.dqdimacs,0,32
./benchmark_tests/afterhqspre/PEC1/pec_adder_3_bit_6_82.dqdimacs,27,8
./benchmark_tests/afterhqspre/PEC1/pec_adder_3_bit_6_82.dqdimacs,36,7
./benchmark_tests/afterhqspre/PEC1/pec_adder_3_bit_6_82.dqdimacs,39,7
./benchmark_tests/afterhqspre/PEC1/pec_adder_3_bit_6_82.dqdimacs,40,7
./benchmark_tests/afterhqspre/PEC1/pec_adder_3_bit_6_82.dqdimacs,41,7
./benchmark_tests/afterhqspre/PEC1/pec_adder_3_bit_6_83.dqdimacs,0,33
./benchmark_tests/afterhqspre/PEC1/pec_adder_3_bit_6_83.dqdimacs,28,8
./benchmark_tests/afterhqspre/PEC1/pec_adder_3_bit_6_83.dqdimacs,33,7
./benchmark_tests/afterhqspre/PEC1/pec_adder_3_bit_6_83.dqdimacs,34,8
./benchmark_tests/afterhqspre/PEC1/pec_adder_3_bit_6_83.dqdimacs,35,7
./benchmark_tests/afterhqspre/PEC1/pec_adder_3_bit_6_83.dqdimacs,36,7
./benchmark_tests/afterhqspre/PEC1/pec_adder_3_bit_6_84.dqdimacs,0,29
./benchmark_tests/afterhqspre/PEC1/pec_adder_3_bit_6_84.dqdimacs,19,8
./benchmark_tests/afterhqspre/PEC1/pec_adder_3_bit_6_84.dqdimacs,29,8
./benchmark_tests/afterhqspre/PEC1/pec_adder_3_bit_6_84.dqdimacs,32,10
./benchmark_tests/afterhqspre/PEC1/pec_adder_3_bit_6_84.dqdimacs,33,9
./benchmark_tests/afterhqspre/PEC1/pec_adder_3_bit_6_84.dqdimacs,34,9
./benchmark_tests/afterhqspre/PEC1/pec_adder_3_bit_6_84.dqdimacs,35,9
./benchmark_tests/afterhqspre/PEC1/pec_adder_3_bit_6_85.dqdimacs,0,27
./benchmark_tests/afterhqspre/PEC1/pec_adder_3_bit_6_85.dqdimacs,14,7
./benchmark_tests/afterhqspre/PEC1/pec_adder_3_bit_6_85.dqdimacs,16,7
./benchmark_tests/afterhqspre/PEC1/pec_adder_3_bit_6_85.dqdimacs,25,7
./benchmark_tests/afterhqspre/PEC1/pec_adder_3_bit_6_85.dqdimacs,29,7
./benchmark_tests/afterhqspre/PEC1/pec_adder_3_bit_6_85.dqdimacs,30,7
./benchmark_tests/afterhqspre/PEC1/pec_adder_3_bit_6_86.dqdimacs,0,35
./benchmark_tests/afterhqspre/PEC1/pec_adder_3_bit_6_86.dqdimacs,18,7
./benchmark_tests/afterhqspre/PEC1/pec_adder_3_bit_6_86.dqdimacs,23,7
./benchmark_tests/afterhqspre/PEC1/pec_adder_3_bit_6_86.dqdimacs,26,8
./benchmark_tests/afterhqspre/PEC1/pec_adder_3_bit_6_86.dqdimacs,29,7
./benchmark_tests/afterhqspre/PEC1/pec_adder_3_bit_6_86.dqdimacs,32,11
./benchmark_tests/afterhqspre/PEC1/pec_adder_3_bit_6_86.dqdimacs,33,9
./benchmark_tests/afterhqspre/PEC1/pec_adder_3_bit_6_87.dqdimacs,0,28
./benchmark_tests/afterhqspre/PEC1/pec_adder_3_bit_6_87.dqdimacs,20,7
./benchmark_tests/afterhqspre/PEC1/pec_adder_3_bit_6_87.dqdimacs,23,7
./benchmark_tests/afterhqspre/PEC1/pec_adder_3_bit_6_87.dqdimacs,28,7
./benchmark_tests/afterhqspre/PEC1/pec_adder_3_bit_6_87.dqdimacs,31,7
./benchmark_tests/afterhqspre/PEC1/pec_adder_3_bit_6_87.dqdimacs,32,7
./benchmark_tests/afterhqspre/PEC1/pec_adder_3_bit_6_87.dqdimacs,33,7
./benchmark_tests/afterhqspre/PEC1/pec_adder_3_bit_6_88.dqdimacs,0,30
./benchmark_tests/afterhqspre/PEC1/pec_adder_3_bit_6_88.dqdimacs,15,8
./benchmark_tests/afterhqspre/PEC1/pec_adder_3_bit_6_88.dqdimacs,25,7
./benchmark_tests/afterhqspre/PEC1/pec_adder_3_bit_6_88.dqdimacs,30,8
./benchmark_tests/afterhqspre/PEC1/pec_adder_3_bit_6_88.dqdimacs,31,8
./benchmark_tests/afterhqspre/PEC1/pec_adder_3_bit_6_88.dqdimacs,34,7
./benchmark_tests/afterhqspre/PEC1/pec_adder_3_bit_6_88.dqdimacs,35,7
./benchmark_tests/afterhqspre/PEC1/pec_adder_3_bit_6_89.dqdimacs,0,29
./benchmark_tests/afterhqspre/PEC1/pec_adder_3_bit_6_89.dqdimacs,20,7
./benchmark_tests/afterhqspre/PEC1/pec_adder_3_bit_6_89.dqdimacs,27,7
./benchmark_tests/afterhqspre/PEC1/pec_adder_3_bit_6_89.dqdimacs,31,7
./benchmark_tests/afterhqspre/PEC1/pec_adder_3_bit_6_89.dqdimacs,32,7
./benchmark_tests/afterhqspre/PEC1/pec_adder_3_bit_6_89.dqdimacs,33,7
./benchmark_tests/afterhqspre/PEC1/pec_adder_3_bit_6_8.dqdimacs,0,28
./benchmark_tests/afterhqspre/PEC1/pec_adder_3_bit_6_8.dqdimacs,17,7
./benchmark_tests/afterhqspre/PEC1/pec_adder_3_bit_6_8.dqdimacs,20,7
./benchmark_tests/afterhqspre/PEC1/pec_adder_3_bit_6_8.dqdimacs,25,7
./benchmark_tests/afterhqspre/PEC1/pec_adder_3_bit_6_8.dqdimacs,30,7
./benchmark_tests/afterhqspre/PEC1/pec_adder_3_bit_6_8.dqdimacs,31,7
./benchmark_tests/afterhqspre/PEC1/pec_adder_3_bit_6_90.dqdimacs,0,34
./benchmark_tests/afterhqspre/PEC1/pec_adder_3_bit_6_90.dqdimacs,24,9
./benchmark_tests/afterhqspre/PEC1/pec_adder_3_bit_6_90.dqdimacs,29,8
./benchmark_tests/afterhqspre/PEC1/pec_adder_3_bit_6_90.dqdimacs,32,8
./benchmark_tests/afterhqspre/PEC1/pec_adder_3_bit_6_90.dqdimacs,35,7
./benchmark_tests/afterhqspre/PEC1/pec_adder_3_bit_6_90.dqdimacs,38,8
./benchmark_tests/afterhqspre/PEC1/pec_adder_3_bit_6_90.dqdimacs,39,9
./benchmark_tests/afterhqspre/PEC1/pec_adder_3_bit_6_91.dqdimacs,0,42
./benchmark_tests/afterhqspre/PEC1/pec_adder_3_bit_6_91.dqdimacs,15,8
./benchmark_tests/afterhqspre/PEC1/pec_adder_3_bit_6_91.dqdimacs,27,8
./benchmark_tests/afterhqspre/PEC1/pec_adder_3_bit_6_91.dqdimacs,32,8
./benchmark_tests/afterhqspre/PEC1/pec_adder_3_bit_6_91.dqdimacs,33,9
./benchmark_tests/afterhqspre/PEC1/pec_adder_3_bit_6_91.dqdimacs,34,9
./benchmark_tests/afterhqspre/PEC1/pec_adder_3_bit_6_91.dqdimacs,35,8
./benchmark_tests/afterhqspre/PEC1/pec_adder_3_bit_6_92.dqdimacs,0,29
./benchmark_tests/afterhqspre/PEC1/pec_adder_3_bit_6_92.dqdimacs,19,7
./benchmark_tests/afterhqspre/PEC1/pec_adder_3_bit_6_92.dqdimacs,22,7
./benchmark_tests/afterhqspre/PEC1/pec_adder_3_bit_6_92.dqdimacs,25,7
./benchmark_tests/afterhqspre/PEC1/pec_adder_3_bit_6_92.dqdimacs,30,7
./benchmark_tests/afterhqspre/PEC1/pec_adder_3_bit_6_92.dqdimacs,35,7
./benchmark_tests/afterhqspre/PEC1/pec_adder_3_bit_6_92.dqdimacs,36,7
./benchmark_tests/afterhqspre/PEC1/pec_adder_3_bit_6_93.dqdimacs,0,35
./benchmark_tests/afterhqspre/PEC1/pec_adder_3_bit_6_93.dqdimacs,19,7
./benchmark_tests/afterhqspre/PEC1/pec_adder_3_bit_6_93.dqdimacs,26,7
./benchmark_tests/afterhqspre/PEC1/pec_adder_3_bit_6_93.dqdimacs,31,7
./benchmark_tests/afterhqspre/PEC1/pec_adder_3_bit_6_93.dqdimacs,32,7
./benchmark_tests/afterhqspre/PEC1/pec_adder_3_bit_6_93.dqdimacs,33,8
./benchmark_tests/afterhqspre/PEC1/pec_adder_3_bit_6_94.dqdimacs,0,30
./benchmark_tests/afterhqspre/PEC1/pec_adder_3_bit_6_94.dqdimacs,18,8
./benchmark_tests/afterhqspre/PEC1/pec_adder_3_bit_6_94.dqdimacs,23,8
./benchmark_tests/afterhqspre/PEC1/pec_adder_3_bit_6_94.dqdimacs,26,8
./benchmark_tests/afterhqspre/PEC1/pec_adder_3_bit_6_94.dqdimacs,33,8
./benchmark_tests/afterhqspre/PEC1/pec_adder_3_bit_6_94.dqdimacs,34,8
./benchmark_tests/afterhqspre/PEC1/pec_adder_3_bit_6_94.dqdimacs,35,8
./benchmark_tests/afterhqspre/PEC1/pec_adder_3_bit_6_95.dqdimacs,0,28
./benchmark_tests/afterhqspre/PEC1/pec_adder_3_bit_6_95.dqdimacs,15,7
./benchmark_tests/afterhqspre/PEC1/pec_adder_3_bit_6_95.dqdimacs,18,7
./benchmark_tests/afterhqspre/PEC1/pec_adder_3_bit_6_95.dqdimacs,21,8
./benchmark_tests/afterhqspre/PEC1/pec_adder_3_bit_6_95.dqdimacs,26,7
./benchmark_tests/afterhqspre/PEC1/pec_adder_3_bit_6_95.dqdimacs,29,8
./benchmark_tests/afterhqspre/PEC1/pec_adder_3_bit_6_96.dqdimacs,0,29
./benchmark_tests/afterhqspre/PEC1/pec_adder_3_bit_6_96.dqdimacs,15,7
./benchmark_tests/afterhqspre/PEC1/pec_adder_3_bit_6_96.dqdimacs,18,7
./benchmark_tests/afterhqspre/PEC1/pec_adder_3_bit_6_96.dqdimacs,31,7
./benchmark_tests/afterhqspre/PEC1/pec_adder_3_bit_6_96.dqdimacs,32,7
./benchmark_tests/afterhqspre/PEC1/pec_adder_3_bit_6_96.dqdimacs,33,7
./benchmark_tests/afterhqspre/PEC1/pec_adder_3_bit_6_96.dqdimacs,34,7
./benchmark_tests/afterhqspre/PEC1/pec_adder_3_bit_6_97.dqdimacs,0,32
./benchmark_tests/afterhqspre/PEC1/pec_adder_3_bit_6_97.dqdimacs,15,9
./benchmark_tests/afterhqspre/PEC1/pec_adder_3_bit_6_97.dqdimacs,18,8
./benchmark_tests/afterhqspre/PEC1/pec_adder_3_bit_6_97.dqdimacs,19,8
./benchmark_tests/afterhqspre/PEC1/pec_adder_3_bit_6_97.dqdimacs,24,7
./benchmark_tests/afterhqspre/PEC1/pec_adder_3_bit_6_97.dqdimacs,29,7
./benchmark_tests/afterhqspre/PEC1/pec_adder_3_bit_6_97.dqdimacs,30,8
./benchmark_tests/afterhqspre/PEC1/pec_adder_3_bit_6_98.dqdimacs,0,32
./benchmark_tests/afterhqspre/PEC1/pec_adder_3_bit_6_98.dqdimacs,20,7
./benchmark_tests/afterhqspre/PEC1/pec_adder_3_bit_6_98.dqdimacs,31,7
./benchmark_tests/afterhqspre/PEC1/pec_adder_3_bit_6_98.dqdimacs,32,7
./benchmark_tests/afterhqspre/PEC1/pec_adder_3_bit_6_98.dqdimacs,33,7
./benchmark_tests/afterhqspre/PEC1/pec_adder_3_bit_6_98.dqdimacs,34,7
./benchmark_tests/afterhqspre/PEC1/pec_adder_3_bit_6_99.dqdimacs,0,29
./benchmark_tests/afterhqspre/PEC1/pec_adder_3_bit_6_99.dqdimacs,15,8
./benchmark_tests/afterhqspre/PEC1/pec_adder_3_bit_6_99.dqdimacs,28,7
./benchmark_tests/afterhqspre/PEC1/pec_adder_3_bit_6_99.dqdimacs,31,7
./benchmark_tests/afterhqspre/PEC1/pec_adder_3_bit_6_99.dqdimacs,34,7
./benchmark_tests/afterhqspre/PEC1/pec_adder_3_bit_6_99.dqdimacs,35,7
./benchmark_tests/afterhqspre/PEC1/pec_adder_3_bit_6_9.dqdimacs,0,30
./benchmark_tests/afterhqspre/PEC1/pec_adder_3_bit_6_9.dqdimacs,19,7
./benchmark_tests/afterhqspre/PEC1/pec_adder_3_bit_6_9.dqdimacs,24,7
./benchmark_tests/afterhqspre/PEC1/pec_adder_3_bit_6_9.dqdimacs,29,9
./benchmark_tests/afterhqspre/PEC1/pec_adder_3_bit_6_9.dqdimacs,32,8
./benchmark_tests/afterhqspre/PEC1/pec_adder_3_bit_6_9.dqdimacs,33,8
./benchmark_tests/afterhqspre/PEC1/pec_adder_3_bit_6_9.dqdimacs,34,8
./benchmark_tests/afterhqspre/PEC1/pec_bit_cell_arbiter_4_120.dqdimacs,0,26
./benchmark_tests/afterhqspre/PEC1/pec_bit_cell_arbiter_4_120.dqdimacs,20,7
./benchmark_tests/afterhqspre/PEC1/pec_bit_cell_arbiter_4_120.dqdimacs,22,7
./benchmark_tests/afterhqspre/PEC1/pec_bit_cell_arbiter_4_120.dqdimacs,23,7
./benchmark_tests/afterhqspre/PEC1/pec_bit_cell_arbiter_4_120.dqdimacs,25,7
./benchmark_tests/afterhqspre/PEC1/pec_bit_cell_arbiter_4_184.dqdimacs,0,33
./benchmark_tests/afterhqspre/PEC1/pec_bit_cell_arbiter_4_184.dqdimacs,2,7
./benchmark_tests/afterhqspre/PEC1/pec_bit_cell_arbiter_4_184.dqdimacs,23,7
./benchmark_tests/afterhqspre/PEC1/pec_bit_cell_arbiter_4_184.dqdimacs,24,7
./benchmark_tests/afterhqspre/PEC1/pec_bit_cell_arbiter_4_184.dqdimacs,25,7
./benchmark_tests/afterhqspre/PEC1/pec_bit_cell_arbiter_4_216.dqdimacs,0,34
./benchmark_tests/afterhqspre/PEC1/pec_bit_cell_arbiter_4_216.dqdimacs,15,7
./benchmark_tests/afterhqspre/PEC1/pec_bit_cell_arbiter_4_216.dqdimacs,24,7
./benchmark_tests/afterhqspre/PEC1/pec_bit_cell_arbiter_4_216.dqdimacs,26,7
./benchmark_tests/afterhqspre/PEC1/pec_bit_cell_arbiter_4_216.dqdimacs,28,7
./benchmark_tests/afterhqspre/PEC1/pec_bit_cell_arbiter_4_233.dqdimacs,0,33
./benchmark_tests/afterhqspre/PEC1/pec_bit_cell_arbiter_4_233.dqdimacs,12,7
./benchmark_tests/afterhqspre/PEC1/pec_bit_cell_arbiter_4_233.dqdimacs,24,7
./benchmark_tests/afterhqspre/PEC1/pec_bit_cell_arbiter_4_233.dqdimacs,26,7
./benchmark_tests/afterhqspre/PEC1/pec_bit_cell_arbiter_4_233.dqdimacs,28,7
./benchmark_tests/afterhqspre/PEC1/pec_bit_cell_arbiter_4_245.dqdimacs,0,32
./benchmark_tests/afterhqspre/PEC1/pec_bit_cell_arbiter_4_245.dqdimacs,12,7
./benchmark_tests/afterhqspre/PEC1/pec_bit_cell_arbiter_4_245.dqdimacs,15,7
./benchmark_tests/afterhqspre/PEC1/pec_bit_cell_arbiter_4_245.dqdimacs,21,7
./benchmark_tests/afterhqspre/PEC1/pec_bit_cell_arbiter_4_245.dqdimacs,23,7
./benchmark_tests/afterhqspre/PEC1/pec_bit_cell_arbiter_4_282.dqdimacs,0,26
./benchmark_tests/afterhqspre/PEC1/pec_bit_cell_arbiter_4_282.dqdimacs,7,7
./benchmark_tests/afterhqspre/PEC1/pec_bit_cell_arbiter_4_282.dqdimacs,26,7
./benchmark_tests/afterhqspre/PEC1/pec_bit_cell_arbiter_4_282.dqdimacs,27,7
./benchmark_tests/afterhqspre/PEC1/pec_bit_cell_arbiter_4_299.dqdimacs,0,29
./benchmark_tests/afterhqspre/PEC1/pec_bit_cell_arbiter_4_299.dqdimacs,13,7
./benchmark_tests/afterhqspre/PEC1/pec_bit_cell_arbiter_4_299.dqdimacs,21,7
./benchmark_tests/afterhqspre/PEC1/pec_bit_cell_arbiter_4_299.dqdimacs,23,7
./benchmark_tests/afterhqspre/PEC1/pec_bit_cell_arbiter_4_299.dqdimacs,26,7
./benchmark_tests/afterhqspre/PEC1/pec_bit_cell_arbiter_4_414.dqdimacs,0,33
./benchmark_tests/afterhqspre/PEC1/pec_bit_cell_arbiter_4_414.dqdimacs,11,7
./benchmark_tests/afterhqspre/PEC1/pec_bit_cell_arbiter_4_414.dqdimacs,16,8
./benchmark_tests/afterhqspre/PEC1/pec_bit_cell_arbiter_4_414.dqdimacs,18,7
./benchmark_tests/afterhqspre/PEC1/pec_bit_cell_arbiter_4_414.dqdimacs,21,7
./benchmark_tests/afterhqspre/PEC1/pec_bit_cell_arbiter_4_433.dqdimacs,0,27
./benchmark_tests/afterhqspre/PEC1/pec_bit_cell_arbiter_4_433.dqdimacs,6,7
./benchmark_tests/afterhqspre/PEC1/pec_bit_cell_arbiter_4_433.dqdimacs,9,7
./benchmark_tests/afterhqspre/PEC1/pec_bit_cell_arbiter_4_433.dqdimacs,23,7
./benchmark_tests/afterhqspre/PEC1/pec_bit_cell_arbiter_4_433.dqdimacs,25,8
./benchmark_tests/afterhqspre/PEC1/pec_bit_cell_arbiter_4_458.dqdimacs,0,27
./benchmark_tests/afterhqspre/PEC1/pec_bit_cell_arbiter_4_458.dqdimacs,15,8
./benchmark_tests/afterhqspre/PEC1/pec_bit_cell_arbiter_4_458.dqdimacs,25,7
./benchmark_tests/afterhqspre/PEC1/pec_bit_cell_arbiter_4_458.dqdimacs,26,7
./benchmark_tests/afterhqspre/PEC1/pec_bit_cell_arbiter_4_458.dqdimacs,28,7
./benchmark_tests/afterhqspre/PEC1/pec_bit_cell_arbiter_4_459.dqdimacs,0,26
./benchmark_tests/afterhqspre/PEC1/pec_bit_cell_arbiter_4_459.dqdimacs,21,7
./benchmark_tests/afterhqspre/PEC1/pec_bit_cell_arbiter_4_459.dqdimacs,23,7
./benchmark_tests/afterhqspre/PEC1/pec_bit_cell_arbiter_4_459.dqdimacs,24,7
./benchmark_tests/afterhqspre/PEC1/pec_bit_cell_arbiter_4_459.dqdimacs,27,7
./benchmark_tests/afterhqspre/PEC1/pec_bit_cell_arbiter_4_512.dqdimacs,0,34
./benchmark_tests/afterhqspre/PEC1/pec_bit_cell_arbiter_4_512.dqdimacs,7,8
./benchmark_tests/afterhqspre/PEC1/pec_bit_cell_arbiter_4_512.dqdimacs,11,8
./benchmark_tests/afterhqspre/PEC1/pec_bit_cell_arbiter_4_512.dqdimacs,19,8
./benchmark_tests/afterhqspre/PEC1/pec_bit_cell_arbiter_4_512.dqdimacs,24,8
./benchmark_tests/afterhqspre/PEC1/pec_bit_cell_arbiter_4_520.dqdimacs,0,26
./benchmark_tests/afterhqspre/PEC1/pec_bit_cell_arbiter_4_520.dqdimacs,17,7
./benchmark_tests/afterhqspre/PEC1/pec_bit_cell_arbiter_4_520.dqdimacs,24,7
./benchmark_tests/afterhqspre/PEC1/pec_bit_cell_arbiter_4_520.dqdimacs,25,7
./benchmark_tests/afterhqspre/PEC1/pec_bit_cell_arbiter_4_526.dqdimacs,0,27
./benchmark_tests/afterhqspre/PEC1/pec_bit_cell_arbiter_4_526.dqdimacs,15,7
./benchmark_tests/afterhqspre/PEC1/pec_bit_cell_arbiter_4_526.dqdimacs,21,7
./benchmark_tests/afterhqspre/PEC1/pec_bit_cell_arbiter_4_526.dqdimacs,23,7
./benchmark_tests/afterhqspre/PEC1/pec_bit_cell_arbiter_4_526.dqdimacs,25,7
./benchmark_tests/afterhqspre/PEC1/pec_bit_cell_arbiter_4_551.dqdimacs,0,33
./benchmark_tests/afterhqspre/PEC1/pec_bit_cell_arbiter_4_551.dqdimacs,12,7
./benchmark_tests/afterhqspre/PEC1/pec_bit_cell_arbiter_4_551.dqdimacs,19,7
./benchmark_tests/afterhqspre/PEC1/pec_bit_cell_arbiter_4_551.dqdimacs,23,7
./benchmark_tests/afterhqspre/PEC1/pec_bit_cell_arbiter_4_551.dqdimacs,25,10
./benchmark_tests/afterhqspre/PEC1/pec_bit_cell_arbiter_4_551.dqdimacs,27,12
./benchmark_tests/afterhqspre/PEC1/pec_bit_cell_arbiter_4_551.dqdimacs,30,9
./benchmark_tests/afterhqspre/PEC1/pec_bit_cell_arbiter_4_559.dqdimacs,0,33
./benchmark_tests/afterhqspre/PEC1/pec_bit_cell_arbiter_4_559.dqdimacs,7,9
./benchmark_tests/afterhqspre/PEC1/pec_bit_cell_arbiter_4_559.dqdimacs,19,8
./benchmark_tests/afterhqspre/PEC1/pec_bit_cell_arbiter_4_559.dqdimacs,27,8
./benchmark_tests/afterhqspre/PEC1/pec_bit_cell_arbiter_4_559.dqdimacs,29,9
./benchmark_tests/afterhqspre/PEC1/pec_bit_cell_arbiter_4_564.dqdimacs,0,29
./benchmark_tests/afterhqspre/PEC1/pec_bit_cell_arbiter_4_564.dqdimacs,5,8
./benchmark_tests/afterhqspre/PEC1/pec_bit_cell_arbiter_4_564.dqdimacs,12,7
./benchmark_tests/afterhqspre/PEC1/pec_bit_cell_arbiter_4_564.dqdimacs,19,7
./benchmark_tests/afterhqspre/PEC1/pec_bit_cell_arbiter_4_564.dqdimacs,24,7
./benchmark_tests/afterhqspre/PEC1/pec_bit_cell_arbiter_4_565.dqdimacs,0,33
./benchmark_tests/afterhqspre/PEC1/pec_bit_cell_arbiter_4_565.dqdimacs,16,8
./benchmark_tests/afterhqspre/PEC1/pec_bit_cell_arbiter_4_565.dqdimacs,18,8
./benchmark_tests/afterhqspre/PEC1/pec_bit_cell_arbiter_4_565.dqdimacs,19,8
./benchmark_tests/afterhqspre/PEC1/pec_bit_cell_arbiter_4_565.dqdimacs,21,9
./benchmark_tests/afterhqspre/PEC1/pec_bit_cell_arbiter_4_581.dqdimacs,0,33
./benchmark_tests/afterhqspre/PEC1/pec_bit_cell_arbiter_4_581.dqdimacs,3,7
./benchmark_tests/afterhqspre/PEC1/pec_bit_cell_arbiter_4_581.dqdimacs,14,7
./benchmark_tests/afterhqspre/PEC1/pec_bit_cell_arbiter_4_581.dqdimacs,17,7
./benchmark_tests/afterhqspre/PEC1/pec_bit_cell_arbiter_4_581.dqdimacs,21,7
./benchmark_tests/afterhqspre/PEC1/pec_bit_cell_arbiter_4_584.dqdimacs,0,28
./benchmark_tests/afterhqspre/PEC1/pec_bit_cell_arbiter_4_584.dqdimacs,16,7
./benchmark_tests/afterhqspre/PEC1/pec_bit_cell_arbiter_4_584.dqdimacs,24,7
./benchmark_tests/afterhqspre/PEC1/pec_bit_cell_arbiter_4_584.dqdimacs,26,7
./benchmark_tests/afterhqspre/PEC1/pec_bit_cell_arbiter_4_584.dqdimacs,28,7
./benchmark_tests/afterhqspre/PEC1/pec_bit_cell_arbiter_4_598.dqdimacs,0,25
./benchmark_tests/afterhqspre/PEC1/pec_bit_cell_arbiter_4_598.dqdimacs,6,8
./benchmark_tests/afterhqspre/PEC1/pec_bit_cell_arbiter_4_598.dqdimacs,10,8
./benchmark_tests/afterhqspre/PEC1/pec_bit_cell_arbiter_4_598.dqdimacs,16,9
./benchmark_tests/afterhqspre/PEC1/pec_bit_cell_arbiter_4_675.dqdimacs,0,29
./benchmark_tests/afterhqspre/PEC1/pec_bit_cell_arbiter_4_675.dqdimacs,14,8
./benchmark_tests/afterhqspre/PEC1/pec_bit_cell_arbiter_4_675.dqdimacs,16,8
./benchmark_tests/afterhqspre/PEC1/pec_bit_cell_arbiter_4_675.dqdimacs,17,8
./benchmark_tests/afterhqspre/PEC1/pec_bit_cell_arbiter_4_675.dqdimacs,21,7
./benchmark_tests/afterhqspre/PEC1/pec_bit_cell_arbiter_4_678.dqdimacs,0,27
./benchmark_tests/afterhqspre/PEC1/pec_bit_cell_arbiter_4_678.dqdimacs,13,8
./benchmark_tests/afterhqspre/PEC1/pec_bit_cell_arbiter_4_678.dqdimacs,24,8
./benchmark_tests/afterhqspre/PEC1/pec_bit_cell_arbiter_4_678.dqdimacs,26,8
./benchmark_tests/afterhqspre/PEC1/pec_bit_cell_arbiter_4_678.dqdimacs,27,8
./benchmark_tests/afterhqspre/PEC1/pec_bit_cell_arbiter_4_694.dqdimacs,0,26
./benchmark_tests/afterhqspre/PEC1/pec_bit_cell_arbiter_4_694.dqdimacs,17,8
./benchmark_tests/afterhqspre/PEC1/pec_bit_cell_arbiter_4_694.dqdimacs,19,10
./benchmark_tests/afterhqspre/PEC1/pec_bit_cell_arbiter_4_694.dqdimacs,20,11
./benchmark_tests/afterhqspre/PEC1/pec_bit_cell_arbiter_4_697.dqdimacs,0,28
./benchmark_tests/afterhqspre/PEC1/pec_bit_cell_arbiter_4_697.dqdimacs,4,7
./benchmark_tests/afterhqspre/PEC1/pec_bit_cell_arbiter_4_697.dqdimacs,9,7
./benchmark_tests/afterhqspre/PEC1/pec_bit_cell_arbiter_4_697.dqdimacs,17,7
./benchmark_tests/afterhqspre/PEC1/pec_bit_cell_arbiter_4_697.dqdimacs,23,7
./benchmark_tests/afterhqspre/PEC1/pec_bit_cell_arbiter_4_745.dqdimacs,0,27
./benchmark_tests/afterhqspre/PEC1/pec_bit_cell_arbiter_4_745.dqdimacs,10,8
./benchmark_tests/afterhqspre/PEC1/pec_bit_cell_arbiter_4_745.dqdimacs,23,8
./benchmark_tests/afterhqspre/PEC1/pec_bit_cell_arbiter_4_745.dqdimacs,24,8
./benchmark_tests/afterhqspre/PEC1/pec_bit_cell_arbiter_4_745.dqdimacs,25,8
./benchmark_tests/afterhqspre/PEC1/pec_bit_cell_arbiter_4_747.dqdimacs,0,34
./benchmark_tests/afterhqspre/PEC1/pec_bit_cell_arbiter_4_747.dqdimacs,13,8
./benchmark_tests/afterhqspre/PEC1/pec_bit_cell_arbiter_4_747.dqdimacs,22,8
./benchmark_tests/afterhqspre/PEC1/pec_bit_cell_arbiter_4_747.dqdimacs,25,8
./benchmark_tests/afterhqspre/PEC1/pec_bit_cell_arbiter_4_747.dqdimacs,27,8
./benchmark_tests/afterhqspre/PEC1/pec_bit_cell_arbiter_4_836.dqdimacs,0,26
./benchmark_tests/afterhqspre/PEC1/pec_bit_cell_arbiter_4_836.dqdimacs,5,8
./benchmark_tests/afterhqspre/PEC1/pec_bit_cell_arbiter_4_836.dqdimacs,9,7
./benchmark_tests/afterhqspre/PEC1/pec_bit_cell_arbiter_4_836.dqdimacs,17,7
./benchmark_tests/afterhqspre/PEC1/pec_bit_cell_arbiter_4_836.dqdimacs,18,7
./benchmark_tests/afterhqspre/PEC1/pec_bit_cell_arbiter_4_846.dqdimacs,0,26
./benchmark_tests/afterhqspre/PEC1/pec_bit_cell_arbiter_4_846.dqdimacs,7,7
./benchmark_tests/afterhqspre/PEC1/pec_bit_cell_arbiter_4_846.dqdimacs,10,7
./benchmark_tests/afterhqspre/PEC1/pec_bit_cell_arbiter_4_846.dqdimacs,22,7
./benchmark_tests/afterhqspre/PEC1/pec_bit_cell_arbiter_4_87.dqdimacs,0,26
./benchmark_tests/afterhqspre/PEC1/pec_bit_cell_arbiter_4_87.dqdimacs,10,8
./benchmark_tests/afterhqspre/PEC1/pec_bit_cell_arbiter_4_87.dqdimacs,21,8
./benchmark_tests/afterhqspre/PEC1/pec_bit_cell_arbiter_4_87.dqdimacs,23,8
./benchmark_tests/afterhqspre/PEC1/pec_bit_cell_arbiter_4_87.dqdimacs,24,8
./benchmark_tests/afterhqspre/PEC1/pec_bit_cell_arbiter_4_892.dqdimacs,0,27
./benchmark_tests/afterhqspre/PEC1/pec_bit_cell_arbiter_4_892.dqdimacs,7,7
./benchmark_tests/afterhqspre/PEC1/pec_bit_cell_arbiter_4_892.dqdimacs,10,7
./benchmark_tests/afterhqspre/PEC1/pec_bit_cell_arbiter_4_892.dqdimacs,22,7
./benchmark_tests/afterhqspre/PEC1/pec_bit_cell_arbiter_4_892.dqdimacs,23,7
./benchmark_tests/afterhqspre/PEC1/pec_bit_cell_arbiter_4_903.dqdimacs,0,26
./benchmark_tests/afterhqspre/PEC1/pec_bit_cell_arbiter_4_903.dqdimacs,2,7
./benchmark_tests/afterhqspre/PEC1/pec_bit_cell_arbiter_4_903.dqdimacs,12,7
./benchmark_tests/afterhqspre/PEC1/pec_bit_cell_arbiter_4_903.dqdimacs,20,9
./benchmark_tests/afterhqspre/PEC1/pec_bit_cell_arbiter_4_903.dqdimacs,21,9
./benchmark_tests/afterhqspre/PEC1/pec_bit_cell_arbiter_4_916.dqdimacs,0,29
./benchmark_tests/afterhqspre/PEC1/pec_bit_cell_arbiter_4_916.dqdimacs,11,7
./benchmark_tests/afterhqspre/PEC1/pec_bit_cell_arbiter_4_916.dqdimacs,19,7
./benchmark_tests/afterhqspre/PEC1/pec_bit_cell_arbiter_4_916.dqdimacs,20,7
./benchmark_tests/afterhqspre/PEC1/pec_bit_cell_arbiter_4_916.dqdimacs,22,7
./benchmark_tests/afterhqspre/PEC1/pec_bit_cell_arbiter_6_109.dqdimacs,0,33
./benchmark_tests/afterhqspre/PEC1/pec_bit_cell_arbiter_6_109.dqdimacs,3,7
./benchmark_tests/afterhqspre/PEC1/pec_bit_cell_arbiter_6_109.dqdimacs,21,7
./benchmark_tests/afterhqspre/PEC1/pec_bit_cell_arbiter_6_109.dqdimacs,25,8
./benchmark_tests/afterhqspre/PEC1/pec_bit_cell_arbiter_6_109.dqdimacs,26,7
./benchmark_tests/afterhqspre/PEC1/pec_bit_cell_arbiter_6_109.dqdimacs,28,7
./benchmark_tests/afterhqspre/PEC1/pec_bit_cell_arbiter_6_111.dqdimacs,0,36
./benchmark_tests/afterhqspre/PEC1/pec_bit_cell_arbiter_6_111.dqdimacs,15,7
./benchmark_tests/afterhqspre/PEC1/pec_bit_cell_arbiter_6_111.dqdimacs,18,7
./benchmark_tests/afterhqspre/PEC1/pec_bit_cell_arbiter_6_111.dqdimacs,21,7
./benchmark_tests/afterhqspre/PEC1/pec_bit_cell_arbiter_6_111.dqdimacs,28,7
./benchmark_tests/afterhqspre/PEC1/pec_bit_cell_arbiter_6_111.dqdimacs,32,7
./benchmark_tests/afterhqspre/PEC1/pec_bit_cell_arbiter_6_111.dqdimacs,34,7
./benchmark_tests/afterhqspre/PEC1/pec_bit_cell_arbiter_6_144.dqdimacs,0,26
./benchmark_tests/afterhqspre/PEC1/pec_bit_cell_arbiter_6_144.dqdimacs,4,7
./benchmark_tests/afterhqspre/PEC1/pec_bit_cell_arbiter_6_144.dqdimacs,6,7
./benchmark_tests/afterhqspre/PEC1/pec_bit_cell_arbiter_6_144.dqdimacs,14,7
./benchmark_tests/afterhqspre/PEC1/pec_bit_cell_arbiter_6_144.dqdimacs,18,7
./benchmark_tests/afterhqspre/PEC1/pec_bit_cell_arbiter_6_144.dqdimacs,19,7
./benchmark_tests/afterhqspre/PEC1/pec_bit_cell_arbiter_6_144.dqdimacs,21,7
./benchmark_tests/afterhqspre/PEC1/pec_bit_cell_arbiter_6_145.dqdimacs,0,27
./benchmark_tests/afterhqspre/PEC1/pec_bit_cell_arbiter_6_145.dqdimacs,13,7
./benchmark_tests/afterhqspre/PEC1/pec_bit_cell_arbiter_6_145.dqdimacs,20,7
./benchmark_tests/afterhqspre/PEC1/pec_bit_cell_arbiter_6_145.dqdimacs,22,7
./benchmark_tests/afterhqspre/PEC1/pec_bit_cell_arbiter_6_145.dqdimacs,23,7
./benchmark_tests/afterhqspre/PEC1/pec_bit_cell_arbiter_6_145.dqdimacs,27,7
./benchmark_tests/afterhqspre/PEC1/pec_bit_cell_arbiter_6_150.dqdimacs,0,28
./benchmark_tests/afterhqspre/PEC1/pec_bit_cell_arbiter_6_150.dqdimacs,10,7
./benchmark_tests/afterhqspre/PEC1/pec_bit_cell_arbiter_6_150.dqdimacs,22,7
./benchmark_tests/afterhqspre/PEC1/pec_bit_cell_arbiter_6_150.dqdimacs,24,7
./benchmark_tests/afterhqspre/PEC1/pec_bit_cell_arbiter_6_150.dqdimacs,26,7
./benchmark_tests/afterhqspre/PEC1/pec_bit_cell_arbiter_6_150.dqdimacs,27,7
./benchmark_tests/afterhqspre/PEC1/pec_bit_cell_arbiter_6_150.dqdimacs,29,7
./benchmark_tests/afterhqspre/PEC1/pec_bit_cell_arbiter_6_195.dqdimacs,0,28
./benchmark_tests/afterhqspre/PEC1/pec_bit_cell_arbiter_6_195.dqdimacs,12,8
./benchmark_tests/afterhqspre/PEC1/pec_bit_cell_arbiter_6_195.dqdimacs,17,7
./benchmark_tests/afterhqspre/PEC1/pec_bit_cell_arbiter_6_195.dqdimacs,24,7
./benchmark_tests/afterhqspre/PEC1/pec_bit_cell_arbiter_6_195.dqdimacs,26,7
./benchmark_tests/afterhqspre/PEC1/pec_bit_cell_arbiter_6_195.dqdimacs,28,7
./benchmark_tests/afterhqspre/PEC1/pec_bit_cell_arbiter_6_195.dqdimacs,30,7
./benchmark_tests/afterhqspre/PEC1/pec_bit_cell_arbiter_6_201.dqdimacs,0,28
./benchmark_tests/afterhqspre/PEC1/pec_bit_cell_arbiter_6_201.dqdimacs,7,7
./benchmark_tests/afterhqspre/PEC1/pec_bit_cell_arbiter_6_201.dqdimacs,9,7
./benchmark_tests/afterhqspre/PEC1/pec_bit_cell_arbiter_6_201.dqdimacs,14,7
./benchmark_tests/afterhqspre/PEC1/pec_bit_cell_arbiter_6_201.dqdimacs,19,7
./benchmark_tests/afterhqspre/PEC1/pec_bit_cell_arbiter_6_201.dqdimacs,23,7
./benchmark_tests/afterhqspre/PEC1/pec_bit_cell_arbiter_6_201.dqdimacs,27,7
./benchmark_tests/afterhqspre/PEC1/pec_bit_cell_arbiter_6_218.dqdimacs,0,39
./benchmark_tests/afterhqspre/PEC1/pec_bit_cell_arbiter_6_218.dqdimacs,5,8
./benchmark_tests/afterhqspre/PEC1/pec_bit_cell_arbiter_6_218.dqdimacs,9,7
./benchmark_tests/afterhqspre/PEC1/pec_bit_cell_arbiter_6_218.dqdimacs,15,7
./benchmark_tests/afterhqspre/PEC1/pec_bit_cell_arbiter_6_218.dqdimacs,28,7
./benchmark_tests/afterhqspre/PEC1/pec_bit_cell_arbiter_6_218.dqdimacs,30,8
./benchmark_tests/afterhqspre/PEC1/pec_bit_cell_arbiter_6_22.dqdimacs,0,36
./benchmark_tests/afterhqspre/PEC1/pec_bit_cell_arbiter_6_22.dqdimacs,7,8
./benchmark_tests/afterhqspre/PEC1/pec_bit_cell_arbiter_6_22.dqdimacs,12,7
./benchmark_tests/afterhqspre/PEC1/pec_bit_cell_arbiter_6_22.dqdimacs,16,7
./benchmark_tests/afterhqspre/PEC1/pec_bit_cell_arbiter_6_22.dqdimacs,27,8
./benchmark_tests/afterhqspre/PEC1/pec_bit_cell_arbiter_6_22.dqdimacs,29,9
./benchmark_tests/afterhqspre/PEC1/pec_bit_cell_arbiter_6_22.dqdimacs,30,8
./benchmark_tests/afterhqspre/PEC1/pec_bit_cell_arbiter_6_250.dqdimacs,0,28
./benchmark_tests/afterhqspre/PEC1/pec_bit_cell_arbiter_6_250.dqdimacs,14,8
./benchmark_tests/afterhqspre/PEC1/pec_bit_cell_arbiter_6_250.dqdimacs,27,7
./benchmark_tests/afterhqspre/PEC1/pec_bit_cell_arbiter_6_250.dqdimacs,28,7
./benchmark_tests/afterhqspre/PEC1/pec_bit_cell_arbiter_6_250.dqdimacs,30,7
./benchmark_tests/afterhqspre/PEC1/pec_bit_cell_arbiter_6_250.dqdimacs,31,7
./benchmark_tests/afterhqspre/PEC1/pec_bit_cell_arbiter_6_250.dqdimacs,32,7
./benchmark_tests/afterhqspre/PEC1/pec_bit_cell_arbiter_6_271.dqdimacs,0,33
./benchmark_tests/afterhqspre/PEC1/pec_bit_cell_arbiter_6_271.dqdimacs,10,7
./benchmark_tests/afterhqspre/PEC1/pec_bit_cell_arbiter_6_271.dqdimacs,13,7
./benchmark_tests/afterhqspre/PEC1/pec_bit_cell_arbiter_6_271.dqdimacs,20,7
./benchmark_tests/afterhqspre/PEC1/pec_bit_cell_arbiter_6_271.dqdimacs,22,7
./benchmark_tests/afterhqspre/PEC1/pec_bit_cell_arbiter_6_271.dqdimacs,25,7
./benchmark_tests/afterhqspre/PEC1/pec_bit_cell_arbiter_6_271.dqdimacs,27,7
./benchmark_tests/afterhqspre/PEC1/pec_bit_cell_arbiter_6_272.dqdimacs,0,32
./benchmark_tests/afterhqspre/PEC1/pec_bit_cell_arbiter_6_272.dqdimacs,2,8
./benchmark_tests/afterhqspre/PEC1/pec_bit_cell_arbiter_6_272.dqdimacs,9,7
./benchmark_tests/afterhqspre/PEC1/pec_bit_cell_arbiter_6_272.dqdimacs,15,7
./benchmark_tests/afterhqspre/PEC1/pec_bit_cell_arbiter_6_272.dqdimacs,27,7
./benchmark_tests/afterhqspre/PEC1/pec_bit_cell_arbiter_6_272.dqdimacs,28,7
./benchmark_tests/afterhqspre/PEC1/pec_bit_cell_arbiter_6_272.dqdimacs,30,8
./benchmark_tests/afterhqspre/PEC1/pec_bit_cell_arbiter_6_299.dqdimacs,0,28
./benchmark_tests/afterhqspre/PEC1/pec_bit_cell_arbiter_6_299.dqdimacs,14,7
./benchmark_tests/afterhqspre/PEC1/pec_bit_cell_arbiter_6_299.dqdimacs,20,7
./benchmark_tests/afterhqspre/PEC1/pec_bit_cell_arbiter_6_299.dqdimacs,22,7
./benchmark_tests/afterhqspre/PEC1/pec_bit_cell_arbiter_6_299.dqdimacs,23,7
./benchmark_tests/afterhqspre/PEC1/pec_bit_cell_arbiter_6_299.dqdimacs,25,7
./benchmark_tests/afterhqspre/PEC1/pec_bit_cell_arbiter_6_299.dqdimacs,28,7
./benchmark_tests/afterhqspre/PEC1/pec_bit_cell_arbiter_6_319.dqdimacs,0,35
./benchmark_tests/afterhqspre/PEC1/pec_bit_cell_arbiter_6_319.dqdimacs,9,7
./benchmark_tests/afterhqspre/PEC1/pec_bit_cell_arbiter_6_319.dqdimacs,13,7
./benchmark_tests/afterhqspre/PEC1/pec_bit_cell_arbiter_6_319.dqdimacs,18,7
./benchmark_tests/afterhqspre/PEC1/pec_bit_cell_arbiter_6_319.dqdimacs,28,7
./benchmark_tests/afterhqspre/PEC1/pec_bit_cell_arbiter_6_319.dqdimacs,31,7
./benchmark_tests/afterhqspre/PEC1/pec_bit_cell_arbiter_6_319.dqdimacs,32,7
./benchmark_tests/afterhqspre/PEC1/pec_bit_cell_arbiter_6_329.dqdimacs,0,36
./benchmark_tests/afterhqspre/PEC1/pec_bit_cell_arbiter_6_329.dqdimacs,11,8
./benchmark_tests/afterhqspre/PEC1/pec_bit_cell_arbiter_6_329.dqdimacs,15,7
./benchmark_tests/afterhqspre/PEC1/pec_bit_cell_arbiter_6_329.dqdimacs,22,7
./benchmark_tests/afterhqspre/PEC1/pec_bit_cell_arbiter_6_329.dqdimacs,24,7
./benchmark_tests/afterhqspre/PEC1/pec_bit_cell_arbiter_6_329.dqdimacs,25,8
./benchmark_tests/afterhqspre/PEC1/pec_bit_cell_arbiter_6_329.dqdimacs,29,8
./benchmark_tests/afterhqspre/PEC1/pec_bit_cell_arbiter_6_357.dqdimacs,0,27
./benchmark_tests/afterhqspre/PEC1/pec_bit_cell_arbiter_6_357.dqdimacs,8,7
./benchmark_tests/afterhqspre/PEC1/pec_bit_cell_arbiter_6_357.dqdimacs,22,7
./benchmark_tests/afterhqspre/PEC1/pec_bit_cell_arbiter_6_357.dqdimacs,24,7
./benchmark_tests/afterhqspre/PEC1/pec_bit_cell_arbiter_6_357.dqdimacs,25,7
./benchmark_tests/afterhqspre/PEC1/pec_bit_cell_arbiter_6_357.dqdimacs,27,7
./benchmark_tests/afterhqspre/PEC1/pec_bit_cell_arbiter_6_361.dqdimacs,0,28
./benchmark_tests/afterhqspre/PEC1/pec_bit_cell_arbiter_6_361.dqdimacs,11,8
./benchmark_tests/afterhqspre/PEC1/pec_bit_cell_arbiter_6_361.dqdimacs,20,7
./benchmark_tests/afterhqspre/PEC1/pec_bit_cell_arbiter_6_361.dqdimacs,25,7
./benchmark_tests/afterhqspre/PEC1/pec_bit_cell_arbiter_6_361.dqdimacs,27,7
./benchmark_tests/afterhqspre/PEC1/pec_bit_cell_arbiter_6_361.dqdimacs,29,7
./benchmark_tests/afterhqspre/PEC1/pec_bit_cell_arbiter_6_361.dqdimacs,32,8
./benchmark_tests/afterhqspre/PEC1/pec_bit_cell_arbiter_6_415.dqdimacs,0,34
./benchmark_tests/afterhqspre/PEC1/pec_bit_cell_arbiter_6_415.dqdimacs,8,7
./benchmark_tests/afterhqspre/PEC1/pec_bit_cell_arbiter_6_415.dqdimacs,14,7
./benchmark_tests/afterhqspre/PEC1/pec_bit_cell_arbiter_6_415.dqdimacs,21,7
./benchmark_tests/afterhqspre/PEC1/pec_bit_cell_arbiter_6_415.dqdimacs,24,7
./benchmark_tests/afterhqspre/PEC1/pec_bit_cell_arbiter_6_415.dqdimacs,26,8
./benchmark_tests/afterhqspre/PEC1/pec_bit_cell_arbiter_6_415.dqdimacs,28,8
./benchmark_tests/afterhqspre/PEC1/pec_bit_cell_arbiter_6_420.dqdimacs,0,33
./benchmark_tests/afterhqspre/PEC1/pec_bit_cell_arbiter_6_420.dqdimacs,2,7
./benchmark_tests/afterhqspre/PEC1/pec_bit_cell_arbiter_6_420.dqdimacs,4,7
./benchmark_tests/afterhqspre/PEC1/pec_bit_cell_arbiter_6_420.dqdimacs,6,7
./benchmark_tests/afterhqspre/PEC1/pec_bit_cell_arbiter_6_420.dqdimacs,23,7
./benchmark_tests/afterhqspre/PEC1/pec_bit_cell_arbiter_6_420.dqdimacs,28,7
./benchmark_tests/afterhqspre/PEC1/pec_bit_cell_arbiter_6_420.dqdimacs,31,7
./benchmark_tests/afterhqspre/PEC1/pec_bit_cell_arbiter_6_442.dqdimacs,0,36
./benchmark_tests/afterhqspre/PEC1/pec_bit_cell_arbiter_6_442.dqdimacs,12,7
./benchmark_tests/afterhqspre/PEC1/pec_bit_cell_arbiter_6_442.dqdimacs,19,7
./benchmark_tests/afterhqspre/PEC1/pec_bit_cell_arbiter_6_442.dqdimacs,26,7
./benchmark_tests/afterhqspre/PEC1/pec_bit_cell_arbiter_6_442.dqdimacs,28,7
./benchmark_tests/afterhqspre/PEC1/pec_bit_cell_arbiter_6_442.dqdimacs,30,7
./benchmark_tests/afterhqspre/PEC1/pec_bit_cell_arbiter_6_442.dqdimacs,32,7
./benchmark_tests/afterhqspre/PEC1/pec_bit_cell_arbiter_6_444.dqdimacs,0,29
./benchmark_tests/afterhqspre/PEC1/pec_bit_cell_arbiter_6_444.dqdimacs,7,7
./benchmark_tests/afterhqspre/PEC1/pec_bit_cell_arbiter_6_444.dqdimacs,17,7
./benchmark_tests/afterhqspre/PEC1/pec_bit_cell_arbiter_6_444.dqdimacs,22,7
./benchmark_tests/afterhqspre/PEC1/pec_bit_cell_arbiter_6_444.dqdimacs,25,7
./benchmark_tests/afterhqspre/PEC1/pec_bit_cell_arbiter_6_444.dqdimacs,29,7
./benchmark_tests/afterhqspre/PEC1/pec_bit_cell_arbiter_6_455.dqdimacs,0,28
./benchmark_tests/afterhqspre/PEC1/pec_bit_cell_arbiter_6_455.dqdimacs,14,7
./benchmark_tests/afterhqspre/PEC1/pec_bit_cell_arbiter_6_455.dqdimacs,24,7
./benchmark_tests/afterhqspre/PEC1/pec_bit_cell_arbiter_6_455.dqdimacs,29,7
./benchmark_tests/afterhqspre/PEC1/pec_bit_cell_arbiter_6_455.dqdimacs,31,7
./benchmark_tests/afterhqspre/PEC1/pec_bit_cell_arbiter_6_455.dqdimacs,33,7
./benchmark_tests/afterhqspre/PEC1/pec_bit_cell_arbiter_6_457.dqdimacs,0,28
./benchmark_tests/afterhqspre/PEC1/pec_bit_cell_arbiter_6_457.dqdimacs,19,7
./benchmark_tests/afterhqspre/PEC1/pec_bit_cell_arbiter_6_457.dqdimacs,25,7
./benchmark_tests/afterhqspre/PEC1/pec_bit_cell_arbiter_6_457.dqdimacs,27,7
./benchmark_tests/afterhqspre/PEC1/pec_bit_cell_arbiter_6_457.dqdimacs,28,7
./benchmark_tests/afterhqspre/PEC1/pec_bit_cell_arbiter_6_457.dqdimacs,30,7
./benchmark_tests/afterhqspre/PEC1/pec_bit_cell_arbiter_6_457.dqdimacs,32,7
./benchmark_tests/afterhqspre/PEC1/pec_bit_cell_arbiter_6_470.dqdimacs,0,27
./benchmark_tests/afterhqspre/PEC1/pec_bit_cell_arbiter_6_470.dqdimacs,13,7
./benchmark_tests/afterhqspre/PEC1/pec_bit_cell_arbiter_6_470.dqdimacs,15,7
./benchmark_tests/afterhqspre/PEC1/pec_bit_cell_arbiter_6_470.dqdimacs,24,7
./benchmark_tests/afterhqspre/PEC1/pec_bit_cell_arbiter_6_470.dqdimacs,26,7
./benchmark_tests/afterhqspre/PEC1/pec_bit_cell_arbiter_6_470.dqdimacs,27,7
./benchmark_tests/afterhqspre/PEC1/pec_bit_cell_arbiter_6_470.dqdimacs,29,7
./benchmark_tests/afterhqspre/PEC1/pec_bit_cell_arbiter_6_474.dqdimacs,0,27
./benchmark_tests/afterhqspre/PEC1/pec_bit_cell_arbiter_6_474.dqdimacs,21,8
./benchmark_tests/afterhqspre/PEC1/pec_bit_cell_arbiter_6_474.dqdimacs,25,8
./benchmark_tests/afterhqspre/PEC1/pec_bit_cell_arbiter_6_474.dqdimacs,26,8
./benchmark_tests/afterhqspre/PEC1/pec_bit_cell_arbiter_6_474.dqdimacs,27,7
./benchmark_tests/afterhqspre/PEC1/pec_bit_cell_arbiter_6_474.dqdimacs,29,7
./benchmark_tests/afterhqspre/PEC1/pec_bit_cell_arbiter_6_474.dqdimacs,31,7
./benchmark_tests/afterhqspre/PEC1/pec_bit_cell_arbiter_6_485.dqdimacs,0,35
./benchmark_tests/afterhqspre/PEC1/pec_bit_cell_arbiter_6_485.dqdimacs,9,7
./benchmark_tests/afterhqspre/PEC1/pec_bit_cell_arbiter_6_485.dqdimacs,19,7
./benchmark_tests/afterhqspre/PEC1/pec_bit_cell_arbiter_6_485.dqdimacs,22,7
./benchmark_tests/afterhqspre/PEC1/pec_bit_cell_arbiter_6_485.dqdimacs,26,7
./benchmark_tests/afterhqspre/PEC1/pec_bit_cell_arbiter_6_485.dqdimacs,29,7
./benchmark_tests/afterhqspre/PEC1/pec_bit_cell_arbiter_6_485.dqdimacs,33,7
./benchmark_tests/afterhqspre/PEC1/pec_bit_cell_arbiter_6_510.dqdimacs,0,37
./benchmark_tests/afterhqspre/PEC1/pec_bit_cell_arbiter_6_510.dqdimacs,6,8
./benchmark_tests/afterhqspre/PEC1/pec_bit_cell_arbiter_6_510.dqdimacs,10,7
./benchmark_tests/afterhqspre/PEC1/pec_bit_cell_arbiter_6_510.dqdimacs,13,7
./benchmark_tests/afterhqspre/PEC1/pec_bit_cell_arbiter_6_510.dqdimacs,17,8
./benchmark_tests/afterhqspre/PEC1/pec_bit_cell_arbiter_6_510.dqdimacs,26,8
./benchmark_tests/afterhqspre/PEC1/pec_bit_cell_arbiter_6_510.dqdimacs,28,8
./benchmark_tests/afterhqspre/PEC1/pec_bit_cell_arbiter_6_512.dqdimacs,0,34
./benchmark_tests/afterhqspre/PEC1/pec_bit_cell_arbiter_6_512.dqdimacs,9,7
./benchmark_tests/afterhqspre/PEC1/pec_bit_cell_arbiter_6_512.dqdimacs,14,7
./benchmark_tests/afterhqspre/PEC1/pec_bit_cell_arbiter_6_512.dqdimacs,25,7
./benchmark_tests/afterhqspre/PEC1/pec_bit_cell_arbiter_6_512.dqdimacs,27,7
./benchmark_tests/afterhqspre/PEC1/pec_bit_cell_arbiter_6_512.dqdimacs,29,8
./benchmark_tests/afterhqspre/PEC1/pec_bit_cell_arbiter_6_512.dqdimacs,30,8
./benchmark_tests/afterhqspre/PEC1/pec_bit_cell_arbiter_6_518.dqdimacs,0,32
./benchmark_tests/afterhqspre/PEC1/pec_bit_cell_arbiter_6_518.dqdimacs,5,7
./benchmark_tests/afterhqspre/PEC1/pec_bit_cell_arbiter_6_518.dqdimacs,16,7
./benchmark_tests/afterhqspre/PEC1/pec_bit_cell_arbiter_6_518.dqdimacs,28,7
./benchmark_tests/afterhqspre/PEC1/pec_bit_cell_arbiter_6_518.dqdimacs,30,7
./benchmark_tests/afterhqspre/PEC1/pec_bit_cell_arbiter_6_518.dqdimacs,31,7
./benchmark_tests/afterhqspre/PEC1/pec_bit_cell_arbiter_6_518.dqdimacs,32,7
./benchmark_tests/afterhqspre/PEC1/pec_bit_cell_arbiter_6_523.dqdimacs,0,34
./benchmark_tests/afterhqspre/PEC1/pec_bit_cell_arbiter_6_523.dqdimacs,6,7
./benchmark_tests/afterhqspre/PEC1/pec_bit_cell_arbiter_6_523.dqdimacs,15,7
./benchmark_tests/afterhqspre/PEC1/pec_bit_cell_arbiter_6_523.dqdimacs,20,7
./benchmark_tests/afterhqspre/PEC1/pec_bit_cell_arbiter_6_523.dqdimacs,22,7
./benchmark_tests/afterhqspre/PEC1/pec_bit_cell_arbiter_6_523.dqdimacs,24,8
./benchmark_tests/afterhqspre/PEC1/pec_bit_cell_arbiter_6_560.dqdimacs,0,27
./benchmark_tests/afterhqspre/PEC1/pec_bit_cell_arbiter_6_560.dqdimacs,10,9
./benchmark_tests/afterhqspre/PEC1/pec_bit_cell_arbiter_6_560.dqdimacs,21,9
./benchmark_tests/afterhqspre/PEC1/pec_bit_cell_arbiter_6_560.dqdimacs,27,8
./benchmark_tests/afterhqspre/PEC1/pec_bit_cell_arbiter_6_560.dqdimacs,28,9
./benchmark_tests/afterhqspre/PEC1/pec_bit_cell_arbiter_6_560.dqdimacs,30,8
./benchmark_tests/afterhqspre/PEC1/pec_bit_cell_arbiter_6_560.dqdimacs,31,9
./benchmark_tests/afterhqspre/PEC1/pec_bit_cell_arbiter_6_583.dqdimacs,0,28
./benchmark_tests/afterhqspre/PEC1/pec_bit_cell_arbiter_6_583.dqdimacs,7,8
./benchmark_tests/afterhqspre/PEC1/pec_bit_cell_arbiter_6_583.dqdimacs,16,7
./benchmark_tests/afterhqspre/PEC1/pec_bit_cell_arbiter_6_583.dqdimacs,21,7
./benchmark_tests/afterhqspre/PEC1/pec_bit_cell_arbiter_6_583.dqdimacs,22,7
./benchmark_tests/afterhqspre/PEC1/pec_bit_cell_arbiter_6_583.dqdimacs,24,7
./benchmark_tests/afterhqspre/PEC1/pec_bit_cell_arbiter_6_583.dqdimacs,27,7
./benchmark_tests/afterhqspre/PEC1/pec_bit_cell_arbiter_6_584.dqdimacs,0,40
./benchmark_tests/afterhqspre/PEC1/pec_bit_cell_arbiter_6_584.dqdimacs,4,8
./benchmark_tests/afterhqspre/PEC1/pec_bit_cell_arbiter_6_584.dqdimacs,7,8
./benchmark_tests/afterhqspre/PEC1/pec_bit_cell_arbiter_6_584.dqdimacs,11,8
./benchmark_tests/afterhqspre/PEC1/pec_bit_cell_arbiter_6_584.dqdimacs,16,8
./benchmark_tests/afterhqspre/PEC1/pec_bit_cell_arbiter_6_584.dqdimacs,22,8
./benchmark_tests/afterhqspre/PEC1/pec_bit_cell_arbiter_6_584.dqdimacs,29,8
./benchmark_tests/afterhqspre/PEC1/pec_bit_cell_arbiter_6_591.dqdimacs,0,29
./benchmark_tests/afterhqspre/PEC1/pec_bit_cell_arbiter_6_591.dqdimacs,7,8
./benchmark_tests/afterhqspre/PEC1/pec_bit_cell_arbiter_6_591.dqdimacs,17,8
./benchmark_tests/afterhqspre/PEC1/pec_bit_cell_arbiter_6_591.dqdimacs,25,8
./benchmark_tests/afterhqspre/PEC1/pec_bit_cell_arbiter_6_591.dqdimacs,27,8
./benchmark_tests/afterhqspre/PEC1/pec_bit_cell_arbiter_6_591.dqdimacs,29,8
./benchmark_tests/afterhqspre/PEC1/pec_bit_cell_arbiter_6_591.dqdimacs,30,8
./benchmark_tests/afterhqspre/PEC1/pec_bit_cell_arbiter_6_594.dqdimacs,0,42
./benchmark_tests/afterhqspre/PEC1/pec_bit_cell_arbiter_6_594.dqdimacs,6,8
./benchmark_tests/afterhqspre/PEC1/pec_bit_cell_arbiter_6_594.dqdimacs,8,8
./benchmark_tests/afterhqspre/PEC1/pec_bit_cell_arbiter_6_594.dqdimacs,10,8
./benchmark_tests/afterhqspre/PEC1/pec_bit_cell_arbiter_6_594.dqdimacs,18,8
./benchmark_tests/afterhqspre/PEC1/pec_bit_cell_arbiter_6_594.dqdimacs,23,8
./benchmark_tests/afterhqspre/PEC1/pec_bit_cell_arbiter_6_594.dqdimacs,31,8
./benchmark_tests/afterhqspre/PEC1/pec_bit_cell_arbiter_6_614.dqdimacs,0,32
./benchmark_tests/afterhqspre/PEC1/pec_bit_cell_arbiter_6_614.dqdimacs,11,7
./benchmark_tests/afterhqspre/PEC1/pec_bit_cell_arbiter_6_614.dqdimacs,14,7
./benchmark_tests/afterhqspre/PEC1/pec_bit_cell_arbiter_6_614.dqdimacs,21,7
./benchmark_tests/afterhqspre/PEC1/pec_bit_cell_arbiter_6_614.dqdimacs,24,7
./benchmark_tests/afterhqspre/PEC1/pec_bit_cell_arbiter_6_614.dqdimacs,26,7
./benchmark_tests/afterhqspre/PEC1/pec_bit_cell_arbiter_6_614.dqdimacs,29,11
./benchmark_tests/afterhqspre/PEC1/pec_bit_cell_arbiter_6_635.dqdimacs,0,28
./benchmark_tests/afterhqspre/PEC1/pec_bit_cell_arbiter_6_635.dqdimacs,21,8
./benchmark_tests/afterhqspre/PEC1/pec_bit_cell_arbiter_6_635.dqdimacs,25,7
./benchmark_tests/afterhqspre/PEC1/pec_bit_cell_arbiter_6_635.dqdimacs,27,7
./benchmark_tests/afterhqspre/PEC1/pec_bit_cell_arbiter_6_635.dqdimacs,28,8
./benchmark_tests/afterhqspre/PEC1/pec_bit_cell_arbiter_6_635.dqdimacs,29,7
./benchmark_tests/afterhqspre/PEC1/pec_bit_cell_arbiter_6_635.dqdimacs,33,7
./benchmark_tests/afterhqspre/PEC1/pec_bit_cell_arbiter_6_663.dqdimacs,0,34
./benchmark_tests/afterhqspre/PEC1/pec_bit_cell_arbiter_6_663.dqdimacs,10,7
./benchmark_tests/afterhqspre/PEC1/pec_bit_cell_arbiter_6_663.dqdimacs,17,7
./benchmark_tests/afterhqspre/PEC1/pec_bit_cell_arbiter_6_663.dqdimacs,22,7
./benchmark_tests/afterhqspre/PEC1/pec_bit_cell_arbiter_6_663.dqdimacs,27,7
./benchmark_tests/afterhqspre/PEC1/pec_bit_cell_arbiter_6_663.dqdimacs,30,7
./benchmark_tests/afterhqspre/PEC1/pec_bit_cell_arbiter_6_663.dqdimacs,32,7
./benchmark_tests/afterhqspre/PEC1/pec_bit_cell_arbiter_6_664.dqdimacs,0,33
./benchmark_tests/afterhqspre/PEC1/pec_bit_cell_arbiter_6_664.dqdimacs,6,8
./benchmark_tests/afterhqspre/PEC1/pec_bit_cell_arbiter_6_664.dqdimacs,16,7
./benchmark_tests/afterhqspre/PEC1/pec_bit_cell_arbiter_6_664.dqdimacs,21,7
./benchmark_tests/afterhqspre/PEC1/pec_bit_cell_arbiter_6_664.dqdimacs,24,7
./benchmark_tests/afterhqspre/PEC1/pec_bit_cell_arbiter_6_664.dqdimacs,27,7
./benchmark_tests/afterhqspre/PEC1/pec_bit_cell_arbiter_6_664.dqdimacs,31,7
./benchmark_tests/afterhqspre/PEC1/pec_bit_cell_arbiter_6_67.dqdimacs,0,31
./benchmark_tests/afterhqspre/PEC1/pec_bit_cell_arbiter_6_67.dqdimacs,2,8
./benchmark_tests/afterhqspre/PEC1/pec_bit_cell_arbiter_6_67.dqdimacs,10,7
./benchmark_tests/afterhqspre/PEC1/pec_bit_cell_arbiter_6_67.dqdimacs,21,7
./benchmark_tests/afterhqspre/PEC1/pec_bit_cell_arbiter_6_67.dqdimacs,24,7
./benchmark_tests/afterhqspre/PEC1/pec_bit_cell_arbiter_6_67.dqdimacs,26,7
./benchmark_tests/afterhqspre/PEC1/pec_bit_cell_arbiter_6_67.dqdimacs,28,7
./benchmark_tests/afterhqspre/PEC1/pec_bit_cell_arbiter_6_683.dqdimacs,0,36
./benchmark_tests/afterhqspre/PEC1/pec_bit_cell_arbiter_6_683.dqdimacs,15,7
./benchmark_tests/afterhqspre/PEC1/pec_bit_cell_arbiter_6_683.dqdimacs,27,7
./benchmark_tests/afterhqspre/PEC1/pec_bit_cell_arbiter_6_683.dqdimacs,29,7
./benchmark_tests/afterhqspre/PEC1/pec_bit_cell_arbiter_6_683.dqdimacs,30,8
./benchmark_tests/afterhqspre/PEC1/pec_bit_cell_arbiter_6_683.dqdimacs,31,8
./benchmark_tests/afterhqspre/PEC1/pec_bit_cell_arbiter_6_683.dqdimacs,32,8
./benchmark_tests/afterhqspre/PEC1/pec_bit_cell_arbiter_6_692.dqdimacs,0,33
./benchmark_tests/afterhqspre/PEC1/pec_bit_cell_arbiter_6_692.dqdimacs,2,7
./benchmark_tests/afterhqspre/PEC1/pec_bit_cell_arbiter_6_692.dqdimacs,15,7
./benchmark_tests/afterhqspre/PEC1/pec_bit_cell_arbiter_6_692.dqdimacs,27,8
./benchmark_tests/afterhqspre/PEC1/pec_bit_cell_arbiter_6_692.dqdimacs,28,8
./benchmark_tests/afterhqspre/PEC1/pec_bit_cell_arbiter_6_692.dqdimacs,30,8
./benchmark_tests/afterhqspre/PEC1/pec_bit_cell_arbiter_6_692.dqdimacs,32,8
./benchmark_tests/afterhqspre/PEC1/pec_bit_cell_arbiter_6_739.dqdimacs,0,31
./benchmark_tests/afterhqspre/PEC1/pec_bit_cell_arbiter_6_739.dqdimacs,6,7
./benchmark_tests/afterhqspre/PEC1/pec_bit_cell_arbiter_6_739.dqdimacs,8,7
./benchmark_tests/afterhqspre/PEC1/pec_bit_cell_arbiter_6_739.dqdimacs,19,7
./benchmark_tests/afterhqspre/PEC1/pec_bit_cell_arbiter_6_739.dqdimacs,21,7
./benchmark_tests/afterhqspre/PEC1/pec_bit_cell_arbiter_6_739.dqdimacs,24,7
./benchmark_tests/afterhqspre/PEC1/pec_bit_cell_arbiter_6_739.dqdimacs,26,7
./benchmark_tests/afterhqspre/PEC1/pec_bit_cell_arbiter_6_750.dqdimacs,0,28
./benchmark_tests/afterhqspre/PEC1/pec_bit_cell_arbiter_6_750.dqdimacs,10,7
./benchmark_tests/afterhqspre/PEC1/pec_bit_cell_arbiter_6_750.dqdimacs,19,7
./benchmark_tests/afterhqspre/PEC1/pec_bit_cell_arbiter_6_750.dqdimacs,23,7
./benchmark_tests/afterhqspre/PEC1/pec_bit_cell_arbiter_6_750.dqdimacs,25,7
./benchmark_tests/afterhqspre/PEC1/pec_bit_cell_arbiter_6_750.dqdimacs,27,7
./benchmark_tests/afterhqspre/PEC1/pec_bit_cell_arbiter_6_750.dqdimacs,30,7
./benchmark_tests/afterhqspre/PEC1/pec_bit_cell_arbiter_6_758.dqdimacs,0,32
./benchmark_tests/afterhqspre/PEC1/pec_bit_cell_arbiter_6_758.dqdimacs,17,7
./benchmark_tests/afterhqspre/PEC1/pec_bit_cell_arbiter_6_758.dqdimacs,25,7
./benchmark_tests/afterhqspre/PEC1/pec_bit_cell_arbiter_6_758.dqdimacs,29,7
./benchmark_tests/afterhqspre/PEC1/pec_bit_cell_arbiter_6_758.dqdimacs,31,7
./benchmark_tests/afterhqspre/PEC1/pec_bit_cell_arbiter_6_758.dqdimacs,33,7
./benchmark_tests/afterhqspre/PEC1/pec_bit_cell_arbiter_6_758.dqdimacs,35,8
./benchmark_tests/afterhqspre/PEC1/pec_bit_cell_arbiter_6_778.dqdimacs,0,35
./benchmark_tests/afterhqspre/PEC1/pec_bit_cell_arbiter_6_778.dqdimacs,20,8
./benchmark_tests/afterhqspre/PEC1/pec_bit_cell_arbiter_6_778.dqdimacs,23,8
./benchmark_tests/afterhqspre/PEC1/pec_bit_cell_arbiter_6_778.dqdimacs,27,8
./benchmark_tests/afterhqspre/PEC1/pec_bit_cell_arbiter_6_778.dqdimacs,29,8
./benchmark_tests/afterhqspre/PEC1/pec_bit_cell_arbiter_6_778.dqdimacs,30,7
./benchmark_tests/afterhqspre/PEC1/pec_bit_cell_arbiter_6_778.dqdimacs,34,8
./benchmark_tests/afterhqspre/PEC1/pec_bit_cell_arbiter_6_795.dqdimacs,0,40
./benchmark_tests/afterhqspre/PEC1/pec_bit_cell_arbiter_6_795.dqdimacs,22,8
./benchmark_tests/afterhqspre/PEC1/pec_bit_cell_arbiter_6_795.dqdimacs,27,8
./benchmark_tests/afterhqspre/PEC1/pec_bit_cell_arbiter_6_795.dqdimacs,28,8
./benchmark_tests/afterhqspre/PEC1/pec_bit_cell_arbiter_6_795.dqdimacs,29,8
./benchmark_tests/afterhqspre/PEC1/pec_bit_cell_arbiter_6_795.dqdimacs,31,10
./benchmark_tests/afterhqspre/PEC1/pec_bit_cell_arbiter_6_795.dqdimacs,32,9
./benchmark_tests/afterhqspre/PEC1/pec_bit_cell_arbiter_6_818.dqdimacs,0,33
./benchmark_tests/afterhqspre/PEC1/pec_bit_cell_arbiter_6_818.dqdimacs,6,8
./benchmark_tests/afterhqspre/PEC1/pec_bit_cell_arbiter_6_818.dqdimacs,20,8
./benchmark_tests/afterhqspre/PEC1/pec_bit_cell_arbiter_6_818.dqdimacs,23,8
./benchmark_tests/afterhqspre/PEC1/pec_bit_cell_arbiter_6_818.dqdimacs,24,8
./benchmark_tests/afterhqspre/PEC1/pec_bit_cell_arbiter_6_818.dqdimacs,25,10
./benchmark_tests/afterhqspre/PEC1/pec_bit_cell_arbiter_6_818.dqdimacs,28,9
./benchmark_tests/afterhqspre/PEC1/pec_bit_cell_arbiter_6_819.dqdimacs,0,39
./benchmark_tests/afterhqspre/PEC1/pec_bit_cell_arbiter_6_819.dqdimacs,5,8
./benchmark_tests/afterhqspre/PEC1/pec_bit_cell_arbiter_6_819.dqdimacs,10,8
./benchmark_tests/afterhqspre/PEC1/pec_bit_cell_arbiter_6_819.dqdimacs,26,9
./benchmark_tests/afterhqspre/PEC1/pec_bit_cell_arbiter_6_819.dqdimacs,30,9
./benchmark_tests/afterhqspre/PEC1/pec_bit_cell_arbiter_6_819.dqdimacs,31,8
./benchmark_tests/afterhqspre/PEC1/pec_bit_cell_arbiter_6_819.dqdimacs,33,8
./benchmark_tests/afterhqspre/PEC1/pec_bit_cell_arbiter_6_825.dqdimacs,0,33
./benchmark_tests/afterhqspre/PEC1/pec_bit_cell_arbiter_6_825.dqdimacs,8,8
./benchmark_tests/afterhqspre/PEC1/pec_bit_cell_arbiter_6_825.dqdimacs,12,8
./benchmark_tests/afterhqspre/PEC1/pec_bit_cell_arbiter_6_825.dqdimacs,20,7
./benchmark_tests/afterhqspre/PEC1/pec_bit_cell_arbiter_6_825.dqdimacs,25,8
./benchmark_tests/afterhqspre/PEC1/pec_bit_cell_arbiter_6_825.dqdimacs,29,8
./benchmark_tests/afterhqspre/PEC1/pec_bit_cell_arbiter_6_82.dqdimacs,0,28
./benchmark_tests/afterhqspre/PEC1/pec_bit_cell_arbiter_6_82.dqdimacs,13,8
./benchmark_tests/afterhqspre/PEC1/pec_bit_cell_arbiter_6_82.dqdimacs,22,8
./benchmark_tests/afterhqspre/PEC1/pec_bit_cell_arbiter_6_82.dqdimacs,24,8
./benchmark_tests/afterhqspre/PEC1/pec_bit_cell_arbiter_6_82.dqdimacs,25,8
./benchmark_tests/afterhqspre/PEC1/pec_bit_cell_arbiter_6_82.dqdimacs,27,8
./benchmark_tests/afterhqspre/PEC1/pec_bit_cell_arbiter_6_82.dqdimacs,30,8
./benchmark_tests/afterhqspre/PEC1/pec_bit_cell_arbiter_6_835.dqdimacs,0,33
./benchmark_tests/afterhqspre/PEC1/pec_bit_cell_arbiter_6_835.dqdimacs,9,8
./benchmark_tests/afterhqspre/PEC1/pec_bit_cell_arbiter_6_835.dqdimacs,12,8
./benchmark_tests/afterhqspre/PEC1/pec_bit_cell_arbiter_6_835.dqdimacs,15,8
./benchmark_tests/afterhqspre/PEC1/pec_bit_cell_arbiter_6_835.dqdimacs,19,8
./benchmark_tests/afterhqspre/PEC1/pec_bit_cell_arbiter_6_835.dqdimacs,22,7
./benchmark_tests/afterhqspre/PEC1/pec_bit_cell_arbiter_6_835.dqdimacs,27,8
./benchmark_tests/afterhqspre/PEC1/pec_bit_cell_arbiter_6_842.dqdimacs,0,42
./benchmark_tests/afterhqspre/PEC1/pec_bit_cell_arbiter_6_842.dqdimacs,9,9
./benchmark_tests/afterhqspre/PEC1/pec_bit_cell_arbiter_6_842.dqdimacs,17,9
./benchmark_tests/afterhqspre/PEC1/pec_bit_cell_arbiter_6_842.dqdimacs,27,7
./benchmark_tests/afterhqspre/PEC1/pec_bit_cell_arbiter_6_842.dqdimacs,28,7
./benchmark_tests/afterhqspre/PEC1/pec_bit_cell_arbiter_6_842.dqdimacs,30,7
./benchmark_tests/afterhqspre/PEC1/pec_bit_cell_arbiter_6_842.dqdimacs,31,7
./benchmark_tests/afterhqspre/PEC1/pec_bit_cell_arbiter_6_854.dqdimacs,0,31
./benchmark_tests/afterhqspre/PEC1/pec_bit_cell_arbiter_6_854.dqdimacs,20,8
./benchmark_tests/afterhqspre/PEC1/pec_bit_cell_arbiter_6_854.dqdimacs,23,8
./benchmark_tests/afterhqspre/PEC1/pec_bit_cell_arbiter_6_854.dqdimacs,28,8
./benchmark_tests/afterhqspre/PEC1/pec_bit_cell_arbiter_6_854.dqdimacs,29,8
./benchmark_tests/afterhqspre/PEC1/pec_bit_cell_arbiter_6_854.dqdimacs,32,8
./benchmark_tests/afterhqspre/PEC1/pec_bit_cell_arbiter_6_854.dqdimacs,33,8
./benchmark_tests/afterhqspre/PEC1/pec_bit_cell_arbiter_6_871.dqdimacs,0,35
./benchmark_tests/afterhqspre/PEC1/pec_bit_cell_arbiter_6_871.dqdimacs,11,8
./benchmark_tests/afterhqspre/PEC1/pec_bit_cell_arbiter_6_871.dqdimacs,19,8
./benchmark_tests/afterhqspre/PEC1/pec_bit_cell_arbiter_6_871.dqdimacs,24,8
./benchmark_tests/afterhqspre/PEC1/pec_bit_cell_arbiter_6_871.dqdimacs,26,8
./benchmark_tests/afterhqspre/PEC1/pec_bit_cell_arbiter_6_871.dqdimacs,28,7
./benchmark_tests/afterhqspre/PEC1/pec_bit_cell_arbiter_6_871.dqdimacs,30,8
./benchmark_tests/afterhqspre/PEC1/pec_bit_cell_arbiter_6_877.dqdimacs,0,32
./benchmark_tests/afterhqspre/PEC1/pec_bit_cell_arbiter_6_877.dqdimacs,12,7
./benchmark_tests/afterhqspre/PEC1/pec_bit_cell_arbiter_6_877.dqdimacs,21,7
./benchmark_tests/afterhqspre/PEC1/pec_bit_cell_arbiter_6_877.dqdimacs,29,7
./benchmark_tests/afterhqspre/PEC1/pec_bit_cell_arbiter_6_877.dqdimacs,31,7
./benchmark_tests/afterhqspre/PEC1/pec_bit_cell_arbiter_6_877.dqdimacs,32,7
./benchmark_tests/afterhqspre/PEC1/pec_bit_cell_arbiter_6_877.dqdimacs,34,7
./benchmark_tests/afterhqspre/PEC1/pec_bit_cell_arbiter_6_890.dqdimacs,0,35
./benchmark_tests/afterhqspre/PEC1/pec_bit_cell_arbiter_6_890.dqdimacs,12,8
./benchmark_tests/afterhqspre/PEC1/pec_bit_cell_arbiter_6_890.dqdimacs,16,8
./benchmark_tests/afterhqspre/PEC1/pec_bit_cell_arbiter_6_890.dqdimacs,24,8
./benchmark_tests/afterhqspre/PEC1/pec_bit_cell_arbiter_6_890.dqdimacs,26,7
./benchmark_tests/afterhqspre/PEC1/pec_bit_cell_arbiter_6_890.dqdimacs,29,8
./benchmark_tests/afterhqspre/PEC1/pec_bit_cell_arbiter_6_890.dqdimacs,31,9
./benchmark_tests/afterhqspre/PEC1/pec_bit_cell_arbiter_6_906.dqdimacs,0,37
./benchmark_tests/afterhqspre/PEC1/pec_bit_cell_arbiter_6_906.dqdimacs,28,8
./benchmark_tests/afterhqspre/PEC1/pec_bit_cell_arbiter_6_906.dqdimacs,29,7
./benchmark_tests/afterhqspre/PEC1/pec_bit_cell_arbiter_6_906.dqdimacs,30,7
./benchmark_tests/afterhqspre/PEC1/pec_bit_cell_arbiter_6_906.dqdimacs,31,8
./benchmark_tests/afterhqspre/PEC1/pec_bit_cell_arbiter_6_906.dqdimacs,32,8
./benchmark_tests/afterhqspre/PEC1/pec_bit_cell_arbiter_6_906.dqdimacs,33,8
./benchmark_tests/afterhqspre/PEC1/pec_bit_cell_arbiter_6_909.dqdimacs,0,28
./benchmark_tests/afterhqspre/PEC1/pec_bit_cell_arbiter_6_909.dqdimacs,7,7
./benchmark_tests/afterhqspre/PEC1/pec_bit_cell_arbiter_6_909.dqdimacs,19,7
./benchmark_tests/afterhqspre/PEC1/pec_bit_cell_arbiter_6_909.dqdimacs,24,7
./benchmark_tests/afterhqspre/PEC1/pec_bit_cell_arbiter_6_909.dqdimacs,25,7
./benchmark_tests/afterhqspre/PEC1/pec_bit_cell_arbiter_6_909.dqdimacs,27,7
./benchmark_tests/afterhqspre/PEC1/pec_bit_cell_arbiter_6_909.dqdimacs,29,7
./benchmark_tests/afterhqspre/PEC1/pec_bit_cell_arbiter_6_948.dqdimacs,0,32
./benchmark_tests/afterhqspre/PEC1/pec_bit_cell_arbiter_6_948.dqdimacs,7,8
./benchmark_tests/afterhqspre/PEC1/pec_bit_cell_arbiter_6_948.dqdimacs,14,8
./benchmark_tests/afterhqspre/PEC1/pec_bit_cell_arbiter_6_948.dqdimacs,17,8
./benchmark_tests/afterhqspre/PEC1/pec_bit_cell_arbiter_6_948.dqdimacs,28,8
./benchmark_tests/afterhqspre/PEC1/pec_bit_cell_arbiter_6_948.dqdimacs,31,8
./benchmark_tests/afterhqspre/PEC1/pec_bit_cell_arbiter_6_948.dqdimacs,33,8
./benchmark_tests/afterhqspre/PEC1/pec_bit_cell_arbiter_6_950.dqdimacs,0,36
./benchmark_tests/afterhqspre/PEC1/pec_bit_cell_arbiter_6_950.dqdimacs,2,8
./benchmark_tests/afterhqspre/PEC1/pec_bit_cell_arbiter_6_950.dqdimacs,5,8
./benchmark_tests/afterhqspre/PEC1/pec_bit_cell_arbiter_6_950.dqdimacs,8,8
./benchmark_tests/afterhqspre/PEC1/pec_bit_cell_arbiter_6_950.dqdimacs,18,7
./benchmark_tests/afterhqspre/PEC1/pec_bit_cell_arbiter_6_950.dqdimacs,30,7
./benchmark_tests/afterhqspre/PEC1/pec_bit_cell_arbiter_6_950.dqdimacs,31,7
./benchmark_tests/afterhqspre/PEC1/pec_bit_cell_arbiter_6_95.dqdimacs,0,28
./benchmark_tests/afterhqspre/PEC1/pec_bit_cell_arbiter_6_95.dqdimacs,5,8
./benchmark_tests/afterhqspre/PEC1/pec_bit_cell_arbiter_6_95.dqdimacs,14,8
./benchmark_tests/afterhqspre/PEC1/pec_bit_cell_arbiter_6_95.dqdimacs,17,8
./benchmark_tests/afterhqspre/PEC1/pec_bit_cell_arbiter_6_95.dqdimacs,20,7
./benchmark_tests/afterhqspre/PEC1/pec_bit_cell_arbiter_6_95.dqdimacs,21,8
./benchmark_tests/afterhqspre/PEC1/pec_bit_cell_arbiter_6_95.dqdimacs,26,7
./benchmark_tests/afterhqspre/PEC1/pec_bit_cell_arbiter_6_967.dqdimacs,0,31
./benchmark_tests/afterhqspre/PEC1/pec_bit_cell_arbiter_6_967.dqdimacs,12,8
./benchmark_tests/afterhqspre/PEC1/pec_bit_cell_arbiter_6_967.dqdimacs,18,7
./benchmark_tests/afterhqspre/PEC1/pec_bit_cell_arbiter_6_967.dqdimacs,23,7
./benchmark_tests/afterhqspre/PEC1/pec_bit_cell_arbiter_6_967.dqdimacs,26,7
./benchmark_tests/afterhqspre/PEC1/pec_bit_cell_arbiter_6_967.dqdimacs,28,7
./benchmark_tests/afterhqspre/PEC1/pec_bit_cell_arbiter_6_967.dqdimacs,30,7
./benchmark_tests/afterhqspre/PEC1/pec_bit_cell_arbiter_6_994.dqdimacs,0,29
./benchmark_tests/afterhqspre/PEC1/pec_bit_cell_arbiter_6_994.dqdimacs,6,8
./benchmark_tests/afterhqspre/PEC1/pec_bit_cell_arbiter_6_994.dqdimacs,12,8
./benchmark_tests/afterhqspre/PEC1/pec_bit_cell_arbiter_6_994.dqdimacs,24,8
./benchmark_tests/afterhqspre/PEC1/pec_bit_cell_arbiter_6_994.dqdimacs,26,8
./benchmark_tests/afterhqspre/PEC1/pec_bit_cell_arbiter_6_994.dqdimacs,27,8
./benchmark_tests/afterhqspre/PEC1/pec_bit_cell_arbiter_6_994.dqdimacs,29,8
./benchmark_tests/afterhqspre/PEC1/pec_look_ahead_arbiter_2_727.dqdimacs,0,36
./benchmark_tests/afterhqspre/PEC1/pec_look_ahead_arbiter_2_727.dqdimacs,10,8
./benchmark_tests/afterhqspre/PEC1/pec_look_ahead_arbiter_2_727.dqdimacs,23,8
./benchmark_tests/afterhqspre/PEC1/pec_look_ahead_arbiter_2_727.dqdimacs,24,8
./benchmark_tests/afterhqspre/PEC1/pec_look_ahead_arbiter_2_727.dqdimacs,26,8
./benchmark_tests/afterhqspre/PEC1/pec_look_ahead_arbiter_4_125.dqdimacs,0,31
./benchmark_tests/afterhqspre/PEC1/pec_look_ahead_arbiter_4_125.dqdimacs,29,8
./benchmark_tests/afterhqspre/PEC1/pec_look_ahead_arbiter_4_125.dqdimacs,30,8
./benchmark_tests/afterhqspre/PEC1/pec_look_ahead_arbiter_4_125.dqdimacs,31,8
./benchmark_tests/afterhqspre/PEC1/pec_look_ahead_arbiter_4_125.dqdimacs,33,8
./benchmark_tests/afterhqspre/PEC1/pec_look_ahead_arbiter_4_145.dqdimacs,0,30
./benchmark_tests/afterhqspre/PEC1/pec_look_ahead_arbiter_4_145.dqdimacs,22,8
./benchmark_tests/afterhqspre/PEC1/pec_look_ahead_arbiter_4_145.dqdimacs,23,7
./benchmark_tests/afterhqspre/PEC1/pec_look_ahead_arbiter_4_145.dqdimacs,24,7
./benchmark_tests/afterhqspre/PEC1/pec_look_ahead_arbiter_4_14.dqdimacs,0,26
./benchmark_tests/afterhqspre/PEC1/pec_look_ahead_arbiter_4_14.dqdimacs,29,8
./benchmark_tests/afterhqspre/PEC1/pec_look_ahead_arbiter_4_14.dqdimacs,30,8
./benchmark_tests/afterhqspre/PEC1/pec_look_ahead_arbiter_4_14.dqdimacs,31,8
./benchmark_tests/afterhqspre/PEC1/pec_look_ahead_arbiter_4_14.dqdimacs,32,8
./benchmark_tests/afterhqspre/PEC1/pec_look_ahead_arbiter_4_168.dqdimacs,0,25
./benchmark_tests/afterhqspre/PEC1/pec_look_ahead_arbiter_4_168.dqdimacs,17,8
./benchmark_tests/afterhqspre/PEC1/pec_look_ahead_arbiter_4_168.dqdimacs,18,7
./benchmark_tests/afterhqspre/PEC1/pec_look_ahead_arbiter_4_168.dqdimacs,21,9
./benchmark_tests/afterhqspre/PEC1/pec_look_ahead_arbiter_4_18.dqdimacs,0,40
./benchmark_tests/afterhqspre/PEC1/pec_look_ahead_arbiter_4_18.dqdimacs,31,8
./benchmark_tests/afterhqspre/PEC1/pec_look_ahead_arbiter_4_18.dqdimacs,32,8
./benchmark_tests/afterhqspre/PEC1/pec_look_ahead_arbiter_4_18.dqdimacs,33,8
./benchmark_tests/afterhqspre/PEC1/pec_look_ahead_arbiter_4_18.dqdimacs,34,9
./benchmark_tests/afterhqspre/PEC1/pec_look_ahead_arbiter_4_18.dqdimacs,35,9
./benchmark_tests/afterhqspre/PEC1/pec_look_ahead_arbiter_4_206.dqdimacs,0,26
./benchmark_tests/afterhqspre/PEC1/pec_look_ahead_arbiter_4_206.dqdimacs,17,7
./benchmark_tests/afterhqspre/PEC1/pec_look_ahead_arbiter_4_206.dqdimacs,18,7
./benchmark_tests/afterhqspre/PEC1/pec_look_ahead_arbiter_4_206.dqdimacs,27,7
./benchmark_tests/afterhqspre/PEC1/pec_look_ahead_arbiter_4_206.dqdimacs,29,7
./benchmark_tests/afterhqspre/PEC1/pec_look_ahead_arbiter_4_250.dqdimacs,0,31
./benchmark_tests/afterhqspre/PEC1/pec_look_ahead_arbiter_4_250.dqdimacs,14,8
./benchmark_tests/afterhqspre/PEC1/pec_look_ahead_arbiter_4_250.dqdimacs,30,8
./benchmark_tests/afterhqspre/PEC1/pec_look_ahead_arbiter_4_250.dqdimacs,32,7
./benchmark_tests/afterhqspre/PEC1/pec_look_ahead_arbiter_4_250.dqdimacs,33,7
./benchmark_tests/afterhqspre/PEC1/pec_look_ahead_arbiter_4_251.dqdimacs,0,25
./benchmark_tests/afterhqspre/PEC1/pec_look_ahead_arbiter_4_251.dqdimacs,8,7
./benchmark_tests/afterhqspre/PEC1/pec_look_ahead_arbiter_4_251.dqdimacs,16,7
./benchmark_tests/afterhqspre/PEC1/pec_look_ahead_arbiter_4_251.dqdimacs,18,7
./benchmark_tests/afterhqspre/PEC1/pec_look_ahead_arbiter_4_265.dqdimacs,0,28
./benchmark_tests/afterhqspre/PEC1/pec_look_ahead_arbiter_4_265.dqdimacs,17,7
./benchmark_tests/afterhqspre/PEC1/pec_look_ahead_arbiter_4_265.dqdimacs,25,7
./benchmark_tests/afterhqspre/PEC1/pec_look_ahead_arbiter_4_265.dqdimacs,28,7
./benchmark_tests/afterhqspre/PEC1/pec_look_ahead_arbiter_4_265.dqdimacs,29,7
./benchmark_tests/afterhqspre/PEC1/pec_look_ahead_arbiter_4_309.dqdimacs,0,29
./benchmark_tests/afterhqspre/PEC1/pec_look_ahead_arbiter_4_309.dqdimacs,25,8
./benchmark_tests/afterhqspre/PEC1/pec_look_ahead_arbiter_4_309.dqdimacs,26,7
./benchmark_tests/afterhqspre/PEC1/pec_look_ahead_arbiter_4_309.dqdimacs,27,7
./benchmark_tests/afterhqspre/PEC1/pec_look_ahead_arbiter_4_309.dqdimacs,29,7
./benchmark_tests/afterhqspre/PEC1/pec_look_ahead_arbiter_4_314.dqdimacs,0,33
./benchmark_tests/afterhqspre/PEC1/pec_look_ahead_arbiter_4_314.dqdimacs,23,7
./benchmark_tests/afterhqspre/PEC1/pec_look_ahead_arbiter_4_314.dqdimacs,25,7
./benchmark_tests/afterhqspre/PEC1/pec_look_ahead_arbiter_4_314.dqdimacs,28,7
./benchmark_tests/afterhqspre/PEC1/pec_look_ahead_arbiter_4_314.dqdimacs,31,7
./benchmark_tests/afterhqspre/PEC1/pec_look_ahead_arbiter_4_347.dqdimacs,0,33
./benchmark_tests/afterhqspre/PEC1/pec_look_ahead_arbiter_4_347.dqdimacs,21,7
./benchmark_tests/afterhqspre/PEC1/pec_look_ahead_arbiter_4_347.dqdimacs,23,7
./benchmark_tests/afterhqspre/PEC1/pec_look_ahead_arbiter_4_347.dqdimacs,25,7
./benchmark_tests/afterhqspre/PEC1/pec_look_ahead_arbiter_4_355.dqdimacs,0,34
./benchmark_tests/afterhqspre/PEC1/pec_look_ahead_arbiter_4_355.dqdimacs,18,8
./benchmark_tests/afterhqspre/PEC1/pec_look_ahead_arbiter_4_355.dqdimacs,24,7
./benchmark_tests/afterhqspre/PEC1/pec_look_ahead_arbiter_4_355.dqdimacs,25,7
./benchmark_tests/afterhqspre/PEC1/pec_look_ahead_arbiter_4_355.dqdimacs,28,8
./benchmark_tests/afterhqspre/PEC1/pec_look_ahead_arbiter_4_379.dqdimacs,0,36
./benchmark_tests/afterhqspre/PEC1/pec_look_ahead_arbiter_4_379.dqdimacs,20,7
./benchmark_tests/afterhqspre/PEC1/pec_look_ahead_arbiter_4_379.dqdimacs,23,7
./benchmark_tests/afterhqspre/PEC1/pec_look_ahead_arbiter_4_379.dqdimacs,24,7
./benchmark_tests/afterhqspre/PEC1/pec_look_ahead_arbiter_4_430.dqdimacs,0,47
./benchmark_tests/afterhqspre/PEC1/pec_look_ahead_arbiter_4_430.dqdimacs,11,8
./benchmark_tests/afterhqspre/PEC1/pec_look_ahead_arbiter_4_430.dqdimacs,25,7
./benchmark_tests/afterhqspre/PEC1/pec_look_ahead_arbiter_4_430.dqdimacs,28,8
./benchmark_tests/afterhqspre/PEC1/pec_look_ahead_arbiter_4_430.dqdimacs,31,9
./benchmark_tests/afterhqspre/PEC1/pec_look_ahead_arbiter_4_430.dqdimacs,32,8
./benchmark_tests/afterhqspre/PEC1/pec_look_ahead_arbiter_4_445.dqdimacs,0,28
./benchmark_tests/afterhqspre/PEC1/pec_look_ahead_arbiter_4_445.dqdimacs,17,14
./benchmark_tests/afterhqspre/PEC1/pec_look_ahead_arbiter_4_445.dqdimacs,18,15
./benchmark_tests/afterhqspre/PEC1/pec_look_ahead_arbiter_4_445.dqdimacs,20,13
./benchmark_tests/afterhqspre/PEC1/pec_look_ahead_arbiter_4_445.dqdimacs,22,8
./benchmark_tests/afterhqspre/PEC1/pec_look_ahead_arbiter_4_445.dqdimacs,23,8
./benchmark_tests/afterhqspre/PEC1/pec_look_ahead_arbiter_4_478.dqdimacs,0,40
./benchmark_tests/afterhqspre/PEC1/pec_look_ahead_arbiter_4_478.dqdimacs,12,8
./benchmark_tests/afterhqspre/PEC1/pec_look_ahead_arbiter_4_478.dqdimacs,29,8
./benchmark_tests/afterhqspre/PEC1/pec_look_ahead_arbiter_4_478.dqdimacs,30,8
./benchmark_tests/afterhqspre/PEC1/pec_look_ahead_arbiter_4_478.dqdimacs,31,9
./benchmark_tests/afterhqspre/PEC1/pec_look_ahead_arbiter_4_495.dqdimacs,0,28
./benchmark_tests/afterhqspre/PEC1/pec_look_ahead_arbiter_4_495.dqdimacs,27,8
./benchmark_tests/afterhqspre/PEC1/pec_look_ahead_arbiter_4_495.dqdimacs,28,7
./benchmark_tests/afterhqspre/PEC1/pec_look_ahead_arbiter_4_495.dqdimacs,30,7
./benchmark_tests/afterhqspre/PEC1/pec_look_ahead_arbiter_4_507.dqdimacs,0,25
./benchmark_tests/afterhqspre/PEC1/pec_look_ahead_arbiter_4_507.dqdimacs,16,7
./benchmark_tests/afterhqspre/PEC1/pec_look_ahead_arbiter_4_507.dqdimacs,17,7
./benchmark_tests/afterhqspre/PEC1/pec_look_ahead_arbiter_4_507.dqdimacs,19,7
./benchmark_tests/afterhqspre/PEC1/pec_look_ahead_arbiter_4_507.dqdimacs,21,7
./benchmark_tests/afterhqspre/PEC1/pec_look_ahead_arbiter_4_511.dqdimacs,0,25
./benchmark_tests/afterhqspre/PEC1/pec_look_ahead_arbiter_4_511.dqdimacs,11,7
./benchmark_tests/afterhqspre/PEC1/pec_look_ahead_arbiter_4_511.dqdimacs,17,7
./benchmark_tests/afterhqspre/PEC1/pec_look_ahead_arbiter_4_511.dqdimacs,20,7
./benchmark_tests/afterhqspre/PEC1/pec_look_ahead_arbiter_4_511.dqdimacs,22,7
./benchmark_tests/afterhqspre/PEC1/pec_look_ahead_arbiter_4_530.dqdimacs,0,25
./benchmark_tests/afterhqspre/PEC1/pec_look_ahead_arbiter_4_530.dqdimacs,6,7
./benchmark_tests/afterhqspre/PEC1/pec_look_ahead_arbiter_4_530.dqdimacs,9,7
./benchmark_tests/afterhqspre/PEC1/pec_look_ahead_arbiter_4_530.dqdimacs,15,7
./benchmark_tests/afterhqspre/PEC1/pec_look_ahead_arbiter_4_530.dqdimacs,18,7
./benchmark_tests/afterhqspre/PEC1/pec_look_ahead_arbiter_4_560.dqdimacs,0,27
./benchmark_tests/afterhqspre/PEC1/pec_look_ahead_arbiter_4_560.dqdimacs,23,8
./benchmark_tests/afterhqspre/PEC1/pec_look_ahead_arbiter_4_560.dqdimacs,24,9
./benchmark_tests/afterhqspre/PEC1/pec_look_ahead_arbiter_4_560.dqdimacs,27,8
./benchmark_tests/afterhqspre/PEC1/pec_look_ahead_arbiter_4_564.dqdimacs,0,26
./benchmark_tests/afterhqspre/PEC1/pec_look_ahead_arbiter_4_564.dqdimacs,14,7
./benchmark_tests/afterhqspre/PEC1/pec_look_ahead_arbiter_4_564.dqdimacs,20,7
./benchmark_tests/afterhqspre/PEC1/pec_look_ahead_arbiter_4_564.dqdimacs,21,7
./benchmark_tests/afterhqspre/PEC1/pec_look_ahead_arbiter_4_564.dqdimacs,23,7
./benchmark_tests/afterhqspre/PEC1/pec_look_ahead_arbiter_4_564.dqdimacs,27,7
./benchmark_tests/afterhqspre/PEC1/pec_look_ahead_arbiter_4_579.dqdimacs,0,27
./benchmark_tests/afterhqspre/PEC1/pec_look_ahead_arbiter_4_579.dqdimacs,22,7
./benchmark_tests/afterhqspre/PEC1/pec_look_ahead_arbiter_4_579.dqdimacs,23,7
./benchmark_tests/afterhqspre/PEC1/pec_look_ahead_arbiter_4_579.dqdimacs,27,7
./benchmark_tests/afterhqspre/PEC1/pec_look_ahead_arbiter_4_579.dqdimacs,29,7
./benchmark_tests/afterhqspre/PEC1/pec_look_ahead_arbiter_4_597.dqdimacs,0,25
./benchmark_tests/afterhqspre/PEC1/pec_look_ahead_arbiter_4_597.dqdimacs,16,8
./benchmark_tests/afterhqspre/PEC1/pec_look_ahead_arbiter_4_597.dqdimacs,20,8
./benchmark_tests/afterhqspre/PEC1/pec_look_ahead_arbiter_4_597.dqdimacs,21,8
./benchmark_tests/afterhqspre/PEC1/pec_look_ahead_arbiter_4_605.dqdimacs,0,27
./benchmark_tests/afterhqspre/PEC1/pec_look_ahead_arbiter_4_605.dqdimacs,28,8
./benchmark_tests/afterhqspre/PEC1/pec_look_ahead_arbiter_4_605.dqdimacs,29,8
./benchmark_tests/afterhqspre/PEC1/pec_look_ahead_arbiter_4_605.dqdimacs,30,8
./benchmark_tests/afterhqspre/PEC1/pec_look_ahead_arbiter_4_605.dqdimacs,31,8
./benchmark_tests/afterhqspre/PEC1/pec_look_ahead_arbiter_4_609.dqdimacs,0,38
./benchmark_tests/afterhqspre/PEC1/pec_look_ahead_arbiter_4_609.dqdimacs,26,8
./benchmark_tests/afterhqspre/PEC1/pec_look_ahead_arbiter_4_609.dqdimacs,28,8
./benchmark_tests/afterhqspre/PEC1/pec_look_ahead_arbiter_4_609.dqdimacs,30,7
./benchmark_tests/afterhqspre/PEC1/pec_look_ahead_arbiter_4_609.dqdimacs,31,7
./benchmark_tests/afterhqspre/PEC1/pec_look_ahead_arbiter_4_619.dqdimacs,0,28
./benchmark_tests/afterhqspre/PEC1/pec_look_ahead_arbiter_4_619.dqdimacs,12,8
./benchmark_tests/afterhqspre/PEC1/pec_look_ahead_arbiter_4_619.dqdimacs,23,8
./benchmark_tests/afterhqspre/PEC1/pec_look_ahead_arbiter_4_619.dqdimacs,24,8
./benchmark_tests/afterhqspre/PEC1/pec_look_ahead_arbiter_4_645.dqdimacs,0,29
./benchmark_tests/afterhqspre/PEC1/pec_look_ahead_arbiter_4_645.dqdimacs,2,8
./benchmark_tests/afterhqspre/PEC1/pec_look_ahead_arbiter_4_645.dqdimacs,24,7
./benchmark_tests/afterhqspre/PEC1/pec_look_ahead_arbiter_4_645.dqdimacs,25,7
./benchmark_tests/afterhqspre/PEC1/pec_look_ahead_arbiter_4_645.dqdimacs,28,7
./benchmark_tests/afterhqspre/PEC1/pec_look_ahead_arbiter_4_656.dqdimacs,0,26
./benchmark_tests/afterhqspre/PEC1/pec_look_ahead_arbiter_4_656.dqdimacs,26,8
./benchmark_tests/afterhqspre/PEC1/pec_look_ahead_arbiter_4_656.dqdimacs,27,10
./benchmark_tests/afterhqspre/PEC1/pec_look_ahead_arbiter_4_656.dqdimacs,28,8
./benchmark_tests/afterhqspre/PEC1/pec_look_ahead_arbiter_4_694.dqdimacs,0,29
./benchmark_tests/afterhqspre/PEC1/pec_look_ahead_arbiter_4_694.dqdimacs,20,8
./benchmark_tests/afterhqspre/PEC1/pec_look_ahead_arbiter_4_694.dqdimacs,28,8
./benchmark_tests/afterhqspre/PEC1/pec_look_ahead_arbiter_4_694.dqdimacs,29,7
./benchmark_tests/afterhqspre/PEC1/pec_look_ahead_arbiter_4_694.dqdimacs,30,7
./benchmark_tests/afterhqspre/PEC1/pec_look_ahead_arbiter_4_695.dqdimacs,0,26
./benchmark_tests/afterhqspre/PEC1/pec_look_ahead_arbiter_4_695.dqdimacs,6,7
./benchmark_tests/afterhqspre/PEC1/pec_look_ahead_arbiter_4_695.dqdimacs,9,7
./benchmark_tests/afterhqspre/PEC1/pec_look_ahead_arbiter_4_695.dqdimacs,13,8
./benchmark_tests/afterhqspre/PEC1/pec_look_ahead_arbiter_4_695.dqdimacs,18,7
./benchmark_tests/afterhqspre/PEC1/pec_look_ahead_arbiter_4_72.dqdimacs,0,34
./benchmark_tests/afterhqspre/PEC1/pec_look_ahead_arbiter_4_741.dqdimacs,0,27
./benchmark_tests/afterhqspre/PEC1/pec_look_ahead_arbiter_4_741.dqdimacs,22,8
./benchmark_tests/afterhqspre/PEC1/pec_look_ahead_arbiter_4_741.dqdimacs,23,7
./benchmark_tests/afterhqspre/PEC1/pec_look_ahead_arbiter_4_741.dqdimacs,25,7
./benchmark_tests/afterhqspre/PEC1/pec_look_ahead_arbiter_4_751.dqdimacs,0,27
./benchmark_tests/afterhqspre/PEC1/pec_look_ahead_arbiter_4_751.dqdimacs,2,8
./benchmark_tests/afterhqspre/PEC1/pec_look_ahead_arbiter_4_751.dqdimacs,21,7
./benchmark_tests/afterhqspre/PEC1/pec_look_ahead_arbiter_4_751.dqdimacs,22,7
./benchmark_tests/afterhqspre/PEC1/pec_look_ahead_arbiter_4_793.dqdimacs,0,27
./benchmark_tests/afterhqspre/PEC1/pec_look_ahead_arbiter_4_793.dqdimacs,27,8
./benchmark_tests/afterhqspre/PEC1/pec_look_ahead_arbiter_4_793.dqdimacs,28,7
./benchmark_tests/afterhqspre/PEC1/pec_look_ahead_arbiter_4_793.dqdimacs,29,7
./benchmark_tests/afterhqspre/PEC1/pec_look_ahead_arbiter_4_793.dqdimacs,30,7
./benchmark_tests/afterhqspre/PEC1/pec_look_ahead_arbiter_4_797.dqdimacs,0,27
./benchmark_tests/afterhqspre/PEC1/pec_look_ahead_arbiter_4_797.dqdimacs,2,7
./benchmark_tests/afterhqspre/PEC1/pec_look_ahead_arbiter_4_797.dqdimacs,3,7
./benchmark_tests/afterhqspre/PEC1/pec_look_ahead_arbiter_4_797.dqdimacs,6,7
./benchmark_tests/afterhqspre/PEC1/pec_look_ahead_arbiter_4_797.dqdimacs,24,7
./benchmark_tests/afterhqspre/PEC1/pec_look_ahead_arbiter_4_803.dqdimacs,0,25
./benchmark_tests/afterhqspre/PEC1/pec_look_ahead_arbiter_4_803.dqdimacs,13,7
./benchmark_tests/afterhqspre/PEC1/pec_look_ahead_arbiter_4_803.dqdimacs,18,7
./benchmark_tests/afterhqspre/PEC1/pec_look_ahead_arbiter_4_803.dqdimacs,27,7
./benchmark_tests/afterhqspre/PEC1/pec_look_ahead_arbiter_4_825.dqdimacs,0,25
./benchmark_tests/afterhqspre/PEC1/pec_look_ahead_arbiter_4_825.dqdimacs,18,8
./benchmark_tests/afterhqspre/PEC1/pec_look_ahead_arbiter_4_825.dqdimacs,20,7
./benchmark_tests/afterhqspre/PEC1/pec_look_ahead_arbiter_4_825.dqdimacs,21,7
./benchmark_tests/afterhqspre/PEC1/pec_look_ahead_arbiter_4_833.dqdimacs,0,29
./benchmark_tests/afterhqspre/PEC1/pec_look_ahead_arbiter_4_833.dqdimacs,32,8
./benchmark_tests/afterhqspre/PEC1/pec_look_ahead_arbiter_4_833.dqdimacs,33,7
./benchmark_tests/afterhqspre/PEC1/pec_look_ahead_arbiter_4_833.dqdimacs,34,7
./benchmark_tests/afterhqspre/PEC1/pec_look_ahead_arbiter_4_833.dqdimacs,35,7
./benchmark_tests/afterhqspre/PEC1/pec_look_ahead_arbiter_4_836.dqdimacs,0,27
./benchmark_tests/afterhqspre/PEC1/pec_look_ahead_arbiter_4_836.dqdimacs,24,7
./benchmark_tests/afterhqspre/PEC1/pec_look_ahead_arbiter_4_836.dqdimacs,28,7
./benchmark_tests/afterhqspre/PEC1/pec_look_ahead_arbiter_4_836.dqdimacs,29,8
./benchmark_tests/afterhqspre/PEC1/pec_look_ahead_arbiter_4_836.dqdimacs,32,7
./benchmark_tests/afterhqspre/PEC1/pec_look_ahead_arbiter_4_846.dqdimacs,0,27
./benchmark_tests/afterhqspre/PEC1/pec_look_ahead_arbiter_4_846.dqdimacs,26,8
./benchmark_tests/afterhqspre/PEC1/pec_look_ahead_arbiter_4_846.dqdimacs,27,7
./benchmark_tests/afterhqspre/PEC1/pec_look_ahead_arbiter_4_846.dqdimacs,29,8
./benchmark_tests/afterhqspre/PEC1/pec_look_ahead_arbiter_4_854.dqdimacs,0,26
./benchmark_tests/afterhqspre/PEC1/pec_look_ahead_arbiter_4_854.dqdimacs,5,7
./benchmark_tests/afterhqspre/PEC1/pec_look_ahead_arbiter_4_854.dqdimacs,18,7
./benchmark_tests/afterhqspre/PEC1/pec_look_ahead_arbiter_4_854.dqdimacs,20,7
./benchmark_tests/afterhqspre/PEC1/pec_look_ahead_arbiter_4_854.dqdimacs,21,7
./benchmark_tests/afterhqspre/PEC1/pec_look_ahead_arbiter_4_856.dqdimacs,0,29
./benchmark_tests/afterhqspre/PEC1/pec_look_ahead_arbiter_4_856.dqdimacs,8,9
./benchmark_tests/afterhqspre/PEC1/pec_look_ahead_arbiter_4_856.dqdimacs,28,8
./benchmark_tests/afterhqspre/PEC1/pec_look_ahead_arbiter_4_856.dqdimacs,29,7
./benchmark_tests/afterhqspre/PEC1/pec_look_ahead_arbiter_4_856.dqdimacs,30,7
./benchmark_tests/afterhqspre/PEC1/pec_look_ahead_arbiter_4_893.dqdimacs,0,24
./benchmark_tests/afterhqspre/PEC1/pec_look_ahead_arbiter_4_893.dqdimacs,2,7
./benchmark_tests/afterhqspre/PEC1/pec_look_ahead_arbiter_4_893.dqdimacs,9,6
./benchmark_tests/afterhqspre/PEC1/pec_look_ahead_arbiter_4_893.dqdimacs,11,6
./benchmark_tests/afterhqspre/PEC1/pec_look_ahead_arbiter_4_893.dqdimacs,16,7
./benchmark_tests/afterhqspre/PEC1/pec_look_ahead_arbiter_4_898.dqdimacs,0,33
./benchmark_tests/afterhqspre/PEC1/pec_look_ahead_arbiter_4_898.dqdimacs,11,8
./benchmark_tests/afterhqspre/PEC1/pec_look_ahead_arbiter_4_898.dqdimacs,13,8
./benchmark_tests/afterhqspre/PEC1/pec_look_ahead_arbiter_4_898.dqdimacs,20,7
./benchmark_tests/afterhqspre/PEC1/pec_look_ahead_arbiter_4_898.dqdimacs,23,7
./benchmark_tests/afterhqspre/PEC1/pec_look_ahead_arbiter_4_922.dqdimacs,0,25
./benchmark_tests/afterhqspre/PEC1/pec_look_ahead_arbiter_4_922.dqdimacs,18,7
./benchmark_tests/afterhqspre/PEC1/pec_look_ahead_arbiter_4_922.dqdimacs,19,7
./benchmark_tests/afterhqspre/PEC1/pec_look_ahead_arbiter_4_922.dqdimacs,20,7
./benchmark_tests/afterhqspre/PEC1/pec_look_ahead_arbiter_4_937.dqdimacs,0,41
./benchmark_tests/afterhqspre/PEC1/pec_look_ahead_arbiter_4_937.dqdimacs,31,8
./benchmark_tests/afterhqspre/PEC1/pec_look_ahead_arbiter_4_937.dqdimacs,32,7
./benchmark_tests/afterhqspre/PEC1/pec_look_ahead_arbiter_4_937.dqdimacs,33,8
./benchmark_tests/afterhqspre/PEC1/pec_look_ahead_arbiter_4_937.dqdimacs,34,8
./benchmark_tests/afterhqspre/PEC1/pec_look_ahead_arbiter_4_942.dqdimacs,0,33
./benchmark_tests/afterhqspre/PEC1/pec_look_ahead_arbiter_4_942.dqdimacs,21,7
./benchmark_tests/afterhqspre/PEC1/pec_look_ahead_arbiter_4_942.dqdimacs,29,7
./benchmark_tests/afterhqspre/PEC1/pec_look_ahead_arbiter_4_942.dqdimacs,30,7
./benchmark_tests/afterhqspre/PEC1/pec_look_ahead_arbiter_4_942.dqdimacs,31,7
./benchmark_tests/afterhqspre/PEC1/pec_look_ahead_arbiter_4_983.dqdimacs,0,27
./benchmark_tests/afterhqspre/PEC1/pec_look_ahead_arbiter_4_983.dqdimacs,28,8
./benchmark_tests/afterhqspre/PEC1/pec_look_ahead_arbiter_4_983.dqdimacs,29,7
./benchmark_tests/afterhqspre/PEC1/pec_look_ahead_arbiter_4_983.dqdimacs,30,7
./benchmark_tests/afterhqspre/PEC1/pec_look_ahead_arbiter_4_984.dqdimacs,0,27
./benchmark_tests/afterhqspre/PEC1/pec_look_ahead_arbiter_4_984.dqdimacs,10,8
./benchmark_tests/afterhqspre/PEC1/pec_look_ahead_arbiter_4_984.dqdimacs,21,7
./benchmark_tests/afterhqspre/PEC1/pec_look_ahead_arbiter_4_984.dqdimacs,23,7
./benchmark_tests/afterhqspre/PEC1/pec_look_ahead_arbiter_4_984.dqdimacs,26,7
./benchmark_tests/afterhqspre/PEC1/pec_look_ahead_arbiter_4_984.dqdimacs,28,7
./benchmark_tests/afterhqspre/PEC1/pec_look_ahead_arbiter_6_100.dqdimacs,0,31
./benchmark_tests/afterhqspre/PEC1/pec_look_ahead_arbiter_6_100.dqdimacs,6,8
./benchmark_tests/afterhqspre/PEC1/pec_look_ahead_arbiter_6_100.dqdimacs,34,7
./benchmark_tests/afterhqspre/PEC1/pec_look_ahead_arbiter_6_100.dqdimacs,35,7
./benchmark_tests/afterhqspre/PEC1/pec_look_ahead_arbiter_6_100.dqdimacs,36,7
./benchmark_tests/afterhqspre/PEC1/pec_look_ahead_arbiter_6_100.dqdimacs,38,8
./benchmark_tests/afterhqspre/PEC1/pec_look_ahead_arbiter_6_100.dqdimacs,39,8
./benchmark_tests/afterhqspre/PEC1/pec_look_ahead_arbiter_6_103.dqdimacs,0,29
./benchmark_tests/afterhqspre/PEC1/pec_look_ahead_arbiter_6_103.dqdimacs,2,8
./benchmark_tests/afterhqspre/PEC1/pec_look_ahead_arbiter_6_103.dqdimacs,7,8
./benchmark_tests/afterhqspre/PEC1/pec_look_ahead_arbiter_6_103.dqdimacs,25,8
./benchmark_tests/afterhqspre/PEC1/pec_look_ahead_arbiter_6_103.dqdimacs,26,8
./benchmark_tests/afterhqspre/PEC1/pec_look_ahead_arbiter_6_113.dqdimacs,0,26
./benchmark_tests/afterhqspre/PEC1/pec_look_ahead_arbiter_6_126.dqdimacs,0,33
./benchmark_tests/afterhqspre/PEC1/pec_look_ahead_arbiter_6_126.dqdimacs,15,8
./benchmark_tests/afterhqspre/PEC1/pec_look_ahead_arbiter_6_126.dqdimacs,28,7
./benchmark_tests/afterhqspre/PEC1/pec_look_ahead_arbiter_6_126.dqdimacs,29,7
./benchmark_tests/afterhqspre/PEC1/pec_look_ahead_arbiter_6_126.dqdimacs,30,7
./benchmark_tests/afterhqspre/PEC1/pec_look_ahead_arbiter_6_126.dqdimacs,31,8
./benchmark_tests/afterhqspre/PEC1/pec_look_ahead_arbiter_6_129.dqdimacs,0,29
./benchmark_tests/afterhqspre/PEC1/pec_look_ahead_arbiter_6_129.dqdimacs,5,8
./benchmark_tests/afterhqspre/PEC1/pec_look_ahead_arbiter_6_129.dqdimacs,7,8
./benchmark_tests/afterhqspre/PEC1/pec_look_ahead_arbiter_6_129.dqdimacs,10,8
./benchmark_tests/afterhqspre/PEC1/pec_look_ahead_arbiter_6_129.dqdimacs,28,8
./benchmark_tests/afterhqspre/PEC1/pec_look_ahead_arbiter_6_129.dqdimacs,30,7
./benchmark_tests/afterhqspre/PEC1/pec_look_ahead_arbiter_6_129.dqdimacs,31,7
./benchmark_tests/afterhqspre/PEC1/pec_look_ahead_arbiter_6_165.dqdimacs,0,33
./benchmark_tests/afterhqspre/PEC1/pec_look_ahead_arbiter_6_165.dqdimacs,15,7
./benchmark_tests/afterhqspre/PEC1/pec_look_ahead_arbiter_6_165.dqdimacs,16,7
./benchmark_tests/afterhqspre/PEC1/pec_look_ahead_arbiter_6_165.dqdimacs,19,7
./benchmark_tests/afterhqspre/PEC1/pec_look_ahead_arbiter_6_165.dqdimacs,23,7
./benchmark_tests/afterhqspre/PEC1/pec_look_ahead_arbiter_6_165.dqdimacs,26,7
./benchmark_tests/afterhqspre/PEC1/pec_look_ahead_arbiter_6_165.dqdimacs,29,8
./benchmark_tests/afterhqspre/PEC1/pec_look_ahead_arbiter_6_178.dqdimacs,0,37
./benchmark_tests/afterhqspre/PEC1/pec_look_ahead_arbiter_6_178.dqdimacs,31,9
./benchmark_tests/afterhqspre/PEC1/pec_look_ahead_arbiter_6_178.dqdimacs,34,8
./benchmark_tests/afterhqspre/PEC1/pec_look_ahead_arbiter_6_178.dqdimacs,36,8
./benchmark_tests/afterhqspre/PEC1/pec_look_ahead_arbiter_6_178.dqdimacs,37,8
./benchmark_tests/afterhqspre/PEC1/pec_look_ahead_arbiter_6_178.dqdimacs,38,8
./benchmark_tests/afterhqspre/PEC1/pec_look_ahead_arbiter_6_178.dqdimacs,39,8
./benchmark_tests/afterhqspre/PEC1/pec_look_ahead_arbiter_6_178.dqdimacs,40,8
./benchmark_tests/afterhqspre/PEC1/pec_look_ahead_arbiter_6_182.dqdimacs,0,29
./benchmark_tests/afterhqspre/PEC1/pec_look_ahead_arbiter_6_182.dqdimacs,9,8
./benchmark_tests/afterhqspre/PEC1/pec_look_ahead_arbiter_6_182.dqdimacs,14,7
./benchmark_tests/afterhqspre/PEC1/pec_look_ahead_arbiter_6_182.dqdimacs,21,7
./benchmark_tests/afterhqspre/PEC1/pec_look_ahead_arbiter_6_182.dqdimacs,27,7
./benchmark_tests/afterhqspre/PEC1/pec_look_ahead_arbiter_6_182.dqdimacs,28,8
./benchmark_tests/afterhqspre/PEC1/pec_look_ahead_arbiter_6_182.dqdimacs,31,8
./benchmark_tests/afterhqspre/PEC1/pec_look_ahead_arbiter_6_191.dqdimacs,0,27
./benchmark_tests/afterhqspre/PEC1/pec_look_ahead_arbiter_6_191.dqdimacs,13,8
./benchmark_tests/afterhqspre/PEC1/pec_look_ahead_arbiter_6_191.dqdimacs,28,8
./benchmark_tests/afterhqspre/PEC1/pec_look_ahead_arbiter_6_191.dqdimacs,31,7
./benchmark_tests/afterhqspre/PEC1/pec_look_ahead_arbiter_6_191.dqdimacs,32,7
./benchmark_tests/afterhqspre/PEC1/pec_look_ahead_arbiter_6_191.dqdimacs,33,7
./benchmark_tests/afterhqspre/PEC1/pec_look_ahead_arbiter_6_191.dqdimacs,34,7
./benchmark_tests/afterhqspre/PEC1/pec_look_ahead_arbiter_6_215.dqdimacs,0,33
./benchmark_tests/afterhqspre/PEC1/pec_look_ahead_arbiter_6_215.dqdimacs,20,7
./benchmark_tests/afterhqspre/PEC1/pec_look_ahead_arbiter_6_215.dqdimacs,22,7
./benchmark_tests/afterhqspre/PEC1/pec_look_ahead_arbiter_6_215.dqdimacs,23,7
./benchmark_tests/afterhqspre/PEC1/pec_look_ahead_arbiter_6_215.dqdimacs,24,7
./benchmark_tests/afterhqspre/PEC1/pec_look_ahead_arbiter_6_215.dqdimacs,29,7
./benchmark_tests/afterhqspre/PEC1/pec_look_ahead_arbiter_6_233.dqdimacs,0,36
./benchmark_tests/afterhqspre/PEC1/pec_look_ahead_arbiter_6_233.dqdimacs,23,8
./benchmark_tests/afterhqspre/PEC1/pec_look_ahead_arbiter_6_233.dqdimacs,27,8
./benchmark_tests/afterhqspre/PEC1/pec_look_ahead_arbiter_6_233.dqdimacs,29,8
./benchmark_tests/afterhqspre/PEC1/pec_look_ahead_arbiter_6_233.dqdimacs,33,8
./benchmark_tests/afterhqspre/PEC1/pec_look_ahead_arbiter_6_233.dqdimacs,34,8
./benchmark_tests/afterhqspre/PEC1/pec_look_ahead_arbiter_6_233.dqdimacs,35,9
./benchmark_tests/afterhqspre/PEC1/pec_look_ahead_arbiter_6_246.dqdimacs,0,25
./benchmark_tests/afterhqspre/PEC1/pec_look_ahead_arbiter_6_246.dqdimacs,9,7
./benchmark_tests/afterhqspre/PEC1/pec_look_ahead_arbiter_6_246.dqdimacs,16,7
./benchmark_tests/afterhqspre/PEC1/pec_look_ahead_arbiter_6_25.dqdimacs,0,43
./benchmark_tests/afterhqspre/PEC1/pec_look_ahead_arbiter_6_25.dqdimacs,2,9
./benchmark_tests/afterhqspre/PEC1/pec_look_ahead_arbiter_6_25.dqdimacs,36,8
./benchmark_tests/afterhqspre/PEC1/pec_look_ahead_arbiter_6_25.dqdimacs,37,9
./benchmark_tests/afterhqspre/PEC1/pec_look_ahead_arbiter_6_25.dqdimacs,38,9
./benchmark_tests/afterhqspre/PEC1/pec_look_ahead_arbiter_6_25.dqdimacs,39,9
./benchmark_tests/afterhqspre/PEC1/pec_look_ahead_arbiter_6_25.dqdimacs,40,8
./benchmark_tests/afterhqspre/PEC1/pec_look_ahead_arbiter_6_277.dqdimacs,0,37
./benchmark_tests/afterhqspre/PEC1/pec_look_ahead_arbiter_6_277.dqdimacs,6,8
./benchmark_tests/afterhqspre/PEC1/pec_look_ahead_arbiter_6_277.dqdimacs,33,8
./benchmark_tests/afterhqspre/PEC1/pec_look_ahead_arbiter_6_277.dqdimacs,34,8
./benchmark_tests/afterhqspre/PEC1/pec_look_ahead_arbiter_6_277.dqdimacs,35,8
./benchmark_tests/afterhqspre/PEC1/pec_look_ahead_arbiter_6_277.dqdimacs,36,8
./benchmark_tests/afterhqspre/PEC1/pec_look_ahead_arbiter_6_277.dqdimacs,37,8
./benchmark_tests/afterhqspre/PEC1/pec_look_ahead_arbiter_6_277.dqdimacs,38,8
./benchmark_tests/afterhqspre/PEC1/pec_look_ahead_arbiter_6_292.dqdimacs,0,38
./benchmark_tests/afterhqspre/PEC1/pec_look_ahead_arbiter_6_292.dqdimacs,12,8
./benchmark_tests/afterhqspre/PEC1/pec_look_ahead_arbiter_6_292.dqdimacs,33,8
./benchmark_tests/afterhqspre/PEC1/pec_look_ahead_arbiter_6_292.dqdimacs,34,8
./benchmark_tests/afterhqspre/PEC1/pec_look_ahead_arbiter_6_292.dqdimacs,35,8
./benchmark_tests/afterhqspre/PEC1/pec_look_ahead_arbiter_6_292.dqdimacs,36,11
./benchmark_tests/afterhqspre/PEC1/pec_look_ahead_arbiter_6_30.dqdimacs,0,28
./benchmark_tests/afterhqspre/PEC1/pec_look_ahead_arbiter_6_30.dqdimacs,2,8
./benchmark_tests/afterhqspre/PEC1/pec_look_ahead_arbiter_6_30.dqdimacs,23,8
./benchmark_tests/afterhqspre/PEC1/pec_look_ahead_arbiter_6_30.dqdimacs,24,7
./benchmark_tests/afterhqspre/PEC1/pec_look_ahead_arbiter_6_30.dqdimacs,25,8
./benchmark_tests/afterhqspre/PEC1/pec_look_ahead_arbiter_6_30.dqdimacs,26,9
./benchmark_tests/afterhqspre/PEC1/pec_look_ahead_arbiter_6_30.dqdimacs,30,8
./benchmark_tests/afterhqspre/PEC1/pec_look_ahead_arbiter_6_310.dqdimacs,0,36
./benchmark_tests/afterhqspre/PEC1/pec_look_ahead_arbiter_6_310.dqdimacs,37,8
./benchmark_tests/afterhqspre/PEC1/pec_look_ahead_arbiter_6_310.dqdimacs,38,8
./benchmark_tests/afterhqspre/PEC1/pec_look_ahead_arbiter_6_310.dqdimacs,39,8
./benchmark_tests/afterhqspre/PEC1/pec_look_ahead_arbiter_6_310.dqdimacs,40,8
./benchmark_tests/afterhqspre/PEC1/pec_look_ahead_arbiter_6_310.dqdimacs,41,9
./benchmark_tests/afterhqspre/PEC1/pec_look_ahead_arbiter_6_310.dqdimacs,42,9
./benchmark_tests/afterhqspre/PEC1/pec_look_ahead_arbiter_6_312.dqdimacs,0,31
./benchmark_tests/afterhqspre/PEC1/pec_look_ahead_arbiter_6_312.dqdimacs,30,8
./benchmark_tests/afterhqspre/PEC1/pec_look_ahead_arbiter_6_312.dqdimacs,32,8
./benchmark_tests/afterhqspre/PEC1/pec_look_ahead_arbiter_6_312.dqdimacs,33,8
./benchmark_tests/afterhqspre/PEC1/pec_look_ahead_arbiter_6_312.dqdimacs,34,8
./benchmark_tests/afterhqspre/PEC1/pec_look_ahead_arbiter_6_312.dqdimacs,35,8
./benchmark_tests/afterhqspre/PEC1/pec_look_ahead_arbiter_6_312.dqdimacs,38,8
./benchmark_tests/afterhqspre/PEC1/pec_look_ahead_arbiter_6_315.dqdimacs,0,29
./benchmark_tests/afterhqspre/PEC1/pec_look_ahead_arbiter_6_315.dqdimacs,31,8
./benchmark_tests/afterhqspre/PEC1/pec_look_ahead_arbiter_6_315.dqdimacs,32,7
./benchmark_tests/afterhqspre/PEC1/pec_look_ahead_arbiter_6_315.dqdimacs,33,7
./benchmark_tests/afterhqspre/PEC1/pec_look_ahead_arbiter_6_315.dqdimacs,34,7
./benchmark_tests/afterhqspre/PEC1/pec_look_ahead_arbiter_6_315.dqdimacs,35,8
./benchmark_tests/afterhqspre/PEC1/pec_look_ahead_arbiter_6_31.dqdimacs,0,36
./benchmark_tests/afterhqspre/PEC1/pec_look_ahead_arbiter_6_31.dqdimacs,4,8
./benchmark_tests/afterhqspre/PEC1/pec_look_ahead_arbiter_6_31.dqdimacs,6,8
./benchmark_tests/afterhqspre/PEC1/pec_look_ahead_arbiter_6_31.dqdimacs,28,8
./benchmark_tests/afterhqspre/PEC1/pec_look_ahead_arbiter_6_31.dqdimacs,29,8
./benchmark_tests/afterhqspre/PEC1/pec_look_ahead_arbiter_6_31.dqdimacs,30,8
./benchmark_tests/afterhqspre/PEC1/pec_look_ahead_arbiter_6_335.dqdimacs,0,35
./benchmark_tests/afterhqspre/PEC1/pec_look_ahead_arbiter_6_335.dqdimacs,31,8
./benchmark_tests/afterhqspre/PEC1/pec_look_ahead_arbiter_6_335.dqdimacs,32,8
./benchmark_tests/afterhqspre/PEC1/pec_look_ahead_arbiter_6_335.dqdimacs,33,8
./benchmark_tests/afterhqspre/PEC1/pec_look_ahead_arbiter_6_335.dqdimacs,34,8
./benchmark_tests/afterhqspre/PEC1/pec_look_ahead_arbiter_6_335.dqdimacs,36,8
./benchmark_tests/afterhqspre/PEC1/pec_look_ahead_arbiter_6_33.dqdimacs,0,31
./benchmark_tests/afterhqspre/PEC1/pec_look_ahead_arbiter_6_33.dqdimacs,18,8
./benchmark_tests/afterhqspre/PEC1/pec_look_ahead_arbiter_6_33.dqdimacs,27,7
./benchmark_tests/afterhqspre/PEC1/pec_look_ahead_arbiter_6_33.dqdimacs,28,7
./benchmark_tests/afterhqspre/PEC1/pec_look_ahead_arbiter_6_33.dqdimacs,29,7
./benchmark_tests/afterhqspre/PEC1/pec_look_ahead_arbiter_6_33.dqdimacs,31,7
./benchmark_tests/afterhqspre/PEC1/pec_look_ahead_arbiter_6_344.dqdimacs,0,31
./benchmark_tests/afterhqspre/PEC1/pec_look_ahead_arbiter_6_344.dqdimacs,19,8
./benchmark_tests/afterhqspre/PEC1/pec_look_ahead_arbiter_6_344.dqdimacs,35,8
./benchmark_tests/afterhqspre/PEC1/pec_look_ahead_arbiter_6_344.dqdimacs,36,8
./benchmark_tests/afterhqspre/PEC1/pec_look_ahead_arbiter_6_399.dqdimacs,0,26
./benchmark_tests/afterhqspre/PEC1/pec_look_ahead_arbiter_6_399.dqdimacs,5,7
./benchmark_tests/afterhqspre/PEC1/pec_look_ahead_arbiter_6_399.dqdimacs,15,7
./benchmark_tests/afterhqspre/PEC1/pec_look_ahead_arbiter_6_399.dqdimacs,23,8
./benchmark_tests/afterhqspre/PEC1/pec_look_ahead_arbiter_6_399.dqdimacs,26,8
./benchmark_tests/afterhqspre/PEC1/pec_look_ahead_arbiter_6_405.dqdimacs,0,35
./benchmark_tests/afterhqspre/PEC1/pec_look_ahead_arbiter_6_405.dqdimacs,5,9
./benchmark_tests/afterhqspre/PEC1/pec_look_ahead_arbiter_6_405.dqdimacs,33,8
./benchmark_tests/afterhqspre/PEC1/pec_look_ahead_arbiter_6_405.dqdimacs,34,8
./benchmark_tests/afterhqspre/PEC1/pec_look_ahead_arbiter_6_405.dqdimacs,35,8
./benchmark_tests/afterhqspre/PEC1/pec_look_ahead_arbiter_6_405.dqdimacs,36,8
./benchmark_tests/afterhqspre/PEC1/pec_look_ahead_arbiter_6_405.dqdimacs,37,8
./benchmark_tests/afterhqspre/PEC1/pec_look_ahead_arbiter_6_40.dqdimacs,0,35
./benchmark_tests/afterhqspre/PEC1/pec_look_ahead_arbiter_6_40.dqdimacs,10,8
./benchmark_tests/afterhqspre/PEC1/pec_look_ahead_arbiter_6_40.dqdimacs,11,8
./benchmark_tests/afterhqspre/PEC1/pec_look_ahead_arbiter_6_40.dqdimacs,31,8
./benchmark_tests/afterhqspre/PEC1/pec_look_ahead_arbiter_6_40.dqdimacs,34,8
./benchmark_tests/afterhqspre/PEC1/pec_look_ahead_arbiter_6_40.dqdimacs,35,8
./benchmark_tests/afterhqspre/PEC1/pec_look_ahead_arbiter_6_40.dqdimacs,36,8
./benchmark_tests/afterhqspre/PEC1/pec_look_ahead_arbiter_6_415.dqdimacs,0,33
./benchmark_tests/afterhqspre/PEC1/pec_look_ahead_arbiter_6_415.dqdimacs,12,8
./benchmark_tests/afterhqspre/PEC1/pec_look_ahead_arbiter_6_415.dqdimacs,22,7
./benchmark_tests/afterhqspre/PEC1/pec_look_ahead_arbiter_6_415.dqdimacs,23,7
./benchmark_tests/afterhqspre/PEC1/pec_look_ahead_arbiter_6_415.dqdimacs,24,7
./benchmark_tests/afterhqspre/PEC1/pec_look_ahead_arbiter_6_422.dqdimacs,0,31
./benchmark_tests/afterhqspre/PEC1/pec_look_ahead_arbiter_6_422.dqdimacs,31,8
./benchmark_tests/afterhqspre/PEC1/pec_look_ahead_arbiter_6_422.dqdimacs,32,8
./benchmark_tests/afterhqspre/PEC1/pec_look_ahead_arbiter_6_422.dqdimacs,33,8
./benchmark_tests/afterhqspre/PEC1/pec_look_ahead_arbiter_6_422.dqdimacs,34,8
./benchmark_tests/afterhqspre/PEC1/pec_look_ahead_arbiter_6_422.dqdimacs,36,8
./benchmark_tests/afterhqspre/PEC1/pec_look_ahead_arbiter_6_435.dqdimacs,0,36
./benchmark_tests/afterhqspre/PEC1/pec_look_ahead_arbiter_6_435.dqdimacs,18,8
./benchmark_tests/afterhqspre/PEC1/pec_look_ahead_arbiter_6_435.dqdimacs,29,8
./benchmark_tests/afterhqspre/PEC1/pec_look_ahead_arbiter_6_435.dqdimacs,35,8
./benchmark_tests/afterhqspre/PEC1/pec_look_ahead_arbiter_6_435.dqdimacs,36,8
./benchmark_tests/afterhqspre/PEC1/pec_look_ahead_arbiter_6_435.dqdimacs,37,7
./benchmark_tests/afterhqspre/PEC1/pec_look_ahead_arbiter_6_435.dqdimacs,38,8
./benchmark_tests/afterhqspre/PEC1/pec_look_ahead_arbiter_6_448.dqdimacs,0,37
./benchmark_tests/afterhqspre/PEC1/pec_look_ahead_arbiter_6_448.dqdimacs,32,15
./benchmark_tests/afterhqspre/PEC1/pec_look_ahead_arbiter_6_448.dqdimacs,34,10
./benchmark_tests/afterhqspre/PEC1/pec_look_ahead_arbiter_6_448.dqdimacs,35,11
./benchmark_tests/afterhqspre/PEC1/pec_look_ahead_arbiter_6_448.dqdimacs,36,9
./benchmark_tests/afterhqspre/PEC1/pec_look_ahead_arbiter_6_448.dqdimacs,37,9
./benchmark_tests/afterhqspre/PEC1/pec_look_ahead_arbiter_6_448.dqdimacs,38,9
./benchmark_tests/afterhqspre/PEC1/pec_look_ahead_arbiter_6_464.dqdimacs,0,64
./benchmark_tests/afterhqspre/PEC1/pec_look_ahead_arbiter_6_464.dqdimacs,22,10
./benchmark_tests/afterhqspre/PEC1/pec_look_ahead_arbiter_6_464.dqdimacs,41,11
./benchmark_tests/afterhqspre/PEC1/pec_look_ahead_arbiter_6_464.dqdimacs,42,11
./benchmark_tests/afterhqspre/PEC1/pec_look_ahead_arbiter_6_464.dqdimacs,43,10
./benchmark_tests/afterhqspre/PEC1/pec_look_ahead_arbiter_6_464.dqdimacs,44,10
./benchmark_tests/afterhqspre/PEC1/pec_look_ahead_arbiter_6_464.dqdimacs,45,10
./benchmark_tests/afterhqspre/PEC1/pec_look_ahead_arbiter_6_464.dqdimacs,46,10
./benchmark_tests/afterhqspre/PEC1/pec_look_ahead_arbiter_6_466.dqdimacs,0,31
./benchmark_tests/afterhqspre/PEC1/pec_look_ahead_arbiter_6_466.dqdimacs,5,9
./benchmark_tests/afterhqspre/PEC1/pec_look_ahead_arbiter_6_466.dqdimacs,25,9
./benchmark_tests/afterhqspre/PEC1/pec_look_ahead_arbiter_6_466.dqdimacs,26,8
./benchmark_tests/afterhqspre/PEC1/pec_look_ahead_arbiter_6_466.dqdimacs,27,9
./benchmark_tests/afterhqspre/PEC1/pec_look_ahead_arbiter_6_466.dqdimacs,28,9
./benchmark_tests/afterhqspre/PEC1/pec_look_ahead_arbiter_6_483.dqdimacs,0,43
./benchmark_tests/afterhqspre/PEC1/pec_look_ahead_arbiter_6_483.dqdimacs,10,9
./benchmark_tests/afterhqspre/PEC1/pec_look_ahead_arbiter_6_483.dqdimacs,17,8
./benchmark_tests/afterhqspre/PEC1/pec_look_ahead_arbiter_6_483.dqdimacs,36,8
./benchmark_tests/afterhqspre/PEC1/pec_look_ahead_arbiter_6_483.dqdimacs,37,9
./benchmark_tests/afterhqspre/PEC1/pec_look_ahead_arbiter_6_483.dqdimacs,38,8
./benchmark_tests/afterhqspre/PEC1/pec_look_ahead_arbiter_6_487.dqdimacs,0,42
./benchmark_tests/afterhqspre/PEC1/pec_look_ahead_arbiter_6_487.dqdimacs,29,7
./benchmark_tests/afterhqspre/PEC1/pec_look_ahead_arbiter_6_487.dqdimacs,38,8
./benchmark_tests/afterhqspre/PEC1/pec_look_ahead_arbiter_6_494.dqdimacs,0,34
./benchmark_tests/afterhqspre/PEC1/pec_look_ahead_arbiter_6_494.dqdimacs,2,8
./benchmark_tests/afterhqspre/PEC1/pec_look_ahead_arbiter_6_494.dqdimacs,8,8
./benchmark_tests/afterhqspre/PEC1/pec_look_ahead_arbiter_6_494.dqdimacs,26,8
./benchmark_tests/afterhqspre/PEC1/pec_look_ahead_arbiter_6_494.dqdimacs,29,8
./benchmark_tests/afterhqspre/PEC1/pec_look_ahead_arbiter_6_494.dqdimacs,30,7
./benchmark_tests/afterhqspre/PEC1/pec_look_ahead_arbiter_6_494.dqdimacs,31,7
./benchmark_tests/afterhqspre/PEC1/pec_look_ahead_arbiter_6_499.dqdimacs,0,34
./benchmark_tests/afterhqspre/PEC1/pec_look_ahead_arbiter_6_499.dqdimacs,25,8
./benchmark_tests/afterhqspre/PEC1/pec_look_ahead_arbiter_6_499.dqdimacs,33,8
./benchmark_tests/afterhqspre/PEC1/pec_look_ahead_arbiter_6_499.dqdimacs,34,8
./benchmark_tests/afterhqspre/PEC1/pec_look_ahead_arbiter_6_499.dqdimacs,35,8
./benchmark_tests/afterhqspre/PEC1/pec_look_ahead_arbiter_6_499.dqdimacs,36,8
./benchmark_tests/afterhqspre/PEC1/pec_look_ahead_arbiter_6_499.dqdimacs,37,8
./benchmark_tests/afterhqspre/PEC1/pec_look_ahead_arbiter_6_502.dqdimacs,0,38
./benchmark_tests/afterhqspre/PEC1/pec_look_ahead_arbiter_6_502.dqdimacs,35,8
./benchmark_tests/afterhqspre/PEC1/pec_look_ahead_arbiter_6_502.dqdimacs,36,8
./benchmark_tests/afterhqspre/PEC1/pec_look_ahead_arbiter_6_502.dqdimacs,37,8
./benchmark_tests/afterhqspre/PEC1/pec_look_ahead_arbiter_6_502.dqdimacs,38,8
./benchmark_tests/afterhqspre/PEC1/pec_look_ahead_arbiter_6_502.dqdimacs,39,8
./benchmark_tests/afterhqspre/PEC1/pec_look_ahead_arbiter_6_506.dqdimacs,0,34
./benchmark_tests/afterhqspre/PEC1/pec_look_ahead_arbiter_6_506.dqdimacs,2,8
./benchmark_tests/afterhqspre/PEC1/pec_look_ahead_arbiter_6_506.dqdimacs,27,8
./benchmark_tests/afterhqspre/PEC1/pec_look_ahead_arbiter_6_506.dqdimacs,33,8
./benchmark_tests/afterhqspre/PEC1/pec_look_ahead_arbiter_6_506.dqdimacs,34,8
./benchmark_tests/afterhqspre/PEC1/pec_look_ahead_arbiter_6_506.dqdimacs,35,8
./benchmark_tests/afterhqspre/PEC1/pec_look_ahead_arbiter_6_506.dqdimacs,36,9
./benchmark_tests/afterhqspre/PEC1/pec_look_ahead_arbiter_6_526.dqdimacs,0,31
./benchmark_tests/afterhqspre/PEC1/pec_look_ahead_arbiter_6_526.dqdimacs,13,8
./benchmark_tests/afterhqspre/PEC1/pec_look_ahead_arbiter_6_526.dqdimacs,24,8
./benchmark_tests/afterhqspre/PEC1/pec_look_ahead_arbiter_6_526.dqdimacs,26,8
./benchmark_tests/afterhqspre/PEC1/pec_look_ahead_arbiter_6_526.dqdimacs,30,8
./benchmark_tests/afterhqspre/PEC1/pec_look_ahead_arbiter_6_526.dqdimacs,31,8
./benchmark_tests/afterhqspre/PEC1/pec_look_ahead_arbiter_6_526.dqdimacs,34,8
./benchmark_tests/afterhqspre/PEC1/pec_look_ahead_arbiter_6_535.dqdimacs,0,29
./benchmark_tests/afterhqspre/PEC1/pec_look_ahead_arbiter_6_535.dqdimacs,2,8
./benchmark_tests/afterhqspre/PEC1/pec_look_ahead_arbiter_6_535.dqdimacs,20,8
./benchmark_tests/afterhqspre/PEC1/pec_look_ahead_arbiter_6_535.dqdimacs,26,8
./benchmark_tests/afterhqspre/PEC1/pec_look_ahead_arbiter_6_535.dqdimacs,27,8
./benchmark_tests/afterhqspre/PEC1/pec_look_ahead_arbiter_6_535.dqdimacs,30,8
./benchmark_tests/afterhqspre/PEC1/pec_look_ahead_arbiter_6_541.dqdimacs,0,31
./benchmark_tests/afterhqspre/PEC1/pec_look_ahead_arbiter_6_541.dqdimacs,13,8
./benchmark_tests/afterhqspre/PEC1/pec_look_ahead_arbiter_6_541.dqdimacs,31,8
./benchmark_tests/afterhqspre/PEC1/pec_look_ahead_arbiter_6_541.dqdimacs,32,8
./benchmark_tests/afterhqspre/PEC1/pec_look_ahead_arbiter_6_541.dqdimacs,33,8
./benchmark_tests/afterhqspre/PEC1/pec_look_ahead_arbiter_6_541.dqdimacs,34,7
./benchmark_tests/afterhqspre/PEC1/pec_look_ahead_arbiter_6_561.dqdimacs,0,43
./benchmark_tests/afterhqspre/PEC1/pec_look_ahead_arbiter_6_561.dqdimacs,11,9
./benchmark_tests/afterhqspre/PEC1/pec_look_ahead_arbiter_6_561.dqdimacs,28,9
./benchmark_tests/afterhqspre/PEC1/pec_look_ahead_arbiter_6_561.dqdimacs,31,8
./benchmark_tests/afterhqspre/PEC1/pec_look_ahead_arbiter_6_561.dqdimacs,32,8
./benchmark_tests/afterhqspre/PEC1/pec_look_ahead_arbiter_6_561.dqdimacs,33,8
./benchmark_tests/afterhqspre/PEC1/pec_look_ahead_arbiter_6_561.dqdimacs,34,8
./benchmark_tests/afterhqspre/PEC1/pec_look_ahead_arbiter_6_600.dqdimacs,0,29
./benchmark_tests/afterhqspre/PEC1/pec_look_ahead_arbiter_6_600.dqdimacs,27,8
./benchmark_tests/afterhqspre/PEC1/pec_look_ahead_arbiter_6_600.dqdimacs,28,7
./benchmark_tests/afterhqspre/PEC1/pec_look_ahead_arbiter_6_600.dqdimacs,31,7
./benchmark_tests/afterhqspre/PEC1/pec_look_ahead_arbiter_6_600.dqdimacs,32,7
./benchmark_tests/afterhqspre/PEC1/pec_look_ahead_arbiter_6_605.dqdimacs,0,29
./benchmark_tests/afterhqspre/PEC1/pec_look_ahead_arbiter_6_605.dqdimacs,22,8
./benchmark_tests/afterhqspre/PEC1/pec_look_ahead_arbiter_6_605.dqdimacs,30,7
./benchmark_tests/afterhqspre/PEC1/pec_look_ahead_arbiter_6_605.dqdimacs,33,7
./benchmark_tests/afterhqspre/PEC1/pec_look_ahead_arbiter_6_605.dqdimacs,35,7
./benchmark_tests/afterhqspre/PEC1/pec_look_ahead_arbiter_6_619.dqdimacs,0,67
./benchmark_tests/afterhqspre/PEC1/pec_look_ahead_arbiter_6_619.dqdimacs,37,9
./benchmark_tests/afterhqspre/PEC1/pec_look_ahead_arbiter_6_619.dqdimacs,38,11
./benchmark_tests/afterhqspre/PEC1/pec_look_ahead_arbiter_6_619.dqdimacs,39,9
./benchmark_tests/afterhqspre/PEC1/pec_look_ahead_arbiter_6_619.dqdimacs,40,9
./benchmark_tests/afterhqspre/PEC1/pec_look_ahead_arbiter_6_619.dqdimacs,41,9
./benchmark_tests/afterhqspre/PEC1/pec_look_ahead_arbiter_6_619.dqdimacs,42,8
./benchmark_tests/afterhqspre/PEC1/pec_look_ahead_arbiter_6_619.dqdimacs,43,8
./benchmark_tests/afterhqspre/PEC1/pec_look_ahead_arbiter_6_621.dqdimacs,0,32
./benchmark_tests/afterhqspre/PEC1/pec_look_ahead_arbiter_6_621.dqdimacs,2,7
./benchmark_tests/afterhqspre/PEC1/pec_look_ahead_arbiter_6_621.dqdimacs,15,7
./benchmark_tests/afterhqspre/PEC1/pec_look_ahead_arbiter_6_629.dqdimacs,0,29
./benchmark_tests/afterhqspre/PEC1/pec_look_ahead_arbiter_6_629.dqdimacs,22,8
./benchmark_tests/afterhqspre/PEC1/pec_look_ahead_arbiter_6_629.dqdimacs,30,7
./benchmark_tests/afterhqspre/PEC1/pec_look_ahead_arbiter_6_629.dqdimacs,31,7
./benchmark_tests/afterhqspre/PEC1/pec_look_ahead_arbiter_6_629.dqdimacs,32,7
./benchmark_tests/afterhqspre/PEC1/pec_look_ahead_arbiter_6_641.dqdimacs,0,30
./benchmark_tests/afterhqspre/PEC1/pec_look_ahead_arbiter_6_641.dqdimacs,27,8
./benchmark_tests/afterhqspre/PEC1/pec_look_ahead_arbiter_6_641.dqdimacs,31,8
./benchmark_tests/afterhqspre/PEC1/pec_look_ahead_arbiter_6_641.dqdimacs,32,8
./benchmark_tests/afterhqspre/PEC1/pec_look_ahead_arbiter_6_641.dqdimacs,34,8
./benchmark_tests/afterhqspre/PEC1/pec_look_ahead_arbiter_6_641.dqdimacs,35,7
./benchmark_tests/afterhqspre/PEC1/pec_look_ahead_arbiter_6_641.dqdimacs,36,8
./benchmark_tests/afterhqspre/PEC1/pec_look_ahead_arbiter_6_65.dqdimacs,0,35
./benchmark_tests/afterhqspre/PEC1/pec_look_ahead_arbiter_6_65.dqdimacs,15,8
./benchmark_tests/afterhqspre/PEC1/pec_look_ahead_arbiter_6_65.dqdimacs,38,8
./benchmark_tests/afterhqspre/PEC1/pec_look_ahead_arbiter_6_65.dqdimacs,39,8
./benchmark_tests/afterhqspre/PEC1/pec_look_ahead_arbiter_6_65.dqdimacs,40,8
./benchmark_tests/afterhqspre/PEC1/pec_look_ahead_arbiter_6_65.dqdimacs,41,8
./benchmark_tests/afterhqspre/PEC1/pec_look_ahead_arbiter_6_65.dqdimacs,42,8
./benchmark_tests/afterhqspre/PEC1/pec_look_ahead_arbiter_6_66.dqdimacs,0,35
./benchmark_tests/afterhqspre/PEC1/pec_look_ahead_arbiter_6_66.dqdimacs,31,8
./benchmark_tests/afterhqspre/PEC1/pec_look_ahead_arbiter_6_66.dqdimacs,32,7
./benchmark_tests/afterhqspre/PEC1/pec_look_ahead_arbiter_6_66.dqdimacs,33,8
./benchmark_tests/afterhqspre/PEC1/pec_look_ahead_arbiter_6_66.dqdimacs,34,8
./benchmark_tests/afterhqspre/PEC1/pec_look_ahead_arbiter_6_66.dqdimacs,36,8
./benchmark_tests/afterhqspre/PEC1/pec_look_ahead_arbiter_6_696.dqdimacs,0,27
./benchmark_tests/afterhqspre/PEC1/pec_look_ahead_arbiter_6_696.dqdimacs,19,7
./benchmark_tests/afterhqspre/PEC1/pec_look_ahead_arbiter_6_696.dqdimacs,30,7
./benchmark_tests/afterhqspre/PEC1/pec_look_ahead_arbiter_6_696.dqdimacs,31,7
./benchmark_tests/afterhqspre/PEC1/pec_look_ahead_arbiter_6_697.dqdimacs,0,41
./benchmark_tests/afterhqspre/PEC1/pec_look_ahead_arbiter_6_697.dqdimacs,7,8
./benchmark_tests/afterhqspre/PEC1/pec_look_ahead_arbiter_6_697.dqdimacs,10,8
./benchmark_tests/afterhqspre/PEC1/pec_look_ahead_arbiter_6_697.dqdimacs,13,8
./benchmark_tests/afterhqspre/PEC1/pec_look_ahead_arbiter_6_697.dqdimacs,32,8
./benchmark_tests/afterhqspre/PEC1/pec_look_ahead_arbiter_6_697.dqdimacs,33,8
./benchmark_tests/afterhqspre/PEC1/pec_look_ahead_arbiter_6_697.dqdimacs,34,8
./benchmark_tests/afterhqspre/PEC1/pec_look_ahead_arbiter_6_726.dqdimacs,0,28
./benchmark_tests/afterhqspre/PEC1/pec_look_ahead_arbiter_6_726.dqdimacs,5,7
./benchmark_tests/afterhqspre/PEC1/pec_look_ahead_arbiter_6_726.dqdimacs,11,7
./benchmark_tests/afterhqspre/PEC1/pec_look_ahead_arbiter_6_726.dqdimacs,14,7
./benchmark_tests/afterhqspre/PEC1/pec_look_ahead_arbiter_6_726.dqdimacs,21,7
./benchmark_tests/afterhqspre/PEC1/pec_look_ahead_arbiter_6_726.dqdimacs,23,7
./benchmark_tests/afterhqspre/PEC1/pec_look_ahead_arbiter_6_726.dqdimacs,24,7
./benchmark_tests/afterhqspre/PEC1/pec_look_ahead_arbiter_6_730.dqdimacs,0,41
./benchmark_tests/afterhqspre/PEC1/pec_look_ahead_arbiter_6_730.dqdimacs,2,7
./benchmark_tests/afterhqspre/PEC1/pec_look_ahead_arbiter_6_730.dqdimacs,15,7
./benchmark_tests/afterhqspre/PEC1/pec_look_ahead_arbiter_6_730.dqdimacs,18,7
./benchmark_tests/afterhqspre/PEC1/pec_look_ahead_arbiter_6_730.dqdimacs,20,7
./benchmark_tests/afterhqspre/PEC1/pec_look_ahead_arbiter_6_730.dqdimacs,23,9
./benchmark_tests/afterhqspre/PEC1/pec_look_ahead_arbiter_6_730.dqdimacs,26,8
./benchmark_tests/afterhqspre/PEC1/pec_look_ahead_arbiter_6_739.dqdimacs,0,34
./benchmark_tests/afterhqspre/PEC1/pec_look_ahead_arbiter_6_739.dqdimacs,19,7
./benchmark_tests/afterhqspre/PEC1/pec_look_ahead_arbiter_6_739.dqdimacs,25,7
./benchmark_tests/afterhqspre/PEC1/pec_look_ahead_arbiter_6_739.dqdimacs,27,7
./benchmark_tests/afterhqspre/PEC1/pec_look_ahead_arbiter_6_739.dqdimacs,28,7
./benchmark_tests/afterhqspre/PEC1/pec_look_ahead_arbiter_6_739.dqdimacs,33,7
./benchmark_tests/afterhqspre/PEC1/pec_look_ahead_arbiter_6_739.dqdimacs,34,7
./benchmark_tests/afterhqspre/PEC1/pec_look_ahead_arbiter_6_73.dqdimacs,0,45
./benchmark_tests/afterhqspre/PEC1/pec_look_ahead_arbiter_6_73.dqdimacs,37,9
./benchmark_tests/afterhqspre/PEC1/pec_look_ahead_arbiter_6_73.dqdimacs,38,9
./benchmark_tests/afterhqspre/PEC1/pec_look_ahead_arbiter_6_73.dqdimacs,39,9
./benchmark_tests/afterhqspre/PEC1/pec_look_ahead_arbiter_6_73.dqdimacs,40,9
./benchmark_tests/afterhqspre/PEC1/pec_look_ahead_arbiter_6_73.dqdimacs,41,8
./benchmark_tests/afterhqspre/PEC1/pec_look_ahead_arbiter_6_73.dqdimacs,42,8
./benchmark_tests/afterhqspre/PEC1/pec_look_ahead_arbiter_6_75.dqdimacs,0,38
./benchmark_tests/afterhqspre/PEC1/pec_look_ahead_arbiter_6_75.dqdimacs,7,8
./benchmark_tests/afterhqspre/PEC1/pec_look_ahead_arbiter_6_75.dqdimacs,26,8
./benchmark_tests/afterhqspre/PEC1/pec_look_ahead_arbiter_6_75.dqdimacs,29,8
./benchmark_tests/afterhqspre/PEC1/pec_look_ahead_arbiter_6_75.dqdimacs,30,8
./benchmark_tests/afterhqspre/PEC1/pec_look_ahead_arbiter_6_75.dqdimacs,34,8
./benchmark_tests/afterhqspre/PEC1/pec_look_ahead_arbiter_6_75.dqdimacs,35,8
./benchmark_tests/afterhqspre/PEC1/pec_look_ahead_arbiter_6_763.dqdimacs,0,34
./benchmark_tests/afterhqspre/PEC1/pec_look_ahead_arbiter_6_763.dqdimacs,15,7
./benchmark_tests/afterhqspre/PEC1/pec_look_ahead_arbiter_6_763.dqdimacs,26,7
./benchmark_tests/afterhqspre/PEC1/pec_look_ahead_arbiter_6_763.dqdimacs,31,7
./benchmark_tests/afterhqspre/PEC1/pec_look_ahead_arbiter_6_763.dqdimacs,33,7
./benchmark_tests/afterhqspre/PEC1/pec_look_ahead_arbiter_6_763.dqdimacs,36,7
./benchmark_tests/afterhqspre/PEC1/pec_look_ahead_arbiter_6_763.dqdimacs,37,7
./benchmark_tests/afterhqspre/PEC1/pec_look_ahead_arbiter_6_774.dqdimacs,0,51
./benchmark_tests/afterhqspre/PEC1/pec_look_ahead_arbiter_6_774.dqdimacs,35,8
./benchmark_tests/afterhqspre/PEC1/pec_look_ahead_arbiter_6_774.dqdimacs,38,8
./benchmark_tests/afterhqspre/PEC1/pec_look_ahead_arbiter_6_774.dqdimacs,40,9
./benchmark_tests/afterhqspre/PEC1/pec_look_ahead_arbiter_6_774.dqdimacs,41,8
./benchmark_tests/afterhqspre/PEC1/pec_look_ahead_arbiter_6_774.dqdimacs,42,8
./benchmark_tests/afterhqspre/PEC1/pec_look_ahead_arbiter_6_774.dqdimacs,43,8
./benchmark_tests/afterhqspre/PEC1/pec_look_ahead_arbiter_6_797.dqdimacs,0,28
./benchmark_tests/afterhqspre/PEC1/pec_look_ahead_arbiter_6_797.dqdimacs,18,8
./benchmark_tests/afterhqspre/PEC1/pec_look_ahead_arbiter_6_797.dqdimacs,26,7
./benchmark_tests/afterhqspre/PEC1/pec_look_ahead_arbiter_6_797.dqdimacs,27,7
./benchmark_tests/afterhqspre/PEC1/pec_look_ahead_arbiter_6_797.dqdimacs,28,7
./benchmark_tests/afterhqspre/PEC1/pec_look_ahead_arbiter_6_797.dqdimacs,31,7
./benchmark_tests/afterhqspre/PEC1/pec_look_ahead_arbiter_6_804.dqdimacs,0,27
./benchmark_tests/afterhqspre/PEC1/pec_look_ahead_arbiter_6_804.dqdimacs,11,7
./benchmark_tests/afterhqspre/PEC1/pec_look_ahead_arbiter_6_804.dqdimacs,28,7
./benchmark_tests/afterhqspre/PEC1/pec_look_ahead_arbiter_6_804.dqdimacs,29,7
./benchmark_tests/afterhqspre/PEC1/pec_look_ahead_arbiter_6_804.dqdimacs,30,7
./benchmark_tests/afterhqspre/PEC1/pec_look_ahead_arbiter_6_81.dqdimacs,0,27
./benchmark_tests/afterhqspre/PEC1/pec_look_ahead_arbiter_6_81.dqdimacs,10,7
./benchmark_tests/afterhqspre/PEC1/pec_look_ahead_arbiter_6_81.dqdimacs,15,7
./benchmark_tests/afterhqspre/PEC1/pec_look_ahead_arbiter_6_81.dqdimacs,17,7
./benchmark_tests/afterhqspre/PEC1/pec_look_ahead_arbiter_6_81.dqdimacs,27,7
./benchmark_tests/afterhqspre/PEC1/pec_look_ahead_arbiter_6_833.dqdimacs,0,28
./benchmark_tests/afterhqspre/PEC1/pec_look_ahead_arbiter_6_833.dqdimacs,2,8
./benchmark_tests/afterhqspre/PEC1/pec_look_ahead_arbiter_6_833.dqdimacs,4,20
./benchmark_tests/afterhqspre/PEC1/pec_look_ahead_arbiter_6_833.dqdimacs,31,9
./benchmark_tests/afterhqspre/PEC1/pec_look_ahead_arbiter_6_833.dqdimacs,32,7
./benchmark_tests/afterhqspre/PEC1/pec_look_ahead_arbiter_6_843.dqdimacs,0,32
./benchmark_tests/afterhqspre/PEC1/pec_look_ahead_arbiter_6_843.dqdimacs,20,8
./benchmark_tests/afterhqspre/PEC1/pec_look_ahead_arbiter_6_843.dqdimacs,26,8
./benchmark_tests/afterhqspre/PEC1/pec_look_ahead_arbiter_6_843.dqdimacs,28,8
./benchmark_tests/afterhqspre/PEC1/pec_look_ahead_arbiter_6_843.dqdimacs,29,8
./benchmark_tests/afterhqspre/PEC1/pec_look_ahead_arbiter_6_843.dqdimacs,30,7
./benchmark_tests/afterhqspre/PEC1/pec_look_ahead_arbiter_6_843.dqdimacs,34,8
./benchmark_tests/afterhqspre/PEC1/pec_look_ahead_arbiter_6_865.dqdimacs,0,35
./benchmark_tests/afterhqspre/PEC1/pec_look_ahead_arbiter_6_865.dqdimacs,27,8
./benchmark_tests/afterhqspre/PEC1/pec_look_ahead_arbiter_6_865.dqdimacs,28,8
./benchmark_tests/afterhqspre/PEC1/pec_look_ahead_arbiter_6_865.dqdimacs,29,8
./benchmark_tests/afterhqspre/PEC1/pec_look_ahead_arbiter_6_865.dqdimacs,31,7
./benchmark_tests/afterhqspre/PEC1/pec_look_ahead_arbiter_6_865.dqdimacs,32,8
./benchmark_tests/afterhqspre/PEC1/pec_look_ahead_arbiter_6_880.dqdimacs,0,58
./benchmark_tests/afterhqspre/PEC1/pec_look_ahead_arbiter_6_880.dqdimacs,10,8
./benchmark_tests/afterhqspre/PEC1/pec_look_ahead_arbiter_6_880.dqdimacs,34,8
./benchmark_tests/afterhqspre/PEC1/pec_look_ahead_arbiter_6_880.dqdimacs,35,7
./benchmark_tests/afterhqspre/PEC1/pec_look_ahead_arbiter_6_880.dqdimacs,36,7
./benchmark_tests/afterhqspre/PEC1/pec_look_ahead_arbiter_6_883.dqdimacs,0,29
./benchmark_tests/afterhqspre/PEC1/pec_look_ahead_arbiter_6_883.dqdimacs,27,9
./benchmark_tests/afterhqspre/PEC1/pec_look_ahead_arbiter_6_883.dqdimacs,28,8
./benchmark_tests/afterhqspre/PEC1/pec_look_ahead_arbiter_6_883.dqdimacs,29,8
./benchmark_tests/afterhqspre/PEC1/pec_look_ahead_arbiter_6_883.dqdimacs,30,8
./benchmark_tests/afterhqspre/PEC1/pec_look_ahead_arbiter_6_883.dqdimacs,31,8
./benchmark_tests/afterhqspre/PEC1/pec_look_ahead_arbiter_6_891.dqdimacs,0,30
./benchmark_tests/afterhqspre/PEC1/pec_look_ahead_arbiter_6_891.dqdimacs,34,8
./benchmark_tests/afterhqspre/PEC1/pec_look_ahead_arbiter_6_891.dqdimacs,36,8
./benchmark_tests/afterhqspre/PEC1/pec_look_ahead_arbiter_6_891.dqdimacs,37,8
./benchmark_tests/afterhqspre/PEC1/pec_look_ahead_arbiter_6_891.dqdimacs,38,8
./benchmark_tests/afterhqspre/PEC1/pec_look_ahead_arbiter_6_891.dqdimacs,39,8
./benchmark_tests/afterhqspre/PEC1/pec_look_ahead_arbiter_6_891.dqdimacs,40,8
./benchmark_tests/afterhqspre/PEC1/pec_look_ahead_arbiter_6_899.dqdimacs,0,28
./benchmark_tests/afterhqspre/PEC1/pec_look_ahead_arbiter_6_899.dqdimacs,27,8
./benchmark_tests/afterhqspre/PEC1/pec_look_ahead_arbiter_6_899.dqdimacs,28,8
./benchmark_tests/afterhqspre/PEC1/pec_look_ahead_arbiter_6_899.dqdimacs,29,8
./benchmark_tests/afterhqspre/PEC1/pec_look_ahead_arbiter_6_899.dqdimacs,32,8
./benchmark_tests/afterhqspre/PEC1/pec_look_ahead_arbiter_6_919.dqdimacs,0,28
./benchmark_tests/afterhqspre/PEC1/pec_look_ahead_arbiter_6_919.dqdimacs,30,8
./benchmark_tests/afterhqspre/PEC1/pec_look_ahead_arbiter_6_921.dqdimacs,0,36
./benchmark_tests/afterhqspre/PEC1/pec_look_ahead_arbiter_6_921.dqdimacs,23,8
./benchmark_tests/afterhqspre/PEC1/pec_look_ahead_arbiter_6_921.dqdimacs,24,8
./benchmark_tests/afterhqspre/PEC1/pec_look_ahead_arbiter_6_921.dqdimacs,25,8
./benchmark_tests/afterhqspre/PEC1/pec_look_ahead_arbiter_6_921.dqdimacs,28,8
./benchmark_tests/afterhqspre/PEC1/pec_look_ahead_arbiter_6_921.dqdimacs,30,8
./benchmark_tests/afterhqspre/PEC1/pec_look_ahead_arbiter_6_923.dqdimacs,0,29
./benchmark_tests/afterhqspre/PEC1/pec_look_ahead_arbiter_6_923.dqdimacs,6,8
./benchmark_tests/afterhqspre/PEC1/pec_look_ahead_arbiter_6_923.dqdimacs,19,9
./benchmark_tests/afterhqspre/PEC1/pec_look_ahead_arbiter_6_923.dqdimacs,24,8
./benchmark_tests/afterhqspre/PEC1/pec_look_ahead_arbiter_6_923.dqdimacs,25,7
./benchmark_tests/afterhqspre/PEC1/pec_look_ahead_arbiter_6_923.dqdimacs,26,7
./benchmark_tests/afterhqspre/PEC1/pec_look_ahead_arbiter_6_923.dqdimacs,28,7
./benchmark_tests/afterhqspre/PEC1/pec_look_ahead_arbiter_6_923.dqdimacs,30,7
./benchmark_tests/afterhqspre/PEC1/pec_look_ahead_arbiter_6_924.dqdimacs,0,43
./benchmark_tests/afterhqspre/PEC1/pec_look_ahead_arbiter_6_924.dqdimacs,30,9
./benchmark_tests/afterhqspre/PEC1/pec_look_ahead_arbiter_6_924.dqdimacs,31,8
./benchmark_tests/afterhqspre/PEC1/pec_look_ahead_arbiter_6_924.dqdimacs,32,9
./benchmark_tests/afterhqspre/PEC1/pec_look_ahead_arbiter_6_924.dqdimacs,33,9
./benchmark_tests/afterhqspre/PEC1/pec_look_ahead_arbiter_6_924.dqdimacs,34,8
./benchmark_tests/afterhqspre/PEC1/pec_look_ahead_arbiter_6_924.dqdimacs,35,8
./benchmark_tests/afterhqspre/PEC1/pec_look_ahead_arbiter_6_938.dqdimacs,0,28
./benchmark_tests/afterhqspre/PEC1/pec_look_ahead_arbiter_6_938.dqdimacs,29,8
./benchmark_tests/afterhqspre/PEC1/pec_look_ahead_arbiter_6_938.dqdimacs,30,7
./benchmark_tests/afterhqspre/PEC1/pec_look_ahead_arbiter_6_938.dqdimacs,31,7
./benchmark_tests/afterhqspre/PEC1/pec_look_ahead_arbiter_6_939.dqdimacs,0,50
./benchmark_tests/afterhqspre/PEC1/pec_look_ahead_arbiter_6_939.dqdimacs,23,8
./benchmark_tests/afterhqspre/PEC1/pec_look_ahead_arbiter_6_939.dqdimacs,26,9
./benchmark_tests/afterhqspre/PEC1/pec_look_ahead_arbiter_6_939.dqdimacs,38,9
./benchmark_tests/afterhqspre/PEC1/pec_look_ahead_arbiter_6_939.dqdimacs,39,8
./benchmark_tests/afterhqspre/PEC1/pec_look_ahead_arbiter_6_939.dqdimacs,41,8
./benchmark_tests/afterhqspre/PEC1/pec_look_ahead_arbiter_6_939.dqdimacs,42,8
./benchmark_tests/afterhqspre/PEC1/pec_look_ahead_arbiter_6_956.dqdimacs,0,39
./benchmark_tests/afterhqspre/PEC1/pec_look_ahead_arbiter_6_956.dqdimacs,27,9
./benchmark_tests/afterhqspre/PEC1/pec_look_ahead_arbiter_6_956.dqdimacs,40,8
./benchmark_tests/afterhqspre/PEC1/pec_look_ahead_arbiter_6_956.dqdimacs,41,9
./benchmark_tests/afterhqspre/PEC1/pec_look_ahead_arbiter_6_956.dqdimacs,42,8
./benchmark_tests/afterhqspre/PEC1/pec_look_ahead_arbiter_6_956.dqdimacs,43,8
./benchmark_tests/afterhqspre/PEC1/pec_look_ahead_arbiter_6_956.dqdimacs,44,8
./benchmark_tests/afterhqspre/PEC1/pec_look_ahead_arbiter_6_95.dqdimacs,0,32
./benchmark_tests/afterhqspre/PEC1/pec_look_ahead_arbiter_6_95.dqdimacs,17,7
./benchmark_tests/afterhqspre/PEC1/pec_look_ahead_arbiter_6_95.dqdimacs,18,7
./benchmark_tests/afterhqspre/PEC1/pec_look_ahead_arbiter_6_95.dqdimacs,19,7
./benchmark_tests/afterhqspre/PEC1/pec_look_ahead_arbiter_6_95.dqdimacs,20,7
./benchmark_tests/afterhqspre/PEC1/pec_look_ahead_arbiter_6_967.dqdimacs,0,34
./benchmark_tests/afterhqspre/PEC1/pec_look_ahead_arbiter_6_967.dqdimacs,24,8
./benchmark_tests/afterhqspre/PEC1/pec_look_ahead_arbiter_6_967.dqdimacs,26,8
./benchmark_tests/afterhqspre/PEC1/pec_look_ahead_arbiter_6_967.dqdimacs,27,8
./benchmark_tests/afterhqspre/PEC1/pec_look_ahead_arbiter_6_967.dqdimacs,31,8
./benchmark_tests/afterhqspre/PEC1/pec_look_ahead_arbiter_6_979.dqdimacs,0,28
./benchmark_tests/afterhqspre/PEC1/pec_look_ahead_arbiter_6_979.dqdimacs,2,8
./benchmark_tests/afterhqspre/PEC1/pec_look_ahead_arbiter_6_979.dqdimacs,14,8
./benchmark_tests/afterhqspre/PEC1/pec_look_ahead_arbiter_6_979.dqdimacs,30,8
./benchmark_tests/afterhqspre/PEC1/pec_look_ahead_arbiter_6_979.dqdimacs,31,8
./benchmark_tests/afterhqspre/PEC1/pec_look_ahead_arbiter_6_979.dqdimacs,32,7
./benchmark_tests/afterhqspre/PEC1/pec_look_ahead_arbiter_6_979.dqdimacs,33,8
./benchmark_tests/afterhqspre/PEC1/pec_look_ahead_arbiter_6_987.dqdimacs,0,40
./benchmark_tests/afterhqspre/PEC1/pec_look_ahead_arbiter_6_987.dqdimacs,9,9
./benchmark_tests/afterhqspre/PEC1/pec_look_ahead_arbiter_6_987.dqdimacs,32,8
./benchmark_tests/afterhqspre/PEC1/pec_look_ahead_arbiter_6_987.dqdimacs,33,9
./benchmark_tests/afterhqspre/PEC1/pec_look_ahead_arbiter_6_987.dqdimacs,35,10
./benchmark_tests/afterhqspre/PEC1/pec_look_ahead_arbiter_6_987.dqdimacs,36,9
./benchmark_tests/afterhqspre/PEC1/pec_look_ahead_arbiter_6_987.dqdimacs,37,8
./benchmark_tests/afterhqspre/PEC1/pec_look_ahead_arbiter_6_990.dqdimacs,0,32
./benchmark_tests/afterhqspre/PEC1/pec_look_ahead_arbiter_6_990.dqdimacs,26,8
./benchmark_tests/afterhqspre/PEC1/pec_look_ahead_arbiter_6_990.dqdimacs,27,8
./benchmark_tests/afterhqspre/PEC1/pec_look_ahead_arbiter_6_990.dqdimacs,29,8
./benchmark_tests/afterhqspre/PEC1/pec_look_ahead_arbiter_6_990.dqdimacs,31,8
./benchmark_tests/afterhqspre/PEC1/pec_look_ahead_arbiter_6_990.dqdimacs,33,8
./benchmark_tests/afterhqspre/PEC1/pec_adder_3_bit_2_30.dqdimacs,21,30
./benchmark_tests/afterhqspre/PEC1/pec_adder_3_bit_2_30.dqdimacs,23,29
./benchmark_tests/afterhqspre/PEC1/pec_adder_3_bit_2_30.dqdimacs,28,29
./benchmark_tests/afterhqspre/PEC1/pec_adder_3_bit_2_30.dqdimacs,29,29
./benchmark_tests/afterhqspre/PEC1/pec_adder_3_bit_2_40.dqdimacs,17,29
./benchmark_tests/afterhqspre/PEC1/pec_adder_3_bit_2_40.dqdimacs,21,29
./benchmark_tests/afterhqspre/PEC1/pec_adder_3_bit_2_46.dqdimacs,31,29
./benchmark_tests/afterhqspre/PEC1/pec_adder_3_bit_2_46.dqdimacs,36,30
./benchmark_tests/afterhqspre/PEC1/pec_adder_3_bit_2_82.dqdimacs,19,30
./benchmark_tests/afterhqspre/PEC1/pec_adder_3_bit_2_82.dqdimacs,21,29
./benchmark_tests/afterhqspre/PEC1/pec_adder_3_bit_2_98.dqdimacs,24,30
./benchmark_tests/afterhqspre/PEC1/pec_adder_3_bit_2_98.dqdimacs,25,30
./benchmark_tests/afterhqspre/PEC1/pec_adder_3_bit_4_0.dqdimacs,22,30
./benchmark_tests/afterhqspre/PEC1/pec_adder_3_bit_4_0.dqdimacs,23,30
./benchmark_tests/afterhqspre/PEC1/pec_adder_3_bit_4_0.dqdimacs,30,30
./benchmark_tests/afterhqspre/PEC1/pec_adder_3_bit_4_0.dqdimacs,31,30
./benchmark_tests/afterhqspre/PEC1/pec_adder_3_bit_4_10.dqdimacs,19,30
./benchmark_tests/afterhqspre/PEC1/pec_adder_3_bit_4_10.dqdimacs,26,31
./benchmark_tests/afterhqspre/PEC1/pec_adder_3_bit_4_10.dqdimacs,27,31
./benchmark_tests/afterhqspre/PEC1/pec_adder_3_bit_4_10.dqdimacs,28,31
./benchmark_tests/afterhqspre/PEC1/pec_adder_3_bit_4_11.dqdimacs,18,30
./benchmark_tests/afterhqspre/PEC1/pec_adder_3_bit_4_11.dqdimacs,27,30
./benchmark_tests/afterhqspre/PEC1/pec_adder_3_bit_4_11.dqdimacs,30,30
./benchmark_tests/afterhqspre/PEC1/pec_adder_3_bit_4_11.dqdimacs,31,30
./benchmark_tests/afterhqspre/PEC1/pec_adder_3_bit_4_12.dqdimacs,24,32
./benchmark_tests/afterhqspre/PEC1/pec_adder_3_bit_4_12.dqdimacs,27,32
./benchmark_tests/afterhqspre/PEC1/pec_adder_3_bit_4_12.dqdimacs,31,31
./benchmark_tests/afterhqspre/PEC1/pec_adder_3_bit_4_13.dqdimacs,18,30
./benchmark_tests/afterhqspre/PEC1/pec_adder_3_bit_4_13.dqdimacs,21,29
./benchmark_tests/afterhqspre/PEC1/pec_adder_3_bit_4_13.dqdimacs,24,29
./benchmark_tests/afterhqspre/PEC1/pec_adder_3_bit_4_13.dqdimacs,25,29
./benchmark_tests/afterhqspre/PEC1/pec_adder_3_bit_4_14.dqdimacs,19,29
./benchmark_tests/afterhqspre/PEC1/pec_adder_3_bit_4_14.dqdimacs,22,29
./benchmark_tests/afterhqspre/PEC1/pec_adder_3_bit_4_14.dqdimacs,25,29
./benchmark_tests/afterhqspre/PEC1/pec_adder_3_bit_4_14.dqdimacs,26,29
./benchmark_tests/afterhqspre/PEC1/pec_adder_3_bit_4_15.dqdimacs,24,30
./benchmark_tests/afterhqspre/PEC1/pec_adder_3_bit_4_15.dqdimacs,29,30
./benchmark_tests/afterhqspre/PEC1/pec_adder_3_bit_4_15.dqdimacs,30,30
./benchmark_tests/afterhqspre/PEC1/pec_adder_3_bit_4_16.dqdimacs,16,31
./benchmark_tests/afterhqspre/PEC1/pec_adder_3_bit_4_16.dqdimacs,29,31
./benchmark_tests/afterhqspre/PEC1/pec_adder_3_bit_4_16.dqdimacs,34,31
./benchmark_tests/afterhqspre/PEC1/pec_adder_3_bit_4_17.dqdimacs,28,31
./benchmark_tests/afterhqspre/PEC1/pec_adder_3_bit_4_17.dqdimacs,31,30
./benchmark_tests/afterhqspre/PEC1/pec_adder_3_bit_4_17.dqdimacs,34,31
./benchmark_tests/afterhqspre/PEC1/pec_adder_3_bit_4_17.dqdimacs,35,30
./benchmark_tests/afterhqspre/PEC1/pec_adder_3_bit_4_18.dqdimacs,24,30
./benchmark_tests/afterhqspre/PEC1/pec_adder_3_bit_4_18.dqdimacs,27,29
./benchmark_tests/afterhqspre/PEC1/pec_adder_3_bit_4_18.dqdimacs,28,29
./benchmark_tests/afterhqspre/PEC1/pec_adder_3_bit_4_19.dqdimacs,22,30
./benchmark_tests/afterhqspre/PEC1/pec_adder_3_bit_4_19.dqdimacs,25,30
./benchmark_tests/afterhqspre/PEC1/pec_adder_3_bit_4_19.dqdimacs,28,30
./benchmark_tests/afterhqspre/PEC1/pec_adder_3_bit_4_19.dqdimacs,29,29
./benchmark_tests/afterhqspre/PEC1/pec_adder_3_bit_4_1.dqdimacs,21,31
./benchmark_tests/afterhqspre/PEC1/pec_adder_3_bit_4_1.dqdimacs,26,31
./benchmark_tests/afterhqspre/PEC1/pec_adder_3_bit_4_1.dqdimacs,31,31
./benchmark_tests/afterhqspre/PEC1/pec_adder_3_bit_4_1.dqdimacs,32,31
./benchmark_tests/afterhqspre/PEC1/pec_adder_3_bit_4_20.dqdimacs,15,31
./benchmark_tests/afterhqspre/PEC1/pec_adder_3_bit_4_20.dqdimacs,28,30
./benchmark_tests/afterhqspre/PEC1/pec_adder_3_bit_4_20.dqdimacs,29,30
./benchmark_tests/afterhqspre/PEC1/pec_adder_3_bit_4_20.dqdimacs,30,30
./benchmark_tests/afterhqspre/PEC1/pec_adder_3_bit_4_21.dqdimacs,16,31
./benchmark_tests/afterhqspre/PEC1/pec_adder_3_bit_4_21.dqdimacs,25,31
./benchmark_tests/afterhqspre/PEC1/pec_adder_3_bit_4_21.dqdimacs,28,30
./benchmark_tests/afterhqspre/PEC1/pec_adder_3_bit_4_21.dqdimacs,29,30
./benchmark_tests/afterhqspre/PEC1/pec_adder_3_bit_4_22.dqdimacs,27,30
./benchmark_tests/afterhqspre/PEC1/pec_adder_3_bit_4_22.dqdimacs,28,30
./benchmark_tests/afterhqspre/PEC1/pec_adder_3_bit_4_22.dqdimacs,29,30
./benchmark_tests/afterhqspre/PEC1/pec_adder_3_bit_4_23.dqdimacs,23,31
./benchmark_tests/afterhqspre/PEC1/pec_adder_3_bit_4_23.dqdimacs,29,30
./benchmark_tests/afterhqspre/PEC1/pec_adder_3_bit_4_23.dqdimacs,32,30
./benchmark_tests/afterhqspre/PEC1/pec_adder_3_bit_4_23.dqdimacs,33,31
./benchmark_tests/afterhqspre/PEC1/pec_adder_3_bit_4_24.dqdimacs,16,30
./benchmark_tests/afterhqspre/PEC1/pec_adder_3_bit_4_24.dqdimacs,17,30
./benchmark_tests/afterhqspre/PEC1/pec_adder_3_bit_4_24.dqdimacs,20,31
./benchmark_tests/afterhqspre/PEC1/pec_adder_3_bit_4_24.dqdimacs,23,30
./benchmark_tests/afterhqspre/PEC1/pec_adder_3_bit_4_25.dqdimacs,21,30
./benchmark_tests/afterhqspre/PEC1/pec_adder_3_bit_4_25.dqdimacs,24,30
./benchmark_tests/afterhqspre/PEC1/pec_adder_3_bit_4_25.dqdimacs,31,30
./benchmark_tests/afterhqspre/PEC1/pec_adder_3_bit_4_25.dqdimacs,32,30
./benchmark_tests/afterhqspre/PEC1/pec_adder_3_bit_4_26.dqdimacs,20,31
./benchmark_tests/afterhqspre/PEC1/pec_adder_3_bit_4_26.dqdimacs,27,31
./benchmark_tests/afterhqspre/PEC1/pec_adder_3_bit_4_26.dqdimacs,28,30
./benchmark_tests/afterhqspre/PEC1/pec_adder_3_bit_4_27.dqdimacs,18,30
./benchmark_tests/afterhqspre/PEC1/pec_adder_3_bit_4_27.dqdimacs,21,31
./benchmark_tests/afterhqspre/PEC1/pec_adder_3_bit_4_27.dqdimacs,24,31
./benchmark_tests/afterhqspre/PEC1/pec_adder_3_bit_4_27.dqdimacs,25,31
./benchmark_tests/afterhqspre/PEC1/pec_adder_3_bit_4_28.dqdimacs,27,31
./benchmark_tests/afterhqspre/PEC1/pec_adder_3_bit_4_28.dqdimacs,28,31
./benchmark_tests/afterhqspre/PEC1/pec_adder_3_bit_4_28.dqdimacs,29,31
./benchmark_tests/afterhqspre/PEC1/pec_adder_3_bit_4_29.dqdimacs,18,31
./benchmark_tests/afterhqspre/PEC1/pec_adder_3_bit_4_29.dqdimacs,21,31
./benchmark_tests/afterhqspre/PEC1/pec_adder_3_bit_4_29.dqdimacs,24,31
./benchmark_tests/afterhqspre/PEC1/pec_adder_3_bit_4_29.dqdimacs,29,31
./benchmark_tests/afterhqspre/PEC1/pec_adder_3_bit_4_2.dqdimacs,18,30
./benchmark_tests/afterhqspre/PEC1/pec_adder_3_bit_4_2.dqdimacs,23,30
./benchmark_tests/afterhqspre/PEC1/pec_adder_3_bit_4_2.dqdimacs,26,30
./benchmark_tests/afterhqspre/PEC1/pec_adder_3_bit_4_2.dqdimacs,27,30
./benchmark_tests/afterhqspre/PEC1/pec_adder_3_bit_4_30.dqdimacs,20,32
./benchmark_tests/afterhqspre/PEC1/pec_adder_3_bit_4_30.dqdimacs,27,32
./benchmark_tests/afterhqspre/PEC1/pec_adder_3_bit_4_30.dqdimacs,30,32
./benchmark_tests/afterhqspre/PEC1/pec_adder_3_bit_4_31.dqdimacs,23,30
./benchmark_tests/afterhqspre/PEC1/pec_adder_3_bit_4_31.dqdimacs,26,31
./benchmark_tests/afterhqspre/PEC1/pec_adder_3_bit_4_31.dqdimacs,27,31
./benchmark_tests/afterhqspre/PEC1/pec_adder_3_bit_4_31.dqdimacs,28,31
./benchmark_tests/afterhqspre/PEC1/pec_adder_3_bit_4_32.dqdimacs,25,30
./benchmark_tests/afterhqspre/PEC1/pec_adder_3_bit_4_32.dqdimacs,30,30
./benchmark_tests/afterhqspre/PEC1/pec_adder_3_bit_4_32.dqdimacs,31,30
./benchmark_tests/afterhqspre/PEC1/pec_adder_3_bit_4_32.dqdimacs,32,30
./benchmark_tests/afterhqspre/PEC1/pec_adder_3_bit_4_33.dqdimacs,21,31
./benchmark_tests/afterhqspre/PEC1/pec_adder_3_bit_4_33.dqdimacs,26,31
./benchmark_tests/afterhqspre/PEC1/pec_adder_3_bit_4_33.dqdimacs,27,31
./benchmark_tests/afterhqspre/PEC1/pec_adder_3_bit_4_33.dqdimacs,28,31
./benchmark_tests/afterhqspre/PEC1/pec_adder_3_bit_4_34.dqdimacs,28,31
./benchmark_tests/afterhqspre/PEC1/pec_adder_3_bit_4_34.dqdimacs,31,31
./benchmark_tests/afterhqspre/PEC1/pec_adder_3_bit_4_34.dqdimacs,32,32
./benchmark_tests/afterhqspre/PEC1/pec_adder_3_bit_4_34.dqdimacs,33,31
./benchmark_tests/afterhqspre/PEC1/pec_adder_3_bit_4_35.dqdimacs,19,30
./benchmark_tests/afterhqspre/PEC1/pec_adder_3_bit_4_35.dqdimacs,28,31
./benchmark_tests/afterhqspre/PEC1/pec_adder_3_bit_4_35.dqdimacs,29,31
./benchmark_tests/afterhqspre/PEC1/pec_adder_3_bit_4_36.dqdimacs,21,31
./benchmark_tests/afterhqspre/PEC1/pec_adder_3_bit_4_36.dqdimacs,26,31
./benchmark_tests/afterhqspre/PEC1/pec_adder_3_bit_4_36.dqdimacs,27,31
./benchmark_tests/afterhqspre/PEC1/pec_adder_3_bit_4_36.dqdimacs,28,31
./benchmark_tests/afterhqspre/PEC1/pec_adder_3_bit_4_38.dqdimacs,24,31
./benchmark_tests/afterhqspre/PEC1/pec_adder_3_bit_4_38.dqdimacs,25,31
./benchmark_tests/afterhqspre/PEC1/pec_adder_3_bit_4_38.dqdimacs,30,31
./benchmark_tests/afterhqspre/PEC1/pec_adder_3_bit_4_38.dqdimacs,31,31
./benchmark_tests/afterhqspre/PEC1/pec_adder_3_bit_4_39.dqdimacs,16,30
./benchmark_tests/afterhqspre/PEC1/pec_adder_3_bit_4_39.dqdimacs,27,30
./benchmark_tests/afterhqspre/PEC1/pec_adder_3_bit_4_39.dqdimacs,28,30
./benchmark_tests/afterhqspre/PEC1/pec_adder_3_bit_4_3.dqdimacs,22,31
./benchmark_tests/afterhqspre/PEC1/pec_adder_3_bit_4_3.dqdimacs,29,30
./benchmark_tests/afterhqspre/PEC1/pec_adder_3_bit_4_3.dqdimacs,32,30
./benchmark_tests/afterhqspre/PEC1/pec_adder_3_bit_4_3.dqdimacs,34,30
./benchmark_tests/afterhqspre/PEC1/pec_adder_3_bit_4_40.dqdimacs,29,31
./benchmark_tests/afterhqspre/PEC1/pec_adder_3_bit_4_40.dqdimacs,30,31
./benchmark_tests/afterhqspre/PEC1/pec_adder_3_bit_4_40.dqdimacs,31,30
./benchmark_tests/afterhqspre/PEC1/pec_adder_3_bit_4_41.dqdimacs,19,31
./benchmark_tests/afterhqspre/PEC1/pec_adder_3_bit_4_41.dqdimacs,20,31
./benchmark_tests/afterhqspre/PEC1/pec_adder_3_bit_4_41.dqdimacs,24,31
./benchmark_tests/afterhqspre/PEC1/pec_adder_3_bit_4_42.dqdimacs,22,31
./benchmark_tests/afterhqspre/PEC1/pec_adder_3_bit_4_42.dqdimacs,27,31
./benchmark_tests/afterhqspre/PEC1/pec_adder_3_bit_4_42.dqdimacs,28,30
./benchmark_tests/afterhqspre/PEC1/pec_adder_3_bit_4_43.dqdimacs,14,31
./benchmark_tests/afterhqspre/PEC1/pec_adder_3_bit_4_43.dqdimacs,17,30
./benchmark_tests/afterhqspre/PEC1/pec_adder_3_bit_4_43.dqdimacs,22,30
./benchmark_tests/afterhqspre/PEC1/pec_adder_3_bit_4_43.dqdimacs,25,30
./benchmark_tests/afterhqspre/PEC1/pec_adder_3_bit_4_44.dqdimacs,18,30
./benchmark_tests/afterhqspre/PEC1/pec_adder_3_bit_4_44.dqdimacs,19,30
./benchmark_tests/afterhqspre/PEC1/pec_adder_3_bit_4_44.dqdimacs,26,30
./benchmark_tests/afterhqspre/PEC1/pec_adder_3_bit_4_44.dqdimacs,29,29
./benchmark_tests/afterhqspre/PEC1/pec_adder_3_bit_4_45.dqdimacs,24,30
./benchmark_tests/afterhqspre/PEC1/pec_adder_3_bit_4_45.dqdimacs,29,31
./benchmark_tests/afterhqspre/PEC1/pec_adder_3_bit_4_45.dqdimacs,30,31
./benchmark_tests/afterhqspre/PEC1/pec_adder_3_bit_4_46.dqdimacs,19,31
./benchmark_tests/afterhqspre/PEC1/pec_adder_3_bit_4_46.dqdimacs,26,31
./benchmark_tests/afterhqspre/PEC1/pec_adder_3_bit_4_46.dqdimacs,31,31
./benchmark_tests/afterhqspre/PEC1/pec_adder_3_bit_4_46.dqdimacs,32,31
./benchmark_tests/afterhqspre/PEC1/pec_adder_3_bit_4_47.dqdimacs,21,29
./benchmark_tests/afterhqspre/PEC1/pec_adder_3_bit_4_47.dqdimacs,26,30
./benchmark_tests/afterhqspre/PEC1/pec_adder_3_bit_4_47.dqdimacs,31,30
./benchmark_tests/afterhqspre/PEC1/pec_adder_3_bit_4_47.dqdimacs,32,30
./benchmark_tests/afterhqspre/PEC1/pec_adder_3_bit_4_48.dqdimacs,24,31
./benchmark_tests/afterhqspre/PEC1/pec_adder_3_bit_4_48.dqdimacs,25,31
./benchmark_tests/afterhqspre/PEC1/pec_adder_3_bit_4_48.dqdimacs,30,31
./benchmark_tests/afterhqspre/PEC1/pec_adder_3_bit_4_4.dqdimacs,19,30
./benchmark_tests/afterhqspre/PEC1/pec_adder_3_bit_4_4.dqdimacs,22,30
./benchmark_tests/afterhqspre/PEC1/pec_adder_3_bit_4_4.dqdimacs,23,30
./benchmark_tests/afterhqspre/PEC1/pec_adder_3_bit_4_4.dqdimacs,24,30
./benchmark_tests/afterhqspre/PEC1/pec_adder_3_bit_4_50.dqdimacs,30,31
./benchmark_tests/afterhqspre/PEC1/pec_adder_3_bit_4_50.dqdimacs,33,31
./benchmark_tests/afterhqspre/PEC1/pec_adder_3_bit_4_50.dqdimacs,34,30
./benchmark_tests/afterhqspre/PEC1/pec_adder_3_bit_4_50.dqdimacs,35,30
./benchmark_tests/afterhqspre/PEC1/pec_adder_3_bit_4_51.dqdimacs,23,31
./benchmark_tests/afterhqspre/PEC1/pec_adder_3_bit_4_51.dqdimacs,30,31
./benchmark_tests/afterhqspre/PEC1/pec_adder_3_bit_4_51.dqdimacs,31,31
./benchmark_tests/afterhqspre/PEC1/pec_adder_3_bit_4_51.dqdimacs,32,31
./benchmark_tests/afterhqspre/PEC1/pec_adder_3_bit_4_52.dqdimacs,18,30
./benchmark_tests/afterhqspre/PEC1/pec_adder_3_bit_4_52.dqdimacs,23,30
./benchmark_tests/afterhqspre/PEC1/pec_adder_3_bit_4_52.dqdimacs,25,29
./benchmark_tests/afterhqspre/PEC1/pec_adder_3_bit_4_52.dqdimacs,26,29
./benchmark_tests/afterhqspre/PEC1/pec_adder_3_bit_4_53.dqdimacs,26,31
./benchmark_tests/afterhqspre/PEC1/pec_adder_3_bit_4_53.dqdimacs,31,31
./benchmark_tests/afterhqspre/PEC1/pec_adder_3_bit_4_53.dqdimacs,32,31
./benchmark_tests/afterhqspre/PEC1/pec_adder_3_bit_4_54.dqdimacs,24,30
./benchmark_tests/afterhqspre/PEC1/pec_adder_3_bit_4_54.dqdimacs,27,30
./benchmark_tests/afterhqspre/PEC1/pec_adder_3_bit_4_54.dqdimacs,28,30
./benchmark_tests/afterhqspre/PEC1/pec_adder_3_bit_4_55.dqdimacs,19,31
./benchmark_tests/afterhqspre/PEC1/pec_adder_3_bit_4_55.dqdimacs,24,31
./benchmark_tests/afterhqspre/PEC1/pec_adder_3_bit_4_55.dqdimacs,25,31
./benchmark_tests/afterhqspre/PEC1/pec_adder_3_bit_4_56.dqdimacs,26,31
./benchmark_tests/afterhqspre/PEC1/pec_adder_3_bit_4_56.dqdimacs,27,30
./benchmark_tests/afterhqspre/PEC1/pec_adder_3_bit_4_56.dqdimacs,28,30
./benchmark_tests/afterhqspre/PEC1/pec_adder_3_bit_4_56.dqdimacs,29,30
./benchmark_tests/afterhqspre/PEC1/pec_adder_3_bit_4_57.dqdimacs,26,30
./benchmark_tests/afterhqspre/PEC1/pec_adder_3_bit_4_57.dqdimacs,29,30
./benchmark_tests/afterhqspre/PEC1/pec_adder_3_bit_4_57.dqdimacs,31,30
./benchmark_tests/afterhqspre/PEC1/pec_adder_3_bit_4_57.dqdimacs,32,31
./benchmark_tests/afterhqspre/PEC1/pec_adder_3_bit_4_58.dqdimacs,25,30
./benchmark_tests/afterhqspre/PEC1/pec_adder_3_bit_4_58.dqdimacs,28,30
./benchmark_tests/afterhqspre/PEC1/pec_adder_3_bit_4_58.dqdimacs,29,30
./benchmark_tests/afterhqspre/PEC1/pec_adder_3_bit_4_58.dqdimacs,30,30
./benchmark_tests/afterhqspre/PEC1/pec_adder_3_bit_4_59.dqdimacs,23,30
./benchmark_tests/afterhqspre/PEC1/pec_adder_3_bit_4_59.dqdimacs,28,30
./benchmark_tests/afterhqspre/PEC1/pec_adder_3_bit_4_59.dqdimacs,29,30
./benchmark_tests/afterhqspre/PEC1/pec_adder_3_bit_4_60.dqdimacs,19,30
./benchmark_tests/afterhqspre/PEC1/pec_adder_3_bit_4_60.dqdimacs,20,31
./benchmark_tests/afterhqspre/PEC1/pec_adder_3_bit_4_60.dqdimacs,25,30
./benchmark_tests/afterhqspre/PEC1/pec_adder_3_bit_4_61.dqdimacs,15,31
./benchmark_tests/afterhqspre/PEC1/pec_adder_3_bit_4_61.dqdimacs,28,31
./benchmark_tests/afterhqspre/PEC1/pec_adder_3_bit_4_61.dqdimacs,29,30
./benchmark_tests/afterhqspre/PEC1/pec_adder_3_bit_4_61.dqdimacs,30,31
./benchmark_tests/afterhqspre/PEC1/pec_adder_3_bit_4_62.dqdimacs,19,30
./benchmark_tests/afterhqspre/PEC1/pec_adder_3_bit_4_62.dqdimacs,24,30
./benchmark_tests/afterhqspre/PEC1/pec_adder_3_bit_4_62.dqdimacs,25,30
./benchmark_tests/afterhqspre/PEC1/pec_adder_3_bit_4_62.dqdimacs,28,30
./benchmark_tests/afterhqspre/PEC1/pec_adder_3_bit_4_63.dqdimacs,22,30
./benchmark_tests/afterhqspre/PEC1/pec_adder_3_bit_4_63.dqdimacs,27,30
./benchmark_tests/afterhqspre/PEC1/pec_adder_3_bit_4_63.dqdimacs,28,30
./benchmark_tests/afterhqspre/PEC1/pec_adder_3_bit_4_64.dqdimacs,27,31
./benchmark_tests/afterhqspre/PEC1/pec_adder_3_bit_4_64.dqdimacs,28,29
./benchmark_tests/afterhqspre/PEC1/pec_adder_3_bit_4_64.dqdimacs,29,30
./benchmark_tests/afterhqspre/PEC1/pec_adder_3_bit_4_65.dqdimacs,16,30
./benchmark_tests/afterhqspre/PEC1/pec_adder_3_bit_4_65.dqdimacs,19,30
./benchmark_tests/afterhqspre/PEC1/pec_adder_3_bit_4_65.dqdimacs,23,30
./benchmark_tests/afterhqspre/PEC1/pec_adder_3_bit_4_65.dqdimacs,26,30
./benchmark_tests/afterhqspre/PEC1/pec_adder_3_bit_4_66.dqdimacs,29,32
./benchmark_tests/afterhqspre/PEC1/pec_adder_3_bit_4_66.dqdimacs,36,32
./benchmark_tests/afterhqspre/PEC1/pec_adder_3_bit_4_66.dqdimacs,37,32
./benchmark_tests/afterhqspre/PEC1/pec_adder_3_bit_4_66.dqdimacs,38,32
./benchmark_tests/afterhqspre/PEC1/pec_adder_3_bit_4_67.dqdimacs,27,32
./benchmark_tests/afterhqspre/PEC1/pec_adder_3_bit_4_67.dqdimacs,28,33
./benchmark_tests/afterhqspre/PEC1/pec_adder_3_bit_4_67.dqdimacs,35,33
./benchmark_tests/afterhqspre/PEC1/pec_adder_3_bit_4_68.dqdimacs,23,32
./benchmark_tests/afterhqspre/PEC1/pec_adder_3_bit_4_68.dqdimacs,32,31
./benchmark_tests/afterhqspre/PEC1/pec_adder_3_bit_4_68.dqdimacs,35,31
./benchmark_tests/afterhqspre/PEC1/pec_adder_3_bit_4_68.dqdimacs,36,31
./benchmark_tests/afterhqspre/PEC1/pec_adder_3_bit_4_69.dqdimacs,10,18
./benchmark_tests/afterhqspre/PEC1/pec_adder_3_bit_4_69.dqdimacs,13,18
./benchmark_tests/afterhqspre/PEC1/pec_adder_3_bit_4_69.dqdimacs,24,18
./benchmark_tests/afterhqspre/PEC1/pec_adder_3_bit_4_69.dqdimacs,29,18
./benchmark_tests/afterhqspre/PEC1/pec_adder_3_bit_4_69.dqdimacs,31,18
./benchmark_tests/afterhqspre/PEC1/pec_adder_3_bit_4_69.dqdimacs,34,18
./benchmark_tests/afterhqspre/PEC1/pec_adder_3_bit_4_69.dqdimacs,38,18
./benchmark_tests/afterhqspre/PEC1/pec_adder_3_bit_4_69.dqdimacs,39,18
./benchmark_tests/afterhqspre/PEC1/pec_adder_3_bit_4_69.dqdimacs,45,18
./benchmark_tests/afterhqspre/PEC1/pec_adder_3_bit_4_69.dqdimacs,62,18
./benchmark_tests/afterhqspre/PEC1/pec_adder_3_bit_4_6.dqdimacs,21,31
./benchmark_tests/afterhqspre/PEC1/pec_adder_3_bit_4_6.dqdimacs,24,31
./benchmark_tests/afterhqspre/PEC1/pec_adder_3_bit_4_6.dqdimacs,29,31
./benchmark_tests/afterhqspre/PEC1/pec_adder_3_bit_4_70.dqdimacs,27,31
./benchmark_tests/afterhqspre/PEC1/pec_adder_3_bit_4_70.dqdimacs,28,32
./benchmark_tests/afterhqspre/PEC1/pec_adder_3_bit_4_70.dqdimacs,33,32
./benchmark_tests/afterhqspre/PEC1/pec_adder_3_bit_4_70.dqdimacs,34,32
./benchmark_tests/afterhqspre/PEC1/pec_adder_3_bit_4_71.dqdimacs,24,29
./benchmark_tests/afterhqspre/PEC1/pec_adder_3_bit_4_71.dqdimacs,27,30
./benchmark_tests/afterhqspre/PEC1/pec_adder_3_bit_4_71.dqdimacs,30,30
./benchmark_tests/afterhqspre/PEC1/pec_adder_3_bit_4_71.dqdimacs,31,30
./benchmark_tests/afterhqspre/PEC1/pec_adder_3_bit_4_72.dqdimacs,30,31
./benchmark_tests/afterhqspre/PEC1/pec_adder_3_bit_4_72.dqdimacs,31,30
./benchmark_tests/afterhqspre/PEC1/pec_adder_3_bit_4_72.dqdimacs,32,30
./benchmark_tests/afterhqspre/PEC1/pec_adder_3_bit_4_73.dqdimacs,24,31
./benchmark_tests/afterhqspre/PEC1/pec_adder_3_bit_4_73.dqdimacs,29,30
./benchmark_tests/afterhqspre/PEC1/pec_adder_3_bit_4_73.dqdimacs,30,30
./benchmark_tests/afterhqspre/PEC1/pec_adder_3_bit_4_74.dqdimacs,28,31
./benchmark_tests/afterhqspre/PEC1/pec_adder_3_bit_4_74.dqdimacs,35,31
./benchmark_tests/afterhqspre/PEC1/pec_adder_3_bit_4_74.dqdimacs,36,30
./benchmark_tests/afterhqspre/PEC1/pec_adder_3_bit_4_75.dqdimacs,15,31
./benchmark_tests/afterhqspre/PEC1/pec_adder_3_bit_4_75.dqdimacs,26,31
./benchmark_tests/afterhqspre/PEC1/pec_adder_3_bit_4_75.dqdimacs,31,30
./benchmark_tests/afterhqspre/PEC1/pec_adder_3_bit_4_75.dqdimacs,32,30
./benchmark_tests/afterhqspre/PEC1/pec_adder_3_bit_4_76.dqdimacs,27,30
./benchmark_tests/afterhqspre/PEC1/pec_adder_3_bit_4_76.dqdimacs,28,30
./benchmark_tests/afterhqspre/PEC1/pec_adder_3_bit_4_76.dqdimacs,29,30
./benchmark_tests/afterhqspre/PEC1/pec_adder_3_bit_4_77.dqdimacs,19,32
./benchmark_tests/afterhqspre/PEC1/pec_adder_3_bit_4_77.dqdimacs,32,31
./benchmark_tests/afterhqspre/PEC1/pec_adder_3_bit_4_77.dqdimacs,33,31
./benchmark_tests/afterhqspre/PEC1/pec_adder_3_bit_4_77.dqdimacs,34,31
./benchmark_tests/afterhqspre/PEC1/pec_adder_3_bit_4_78.dqdimacs,18,31
./benchmark_tests/afterhqspre/PEC1/pec_adder_3_bit_4_78.dqdimacs,23,31
./benchmark_tests/afterhqspre/PEC1/pec_adder_3_bit_4_78.dqdimacs,28,31
./benchmark_tests/afterhqspre/PEC1/pec_adder_3_bit_4_79.dqdimacs,19,32
./benchmark_tests/afterhqspre/PEC1/pec_adder_3_bit_4_79.dqdimacs,20,32
./benchmark_tests/afterhqspre/PEC1/pec_adder_3_bit_4_79.dqdimacs,25,31
./benchmark_tests/afterhqspre/PEC1/pec_adder_3_bit_4_79.dqdimacs,26,31
./benchmark_tests/afterhqspre/PEC1/pec_adder_3_bit_4_7.dqdimacs,18,31
./benchmark_tests/afterhqspre/PEC1/pec_adder_3_bit_4_7.dqdimacs,21,31
./benchmark_tests/afterhqspre/PEC1/pec_adder_3_bit_4_7.dqdimacs,24,31
./benchmark_tests/afterhqspre/PEC1/pec_adder_3_bit_4_7.dqdimacs,29,31
./benchmark_tests/afterhqspre/PEC1/pec_adder_3_bit_4_80.dqdimacs,26,30
./benchmark_tests/afterhqspre/PEC1/pec_adder_3_bit_4_80.dqdimacs,29,30
./benchmark_tests/afterhqspre/PEC1/pec_adder_3_bit_4_80.dqdimacs,30,30
./benchmark_tests/afterhqspre/PEC1/pec_adder_3_bit_4_81.dqdimacs,32,31
./benchmark_tests/afterhqspre/PEC1/pec_adder_3_bit_4_81.dqdimacs,33,30
./benchmark_tests/afterhqspre/PEC1/pec_adder_3_bit_4_81.dqdimacs,34,31
./benchmark_tests/afterhqspre/PEC1/pec_adder_3_bit_4_82.dqdimacs,22,29
./benchmark_tests/afterhqspre/PEC1/pec_adder_3_bit_4_82.dqdimacs,25,30
./benchmark_tests/afterhqspre/PEC1/pec_adder_3_bit_4_82.dqdimacs,26,30
./benchmark_tests/afterhqspre/PEC1/pec_adder_3_bit_4_83.dqdimacs,20,30
./benchmark_tests/afterhqspre/PEC1/pec_adder_3_bit_4_83.dqdimacs,21,29
./benchmark_tests/afterhqspre/PEC1/pec_adder_3_bit_4_83.dqdimacs,22,29
./benchmark_tests/afterhqspre/PEC1/pec_adder_3_bit_4_83.dqdimacs,25,29
./benchmark_tests/afterhqspre/PEC1/pec_adder_3_bit_4_84.dqdimacs,26,30
./benchmark_tests/afterhqspre/PEC1/pec_adder_3_bit_4_84.dqdimacs,31,30
./benchmark_tests/afterhqspre/PEC1/pec_adder_3_bit_4_84.dqdimacs,36,30
./benchmark_tests/afterhqspre/PEC1/pec_adder_3_bit_4_85.dqdimacs,24,31
./benchmark_tests/afterhqspre/PEC1/pec_adder_3_bit_4_85.dqdimacs,33,31
./benchmark_tests/afterhqspre/PEC1/pec_adder_3_bit_4_85.dqdimacs,34,32
./benchmark_tests/afterhqspre/PEC1/pec_adder_3_bit_4_85.dqdimacs,35,32
./benchmark_tests/afterhqspre/PEC1/pec_adder_3_bit_4_86.dqdimacs,19,30
./benchmark_tests/afterhqspre/PEC1/pec_adder_3_bit_4_86.dqdimacs,22,31
./benchmark_tests/afterhqspre/PEC1/pec_adder_3_bit_4_86.dqdimacs,23,31
./benchmark_tests/afterhqspre/PEC1/pec_adder_3_bit_4_87.dqdimacs,32,31
./benchmark_tests/afterhqspre/PEC1/pec_adder_3_bit_4_87.dqdimacs,37,31
./benchmark_tests/afterhqspre/PEC1/pec_adder_3_bit_4_87.dqdimacs,38,31
./benchmark_tests/afterhqspre/PEC1/pec_adder_3_bit_4_87.dqdimacs,39,30
./benchmark_tests/afterhqspre/PEC1/pec_adder_3_bit_4_88.dqdimacs,19,32
./benchmark_tests/afterhqspre/PEC1/pec_adder_3_bit_4_88.dqdimacs,20,32
./benchmark_tests/afterhqspre/PEC1/pec_adder_3_bit_4_88.dqdimacs,25,32
./benchmark_tests/afterhqspre/PEC1/pec_adder_3_bit_4_88.dqdimacs,26,32
./benchmark_tests/afterhqspre/PEC1/pec_adder_3_bit_4_89.dqdimacs,17,30
./benchmark_tests/afterhqspre/PEC1/pec_adder_3_bit_4_89.dqdimacs,20,30
./benchmark_tests/afterhqspre/PEC1/pec_adder_3_bit_4_89.dqdimacs,23,29
./benchmark_tests/afterhqspre/PEC1/pec_adder_3_bit_4_8.dqdimacs,23,30
./benchmark_tests/afterhqspre/PEC1/pec_adder_3_bit_4_8.dqdimacs,26,31
./benchmark_tests/afterhqspre/PEC1/pec_adder_3_bit_4_8.dqdimacs,27,31
./benchmark_tests/afterhqspre/PEC1/pec_adder_3_bit_4_90.dqdimacs,22,31
./benchmark_tests/afterhqspre/PEC1/pec_adder_3_bit_4_90.dqdimacs,25,30
./benchmark_tests/afterhqspre/PEC1/pec_adder_3_bit_4_90.dqdimacs,26,30
./benchmark_tests/afterhqspre/PEC1/pec_adder_3_bit_4_90.dqdimacs,28,31
./benchmark_tests/afterhqspre/PEC1/pec_adder_3_bit_4_91.dqdimacs,15,31
./benchmark_tests/afterhqspre/PEC1/pec_adder_3_bit_4_91.dqdimacs,16,31
./benchmark_tests/afterhqspre/PEC1/pec_adder_3_bit_4_91.dqdimacs,17,31
./benchmark_tests/afterhqspre/PEC1/pec_adder_3_bit_4_91.dqdimacs,18,31
./benchmark_tests/afterhqspre/PEC1/pec_adder_3_bit_4_92.dqdimacs,15,30
./benchmark_tests/afterhqspre/PEC1/pec_adder_3_bit_4_92.dqdimacs,18,30
./benchmark_tests/afterhqspre/PEC1/pec_adder_3_bit_4_92.dqdimacs,23,29
./benchmark_tests/afterhqspre/PEC1/pec_adder_3_bit_4_92.dqdimacs,26,30
./benchmark_tests/afterhqspre/PEC1/pec_adder_3_bit_4_93.dqdimacs,22,31
./benchmark_tests/afterhqspre/PEC1/pec_adder_3_bit_4_93.dqdimacs,27,31
./benchmark_tests/afterhqspre/PEC1/pec_adder_3_bit_4_93.dqdimacs,28,31
./benchmark_tests/afterhqspre/PEC1/pec_adder_3_bit_4_93.dqdimacs,31,31
./benchmark_tests/afterhqspre/PEC1/pec_adder_3_bit_4_94.dqdimacs,19,31
./benchmark_tests/afterhqspre/PEC1/pec_adder_3_bit_4_94.dqdimacs,28,31
./benchmark_tests/afterhqspre/PEC1/pec_adder_3_bit_4_94.dqdimacs,31,31
./benchmark_tests/afterhqspre/PEC1/pec_adder_3_bit_4_94.dqdimacs,32,31
./benchmark_tests/afterhqspre/PEC1/pec_adder_3_bit_4_96.dqdimacs,24,31
./benchmark_tests/afterhqspre/PEC1/pec_adder_3_bit_4_96.dqdimacs,29,30
./benchmark_tests/afterhqspre/PEC1/pec_adder_3_bit_4_96.dqdimacs,31,30
./benchmark_tests/afterhqspre/PEC1/pec_adder_3_bit_4_98.dqdimacs,20,30
./benchmark_tests/afterhqspre/PEC1/pec_adder_3_bit_4_98.dqdimacs,23,30
./benchmark_tests/afterhqspre/PEC1/pec_adder_3_bit_4_98.dqdimacs,27,30
./benchmark_tests/afterhqspre/PEC1/pec_adder_3_bit_4_99.dqdimacs,19,31
./benchmark_tests/afterhqspre/PEC1/pec_adder_3_bit_4_99.dqdimacs,24,30
./benchmark_tests/afterhqspre/PEC1/pec_adder_3_bit_4_99.dqdimacs,27,30
./benchmark_tests/afterhqspre/PEC1/pec_adder_3_bit_4_99.dqdimacs,28,30
./benchmark_tests/afterhqspre/PEC1/pec_adder_3_bit_4_9.dqdimacs,26,31
./benchmark_tests/afterhqspre/PEC1/pec_adder_3_bit_4_9.dqdimacs,27,31
./benchmark_tests/afterhqspre/PEC1/pec_adder_3_bit_4_9.dqdimacs,28,31
./benchmark_tests/afterhqspre/PEC1/pec_adder_3_bit_4_9.dqdimacs,29,31
./benchmark_tests/afterhqspre/PEC1/pec_adder_3_bit_6_0.dqdimacs,21,32
./benchmark_tests/afterhqspre/PEC1/pec_adder_3_bit_6_0.dqdimacs,22,31
./benchmark_tests/afterhqspre/PEC1/pec_adder_3_bit_6_0.dqdimacs,31,31
./benchmark_tests/afterhqspre/PEC1/pec_adder_3_bit_6_0.dqdimacs,34,31
./benchmark_tests/afterhqspre/PEC1/pec_adder_3_bit_6_0.dqdimacs,35,31
./benchmark_tests/afterhqspre/PEC1/pec_adder_3_bit_6_0.dqdimacs,36,31
./benchmark_tests/afterhqspre/PEC1/pec_adder_3_bit_6_10.dqdimacs,18,31
./benchmark_tests/afterhqspre/PEC1/pec_adder_3_bit_6_10.dqdimacs,25,31
./benchmark_tests/afterhqspre/PEC1/pec_adder_3_bit_6_10.dqdimacs,28,31
./benchmark_tests/afterhqspre/PEC1/pec_adder_3_bit_6_10.dqdimacs,31,31
./benchmark_tests/afterhqspre/PEC1/pec_adder_3_bit_6_10.dqdimacs,32,31
./benchmark_tests/afterhqspre/PEC1/pec_adder_3_bit_6_10.dqdimacs,33,31
./benchmark_tests/afterhqspre/PEC1/pec_adder_3_bit_6_11.dqdimacs,18,30
./benchmark_tests/afterhqspre/PEC1/pec_adder_3_bit_6_11.dqdimacs,21,30
./benchmark_tests/afterhqspre/PEC1/pec_adder_3_bit_6_11.dqdimacs,23,30
./benchmark_tests/afterhqspre/PEC1/pec_adder_3_bit_6_11.dqdimacs,24,30
./benchmark_tests/afterhqspre/PEC1/pec_adder_3_bit_6_11.dqdimacs,25,30
./benchmark_tests/afterhqspre/PEC1/pec_adder_3_bit_6_12.dqdimacs,29,30
./benchmark_tests/afterhqspre/PEC1/pec_adder_3_bit_6_12.dqdimacs,36,31
./benchmark_tests/afterhqspre/PEC1/pec_adder_3_bit_6_12.dqdimacs,39,31
./benchmark_tests/afterhqspre/PEC1/pec_adder_3_bit_6_12.dqdimacs,40,31
./benchmark_tests/afterhqspre/PEC1/pec_adder_3_bit_6_12.dqdimacs,41,31
./benchmark_tests/afterhqspre/PEC1/pec_adder_3_bit_6_13.dqdimacs,20,30
./benchmark_tests/afterhqspre/PEC1/pec_adder_3_bit_6_13.dqdimacs,23,31
./benchmark_tests/afterhqspre/PEC1/pec_adder_3_bit_6_13.dqdimacs,28,31
./benchmark_tests/afterhqspre/PEC1/pec_adder_3_bit_6_13.dqdimacs,31,31
./benchmark_tests/afterhqspre/PEC1/pec_adder_3_bit_6_13.dqdimacs,32,31
./benchmark_tests/afterhqspre/PEC1/pec_adder_3_bit_6_14.dqdimacs,17,30
./benchmark_tests/afterhqspre/PEC1/pec_adder_3_bit_6_14.dqdimacs,18,30
./benchmark_tests/afterhqspre/PEC1/pec_adder_3_bit_6_14.dqdimacs,19,30
./benchmark_tests/afterhqspre/PEC1/pec_adder_3_bit_6_14.dqdimacs,26,30
./benchmark_tests/afterhqspre/PEC1/pec_adder_3_bit_6_14.dqdimacs,29,30
./benchmark_tests/afterhqspre/PEC1/pec_adder_3_bit_6_15.dqdimacs,15,31
./benchmark_tests/afterhqspre/PEC1/pec_adder_3_bit_6_15.dqdimacs,26,30
./benchmark_tests/afterhqspre/PEC1/pec_adder_3_bit_6_15.dqdimacs,29,30
./benchmark_tests/afterhqspre/PEC1/pec_adder_3_bit_6_15.dqdimacs,32,30
./benchmark_tests/afterhqspre/PEC1/pec_adder_3_bit_6_15.dqdimacs,33,30
./benchmark_tests/afterhqspre/PEC1/pec_adder_3_bit_6_16.dqdimacs,29,31
./benchmark_tests/afterhqspre/PEC1/pec_adder_3_bit_6_16.dqdimacs,32,31
./benchmark_tests/afterhqspre/PEC1/pec_adder_3_bit_6_16.dqdimacs,33,31
./benchmark_tests/afterhqspre/PEC1/pec_adder_3_bit_6_16.dqdimacs,34,31
./benchmark_tests/afterhqspre/PEC1/pec_adder_3_bit_6_16.dqdimacs,35,31
./benchmark_tests/afterhqspre/PEC1/pec_adder_3_bit_6_17.dqdimacs,16,31
./benchmark_tests/afterhqspre/PEC1/pec_adder_3_bit_6_17.dqdimacs,19,30
./benchmark_tests/afterhqspre/PEC1/pec_adder_3_bit_6_17.dqdimacs,30,30
./benchmark_tests/afterhqspre/PEC1/pec_adder_3_bit_6_17.dqdimacs,31,30
./benchmark_tests/afterhqspre/PEC1/pec_adder_3_bit_6_17.dqdimacs,32,30
./benchmark_tests/afterhqspre/PEC1/pec_adder_3_bit_6_17.dqdimacs,33,30
./benchmark_tests/afterhqspre/PEC1/pec_adder_3_bit_6_18.dqdimacs,19,31
./benchmark_tests/afterhqspre/PEC1/pec_adder_3_bit_6_18.dqdimacs,28,31
./benchmark_tests/afterhqspre/PEC1/pec_adder_3_bit_6_18.dqdimacs,35,31
./benchmark_tests/afterhqspre/PEC1/pec_adder_3_bit_6_18.dqdimacs,36,31
./benchmark_tests/afterhqspre/PEC1/pec_adder_3_bit_6_18.dqdimacs,37,31
./benchmark_tests/afterhqspre/PEC1/pec_adder_3_bit_6_19.dqdimacs,17,31
./benchmark_tests/afterhqspre/PEC1/pec_adder_3_bit_6_19.dqdimacs,20,31
./benchmark_tests/afterhqspre/PEC1/pec_adder_3_bit_6_19.dqdimacs,21,31
./benchmark_tests/afterhqspre/PEC1/pec_adder_3_bit_6_19.dqdimacs,28,31
./benchmark_tests/afterhqspre/PEC1/pec_adder_3_bit_6_19.dqdimacs,29,31
./benchmark_tests/afterhqspre/PEC1/pec_adder_3_bit_6_19.dqdimacs,30,31
./benchmark_tests/afterhqspre/PEC1/pec_adder_3_bit_6_1.dqdimacs,15,31
./benchmark_tests/afterhqspre/PEC1/pec_adder_3_bit_6_1.dqdimacs,18,31
./benchmark_tests/afterhqspre/PEC1/pec_adder_3_bit_6_1.dqdimacs,23,31
./benchmark_tests/afterhqspre/PEC1/pec_adder_3_bit_6_1.dqdimacs,28,31
./benchmark_tests/afterhqspre/PEC1/pec_adder_3_bit_6_1.dqdimacs,33,31
./benchmark_tests/afterhqspre/PEC1/pec_adder_3_bit_6_1.dqdimacs,34,31
./benchmark_tests/afterhqspre/PEC1/pec_adder_3_bit_6_20.dqdimacs,20,31
./benchmark_tests/afterhqspre/PEC1/pec_adder_3_bit_6_20.dqdimacs,23,31
./benchmark_tests/afterhqspre/PEC1/pec_adder_3_bit_6_20.dqdimacs,26,31
./benchmark_tests/afterhqspre/PEC1/pec_adder_3_bit_6_20.dqdimacs,29,31
./benchmark_tests/afterhqspre/PEC1/pec_adder_3_bit_6_20.dqdimacs,32,31
./benchmark_tests/afterhqspre/PEC1/pec_adder_3_bit_6_20.dqdimacs,33,31
./benchmark_tests/afterhqspre/PEC1/pec_adder_3_bit_6_21.dqdimacs,16,32
./benchmark_tests/afterhqspre/PEC1/pec_adder_3_bit_6_21.dqdimacs,19,31
./benchmark_tests/afterhqspre/PEC1/pec_adder_3_bit_6_21.dqdimacs,32,32
./benchmark_tests/afterhqspre/PEC1/pec_adder_3_bit_6_21.dqdimacs,33,31
./benchmark_tests/afterhqspre/PEC1/pec_adder_3_bit_6_21.dqdimacs,34,31
./benchmark_tests/afterhqspre/PEC1/pec_adder_3_bit_6_22.dqdimacs,17,31
./benchmark_tests/afterhqspre/PEC1/pec_adder_3_bit_6_22.dqdimacs,22,31
./benchmark_tests/afterhqspre/PEC1/pec_adder_3_bit_6_22.dqdimacs,25,31
./benchmark_tests/afterhqspre/PEC1/pec_adder_3_bit_6_22.dqdimacs,30,31
./benchmark_tests/afterhqspre/PEC1/pec_adder_3_bit_6_22.dqdimacs,35,31
./benchmark_tests/afterhqspre/PEC1/pec_adder_3_bit_6_23.dqdimacs,18,31
./benchmark_tests/afterhqspre/PEC1/pec_adder_3_bit_6_23.dqdimacs,23,32
./benchmark_tests/afterhqspre/PEC1/pec_adder_3_bit_6_23.dqdimacs,30,32
./benchmark_tests/afterhqspre/PEC1/pec_adder_3_bit_6_23.dqdimacs,31,32
./benchmark_tests/afterhqspre/PEC1/pec_adder_3_bit_6_23.dqdimacs,32,31
./benchmark_tests/afterhqspre/PEC1/pec_adder_3_bit_6_24.dqdimacs,19,32
./benchmark_tests/afterhqspre/PEC1/pec_adder_3_bit_6_24.dqdimacs,24,31
./benchmark_tests/afterhqspre/PEC1/pec_adder_3_bit_6_24.dqdimacs,33,31
./benchmark_tests/afterhqspre/PEC1/pec_adder_3_bit_6_24.dqdimacs,36,32
./benchmark_tests/afterhqspre/PEC1/pec_adder_3_bit_6_24.dqdimacs,37,31
./benchmark_tests/afterhqspre/PEC1/pec_adder_3_bit_6_25.dqdimacs,17,31
./benchmark_tests/afterhqspre/PEC1/pec_adder_3_bit_6_25.dqdimacs,18,31
./benchmark_tests/afterhqspre/PEC1/pec_adder_3_bit_6_25.dqdimacs,24,31
./benchmark_tests/afterhqspre/PEC1/pec_adder_3_bit_6_25.dqdimacs,27,31
./benchmark_tests/afterhqspre/PEC1/pec_adder_3_bit_6_25.dqdimacs,30,31
./benchmark_tests/afterhqspre/PEC1/pec_adder_3_bit_6_26.dqdimacs,19,31
./benchmark_tests/afterhqspre/PEC1/pec_adder_3_bit_6_26.dqdimacs,26,32
./benchmark_tests/afterhqspre/PEC1/pec_adder_3_bit_6_26.dqdimacs,27,32
./benchmark_tests/afterhqspre/PEC1/pec_adder_3_bit_6_26.dqdimacs,30,32
./benchmark_tests/afterhqspre/PEC1/pec_adder_3_bit_6_26.dqdimacs,31,32
./benchmark_tests/afterhqspre/PEC1/pec_adder_3_bit_6_26.dqdimacs,32,32
./benchmark_tests/afterhqspre/PEC1/pec_adder_3_bit_6_27.dqdimacs,19,30
./benchmark_tests/afterhqspre/PEC1/pec_adder_3_bit_6_27.dqdimacs,22,30
./benchmark_tests/afterhqspre/PEC1/pec_adder_3_bit_6_27.dqdimacs,25,30
./benchmark_tests/afterhqspre/PEC1/pec_adder_3_bit_6_27.dqdimacs,27,30
./benchmark_tests/afterhqspre/PEC1/pec_adder_3_bit_6_27.dqdimacs,30,30
./benchmark_tests/afterhqspre/PEC1/pec_adder_3_bit_6_28.dqdimacs,19,31
./benchmark_tests/afterhqspre/PEC1/pec_adder_3_bit_6_28.dqdimacs,30,31
./benchmark_tests/afterhqspre/PEC1/pec_adder_3_bit_6_28.dqdimacs,31,31
./benchmark_tests/afterhqspre/PEC1/pec_adder_3_bit_6_28.dqdimacs,38,31
./benchmark_tests/afterhqspre/PEC1/pec_adder_3_bit_6_28.dqdimacs,39,31
./benchmark_tests/afterhqspre/PEC1/pec_adder_3_bit_6_28.dqdimacs,40,32
./benchmark_tests/afterhqspre/PEC1/pec_adder_3_bit_6_29.dqdimacs,18,31
./benchmark_tests/afterhqspre/PEC1/pec_adder_3_bit_6_29.dqdimacs,25,32
./benchmark_tests/afterhqspre/PEC1/pec_adder_3_bit_6_29.dqdimacs,28,32
./benchmark_tests/afterhqspre/PEC1/pec_adder_3_bit_6_29.dqdimacs,31,32
./benchmark_tests/afterhqspre/PEC1/pec_adder_3_bit_6_29.dqdimacs,32,32
./benchmark_tests/afterhqspre/PEC1/pec_adder_3_bit_6_2.dqdimacs,18,31
./benchmark_tests/afterhqspre/PEC1/pec_adder_3_bit_6_2.dqdimacs,21,31
./benchmark_tests/afterhqspre/PEC1/pec_adder_3_bit_6_2.dqdimacs,24,31
./benchmark_tests/afterhqspre/PEC1/pec_adder_3_bit_6_2.dqdimacs,25,31
./benchmark_tests/afterhqspre/PEC1/pec_adder_3_bit_6_2.dqdimacs,28,31
./benchmark_tests/afterhqspre/PEC1/pec_adder_3_bit_6_2.dqdimacs,29,31
./benchmark_tests/afterhqspre/PEC1/pec_adder_3_bit_6_30.dqdimacs,16,31
./benchmark_tests/afterhqspre/PEC1/pec_adder_3_bit_6_30.dqdimacs,31,31
./benchmark_tests/afterhqspre/PEC1/pec_adder_3_bit_6_30.dqdimacs,32,30
./benchmark_tests/afterhqspre/PEC1/pec_adder_3_bit_6_30.dqdimacs,33,30
./benchmark_tests/afterhqspre/PEC1/pec_adder_3_bit_6_30.dqdimacs,34,30
./benchmark_tests/afterhqspre/PEC1/pec_adder_3_bit_6_31.dqdimacs,15,32
./benchmark_tests/afterhqspre/PEC1/pec_adder_3_bit_6_31.dqdimacs,30,32
./benchmark_tests/afterhqspre/PEC1/pec_adder_3_bit_6_31.dqdimacs,31,32
./benchmark_tests/afterhqspre/PEC1/pec_adder_3_bit_6_31.dqdimacs,38,31
./benchmark_tests/afterhqspre/PEC1/pec_adder_3_bit_6_31.dqdimacs,39,32
./benchmark_tests/afterhqspre/PEC1/pec_adder_3_bit_6_31.dqdimacs,40,32
./benchmark_tests/afterhqspre/PEC1/pec_adder_3_bit_6_32.dqdimacs,15,30
./benchmark_tests/afterhqspre/PEC1/pec_adder_3_bit_6_32.dqdimacs,16,30
./benchmark_tests/afterhqspre/PEC1/pec_adder_3_bit_6_32.dqdimacs,17,30
./benchmark_tests/afterhqspre/PEC1/pec_adder_3_bit_6_32.dqdimacs,20,30
./benchmark_tests/afterhqspre/PEC1/pec_adder_3_bit_6_32.dqdimacs,25,30
./benchmark_tests/afterhqspre/PEC1/pec_adder_3_bit_6_32.dqdimacs,28,30
./benchmark_tests/afterhqspre/PEC1/pec_adder_3_bit_6_33.dqdimacs,19,31
./benchmark_tests/afterhqspre/PEC1/pec_adder_3_bit_6_33.dqdimacs,24,32
./benchmark_tests/afterhqspre/PEC1/pec_adder_3_bit_6_33.dqdimacs,25,32
./benchmark_tests/afterhqspre/PEC1/pec_adder_3_bit_6_33.dqdimacs,30,32
./benchmark_tests/afterhqspre/PEC1/pec_adder_3_bit_6_33.dqdimacs,31,32
./benchmark_tests/afterhqspre/PEC1/pec_adder_3_bit_6_34.dqdimacs,16,31
./benchmark_tests/afterhqspre/PEC1/pec_adder_3_bit_6_34.dqdimacs,19,30
./benchmark_tests/afterhqspre/PEC1/pec_adder_3_bit_6_34.dqdimacs,20,30
./benchmark_tests/afterhqspre/PEC1/pec_adder_3_bit_6_34.dqdimacs,21,30
./benchmark_tests/afterhqspre/PEC1/pec_adder_3_bit_6_34.dqdimacs,25,30
./benchmark_tests/afterhqspre/PEC1/pec_adder_3_bit_6_34.dqdimacs,26,30
./benchmark_tests/afterhqspre/PEC1/pec_adder_3_bit_6_35.dqdimacs,20,31
./benchmark_tests/afterhqspre/PEC1/pec_adder_3_bit_6_35.dqdimacs,23,31
./benchmark_tests/afterhqspre/PEC1/pec_adder_3_bit_6_35.dqdimacs,26,31
./benchmark_tests/afterhqspre/PEC1/pec_adder_3_bit_6_35.dqdimacs,31,31
./benchmark_tests/afterhqspre/PEC1/pec_adder_3_bit_6_35.dqdimacs,32,31
./benchmark_tests/afterhqspre/PEC1/pec_adder_3_bit_6_36.dqdimacs,16,31
./benchmark_tests/afterhqspre/PEC1/pec_adder_3_bit_6_36.dqdimacs,19,31
./benchmark_tests/afterhqspre/PEC1/pec_adder_3_bit_6_36.dqdimacs,30,31
./benchmark_tests/afterhqspre/PEC1/pec_adder_3_bit_6_36.dqdimacs,31,31
./benchmark_tests/afterhqspre/PEC1/pec_adder_3_bit_6_36.dqdimacs,32,31
./benchmark_tests/afterhqspre/PEC1/pec_adder_3_bit_6_36.dqdimacs,33,31
./benchmark_tests/afterhqspre/PEC1/pec_adder_3_bit_6_37.dqdimacs,16,32
./benchmark_tests/afterhqspre/PEC1/pec_adder_3_bit_6_37.dqdimacs,19,31
./benchmark_tests/afterhqspre/PEC1/pec_adder_3_bit_6_37.dqdimacs,20,31
./benchmark_tests/afterhqspre/PEC1/pec_adder_3_bit_6_37.dqdimacs,29,31
./benchmark_tests/afterhqspre/PEC1/pec_adder_3_bit_6_37.dqdimacs,32,31
./benchmark_tests/afterhqspre/PEC1/pec_adder_3_bit_6_37.dqdimacs,33,31
./benchmark_tests/afterhqspre/PEC1/pec_adder_3_bit_6_38.dqdimacs,17,31
./benchmark_tests/afterhqspre/PEC1/pec_adder_3_bit_6_38.dqdimacs,18,30
./benchmark_tests/afterhqspre/PEC1/pec_adder_3_bit_6_38.dqdimacs,21,30
./benchmark_tests/afterhqspre/PEC1/pec_adder_3_bit_6_38.dqdimacs,24,30
./benchmark_tests/afterhqspre/PEC1/pec_adder_3_bit_6_38.dqdimacs,27,30
./benchmark_tests/afterhqspre/PEC1/pec_adder_3_bit_6_39.dqdimacs,21,30
./benchmark_tests/afterhqspre/PEC1/pec_adder_3_bit_6_39.dqdimacs,24,30
./benchmark_tests/afterhqspre/PEC1/pec_adder_3_bit_6_39.dqdimacs,25,30
./benchmark_tests/afterhqspre/PEC1/pec_adder_3_bit_6_39.dqdimacs,28,30
./benchmark_tests/afterhqspre/PEC1/pec_adder_3_bit_6_39.dqdimacs,29,30
./benchmark_tests/afterhqspre/PEC1/pec_adder_3_bit_6_3.dqdimacs,27,32
./benchmark_tests/afterhqspre/PEC1/pec_adder_3_bit_6_3.dqdimacs,32,32
./benchmark_tests/afterhqspre/PEC1/pec_adder_3_bit_6_3.dqdimacs,39,32
./benchmark_tests/afterhqspre/PEC1/pec_adder_3_bit_6_3.dqdimacs,42,32
./benchmark_tests/afterhqspre/PEC1/pec_adder_3_bit_6_3.dqdimacs,43,32
./benchmark_tests/afterhqspre/PEC1/pec_adder_3_bit_6_3.dqdimacs,44,32
./benchmark_tests/afterhqspre/PEC1/pec_adder_3_bit_6_40.dqdimacs,19,32
./benchmark_tests/afterhqspre/PEC1/pec_adder_3_bit_6_40.dqdimacs,26,31
./benchmark_tests/afterhqspre/PEC1/pec_adder_3_bit_6_40.dqdimacs,29,31
./benchmark_tests/afterhqspre/PEC1/pec_adder_3_bit_6_40.dqdimacs,32,31
./benchmark_tests/afterhqspre/PEC1/pec_adder_3_bit_6_40.dqdimacs,33,31
./benchmark_tests/afterhqspre/PEC1/pec_adder_3_bit_6_41.dqdimacs,19,31
./benchmark_tests/afterhqspre/PEC1/pec_adder_3_bit_6_41.dqdimacs,26,31
./benchmark_tests/afterhqspre/PEC1/pec_adder_3_bit_6_41.dqdimacs,27,31
./benchmark_tests/afterhqspre/PEC1/pec_adder_3_bit_6_41.dqdimacs,34,31
./benchmark_tests/afterhqspre/PEC1/pec_adder_3_bit_6_41.dqdimacs,35,31
./benchmark_tests/afterhqspre/PEC1/pec_adder_3_bit_6_41.dqdimacs,36,31
./benchmark_tests/afterhqspre/PEC1/pec_adder_3_bit_6_42.dqdimacs,31,31
./benchmark_tests/afterhqspre/PEC1/pec_adder_3_bit_6_42.dqdimacs,32,31
./benchmark_tests/afterhqspre/PEC1/pec_adder_3_bit_6_42.dqdimacs,39,32
./benchmark_tests/afterhqspre/PEC1/pec_adder_3_bit_6_42.dqdimacs,40,31
./benchmark_tests/afterhqspre/PEC1/pec_adder_3_bit_6_42.dqdimacs,41,32
./benchmark_tests/afterhqspre/PEC1/pec_adder_3_bit_6_42.dqdimacs,42,31
./benchmark_tests/afterhqspre/PEC1/pec_adder_3_bit_6_43.dqdimacs,27,31
./benchmark_tests/afterhqspre/PEC1/pec_adder_3_bit_6_43.dqdimacs,30,30
./benchmark_tests/afterhqspre/PEC1/pec_adder_3_bit_6_43.dqdimacs,33,30
./benchmark_tests/afterhqspre/PEC1/pec_adder_3_bit_6_43.dqdimacs,34,30
./benchmark_tests/afterhqspre/PEC1/pec_adder_3_bit_6_43.dqdimacs,35,30
./benchmark_tests/afterhqspre/PEC1/pec_adder_3_bit_6_44.dqdimacs,15,30
./benchmark_tests/afterhqspre/PEC1/pec_adder_3_bit_6_44.dqdimacs,16,31
./benchmark_tests/afterhqspre/PEC1/pec_adder_3_bit_6_44.dqdimacs,19,31
./benchmark_tests/afterhqspre/PEC1/pec_adder_3_bit_6_44.dqdimacs,24,31
./benchmark_tests/afterhqspre/PEC1/pec_adder_3_bit_6_44.dqdimacs,27,30
./benchmark_tests/afterhqspre/PEC1/pec_adder_3_bit_6_45.dqdimacs,18,30
./benchmark_tests/afterhqspre/PEC1/pec_adder_3_bit_6_45.dqdimacs,20,31
./benchmark_tests/afterhqspre/PEC1/pec_adder_3_bit_6_45.dqdimacs,25,31
./benchmark_tests/afterhqspre/PEC1/pec_adder_3_bit_6_45.dqdimacs,28,31
./benchmark_tests/afterhqspre/PEC1/pec_adder_3_bit_6_45.dqdimacs,31,31
./benchmark_tests/afterhqspre/PEC1/pec_adder_3_bit_6_46.dqdimacs,19,30
./benchmark_tests/afterhqspre/PEC1/pec_adder_3_bit_6_46.dqdimacs,30,31
./benchmark_tests/afterhqspre/PEC1/pec_adder_3_bit_6_46.dqdimacs,35,31
./benchmark_tests/afterhqspre/PEC1/pec_adder_3_bit_6_46.dqdimacs,36,31
./benchmark_tests/afterhqspre/PEC1/pec_adder_3_bit_6_46.dqdimacs,37,31
./benchmark_tests/afterhqspre/PEC1/pec_adder_3_bit_6_47.dqdimacs,16,31
./benchmark_tests/afterhqspre/PEC1/pec_adder_3_bit_6_47.dqdimacs,23,31
./benchmark_tests/afterhqspre/PEC1/pec_adder_3_bit_6_47.dqdimacs,28,31
./benchmark_tests/afterhqspre/PEC1/pec_adder_3_bit_6_47.dqdimacs,31,31
./benchmark_tests/afterhqspre/PEC1/pec_adder_3_bit_6_47.dqdimacs,34,31
./benchmark_tests/afterhqspre/PEC1/pec_adder_3_bit_6_47.dqdimacs,35,31
./benchmark_tests/afterhqspre/PEC1/pec_adder_3_bit_6_48.dqdimacs,20,31
./benchmark_tests/afterhqspre/PEC1/pec_adder_3_bit_6_48.dqdimacs,23,31
./benchmark_tests/afterhqspre/PEC1/pec_adder_3_bit_6_48.dqdimacs,30,31
./benchmark_tests/afterhqspre/PEC1/pec_adder_3_bit_6_48.dqdimacs,35,31
./benchmark_tests/afterhqspre/PEC1/pec_adder_3_bit_6_48.dqdimacs,36,30
./benchmark_tests/afterhqspre/PEC1/pec_adder_3_bit_6_48.dqdimacs,37,31
./benchmark_tests/afterhqspre/PEC1/pec_adder_3_bit_6_49.dqdimacs,18,31
./benchmark_tests/afterhqspre/PEC1/pec_adder_3_bit_6_49.dqdimacs,25,32
./benchmark_tests/afterhqspre/PEC1/pec_adder_3_bit_6_49.dqdimacs,30,32
./benchmark_tests/afterhqspre/PEC1/pec_adder_3_bit_6_49.dqdimacs,35,32
./benchmark_tests/afterhqspre/PEC1/pec_adder_3_bit_6_49.dqdimacs,36,32
./benchmark_tests/afterhqspre/PEC1/pec_adder_3_bit_6_49.dqdimacs,37,32
./benchmark_tests/afterhqspre/PEC1/pec_adder_3_bit_6_4.dqdimacs,18,30
./benchmark_tests/afterhqspre/PEC1/pec_adder_3_bit_6_4.dqdimacs,23,31
./benchmark_tests/afterhqspre/PEC1/pec_adder_3_bit_6_4.dqdimacs,30,31
./benchmark_tests/afterhqspre/PEC1/pec_adder_3_bit_6_4.dqdimacs,33,31
./benchmark_tests/afterhqspre/PEC1/pec_adder_3_bit_6_4.dqdimacs,34,31
./benchmark_tests/afterhqspre/PEC1/pec_adder_3_bit_6_50.dqdimacs,19,31
./benchmark_tests/afterhqspre/PEC1/pec_adder_3_bit_6_50.dqdimacs,22,30
./benchmark_tests/afterhqspre/PEC1/pec_adder_3_bit_6_50.dqdimacs,25,30
./benchmark_tests/afterhqspre/PEC1/pec_adder_3_bit_6_50.dqdimacs,26,30
./benchmark_tests/afterhqspre/PEC1/pec_adder_3_bit_6_50.dqdimacs,29,31
./benchmark_tests/afterhqspre/PEC1/pec_adder_3_bit_6_51.dqdimacs,20,30
./benchmark_tests/afterhqspre/PEC1/pec_adder_3_bit_6_51.dqdimacs,25,30
./benchmark_tests/afterhqspre/PEC1/pec_adder_3_bit_6_51.dqdimacs,32,30
./benchmark_tests/afterhqspre/PEC1/pec_adder_3_bit_6_51.dqdimacs,34,30
./benchmark_tests/afterhqspre/PEC1/pec_adder_3_bit_6_51.dqdimacs,35,31
./benchmark_tests/afterhqspre/PEC1/pec_adder_3_bit_6_52.dqdimacs,19,31
./benchmark_tests/afterhqspre/PEC1/pec_adder_3_bit_6_52.dqdimacs,22,31
./benchmark_tests/afterhqspre/PEC1/pec_adder_3_bit_6_52.dqdimacs,29,31
./benchmark_tests/afterhqspre/PEC1/pec_adder_3_bit_6_52.dqdimacs,33,31
./benchmark_tests/afterhqspre/PEC1/pec_adder_3_bit_6_52.dqdimacs,34,32
./benchmark_tests/afterhqspre/PEC1/pec_adder_3_bit_6_53.dqdimacs,20,31
./benchmark_tests/afterhqspre/PEC1/pec_adder_3_bit_6_53.dqdimacs,31,31
./benchmark_tests/afterhqspre/PEC1/pec_adder_3_bit_6_53.dqdimacs,32,31
./benchmark_tests/afterhqspre/PEC1/pec_adder_3_bit_6_53.dqdimacs,35,31
./benchmark_tests/afterhqspre/PEC1/pec_adder_3_bit_6_53.dqdimacs,36,31
./benchmark_tests/afterhqspre/PEC1/pec_adder_3_bit_6_54.dqdimacs,16,30
./benchmark_tests/afterhqspre/PEC1/pec_adder_3_bit_6_54.dqdimacs,17,30
./benchmark_tests/afterhqspre/PEC1/pec_adder_3_bit_6_54.dqdimacs,18,30
./benchmark_tests/afterhqspre/PEC1/pec_adder_3_bit_6_54.dqdimacs,25,30
./benchmark_tests/afterhqspre/PEC1/pec_adder_3_bit_6_54.dqdimacs,28,30
./benchmark_tests/afterhqspre/PEC1/pec_adder_3_bit_6_55.dqdimacs,16,31
./benchmark_tests/afterhqspre/PEC1/pec_adder_3_bit_6_55.dqdimacs,27,30
./benchmark_tests/afterhqspre/PEC1/pec_adder_3_bit_6_55.dqdimacs,28,31
./benchmark_tests/afterhqspre/PEC1/pec_adder_3_bit_6_55.dqdimacs,31,30
./benchmark_tests/afterhqspre/PEC1/pec_adder_3_bit_6_55.dqdimacs,32,30
./benchmark_tests/afterhqspre/PEC1/pec_adder_3_bit_6_56.dqdimacs,15,32
./benchmark_tests/afterhqspre/PEC1/pec_adder_3_bit_6_56.dqdimacs,23,32
./benchmark_tests/afterhqspre/PEC1/pec_adder_3_bit_6_56.dqdimacs,30,31
./benchmark_tests/afterhqspre/PEC1/pec_adder_3_bit_6_56.dqdimacs,33,31
./benchmark_tests/afterhqspre/PEC1/pec_adder_3_bit_6_56.dqdimacs,36,31
./benchmark_tests/afterhqspre/PEC1/pec_adder_3_bit_6_56.dqdimacs,37,31
./benchmark_tests/afterhqspre/PEC1/pec_adder_3_bit_6_57.dqdimacs,20,31
./benchmark_tests/afterhqspre/PEC1/pec_adder_3_bit_6_57.dqdimacs,23,32
./benchmark_tests/afterhqspre/PEC1/pec_adder_3_bit_6_57.dqdimacs,26,32
./benchmark_tests/afterhqspre/PEC1/pec_adder_3_bit_6_57.dqdimacs,29,32
./benchmark_tests/afterhqspre/PEC1/pec_adder_3_bit_6_57.dqdimacs,30,32
./benchmark_tests/afterhqspre/PEC1/pec_adder_3_bit_6_57.dqdimacs,31,31
./benchmark_tests/afterhqspre/PEC1/pec_adder_3_bit_6_58.dqdimacs,16,31
./benchmark_tests/afterhqspre/PEC1/pec_adder_3_bit_6_58.dqdimacs,23,31
./benchmark_tests/afterhqspre/PEC1/pec_adder_3_bit_6_58.dqdimacs,26,30
./benchmark_tests/afterhqspre/PEC1/pec_adder_3_bit_6_58.dqdimacs,29,31
./benchmark_tests/afterhqspre/PEC1/pec_adder_3_bit_6_58.dqdimacs,30,31
./benchmark_tests/afterhqspre/PEC1/pec_adder_3_bit_6_58.dqdimacs,31,30
./benchmark_tests/afterhqspre/PEC1/pec_adder_3_bit_6_59.dqdimacs,15,30
./benchmark_tests/afterhqspre/PEC1/pec_adder_3_bit_6_59.dqdimacs,24,30
./benchmark_tests/afterhqspre/PEC1/pec_adder_3_bit_6_59.dqdimacs,29,30
./benchmark_tests/afterhqspre/PEC1/pec_adder_3_bit_6_59.dqdimacs,30,30
./benchmark_tests/afterhqspre/PEC1/pec_adder_3_bit_6_59.dqdimacs,31,30
./benchmark_tests/afterhqspre/PEC1/pec_adder_3_bit_6_5.dqdimacs,16,31
./benchmark_tests/afterhqspre/PEC1/pec_adder_3_bit_6_5.dqdimacs,19,31
./benchmark_tests/afterhqspre/PEC1/pec_adder_3_bit_6_5.dqdimacs,22,31
./benchmark_tests/afterhqspre/PEC1/pec_adder_3_bit_6_5.dqdimacs,27,31
./benchmark_tests/afterhqspre/PEC1/pec_adder_3_bit_6_5.dqdimacs,29,31
./benchmark_tests/afterhqspre/PEC1/pec_adder_3_bit_6_60.dqdimacs,16,30
./benchmark_tests/afterhqspre/PEC1/pec_adder_3_bit_6_60.dqdimacs,19,31
./benchmark_tests/afterhqspre/PEC1/pec_adder_3_bit_6_60.dqdimacs,30,31
./benchmark_tests/afterhqspre/PEC1/pec_adder_3_bit_6_60.dqdimacs,31,31
./benchmark_tests/afterhqspre/PEC1/pec_adder_3_bit_6_60.dqdimacs,32,31
./benchmark_tests/afterhqspre/PEC1/pec_adder_3_bit_6_61.dqdimacs,16,31
./benchmark_tests/afterhqspre/PEC1/pec_adder_3_bit_6_61.dqdimacs,19,31
./benchmark_tests/afterhqspre/PEC1/pec_adder_3_bit_6_61.dqdimacs,22,31
./benchmark_tests/afterhqspre/PEC1/pec_adder_3_bit_6_61.dqdimacs,25,31
./benchmark_tests/afterhqspre/PEC1/pec_adder_3_bit_6_61.dqdimacs,28,31
./benchmark_tests/afterhqspre/PEC1/pec_adder_3_bit_6_61.dqdimacs,29,31
./benchmark_tests/afterhqspre/PEC1/pec_adder_3_bit_6_62.dqdimacs,17,31
./benchmark_tests/afterhqspre/PEC1/pec_adder_3_bit_6_62.dqdimacs,20,31
./benchmark_tests/afterhqspre/PEC1/pec_adder_3_bit_6_62.dqdimacs,23,31
./benchmark_tests/afterhqspre/PEC1/pec_adder_3_bit_6_62.dqdimacs,30,31
./benchmark_tests/afterhqspre/PEC1/pec_adder_3_bit_6_62.dqdimacs,31,31
./benchmark_tests/afterhqspre/PEC1/pec_adder_3_bit_6_62.dqdimacs,32,31
./benchmark_tests/afterhqspre/PEC1/pec_adder_3_bit_6_63.dqdimacs,19,32
./benchmark_tests/afterhqspre/PEC1/pec_adder_3_bit_6_63.dqdimacs,22,31
./benchmark_tests/afterhqspre/PEC1/pec_adder_3_bit_6_63.dqdimacs,31,31
./benchmark_tests/afterhqspre/PEC1/pec_adder_3_bit_6_63.dqdimacs,32,31
./benchmark_tests/afterhqspre/PEC1/pec_adder_3_bit_6_63.dqdimacs,33,32
./benchmark_tests/afterhqspre/PEC1/pec_adder_3_bit_6_63.dqdimacs,34,31
./benchmark_tests/afterhqspre/PEC1/pec_adder_3_bit_6_64.dqdimacs,22,31
./benchmark_tests/afterhqspre/PEC1/pec_adder_3_bit_6_64.dqdimacs,25,32
./benchmark_tests/afterhqspre/PEC1/pec_adder_3_bit_6_64.dqdimacs,28,32
./benchmark_tests/afterhqspre/PEC1/pec_adder_3_bit_6_64.dqdimacs,33,32
./benchmark_tests/afterhqspre/PEC1/pec_adder_3_bit_6_64.dqdimacs,34,32
./benchmark_tests/afterhqspre/PEC1/pec_adder_3_bit_6_65.dqdimacs,18,30
./benchmark_tests/afterhqspre/PEC1/pec_adder_3_bit_6_65.dqdimacs,21,30
./benchmark_tests/afterhqspre/PEC1/pec_adder_3_bit_6_65.dqdimacs,26,30
./benchmark_tests/afterhqspre/PEC1/pec_adder_3_bit_6_65.dqdimacs,29,30
./benchmark_tests/afterhqspre/PEC1/pec_adder_3_bit_6_65.dqdimacs,32,30
./benchmark_tests/afterhqspre/PEC1/pec_adder_3_bit_6_65.dqdimacs,33,30
./benchmark_tests/afterhqspre/PEC1/pec_adder_3_bit_6_66.dqdimacs,16,31
./benchmark_tests/afterhqspre/PEC1/pec_adder_3_bit_6_66.dqdimacs,17,31
./benchmark_tests/afterhqspre/PEC1/pec_adder_3_bit_6_66.dqdimacs,20,31
./benchmark_tests/afterhqspre/PEC1/pec_adder_3_bit_6_66.dqdimacs,23,31
./benchmark_tests/afterhqspre/PEC1/pec_adder_3_bit_6_66.dqdimacs,24,31
./benchmark_tests/afterhqspre/PEC1/pec_adder_3_bit_6_67.dqdimacs,19,32
./benchmark_tests/afterhqspre/PEC1/pec_adder_3_bit_6_67.dqdimacs,26,31
./benchmark_tests/afterhqspre/PEC1/pec_adder_3_bit_6_67.dqdimacs,33,31
./benchmark_tests/afterhqspre/PEC1/pec_adder_3_bit_6_67.dqdimacs,34,31
./benchmark_tests/afterhqspre/PEC1/pec_adder_3_bit_6_67.dqdimacs,35,31
./benchmark_tests/afterhqspre/PEC1/pec_adder_3_bit_6_68.dqdimacs,15,31
./benchmark_tests/afterhqspre/PEC1/pec_adder_3_bit_6_68.dqdimacs,18,31
./benchmark_tests/afterhqspre/PEC1/pec_adder_3_bit_6_68.dqdimacs,19,31
./benchmark_tests/afterhqspre/PEC1/pec_adder_3_bit_6_68.dqdimacs,28,31
./benchmark_tests/afterhqspre/PEC1/pec_adder_3_bit_6_68.dqdimacs,31,31
./benchmark_tests/afterhqspre/PEC1/pec_adder_3_bit_6_68.dqdimacs,32,31
./benchmark_tests/afterhqspre/PEC1/pec_adder_3_bit_6_69.dqdimacs,16,31
./benchmark_tests/afterhqspre/PEC1/pec_adder_3_bit_6_69.dqdimacs,19,31
./benchmark_tests/afterhqspre/PEC1/pec_adder_3_bit_6_69.dqdimacs,22,31
./benchmark_tests/afterhqspre/PEC1/pec_adder_3_bit_6_69.dqdimacs,25,30
./benchmark_tests/afterhqspre/PEC1/pec_adder_3_bit_6_69.dqdimacs,28,30
./benchmark_tests/afterhqspre/PEC1/pec_adder_3_bit_6_69.dqdimacs,29,30
./benchmark_tests/afterhqspre/PEC1/pec_adder_3_bit_6_6.dqdimacs,20,31
./benchmark_tests/afterhqspre/PEC1/pec_adder_3_bit_6_6.dqdimacs,23,30
./benchmark_tests/afterhqspre/PEC1/pec_adder_3_bit_6_6.dqdimacs,30,30
./benchmark_tests/afterhqspre/PEC1/pec_adder_3_bit_6_6.dqdimacs,35,30
./benchmark_tests/afterhqspre/PEC1/pec_adder_3_bit_6_6.dqdimacs,36,30
./benchmark_tests/afterhqspre/PEC1/pec_adder_3_bit_6_6.dqdimacs,37,31
./benchmark_tests/afterhqspre/PEC1/pec_adder_3_bit_6_70.dqdimacs,17,32
./benchmark_tests/afterhqspre/PEC1/pec_adder_3_bit_6_70.dqdimacs,28,32
./benchmark_tests/afterhqspre/PEC1/pec_adder_3_bit_6_70.dqdimacs,37,32
./benchmark_tests/afterhqspre/PEC1/pec_adder_3_bit_6_70.dqdimacs,40,31
./benchmark_tests/afterhqspre/PEC1/pec_adder_3_bit_6_70.dqdimacs,41,32
./benchmark_tests/afterhqspre/PEC1/pec_adder_3_bit_6_70.dqdimacs,42,32
./benchmark_tests/afterhqspre/PEC1/pec_adder_3_bit_6_71.dqdimacs,22,31
./benchmark_tests/afterhqspre/PEC1/pec_adder_3_bit_6_71.dqdimacs,25,31
./benchmark_tests/afterhqspre/PEC1/pec_adder_3_bit_6_71.dqdimacs,30,31
./benchmark_tests/afterhqspre/PEC1/pec_adder_3_bit_6_71.dqdimacs,35,31
./benchmark_tests/afterhqspre/PEC1/pec_adder_3_bit_6_71.dqdimacs,36,31
./benchmark_tests/afterhqspre/PEC1/pec_adder_3_bit_6_72.dqdimacs,23,31
./benchmark_tests/afterhqspre/PEC1/pec_adder_3_bit_6_72.dqdimacs,24,30
./benchmark_tests/afterhqspre/PEC1/pec_adder_3_bit_6_72.dqdimacs,27,31
./benchmark_tests/afterhqspre/PEC1/pec_adder_3_bit_6_72.dqdimacs,30,30
./benchmark_tests/afterhqspre/PEC1/pec_adder_3_bit_6_72.dqdimacs,31,31
./benchmark_tests/afterhqspre/PEC1/pec_adder_3_bit_6_73.dqdimacs,19,31
./benchmark_tests/afterhqspre/PEC1/pec_adder_3_bit_6_73.dqdimacs,26,31
./benchmark_tests/afterhqspre/PEC1/pec_adder_3_bit_6_73.dqdimacs,27,31
./benchmark_tests/afterhqspre/PEC1/pec_adder_3_bit_6_73.dqdimacs,30,31
./benchmark_tests/afterhqspre/PEC1/pec_adder_3_bit_6_73.dqdimacs,31,31
./benchmark_tests/afterhqspre/PEC1/pec_adder_3_bit_6_73.dqdimacs,32,31
./benchmark_tests/afterhqspre/PEC1/pec_adder_3_bit_6_74.dqdimacs,19,33
./benchmark_tests/afterhqspre/PEC1/pec_adder_3_bit_6_74.dqdimacs,22,31
./benchmark_tests/afterhqspre/PEC1/pec_adder_3_bit_6_74.dqdimacs,29,31
./benchmark_tests/afterhqspre/PEC1/pec_adder_3_bit_6_74.dqdimacs,36,31
./benchmark_tests/afterhqspre/PEC1/pec_adder_3_bit_6_74.dqdimacs,37,31
./benchmark_tests/afterhqspre/PEC1/pec_adder_3_bit_6_74.dqdimacs,38,31
./benchmark_tests/afterhqspre/PEC1/pec_adder_3_bit_6_75.dqdimacs,19,30
./benchmark_tests/afterhqspre/PEC1/pec_adder_3_bit_6_75.dqdimacs,28,30
./benchmark_tests/afterhqspre/PEC1/pec_adder_3_bit_6_75.dqdimacs,31,31
./benchmark_tests/afterhqspre/PEC1/pec_adder_3_bit_6_75.dqdimacs,32,31
./benchmark_tests/afterhqspre/PEC1/pec_adder_3_bit_6_75.dqdimacs,33,31
./benchmark_tests/afterhqspre/PEC1/pec_adder_3_bit_6_76.dqdimacs,19,31
./benchmark_tests/afterhqspre/PEC1/pec_adder_3_bit_6_76.dqdimacs,26,31
./benchmark_tests/afterhqspre/PEC1/pec_adder_3_bit_6_76.dqdimacs,29,30
./benchmark_tests/afterhqspre/PEC1/pec_adder_3_bit_6_76.dqdimacs,30,30
./benchmark_tests/afterhqspre/PEC1/pec_adder_3_bit_6_76.dqdimacs,31,30
./benchmark_tests/afterhqspre/PEC1/pec_adder_3_bit_6_76.dqdimacs,32,30
./benchmark_tests/afterhqspre/PEC1/pec_adder_3_bit_6_77.dqdimacs,22,31
./benchmark_tests/afterhqspre/PEC1/pec_adder_3_bit_6_77.dqdimacs,25,31
./benchmark_tests/afterhqspre/PEC1/pec_adder_3_bit_6_77.dqdimacs,28,31
./benchmark_tests/afterhqspre/PEC1/pec_adder_3_bit_6_77.dqdimacs,31,31
./benchmark_tests/afterhqspre/PEC1/pec_adder_3_bit_6_77.dqdimacs,32,31
./benchmark_tests/afterhqspre/PEC1/pec_adder_3_bit_6_77.dqdimacs,33,31
./benchmark_tests/afterhqspre/PEC1/pec_adder_3_bit_6_78.dqdimacs,23,31
./benchmark_tests/afterhqspre/PEC1/pec_adder_3_bit_6_78.dqdimacs,26,32
./benchmark_tests/afterhqspre/PEC1/pec_adder_3_bit_6_78.dqdimacs,29,31
./benchmark_tests/afterhqspre/PEC1/pec_adder_3_bit_6_78.dqdimacs,30,31
./benchmark_tests/afterhqspre/PEC1/pec_adder_3_bit_6_78.dqdimacs,31,31
./benchmark_tests/afterhqspre/PEC1/pec_adder_3_bit_6_79.dqdimacs,17,31
./benchmark_tests/afterhqspre/PEC1/pec_adder_3_bit_6_79.dqdimacs,20,31
./benchmark_tests/afterhqspre/PEC1/pec_adder_3_bit_6_79.dqdimacs,27,31
./benchmark_tests/afterhqspre/PEC1/pec_adder_3_bit_6_79.dqdimacs,30,31
./benchmark_tests/afterhqspre/PEC1/pec_adder_3_bit_6_79.dqdimacs,31,31
./benchmark_tests/afterhqspre/PEC1/pec_adder_3_bit_6_79.dqdimacs,32,31
./benchmark_tests/afterhqspre/PEC1/pec_adder_3_bit_6_7.dqdimacs,18,29
./benchmark_tests/afterhqspre/PEC1/pec_adder_3_bit_6_7.dqdimacs,21,29
./benchmark_tests/afterhqspre/PEC1/pec_adder_3_bit_6_7.dqdimacs,24,29
./benchmark_tests/afterhqspre/PEC1/pec_adder_3_bit_6_7.dqdimacs,27,29
./benchmark_tests/afterhqspre/PEC1/pec_adder_3_bit_6_7.dqdimacs,28,29
./benchmark_tests/afterhqspre/PEC1/pec_adder_3_bit_6_7.dqdimacs,29,29
./benchmark_tests/afterhqspre/PEC1/pec_adder_3_bit_6_80.dqdimacs,15,32
./benchmark_tests/afterhqspre/PEC1/pec_adder_3_bit_6_80.dqdimacs,24,31
./benchmark_tests/afterhqspre/PEC1/pec_adder_3_bit_6_80.dqdimacs,27,31
./benchmark_tests/afterhqspre/PEC1/pec_adder_3_bit_6_80.dqdimacs,32,31
./benchmark_tests/afterhqspre/PEC1/pec_adder_3_bit_6_80.dqdimacs,35,31
./benchmark_tests/afterhqspre/PEC1/pec_adder_3_bit_6_80.dqdimacs,36,31
./benchmark_tests/afterhqspre/PEC1/pec_adder_3_bit_6_81.dqdimacs,21,31
./benchmark_tests/afterhqspre/PEC1/pec_adder_3_bit_6_81.dqdimacs,24,31
./benchmark_tests/afterhqspre/PEC1/pec_adder_3_bit_6_81.dqdimacs,25,31
./benchmark_tests/afterhqspre/PEC1/pec_adder_3_bit_6_81.dqdimacs,30,31
./benchmark_tests/afterhqspre/PEC1/pec_adder_3_bit_6_81.dqdimacs,31,31
./benchmark_tests/afterhqspre/PEC1/pec_adder_3_bit_6_82.dqdimacs,27,32
./benchmark_tests/afterhqspre/PEC1/pec_adder_3_bit_6_82.dqdimacs,36,32
./benchmark_tests/afterhqspre/PEC1/pec_adder_3_bit_6_82.dqdimacs,39,32
./benchmark_tests/afterhqspre/PEC1/pec_adder_3_bit_6_82.dqdimacs,40,32
./benchmark_tests/afterhqspre/PEC1/pec_adder_3_bit_6_82.dqdimacs,41,32
./benchmark_tests/afterhqspre/PEC1/pec_adder_3_bit_6_83.dqdimacs,28,33
./benchmark_tests/afterhqspre/PEC1/pec_adder_3_bit_6_83.dqdimacs,33,32
./benchmark_tests/afterhqspre/PEC1/pec_adder_3_bit_6_83.dqdimacs,34,32
./benchmark_tests/afterhqspre/PEC1/pec_adder_3_bit_6_83.dqdimacs,35,32
./benchmark_tests/afterhqspre/PEC1/pec_adder_3_bit_6_83.dqdimacs,36,32
./benchmark_tests/afterhqspre/PEC1/pec_adder_3_bit_6_84.dqdimacs,19,31
./benchmark_tests/afterhqspre/PEC1/pec_adder_3_bit_6_84.dqdimacs,29,31
./benchmark_tests/afterhqspre/PEC1/pec_adder_3_bit_6_84.dqdimacs,32,31
./benchmark_tests/afterhqspre/PEC1/pec_adder_3_bit_6_84.dqdimacs,33,31
./benchmark_tests/afterhqspre/PEC1/pec_adder_3_bit_6_84.dqdimacs,34,31
./benchmark_tests/afterhqspre/PEC1/pec_adder_3_bit_6_84.dqdimacs,35,31
./benchmark_tests/afterhqspre/PEC1/pec_adder_3_bit_6_85.dqdimacs,14,31
./benchmark_tests/afterhqspre/PEC1/pec_adder_3_bit_6_85.dqdimacs,16,31
./benchmark_tests/afterhqspre/PEC1/pec_adder_3_bit_6_85.dqdimacs,25,32
./benchmark_tests/afterhqspre/PEC1/pec_adder_3_bit_6_85.dqdimacs,29,32
./benchmark_tests/afterhqspre/PEC1/pec_adder_3_bit_6_85.dqdimacs,30,32
./benchmark_tests/afterhqspre/PEC1/pec_adder_3_bit_6_86.dqdimacs,18,30
./benchmark_tests/afterhqspre/PEC1/pec_adder_3_bit_6_86.dqdimacs,23,30
./benchmark_tests/afterhqspre/PEC1/pec_adder_3_bit_6_86.dqdimacs,26,30
./benchmark_tests/afterhqspre/PEC1/pec_adder_3_bit_6_86.dqdimacs,29,30
./benchmark_tests/afterhqspre/PEC1/pec_adder_3_bit_6_86.dqdimacs,32,30
./benchmark_tests/afterhqspre/PEC1/pec_adder_3_bit_6_86.dqdimacs,33,31
./benchmark_tests/afterhqspre/PEC1/pec_adder_3_bit_6_87.dqdimacs,20,30
./benchmark_tests/afterhqspre/PEC1/pec_adder_3_bit_6_87.dqdimacs,23,31
./benchmark_tests/afterhqspre/PEC1/pec_adder_3_bit_6_87.dqdimacs,28,32
./benchmark_tests/afterhqspre/PEC1/pec_adder_3_bit_6_87.dqdimacs,31,32
./benchmark_tests/afterhqspre/PEC1/pec_adder_3_bit_6_87.dqdimacs,32,31
./benchmark_tests/afterhqspre/PEC1/pec_adder_3_bit_6_87.dqdimacs,33,31
./benchmark_tests/afterhqspre/PEC1/pec_adder_3_bit_6_88.dqdimacs,15,32
./benchmark_tests/afterhqspre/PEC1/pec_adder_3_bit_6_88.dqdimacs,25,32
./benchmark_tests/afterhqspre/PEC1/pec_adder_3_bit_6_88.dqdimacs,30,32
./benchmark_tests/afterhqspre/PEC1/pec_adder_3_bit_6_88.dqdimacs,31,31
./benchmark_tests/afterhqspre/PEC1/pec_adder_3_bit_6_88.dqdimacs,34,31
./benchmark_tests/afterhqspre/PEC1/pec_adder_3_bit_6_88.dqdimacs,35,31
./benchmark_tests/afterhqspre/PEC1/pec_adder_3_bit_6_89.dqdimacs,20,30
./benchmark_tests/afterhqspre/PEC1/pec_adder_3_bit_6_89.dqdimacs,27,30
./benchmark_tests/afterhqspre/PEC1/pec_adder_3_bit_6_89.dqdimacs,31,30
./benchmark_tests/afterhqspre/PEC1/pec_adder_3_bit_6_89.dqdimacs,32,30
./benchmark_tests/afterhqspre/PEC1/pec_adder_3_bit_6_89.dqdimacs,33,30
./benchmark_tests/afterhqspre/PEC1/pec_adder_3_bit_6_8.dqdimacs,17,32
./benchmark_tests/afterhqspre/PEC1/pec_adder_3_bit_6_8.dqdimacs,20,31
./benchmark_tests/afterhqspre/PEC1/pec_adder_3_bit_6_8.dqdimacs,25,31
./benchmark_tests/afterhqspre/PEC1/pec_adder_3_bit_6_8.dqdimacs,30,31
./benchmark_tests/afterhqspre/PEC1/pec_adder_3_bit_6_8.dqdimacs,31,31
./benchmark_tests/afterhqspre/PEC1/pec_adder_3_bit_6_90.dqdimacs,24,31
./benchmark_tests/afterhqspre/PEC1/pec_adder_3_bit_6_90.dqdimacs,29,31
./benchmark_tests/afterhqspre/PEC1/pec_adder_3_bit_6_90.dqdimacs,32,31
./benchmark_tests/afterhqspre/PEC1/pec_adder_3_bit_6_90.dqdimacs,35,31
./benchmark_tests/afterhqspre/PEC1/pec_adder_3_bit_6_90.dqdimacs,38,31
./benchmark_tests/afterhqspre/PEC1/pec_adder_3_bit_6_90.dqdimacs,39,31
./benchmark_tests/afterhqspre/PEC1/pec_adder_3_bit_6_91.dqdimacs,15,32
./benchmark_tests/afterhqspre/PEC1/pec_adder_3_bit_6_91.dqdimacs,27,31
./benchmark_tests/afterhqspre/PEC1/pec_adder_3_bit_6_91.dqdimacs,32,31
./benchmark_tests/afterhqspre/PEC1/pec_adder_3_bit_6_91.dqdimacs,33,31
./benchmark_tests/afterhqspre/PEC1/pec_adder_3_bit_6_91.dqdimacs,34,31
./benchmark_tests/afterhqspre/PEC1/pec_adder_3_bit_6_91.dqdimacs,35,31
./benchmark_tests/afterhqspre/PEC1/pec_adder_3_bit_6_92.dqdimacs,19,31
./benchmark_tests/afterhqspre/PEC1/pec_adder_3_bit_6_92.dqdimacs,22,31
./benchmark_tests/afterhqspre/PEC1/pec_adder_3_bit_6_92.dqdimacs,25,31
./benchmark_tests/afterhqspre/PEC1/pec_adder_3_bit_6_92.dqdimacs,30,31
./benchmark_tests/afterhqspre/PEC1/pec_adder_3_bit_6_92.dqdimacs,35,30
./benchmark_tests/afterhqspre/PEC1/pec_adder_3_bit_6_92.dqdimacs,36,31
./benchmark_tests/afterhqspre/PEC1/pec_adder_3_bit_6_93.dqdimacs,19,31
./benchmark_tests/afterhqspre/PEC1/pec_adder_3_bit_6_93.dqdimacs,26,31
./benchmark_tests/afterhqspre/PEC1/pec_adder_3_bit_6_93.dqdimacs,31,30
./benchmark_tests/afterhqspre/PEC1/pec_adder_3_bit_6_93.dqdimacs,32,31
./benchmark_tests/afterhqspre/PEC1/pec_adder_3_bit_6_93.dqdimacs,33,30
./benchmark_tests/afterhqspre/PEC1/pec_adder_3_bit_6_94.dqdimacs,18,31
./benchmark_tests/afterhqspre/PEC1/pec_adder_3_bit_6_94.dqdimacs,23,32
./benchmark_tests/afterhqspre/PEC1/pec_adder_3_bit_6_94.dqdimacs,26,31
./benchmark_tests/afterhqspre/PEC1/pec_adder_3_bit_6_94.dqdimacs,33,31
./benchmark_tests/afterhqspre/PEC1/pec_adder_3_bit_6_94.dqdimacs,34,32
./benchmark_tests/afterhqspre/PEC1/pec_adder_3_bit_6_94.dqdimacs,35,31
./benchmark_tests/afterhqspre/PEC1/pec_adder_3_bit_6_95.dqdimacs,15,31
./benchmark_tests/afterhqspre/PEC1/pec_adder_3_bit_6_95.dqdimacs,18,31
./benchmark_tests/afterhqspre/PEC1/pec_adder_3_bit_6_95.dqdimacs,21,31
./benchmark_tests/afterhqspre/PEC1/pec_adder_3_bit_6_95.dqdimacs,26,31
./benchmark_tests/afterhqspre/PEC1/pec_adder_3_bit_6_95.dqdimacs,29,31
./benchmark_tests/afterhqspre/PEC1/pec_adder_3_bit_6_96.dqdimacs,15,31
./benchmark_tests/afterhqspre/PEC1/pec_adder_3_bit_6_96.dqdimacs,18,31
./benchmark_tests/afterhqspre/PEC1/pec_adder_3_bit_6_96.dqdimacs,31,31
./benchmark_tests/afterhqspre/PEC1/pec_adder_3_bit_6_96.dqdimacs,32,31
./benchmark_tests/afterhqspre/PEC1/pec_adder_3_bit_6_96.dqdimacs,33,31
./benchmark_tests/afterhqspre/PEC1/pec_adder_3_bit_6_96.dqdimacs,34,31
./benchmark_tests/afterhqspre/PEC1/pec_adder_3_bit_6_97.dqdimacs,15,31
./benchmark_tests/afterhqspre/PEC1/pec_adder_3_bit_6_97.dqdimacs,18,31
./benchmark_tests/afterhqspre/PEC1/pec_adder_3_bit_6_97.dqdimacs,19,31
./benchmark_tests/afterhqspre/PEC1/pec_adder_3_bit_6_97.dqdimacs,24,31
./benchmark_tests/afterhqspre/PEC1/pec_adder_3_bit_6_97.dqdimacs,29,31
./benchmark_tests/afterhqspre/PEC1/pec_adder_3_bit_6_97.dqdimacs,30,31
./benchmark_tests/afterhqspre/PEC1/pec_adder_3_bit_6_98.dqdimacs,20,31
./benchmark_tests/afterhqspre/PEC1/pec_adder_3_bit_6_98.dqdimacs,31,31
./benchmark_tests/afterhqspre/PEC1/pec_adder_3_bit_6_98.dqdimacs,32,31
./benchmark_tests/afterhqspre/PEC1/pec_adder_3_bit_6_98.dqdimacs,33,31
./benchmark_tests/afterhqspre/PEC1/pec_adder_3_bit_6_98.dqdimacs,34,31
./benchmark_tests/afterhqspre/PEC1/pec_adder_3_bit_6_99.dqdimacs,15,32
./benchmark_tests/afterhqspre/PEC1/pec_adder_3_bit_6_99.dqdimacs,28,32
./benchmark_tests/afterhqspre/PEC1/pec_adder_3_bit_6_99.dqdimacs,31,32
./benchmark_tests/afterhqspre/PEC1/pec_adder_3_bit_6_99.dqdimacs,34,32
./benchmark_tests/afterhqspre/PEC1/pec_adder_3_bit_6_99.dqdimacs,35,32
./benchmark_tests/afterhqspre/PEC1/pec_adder_3_bit_6_9.dqdimacs,19,32
./benchmark_tests/afterhqspre/PEC1/pec_adder_3_bit_6_9.dqdimacs,24,31
./benchmark_tests/afterhqspre/PEC1/pec_adder_3_bit_6_9.dqdimacs,29,31
./benchmark_tests/afterhqspre/PEC1/pec_adder_3_bit_6_9.dqdimacs,32,31
./benchmark_tests/afterhqspre/PEC1/pec_adder_3_bit_6_9.dqdimacs,33,31
./benchmark_tests/afterhqspre/PEC1/pec_adder_3_bit_6_9.dqdimacs,34,31
./benchmark_tests/afterhqspre/PEC1/pec_bit_cell_arbiter_4_120.dqdimacs,20,31
./benchmark_tests/afterhqspre/PEC1/pec_bit_cell_arbiter_4_120.dqdimacs,22,30
./benchmark_tests/afterhqspre/PEC1/pec_bit_cell_arbiter_4_120.dqdimacs,23,30
./benchmark_tests/afterhqspre/PEC1/pec_bit_cell_arbiter_4_120.dqdimacs,25,30
./benchmark_tests/afterhqspre/PEC1/pec_bit_cell_arbiter_4_184.dqdimacs,2,30
./benchmark_tests/afterhqspre/PEC1/pec_bit_cell_arbiter_4_184.dqdimacs,23,30
./benchmark_tests/afterhqspre/PEC1/pec_bit_cell_arbiter_4_184.dqdimacs,24,30
./benchmark_tests/afterhqspre/PEC1/pec_bit_cell_arbiter_4_184.dqdimacs,25,30
./benchmark_tests/afterhqspre/PEC1/pec_bit_cell_arbiter_4_216.dqdimacs,15,30
./benchmark_tests/afterhqspre/PEC1/pec_bit_cell_arbiter_4_216.dqdimacs,24,30
./benchmark_tests/afterhqspre/PEC1/pec_bit_cell_arbiter_4_216.dqdimacs,26,30
./benchmark_tests/afterhqspre/PEC1/pec_bit_cell_arbiter_4_216.dqdimacs,28,30
./benchmark_tests/afterhqspre/PEC1/pec_bit_cell_arbiter_4_233.dqdimacs,12,31
./benchmark_tests/afterhqspre/PEC1/pec_bit_cell_arbiter_4_233.dqdimacs,24,30
./benchmark_tests/afterhqspre/PEC1/pec_bit_cell_arbiter_4_233.dqdimacs,26,30
./benchmark_tests/afterhqspre/PEC1/pec_bit_cell_arbiter_4_233.dqdimacs,28,31
./benchmark_tests/afterhqspre/PEC1/pec_bit_cell_arbiter_4_245.dqdimacs,12,30
./benchmark_tests/afterhqspre/PEC1/pec_bit_cell_arbiter_4_245.dqdimacs,15,29
./benchmark_tests/afterhqspre/PEC1/pec_bit_cell_arbiter_4_245.dqdimacs,21,29
./benchmark_tests/afterhqspre/PEC1/pec_bit_cell_arbiter_4_245.dqdimacs,23,29
./benchmark_tests/afterhqspre/PEC1/pec_bit_cell_arbiter_4_282.dqdimacs,7,31
./benchmark_tests/afterhqspre/PEC1/pec_bit_cell_arbiter_4_282.dqdimacs,26,30
./benchmark_tests/afterhqspre/PEC1/pec_bit_cell_arbiter_4_282.dqdimacs,27,30
./benchmark_tests/afterhqspre/PEC1/pec_bit_cell_arbiter_4_299.dqdimacs,13,30
./benchmark_tests/afterhqspre/PEC1/pec_bit_cell_arbiter_4_299.dqdimacs,21,30
./benchmark_tests/afterhqspre/PEC1/pec_bit_cell_arbiter_4_299.dqdimacs,23,30
./benchmark_tests/afterhqspre/PEC1/pec_bit_cell_arbiter_4_299.dqdimacs,26,30
./benchmark_tests/afterhqspre/PEC1/pec_bit_cell_arbiter_4_414.dqdimacs,11,30
./benchmark_tests/afterhqspre/PEC1/pec_bit_cell_arbiter_4_414.dqdimacs,16,29
./benchmark_tests/afterhqspre/PEC1/pec_bit_cell_arbiter_4_414.dqdimacs,18,29
./benchmark_tests/afterhqspre/PEC1/pec_bit_cell_arbiter_4_414.dqdimacs,21,29
./benchmark_tests/afterhqspre/PEC1/pec_bit_cell_arbiter_4_433.dqdimacs,6,30
./benchmark_tests/afterhqspre/PEC1/pec_bit_cell_arbiter_4_433.dqdimacs,9,29
./benchmark_tests/afterhqspre/PEC1/pec_bit_cell_arbiter_4_433.dqdimacs,23,29
./benchmark_tests/afterhqspre/PEC1/pec_bit_cell_arbiter_4_433.dqdimacs,25,29
./benchmark_tests/afterhqspre/PEC1/pec_bit_cell_arbiter_4_458.dqdimacs,15,30
./benchmark_tests/afterhqspre/PEC1/pec_bit_cell_arbiter_4_458.dqdimacs,25,30
./benchmark_tests/afterhqspre/PEC1/pec_bit_cell_arbiter_4_458.dqdimacs,26,30
./benchmark_tests/afterhqspre/PEC1/pec_bit_cell_arbiter_4_458.dqdimacs,28,29
./benchmark_tests/afterhqspre/PEC1/pec_bit_cell_arbiter_4_459.dqdimacs,21,31
./benchmark_tests/afterhqspre/PEC1/pec_bit_cell_arbiter_4_459.dqdimacs,23,30
./benchmark_tests/afterhqspre/PEC1/pec_bit_cell_arbiter_4_459.dqdimacs,24,30
./benchmark_tests/afterhqspre/PEC1/pec_bit_cell_arbiter_4_459.dqdimacs,27,29
./benchmark_tests/afterhqspre/PEC1/pec_bit_cell_arbiter_4_512.dqdimacs,7,31
./benchmark_tests/afterhqspre/PEC1/pec_bit_cell_arbiter_4_512.dqdimacs,11,30
./benchmark_tests/afterhqspre/PEC1/pec_bit_cell_arbiter_4_512.dqdimacs,19,30
./benchmark_tests/afterhqspre/PEC1/pec_bit_cell_arbiter_4_512.dqdimacs,24,30
./benchmark_tests/afterhqspre/PEC1/pec_bit_cell_arbiter_4_520.dqdimacs,17,30
./benchmark_tests/afterhqspre/PEC1/pec_bit_cell_arbiter_4_520.dqdimacs,24,30
./benchmark_tests/afterhqspre/PEC1/pec_bit_cell_arbiter_4_520.dqdimacs,25,30
./benchmark_tests/afterhqspre/PEC1/pec_bit_cell_arbiter_4_526.dqdimacs,15,30
./benchmark_tests/afterhqspre/PEC1/pec_bit_cell_arbiter_4_526.dqdimacs,21,30
./benchmark_tests/afterhqspre/PEC1/pec_bit_cell_arbiter_4_526.dqdimacs,23,30
./benchmark_tests/afterhqspre/PEC1/pec_bit_cell_arbiter_4_526.dqdimacs,25,30
./benchmark_tests/afterhqspre/PEC1/pec_bit_cell_arbiter_4_551.dqdimacs,12,31
./benchmark_tests/afterhqspre/PEC1/pec_bit_cell_arbiter_4_551.dqdimacs,19,32
./benchmark_tests/afterhqspre/PEC1/pec_bit_cell_arbiter_4_551.dqdimacs,23,32
./benchmark_tests/afterhqspre/PEC1/pec_bit_cell_arbiter_4_551.dqdimacs,25,31
./benchmark_tests/afterhqspre/PEC1/pec_bit_cell_arbiter_4_551.dqdimacs,27,31
./benchmark_tests/afterhqspre/PEC1/pec_bit_cell_arbiter_4_551.dqdimacs,30,31
./benchmark_tests/afterhqspre/PEC1/pec_bit_cell_arbiter_4_559.dqdimacs,7,32
./benchmark_tests/afterhqspre/PEC1/pec_bit_cell_arbiter_4_559.dqdimacs,19,31
./benchmark_tests/afterhqspre/PEC1/pec_bit_cell_arbiter_4_559.dqdimacs,27,31
./benchmark_tests/afterhqspre/PEC1/pec_bit_cell_arbiter_4_559.dqdimacs,29,31
./benchmark_tests/afterhqspre/PEC1/pec_bit_cell_arbiter_4_564.dqdimacs,5,31
./benchmark_tests/afterhqspre/PEC1/pec_bit_cell_arbiter_4_564.dqdimacs,12,30
./benchmark_tests/afterhqspre/PEC1/pec_bit_cell_arbiter_4_564.dqdimacs,19,30
./benchmark_tests/afterhqspre/PEC1/pec_bit_cell_arbiter_4_564.dqdimacs,24,30
./benchmark_tests/afterhqspre/PEC1/pec_bit_cell_arbiter_4_565.dqdimacs,16,31
./benchmark_tests/afterhqspre/PEC1/pec_bit_cell_arbiter_4_565.dqdimacs,18,30
./benchmark_tests/afterhqspre/PEC1/pec_bit_cell_arbiter_4_565.dqdimacs,19,30
./benchmark_tests/afterhqspre/PEC1/pec_bit_cell_arbiter_4_565.dqdimacs,21,30
./benchmark_tests/afterhqspre/PEC1/pec_bit_cell_arbiter_4_581.dqdimacs,3,30
./benchmark_tests/afterhqspre/PEC1/pec_bit_cell_arbiter_4_581.dqdimacs,14,29
./benchmark_tests/afterhqspre/PEC1/pec_bit_cell_arbiter_4_581.dqdimacs,17,29
./benchmark_tests/afterhqspre/PEC1/pec_bit_cell_arbiter_4_581.dqdimacs,21,29
./benchmark_tests/afterhqspre/PEC1/pec_bit_cell_arbiter_4_584.dqdimacs,16,30
./benchmark_tests/afterhqspre/PEC1/pec_bit_cell_arbiter_4_584.dqdimacs,24,30
./benchmark_tests/afterhqspre/PEC1/pec_bit_cell_arbiter_4_584.dqdimacs,26,30
./benchmark_tests/afterhqspre/PEC1/pec_bit_cell_arbiter_4_584.dqdimacs,28,30
./benchmark_tests/afterhqspre/PEC1/pec_bit_cell_arbiter_4_598.dqdimacs,6,31
./benchmark_tests/afterhqspre/PEC1/pec_bit_cell_arbiter_4_598.dqdimacs,10,31
./benchmark_tests/afterhqspre/PEC1/pec_bit_cell_arbiter_4_598.dqdimacs,16,31
./benchmark_tests/afterhqspre/PEC1/pec_bit_cell_arbiter_4_675.dqdimacs,14,29
./benchmark_tests/afterhqspre/PEC1/pec_bit_cell_arbiter_4_675.dqdimacs,16,29
./benchmark_tests/afterhqspre/PEC1/pec_bit_cell_arbiter_4_675.dqdimacs,17,29
./benchmark_tests/afterhqspre/PEC1/pec_bit_cell_arbiter_4_675.dqdimacs,21,29
./benchmark_tests/afterhqspre/PEC1/pec_bit_cell_arbiter_4_678.dqdimacs,13,30
./benchmark_tests/afterhqspre/PEC1/pec_bit_cell_arbiter_4_678.dqdimacs,24,29
./benchmark_tests/afterhqspre/PEC1/pec_bit_cell_arbiter_4_678.dqdimacs,26,29
./benchmark_tests/afterhqspre/PEC1/pec_bit_cell_arbiter_4_678.dqdimacs,27,29
./benchmark_tests/afterhqspre/PEC1/pec_bit_cell_arbiter_4_694.dqdimacs,17,30
./benchmark_tests/afterhqspre/PEC1/pec_bit_cell_arbiter_4_694.dqdimacs,19,30
./benchmark_tests/afterhqspre/PEC1/pec_bit_cell_arbiter_4_694.dqdimacs,20,30
./benchmark_tests/afterhqspre/PEC1/pec_bit_cell_arbiter_4_697.dqdimacs,4,30
./benchmark_tests/afterhqspre/PEC1/pec_bit_cell_arbiter_4_697.dqdimacs,9,31
./benchmark_tests/afterhqspre/PEC1/pec_bit_cell_arbiter_4_697.dqdimacs,17,30
./benchmark_tests/afterhqspre/PEC1/pec_bit_cell_arbiter_4_697.dqdimacs,23,30
./benchmark_tests/afterhqspre/PEC1/pec_bit_cell_arbiter_4_745.dqdimacs,10,30
./benchmark_tests/afterhqspre/PEC1/pec_bit_cell_arbiter_4_745.dqdimacs,23,29
./benchmark_tests/afterhqspre/PEC1/pec_bit_cell_arbiter_4_745.dqdimacs,24,30
./benchmark_tests/afterhqspre/PEC1/pec_bit_cell_arbiter_4_745.dqdimacs,25,29
./benchmark_tests/afterhqspre/PEC1/pec_bit_cell_arbiter_4_747.dqdimacs,13,30
./benchmark_tests/afterhqspre/PEC1/pec_bit_cell_arbiter_4_747.dqdimacs,22,30
./benchmark_tests/afterhqspre/PEC1/pec_bit_cell_arbiter_4_747.dqdimacs,25,30
./benchmark_tests/afterhqspre/PEC1/pec_bit_cell_arbiter_4_747.dqdimacs,27,30
./benchmark_tests/afterhqspre/PEC1/pec_bit_cell_arbiter_4_836.dqdimacs,5,30
./benchmark_tests/afterhqspre/PEC1/pec_bit_cell_arbiter_4_836.dqdimacs,9,30
./benchmark_tests/afterhqspre/PEC1/pec_bit_cell_arbiter_4_836.dqdimacs,17,30
./benchmark_tests/afterhqspre/PEC1/pec_bit_cell_arbiter_4_836.dqdimacs,18,30
./benchmark_tests/afterhqspre/PEC1/pec_bit_cell_arbiter_4_846.dqdimacs,7,32
./benchmark_tests/afterhqspre/PEC1/pec_bit_cell_arbiter_4_846.dqdimacs,10,31
./benchmark_tests/afterhqspre/PEC1/pec_bit_cell_arbiter_4_846.dqdimacs,22,31
./benchmark_tests/afterhqspre/PEC1/pec_bit_cell_arbiter_4_87.dqdimacs,10,30
./benchmark_tests/afterhqspre/PEC1/pec_bit_cell_arbiter_4_87.dqdimacs,21,30
./benchmark_tests/afterhqspre/PEC1/pec_bit_cell_arbiter_4_87.dqdimacs,23,30
./benchmark_tests/afterhqspre/PEC1/pec_bit_cell_arbiter_4_87.dqdimacs,24,30
./benchmark_tests/afterhqspre/PEC1/pec_bit_cell_arbiter_4_892.dqdimacs,7,30
./benchmark_tests/afterhqspre/PEC1/pec_bit_cell_arbiter_4_892.dqdimacs,10,30
./benchmark_tests/afterhqspre/PEC1/pec_bit_cell_arbiter_4_892.dqdimacs,22,29
./benchmark_tests/afterhqspre/PEC1/pec_bit_cell_arbiter_4_892.dqdimacs,23,29
./benchmark_tests/afterhqspre/PEC1/pec_bit_cell_arbiter_4_903.dqdimacs,2,30
./benchmark_tests/afterhqspre/PEC1/pec_bit_cell_arbiter_4_903.dqdimacs,12,29
./benchmark_tests/afterhqspre/PEC1/pec_bit_cell_arbiter_4_903.dqdimacs,20,29
./benchmark_tests/afterhqspre/PEC1/pec_bit_cell_arbiter_4_903.dqdimacs,21,29
./benchmark_tests/afterhqspre/PEC1/pec_bit_cell_arbiter_4_916.dqdimacs,11,29
./benchmark_tests/afterhqspre/PEC1/pec_bit_cell_arbiter_4_916.dqdimacs,19,29
./benchmark_tests/afterhqspre/PEC1/pec_bit_cell_arbiter_4_916.dqdimacs,20,29
./benchmark_tests/afterhqspre/PEC1/pec_bit_cell_arbiter_4_916.dqdimacs,22,29
./benchmark_tests/afterhqspre/PEC1/pec_bit_cell_arbiter_6_109.dqdimacs,3,30
./benchmark_tests/afterhqspre/PEC1/pec_bit_cell_arbiter_6_109.dqdimacs,21,30
./benchmark_tests/afterhqspre/PEC1/pec_bit_cell_arbiter_6_109.dqdimacs,25,30
./benchmark_tests/afterhqspre/PEC1/pec_bit_cell_arbiter_6_109.dqdimacs,26,30
./benchmark_tests/afterhqspre/PEC1/pec_bit_cell_arbiter_6_109.dqdimacs,28,30
./benchmark_tests/afterhqspre/PEC1/pec_bit_cell_arbiter_6_111.dqdimacs,15,31
./benchmark_tests/afterhqspre/PEC1/pec_bit_cell_arbiter_6_111.dqdimacs,18,30
./benchmark_tests/afterhqspre/PEC1/pec_bit_cell_arbiter_6_111.dqdimacs,21,30
./benchmark_tests/afterhqspre/PEC1/pec_bit_cell_arbiter_6_111.dqdimacs,28,30
./benchmark_tests/afterhqspre/PEC1/pec_bit_cell_arbiter_6_111.dqdimacs,32,30
./benchmark_tests/afterhqspre/PEC1/pec_bit_cell_arbiter_6_111.dqdimacs,34,30
./benchmark_tests/afterhqspre/PEC1/pec_bit_cell_arbiter_6_144.dqdimacs,4,31
./benchmark_tests/afterhqspre/PEC1/pec_bit_cell_arbiter_6_144.dqdimacs,6,31
./benchmark_tests/afterhqspre/PEC1/pec_bit_cell_arbiter_6_144.dqdimacs,14,31
./benchmark_tests/afterhqspre/PEC1/pec_bit_cell_arbiter_6_144.dqdimacs,18,31
./benchmark_tests/afterhqspre/PEC1/pec_bit_cell_arbiter_6_144.dqdimacs,19,31
./benchmark_tests/afterhqspre/PEC1/pec_bit_cell_arbiter_6_144.dqdimacs,21,31
./benchmark_tests/afterhqspre/PEC1/pec_bit_cell_arbiter_6_145.dqdimacs,13,30
./benchmark_tests/afterhqspre/PEC1/pec_bit_cell_arbiter_6_145.dqdimacs,20,30
./benchmark_tests/afterhqspre/PEC1/pec_bit_cell_arbiter_6_145.dqdimacs,22,30
./benchmark_tests/afterhqspre/PEC1/pec_bit_cell_arbiter_6_145.dqdimacs,23,30
./benchmark_tests/afterhqspre/PEC1/pec_bit_cell_arbiter_6_145.dqdimacs,27,30
./benchmark_tests/afterhqspre/PEC1/pec_bit_cell_arbiter_6_150.dqdimacs,10,31
./benchmark_tests/afterhqspre/PEC1/pec_bit_cell_arbiter_6_150.dqdimacs,22,30
./benchmark_tests/afterhqspre/PEC1/pec_bit_cell_arbiter_6_150.dqdimacs,24,30
./benchmark_tests/afterhqspre/PEC1/pec_bit_cell_arbiter_6_150.dqdimacs,26,30
./benchmark_tests/afterhqspre/PEC1/pec_bit_cell_arbiter_6_150.dqdimacs,27,30
./benchmark_tests/afterhqspre/PEC1/pec_bit_cell_arbiter_6_150.dqdimacs,29,30
./benchmark_tests/afterhqspre/PEC1/pec_bit_cell_arbiter_6_195.dqdimacs,12,31
./benchmark_tests/afterhqspre/PEC1/pec_bit_cell_arbiter_6_195.dqdimacs,17,30
./benchmark_tests/afterhqspre/PEC1/pec_bit_cell_arbiter_6_195.dqdimacs,24,30
./benchmark_tests/afterhqspre/PEC1/pec_bit_cell_arbiter_6_195.dqdimacs,26,30
./benchmark_tests/afterhqspre/PEC1/pec_bit_cell_arbiter_6_195.dqdimacs,28,30
./benchmark_tests/afterhqspre/PEC1/pec_bit_cell_arbiter_6_195.dqdimacs,30,30
./benchmark_tests/afterhqspre/PEC1/pec_bit_cell_arbiter_6_201.dqdimacs,7,30
./benchmark_tests/afterhqspre/PEC1/pec_bit_cell_arbiter_6_201.dqdimacs,9,31
./benchmark_tests/afterhqspre/PEC1/pec_bit_cell_arbiter_6_201.dqdimacs,14,30
./benchmark_tests/afterhqspre/PEC1/pec_bit_cell_arbiter_6_201.dqdimacs,19,30
./benchmark_tests/afterhqspre/PEC1/pec_bit_cell_arbiter_6_201.dqdimacs,23,31
./benchmark_tests/afterhqspre/PEC1/pec_bit_cell_arbiter_6_201.dqdimacs,27,30
./benchmark_tests/afterhqspre/PEC1/pec_bit_cell_arbiter_6_218.dqdimacs,5,32
./benchmark_tests/afterhqspre/PEC1/pec_bit_cell_arbiter_6_218.dqdimacs,9,31
./benchmark_tests/afterhqspre/PEC1/pec_bit_cell_arbiter_6_218.dqdimacs,15,31
./benchmark_tests/afterhqspre/PEC1/pec_bit_cell_arbiter_6_218.dqdimacs,28,31
./benchmark_tests/afterhqspre/PEC1/pec_bit_cell_arbiter_6_218.dqdimacs,30,31
./benchmark_tests/afterhqspre/PEC1/pec_bit_cell_arbiter_6_22.dqdimacs,7,30
./benchmark_tests/afterhqspre/PEC1/pec_bit_cell_arbiter_6_22.dqdimacs,12,31
./benchmark_tests/afterhqspre/PEC1/pec_bit_cell_arbiter_6_22.dqdimacs,16,31
./benchmark_tests/afterhqspre/PEC1/pec_bit_cell_arbiter_6_22.dqdimacs,27,31
./benchmark_tests/afterhqspre/PEC1/pec_bit_cell_arbiter_6_22.dqdimacs,29,31
./benchmark_tests/afterhqspre/PEC1/pec_bit_cell_arbiter_6_22.dqdimacs,30,31
./benchmark_tests/afterhqspre/PEC1/pec_bit_cell_arbiter_6_250.dqdimacs,14,31
./benchmark_tests/afterhqspre/PEC1/pec_bit_cell_arbiter_6_250.dqdimacs,27,32
./benchmark_tests/afterhqspre/PEC1/pec_bit_cell_arbiter_6_250.dqdimacs,28,32
./benchmark_tests/afterhqspre/PEC1/pec_bit_cell_arbiter_6_250.dqdimacs,30,32
./benchmark_tests/afterhqspre/PEC1/pec_bit_cell_arbiter_6_250.dqdimacs,31,32
./benchmark_tests/afterhqspre/PEC1/pec_bit_cell_arbiter_6_250.dqdimacs,32,32
./benchmark_tests/afterhqspre/PEC1/pec_bit_cell_arbiter_6_271.dqdimacs,10,31
./benchmark_tests/afterhqspre/PEC1/pec_bit_cell_arbiter_6_271.dqdimacs,13,30
./benchmark_tests/afterhqspre/PEC1/pec_bit_cell_arbiter_6_271.dqdimacs,20,30
./benchmark_tests/afterhqspre/PEC1/pec_bit_cell_arbiter_6_271.dqdimacs,22,31
./benchmark_tests/afterhqspre/PEC1/pec_bit_cell_arbiter_6_271.dqdimacs,25,30
./benchmark_tests/afterhqspre/PEC1/pec_bit_cell_arbiter_6_271.dqdimacs,27,30
./benchmark_tests/afterhqspre/PEC1/pec_bit_cell_arbiter_6_272.dqdimacs,2,32
./benchmark_tests/afterhqspre/PEC1/pec_bit_cell_arbiter_6_272.dqdimacs,9,31
./benchmark_tests/afterhqspre/PEC1/pec_bit_cell_arbiter_6_272.dqdimacs,15,31
./benchmark_tests/afterhqspre/PEC1/pec_bit_cell_arbiter_6_272.dqdimacs,27,31
./benchmark_tests/afterhqspre/PEC1/pec_bit_cell_arbiter_6_272.dqdimacs,28,31
./benchmark_tests/afterhqspre/PEC1/pec_bit_cell_arbiter_6_272.dqdimacs,30,31
./benchmark_tests/afterhqspre/PEC1/pec_bit_cell_arbiter_6_299.dqdimacs,14,30
./benchmark_tests/afterhqspre/PEC1/pec_bit_cell_arbiter_6_299.dqdimacs,20,30
./benchmark_tests/afterhqspre/PEC1/pec_bit_cell_arbiter_6_299.dqdimacs,22,30
./benchmark_tests/afterhqspre/PEC1/pec_bit_cell_arbiter_6_299.dqdimacs,23,30
./benchmark_tests/afterhqspre/PEC1/pec_bit_cell_arbiter_6_299.dqdimacs,25,30
./benchmark_tests/afterhqspre/PEC1/pec_bit_cell_arbiter_6_299.dqdimacs,28,30
./benchmark_tests/afterhqspre/PEC1/pec_bit_cell_arbiter_6_319.dqdimacs,9,31
./benchmark_tests/afterhqspre/PEC1/pec_bit_cell_arbiter_6_319.dqdimacs,13,31
./benchmark_tests/afterhqspre/PEC1/pec_bit_cell_arbiter_6_319.dqdimacs,18,31
./benchmark_tests/afterhqspre/PEC1/pec_bit_cell_arbiter_6_319.dqdimacs,28,31
./benchmark_tests/afterhqspre/PEC1/pec_bit_cell_arbiter_6_319.dqdimacs,31,31
./benchmark_tests/afterhqspre/PEC1/pec_bit_cell_arbiter_6_319.dqdimacs,32,31
./benchmark_tests/afterhqspre/PEC1/pec_bit_cell_arbiter_6_329.dqdimacs,11,31
./benchmark_tests/afterhqspre/PEC1/pec_bit_cell_arbiter_6_329.dqdimacs,15,30
./benchmark_tests/afterhqspre/PEC1/pec_bit_cell_arbiter_6_329.dqdimacs,22,30
./benchmark_tests/afterhqspre/PEC1/pec_bit_cell_arbiter_6_329.dqdimacs,24,30
./benchmark_tests/afterhqspre/PEC1/pec_bit_cell_arbiter_6_329.dqdimacs,25,30
./benchmark_tests/afterhqspre/PEC1/pec_bit_cell_arbiter_6_329.dqdimacs,29,30
./benchmark_tests/afterhqspre/PEC1/pec_bit_cell_arbiter_6_357.dqdimacs,8,30
./benchmark_tests/afterhqspre/PEC1/pec_bit_cell_arbiter_6_357.dqdimacs,22,30
./benchmark_tests/afterhqspre/PEC1/pec_bit_cell_arbiter_6_357.dqdimacs,24,30
./benchmark_tests/afterhqspre/PEC1/pec_bit_cell_arbiter_6_357.dqdimacs,25,30
./benchmark_tests/afterhqspre/PEC1/pec_bit_cell_arbiter_6_357.dqdimacs,27,30
./benchmark_tests/afterhqspre/PEC1/pec_bit_cell_arbiter_6_361.dqdimacs,11,31
./benchmark_tests/afterhqspre/PEC1/pec_bit_cell_arbiter_6_361.dqdimacs,20,32
./benchmark_tests/afterhqspre/PEC1/pec_bit_cell_arbiter_6_361.dqdimacs,25,32
./benchmark_tests/afterhqspre/PEC1/pec_bit_cell_arbiter_6_361.dqdimacs,27,32
./benchmark_tests/afterhqspre/PEC1/pec_bit_cell_arbiter_6_361.dqdimacs,29,32
./benchmark_tests/afterhqspre/PEC1/pec_bit_cell_arbiter_6_361.dqdimacs,32,32
./benchmark_tests/afterhqspre/PEC1/pec_bit_cell_arbiter_6_415.dqdimacs,8,31
./benchmark_tests/afterhqspre/PEC1/pec_bit_cell_arbiter_6_415.dqdimacs,14,31
./benchmark_tests/afterhqspre/PEC1/pec_bit_cell_arbiter_6_415.dqdimacs,21,31
./benchmark_tests/afterhqspre/PEC1/pec_bit_cell_arbiter_6_415.dqdimacs,24,31
./benchmark_tests/afterhqspre/PEC1/pec_bit_cell_arbiter_6_415.dqdimacs,26,31
./benchmark_tests/afterhqspre/PEC1/pec_bit_cell_arbiter_6_415.dqdimacs,28,31
./benchmark_tests/afterhqspre/PEC1/pec_bit_cell_arbiter_6_420.dqdimacs,2,33
./benchmark_tests/afterhqspre/PEC1/pec_bit_cell_arbiter_6_420.dqdimacs,4,32
./benchmark_tests/afterhqspre/PEC1/pec_bit_cell_arbiter_6_420.dqdimacs,6,32
./benchmark_tests/afterhqspre/PEC1/pec_bit_cell_arbiter_6_420.dqdimacs,23,32
./benchmark_tests/afterhqspre/PEC1/pec_bit_cell_arbiter_6_420.dqdimacs,28,32
./benchmark_tests/afterhqspre/PEC1/pec_bit_cell_arbiter_6_420.dqdimacs,31,32
./benchmark_tests/afterhqspre/PEC1/pec_bit_cell_arbiter_6_442.dqdimacs,12,31
./benchmark_tests/afterhqspre/PEC1/pec_bit_cell_arbiter_6_442.dqdimacs,19,31
./benchmark_tests/afterhqspre/PEC1/pec_bit_cell_arbiter_6_442.dqdimacs,26,31
./benchmark_tests/afterhqspre/PEC1/pec_bit_cell_arbiter_6_442.dqdimacs,28,31
./benchmark_tests/afterhqspre/PEC1/pec_bit_cell_arbiter_6_442.dqdimacs,30,31
./benchmark_tests/afterhqspre/PEC1/pec_bit_cell_arbiter_6_442.dqdimacs,32,31
./benchmark_tests/afterhqspre/PEC1/pec_bit_cell_arbiter_6_444.dqdimacs,7,31
./benchmark_tests/afterhqspre/PEC1/pec_bit_cell_arbiter_6_444.dqdimacs,17,31
./benchmark_tests/afterhqspre/PEC1/pec_bit_cell_arbiter_6_444.dqdimacs,22,31
./benchmark_tests/afterhqspre/PEC1/pec_bit_cell_arbiter_6_444.dqdimacs,25,31
./benchmark_tests/afterhqspre/PEC1/pec_bit_cell_arbiter_6_444.dqdimacs,29,31
./benchmark_tests/afterhqspre/PEC1/pec_bit_cell_arbiter_6_455.dqdimacs,14,31
./benchmark_tests/afterhqspre/PEC1/pec_bit_cell_arbiter_6_455.dqdimacs,24,32
./benchmark_tests/afterhqspre/PEC1/pec_bit_cell_arbiter_6_455.dqdimacs,29,32
./benchmark_tests/afterhqspre/PEC1/pec_bit_cell_arbiter_6_455.dqdimacs,31,32
./benchmark_tests/afterhqspre/PEC1/pec_bit_cell_arbiter_6_455.dqdimacs,33,32
./benchmark_tests/afterhqspre/PEC1/pec_bit_cell_arbiter_6_457.dqdimacs,19,31
./benchmark_tests/afterhqspre/PEC1/pec_bit_cell_arbiter_6_457.dqdimacs,25,31
./benchmark_tests/afterhqspre/PEC1/pec_bit_cell_arbiter_6_457.dqdimacs,27,31
./benchmark_tests/afterhqspre/PEC1/pec_bit_cell_arbiter_6_457.dqdimacs,28,31
./benchmark_tests/afterhqspre/PEC1/pec_bit_cell_arbiter_6_457.dqdimacs,30,31
./benchmark_tests/afterhqspre/PEC1/pec_bit_cell_arbiter_6_457.dqdimacs,32,31
./benchmark_tests/afterhqspre/PEC1/pec_bit_cell_arbiter_6_470.dqdimacs,13,30
./benchmark_tests/afterhqspre/PEC1/pec_bit_cell_arbiter_6_470.dqdimacs,15,30
./benchmark_tests/afterhqspre/PEC1/pec_bit_cell_arbiter_6_470.dqdimacs,24,31
./benchmark_tests/afterhqspre/PEC1/pec_bit_cell_arbiter_6_470.dqdimacs,26,30
./benchmark_tests/afterhqspre/PEC1/pec_bit_cell_arbiter_6_470.dqdimacs,27,31
./benchmark_tests/afterhqspre/PEC1/pec_bit_cell_arbiter_6_470.dqdimacs,29,31
./benchmark_tests/afterhqspre/PEC1/pec_bit_cell_arbiter_6_474.dqdimacs,21,31
./benchmark_tests/afterhqspre/PEC1/pec_bit_cell_arbiter_6_474.dqdimacs,25,31
./benchmark_tests/afterhqspre/PEC1/pec_bit_cell_arbiter_6_474.dqdimacs,26,31
./benchmark_tests/afterhqspre/PEC1/pec_bit_cell_arbiter_6_474.dqdimacs,27,31
./benchmark_tests/afterhqspre/PEC1/pec_bit_cell_arbiter_6_474.dqdimacs,29,31
./benchmark_tests/afterhqspre/PEC1/pec_bit_cell_arbiter_6_474.dqdimacs,31,31
./benchmark_tests/afterhqspre/PEC1/pec_bit_cell_arbiter_6_485.dqdimacs,9,30
./benchmark_tests/afterhqspre/PEC1/pec_bit_cell_arbiter_6_485.dqdimacs,19,30
./benchmark_tests/afterhqspre/PEC1/pec_bit_cell_arbiter_6_485.dqdimacs,22,30
./benchmark_tests/afterhqspre/PEC1/pec_bit_cell_arbiter_6_485.dqdimacs,26,30
./benchmark_tests/afterhqspre/PEC1/pec_bit_cell_arbiter_6_485.dqdimacs,29,30
./benchmark_tests/afterhqspre/PEC1/pec_bit_cell_arbiter_6_485.dqdimacs,33,30
./benchmark_tests/afterhqspre/PEC1/pec_bit_cell_arbiter_6_510.dqdimacs,6,31
./benchmark_tests/afterhqspre/PEC1/pec_bit_cell_arbiter_6_510.dqdimacs,10,30
./benchmark_tests/afterhqspre/PEC1/pec_bit_cell_arbiter_6_510.dqdimacs,13,30
./benchmark_tests/afterhqspre/PEC1/pec_bit_cell_arbiter_6_510.dqdimacs,17,30
./benchmark_tests/afterhqspre/PEC1/pec_bit_cell_arbiter_6_510.dqdimacs,26,30
./benchmark_tests/afterhqspre/PEC1/pec_bit_cell_arbiter_6_510.dqdimacs,28,30
./benchmark_tests/afterhqspre/PEC1/pec_bit_cell_arbiter_6_512.dqdimacs,9,31
./benchmark_tests/afterhqspre/PEC1/pec_bit_cell_arbiter_6_512.dqdimacs,14,30
./benchmark_tests/afterhqspre/PEC1/pec_bit_cell_arbiter_6_512.dqdimacs,25,30
./benchmark_tests/afterhqspre/PEC1/pec_bit_cell_arbiter_6_512.dqdimacs,27,30
./benchmark_tests/afterhqspre/PEC1/pec_bit_cell_arbiter_6_512.dqdimacs,29,30
./benchmark_tests/afterhqspre/PEC1/pec_bit_cell_arbiter_6_512.dqdimacs,30,30
./benchmark_tests/afterhqspre/PEC1/pec_bit_cell_arbiter_6_518.dqdimacs,5,31
./benchmark_tests/afterhqspre/PEC1/pec_bit_cell_arbiter_6_518.dqdimacs,16,31
./benchmark_tests/afterhqspre/PEC1/pec_bit_cell_arbiter_6_518.dqdimacs,28,31
./benchmark_tests/afterhqspre/PEC1/pec_bit_cell_arbiter_6_518.dqdimacs,30,31
./benchmark_tests/afterhqspre/PEC1/pec_bit_cell_arbiter_6_518.dqdimacs,31,31
./benchmark_tests/afterhqspre/PEC1/pec_bit_cell_arbiter_6_518.dqdimacs,32,31
./benchmark_tests/afterhqspre/PEC1/pec_bit_cell_arbiter_6_523.dqdimacs,6,30
./benchmark_tests/afterhqspre/PEC1/pec_bit_cell_arbiter_6_523.dqdimacs,15,30
./benchmark_tests/afterhqspre/PEC1/pec_bit_cell_arbiter_6_523.dqdimacs,20,29
./benchmark_tests/afterhqspre/PEC1/pec_bit_cell_arbiter_6_523.dqdimacs,22,29
./benchmark_tests/afterhqspre/PEC1/pec_bit_cell_arbiter_6_523.dqdimacs,24,29
./benchmark_tests/afterhqspre/PEC1/pec_bit_cell_arbiter_6_560.dqdimacs,10,31
./benchmark_tests/afterhqspre/PEC1/pec_bit_cell_arbiter_6_560.dqdimacs,21,30
./benchmark_tests/afterhqspre/PEC1/pec_bit_cell_arbiter_6_560.dqdimacs,27,30
./benchmark_tests/afterhqspre/PEC1/pec_bit_cell_arbiter_6_560.dqdimacs,28,30
./benchmark_tests/afterhqspre/PEC1/pec_bit_cell_arbiter_6_560.dqdimacs,30,30
./benchmark_tests/afterhqspre/PEC1/pec_bit_cell_arbiter_6_560.dqdimacs,31,30
./benchmark_tests/afterhqspre/PEC1/pec_bit_cell_arbiter_6_583.dqdimacs,7,31
./benchmark_tests/afterhqspre/PEC1/pec_bit_cell_arbiter_6_583.dqdimacs,16,30
./benchmark_tests/afterhqspre/PEC1/pec_bit_cell_arbiter_6_583.dqdimacs,21,30
./benchmark_tests/afterhqspre/PEC1/pec_bit_cell_arbiter_6_583.dqdimacs,22,30
./benchmark_tests/afterhqspre/PEC1/pec_bit_cell_arbiter_6_583.dqdimacs,24,30
./benchmark_tests/afterhqspre/PEC1/pec_bit_cell_arbiter_6_583.dqdimacs,27,30
./benchmark_tests/afterhqspre/PEC1/pec_bit_cell_arbiter_6_584.dqdimacs,4,32
./benchmark_tests/afterhqspre/PEC1/pec_bit_cell_arbiter_6_584.dqdimacs,7,31
./benchmark_tests/afterhqspre/PEC1/pec_bit_cell_arbiter_6_584.dqdimacs,11,31
./benchmark_tests/afterhqspre/PEC1/pec_bit_cell_arbiter_6_584.dqdimacs,16,31
./benchmark_tests/afterhqspre/PEC1/pec_bit_cell_arbiter_6_584.dqdimacs,22,31
./benchmark_tests/afterhqspre/PEC1/pec_bit_cell_arbiter_6_584.dqdimacs,29,31
./benchmark_tests/afterhqspre/PEC1/pec_bit_cell_arbiter_6_591.dqdimacs,7,31
./benchmark_tests/afterhqspre/PEC1/pec_bit_cell_arbiter_6_591.dqdimacs,17,30
./benchmark_tests/afterhqspre/PEC1/pec_bit_cell_arbiter_6_591.dqdimacs,25,30
./benchmark_tests/afterhqspre/PEC1/pec_bit_cell_arbiter_6_591.dqdimacs,27,30
./benchmark_tests/afterhqspre/PEC1/pec_bit_cell_arbiter_6_591.dqdimacs,29,30
./benchmark_tests/afterhqspre/PEC1/pec_bit_cell_arbiter_6_591.dqdimacs,30,30
./benchmark_tests/afterhqspre/PEC1/pec_bit_cell_arbiter_6_594.dqdimacs,6,31
./benchmark_tests/afterhqspre/PEC1/pec_bit_cell_arbiter_6_594.dqdimacs,8,30
./benchmark_tests/afterhqspre/PEC1/pec_bit_cell_arbiter_6_594.dqdimacs,10,30
./benchmark_tests/afterhqspre/PEC1/pec_bit_cell_arbiter_6_594.dqdimacs,18,30
./benchmark_tests/afterhqspre/PEC1/pec_bit_cell_arbiter_6_594.dqdimacs,23,30
./benchmark_tests/afterhqspre/PEC1/pec_bit_cell_arbiter_6_594.dqdimacs,31,30
./benchmark_tests/afterhqspre/PEC1/pec_bit_cell_arbiter_6_614.dqdimacs,11,31
./benchmark_tests/afterhqspre/PEC1/pec_bit_cell_arbiter_6_614.dqdimacs,14,31
./benchmark_tests/afterhqspre/PEC1/pec_bit_cell_arbiter_6_614.dqdimacs,21,31
./benchmark_tests/afterhqspre/PEC1/pec_bit_cell_arbiter_6_614.dqdimacs,24,31
./benchmark_tests/afterhqspre/PEC1/pec_bit_cell_arbiter_6_614.dqdimacs,26,31
./benchmark_tests/afterhqspre/PEC1/pec_bit_cell_arbiter_6_614.dqdimacs,29,31
./benchmark_tests/afterhqspre/PEC1/pec_bit_cell_arbiter_6_635.dqdimacs,21,31
./benchmark_tests/afterhqspre/PEC1/pec_bit_cell_arbiter_6_635.dqdimacs,25,31
./benchmark_tests/afterhqspre/PEC1/pec_bit_cell_arbiter_6_635.dqdimacs,27,31
./benchmark_tests/afterhqspre/PEC1/pec_bit_cell_arbiter_6_635.dqdimacs,28,31
./benchmark_tests/afterhqspre/PEC1/pec_bit_cell_arbiter_6_635.dqdimacs,29,31
./benchmark_tests/afterhqspre/PEC1/pec_bit_cell_arbiter_6_635.dqdimacs,33,31
./benchmark_tests/afterhqspre/PEC1/pec_bit_cell_arbiter_6_663.dqdimacs,10,30
./benchmark_tests/afterhqspre/PEC1/pec_bit_cell_arbiter_6_663.dqdimacs,17,29
./benchmark_tests/afterhqspre/PEC1/pec_bit_cell_arbiter_6_663.dqdimacs,22,29
./benchmark_tests/afterhqspre/PEC1/pec_bit_cell_arbiter_6_663.dqdimacs,27,29
./benchmark_tests/afterhqspre/PEC1/pec_bit_cell_arbiter_6_663.dqdimacs,30,29
./benchmark_tests/afterhqspre/PEC1/pec_bit_cell_arbiter_6_663.dqdimacs,32,29
./benchmark_tests/afterhqspre/PEC1/pec_bit_cell_arbiter_6_664.dqdimacs,6,31
./benchmark_tests/afterhqspre/PEC1/pec_bit_cell_arbiter_6_664.dqdimacs,16,31
./benchmark_tests/afterhqspre/PEC1/pec_bit_cell_arbiter_6_664.dqdimacs,21,30
./benchmark_tests/afterhqspre/PEC1/pec_bit_cell_arbiter_6_664.dqdimacs,24,31
./benchmark_tests/afterhqspre/PEC1/pec_bit_cell_arbiter_6_664.dqdimacs,27,30
./benchmark_tests/afterhqspre/PEC1/pec_bit_cell_arbiter_6_664.dqdimacs,31,30
./benchmark_tests/afterhqspre/PEC1/pec_bit_cell_arbiter_6_67.dqdimacs,2,31
./benchmark_tests/afterhqspre/PEC1/pec_bit_cell_arbiter_6_67.dqdimacs,10,31
./benchmark_tests/afterhqspre/PEC1/pec_bit_cell_arbiter_6_67.dqdimacs,21,31
./benchmark_tests/afterhqspre/PEC1/pec_bit_cell_arbiter_6_67.dqdimacs,24,31
./benchmark_tests/afterhqspre/PEC1/pec_bit_cell_arbiter_6_67.dqdimacs,26,31
./benchmark_tests/afterhqspre/PEC1/pec_bit_cell_arbiter_6_67.dqdimacs,28,31
./benchmark_tests/afterhqspre/PEC1/pec_bit_cell_arbiter_6_683.dqdimacs,15,31
./benchmark_tests/afterhqspre/PEC1/pec_bit_cell_arbiter_6_683.dqdimacs,27,30
./benchmark_tests/afterhqspre/PEC1/pec_bit_cell_arbiter_6_683.dqdimacs,29,30
./benchmark_tests/afterhqspre/PEC1/pec_bit_cell_arbiter_6_683.dqdimacs,30,30
./benchmark_tests/afterhqspre/PEC1/pec_bit_cell_arbiter_6_683.dqdimacs,31,31
./benchmark_tests/afterhqspre/PEC1/pec_bit_cell_arbiter_6_683.dqdimacs,32,30
./benchmark_tests/afterhqspre/PEC1/pec_bit_cell_arbiter_6_692.dqdimacs,2,32
./benchmark_tests/afterhqspre/PEC1/pec_bit_cell_arbiter_6_692.dqdimacs,15,32
./benchmark_tests/afterhqspre/PEC1/pec_bit_cell_arbiter_6_692.dqdimacs,27,31
./benchmark_tests/afterhqspre/PEC1/pec_bit_cell_arbiter_6_692.dqdimacs,28,32
./benchmark_tests/afterhqspre/PEC1/pec_bit_cell_arbiter_6_692.dqdimacs,30,32
./benchmark_tests/afterhqspre/PEC1/pec_bit_cell_arbiter_6_692.dqdimacs,32,31
./benchmark_tests/afterhqspre/PEC1/pec_bit_cell_arbiter_6_739.dqdimacs,6,30
./benchmark_tests/afterhqspre/PEC1/pec_bit_cell_arbiter_6_739.dqdimacs,8,30
./benchmark_tests/afterhqspre/PEC1/pec_bit_cell_arbiter_6_739.dqdimacs,19,30
./benchmark_tests/afterhqspre/PEC1/pec_bit_cell_arbiter_6_739.dqdimacs,21,30
./benchmark_tests/afterhqspre/PEC1/pec_bit_cell_arbiter_6_739.dqdimacs,24,30
./benchmark_tests/afterhqspre/PEC1/pec_bit_cell_arbiter_6_739.dqdimacs,26,30
./benchmark_tests/afterhqspre/PEC1/pec_bit_cell_arbiter_6_750.dqdimacs,10,31
./benchmark_tests/afterhqspre/PEC1/pec_bit_cell_arbiter_6_750.dqdimacs,19,31
./benchmark_tests/afterhqspre/PEC1/pec_bit_cell_arbiter_6_750.dqdimacs,23,32
./benchmark_tests/afterhqspre/PEC1/pec_bit_cell_arbiter_6_750.dqdimacs,25,31
./benchmark_tests/afterhqspre/PEC1/pec_bit_cell_arbiter_6_750.dqdimacs,27,32
./benchmark_tests/afterhqspre/PEC1/pec_bit_cell_arbiter_6_750.dqdimacs,30,31
./benchmark_tests/afterhqspre/PEC1/pec_bit_cell_arbiter_6_758.dqdimacs,17,31
./benchmark_tests/afterhqspre/PEC1/pec_bit_cell_arbiter_6_758.dqdimacs,25,31
./benchmark_tests/afterhqspre/PEC1/pec_bit_cell_arbiter_6_758.dqdimacs,29,31
./benchmark_tests/afterhqspre/PEC1/pec_bit_cell_arbiter_6_758.dqdimacs,31,31
./benchmark_tests/afterhqspre/PEC1/pec_bit_cell_arbiter_6_758.dqdimacs,33,31
./benchmark_tests/afterhqspre/PEC1/pec_bit_cell_arbiter_6_758.dqdimacs,35,31
./benchmark_tests/afterhqspre/PEC1/pec_bit_cell_arbiter_6_778.dqdimacs,20,32
./benchmark_tests/afterhqspre/PEC1/pec_bit_cell_arbiter_6_778.dqdimacs,23,32
./benchmark_tests/afterhqspre/PEC1/pec_bit_cell_arbiter_6_778.dqdimacs,27,31
./benchmark_tests/afterhqspre/PEC1/pec_bit_cell_arbiter_6_778.dqdimacs,29,31
./benchmark_tests/afterhqspre/PEC1/pec_bit_cell_arbiter_6_778.dqdimacs,30,33
./benchmark_tests/afterhqspre/PEC1/pec_bit_cell_arbiter_6_778.dqdimacs,34,31
./benchmark_tests/afterhqspre/PEC1/pec_bit_cell_arbiter_6_795.dqdimacs,22,31
./benchmark_tests/afterhqspre/PEC1/pec_bit_cell_arbiter_6_795.dqdimacs,27,31
./benchmark_tests/afterhqspre/PEC1/pec_bit_cell_arbiter_6_795.dqdimacs,28,31
./benchmark_tests/afterhqspre/PEC1/pec_bit_cell_arbiter_6_795.dqdimacs,29,31
./benchmark_tests/afterhqspre/PEC1/pec_bit_cell_arbiter_6_795.dqdimacs,31,31
./benchmark_tests/afterhqspre/PEC1/pec_bit_cell_arbiter_6_795.dqdimacs,32,31
./benchmark_tests/afterhqspre/PEC1/pec_bit_cell_arbiter_6_818.dqdimacs,6,31
./benchmark_tests/afterhqspre/PEC1/pec_bit_cell_arbiter_6_818.dqdimacs,20,31
./benchmark_tests/afterhqspre/PEC1/pec_bit_cell_arbiter_6_818.dqdimacs,23,30
./benchmark_tests/afterhqspre/PEC1/pec_bit_cell_arbiter_6_818.dqdimacs,24,30
./benchmark_tests/afterhqspre/PEC1/pec_bit_cell_arbiter_6_818.dqdimacs,25,30
./benchmark_tests/afterhqspre/PEC1/pec_bit_cell_arbiter_6_818.dqdimacs,28,30
./benchmark_tests/afterhqspre/PEC1/pec_bit_cell_arbiter_6_819.dqdimacs,5,31
./benchmark_tests/afterhqspre/PEC1/pec_bit_cell_arbiter_6_819.dqdimacs,10,31
./benchmark_tests/afterhqspre/PEC1/pec_bit_cell_arbiter_6_819.dqdimacs,26,31
./benchmark_tests/afterhqspre/PEC1/pec_bit_cell_arbiter_6_819.dqdimacs,30,31
./benchmark_tests/afterhqspre/PEC1/pec_bit_cell_arbiter_6_819.dqdimacs,31,31
./benchmark_tests/afterhqspre/PEC1/pec_bit_cell_arbiter_6_819.dqdimacs,33,31
./benchmark_tests/afterhqspre/PEC1/pec_bit_cell_arbiter_6_825.dqdimacs,8,32
./benchmark_tests/afterhqspre/PEC1/pec_bit_cell_arbiter_6_825.dqdimacs,12,32
./benchmark_tests/afterhqspre/PEC1/pec_bit_cell_arbiter_6_825.dqdimacs,20,32
./benchmark_tests/afterhqspre/PEC1/pec_bit_cell_arbiter_6_825.dqdimacs,25,32
./benchmark_tests/afterhqspre/PEC1/pec_bit_cell_arbiter_6_825.dqdimacs,29,32
./benchmark_tests/afterhqspre/PEC1/pec_bit_cell_arbiter_6_82.dqdimacs,13,30
./benchmark_tests/afterhqspre/PEC1/pec_bit_cell_arbiter_6_82.dqdimacs,22,30
./benchmark_tests/afterhqspre/PEC1/pec_bit_cell_arbiter_6_82.dqdimacs,24,30
./benchmark_tests/afterhqspre/PEC1/pec_bit_cell_arbiter_6_82.dqdimacs,25,30
./benchmark_tests/afterhqspre/PEC1/pec_bit_cell_arbiter_6_82.dqdimacs,27,30
./benchmark_tests/afterhqspre/PEC1/pec_bit_cell_arbiter_6_82.dqdimacs,30,30
./benchmark_tests/afterhqspre/PEC1/pec_bit_cell_arbiter_6_835.dqdimacs,9,30
./benchmark_tests/afterhqspre/PEC1/pec_bit_cell_arbiter_6_835.dqdimacs,12,30
./benchmark_tests/afterhqspre/PEC1/pec_bit_cell_arbiter_6_835.dqdimacs,15,30
./benchmark_tests/afterhqspre/PEC1/pec_bit_cell_arbiter_6_835.dqdimacs,19,30
./benchmark_tests/afterhqspre/PEC1/pec_bit_cell_arbiter_6_835.dqdimacs,22,30
./benchmark_tests/afterhqspre/PEC1/pec_bit_cell_arbiter_6_835.dqdimacs,27,30
./benchmark_tests/afterhqspre/PEC1/pec_bit_cell_arbiter_6_842.dqdimacs,9,31
./benchmark_tests/afterhqspre/PEC1/pec_bit_cell_arbiter_6_842.dqdimacs,17,32
./benchmark_tests/afterhqspre/PEC1/pec_bit_cell_arbiter_6_842.dqdimacs,27,32
./benchmark_tests/afterhqspre/PEC1/pec_bit_cell_arbiter_6_842.dqdimacs,28,32
./benchmark_tests/afterhqspre/PEC1/pec_bit_cell_arbiter_6_842.dqdimacs,30,34
./benchmark_tests/afterhqspre/PEC1/pec_bit_cell_arbiter_6_842.dqdimacs,31,33
./benchmark_tests/afterhqspre/PEC1/pec_bit_cell_arbiter_6_854.dqdimacs,20,31
./benchmark_tests/afterhqspre/PEC1/pec_bit_cell_arbiter_6_854.dqdimacs,23,31
./benchmark_tests/afterhqspre/PEC1/pec_bit_cell_arbiter_6_854.dqdimacs,28,31
./benchmark_tests/afterhqspre/PEC1/pec_bit_cell_arbiter_6_854.dqdimacs,29,31
./benchmark_tests/afterhqspre/PEC1/pec_bit_cell_arbiter_6_854.dqdimacs,32,31
./benchmark_tests/afterhqspre/PEC1/pec_bit_cell_arbiter_6_854.dqdimacs,33,30
./benchmark_tests/afterhqspre/PEC1/pec_bit_cell_arbiter_6_871.dqdimacs,11,32
./benchmark_tests/afterhqspre/PEC1/pec_bit_cell_arbiter_6_871.dqdimacs,19,30
./benchmark_tests/afterhqspre/PEC1/pec_bit_cell_arbiter_6_871.dqdimacs,24,31
./benchmark_tests/afterhqspre/PEC1/pec_bit_cell_arbiter_6_871.dqdimacs,26,31
./benchmark_tests/afterhqspre/PEC1/pec_bit_cell_arbiter_6_871.dqdimacs,28,31
./benchmark_tests/afterhqspre/PEC1/pec_bit_cell_arbiter_6_871.dqdimacs,30,30
./benchmark_tests/afterhqspre/PEC1/pec_bit_cell_arbiter_6_877.dqdimacs,12,31
./benchmark_tests/afterhqspre/PEC1/pec_bit_cell_arbiter_6_877.dqdimacs,21,32
./benchmark_tests/afterhqspre/PEC1/pec_bit_cell_arbiter_6_877.dqdimacs,29,32
./benchmark_tests/afterhqspre/PEC1/pec_bit_cell_arbiter_6_877.dqdimacs,31,32
./benchmark_tests/afterhqspre/PEC1/pec_bit_cell_arbiter_6_877.dqdimacs,32,32
./benchmark_tests/afterhqspre/PEC1/pec_bit_cell_arbiter_6_877.dqdimacs,34,32
./benchmark_tests/afterhqspre/PEC1/pec_bit_cell_arbiter_6_890.dqdimacs,12,32
./benchmark_tests/afterhqspre/PEC1/pec_bit_cell_arbiter_6_890.dqdimacs,16,31
./benchmark_tests/afterhqspre/PEC1/pec_bit_cell_arbiter_6_890.dqdimacs,24,31
./benchmark_tests/afterhqspre/PEC1/pec_bit_cell_arbiter_6_890.dqdimacs,26,31
./benchmark_tests/afterhqspre/PEC1/pec_bit_cell_arbiter_6_890.dqdimacs,29,31
./benchmark_tests/afterhqspre/PEC1/pec_bit_cell_arbiter_6_890.dqdimacs,31,31
./benchmark_tests/afterhqspre/PEC1/pec_bit_cell_arbiter_6_906.dqdimacs,28,31
./benchmark_tests/afterhqspre/PEC1/pec_bit_cell_arbiter_6_906.dqdimacs,29,31
./benchmark_tests/afterhqspre/PEC1/pec_bit_cell_arbiter_6_906.dqdimacs,30,31
./benchmark_tests/afterhqspre/PEC1/pec_bit_cell_arbiter_6_906.dqdimacs,31,31
./benchmark_tests/afterhqspre/PEC1/pec_bit_cell_arbiter_6_906.dqdimacs,32,31
./benchmark_tests/afterhqspre/PEC1/pec_bit_cell_arbiter_6_906.dqdimacs,33,31
./benchmark_tests/afterhqspre/PEC1/pec_bit_cell_arbiter_6_909.dqdimacs,7,31
./benchmark_tests/afterhqspre/PEC1/pec_bit_cell_arbiter_6_909.dqdimacs,19,30
./benchmark_tests/afterhqspre/PEC1/pec_bit_cell_arbiter_6_909.dqdimacs,24,30
./benchmark_tests/afterhqspre/PEC1/pec_bit_cell_arbiter_6_909.dqdimacs,25,30
./benchmark_tests/afterhqspre/PEC1/pec_bit_cell_arbiter_6_909.dqdimacs,27,31
./benchmark_tests/afterhqspre/PEC1/pec_bit_cell_arbiter_6_909.dqdimacs,29,31
./benchmark_tests/afterhqspre/PEC1/pec_bit_cell_arbiter_6_948.dqdimacs,7,30
./benchmark_tests/afterhqspre/PEC1/pec_bit_cell_arbiter_6_948.dqdimacs,14,31
./benchmark_tests/afterhqspre/PEC1/pec_bit_cell_arbiter_6_948.dqdimacs,17,31
./benchmark_tests/afterhqspre/PEC1/pec_bit_cell_arbiter_6_948.dqdimacs,28,31
./benchmark_tests/afterhqspre/PEC1/pec_bit_cell_arbiter_6_948.dqdimacs,31,31
./benchmark_tests/afterhqspre/PEC1/pec_bit_cell_arbiter_6_948.dqdimacs,33,31
./benchmark_tests/afterhqspre/PEC1/pec_bit_cell_arbiter_6_950.dqdimacs,2,32
./benchmark_tests/afterhqspre/PEC1/pec_bit_cell_arbiter_6_950.dqdimacs,5,32
./benchmark_tests/afterhqspre/PEC1/pec_bit_cell_arbiter_6_950.dqdimacs,8,32
./benchmark_tests/afterhqspre/PEC1/pec_bit_cell_arbiter_6_950.dqdimacs,18,32
./benchmark_tests/afterhqspre/PEC1/pec_bit_cell_arbiter_6_950.dqdimacs,30,32
./benchmark_tests/afterhqspre/PEC1/pec_bit_cell_arbiter_6_950.dqdimacs,31,32
./benchmark_tests/afterhqspre/PEC1/pec_bit_cell_arbiter_6_95.dqdimacs,5,30
./benchmark_tests/afterhqspre/PEC1/pec_bit_cell_arbiter_6_95.dqdimacs,14,31
./benchmark_tests/afterhqspre/PEC1/pec_bit_cell_arbiter_6_95.dqdimacs,17,31
./benchmark_tests/afterhqspre/PEC1/pec_bit_cell_arbiter_6_95.dqdimacs,20,31
./benchmark_tests/afterhqspre/PEC1/pec_bit_cell_arbiter_6_95.dqdimacs,21,31
./benchmark_tests/afterhqspre/PEC1/pec_bit_cell_arbiter_6_95.dqdimacs,26,31
./benchmark_tests/afterhqspre/PEC1/pec_bit_cell_arbiter_6_967.dqdimacs,12,31
./benchmark_tests/afterhqspre/PEC1/pec_bit_cell_arbiter_6_967.dqdimacs,18,30
./benchmark_tests/afterhqspre/PEC1/pec_bit_cell_arbiter_6_967.dqdimacs,23,30
./benchmark_tests/afterhqspre/PEC1/pec_bit_cell_arbiter_6_967.dqdimacs,26,30
./benchmark_tests/afterhqspre/PEC1/pec_bit_cell_arbiter_6_967.dqdimacs,28,30
./benchmark_tests/afterhqspre/PEC1/pec_bit_cell_arbiter_6_967.dqdimacs,30,30
./benchmark_tests/afterhqspre/PEC1/pec_bit_cell_arbiter_6_994.dqdimacs,6,31
./benchmark_tests/afterhqspre/PEC1/pec_bit_cell_arbiter_6_994.dqdimacs,12,30
./benchmark_tests/afterhqspre/PEC1/pec_bit_cell_arbiter_6_994.dqdimacs,24,30
./benchmark_tests/afterhqspre/PEC1/pec_bit_cell_arbiter_6_994.dqdimacs,26,30
./benchmark_tests/afterhqspre/PEC1/pec_bit_cell_arbiter_6_994.dqdimacs,27,30
./benchmark_tests/afterhqspre/PEC1/pec_bit_cell_arbiter_6_994.dqdimacs,29,30
./benchmark_tests/afterhqspre/PEC1/pec_look_ahead_arbiter_2_727.dqdimacs,10,31
./benchmark_tests/afterhqspre/PEC1/pec_look_ahead_arbiter_2_727.dqdimacs,23,31
./benchmark_tests/afterhqspre/PEC1/pec_look_ahead_arbiter_2_727.dqdimacs,24,31
./benchmark_tests/afterhqspre/PEC1/pec_look_ahead_arbiter_2_727.dqdimacs,26,30
./benchmark_tests/afterhqspre/PEC1/pec_look_ahead_arbiter_4_125.dqdimacs,29,33
./benchmark_tests/afterhqspre/PEC1/pec_look_ahead_arbiter_4_125.dqdimacs,30,32
./benchmark_tests/afterhqspre/PEC1/pec_look_ahead_arbiter_4_125.dqdimacs,31,32
./benchmark_tests/afterhqspre/PEC1/pec_look_ahead_arbiter_4_125.dqdimacs,33,32
./benchmark_tests/afterhqspre/PEC1/pec_look_ahead_arbiter_4_145.dqdimacs,22,30
./benchmark_tests/afterhqspre/PEC1/pec_look_ahead_arbiter_4_145.dqdimacs,23,29
./benchmark_tests/afterhqspre/PEC1/pec_look_ahead_arbiter_4_145.dqdimacs,24,30
./benchmark_tests/afterhqspre/PEC1/pec_look_ahead_arbiter_4_14.dqdimacs,29,31
./benchmark_tests/afterhqspre/PEC1/pec_look_ahead_arbiter_4_14.dqdimacs,30,31
./benchmark_tests/afterhqspre/PEC1/pec_look_ahead_arbiter_4_14.dqdimacs,31,31
./benchmark_tests/afterhqspre/PEC1/pec_look_ahead_arbiter_4_14.dqdimacs,32,31
./benchmark_tests/afterhqspre/PEC1/pec_look_ahead_arbiter_4_168.dqdimacs,17,31
./benchmark_tests/afterhqspre/PEC1/pec_look_ahead_arbiter_4_168.dqdimacs,18,30
./benchmark_tests/afterhqspre/PEC1/pec_look_ahead_arbiter_4_168.dqdimacs,21,30
./benchmark_tests/afterhqspre/PEC1/pec_look_ahead_arbiter_4_18.dqdimacs,31,34
./benchmark_tests/afterhqspre/PEC1/pec_look_ahead_arbiter_4_18.dqdimacs,32,32
./benchmark_tests/afterhqspre/PEC1/pec_look_ahead_arbiter_4_18.dqdimacs,33,33
./benchmark_tests/afterhqspre/PEC1/pec_look_ahead_arbiter_4_18.dqdimacs,34,32
./benchmark_tests/afterhqspre/PEC1/pec_look_ahead_arbiter_4_18.dqdimacs,35,32
./benchmark_tests/afterhqspre/PEC1/pec_look_ahead_arbiter_4_206.dqdimacs,17,31
./benchmark_tests/afterhqspre/PEC1/pec_look_ahead_arbiter_4_206.dqdimacs,18,31
./benchmark_tests/afterhqspre/PEC1/pec_look_ahead_arbiter_4_206.dqdimacs,27,31
./benchmark_tests/afterhqspre/PEC1/pec_look_ahead_arbiter_4_206.dqdimacs,29,31
./benchmark_tests/afterhqspre/PEC1/pec_look_ahead_arbiter_4_250.dqdimacs,14,32
./benchmark_tests/afterhqspre/PEC1/pec_look_ahead_arbiter_4_250.dqdimacs,30,32
./benchmark_tests/afterhqspre/PEC1/pec_look_ahead_arbiter_4_250.dqdimacs,32,31
./benchmark_tests/afterhqspre/PEC1/pec_look_ahead_arbiter_4_250.dqdimacs,33,32
./benchmark_tests/afterhqspre/PEC1/pec_look_ahead_arbiter_4_251.dqdimacs,8,30
./benchmark_tests/afterhqspre/PEC1/pec_look_ahead_arbiter_4_251.dqdimacs,16,30
./benchmark_tests/afterhqspre/PEC1/pec_look_ahead_arbiter_4_251.dqdimacs,18,30
./benchmark_tests/afterhqspre/PEC1/pec_look_ahead_arbiter_4_265.dqdimacs,17,32
./benchmark_tests/afterhqspre/PEC1/pec_look_ahead_arbiter_4_265.dqdimacs,25,31
./benchmark_tests/afterhqspre/PEC1/pec_look_ahead_arbiter_4_265.dqdimacs,28,32
./benchmark_tests/afterhqspre/PEC1/pec_look_ahead_arbiter_4_265.dqdimacs,29,31
./benchmark_tests/afterhqspre/PEC1/pec_look_ahead_arbiter_4_309.dqdimacs,25,31
./benchmark_tests/afterhqspre/PEC1/pec_look_ahead_arbiter_4_309.dqdimacs,26,30
./benchmark_tests/afterhqspre/PEC1/pec_look_ahead_arbiter_4_309.dqdimacs,27,31
./benchmark_tests/afterhqspre/PEC1/pec_look_ahead_arbiter_4_309.dqdimacs,29,31
./benchmark_tests/afterhqspre/PEC1/pec_look_ahead_arbiter_4_314.dqdimacs,23,31
./benchmark_tests/afterhqspre/PEC1/pec_look_ahead_arbiter_4_314.dqdimacs,25,31
./benchmark_tests/afterhqspre/PEC1/pec_look_ahead_arbiter_4_314.dqdimacs,28,30
./benchmark_tests/afterhqspre/PEC1/pec_look_ahead_arbiter_4_314.dqdimacs,31,30
./benchmark_tests/afterhqspre/PEC1/pec_look_ahead_arbiter_4_347.dqdimacs,21,30
./benchmark_tests/afterhqspre/PEC1/pec_look_ahead_arbiter_4_347.dqdimacs,23,30
./benchmark_tests/afterhqspre/PEC1/pec_look_ahead_arbiter_4_347.dqdimacs,25,30
./benchmark_tests/afterhqspre/PEC1/pec_look_ahead_arbiter_4_355.dqdimacs,18,31
./benchmark_tests/afterhqspre/PEC1/pec_look_ahead_arbiter_4_355.dqdimacs,24,30
./benchmark_tests/afterhqspre/PEC1/pec_look_ahead_arbiter_4_355.dqdimacs,25,30
./benchmark_tests/afterhqspre/PEC1/pec_look_ahead_arbiter_4_355.dqdimacs,28,30
./benchmark_tests/afterhqspre/PEC1/pec_look_ahead_arbiter_4_379.dqdimacs,20,31
./benchmark_tests/afterhqspre/PEC1/pec_look_ahead_arbiter_4_379.dqdimacs,23,30
./benchmark_tests/afterhqspre/PEC1/pec_look_ahead_arbiter_4_379.dqdimacs,24,30
./benchmark_tests/afterhqspre/PEC1/pec_look_ahead_arbiter_4_430.dqdimacs,11,30
./benchmark_tests/afterhqspre/PEC1/pec_look_ahead_arbiter_4_430.dqdimacs,25,31
./benchmark_tests/afterhqspre/PEC1/pec_look_ahead_arbiter_4_430.dqdimacs,28,32
./benchmark_tests/afterhqspre/PEC1/pec_look_ahead_arbiter_4_430.dqdimacs,31,31
./benchmark_tests/afterhqspre/PEC1/pec_look_ahead_arbiter_4_430.dqdimacs,32,31
./benchmark_tests/afterhqspre/PEC1/pec_look_ahead_arbiter_4_445.dqdimacs,17,30
./benchmark_tests/afterhqspre/PEC1/pec_look_ahead_arbiter_4_445.dqdimacs,18,30
./benchmark_tests/afterhqspre/PEC1/pec_look_ahead_arbiter_4_445.dqdimacs,20,29
./benchmark_tests/afterhqspre/PEC1/pec_look_ahead_arbiter_4_445.dqdimacs,22,30
./benchmark_tests/afterhqspre/PEC1/pec_look_ahead_arbiter_4_445.dqdimacs,23,30
./benchmark_tests/afterhqspre/PEC1/pec_look_ahead_arbiter_4_478.dqdimacs,12,33
./benchmark_tests/afterhqspre/PEC1/pec_look_ahead_arbiter_4_478.dqdimacs,29,32
./benchmark_tests/afterhqspre/PEC1/pec_look_ahead_arbiter_4_478.dqdimacs,30,32
./benchmark_tests/afterhqspre/PEC1/pec_look_ahead_arbiter_4_478.dqdimacs,31,32
./benchmark_tests/afterhqspre/PEC1/pec_look_ahead_arbiter_4_495.dqdimacs,27,33
./benchmark_tests/afterhqspre/PEC1/pec_look_ahead_arbiter_4_495.dqdimacs,28,31
./benchmark_tests/afterhqspre/PEC1/pec_look_ahead_arbiter_4_495.dqdimacs,30,31
./benchmark_tests/afterhqspre/PEC1/pec_look_ahead_arbiter_4_507.dqdimacs,16,31
./benchmark_tests/afterhqspre/PEC1/pec_look_ahead_arbiter_4_507.dqdimacs,17,30
./benchmark_tests/afterhqspre/PEC1/pec_look_ahead_arbiter_4_507.dqdimacs,19,30
./benchmark_tests/afterhqspre/PEC1/pec_look_ahead_arbiter_4_507.dqdimacs,21,30
./benchmark_tests/afterhqspre/PEC1/pec_look_ahead_arbiter_4_511.dqdimacs,11,31
./benchmark_tests/afterhqspre/PEC1/pec_look_ahead_arbiter_4_511.dqdimacs,17,31
./benchmark_tests/afterhqspre/PEC1/pec_look_ahead_arbiter_4_511.dqdimacs,20,31
./benchmark_tests/afterhqspre/PEC1/pec_look_ahead_arbiter_4_511.dqdimacs,22,31
./benchmark_tests/afterhqspre/PEC1/pec_look_ahead_arbiter_4_530.dqdimacs,6,30
./benchmark_tests/afterhqspre/PEC1/pec_look_ahead_arbiter_4_530.dqdimacs,9,30
./benchmark_tests/afterhqspre/PEC1/pec_look_ahead_arbiter_4_530.dqdimacs,15,30
./benchmark_tests/afterhqspre/PEC1/pec_look_ahead_arbiter_4_530.dqdimacs,18,30
./benchmark_tests/afterhqspre/PEC1/pec_look_ahead_arbiter_4_560.dqdimacs,23,31
./benchmark_tests/afterhqspre/PEC1/pec_look_ahead_arbiter_4_560.dqdimacs,24,31
./benchmark_tests/afterhqspre/PEC1/pec_look_ahead_arbiter_4_560.dqdimacs,27,31
./benchmark_tests/afterhqspre/PEC1/pec_look_ahead_arbiter_4_564.dqdimacs,14,31
./benchmark_tests/afterhqspre/PEC1/pec_look_ahead_arbiter_4_564.dqdimacs,20,30
./benchmark_tests/afterhqspre/PEC1/pec_look_ahead_arbiter_4_564.dqdimacs,21,30
./benchmark_tests/afterhqspre/PEC1/pec_look_ahead_arbiter_4_564.dqdimacs,23,30
./benchmark_tests/afterhqspre/PEC1/pec_look_ahead_arbiter_4_564.dqdimacs,27,30
./benchmark_tests/afterhqspre/PEC1/pec_look_ahead_arbiter_4_579.dqdimacs,22,32
./benchmark_tests/afterhqspre/PEC1/pec_look_ahead_arbiter_4_579.dqdimacs,23,32
./benchmark_tests/afterhqspre/PEC1/pec_look_ahead_arbiter_4_579.dqdimacs,27,32
./benchmark_tests/afterhqspre/PEC1/pec_look_ahead_arbiter_4_579.dqdimacs,29,32
./benchmark_tests/afterhqspre/PEC1/pec_look_ahead_arbiter_4_597.dqdimacs,16,31
./benchmark_tests/afterhqspre/PEC1/pec_look_ahead_arbiter_4_597.dqdimacs,20,31
./benchmark_tests/afterhqspre/PEC1/pec_look_ahead_arbiter_4_597.dqdimacs,21,31
./benchmark_tests/afterhqspre/PEC1/pec_look_ahead_arbiter_4_605.dqdimacs,28,31
./benchmark_tests/afterhqspre/PEC1/pec_look_ahead_arbiter_4_605.dqdimacs,29,31
./benchmark_tests/afterhqspre/PEC1/pec_look_ahead_arbiter_4_605.dqdimacs,30,31
./benchmark_tests/afterhqspre/PEC1/pec_look_ahead_arbiter_4_605.dqdimacs,31,31
./benchmark_tests/afterhqspre/PEC1/pec_look_ahead_arbiter_4_609.dqdimacs,26,31
./benchmark_tests/afterhqspre/PEC1/pec_look_ahead_arbiter_4_609.dqdimacs,28,32
./benchmark_tests/afterhqspre/PEC1/pec_look_ahead_arbiter_4_609.dqdimacs,30,32
./benchmark_tests/afterhqspre/PEC1/pec_look_ahead_arbiter_4_609.dqdimacs,31,32
./benchmark_tests/afterhqspre/PEC1/pec_look_ahead_arbiter_4_619.dqdimacs,12,18
./benchmark_tests/afterhqspre/PEC1/pec_look_ahead_arbiter_4_619.dqdimacs,23,17
./benchmark_tests/afterhqspre/PEC1/pec_look_ahead_arbiter_4_619.dqdimacs,24,17
./benchmark_tests/afterhqspre/PEC1/pec_look_ahead_arbiter_4_645.dqdimacs,2,32
./benchmark_tests/afterhqspre/PEC1/pec_look_ahead_arbiter_4_645.dqdimacs,24,31
./benchmark_tests/afterhqspre/PEC1/pec_look_ahead_arbiter_4_645.dqdimacs,25,31
./benchmark_tests/afterhqspre/PEC1/pec_look_ahead_arbiter_4_645.dqdimacs,28,31
./benchmark_tests/afterhqspre/PEC1/pec_look_ahead_arbiter_4_656.dqdimacs,26,31
./benchmark_tests/afterhqspre/PEC1/pec_look_ahead_arbiter_4_656.dqdimacs,27,30
./benchmark_tests/afterhqspre/PEC1/pec_look_ahead_arbiter_4_656.dqdimacs,28,30
./benchmark_tests/afterhqspre/PEC1/pec_look_ahead_arbiter_4_694.dqdimacs,20,32
./benchmark_tests/afterhqspre/PEC1/pec_look_ahead_arbiter_4_694.dqdimacs,28,31
./benchmark_tests/afterhqspre/PEC1/pec_look_ahead_arbiter_4_694.dqdimacs,29,31
./benchmark_tests/afterhqspre/PEC1/pec_look_ahead_arbiter_4_694.dqdimacs,30,31
./benchmark_tests/afterhqspre/PEC1/pec_look_ahead_arbiter_4_695.dqdimacs,6,30
./benchmark_tests/afterhqspre/PEC1/pec_look_ahead_arbiter_4_695.dqdimacs,9,29
./benchmark_tests/afterhqspre/PEC1/pec_look_ahead_arbiter_4_695.dqdimacs,13,30
./benchmark_tests/afterhqspre/PEC1/pec_look_ahead_arbiter_4_695.dqdimacs,18,30
./benchmark_tests/afterhqspre/PEC1/pec_look_ahead_arbiter_4_741.dqdimacs,22,31
./benchmark_tests/afterhqspre/PEC1/pec_look_ahead_arbiter_4_741.dqdimacs,23,30
./benchmark_tests/afterhqspre/PEC1/pec_look_ahead_arbiter_4_741.dqdimacs,25,30
./benchmark_tests/afterhqspre/PEC1/pec_look_ahead_arbiter_4_751.dqdimacs,2,31
./benchmark_tests/afterhqspre/PEC1/pec_look_ahead_arbiter_4_751.dqdimacs,21,30
./benchmark_tests/afterhqspre/PEC1/pec_look_ahead_arbiter_4_751.dqdimacs,22,30
./benchmark_tests/afterhqspre/PEC1/pec_look_ahead_arbiter_4_793.dqdimacs,27,31
./benchmark_tests/afterhqspre/PEC1/pec_look_ahead_arbiter_4_793.dqdimacs,28,32
./benchmark_tests/afterhqspre/PEC1/pec_look_ahead_arbiter_4_793.dqdimacs,29,32
./benchmark_tests/afterhqspre/PEC1/pec_look_ahead_arbiter_4_793.dqdimacs,30,32
./benchmark_tests/afterhqspre/PEC1/pec_look_ahead_arbiter_4_797.dqdimacs,2,31
./benchmark_tests/afterhqspre/PEC1/pec_look_ahead_arbiter_4_797.dqdimacs,3,30
./benchmark_tests/afterhqspre/PEC1/pec_look_ahead_arbiter_4_797.dqdimacs,6,30
./benchmark_tests/afterhqspre/PEC1/pec_look_ahead_arbiter_4_797.dqdimacs,24,30
./benchmark_tests/afterhqspre/PEC1/pec_look_ahead_arbiter_4_803.dqdimacs,13,30
./benchmark_tests/afterhqspre/PEC1/pec_look_ahead_arbiter_4_803.dqdimacs,18,30
./benchmark_tests/afterhqspre/PEC1/pec_look_ahead_arbiter_4_803.dqdimacs,27,30
./benchmark_tests/afterhqspre/PEC1/pec_look_ahead_arbiter_4_825.dqdimacs,18,30
./benchmark_tests/afterhqspre/PEC1/pec_look_ahead_arbiter_4_825.dqdimacs,20,30
./benchmark_tests/afterhqspre/PEC1/pec_look_ahead_arbiter_4_825.dqdimacs,21,30
./benchmark_tests/afterhqspre/PEC1/pec_look_ahead_arbiter_4_833.dqdimacs,32,31
./benchmark_tests/afterhqspre/PEC1/pec_look_ahead_arbiter_4_833.dqdimacs,33,31
./benchmark_tests/afterhqspre/PEC1/pec_look_ahead_arbiter_4_833.dqdimacs,34,31
./benchmark_tests/afterhqspre/PEC1/pec_look_ahead_arbiter_4_833.dqdimacs,35,31
./benchmark_tests/afterhqspre/PEC1/pec_look_ahead_arbiter_4_836.dqdimacs,24,31
./benchmark_tests/afterhqspre/PEC1/pec_look_ahead_arbiter_4_836.dqdimacs,28,32
./benchmark_tests/afterhqspre/PEC1/pec_look_ahead_arbiter_4_836.dqdimacs,29,32
./benchmark_tests/afterhqspre/PEC1/pec_look_ahead_arbiter_4_836.dqdimacs,32,32
./benchmark_tests/afterhqspre/PEC1/pec_look_ahead_arbiter_4_846.dqdimacs,26,31
./benchmark_tests/afterhqspre/PEC1/pec_look_ahead_arbiter_4_846.dqdimacs,27,30
./benchmark_tests/afterhqspre/PEC1/pec_look_ahead_arbiter_4_846.dqdimacs,29,31
./benchmark_tests/afterhqspre/PEC1/pec_look_ahead_arbiter_4_854.dqdimacs,5,30
./benchmark_tests/afterhqspre/PEC1/pec_look_ahead_arbiter_4_854.dqdimacs,18,30
./benchmark_tests/afterhqspre/PEC1/pec_look_ahead_arbiter_4_854.dqdimacs,20,30
./benchmark_tests/afterhqspre/PEC1/pec_look_ahead_arbiter_4_854.dqdimacs,21,30
./benchmark_tests/afterhqspre/PEC1/pec_look_ahead_arbiter_4_856.dqdimacs,8,31
./benchmark_tests/afterhqspre/PEC1/pec_look_ahead_arbiter_4_856.dqdimacs,28,31
./benchmark_tests/afterhqspre/PEC1/pec_look_ahead_arbiter_4_856.dqdimacs,29,31
./benchmark_tests/afterhqspre/PEC1/pec_look_ahead_arbiter_4_856.dqdimacs,30,31
./benchmark_tests/afterhqspre/PEC1/pec_look_ahead_arbiter_4_893.dqdimacs,2,30
./benchmark_tests/afterhqspre/PEC1/pec_look_ahead_arbiter_4_893.dqdimacs,9,30
./benchmark_tests/afterhqspre/PEC1/pec_look_ahead_arbiter_4_893.dqdimacs,11,30
./benchmark_tests/afterhqspre/PEC1/pec_look_ahead_arbiter_4_893.dqdimacs,16,30
./benchmark_tests/afterhqspre/PEC1/pec_look_ahead_arbiter_4_898.dqdimacs,11,32
./benchmark_tests/afterhqspre/PEC1/pec_look_ahead_arbiter_4_898.dqdimacs,13,31
./benchmark_tests/afterhqspre/PEC1/pec_look_ahead_arbiter_4_898.dqdimacs,20,31
./benchmark_tests/afterhqspre/PEC1/pec_look_ahead_arbiter_4_898.dqdimacs,23,31
./benchmark_tests/afterhqspre/PEC1/pec_look_ahead_arbiter_4_922.dqdimacs,18,30
./benchmark_tests/afterhqspre/PEC1/pec_look_ahead_arbiter_4_922.dqdimacs,19,30
./benchmark_tests/afterhqspre/PEC1/pec_look_ahead_arbiter_4_922.dqdimacs,20,30
./benchmark_tests/afterhqspre/PEC1/pec_look_ahead_arbiter_4_937.dqdimacs,31,32
./benchmark_tests/afterhqspre/PEC1/pec_look_ahead_arbiter_4_937.dqdimacs,32,32
./benchmark_tests/afterhqspre/PEC1/pec_look_ahead_arbiter_4_937.dqdimacs,33,32
./benchmark_tests/afterhqspre/PEC1/pec_look_ahead_arbiter_4_937.dqdimacs,34,32
./benchmark_tests/afterhqspre/PEC1/pec_look_ahead_arbiter_4_942.dqdimacs,21,31
./benchmark_tests/afterhqspre/PEC1/pec_look_ahead_arbiter_4_942.dqdimacs,29,32
./benchmark_tests/afterhqspre/PEC1/pec_look_ahead_arbiter_4_942.dqdimacs,30,31
./benchmark_tests/afterhqspre/PEC1/pec_look_ahead_arbiter_4_942.dqdimacs,31,32
./benchmark_tests/afterhqspre/PEC1/pec_look_ahead_arbiter_4_983.dqdimacs,28,32
./benchmark_tests/afterhqspre/PEC1/pec_look_ahead_arbiter_4_983.dqdimacs,29,32
./benchmark_tests/afterhqspre/PEC1/pec_look_ahead_arbiter_4_983.dqdimacs,30,32
./benchmark_tests/afterhqspre/PEC1/pec_look_ahead_arbiter_4_984.dqdimacs,10,31
./benchmark_tests/afterhqspre/PEC1/pec_look_ahead_arbiter_4_984.dqdimacs,21,32
./benchmark_tests/afterhqspre/PEC1/pec_look_ahead_arbiter_4_984.dqdimacs,23,32
./benchmark_tests/afterhqspre/PEC1/pec_look_ahead_arbiter_4_984.dqdimacs,26,31
./benchmark_tests/afterhqspre/PEC1/pec_look_ahead_arbiter_4_984.dqdimacs,28,31
./benchmark_tests/afterhqspre/PEC1/pec_look_ahead_arbiter_6_100.dqdimacs,6,32
./benchmark_tests/afterhqspre/PEC1/pec_look_ahead_arbiter_6_100.dqdimacs,34,32
./benchmark_tests/afterhqspre/PEC1/pec_look_ahead_arbiter_6_100.dqdimacs,35,32
./benchmark_tests/afterhqspre/PEC1/pec_look_ahead_arbiter_6_100.dqdimacs,36,32
./benchmark_tests/afterhqspre/PEC1/pec_look_ahead_arbiter_6_100.dqdimacs,38,32
./benchmark_tests/afterhqspre/PEC1/pec_look_ahead_arbiter_6_100.dqdimacs,39,32
./benchmark_tests/afterhqspre/PEC1/pec_look_ahead_arbiter_6_103.dqdimacs,2,31
./benchmark_tests/afterhqspre/PEC1/pec_look_ahead_arbiter_6_103.dqdimacs,7,30
./benchmark_tests/afterhqspre/PEC1/pec_look_ahead_arbiter_6_103.dqdimacs,25,30
./benchmark_tests/afterhqspre/PEC1/pec_look_ahead_arbiter_6_103.dqdimacs,26,30
./benchmark_tests/afterhqspre/PEC1/pec_look_ahead_arbiter_6_126.dqdimacs,15,32
./benchmark_tests/afterhqspre/PEC1/pec_look_ahead_arbiter_6_126.dqdimacs,28,32
./benchmark_tests/afterhqspre/PEC1/pec_look_ahead_arbiter_6_126.dqdimacs,29,32
./benchmark_tests/afterhqspre/PEC1/pec_look_ahead_arbiter_6_126.dqdimacs,30,32
./benchmark_tests/afterhqspre/PEC1/pec_look_ahead_arbiter_6_126.dqdimacs,31,32
./benchmark_tests/afterhqspre/PEC1/pec_look_ahead_arbiter_6_129.dqdimacs,5,31
./benchmark_tests/afterhqspre/PEC1/pec_look_ahead_arbiter_6_129.dqdimacs,7,31
./benchmark_tests/afterhqspre/PEC1/pec_look_ahead_arbiter_6_129.dqdimacs,10,31
./benchmark_tests/afterhqspre/PEC1/pec_look_ahead_arbiter_6_129.dqdimacs,28,31
./benchmark_tests/afterhqspre/PEC1/pec_look_ahead_arbiter_6_129.dqdimacs,30,31
./benchmark_tests/afterhqspre/PEC1/pec_look_ahead_arbiter_6_129.dqdimacs,31,31
./benchmark_tests/afterhqspre/PEC1/pec_look_ahead_arbiter_6_165.dqdimacs,15,32
./benchmark_tests/afterhqspre/PEC1/pec_look_ahead_arbiter_6_165.dqdimacs,16,32
./benchmark_tests/afterhqspre/PEC1/pec_look_ahead_arbiter_6_165.dqdimacs,19,32
./benchmark_tests/afterhqspre/PEC1/pec_look_ahead_arbiter_6_165.dqdimacs,23,32
./benchmark_tests/afterhqspre/PEC1/pec_look_ahead_arbiter_6_165.dqdimacs,26,32
./benchmark_tests/afterhqspre/PEC1/pec_look_ahead_arbiter_6_165.dqdimacs,29,32
./benchmark_tests/afterhqspre/PEC1/pec_look_ahead_arbiter_6_178.dqdimacs,31,33
./benchmark_tests/afterhqspre/PEC1/pec_look_ahead_arbiter_6_178.dqdimacs,34,33
./benchmark_tests/afterhqspre/PEC1/pec_look_ahead_arbiter_6_178.dqdimacs,36,33
./benchmark_tests/afterhqspre/PEC1/pec_look_ahead_arbiter_6_178.dqdimacs,37,32
./benchmark_tests/afterhqspre/PEC1/pec_look_ahead_arbiter_6_178.dqdimacs,38,33
./benchmark_tests/afterhqspre/PEC1/pec_look_ahead_arbiter_6_178.dqdimacs,39,33
./benchmark_tests/afterhqspre/PEC1/pec_look_ahead_arbiter_6_178.dqdimacs,40,33
./benchmark_tests/afterhqspre/PEC1/pec_look_ahead_arbiter_6_182.dqdimacs,9,32
./benchmark_tests/afterhqspre/PEC1/pec_look_ahead_arbiter_6_182.dqdimacs,14,31
./benchmark_tests/afterhqspre/PEC1/pec_look_ahead_arbiter_6_182.dqdimacs,21,31
./benchmark_tests/afterhqspre/PEC1/pec_look_ahead_arbiter_6_182.dqdimacs,27,32
./benchmark_tests/afterhqspre/PEC1/pec_look_ahead_arbiter_6_182.dqdimacs,28,31
./benchmark_tests/afterhqspre/PEC1/pec_look_ahead_arbiter_6_182.dqdimacs,31,31
./benchmark_tests/afterhqspre/PEC1/pec_look_ahead_arbiter_6_191.dqdimacs,13,31
./benchmark_tests/afterhqspre/PEC1/pec_look_ahead_arbiter_6_191.dqdimacs,28,31
./benchmark_tests/afterhqspre/PEC1/pec_look_ahead_arbiter_6_191.dqdimacs,31,31
./benchmark_tests/afterhqspre/PEC1/pec_look_ahead_arbiter_6_191.dqdimacs,32,31
./benchmark_tests/afterhqspre/PEC1/pec_look_ahead_arbiter_6_191.dqdimacs,33,31
./benchmark_tests/afterhqspre/PEC1/pec_look_ahead_arbiter_6_191.dqdimacs,34,30
./benchmark_tests/afterhqspre/PEC1/pec_look_ahead_arbiter_6_215.dqdimacs,20,31
./benchmark_tests/afterhqspre/PEC1/pec_look_ahead_arbiter_6_215.dqdimacs,22,31
./benchmark_tests/afterhqspre/PEC1/pec_look_ahead_arbiter_6_215.dqdimacs,23,31
./benchmark_tests/afterhqspre/PEC1/pec_look_ahead_arbiter_6_215.dqdimacs,24,31
./benchmark_tests/afterhqspre/PEC1/pec_look_ahead_arbiter_6_215.dqdimacs,29,30
./benchmark_tests/afterhqspre/PEC1/pec_look_ahead_arbiter_6_233.dqdimacs,23,32
./benchmark_tests/afterhqspre/PEC1/pec_look_ahead_arbiter_6_233.dqdimacs,27,32
./benchmark_tests/afterhqspre/PEC1/pec_look_ahead_arbiter_6_233.dqdimacs,29,32
./benchmark_tests/afterhqspre/PEC1/pec_look_ahead_arbiter_6_233.dqdimacs,33,32
./benchmark_tests/afterhqspre/PEC1/pec_look_ahead_arbiter_6_233.dqdimacs,34,32
./benchmark_tests/afterhqspre/PEC1/pec_look_ahead_arbiter_6_233.dqdimacs,35,32
./benchmark_tests/afterhqspre/PEC1/pec_look_ahead_arbiter_6_246.dqdimacs,9,30
./benchmark_tests/afterhqspre/PEC1/pec_look_ahead_arbiter_6_246.dqdimacs,16,30
./benchmark_tests/afterhqspre/PEC1/pec_look_ahead_arbiter_6_25.dqdimacs,2,34
./benchmark_tests/afterhqspre/PEC1/pec_look_ahead_arbiter_6_25.dqdimacs,36,33
./benchmark_tests/afterhqspre/PEC1/pec_look_ahead_arbiter_6_25.dqdimacs,37,33
./benchmark_tests/afterhqspre/PEC1/pec_look_ahead_arbiter_6_25.dqdimacs,38,33
./benchmark_tests/afterhqspre/PEC1/pec_look_ahead_arbiter_6_25.dqdimacs,39,33
./benchmark_tests/afterhqspre/PEC1/pec_look_ahead_arbiter_6_25.dqdimacs,40,33
./benchmark_tests/afterhqspre/PEC1/pec_look_ahead_arbiter_6_277.dqdimacs,6,33
./benchmark_tests/afterhqspre/PEC1/pec_look_ahead_arbiter_6_277.dqdimacs,33,32
./benchmark_tests/afterhqspre/PEC1/pec_look_ahead_arbiter_6_277.dqdimacs,34,32
./benchmark_tests/afterhqspre/PEC1/pec_look_ahead_arbiter_6_277.dqdimacs,35,32
./benchmark_tests/afterhqspre/PEC1/pec_look_ahead_arbiter_6_277.dqdimacs,36,32
./benchmark_tests/afterhqspre/PEC1/pec_look_ahead_arbiter_6_277.dqdimacs,37,32
./benchmark_tests/afterhqspre/PEC1/pec_look_ahead_arbiter_6_277.dqdimacs,38,32
./benchmark_tests/afterhqspre/PEC1/pec_look_ahead_arbiter_6_292.dqdimacs,12,34
./benchmark_tests/afterhqspre/PEC1/pec_look_ahead_arbiter_6_292.dqdimacs,33,33
./benchmark_tests/afterhqspre/PEC1/pec_look_ahead_arbiter_6_292.dqdimacs,34,33
./benchmark_tests/afterhqspre/PEC1/pec_look_ahead_arbiter_6_292.dqdimacs,35,33
./benchmark_tests/afterhqspre/PEC1/pec_look_ahead_arbiter_6_292.dqdimacs,36,33
./benchmark_tests/afterhqspre/PEC1/pec_look_ahead_arbiter_6_30.dqdimacs,2,32
./benchmark_tests/afterhqspre/PEC1/pec_look_ahead_arbiter_6_30.dqdimacs,23,32
./benchmark_tests/afterhqspre/PEC1/pec_look_ahead_arbiter_6_30.dqdimacs,24,32
./benchmark_tests/afterhqspre/PEC1/pec_look_ahead_arbiter_6_30.dqdimacs,25,32
./benchmark_tests/afterhqspre/PEC1/pec_look_ahead_arbiter_6_30.dqdimacs,26,32
./benchmark_tests/afterhqspre/PEC1/pec_look_ahead_arbiter_6_30.dqdimacs,30,31
./benchmark_tests/afterhqspre/PEC1/pec_look_ahead_arbiter_6_310.dqdimacs,37,33
./benchmark_tests/afterhqspre/PEC1/pec_look_ahead_arbiter_6_310.dqdimacs,38,33
./benchmark_tests/afterhqspre/PEC1/pec_look_ahead_arbiter_6_310.dqdimacs,39,33
./benchmark_tests/afterhqspre/PEC1/pec_look_ahead_arbiter_6_310.dqdimacs,40,33
./benchmark_tests/afterhqspre/PEC1/pec_look_ahead_arbiter_6_310.dqdimacs,41,33
./benchmark_tests/afterhqspre/PEC1/pec_look_ahead_arbiter_6_310.dqdimacs,42,33
./benchmark_tests/afterhqspre/PEC1/pec_look_ahead_arbiter_6_312.dqdimacs,30,32
./benchmark_tests/afterhqspre/PEC1/pec_look_ahead_arbiter_6_312.dqdimacs,32,32
./benchmark_tests/afterhqspre/PEC1/pec_look_ahead_arbiter_6_312.dqdimacs,33,32
./benchmark_tests/afterhqspre/PEC1/pec_look_ahead_arbiter_6_312.dqdimacs,34,32
./benchmark_tests/afterhqspre/PEC1/pec_look_ahead_arbiter_6_312.dqdimacs,35,32
./benchmark_tests/afterhqspre/PEC1/pec_look_ahead_arbiter_6_312.dqdimacs,38,32
./benchmark_tests/afterhqspre/PEC1/pec_look_ahead_arbiter_6_315.dqdimacs,31,33
./benchmark_tests/afterhqspre/PEC1/pec_look_ahead_arbiter_6_315.dqdimacs,32,32
./benchmark_tests/afterhqspre/PEC1/pec_look_ahead_arbiter_6_315.dqdimacs,33,32
./benchmark_tests/afterhqspre/PEC1/pec_look_ahead_arbiter_6_315.dqdimacs,34,32
./benchmark_tests/afterhqspre/PEC1/pec_look_ahead_arbiter_6_315.dqdimacs,35,32
./benchmark_tests/afterhqspre/PEC1/pec_look_ahead_arbiter_6_31.dqdimacs,4,32
./benchmark_tests/afterhqspre/PEC1/pec_look_ahead_arbiter_6_31.dqdimacs,6,32
./benchmark_tests/afterhqspre/PEC1/pec_look_ahead_arbiter_6_31.dqdimacs,28,33
./benchmark_tests/afterhqspre/PEC1/pec_look_ahead_arbiter_6_31.dqdimacs,29,32
./benchmark_tests/afterhqspre/PEC1/pec_look_ahead_arbiter_6_31.dqdimacs,30,32
./benchmark_tests/afterhqspre/PEC1/pec_look_ahead_arbiter_6_335.dqdimacs,31,33
./benchmark_tests/afterhqspre/PEC1/pec_look_ahead_arbiter_6_335.dqdimacs,32,33
./benchmark_tests/afterhqspre/PEC1/pec_look_ahead_arbiter_6_335.dqdimacs,33,33
./benchmark_tests/afterhqspre/PEC1/pec_look_ahead_arbiter_6_335.dqdimacs,34,33
./benchmark_tests/afterhqspre/PEC1/pec_look_ahead_arbiter_6_335.dqdimacs,36,32
./benchmark_tests/afterhqspre/PEC1/pec_look_ahead_arbiter_6_33.dqdimacs,18,31
./benchmark_tests/afterhqspre/PEC1/pec_look_ahead_arbiter_6_33.dqdimacs,27,31
./benchmark_tests/afterhqspre/PEC1/pec_look_ahead_arbiter_6_33.dqdimacs,28,31
./benchmark_tests/afterhqspre/PEC1/pec_look_ahead_arbiter_6_33.dqdimacs,29,31
./benchmark_tests/afterhqspre/PEC1/pec_look_ahead_arbiter_6_33.dqdimacs,31,30
./benchmark_tests/afterhqspre/PEC1/pec_look_ahead_arbiter_6_344.dqdimacs,19,32
./benchmark_tests/afterhqspre/PEC1/pec_look_ahead_arbiter_6_344.dqdimacs,35,32
./benchmark_tests/afterhqspre/PEC1/pec_look_ahead_arbiter_6_344.dqdimacs,36,32
./benchmark_tests/afterhqspre/PEC1/pec_look_ahead_arbiter_6_399.dqdimacs,5,30
./benchmark_tests/afterhqspre/PEC1/pec_look_ahead_arbiter_6_399.dqdimacs,15,30
./benchmark_tests/afterhqspre/PEC1/pec_look_ahead_arbiter_6_399.dqdimacs,23,29
./benchmark_tests/afterhqspre/PEC1/pec_look_ahead_arbiter_6_399.dqdimacs,26,29
./benchmark_tests/afterhqspre/PEC1/pec_look_ahead_arbiter_6_405.dqdimacs,5,33
./benchmark_tests/afterhqspre/PEC1/pec_look_ahead_arbiter_6_405.dqdimacs,33,32
./benchmark_tests/afterhqspre/PEC1/pec_look_ahead_arbiter_6_405.dqdimacs,34,32
./benchmark_tests/afterhqspre/PEC1/pec_look_ahead_arbiter_6_405.dqdimacs,35,32
./benchmark_tests/afterhqspre/PEC1/pec_look_ahead_arbiter_6_405.dqdimacs,36,32
./benchmark_tests/afterhqspre/PEC1/pec_look_ahead_arbiter_6_405.dqdimacs,37,32
./benchmark_tests/afterhqspre/PEC1/pec_look_ahead_arbiter_6_40.dqdimacs,10,32
./benchmark_tests/afterhqspre/PEC1/pec_look_ahead_arbiter_6_40.dqdimacs,11,31
./benchmark_tests/afterhqspre/PEC1/pec_look_ahead_arbiter_6_40.dqdimacs,31,31
./benchmark_tests/afterhqspre/PEC1/pec_look_ahead_arbiter_6_40.dqdimacs,34,31
./benchmark_tests/afterhqspre/PEC1/pec_look_ahead_arbiter_6_40.dqdimacs,35,31
./benchmark_tests/afterhqspre/PEC1/pec_look_ahead_arbiter_6_40.dqdimacs,36,31
./benchmark_tests/afterhqspre/PEC1/pec_look_ahead_arbiter_6_415.dqdimacs,12,31
./benchmark_tests/afterhqspre/PEC1/pec_look_ahead_arbiter_6_415.dqdimacs,22,31
./benchmark_tests/afterhqspre/PEC1/pec_look_ahead_arbiter_6_415.dqdimacs,23,30
./benchmark_tests/afterhqspre/PEC1/pec_look_ahead_arbiter_6_415.dqdimacs,24,30
./benchmark_tests/afterhqspre/PEC1/pec_look_ahead_arbiter_6_422.dqdimacs,31,33
./benchmark_tests/afterhqspre/PEC1/pec_look_ahead_arbiter_6_422.dqdimacs,32,32
./benchmark_tests/afterhqspre/PEC1/pec_look_ahead_arbiter_6_422.dqdimacs,33,32
./benchmark_tests/afterhqspre/PEC1/pec_look_ahead_arbiter_6_422.dqdimacs,34,32
./benchmark_tests/afterhqspre/PEC1/pec_look_ahead_arbiter_6_422.dqdimacs,36,32
./benchmark_tests/afterhqspre/PEC1/pec_look_ahead_arbiter_6_435.dqdimacs,18,32
./benchmark_tests/afterhqspre/PEC1/pec_look_ahead_arbiter_6_435.dqdimacs,29,31
./benchmark_tests/afterhqspre/PEC1/pec_look_ahead_arbiter_6_435.dqdimacs,35,31
./benchmark_tests/afterhqspre/PEC1/pec_look_ahead_arbiter_6_435.dqdimacs,36,31
./benchmark_tests/afterhqspre/PEC1/pec_look_ahead_arbiter_6_435.dqdimacs,37,31
./benchmark_tests/afterhqspre/PEC1/pec_look_ahead_arbiter_6_435.dqdimacs,38,31
./benchmark_tests/afterhqspre/PEC1/pec_look_ahead_arbiter_6_448.dqdimacs,32,34
./benchmark_tests/afterhqspre/PEC1/pec_look_ahead_arbiter_6_448.dqdimacs,34,34
./benchmark_tests/afterhqspre/PEC1/pec_look_ahead_arbiter_6_448.dqdimacs,35,33
./benchmark_tests/afterhqspre/PEC1/pec_look_ahead_arbiter_6_448.dqdimacs,36,33
./benchmark_tests/afterhqspre/PEC1/pec_look_ahead_arbiter_6_448.dqdimacs,37,33
./benchmark_tests/afterhqspre/PEC1/pec_look_ahead_arbiter_6_448.dqdimacs,38,33
./benchmark_tests/afterhqspre/PEC1/pec_look_ahead_arbiter_6_464.dqdimacs,22,35
./benchmark_tests/afterhqspre/PEC1/pec_look_ahead_arbiter_6_464.dqdimacs,41,36
./benchmark_tests/afterhqspre/PEC1/pec_look_ahead_arbiter_6_464.dqdimacs,42,35
./benchmark_tests/afterhqspre/PEC1/pec_look_ahead_arbiter_6_464.dqdimacs,43,35
./benchmark_tests/afterhqspre/PEC1/pec_look_ahead_arbiter_6_464.dqdimacs,44,35
./benchmark_tests/afterhqspre/PEC1/pec_look_ahead_arbiter_6_464.dqdimacs,45,35
./benchmark_tests/afterhqspre/PEC1/pec_look_ahead_arbiter_6_464.dqdimacs,46,35
./benchmark_tests/afterhqspre/PEC1/pec_look_ahead_arbiter_6_466.dqdimacs,5,32
./benchmark_tests/afterhqspre/PEC1/pec_look_ahead_arbiter_6_466.dqdimacs,25,31
./benchmark_tests/afterhqspre/PEC1/pec_look_ahead_arbiter_6_466.dqdimacs,26,31
./benchmark_tests/afterhqspre/PEC1/pec_look_ahead_arbiter_6_466.dqdimacs,27,31
./benchmark_tests/afterhqspre/PEC1/pec_look_ahead_arbiter_6_466.dqdimacs,28,31
./benchmark_tests/afterhqspre/PEC1/pec_look_ahead_arbiter_6_483.dqdimacs,10,33
./benchmark_tests/afterhqspre/PEC1/pec_look_ahead_arbiter_6_483.dqdimacs,17,33
./benchmark_tests/afterhqspre/PEC1/pec_look_ahead_arbiter_6_483.dqdimacs,36,33
./benchmark_tests/afterhqspre/PEC1/pec_look_ahead_arbiter_6_483.dqdimacs,37,32
./benchmark_tests/afterhqspre/PEC1/pec_look_ahead_arbiter_6_483.dqdimacs,38,33
./benchmark_tests/afterhqspre/PEC1/pec_look_ahead_arbiter_6_487.dqdimacs,29,31
./benchmark_tests/afterhqspre/PEC1/pec_look_ahead_arbiter_6_487.dqdimacs,38,32
./benchmark_tests/afterhqspre/PEC1/pec_look_ahead_arbiter_6_494.dqdimacs,2,32
./benchmark_tests/afterhqspre/PEC1/pec_look_ahead_arbiter_6_494.dqdimacs,8,32
./benchmark_tests/afterhqspre/PEC1/pec_look_ahead_arbiter_6_494.dqdimacs,26,32
./benchmark_tests/afterhqspre/PEC1/pec_look_ahead_arbiter_6_494.dqdimacs,29,32
./benchmark_tests/afterhqspre/PEC1/pec_look_ahead_arbiter_6_494.dqdimacs,30,32
./benchmark_tests/afterhqspre/PEC1/pec_look_ahead_arbiter_6_494.dqdimacs,31,33
./benchmark_tests/afterhqspre/PEC1/pec_look_ahead_arbiter_6_499.dqdimacs,25,33
./benchmark_tests/afterhqspre/PEC1/pec_look_ahead_arbiter_6_499.dqdimacs,33,34
./benchmark_tests/afterhqspre/PEC1/pec_look_ahead_arbiter_6_499.dqdimacs,34,34
./benchmark_tests/afterhqspre/PEC1/pec_look_ahead_arbiter_6_499.dqdimacs,35,34
./benchmark_tests/afterhqspre/PEC1/pec_look_ahead_arbiter_6_499.dqdimacs,36,34
./benchmark_tests/afterhqspre/PEC1/pec_look_ahead_arbiter_6_499.dqdimacs,37,33
./benchmark_tests/afterhqspre/PEC1/pec_look_ahead_arbiter_6_502.dqdimacs,35,32
./benchmark_tests/afterhqspre/PEC1/pec_look_ahead_arbiter_6_502.dqdimacs,36,32
./benchmark_tests/afterhqspre/PEC1/pec_look_ahead_arbiter_6_502.dqdimacs,37,32
./benchmark_tests/afterhqspre/PEC1/pec_look_ahead_arbiter_6_502.dqdimacs,38,32
./benchmark_tests/afterhqspre/PEC1/pec_look_ahead_arbiter_6_502.dqdimacs,39,32
./benchmark_tests/afterhqspre/PEC1/pec_look_ahead_arbiter_6_506.dqdimacs,2,32
./benchmark_tests/afterhqspre/PEC1/pec_look_ahead_arbiter_6_506.dqdimacs,27,31
./benchmark_tests/afterhqspre/PEC1/pec_look_ahead_arbiter_6_506.dqdimacs,33,31
./benchmark_tests/afterhqspre/PEC1/pec_look_ahead_arbiter_6_506.dqdimacs,34,31
./benchmark_tests/afterhqspre/PEC1/pec_look_ahead_arbiter_6_506.dqdimacs,35,31
./benchmark_tests/afterhqspre/PEC1/pec_look_ahead_arbiter_6_506.dqdimacs,36,31
./benchmark_tests/afterhqspre/PEC1/pec_look_ahead_arbiter_6_526.dqdimacs,13,32
./benchmark_tests/afterhqspre/PEC1/pec_look_ahead_arbiter_6_526.dqdimacs,24,31
./benchmark_tests/afterhqspre/PEC1/pec_look_ahead_arbiter_6_526.dqdimacs,26,32
./benchmark_tests/afterhqspre/PEC1/pec_look_ahead_arbiter_6_526.dqdimacs,30,31
./benchmark_tests/afterhqspre/PEC1/pec_look_ahead_arbiter_6_526.dqdimacs,31,31
./benchmark_tests/afterhqspre/PEC1/pec_look_ahead_arbiter_6_526.dqdimacs,34,31
./benchmark_tests/afterhqspre/PEC1/pec_look_ahead_arbiter_6_535.dqdimacs,2,33
./benchmark_tests/afterhqspre/PEC1/pec_look_ahead_arbiter_6_535.dqdimacs,20,32
./benchmark_tests/afterhqspre/PEC1/pec_look_ahead_arbiter_6_535.dqdimacs,26,32
./benchmark_tests/afterhqspre/PEC1/pec_look_ahead_arbiter_6_535.dqdimacs,27,32
./benchmark_tests/afterhqspre/PEC1/pec_look_ahead_arbiter_6_535.dqdimacs,30,32
./benchmark_tests/afterhqspre/PEC1/pec_look_ahead_arbiter_6_541.dqdimacs,13,32
./benchmark_tests/afterhqspre/PEC1/pec_look_ahead_arbiter_6_541.dqdimacs,31,32
./benchmark_tests/afterhqspre/PEC1/pec_look_ahead_arbiter_6_541.dqdimacs,32,32
./benchmark_tests/afterhqspre/PEC1/pec_look_ahead_arbiter_6_541.dqdimacs,33,32
./benchmark_tests/afterhqspre/PEC1/pec_look_ahead_arbiter_6_541.dqdimacs,34,32
./benchmark_tests/afterhqspre/PEC1/pec_look_ahead_arbiter_6_561.dqdimacs,11,34
./benchmark_tests/afterhqspre/PEC1/pec_look_ahead_arbiter_6_561.dqdimacs,28,33
./benchmark_tests/afterhqspre/PEC1/pec_look_ahead_arbiter_6_561.dqdimacs,31,33
./benchmark_tests/afterhqspre/PEC1/pec_look_ahead_arbiter_6_561.dqdimacs,32,33
./benchmark_tests/afterhqspre/PEC1/pec_look_ahead_arbiter_6_561.dqdimacs,33,33
./benchmark_tests/afterhqspre/PEC1/pec_look_ahead_arbiter_6_561.dqdimacs,34,33
./benchmark_tests/afterhqspre/PEC1/pec_look_ahead_arbiter_6_600.dqdimacs,27,32
./benchmark_tests/afterhqspre/PEC1/pec_look_ahead_arbiter_6_600.dqdimacs,28,32
./benchmark_tests/afterhqspre/PEC1/pec_look_ahead_arbiter_6_600.dqdimacs,31,32
./benchmark_tests/afterhqspre/PEC1/pec_look_ahead_arbiter_6_600.dqdimacs,32,32
./benchmark_tests/afterhqspre/PEC1/pec_look_ahead_arbiter_6_605.dqdimacs,22,32
./benchmark_tests/afterhqspre/PEC1/pec_look_ahead_arbiter_6_605.dqdimacs,30,32
./benchmark_tests/afterhqspre/PEC1/pec_look_ahead_arbiter_6_605.dqdimacs,33,31
./benchmark_tests/afterhqspre/PEC1/pec_look_ahead_arbiter_6_605.dqdimacs,35,32
./benchmark_tests/afterhqspre/PEC1/pec_look_ahead_arbiter_6_619.dqdimacs,37,35
./benchmark_tests/afterhqspre/PEC1/pec_look_ahead_arbiter_6_619.dqdimacs,38,35
./benchmark_tests/afterhqspre/PEC1/pec_look_ahead_arbiter_6_619.dqdimacs,39,34
./benchmark_tests/afterhqspre/PEC1/pec_look_ahead_arbiter_6_619.dqdimacs,40,34
./benchmark_tests/afterhqspre/PEC1/pec_look_ahead_arbiter_6_619.dqdimacs,41,34
./benchmark_tests/afterhqspre/PEC1/pec_look_ahead_arbiter_6_619.dqdimacs,42,34
./benchmark_tests/afterhqspre/PEC1/pec_look_ahead_arbiter_6_619.dqdimacs,43,34
./benchmark_tests/afterhqspre/PEC1/pec_look_ahead_arbiter_6_621.dqdimacs,2,30
./benchmark_tests/afterhqspre/PEC1/pec_look_ahead_arbiter_6_621.dqdimacs,15,30
./benchmark_tests/afterhqspre/PEC1/pec_look_ahead_arbiter_6_629.dqdimacs,22,32
./benchmark_tests/afterhqspre/PEC1/pec_look_ahead_arbiter_6_629.dqdimacs,30,32
./benchmark_tests/afterhqspre/PEC1/pec_look_ahead_arbiter_6_629.dqdimacs,31,32
./benchmark_tests/afterhqspre/PEC1/pec_look_ahead_arbiter_6_629.dqdimacs,32,32
./benchmark_tests/afterhqspre/PEC1/pec_look_ahead_arbiter_6_641.dqdimacs,27,33
./benchmark_tests/afterhqspre/PEC1/pec_look_ahead_arbiter_6_641.dqdimacs,31,32
./benchmark_tests/afterhqspre/PEC1/pec_look_ahead_arbiter_6_641.dqdimacs,32,32
./benchmark_tests/afterhqspre/PEC1/pec_look_ahead_arbiter_6_641.dqdimacs,34,32
./benchmark_tests/afterhqspre/PEC1/pec_look_ahead_arbiter_6_641.dqdimacs,35,32
./benchmark_tests/afterhqspre/PEC1/pec_look_ahead_arbiter_6_641.dqdimacs,36,32
./benchmark_tests/afterhqspre/PEC1/pec_look_ahead_arbiter_6_65.dqdimacs,15,34
./benchmark_tests/afterhqspre/PEC1/pec_look_ahead_arbiter_6_65.dqdimacs,38,33
./benchmark_tests/afterhqspre/PEC1/pec_look_ahead_arbiter_6_65.dqdimacs,39,33
./benchmark_tests/afterhqspre/PEC1/pec_look_ahead_arbiter_6_65.dqdimacs,40,32
./benchmark_tests/afterhqspre/PEC1/pec_look_ahead_arbiter_6_65.dqdimacs,41,33
./benchmark_tests/afterhqspre/PEC1/pec_look_ahead_arbiter_6_65.dqdimacs,42,33
./benchmark_tests/afterhqspre/PEC1/pec_look_ahead_arbiter_6_66.dqdimacs,31,33
./benchmark_tests/afterhqspre/PEC1/pec_look_ahead_arbiter_6_66.dqdimacs,32,32
./benchmark_tests/afterhqspre/PEC1/pec_look_ahead_arbiter_6_66.dqdimacs,33,32
./benchmark_tests/afterhqspre/PEC1/pec_look_ahead_arbiter_6_66.dqdimacs,34,32
./benchmark_tests/afterhqspre/PEC1/pec_look_ahead_arbiter_6_66.dqdimacs,36,32
./benchmark_tests/afterhqspre/PEC1/pec_look_ahead_arbiter_6_696.dqdimacs,19,32
./benchmark_tests/afterhqspre/PEC1/pec_look_ahead_arbiter_6_696.dqdimacs,30,32
./benchmark_tests/afterhqspre/PEC1/pec_look_ahead_arbiter_6_696.dqdimacs,31,32
./benchmark_tests/afterhqspre/PEC1/pec_look_ahead_arbiter_6_697.dqdimacs,7,33
./benchmark_tests/afterhqspre/PEC1/pec_look_ahead_arbiter_6_697.dqdimacs,10,33
./benchmark_tests/afterhqspre/PEC1/pec_look_ahead_arbiter_6_697.dqdimacs,13,33
./benchmark_tests/afterhqspre/PEC1/pec_look_ahead_arbiter_6_697.dqdimacs,32,33
./benchmark_tests/afterhqspre/PEC1/pec_look_ahead_arbiter_6_697.dqdimacs,33,33
./benchmark_tests/afterhqspre/PEC1/pec_look_ahead_arbiter_6_697.dqdimacs,34,33
./benchmark_tests/afterhqspre/PEC1/pec_look_ahead_arbiter_6_726.dqdimacs,5,31
./benchmark_tests/afterhqspre/PEC1/pec_look_ahead_arbiter_6_726.dqdimacs,11,31
./benchmark_tests/afterhqspre/PEC1/pec_look_ahead_arbiter_6_726.dqdimacs,14,31
./benchmark_tests/afterhqspre/PEC1/pec_look_ahead_arbiter_6_726.dqdimacs,21,31
./benchmark_tests/afterhqspre/PEC1/pec_look_ahead_arbiter_6_726.dqdimacs,23,31
./benchmark_tests/afterhqspre/PEC1/pec_look_ahead_arbiter_6_726.dqdimacs,24,31
./benchmark_tests/afterhqspre/PEC1/pec_look_ahead_arbiter_6_730.dqdimacs,2,31
./benchmark_tests/afterhqspre/PEC1/pec_look_ahead_arbiter_6_730.dqdimacs,15,30
./benchmark_tests/afterhqspre/PEC1/pec_look_ahead_arbiter_6_730.dqdimacs,18,30
./benchmark_tests/afterhqspre/PEC1/pec_look_ahead_arbiter_6_730.dqdimacs,20,30
./benchmark_tests/afterhqspre/PEC1/pec_look_ahead_arbiter_6_730.dqdimacs,23,30
./benchmark_tests/afterhqspre/PEC1/pec_look_ahead_arbiter_6_730.dqdimacs,26,30
./benchmark_tests/afterhqspre/PEC1/pec_look_ahead_arbiter_6_739.dqdimacs,19,32
./benchmark_tests/afterhqspre/PEC1/pec_look_ahead_arbiter_6_739.dqdimacs,25,32
./benchmark_tests/afterhqspre/PEC1/pec_look_ahead_arbiter_6_739.dqdimacs,27,32
./benchmark_tests/afterhqspre/PEC1/pec_look_ahead_arbiter_6_739.dqdimacs,28,32
./benchmark_tests/afterhqspre/PEC1/pec_look_ahead_arbiter_6_739.dqdimacs,33,32
./benchmark_tests/afterhqspre/PEC1/pec_look_ahead_arbiter_6_739.dqdimacs,34,32
./benchmark_tests/afterhqspre/PEC1/pec_look_ahead_arbiter_6_73.dqdimacs,37,35
./benchmark_tests/afterhqspre/PEC1/pec_look_ahead_arbiter_6_73.dqdimacs,38,35
./benchmark_tests/afterhqspre/PEC1/pec_look_ahead_arbiter_6_73.dqdimacs,39,34
./benchmark_tests/afterhqspre/PEC1/pec_look_ahead_arbiter_6_73.dqdimacs,40,34
./benchmark_tests/afterhqspre/PEC1/pec_look_ahead_arbiter_6_73.dqdimacs,41,34
./benchmark_tests/afterhqspre/PEC1/pec_look_ahead_arbiter_6_73.dqdimacs,42,34
./benchmark_tests/afterhqspre/PEC1/pec_look_ahead_arbiter_6_75.dqdimacs,7,32
./benchmark_tests/afterhqspre/PEC1/pec_look_ahead_arbiter_6_75.dqdimacs,26,32
./benchmark_tests/afterhqspre/PEC1/pec_look_ahead_arbiter_6_75.dqdimacs,29,32
./benchmark_tests/afterhqspre/PEC1/pec_look_ahead_arbiter_6_75.dqdimacs,30,32
./benchmark_tests/afterhqspre/PEC1/pec_look_ahead_arbiter_6_75.dqdimacs,34,32
./benchmark_tests/afterhqspre/PEC1/pec_look_ahead_arbiter_6_75.dqdimacs,35,32
./benchmark_tests/afterhqspre/PEC1/pec_look_ahead_arbiter_6_763.dqdimacs,15,31
./benchmark_tests/afterhqspre/PEC1/pec_look_ahead_arbiter_6_763.dqdimacs,26,31
./benchmark_tests/afterhqspre/PEC1/pec_look_ahead_arbiter_6_763.dqdimacs,31,31
./benchmark_tests/afterhqspre/PEC1/pec_look_ahead_arbiter_6_763.dqdimacs,33,31
./benchmark_tests/afterhqspre/PEC1/pec_look_ahead_arbiter_6_763.dqdimacs,36,31
./benchmark_tests/afterhqspre/PEC1/pec_look_ahead_arbiter_6_763.dqdimacs,37,31
./benchmark_tests/afterhqspre/PEC1/pec_look_ahead_arbiter_6_774.dqdimacs,35,33
./benchmark_tests/afterhqspre/PEC1/pec_look_ahead_arbiter_6_774.dqdimacs,38,33
./benchmark_tests/afterhqspre/PEC1/pec_look_ahead_arbiter_6_774.dqdimacs,40,33
./benchmark_tests/afterhqspre/PEC1/pec_look_ahead_arbiter_6_774.dqdimacs,41,33
./benchmark_tests/afterhqspre/PEC1/pec_look_ahead_arbiter_6_774.dqdimacs,42,33
./benchmark_tests/afterhqspre/PEC1/pec_look_ahead_arbiter_6_774.dqdimacs,43,33
./benchmark_tests/afterhqspre/PEC1/pec_look_ahead_arbiter_6_797.dqdimacs,18,32
./benchmark_tests/afterhqspre/PEC1/pec_look_ahead_arbiter_6_797.dqdimacs,26,32
./benchmark_tests/afterhqspre/PEC1/pec_look_ahead_arbiter_6_797.dqdimacs,27,33
./benchmark_tests/afterhqspre/PEC1/pec_look_ahead_arbiter_6_797.dqdimacs,28,32
./benchmark_tests/afterhqspre/PEC1/pec_look_ahead_arbiter_6_797.dqdimacs,31,32
./benchmark_tests/afterhqspre/PEC1/pec_look_ahead_arbiter_6_804.dqdimacs,11,31
./benchmark_tests/afterhqspre/PEC1/pec_look_ahead_arbiter_6_804.dqdimacs,28,30
./benchmark_tests/afterhqspre/PEC1/pec_look_ahead_arbiter_6_804.dqdimacs,29,30
./benchmark_tests/afterhqspre/PEC1/pec_look_ahead_arbiter_6_804.dqdimacs,30,30
./benchmark_tests/afterhqspre/PEC1/pec_look_ahead_arbiter_6_81.dqdimacs,10,31
./benchmark_tests/afterhqspre/PEC1/pec_look_ahead_arbiter_6_81.dqdimacs,15,31
./benchmark_tests/afterhqspre/PEC1/pec_look_ahead_arbiter_6_81.dqdimacs,17,31
./benchmark_tests/afterhqspre/PEC1/pec_look_ahead_arbiter_6_81.dqdimacs,27,31
./benchmark_tests/afterhqspre/PEC1/pec_look_ahead_arbiter_6_833.dqdimacs,2,31
./benchmark_tests/afterhqspre/PEC1/pec_look_ahead_arbiter_6_833.dqdimacs,4,30
./benchmark_tests/afterhqspre/PEC1/pec_look_ahead_arbiter_6_833.dqdimacs,31,31
./benchmark_tests/afterhqspre/PEC1/pec_look_ahead_arbiter_6_833.dqdimacs,32,30
./benchmark_tests/afterhqspre/PEC1/pec_look_ahead_arbiter_6_843.dqdimacs,20,33
./benchmark_tests/afterhqspre/PEC1/pec_look_ahead_arbiter_6_843.dqdimacs,26,32
./benchmark_tests/afterhqspre/PEC1/pec_look_ahead_arbiter_6_843.dqdimacs,28,32
./benchmark_tests/afterhqspre/PEC1/pec_look_ahead_arbiter_6_843.dqdimacs,29,32
./benchmark_tests/afterhqspre/PEC1/pec_look_ahead_arbiter_6_843.dqdimacs,30,32
./benchmark_tests/afterhqspre/PEC1/pec_look_ahead_arbiter_6_843.dqdimacs,34,32
./benchmark_tests/afterhqspre/PEC1/pec_look_ahead_arbiter_6_865.dqdimacs,27,32
./benchmark_tests/afterhqspre/PEC1/pec_look_ahead_arbiter_6_865.dqdimacs,28,32
./benchmark_tests/afterhqspre/PEC1/pec_look_ahead_arbiter_6_865.dqdimacs,29,33
./benchmark_tests/afterhqspre/PEC1/pec_look_ahead_arbiter_6_865.dqdimacs,31,32
./benchmark_tests/afterhqspre/PEC1/pec_look_ahead_arbiter_6_865.dqdimacs,32,33
./benchmark_tests/afterhqspre/PEC1/pec_look_ahead_arbiter_6_880.dqdimacs,10,32
./benchmark_tests/afterhqspre/PEC1/pec_look_ahead_arbiter_6_880.dqdimacs,34,32
./benchmark_tests/afterhqspre/PEC1/pec_look_ahead_arbiter_6_880.dqdimacs,35,31
./benchmark_tests/afterhqspre/PEC1/pec_look_ahead_arbiter_6_880.dqdimacs,36,31
./benchmark_tests/afterhqspre/PEC1/pec_look_ahead_arbiter_6_883.dqdimacs,27,32
./benchmark_tests/afterhqspre/PEC1/pec_look_ahead_arbiter_6_883.dqdimacs,28,32
./benchmark_tests/afterhqspre/PEC1/pec_look_ahead_arbiter_6_883.dqdimacs,29,32
./benchmark_tests/afterhqspre/PEC1/pec_look_ahead_arbiter_6_883.dqdimacs,30,32
./benchmark_tests/afterhqspre/PEC1/pec_look_ahead_arbiter_6_883.dqdimacs,31,32
./benchmark_tests/afterhqspre/PEC1/pec_look_ahead_arbiter_6_891.dqdimacs,34,32
./benchmark_tests/afterhqspre/PEC1/pec_look_ahead_arbiter_6_891.dqdimacs,36,31
./benchmark_tests/afterhqspre/PEC1/pec_look_ahead_arbiter_6_891.dqdimacs,37,32
./benchmark_tests/afterhqspre/PEC1/pec_look_ahead_arbiter_6_891.dqdimacs,38,32
./benchmark_tests/afterhqspre/PEC1/pec_look_ahead_arbiter_6_891.dqdimacs,39,32
./benchmark_tests/afterhqspre/PEC1/pec_look_ahead_arbiter_6_891.dqdimacs,40,31
./benchmark_tests/afterhqspre/PEC1/pec_look_ahead_arbiter_6_899.dqdimacs,27,32
./benchmark_tests/afterhqspre/PEC1/pec_look_ahead_arbiter_6_899.dqdimacs,28,32
./benchmark_tests/afterhqspre/PEC1/pec_look_ahead_arbiter_6_899.dqdimacs,29,32
./benchmark_tests/afterhqspre/PEC1/pec_look_ahead_arbiter_6_899.dqdimacs,32,32
./benchmark_tests/afterhqspre/PEC1/pec_look_ahead_arbiter_6_919.dqdimacs,30,30
./benchmark_tests/afterhqspre/PEC1/pec_look_ahead_arbiter_6_921.dqdimacs,23,31
./benchmark_tests/afterhqspre/PEC1/pec_look_ahead_arbiter_6_921.dqdimacs,24,31
./benchmark_tests/afterhqspre/PEC1/pec_look_ahead_arbiter_6_921.dqdimacs,25,30
./benchmark_tests/afterhqspre/PEC1/pec_look_ahead_arbiter_6_921.dqdimacs,28,30
./benchmark_tests/afterhqspre/PEC1/pec_look_ahead_arbiter_6_921.dqdimacs,30,30
./benchmark_tests/afterhqspre/PEC1/pec_look_ahead_arbiter_6_923.dqdimacs,6,32
./benchmark_tests/afterhqspre/PEC1/pec_look_ahead_arbiter_6_923.dqdimacs,19,32
./benchmark_tests/afterhqspre/PEC1/pec_look_ahead_arbiter_6_923.dqdimacs,24,32
./benchmark_tests/afterhqspre/PEC1/pec_look_ahead_arbiter_6_923.dqdimacs,25,32
./benchmark_tests/afterhqspre/PEC1/pec_look_ahead_arbiter_6_923.dqdimacs,26,31
./benchmark_tests/afterhqspre/PEC1/pec_look_ahead_arbiter_6_923.dqdimacs,28,32
./benchmark_tests/afterhqspre/PEC1/pec_look_ahead_arbiter_6_923.dqdimacs,30,32
./benchmark_tests/afterhqspre/PEC1/pec_look_ahead_arbiter_6_924.dqdimacs,30,33
./benchmark_tests/afterhqspre/PEC1/pec_look_ahead_arbiter_6_924.dqdimacs,31,33
./benchmark_tests/afterhqspre/PEC1/pec_look_ahead_arbiter_6_924.dqdimacs,32,33
./benchmark_tests/afterhqspre/PEC1/pec_look_ahead_arbiter_6_924.dqdimacs,33,33
./benchmark_tests/afterhqspre/PEC1/pec_look_ahead_arbiter_6_924.dqdimacs,34,32
./benchmark_tests/afterhqspre/PEC1/pec_look_ahead_arbiter_6_924.dqdimacs,35,32
./benchmark_tests/afterhqspre/PEC1/pec_look_ahead_arbiter_6_938.dqdimacs,29,31
./benchmark_tests/afterhqspre/PEC1/pec_look_ahead_arbiter_6_938.dqdimacs,30,31
./benchmark_tests/afterhqspre/PEC1/pec_look_ahead_arbiter_6_938.dqdimacs,31,31
./benchmark_tests/afterhqspre/PEC1/pec_look_ahead_arbiter_6_939.dqdimacs,23,34
./benchmark_tests/afterhqspre/PEC1/pec_look_ahead_arbiter_6_939.dqdimacs,26,34
./benchmark_tests/afterhqspre/PEC1/pec_look_ahead_arbiter_6_939.dqdimacs,38,34
./benchmark_tests/afterhqspre/PEC1/pec_look_ahead_arbiter_6_939.dqdimacs,39,33
./benchmark_tests/afterhqspre/PEC1/pec_look_ahead_arbiter_6_939.dqdimacs,41,33
./benchmark_tests/afterhqspre/PEC1/pec_look_ahead_arbiter_6_939.dqdimacs,42,34
./benchmark_tests/afterhqspre/PEC1/pec_look_ahead_arbiter_6_956.dqdimacs,27,33
./benchmark_tests/afterhqspre/PEC1/pec_look_ahead_arbiter_6_956.dqdimacs,40,33
./benchmark_tests/afterhqspre/PEC1/pec_look_ahead_arbiter_6_956.dqdimacs,41,32
./benchmark_tests/afterhqspre/PEC1/pec_look_ahead_arbiter_6_956.dqdimacs,42,32
./benchmark_tests/afterhqspre/PEC1/pec_look_ahead_arbiter_6_956.dqdimacs,43,33
./benchmark_tests/afterhqspre/PEC1/pec_look_ahead_arbiter_6_956.dqdimacs,44,32
./benchmark_tests/afterhqspre/PEC1/pec_look_ahead_arbiter_6_95.dqdimacs,17,31
./benchmark_tests/afterhqspre/PEC1/pec_look_ahead_arbiter_6_95.dqdimacs,18,30
./benchmark_tests/afterhqspre/PEC1/pec_look_ahead_arbiter_6_95.dqdimacs,19,30
./benchmark_tests/afterhqspre/PEC1/pec_look_ahead_arbiter_6_95.dqdimacs,20,30
./benchmark_tests/afterhqspre/PEC1/pec_look_ahead_arbiter_6_967.dqdimacs,24,31
./benchmark_tests/afterhqspre/PEC1/pec_look_ahead_arbiter_6_967.dqdimacs,26,31
./benchmark_tests/afterhqspre/PEC1/pec_look_ahead_arbiter_6_967.dqdimacs,27,31
./benchmark_tests/afterhqspre/PEC1/pec_look_ahead_arbiter_6_967.dqdimacs,31,31
./benchmark_tests/afterhqspre/PEC1/pec_look_ahead_arbiter_6_979.dqdimacs,2,31
./benchmark_tests/afterhqspre/PEC1/pec_look_ahead_arbiter_6_979.dqdimacs,14,32
./benchmark_tests/afterhqspre/PEC1/pec_look_ahead_arbiter_6_979.dqdimacs,30,32
./benchmark_tests/afterhqspre/PEC1/pec_look_ahead_arbiter_6_979.dqdimacs,31,32
./benchmark_tests/afterhqspre/PEC1/pec_look_ahead_arbiter_6_979.dqdimacs,32,32
./benchmark_tests/afterhqspre/PEC1/pec_look_ahead_arbiter_6_979.dqdimacs,33,32
./benchmark_tests/afterhqspre/PEC1/pec_look_ahead_arbiter_6_987.dqdimacs,9,33
./benchmark_tests/afterhqspre/PEC1/pec_look_ahead_arbiter_6_987.dqdimacs,32,32
./benchmark_tests/afterhqspre/PEC1/pec_look_ahead_arbiter_6_987.dqdimacs,33,33
./benchmark_tests/afterhqspre/PEC1/pec_look_ahead_arbiter_6_987.dqdimacs,35,32
./benchmark_tests/afterhqspre/PEC1/pec_look_ahead_arbiter_6_987.dqdimacs,36,33
./benchmark_tests/afterhqspre/PEC1/pec_look_ahead_arbiter_6_987.dqdimacs,37,32
./benchmark_tests/afterhqspre/PEC1/pec_look_ahead_arbiter_6_990.dqdimacs,26,32
./benchmark_tests/afterhqspre/PEC1/pec_look_ahead_arbiter_6_990.dqdimacs,27,32
./benchmark_tests/afterhqspre/PEC1/pec_look_ahead_arbiter_6_990.dqdimacs,29,32
./benchmark_tests/afterhqspre/PEC1/pec_look_ahead_arbiter_6_990.dqdimacs,31,32
./benchmark_tests/afterhqspre/PEC1/pec_look_ahead_arbiter_6_990.dqdimacs,33,32
