./benchmark_tests/original/Biere/adder_3_2/pec_adder_3_bit_2_0.dqdimacs,4,312
./benchmark_tests/original/Biere/adder_3_2/pec_adder_3_bit_2_0.dqdimacs,5,263
./benchmark_tests/original/Biere/adder_3_2/pec_adder_3_bit_2_0.dqdimacs,6,265
./benchmark_tests/original/Biere/adder_3_2/pec_adder_3_bit_2_0.dqdimacs,10,266
./benchmark_tests/original/Biere/adder_3_2/pec_adder_3_bit_2_0.dqdimacs,11,267
./benchmark_tests/original/Biere/adder_3_2/pec_adder_3_bit_2_0.dqdimacs,12,256
./benchmark_tests/original/Biere/adder_3_2/pec_adder_3_bit_2_0.dqdimacs,13,228
./benchmark_tests/original/Biere/adder_3_2/pec_adder_3_bit_2_0.dqdimacs,17,200
./benchmark_tests/original/Biere/adder_3_2/pec_adder_3_bit_2_0.dqdimacs,18,173
./benchmark_tests/original/Biere/adder_3_2/pec_adder_3_bit_2_0.dqdimacs,19,153
./benchmark_tests/original/Biere/adder_3_2/pec_adder_3_bit_2_0.dqdimacs,20,142
./benchmark_tests/original/Biere/adder_3_2/pec_adder_3_bit_2_0.dqdimacs,22,141
./benchmark_tests/original/Biere/adder_3_2/pec_adder_3_bit_2_0.dqdimacs,23,141
./benchmark_tests/original/Biere/adder_3_2/pec_adder_3_bit_2_0.dqdimacs,24,141
./benchmark_tests/original/Biere/adder_3_2/pec_adder_3_bit_2_0.dqdimacs,25,141
./benchmark_tests/original/Biere/adder_3_2/pec_adder_3_bit_2_0.dqdimacs,26,142
./benchmark_tests/original/Biere/adder_3_2/pec_adder_3_bit_2_0.dqdimacs,27,143
./benchmark_tests/original/Biere/adder_3_2/pec_adder_3_bit_2_0.dqdimacs,29,141
./benchmark_tests/original/Biere/adder_3_2/pec_adder_3_bit_2_0.dqdimacs,30,141
./benchmark_tests/original/Biere/adder_3_2/pec_adder_3_bit_2_0.dqdimacs,31,143
./benchmark_tests/original/Biere/adder_3_2/pec_adder_3_bit_2_0.dqdimacs,33,142
./benchmark_tests/original/Biere/adder_3_2/pec_adder_3_bit_2_0.dqdimacs,34,142
./benchmark_tests/original/Biere/adder_3_2/pec_adder_3_bit_2_0.dqdimacs,35,144
./benchmark_tests/original/Biere/adder_3_2/pec_adder_3_bit_2_0.dqdimacs,37,142
./benchmark_tests/original/Biere/adder_3_2/pec_adder_3_bit_2_0.dqdimacs,38,142
./benchmark_tests/original/Biere/adder_3_2/pec_adder_3_bit_2_0.dqdimacs,39,145
./benchmark_tests/original/Biere/adder_3_2/pec_adder_3_bit_2_0.dqdimacs,41,141
./benchmark_tests/original/Biere/adder_3_2/pec_adder_3_bit_2_0.dqdimacs,42,141
./benchmark_tests/original/Biere/adder_3_2/pec_adder_3_bit_2_0.dqdimacs,43,141
./benchmark_tests/original/Biere/adder_3_2/pec_adder_3_bit_2_0.dqdimacs,44,142
./benchmark_tests/original/Biere/adder_3_2/pec_adder_3_bit_2_0.dqdimacs,45,142
./benchmark_tests/original/Biere/adder_3_2/pec_adder_3_bit_2_0.dqdimacs,46,143
./benchmark_tests/original/Biere/adder_3_2/pec_adder_3_bit_2_0.dqdimacs,48,141
./benchmark_tests/original/Biere/adder_3_2/pec_adder_3_bit_2_0.dqdimacs,49,140
./benchmark_tests/original/Biere/adder_3_2/pec_adder_3_bit_2_0.dqdimacs,50,143
./benchmark_tests/original/Biere/adder_3_2/pec_adder_3_bit_2_0.dqdimacs,52,140
./benchmark_tests/original/Biere/adder_3_2/pec_adder_3_bit_2_0.dqdimacs,53,141
./benchmark_tests/original/Biere/adder_3_2/pec_adder_3_bit_2_0.dqdimacs,54,142
./benchmark_tests/original/Biere/adder_3_2/pec_adder_3_bit_2_0.dqdimacs,55,141
./benchmark_tests/original/Biere/adder_3_2/pec_adder_3_bit_2_0.dqdimacs,56,141
./benchmark_tests/original/Biere/adder_3_2/pec_adder_3_bit_2_0.dqdimacs,57,141
./benchmark_tests/original/Biere/adder_3_2/pec_adder_3_bit_2_0.dqdimacs,58,141
./benchmark_tests/original/Biere/adder_3_2/pec_adder_3_bit_2_0.dqdimacs,59,142
./benchmark_tests/original/Biere/adder_3_2/pec_adder_3_bit_2_0.dqdimacs,60,142
./benchmark_tests/original/Biere/adder_3_2/pec_adder_3_bit_2_0.dqdimacs,61,140
./benchmark_tests/original/Biere/adder_3_2/pec_adder_3_bit_2_0.dqdimacs,62,141
./benchmark_tests/original/Biere/adder_3_2/pec_adder_3_bit_2_0.dqdimacs,63,142
./benchmark_tests/original/Biere/adder_3_2/pec_adder_3_bit_2_0.dqdimacs,64,142
./benchmark_tests/original/Biere/adder_3_2/pec_adder_3_bit_2_0.dqdimacs,65,141
./benchmark_tests/original/Biere/adder_3_2/pec_adder_3_bit_2_0.dqdimacs,66,141
./benchmark_tests/original/Biere/adder_3_2/pec_adder_3_bit_2_0.dqdimacs,67,141
./benchmark_tests/original/Biere/adder_3_2/pec_adder_3_bit_2_0.dqdimacs,68,141
./benchmark_tests/original/Biere/adder_3_2/pec_adder_3_bit_2_0.dqdimacs,69,141
./benchmark_tests/original/Biere/adder_3_2/pec_adder_3_bit_2_0.dqdimacs,70,142
./benchmark_tests/original/Biere/adder_3_2/pec_adder_3_bit_2_0.dqdimacs,71,142
./benchmark_tests/original/Biere/adder_3_2/pec_adder_3_bit_2_0.dqdimacs,72,139
./benchmark_tests/original/Biere/adder_3_2/pec_adder_3_bit_2_10.dqdimacs,4,439
./benchmark_tests/original/Biere/adder_3_2/pec_adder_3_bit_2_10.dqdimacs,5,393
./benchmark_tests/original/Biere/adder_3_2/pec_adder_3_bit_2_10.dqdimacs,6,388
./benchmark_tests/original/Biere/adder_3_2/pec_adder_3_bit_2_10.dqdimacs,10,384
./benchmark_tests/original/Biere/adder_3_2/pec_adder_3_bit_2_10.dqdimacs,11,331
./benchmark_tests/original/Biere/adder_3_2/pec_adder_3_bit_2_10.dqdimacs,12,267
./benchmark_tests/original/Biere/adder_3_2/pec_adder_3_bit_2_10.dqdimacs,13,227
./benchmark_tests/original/Biere/adder_3_2/pec_adder_3_bit_2_10.dqdimacs,17,208
./benchmark_tests/original/Biere/adder_3_2/pec_adder_3_bit_2_10.dqdimacs,18,206
./benchmark_tests/original/Biere/adder_3_2/pec_adder_3_bit_2_10.dqdimacs,19,209
./benchmark_tests/original/Biere/adder_3_2/pec_adder_3_bit_2_10.dqdimacs,20,209
./benchmark_tests/original/Biere/adder_3_2/pec_adder_3_bit_2_10.dqdimacs,22,209
./benchmark_tests/original/Biere/adder_3_2/pec_adder_3_bit_2_10.dqdimacs,23,209
./benchmark_tests/original/Biere/adder_3_2/pec_adder_3_bit_2_10.dqdimacs,24,209
./benchmark_tests/original/Biere/adder_3_2/pec_adder_3_bit_2_10.dqdimacs,25,210
./benchmark_tests/original/Biere/adder_3_2/pec_adder_3_bit_2_10.dqdimacs,26,206
./benchmark_tests/original/Biere/adder_3_2/pec_adder_3_bit_2_10.dqdimacs,27,209
./benchmark_tests/original/Biere/adder_3_2/pec_adder_3_bit_2_10.dqdimacs,29,209
./benchmark_tests/original/Biere/adder_3_2/pec_adder_3_bit_2_10.dqdimacs,30,208
./benchmark_tests/original/Biere/adder_3_2/pec_adder_3_bit_2_10.dqdimacs,31,209
./benchmark_tests/original/Biere/adder_3_2/pec_adder_3_bit_2_10.dqdimacs,32,208
./benchmark_tests/original/Biere/adder_3_2/pec_adder_3_bit_2_10.dqdimacs,34,206
./benchmark_tests/original/Biere/adder_3_2/pec_adder_3_bit_2_10.dqdimacs,35,206
./benchmark_tests/original/Biere/adder_3_2/pec_adder_3_bit_2_10.dqdimacs,36,210
./benchmark_tests/original/Biere/adder_3_2/pec_adder_3_bit_2_10.dqdimacs,38,208
./benchmark_tests/original/Biere/adder_3_2/pec_adder_3_bit_2_10.dqdimacs,39,208
./benchmark_tests/original/Biere/adder_3_2/pec_adder_3_bit_2_10.dqdimacs,40,209
./benchmark_tests/original/Biere/adder_3_2/pec_adder_3_bit_2_10.dqdimacs,41,209
./benchmark_tests/original/Biere/adder_3_2/pec_adder_3_bit_2_10.dqdimacs,42,212
./benchmark_tests/original/Biere/adder_3_2/pec_adder_3_bit_2_10.dqdimacs,44,207
./benchmark_tests/original/Biere/adder_3_2/pec_adder_3_bit_2_10.dqdimacs,45,208
./benchmark_tests/original/Biere/adder_3_2/pec_adder_3_bit_2_10.dqdimacs,46,209
./benchmark_tests/original/Biere/adder_3_2/pec_adder_3_bit_2_10.dqdimacs,47,208
./benchmark_tests/original/Biere/adder_3_2/pec_adder_3_bit_2_10.dqdimacs,48,211
./benchmark_tests/original/Biere/adder_3_2/pec_adder_3_bit_2_10.dqdimacs,50,209
./benchmark_tests/original/Biere/adder_3_2/pec_adder_3_bit_2_10.dqdimacs,51,208
./benchmark_tests/original/Biere/adder_3_2/pec_adder_3_bit_2_10.dqdimacs,52,207
./benchmark_tests/original/Biere/adder_3_2/pec_adder_3_bit_2_10.dqdimacs,53,211
./benchmark_tests/original/Biere/adder_3_2/pec_adder_3_bit_2_10.dqdimacs,54,209
./benchmark_tests/original/Biere/adder_3_2/pec_adder_3_bit_2_10.dqdimacs,55,209
./benchmark_tests/original/Biere/adder_3_2/pec_adder_3_bit_2_10.dqdimacs,56,210
./benchmark_tests/original/Biere/adder_3_2/pec_adder_3_bit_2_10.dqdimacs,57,209
./benchmark_tests/original/Biere/adder_3_2/pec_adder_3_bit_2_10.dqdimacs,58,209
./benchmark_tests/original/Biere/adder_3_2/pec_adder_3_bit_2_10.dqdimacs,59,208
./benchmark_tests/original/Biere/adder_3_2/pec_adder_3_bit_2_10.dqdimacs,60,206
./benchmark_tests/original/Biere/adder_3_2/pec_adder_3_bit_2_10.dqdimacs,61,208
./benchmark_tests/original/Biere/adder_3_2/pec_adder_3_bit_2_10.dqdimacs,62,209
./benchmark_tests/original/Biere/adder_3_2/pec_adder_3_bit_2_10.dqdimacs,63,212
./benchmark_tests/original/Biere/adder_3_2/pec_adder_3_bit_2_10.dqdimacs,64,207
./benchmark_tests/original/Biere/adder_3_2/pec_adder_3_bit_2_10.dqdimacs,65,209
./benchmark_tests/original/Biere/adder_3_2/pec_adder_3_bit_2_10.dqdimacs,66,209
./benchmark_tests/original/Biere/adder_3_2/pec_adder_3_bit_2_10.dqdimacs,67,208
./benchmark_tests/original/Biere/adder_3_2/pec_adder_3_bit_2_10.dqdimacs,68,205
./benchmark_tests/original/Biere/adder_3_2/pec_adder_3_bit_2_10.dqdimacs,69,205
./benchmark_tests/original/Biere/adder_3_2/pec_adder_3_bit_2_11.dqdimacs,4,253
./benchmark_tests/original/Biere/adder_3_2/pec_adder_3_bit_2_11.dqdimacs,5,286
./benchmark_tests/original/Biere/adder_3_2/pec_adder_3_bit_2_11.dqdimacs,6,225
./benchmark_tests/original/Biere/adder_3_2/pec_adder_3_bit_2_11.dqdimacs,10,219
./benchmark_tests/original/Biere/adder_3_2/pec_adder_3_bit_2_11.dqdimacs,11,221
./benchmark_tests/original/Biere/adder_3_2/pec_adder_3_bit_2_11.dqdimacs,12,220
./benchmark_tests/original/Biere/adder_3_2/pec_adder_3_bit_2_11.dqdimacs,13,213
./benchmark_tests/original/Biere/adder_3_2/pec_adder_3_bit_2_11.dqdimacs,17,192
./benchmark_tests/original/Biere/adder_3_2/pec_adder_3_bit_2_11.dqdimacs,18,172
./benchmark_tests/original/Biere/adder_3_2/pec_adder_3_bit_2_11.dqdimacs,19,152
./benchmark_tests/original/Biere/adder_3_2/pec_adder_3_bit_2_11.dqdimacs,20,137
./benchmark_tests/original/Biere/adder_3_2/pec_adder_3_bit_2_11.dqdimacs,22,123
./benchmark_tests/original/Biere/adder_3_2/pec_adder_3_bit_2_11.dqdimacs,23,117
./benchmark_tests/original/Biere/adder_3_2/pec_adder_3_bit_2_11.dqdimacs,24,118
./benchmark_tests/original/Biere/adder_3_2/pec_adder_3_bit_2_11.dqdimacs,25,125
./benchmark_tests/original/Biere/adder_3_2/pec_adder_3_bit_2_11.dqdimacs,26,131
./benchmark_tests/original/Biere/adder_3_2/pec_adder_3_bit_2_11.dqdimacs,27,132
./benchmark_tests/original/Biere/adder_3_2/pec_adder_3_bit_2_11.dqdimacs,29,131
./benchmark_tests/original/Biere/adder_3_2/pec_adder_3_bit_2_11.dqdimacs,30,131
./benchmark_tests/original/Biere/adder_3_2/pec_adder_3_bit_2_11.dqdimacs,31,132
./benchmark_tests/original/Biere/adder_3_2/pec_adder_3_bit_2_11.dqdimacs,33,131
./benchmark_tests/original/Biere/adder_3_2/pec_adder_3_bit_2_11.dqdimacs,34,131
./benchmark_tests/original/Biere/adder_3_2/pec_adder_3_bit_2_11.dqdimacs,35,132
./benchmark_tests/original/Biere/adder_3_2/pec_adder_3_bit_2_11.dqdimacs,37,131
./benchmark_tests/original/Biere/adder_3_2/pec_adder_3_bit_2_11.dqdimacs,38,131
./benchmark_tests/original/Biere/adder_3_2/pec_adder_3_bit_2_11.dqdimacs,39,131
./benchmark_tests/original/Biere/adder_3_2/pec_adder_3_bit_2_11.dqdimacs,40,131
./benchmark_tests/original/Biere/adder_3_2/pec_adder_3_bit_2_11.dqdimacs,41,131
./benchmark_tests/original/Biere/adder_3_2/pec_adder_3_bit_2_11.dqdimacs,42,131
./benchmark_tests/original/Biere/adder_3_2/pec_adder_3_bit_2_11.dqdimacs,43,133
./benchmark_tests/original/Biere/adder_3_2/pec_adder_3_bit_2_11.dqdimacs,45,131
./benchmark_tests/original/Biere/adder_3_2/pec_adder_3_bit_2_11.dqdimacs,46,132
./benchmark_tests/original/Biere/adder_3_2/pec_adder_3_bit_2_11.dqdimacs,47,134
./benchmark_tests/original/Biere/adder_3_2/pec_adder_3_bit_2_11.dqdimacs,49,132
./benchmark_tests/original/Biere/adder_3_2/pec_adder_3_bit_2_11.dqdimacs,50,131
./benchmark_tests/original/Biere/adder_3_2/pec_adder_3_bit_2_11.dqdimacs,51,134
./benchmark_tests/original/Biere/adder_3_2/pec_adder_3_bit_2_11.dqdimacs,52,132
./benchmark_tests/original/Biere/adder_3_2/pec_adder_3_bit_2_11.dqdimacs,53,131
./benchmark_tests/original/Biere/adder_3_2/pec_adder_3_bit_2_11.dqdimacs,54,131
./benchmark_tests/original/Biere/adder_3_2/pec_adder_3_bit_2_11.dqdimacs,55,132
./benchmark_tests/original/Biere/adder_3_2/pec_adder_3_bit_2_11.dqdimacs,56,132
./benchmark_tests/original/Biere/adder_3_2/pec_adder_3_bit_2_11.dqdimacs,57,133
./benchmark_tests/original/Biere/adder_3_2/pec_adder_3_bit_2_11.dqdimacs,58,131
./benchmark_tests/original/Biere/adder_3_2/pec_adder_3_bit_2_11.dqdimacs,59,132
./benchmark_tests/original/Biere/adder_3_2/pec_adder_3_bit_2_11.dqdimacs,60,131
./benchmark_tests/original/Biere/adder_3_2/pec_adder_3_bit_2_11.dqdimacs,61,132
./benchmark_tests/original/Biere/adder_3_2/pec_adder_3_bit_2_11.dqdimacs,62,131
./benchmark_tests/original/Biere/adder_3_2/pec_adder_3_bit_2_11.dqdimacs,63,131
./benchmark_tests/original/Biere/adder_3_2/pec_adder_3_bit_2_11.dqdimacs,64,131
./benchmark_tests/original/Biere/adder_3_2/pec_adder_3_bit_2_11.dqdimacs,65,131
./benchmark_tests/original/Biere/adder_3_2/pec_adder_3_bit_2_11.dqdimacs,66,131
./benchmark_tests/original/Biere/adder_3_2/pec_adder_3_bit_2_11.dqdimacs,67,131
./benchmark_tests/original/Biere/adder_3_2/pec_adder_3_bit_2_11.dqdimacs,68,133
./benchmark_tests/original/Biere/adder_3_2/pec_adder_3_bit_2_11.dqdimacs,69,131
./benchmark_tests/original/Biere/adder_3_2/pec_adder_3_bit_2_12.dqdimacs,4,387
./benchmark_tests/original/Biere/adder_3_2/pec_adder_3_bit_2_12.dqdimacs,5,340
./benchmark_tests/original/Biere/adder_3_2/pec_adder_3_bit_2_12.dqdimacs,6,342
./benchmark_tests/original/Biere/adder_3_2/pec_adder_3_bit_2_12.dqdimacs,10,343
./benchmark_tests/original/Biere/adder_3_2/pec_adder_3_bit_2_12.dqdimacs,11,319
./benchmark_tests/original/Biere/adder_3_2/pec_adder_3_bit_2_12.dqdimacs,12,271
./benchmark_tests/original/Biere/adder_3_2/pec_adder_3_bit_2_12.dqdimacs,13,227
./benchmark_tests/original/Biere/adder_3_2/pec_adder_3_bit_2_12.dqdimacs,17,194
./benchmark_tests/original/Biere/adder_3_2/pec_adder_3_bit_2_12.dqdimacs,18,180
./benchmark_tests/original/Biere/adder_3_2/pec_adder_3_bit_2_12.dqdimacs,19,178
./benchmark_tests/original/Biere/adder_3_2/pec_adder_3_bit_2_12.dqdimacs,20,179
./benchmark_tests/original/Biere/adder_3_2/pec_adder_3_bit_2_12.dqdimacs,22,178
./benchmark_tests/original/Biere/adder_3_2/pec_adder_3_bit_2_12.dqdimacs,23,180
./benchmark_tests/original/Biere/adder_3_2/pec_adder_3_bit_2_12.dqdimacs,24,180
./benchmark_tests/original/Biere/adder_3_2/pec_adder_3_bit_2_12.dqdimacs,25,180
./benchmark_tests/original/Biere/adder_3_2/pec_adder_3_bit_2_12.dqdimacs,26,180
./benchmark_tests/original/Biere/adder_3_2/pec_adder_3_bit_2_12.dqdimacs,27,180
./benchmark_tests/original/Biere/adder_3_2/pec_adder_3_bit_2_12.dqdimacs,29,178
./benchmark_tests/original/Biere/adder_3_2/pec_adder_3_bit_2_12.dqdimacs,30,177
./benchmark_tests/original/Biere/adder_3_2/pec_adder_3_bit_2_12.dqdimacs,31,182
./benchmark_tests/original/Biere/adder_3_2/pec_adder_3_bit_2_12.dqdimacs,33,178
./benchmark_tests/original/Biere/adder_3_2/pec_adder_3_bit_2_12.dqdimacs,34,178
./benchmark_tests/original/Biere/adder_3_2/pec_adder_3_bit_2_12.dqdimacs,35,181
./benchmark_tests/original/Biere/adder_3_2/pec_adder_3_bit_2_12.dqdimacs,37,178
./benchmark_tests/original/Biere/adder_3_2/pec_adder_3_bit_2_12.dqdimacs,38,178
./benchmark_tests/original/Biere/adder_3_2/pec_adder_3_bit_2_12.dqdimacs,39,178
./benchmark_tests/original/Biere/adder_3_2/pec_adder_3_bit_2_12.dqdimacs,40,183
./benchmark_tests/original/Biere/adder_3_2/pec_adder_3_bit_2_12.dqdimacs,42,180
./benchmark_tests/original/Biere/adder_3_2/pec_adder_3_bit_2_12.dqdimacs,43,179
./benchmark_tests/original/Biere/adder_3_2/pec_adder_3_bit_2_12.dqdimacs,44,180
./benchmark_tests/original/Biere/adder_3_2/pec_adder_3_bit_2_12.dqdimacs,45,179
./benchmark_tests/original/Biere/adder_3_2/pec_adder_3_bit_2_12.dqdimacs,46,179
./benchmark_tests/original/Biere/adder_3_2/pec_adder_3_bit_2_12.dqdimacs,47,181
./benchmark_tests/original/Biere/adder_3_2/pec_adder_3_bit_2_12.dqdimacs,48,178
./benchmark_tests/original/Biere/adder_3_2/pec_adder_3_bit_2_12.dqdimacs,49,178
./benchmark_tests/original/Biere/adder_3_2/pec_adder_3_bit_2_12.dqdimacs,50,178
./benchmark_tests/original/Biere/adder_3_2/pec_adder_3_bit_2_12.dqdimacs,51,180
./benchmark_tests/original/Biere/adder_3_2/pec_adder_3_bit_2_12.dqdimacs,52,180
./benchmark_tests/original/Biere/adder_3_2/pec_adder_3_bit_2_12.dqdimacs,53,180
./benchmark_tests/original/Biere/adder_3_2/pec_adder_3_bit_2_12.dqdimacs,54,179
./benchmark_tests/original/Biere/adder_3_2/pec_adder_3_bit_2_12.dqdimacs,55,178
./benchmark_tests/original/Biere/adder_3_2/pec_adder_3_bit_2_12.dqdimacs,56,179
./benchmark_tests/original/Biere/adder_3_2/pec_adder_3_bit_2_12.dqdimacs,57,181
./benchmark_tests/original/Biere/adder_3_2/pec_adder_3_bit_2_12.dqdimacs,58,179
./benchmark_tests/original/Biere/adder_3_2/pec_adder_3_bit_2_12.dqdimacs,59,178
./benchmark_tests/original/Biere/adder_3_2/pec_adder_3_bit_2_12.dqdimacs,60,180
./benchmark_tests/original/Biere/adder_3_2/pec_adder_3_bit_2_12.dqdimacs,61,180
./benchmark_tests/original/Biere/adder_3_2/pec_adder_3_bit_2_12.dqdimacs,62,180
./benchmark_tests/original/Biere/adder_3_2/pec_adder_3_bit_2_12.dqdimacs,63,179
./benchmark_tests/original/Biere/adder_3_2/pec_adder_3_bit_2_12.dqdimacs,64,183
./benchmark_tests/original/Biere/adder_3_2/pec_adder_3_bit_2_12.dqdimacs,65,180
./benchmark_tests/original/Biere/adder_3_2/pec_adder_3_bit_2_13.dqdimacs,4,249
./benchmark_tests/original/Biere/adder_3_2/pec_adder_3_bit_2_13.dqdimacs,5,199
./benchmark_tests/original/Biere/adder_3_2/pec_adder_3_bit_2_13.dqdimacs,6,179
./benchmark_tests/original/Biere/adder_3_2/pec_adder_3_bit_2_13.dqdimacs,10,178
./benchmark_tests/original/Biere/adder_3_2/pec_adder_3_bit_2_13.dqdimacs,11,178
./benchmark_tests/original/Biere/adder_3_2/pec_adder_3_bit_2_13.dqdimacs,12,178
./benchmark_tests/original/Biere/adder_3_2/pec_adder_3_bit_2_13.dqdimacs,13,178
./benchmark_tests/original/Biere/adder_3_2/pec_adder_3_bit_2_13.dqdimacs,17,177
./benchmark_tests/original/Biere/adder_3_2/pec_adder_3_bit_2_13.dqdimacs,18,167
./benchmark_tests/original/Biere/adder_3_2/pec_adder_3_bit_2_13.dqdimacs,19,154
./benchmark_tests/original/Biere/adder_3_2/pec_adder_3_bit_2_13.dqdimacs,20,140
./benchmark_tests/original/Biere/adder_3_2/pec_adder_3_bit_2_13.dqdimacs,22,126
./benchmark_tests/original/Biere/adder_3_2/pec_adder_3_bit_2_13.dqdimacs,23,115
./benchmark_tests/original/Biere/adder_3_2/pec_adder_3_bit_2_13.dqdimacs,24,111
./benchmark_tests/original/Biere/adder_3_2/pec_adder_3_bit_2_13.dqdimacs,25,98
./benchmark_tests/original/Biere/adder_3_2/pec_adder_3_bit_2_13.dqdimacs,26,94
./benchmark_tests/original/Biere/adder_3_2/pec_adder_3_bit_2_13.dqdimacs,27,96
./benchmark_tests/original/Biere/adder_3_2/pec_adder_3_bit_2_13.dqdimacs,29,94
./benchmark_tests/original/Biere/adder_3_2/pec_adder_3_bit_2_13.dqdimacs,30,94
./benchmark_tests/original/Biere/adder_3_2/pec_adder_3_bit_2_13.dqdimacs,31,96
./benchmark_tests/original/Biere/adder_3_2/pec_adder_3_bit_2_13.dqdimacs,33,95
./benchmark_tests/original/Biere/adder_3_2/pec_adder_3_bit_2_13.dqdimacs,34,94
./benchmark_tests/original/Biere/adder_3_2/pec_adder_3_bit_2_13.dqdimacs,35,94
./benchmark_tests/original/Biere/adder_3_2/pec_adder_3_bit_2_13.dqdimacs,36,94
./benchmark_tests/original/Biere/adder_3_2/pec_adder_3_bit_2_13.dqdimacs,37,96
./benchmark_tests/original/Biere/adder_3_2/pec_adder_3_bit_2_13.dqdimacs,38,97
./benchmark_tests/original/Biere/adder_3_2/pec_adder_3_bit_2_13.dqdimacs,39,94
./benchmark_tests/original/Biere/adder_3_2/pec_adder_3_bit_2_13.dqdimacs,40,94
./benchmark_tests/original/Biere/adder_3_2/pec_adder_3_bit_2_13.dqdimacs,41,93
./benchmark_tests/original/Biere/adder_3_2/pec_adder_3_bit_2_13.dqdimacs,42,94
./benchmark_tests/original/Biere/adder_3_2/pec_adder_3_bit_2_13.dqdimacs,43,96
./benchmark_tests/original/Biere/adder_3_2/pec_adder_3_bit_2_13.dqdimacs,44,94
./benchmark_tests/original/Biere/adder_3_2/pec_adder_3_bit_2_13.dqdimacs,45,94
./benchmark_tests/original/Biere/adder_3_2/pec_adder_3_bit_2_13.dqdimacs,46,94
./benchmark_tests/original/Biere/adder_3_2/pec_adder_3_bit_2_13.dqdimacs,47,94
./benchmark_tests/original/Biere/adder_3_2/pec_adder_3_bit_2_13.dqdimacs,48,94
./benchmark_tests/original/Biere/adder_3_2/pec_adder_3_bit_2_13.dqdimacs,49,95
./benchmark_tests/original/Biere/adder_3_2/pec_adder_3_bit_2_13.dqdimacs,50,94
./benchmark_tests/original/Biere/adder_3_2/pec_adder_3_bit_2_13.dqdimacs,51,94
./benchmark_tests/original/Biere/adder_3_2/pec_adder_3_bit_2_13.dqdimacs,52,94
./benchmark_tests/original/Biere/adder_3_2/pec_adder_3_bit_2_13.dqdimacs,53,95
./benchmark_tests/original/Biere/adder_3_2/pec_adder_3_bit_2_13.dqdimacs,54,94
./benchmark_tests/original/Biere/adder_3_2/pec_adder_3_bit_2_13.dqdimacs,55,94
./benchmark_tests/original/Biere/adder_3_2/pec_adder_3_bit_2_13.dqdimacs,56,95
./benchmark_tests/original/Biere/adder_3_2/pec_adder_3_bit_2_13.dqdimacs,57,95
./benchmark_tests/original/Biere/adder_3_2/pec_adder_3_bit_2_13.dqdimacs,58,96
./benchmark_tests/original/Biere/adder_3_2/pec_adder_3_bit_2_13.dqdimacs,59,95
./benchmark_tests/original/Biere/adder_3_2/pec_adder_3_bit_2_14.dqdimacs,4,218
./benchmark_tests/original/Biere/adder_3_2/pec_adder_3_bit_2_14.dqdimacs,5,167
./benchmark_tests/original/Biere/adder_3_2/pec_adder_3_bit_2_14.dqdimacs,6,146
./benchmark_tests/original/Biere/adder_3_2/pec_adder_3_bit_2_14.dqdimacs,10,148
./benchmark_tests/original/Biere/adder_3_2/pec_adder_3_bit_2_14.dqdimacs,11,147
./benchmark_tests/original/Biere/adder_3_2/pec_adder_3_bit_2_14.dqdimacs,12,147
./benchmark_tests/original/Biere/adder_3_2/pec_adder_3_bit_2_14.dqdimacs,13,148
./benchmark_tests/original/Biere/adder_3_2/pec_adder_3_bit_2_14.dqdimacs,17,147
./benchmark_tests/original/Biere/adder_3_2/pec_adder_3_bit_2_14.dqdimacs,18,148
./benchmark_tests/original/Biere/adder_3_2/pec_adder_3_bit_2_14.dqdimacs,19,144
./benchmark_tests/original/Biere/adder_3_2/pec_adder_3_bit_2_14.dqdimacs,20,137
./benchmark_tests/original/Biere/adder_3_2/pec_adder_3_bit_2_14.dqdimacs,22,136
./benchmark_tests/original/Biere/adder_3_2/pec_adder_3_bit_2_14.dqdimacs,23,135
./benchmark_tests/original/Biere/adder_3_2/pec_adder_3_bit_2_14.dqdimacs,24,122
./benchmark_tests/original/Biere/adder_3_2/pec_adder_3_bit_2_14.dqdimacs,25,112
./benchmark_tests/original/Biere/adder_3_2/pec_adder_3_bit_2_14.dqdimacs,26,103
./benchmark_tests/original/Biere/adder_3_2/pec_adder_3_bit_2_14.dqdimacs,27,98
./benchmark_tests/original/Biere/adder_3_2/pec_adder_3_bit_2_14.dqdimacs,29,91
./benchmark_tests/original/Biere/adder_3_2/pec_adder_3_bit_2_14.dqdimacs,30,92
./benchmark_tests/original/Biere/adder_3_2/pec_adder_3_bit_2_14.dqdimacs,31,94
./benchmark_tests/original/Biere/adder_3_2/pec_adder_3_bit_2_14.dqdimacs,33,91
./benchmark_tests/original/Biere/adder_3_2/pec_adder_3_bit_2_14.dqdimacs,34,92
./benchmark_tests/original/Biere/adder_3_2/pec_adder_3_bit_2_14.dqdimacs,35,94
./benchmark_tests/original/Biere/adder_3_2/pec_adder_3_bit_2_14.dqdimacs,37,91
./benchmark_tests/original/Biere/adder_3_2/pec_adder_3_bit_2_14.dqdimacs,38,91
./benchmark_tests/original/Biere/adder_3_2/pec_adder_3_bit_2_14.dqdimacs,39,95
./benchmark_tests/original/Biere/adder_3_2/pec_adder_3_bit_2_14.dqdimacs,41,91
./benchmark_tests/original/Biere/adder_3_2/pec_adder_3_bit_2_14.dqdimacs,42,91
./benchmark_tests/original/Biere/adder_3_2/pec_adder_3_bit_2_14.dqdimacs,43,91
./benchmark_tests/original/Biere/adder_3_2/pec_adder_3_bit_2_14.dqdimacs,44,94
./benchmark_tests/original/Biere/adder_3_2/pec_adder_3_bit_2_14.dqdimacs,46,91
./benchmark_tests/original/Biere/adder_3_2/pec_adder_3_bit_2_14.dqdimacs,47,90
./benchmark_tests/original/Biere/adder_3_2/pec_adder_3_bit_2_14.dqdimacs,48,91
./benchmark_tests/original/Biere/adder_3_2/pec_adder_3_bit_2_14.dqdimacs,49,90
./benchmark_tests/original/Biere/adder_3_2/pec_adder_3_bit_2_14.dqdimacs,50,91
./benchmark_tests/original/Biere/adder_3_2/pec_adder_3_bit_2_14.dqdimacs,51,91
./benchmark_tests/original/Biere/adder_3_2/pec_adder_3_bit_2_14.dqdimacs,52,91
./benchmark_tests/original/Biere/adder_3_2/pec_adder_3_bit_2_14.dqdimacs,53,91
./benchmark_tests/original/Biere/adder_3_2/pec_adder_3_bit_2_14.dqdimacs,54,92
./benchmark_tests/original/Biere/adder_3_2/pec_adder_3_bit_2_14.dqdimacs,55,92
./benchmark_tests/original/Biere/adder_3_2/pec_adder_3_bit_2_14.dqdimacs,56,91
./benchmark_tests/original/Biere/adder_3_2/pec_adder_3_bit_2_14.dqdimacs,57,91
./benchmark_tests/original/Biere/adder_3_2/pec_adder_3_bit_2_14.dqdimacs,58,92
./benchmark_tests/original/Biere/adder_3_2/pec_adder_3_bit_2_14.dqdimacs,59,91
./benchmark_tests/original/Biere/adder_3_2/pec_adder_3_bit_2_14.dqdimacs,60,92
./benchmark_tests/original/Biere/adder_3_2/pec_adder_3_bit_2_14.dqdimacs,61,92
./benchmark_tests/original/Biere/adder_3_2/pec_adder_3_bit_2_14.dqdimacs,62,92
./benchmark_tests/original/Biere/adder_3_2/pec_adder_3_bit_2_14.dqdimacs,63,92
./benchmark_tests/original/Biere/adder_3_2/pec_adder_3_bit_2_14.dqdimacs,64,92
./benchmark_tests/original/Biere/adder_3_2/pec_adder_3_bit_2_14.dqdimacs,65,91
./benchmark_tests/original/Biere/adder_3_2/pec_adder_3_bit_2_14.dqdimacs,66,91
./benchmark_tests/original/Biere/adder_3_2/pec_adder_3_bit_2_14.dqdimacs,67,91
./benchmark_tests/original/Biere/adder_3_2/pec_adder_3_bit_2_14.dqdimacs,68,92
./benchmark_tests/original/Biere/adder_3_2/pec_adder_3_bit_2_14.dqdimacs,69,91
./benchmark_tests/original/Biere/adder_3_2/pec_adder_3_bit_2_15.dqdimacs,4,215
./benchmark_tests/original/Biere/adder_3_2/pec_adder_3_bit_2_15.dqdimacs,5,164
./benchmark_tests/original/Biere/adder_3_2/pec_adder_3_bit_2_15.dqdimacs,6,164
./benchmark_tests/original/Biere/adder_3_2/pec_adder_3_bit_2_15.dqdimacs,10,164
./benchmark_tests/original/Biere/adder_3_2/pec_adder_3_bit_2_15.dqdimacs,11,163
./benchmark_tests/original/Biere/adder_3_2/pec_adder_3_bit_2_15.dqdimacs,12,163
./benchmark_tests/original/Biere/adder_3_2/pec_adder_3_bit_2_15.dqdimacs,13,165
./benchmark_tests/original/Biere/adder_3_2/pec_adder_3_bit_2_15.dqdimacs,17,163
./benchmark_tests/original/Biere/adder_3_2/pec_adder_3_bit_2_15.dqdimacs,18,163
./benchmark_tests/original/Biere/adder_3_2/pec_adder_3_bit_2_15.dqdimacs,19,154
./benchmark_tests/original/Biere/adder_3_2/pec_adder_3_bit_2_15.dqdimacs,20,143
./benchmark_tests/original/Biere/adder_3_2/pec_adder_3_bit_2_15.dqdimacs,22,130
./benchmark_tests/original/Biere/adder_3_2/pec_adder_3_bit_2_15.dqdimacs,23,118
./benchmark_tests/original/Biere/adder_3_2/pec_adder_3_bit_2_15.dqdimacs,24,109
./benchmark_tests/original/Biere/adder_3_2/pec_adder_3_bit_2_15.dqdimacs,25,102
./benchmark_tests/original/Biere/adder_3_2/pec_adder_3_bit_2_15.dqdimacs,26,96
./benchmark_tests/original/Biere/adder_3_2/pec_adder_3_bit_2_15.dqdimacs,27,90
./benchmark_tests/original/Biere/adder_3_2/pec_adder_3_bit_2_15.dqdimacs,29,88
./benchmark_tests/original/Biere/adder_3_2/pec_adder_3_bit_2_15.dqdimacs,30,88
./benchmark_tests/original/Biere/adder_3_2/pec_adder_3_bit_2_15.dqdimacs,31,90
./benchmark_tests/original/Biere/adder_3_2/pec_adder_3_bit_2_15.dqdimacs,33,88
./benchmark_tests/original/Biere/adder_3_2/pec_adder_3_bit_2_15.dqdimacs,34,88
./benchmark_tests/original/Biere/adder_3_2/pec_adder_3_bit_2_15.dqdimacs,35,90
./benchmark_tests/original/Biere/adder_3_2/pec_adder_3_bit_2_15.dqdimacs,37,88
./benchmark_tests/original/Biere/adder_3_2/pec_adder_3_bit_2_15.dqdimacs,38,88
./benchmark_tests/original/Biere/adder_3_2/pec_adder_3_bit_2_15.dqdimacs,39,91
./benchmark_tests/original/Biere/adder_3_2/pec_adder_3_bit_2_15.dqdimacs,41,88
./benchmark_tests/original/Biere/adder_3_2/pec_adder_3_bit_2_15.dqdimacs,42,88
./benchmark_tests/original/Biere/adder_3_2/pec_adder_3_bit_2_15.dqdimacs,43,88
./benchmark_tests/original/Biere/adder_3_2/pec_adder_3_bit_2_15.dqdimacs,44,91
./benchmark_tests/original/Biere/adder_3_2/pec_adder_3_bit_2_15.dqdimacs,46,88
./benchmark_tests/original/Biere/adder_3_2/pec_adder_3_bit_2_15.dqdimacs,47,88
./benchmark_tests/original/Biere/adder_3_2/pec_adder_3_bit_2_15.dqdimacs,48,91
./benchmark_tests/original/Biere/adder_3_2/pec_adder_3_bit_2_15.dqdimacs,49,88
./benchmark_tests/original/Biere/adder_3_2/pec_adder_3_bit_2_15.dqdimacs,50,88
./benchmark_tests/original/Biere/adder_3_2/pec_adder_3_bit_2_15.dqdimacs,51,89
./benchmark_tests/original/Biere/adder_3_2/pec_adder_3_bit_2_15.dqdimacs,52,88
./benchmark_tests/original/Biere/adder_3_2/pec_adder_3_bit_2_15.dqdimacs,53,88
./benchmark_tests/original/Biere/adder_3_2/pec_adder_3_bit_2_15.dqdimacs,54,89
./benchmark_tests/original/Biere/adder_3_2/pec_adder_3_bit_2_15.dqdimacs,55,89
./benchmark_tests/original/Biere/adder_3_2/pec_adder_3_bit_2_15.dqdimacs,56,88
./benchmark_tests/original/Biere/adder_3_2/pec_adder_3_bit_2_15.dqdimacs,57,88
./benchmark_tests/original/Biere/adder_3_2/pec_adder_3_bit_2_15.dqdimacs,58,89
./benchmark_tests/original/Biere/adder_3_2/pec_adder_3_bit_2_15.dqdimacs,59,90
./benchmark_tests/original/Biere/adder_3_2/pec_adder_3_bit_2_15.dqdimacs,60,88
./benchmark_tests/original/Biere/adder_3_2/pec_adder_3_bit_2_15.dqdimacs,61,88
./benchmark_tests/original/Biere/adder_3_2/pec_adder_3_bit_2_15.dqdimacs,62,88
./benchmark_tests/original/Biere/adder_3_2/pec_adder_3_bit_2_15.dqdimacs,63,88
./benchmark_tests/original/Biere/adder_3_2/pec_adder_3_bit_2_15.dqdimacs,64,88
./benchmark_tests/original/Biere/adder_3_2/pec_adder_3_bit_2_15.dqdimacs,65,88
./benchmark_tests/original/Biere/adder_3_2/pec_adder_3_bit_2_15.dqdimacs,66,88
./benchmark_tests/original/Biere/adder_3_2/pec_adder_3_bit_2_15.dqdimacs,67,90
./benchmark_tests/original/Biere/adder_3_2/pec_adder_3_bit_2_15.dqdimacs,68,88
./benchmark_tests/original/Biere/adder_3_2/pec_adder_3_bit_2_16.dqdimacs,4,286
./benchmark_tests/original/Biere/adder_3_2/pec_adder_3_bit_2_16.dqdimacs,5,321
./benchmark_tests/original/Biere/adder_3_2/pec_adder_3_bit_2_16.dqdimacs,6,260
./benchmark_tests/original/Biere/adder_3_2/pec_adder_3_bit_2_16.dqdimacs,10,259
./benchmark_tests/original/Biere/adder_3_2/pec_adder_3_bit_2_16.dqdimacs,11,256
./benchmark_tests/original/Biere/adder_3_2/pec_adder_3_bit_2_16.dqdimacs,12,247
./benchmark_tests/original/Biere/adder_3_2/pec_adder_3_bit_2_16.dqdimacs,13,221
./benchmark_tests/original/Biere/adder_3_2/pec_adder_3_bit_2_16.dqdimacs,17,193
./benchmark_tests/original/Biere/adder_3_2/pec_adder_3_bit_2_16.dqdimacs,18,169
./benchmark_tests/original/Biere/adder_3_2/pec_adder_3_bit_2_16.dqdimacs,19,150
./benchmark_tests/original/Biere/adder_3_2/pec_adder_3_bit_2_16.dqdimacs,20,137
./benchmark_tests/original/Biere/adder_3_2/pec_adder_3_bit_2_16.dqdimacs,22,133
./benchmark_tests/original/Biere/adder_3_2/pec_adder_3_bit_2_16.dqdimacs,23,134
./benchmark_tests/original/Biere/adder_3_2/pec_adder_3_bit_2_16.dqdimacs,24,134
./benchmark_tests/original/Biere/adder_3_2/pec_adder_3_bit_2_16.dqdimacs,25,136
./benchmark_tests/original/Biere/adder_3_2/pec_adder_3_bit_2_16.dqdimacs,26,134
./benchmark_tests/original/Biere/adder_3_2/pec_adder_3_bit_2_16.dqdimacs,27,136
./benchmark_tests/original/Biere/adder_3_2/pec_adder_3_bit_2_16.dqdimacs,29,135
./benchmark_tests/original/Biere/adder_3_2/pec_adder_3_bit_2_16.dqdimacs,30,135
./benchmark_tests/original/Biere/adder_3_2/pec_adder_3_bit_2_16.dqdimacs,31,143
./benchmark_tests/original/Biere/adder_3_2/pec_adder_3_bit_2_16.dqdimacs,33,135
./benchmark_tests/original/Biere/adder_3_2/pec_adder_3_bit_2_16.dqdimacs,34,135
./benchmark_tests/original/Biere/adder_3_2/pec_adder_3_bit_2_16.dqdimacs,35,139
./benchmark_tests/original/Biere/adder_3_2/pec_adder_3_bit_2_16.dqdimacs,37,136
./benchmark_tests/original/Biere/adder_3_2/pec_adder_3_bit_2_16.dqdimacs,38,135
./benchmark_tests/original/Biere/adder_3_2/pec_adder_3_bit_2_16.dqdimacs,39,139
./benchmark_tests/original/Biere/adder_3_2/pec_adder_3_bit_2_16.dqdimacs,41,135
./benchmark_tests/original/Biere/adder_3_2/pec_adder_3_bit_2_16.dqdimacs,42,133
./benchmark_tests/original/Biere/adder_3_2/pec_adder_3_bit_2_16.dqdimacs,43,137
./benchmark_tests/original/Biere/adder_3_2/pec_adder_3_bit_2_16.dqdimacs,45,135
./benchmark_tests/original/Biere/adder_3_2/pec_adder_3_bit_2_16.dqdimacs,46,135
./benchmark_tests/original/Biere/adder_3_2/pec_adder_3_bit_2_16.dqdimacs,47,138
./benchmark_tests/original/Biere/adder_3_2/pec_adder_3_bit_2_16.dqdimacs,49,136
./benchmark_tests/original/Biere/adder_3_2/pec_adder_3_bit_2_16.dqdimacs,50,136
./benchmark_tests/original/Biere/adder_3_2/pec_adder_3_bit_2_16.dqdimacs,51,139
./benchmark_tests/original/Biere/adder_3_2/pec_adder_3_bit_2_16.dqdimacs,53,134
./benchmark_tests/original/Biere/adder_3_2/pec_adder_3_bit_2_16.dqdimacs,54,137
./benchmark_tests/original/Biere/adder_3_2/pec_adder_3_bit_2_16.dqdimacs,55,136
./benchmark_tests/original/Biere/adder_3_2/pec_adder_3_bit_2_16.dqdimacs,56,136
./benchmark_tests/original/Biere/adder_3_2/pec_adder_3_bit_2_16.dqdimacs,57,136
./benchmark_tests/original/Biere/adder_3_2/pec_adder_3_bit_2_16.dqdimacs,58,141
./benchmark_tests/original/Biere/adder_3_2/pec_adder_3_bit_2_16.dqdimacs,60,137
./benchmark_tests/original/Biere/adder_3_2/pec_adder_3_bit_2_16.dqdimacs,61,136
./benchmark_tests/original/Biere/adder_3_2/pec_adder_3_bit_2_16.dqdimacs,62,139
./benchmark_tests/original/Biere/adder_3_2/pec_adder_3_bit_2_16.dqdimacs,63,135
./benchmark_tests/original/Biere/adder_3_2/pec_adder_3_bit_2_16.dqdimacs,64,135
./benchmark_tests/original/Biere/adder_3_2/pec_adder_3_bit_2_16.dqdimacs,65,136
./benchmark_tests/original/Biere/adder_3_2/pec_adder_3_bit_2_16.dqdimacs,66,136
./benchmark_tests/original/Biere/adder_3_2/pec_adder_3_bit_2_16.dqdimacs,67,136
./benchmark_tests/original/Biere/adder_3_2/pec_adder_3_bit_2_16.dqdimacs,68,136
./benchmark_tests/original/Biere/adder_3_2/pec_adder_3_bit_2_16.dqdimacs,69,135
./benchmark_tests/original/Biere/adder_3_2/pec_adder_3_bit_2_16.dqdimacs,70,136
./benchmark_tests/original/Biere/adder_3_2/pec_adder_3_bit_2_16.dqdimacs,71,135
./benchmark_tests/original/Biere/adder_3_2/pec_adder_3_bit_2_16.dqdimacs,72,137
./benchmark_tests/original/Biere/adder_3_2/pec_adder_3_bit_2_16.dqdimacs,73,136
./benchmark_tests/original/Biere/adder_3_2/pec_adder_3_bit_2_16.dqdimacs,74,136
./benchmark_tests/original/Biere/adder_3_2/pec_adder_3_bit_2_16.dqdimacs,75,135
./benchmark_tests/original/Biere/adder_3_2/pec_adder_3_bit_2_16.dqdimacs,76,135
./benchmark_tests/original/Biere/adder_3_2/pec_adder_3_bit_2_16.dqdimacs,77,136
./benchmark_tests/original/Biere/adder_3_2/pec_adder_3_bit_2_16.dqdimacs,78,136
./benchmark_tests/original/Biere/adder_3_2/pec_adder_3_bit_2_16.dqdimacs,79,137
./benchmark_tests/original/Biere/adder_3_2/pec_adder_3_bit_2_16.dqdimacs,80,138
./benchmark_tests/original/Biere/adder_3_2/pec_adder_3_bit_2_17.dqdimacs,4,401
./benchmark_tests/original/Biere/adder_3_2/pec_adder_3_bit_2_17.dqdimacs,5,349
./benchmark_tests/original/Biere/adder_3_2/pec_adder_3_bit_2_17.dqdimacs,6,353
./benchmark_tests/original/Biere/adder_3_2/pec_adder_3_bit_2_17.dqdimacs,10,350
./benchmark_tests/original/Biere/adder_3_2/pec_adder_3_bit_2_17.dqdimacs,11,325
./benchmark_tests/original/Biere/adder_3_2/pec_adder_3_bit_2_17.dqdimacs,12,275
./benchmark_tests/original/Biere/adder_3_2/pec_adder_3_bit_2_17.dqdimacs,13,226
./benchmark_tests/original/Biere/adder_3_2/pec_adder_3_bit_2_17.dqdimacs,17,192
./benchmark_tests/original/Biere/adder_3_2/pec_adder_3_bit_2_17.dqdimacs,18,185
./benchmark_tests/original/Biere/adder_3_2/pec_adder_3_bit_2_17.dqdimacs,19,188
./benchmark_tests/original/Biere/adder_3_2/pec_adder_3_bit_2_17.dqdimacs,20,189
./benchmark_tests/original/Biere/adder_3_2/pec_adder_3_bit_2_17.dqdimacs,22,187
./benchmark_tests/original/Biere/adder_3_2/pec_adder_3_bit_2_17.dqdimacs,23,186
./benchmark_tests/original/Biere/adder_3_2/pec_adder_3_bit_2_17.dqdimacs,24,188
./benchmark_tests/original/Biere/adder_3_2/pec_adder_3_bit_2_17.dqdimacs,25,187
./benchmark_tests/original/Biere/adder_3_2/pec_adder_3_bit_2_17.dqdimacs,26,177
./benchmark_tests/original/Biere/adder_3_2/pec_adder_3_bit_2_17.dqdimacs,27,178
./benchmark_tests/original/Biere/adder_3_2/pec_adder_3_bit_2_17.dqdimacs,29,178
./benchmark_tests/original/Biere/adder_3_2/pec_adder_3_bit_2_17.dqdimacs,30,177
./benchmark_tests/original/Biere/adder_3_2/pec_adder_3_bit_2_17.dqdimacs,31,179
./benchmark_tests/original/Biere/adder_3_2/pec_adder_3_bit_2_17.dqdimacs,33,177
./benchmark_tests/original/Biere/adder_3_2/pec_adder_3_bit_2_17.dqdimacs,34,177
./benchmark_tests/original/Biere/adder_3_2/pec_adder_3_bit_2_17.dqdimacs,35,177
./benchmark_tests/original/Biere/adder_3_2/pec_adder_3_bit_2_17.dqdimacs,37,175
./benchmark_tests/original/Biere/adder_3_2/pec_adder_3_bit_2_17.dqdimacs,38,176
./benchmark_tests/original/Biere/adder_3_2/pec_adder_3_bit_2_17.dqdimacs,39,176
./benchmark_tests/original/Biere/adder_3_2/pec_adder_3_bit_2_17.dqdimacs,40,178
./benchmark_tests/original/Biere/adder_3_2/pec_adder_3_bit_2_17.dqdimacs,41,190
./benchmark_tests/original/Biere/adder_3_2/pec_adder_3_bit_2_17.dqdimacs,42,184
./benchmark_tests/original/Biere/adder_3_2/pec_adder_3_bit_2_17.dqdimacs,43,187
./benchmark_tests/original/Biere/adder_3_2/pec_adder_3_bit_2_17.dqdimacs,44,186
./benchmark_tests/original/Biere/adder_3_2/pec_adder_3_bit_2_17.dqdimacs,45,187
./benchmark_tests/original/Biere/adder_3_2/pec_adder_3_bit_2_17.dqdimacs,46,188
./benchmark_tests/original/Biere/adder_3_2/pec_adder_3_bit_2_17.dqdimacs,47,187
./benchmark_tests/original/Biere/adder_3_2/pec_adder_3_bit_2_17.dqdimacs,48,188
./benchmark_tests/original/Biere/adder_3_2/pec_adder_3_bit_2_17.dqdimacs,49,190
./benchmark_tests/original/Biere/adder_3_2/pec_adder_3_bit_2_17.dqdimacs,50,190
./benchmark_tests/original/Biere/adder_3_2/pec_adder_3_bit_2_17.dqdimacs,51,188
./benchmark_tests/original/Biere/adder_3_2/pec_adder_3_bit_2_17.dqdimacs,52,188
./benchmark_tests/original/Biere/adder_3_2/pec_adder_3_bit_2_17.dqdimacs,53,189
./benchmark_tests/original/Biere/adder_3_2/pec_adder_3_bit_2_17.dqdimacs,54,188
./benchmark_tests/original/Biere/adder_3_2/pec_adder_3_bit_2_17.dqdimacs,55,189
./benchmark_tests/original/Biere/adder_3_2/pec_adder_3_bit_2_17.dqdimacs,56,188
./benchmark_tests/original/Biere/adder_3_2/pec_adder_3_bit_2_17.dqdimacs,57,188
./benchmark_tests/original/Biere/adder_3_2/pec_adder_3_bit_2_17.dqdimacs,58,186
./benchmark_tests/original/Biere/adder_3_2/pec_adder_3_bit_2_17.dqdimacs,59,188
./benchmark_tests/original/Biere/adder_3_2/pec_adder_3_bit_2_17.dqdimacs,60,189
./benchmark_tests/original/Biere/adder_3_2/pec_adder_3_bit_2_17.dqdimacs,61,192
./benchmark_tests/original/Biere/adder_3_2/pec_adder_3_bit_2_17.dqdimacs,62,190
./benchmark_tests/original/Biere/adder_3_2/pec_adder_3_bit_2_18.dqdimacs,4,228
./benchmark_tests/original/Biere/adder_3_2/pec_adder_3_bit_2_18.dqdimacs,5,267
./benchmark_tests/original/Biere/adder_3_2/pec_adder_3_bit_2_18.dqdimacs,6,222
./benchmark_tests/original/Biere/adder_3_2/pec_adder_3_bit_2_18.dqdimacs,10,220
./benchmark_tests/original/Biere/adder_3_2/pec_adder_3_bit_2_18.dqdimacs,11,223
./benchmark_tests/original/Biere/adder_3_2/pec_adder_3_bit_2_18.dqdimacs,12,222
./benchmark_tests/original/Biere/adder_3_2/pec_adder_3_bit_2_18.dqdimacs,13,214
./benchmark_tests/original/Biere/adder_3_2/pec_adder_3_bit_2_18.dqdimacs,17,198
./benchmark_tests/original/Biere/adder_3_2/pec_adder_3_bit_2_18.dqdimacs,18,176
./benchmark_tests/original/Biere/adder_3_2/pec_adder_3_bit_2_18.dqdimacs,19,156
./benchmark_tests/original/Biere/adder_3_2/pec_adder_3_bit_2_18.dqdimacs,20,140
./benchmark_tests/original/Biere/adder_3_2/pec_adder_3_bit_2_18.dqdimacs,22,126
./benchmark_tests/original/Biere/adder_3_2/pec_adder_3_bit_2_18.dqdimacs,23,118
./benchmark_tests/original/Biere/adder_3_2/pec_adder_3_bit_2_18.dqdimacs,24,118
./benchmark_tests/original/Biere/adder_3_2/pec_adder_3_bit_2_18.dqdimacs,25,118
./benchmark_tests/original/Biere/adder_3_2/pec_adder_3_bit_2_18.dqdimacs,26,119
./benchmark_tests/original/Biere/adder_3_2/pec_adder_3_bit_2_18.dqdimacs,27,120
./benchmark_tests/original/Biere/adder_3_2/pec_adder_3_bit_2_18.dqdimacs,29,119
./benchmark_tests/original/Biere/adder_3_2/pec_adder_3_bit_2_18.dqdimacs,30,117
./benchmark_tests/original/Biere/adder_3_2/pec_adder_3_bit_2_18.dqdimacs,31,119
./benchmark_tests/original/Biere/adder_3_2/pec_adder_3_bit_2_18.dqdimacs,33,118
./benchmark_tests/original/Biere/adder_3_2/pec_adder_3_bit_2_18.dqdimacs,34,118
./benchmark_tests/original/Biere/adder_3_2/pec_adder_3_bit_2_18.dqdimacs,35,120
./benchmark_tests/original/Biere/adder_3_2/pec_adder_3_bit_2_18.dqdimacs,37,118
./benchmark_tests/original/Biere/adder_3_2/pec_adder_3_bit_2_18.dqdimacs,38,118
./benchmark_tests/original/Biere/adder_3_2/pec_adder_3_bit_2_18.dqdimacs,39,119
./benchmark_tests/original/Biere/adder_3_2/pec_adder_3_bit_2_18.dqdimacs,40,120
./benchmark_tests/original/Biere/adder_3_2/pec_adder_3_bit_2_18.dqdimacs,41,120
./benchmark_tests/original/Biere/adder_3_2/pec_adder_3_bit_2_18.dqdimacs,42,118
./benchmark_tests/original/Biere/adder_3_2/pec_adder_3_bit_2_18.dqdimacs,43,118
./benchmark_tests/original/Biere/adder_3_2/pec_adder_3_bit_2_18.dqdimacs,44,118
./benchmark_tests/original/Biere/adder_3_2/pec_adder_3_bit_2_18.dqdimacs,45,119
./benchmark_tests/original/Biere/adder_3_2/pec_adder_3_bit_2_18.dqdimacs,46,119
./benchmark_tests/original/Biere/adder_3_2/pec_adder_3_bit_2_18.dqdimacs,47,119
./benchmark_tests/original/Biere/adder_3_2/pec_adder_3_bit_2_18.dqdimacs,48,119
./benchmark_tests/original/Biere/adder_3_2/pec_adder_3_bit_2_18.dqdimacs,49,119
./benchmark_tests/original/Biere/adder_3_2/pec_adder_3_bit_2_18.dqdimacs,50,118
./benchmark_tests/original/Biere/adder_3_2/pec_adder_3_bit_2_18.dqdimacs,51,119
./benchmark_tests/original/Biere/adder_3_2/pec_adder_3_bit_2_18.dqdimacs,52,119
./benchmark_tests/original/Biere/adder_3_2/pec_adder_3_bit_2_18.dqdimacs,53,121
./benchmark_tests/original/Biere/adder_3_2/pec_adder_3_bit_2_18.dqdimacs,54,118
./benchmark_tests/original/Biere/adder_3_2/pec_adder_3_bit_2_18.dqdimacs,55,118
./benchmark_tests/original/Biere/adder_3_2/pec_adder_3_bit_2_18.dqdimacs,56,118
./benchmark_tests/original/Biere/adder_3_2/pec_adder_3_bit_2_18.dqdimacs,57,118
./benchmark_tests/original/Biere/adder_3_2/pec_adder_3_bit_2_18.dqdimacs,58,118
./benchmark_tests/original/Biere/adder_3_2/pec_adder_3_bit_2_18.dqdimacs,59,118
./benchmark_tests/original/Biere/adder_3_2/pec_adder_3_bit_2_18.dqdimacs,60,119
./benchmark_tests/original/Biere/adder_3_2/pec_adder_3_bit_2_18.dqdimacs,61,119
./benchmark_tests/original/Biere/adder_3_2/pec_adder_3_bit_2_19.dqdimacs,4,285
./benchmark_tests/original/Biere/adder_3_2/pec_adder_3_bit_2_19.dqdimacs,5,237
./benchmark_tests/original/Biere/adder_3_2/pec_adder_3_bit_2_19.dqdimacs,6,237
./benchmark_tests/original/Biere/adder_3_2/pec_adder_3_bit_2_19.dqdimacs,10,235
./benchmark_tests/original/Biere/adder_3_2/pec_adder_3_bit_2_19.dqdimacs,11,235
./benchmark_tests/original/Biere/adder_3_2/pec_adder_3_bit_2_19.dqdimacs,12,234
./benchmark_tests/original/Biere/adder_3_2/pec_adder_3_bit_2_19.dqdimacs,13,224
./benchmark_tests/original/Biere/adder_3_2/pec_adder_3_bit_2_19.dqdimacs,17,199
./benchmark_tests/original/Biere/adder_3_2/pec_adder_3_bit_2_19.dqdimacs,18,176
./benchmark_tests/original/Biere/adder_3_2/pec_adder_3_bit_2_19.dqdimacs,19,154
./benchmark_tests/original/Biere/adder_3_2/pec_adder_3_bit_2_19.dqdimacs,20,139
./benchmark_tests/original/Biere/adder_3_2/pec_adder_3_bit_2_19.dqdimacs,22,127
./benchmark_tests/original/Biere/adder_3_2/pec_adder_3_bit_2_19.dqdimacs,23,125
./benchmark_tests/original/Biere/adder_3_2/pec_adder_3_bit_2_19.dqdimacs,24,126
./benchmark_tests/original/Biere/adder_3_2/pec_adder_3_bit_2_19.dqdimacs,25,126
./benchmark_tests/original/Biere/adder_3_2/pec_adder_3_bit_2_19.dqdimacs,26,126
./benchmark_tests/original/Biere/adder_3_2/pec_adder_3_bit_2_19.dqdimacs,27,128
./benchmark_tests/original/Biere/adder_3_2/pec_adder_3_bit_2_19.dqdimacs,29,126
./benchmark_tests/original/Biere/adder_3_2/pec_adder_3_bit_2_19.dqdimacs,30,126
./benchmark_tests/original/Biere/adder_3_2/pec_adder_3_bit_2_19.dqdimacs,31,128
./benchmark_tests/original/Biere/adder_3_2/pec_adder_3_bit_2_19.dqdimacs,33,128
./benchmark_tests/original/Biere/adder_3_2/pec_adder_3_bit_2_19.dqdimacs,34,128
./benchmark_tests/original/Biere/adder_3_2/pec_adder_3_bit_2_19.dqdimacs,35,129
./benchmark_tests/original/Biere/adder_3_2/pec_adder_3_bit_2_19.dqdimacs,37,126
./benchmark_tests/original/Biere/adder_3_2/pec_adder_3_bit_2_19.dqdimacs,38,125
./benchmark_tests/original/Biere/adder_3_2/pec_adder_3_bit_2_19.dqdimacs,39,129
./benchmark_tests/original/Biere/adder_3_2/pec_adder_3_bit_2_19.dqdimacs,41,125
./benchmark_tests/original/Biere/adder_3_2/pec_adder_3_bit_2_19.dqdimacs,42,125
./benchmark_tests/original/Biere/adder_3_2/pec_adder_3_bit_2_19.dqdimacs,43,125
./benchmark_tests/original/Biere/adder_3_2/pec_adder_3_bit_2_19.dqdimacs,44,125
./benchmark_tests/original/Biere/adder_3_2/pec_adder_3_bit_2_19.dqdimacs,45,129
./benchmark_tests/original/Biere/adder_3_2/pec_adder_3_bit_2_19.dqdimacs,47,125
./benchmark_tests/original/Biere/adder_3_2/pec_adder_3_bit_2_19.dqdimacs,48,125
./benchmark_tests/original/Biere/adder_3_2/pec_adder_3_bit_2_19.dqdimacs,49,127
./benchmark_tests/original/Biere/adder_3_2/pec_adder_3_bit_2_19.dqdimacs,50,130
./benchmark_tests/original/Biere/adder_3_2/pec_adder_3_bit_2_19.dqdimacs,52,126
./benchmark_tests/original/Biere/adder_3_2/pec_adder_3_bit_2_19.dqdimacs,53,125
./benchmark_tests/original/Biere/adder_3_2/pec_adder_3_bit_2_19.dqdimacs,54,125
./benchmark_tests/original/Biere/adder_3_2/pec_adder_3_bit_2_19.dqdimacs,55,127
./benchmark_tests/original/Biere/adder_3_2/pec_adder_3_bit_2_19.dqdimacs,56,125
./benchmark_tests/original/Biere/adder_3_2/pec_adder_3_bit_2_19.dqdimacs,57,124
./benchmark_tests/original/Biere/adder_3_2/pec_adder_3_bit_2_19.dqdimacs,58,194
./benchmark_tests/original/Biere/adder_3_2/pec_adder_3_bit_2_19.dqdimacs,59,236
./benchmark_tests/original/Biere/adder_3_2/pec_adder_3_bit_2_19.dqdimacs,60,230
./benchmark_tests/original/Biere/adder_3_2/pec_adder_3_bit_2_19.dqdimacs,61,232
./benchmark_tests/original/Biere/adder_3_2/pec_adder_3_bit_2_19.dqdimacs,62,233
./benchmark_tests/original/Biere/adder_3_2/pec_adder_3_bit_2_19.dqdimacs,63,231
./benchmark_tests/original/Biere/adder_3_2/pec_adder_3_bit_2_19.dqdimacs,64,226
./benchmark_tests/original/Biere/adder_3_2/pec_adder_3_bit_2_19.dqdimacs,65,202
./benchmark_tests/original/Biere/adder_3_2/pec_adder_3_bit_2_19.dqdimacs,66,178
./benchmark_tests/original/Biere/adder_3_2/pec_adder_3_bit_2_19.dqdimacs,67,158
./benchmark_tests/original/Biere/adder_3_2/pec_adder_3_bit_2_19.dqdimacs,68,140
./benchmark_tests/original/Biere/adder_3_2/pec_adder_3_bit_2_19.dqdimacs,69,128
./benchmark_tests/original/Biere/adder_3_2/pec_adder_3_bit_2_19.dqdimacs,70,123
./benchmark_tests/original/Biere/adder_3_2/pec_adder_3_bit_2_19.dqdimacs,71,124
./benchmark_tests/original/Biere/adder_3_2/pec_adder_3_bit_2_19.dqdimacs,72,123
./benchmark_tests/original/Biere/adder_3_2/pec_adder_3_bit_2_1.dqdimacs,4,204
./benchmark_tests/original/Biere/adder_3_2/pec_adder_3_bit_2_1.dqdimacs,5,157
./benchmark_tests/original/Biere/adder_3_2/pec_adder_3_bit_2_1.dqdimacs,6,157
./benchmark_tests/original/Biere/adder_3_2/pec_adder_3_bit_2_1.dqdimacs,10,156
./benchmark_tests/original/Biere/adder_3_2/pec_adder_3_bit_2_1.dqdimacs,11,157
./benchmark_tests/original/Biere/adder_3_2/pec_adder_3_bit_2_1.dqdimacs,12,157
./benchmark_tests/original/Biere/adder_3_2/pec_adder_3_bit_2_1.dqdimacs,13,158
./benchmark_tests/original/Biere/adder_3_2/pec_adder_3_bit_2_1.dqdimacs,17,157
./benchmark_tests/original/Biere/adder_3_2/pec_adder_3_bit_2_1.dqdimacs,18,158
./benchmark_tests/original/Biere/adder_3_2/pec_adder_3_bit_2_1.dqdimacs,19,149
./benchmark_tests/original/Biere/adder_3_2/pec_adder_3_bit_2_1.dqdimacs,20,143
./benchmark_tests/original/Biere/adder_3_2/pec_adder_3_bit_2_1.dqdimacs,22,129
./benchmark_tests/original/Biere/adder_3_2/pec_adder_3_bit_2_1.dqdimacs,23,118
./benchmark_tests/original/Biere/adder_3_2/pec_adder_3_bit_2_1.dqdimacs,24,108
./benchmark_tests/original/Biere/adder_3_2/pec_adder_3_bit_2_1.dqdimacs,25,102
./benchmark_tests/original/Biere/adder_3_2/pec_adder_3_bit_2_1.dqdimacs,26,94
./benchmark_tests/original/Biere/adder_3_2/pec_adder_3_bit_2_1.dqdimacs,27,90
./benchmark_tests/original/Biere/adder_3_2/pec_adder_3_bit_2_1.dqdimacs,29,84
./benchmark_tests/original/Biere/adder_3_2/pec_adder_3_bit_2_1.dqdimacs,30,83
./benchmark_tests/original/Biere/adder_3_2/pec_adder_3_bit_2_1.dqdimacs,31,86
./benchmark_tests/original/Biere/adder_3_2/pec_adder_3_bit_2_1.dqdimacs,33,83
./benchmark_tests/original/Biere/adder_3_2/pec_adder_3_bit_2_1.dqdimacs,34,83
./benchmark_tests/original/Biere/adder_3_2/pec_adder_3_bit_2_1.dqdimacs,35,84
./benchmark_tests/original/Biere/adder_3_2/pec_adder_3_bit_2_1.dqdimacs,36,84
./benchmark_tests/original/Biere/adder_3_2/pec_adder_3_bit_2_1.dqdimacs,37,83
./benchmark_tests/original/Biere/adder_3_2/pec_adder_3_bit_2_1.dqdimacs,38,85
./benchmark_tests/original/Biere/adder_3_2/pec_adder_3_bit_2_1.dqdimacs,39,83
./benchmark_tests/original/Biere/adder_3_2/pec_adder_3_bit_2_1.dqdimacs,40,83
./benchmark_tests/original/Biere/adder_3_2/pec_adder_3_bit_2_1.dqdimacs,41,84
./benchmark_tests/original/Biere/adder_3_2/pec_adder_3_bit_2_1.dqdimacs,42,84
./benchmark_tests/original/Biere/adder_3_2/pec_adder_3_bit_2_1.dqdimacs,43,84
./benchmark_tests/original/Biere/adder_3_2/pec_adder_3_bit_2_1.dqdimacs,44,84
./benchmark_tests/original/Biere/adder_3_2/pec_adder_3_bit_2_1.dqdimacs,45,84
./benchmark_tests/original/Biere/adder_3_2/pec_adder_3_bit_2_1.dqdimacs,46,84
./benchmark_tests/original/Biere/adder_3_2/pec_adder_3_bit_2_1.dqdimacs,47,84
./benchmark_tests/original/Biere/adder_3_2/pec_adder_3_bit_2_1.dqdimacs,48,83
./benchmark_tests/original/Biere/adder_3_2/pec_adder_3_bit_2_1.dqdimacs,49,84
./benchmark_tests/original/Biere/adder_3_2/pec_adder_3_bit_2_1.dqdimacs,50,84
./benchmark_tests/original/Biere/adder_3_2/pec_adder_3_bit_2_1.dqdimacs,51,84
./benchmark_tests/original/Biere/adder_3_2/pec_adder_3_bit_2_1.dqdimacs,52,83
./benchmark_tests/original/Biere/adder_3_2/pec_adder_3_bit_2_1.dqdimacs,53,84
./benchmark_tests/original/Biere/adder_3_2/pec_adder_3_bit_2_1.dqdimacs,54,84
./benchmark_tests/original/Biere/adder_3_2/pec_adder_3_bit_2_1.dqdimacs,55,83
./benchmark_tests/original/Biere/adder_3_2/pec_adder_3_bit_2_1.dqdimacs,56,84
./benchmark_tests/original/Biere/adder_3_2/pec_adder_3_bit_2_1.dqdimacs,57,83
./benchmark_tests/original/Biere/adder_3_2/pec_adder_3_bit_2_20.dqdimacs,4,361
./benchmark_tests/original/Biere/adder_3_2/pec_adder_3_bit_2_20.dqdimacs,5,318
./benchmark_tests/original/Biere/adder_3_2/pec_adder_3_bit_2_20.dqdimacs,6,318
./benchmark_tests/original/Biere/adder_3_2/pec_adder_3_bit_2_20.dqdimacs,10,317
./benchmark_tests/original/Biere/adder_3_2/pec_adder_3_bit_2_20.dqdimacs,11,310
./benchmark_tests/original/Biere/adder_3_2/pec_adder_3_bit_2_20.dqdimacs,12,270
./benchmark_tests/original/Biere/adder_3_2/pec_adder_3_bit_2_20.dqdimacs,13,228
./benchmark_tests/original/Biere/adder_3_2/pec_adder_3_bit_2_20.dqdimacs,17,195
./benchmark_tests/original/Biere/adder_3_2/pec_adder_3_bit_2_20.dqdimacs,18,170
./benchmark_tests/original/Biere/adder_3_2/pec_adder_3_bit_2_20.dqdimacs,19,165
./benchmark_tests/original/Biere/adder_3_2/pec_adder_3_bit_2_20.dqdimacs,20,167
./benchmark_tests/original/Biere/adder_3_2/pec_adder_3_bit_2_20.dqdimacs,22,169
./benchmark_tests/original/Biere/adder_3_2/pec_adder_3_bit_2_20.dqdimacs,23,167
./benchmark_tests/original/Biere/adder_3_2/pec_adder_3_bit_2_20.dqdimacs,24,167
./benchmark_tests/original/Biere/adder_3_2/pec_adder_3_bit_2_20.dqdimacs,25,166
./benchmark_tests/original/Biere/adder_3_2/pec_adder_3_bit_2_20.dqdimacs,26,166
./benchmark_tests/original/Biere/adder_3_2/pec_adder_3_bit_2_20.dqdimacs,27,168
./benchmark_tests/original/Biere/adder_3_2/pec_adder_3_bit_2_20.dqdimacs,29,167
./benchmark_tests/original/Biere/adder_3_2/pec_adder_3_bit_2_20.dqdimacs,30,167
./benchmark_tests/original/Biere/adder_3_2/pec_adder_3_bit_2_20.dqdimacs,31,168
./benchmark_tests/original/Biere/adder_3_2/pec_adder_3_bit_2_20.dqdimacs,33,168
./benchmark_tests/original/Biere/adder_3_2/pec_adder_3_bit_2_20.dqdimacs,34,169
./benchmark_tests/original/Biere/adder_3_2/pec_adder_3_bit_2_20.dqdimacs,35,172
./benchmark_tests/original/Biere/adder_3_2/pec_adder_3_bit_2_20.dqdimacs,37,167
./benchmark_tests/original/Biere/adder_3_2/pec_adder_3_bit_2_20.dqdimacs,38,167
./benchmark_tests/original/Biere/adder_3_2/pec_adder_3_bit_2_20.dqdimacs,39,170
./benchmark_tests/original/Biere/adder_3_2/pec_adder_3_bit_2_20.dqdimacs,41,168
./benchmark_tests/original/Biere/adder_3_2/pec_adder_3_bit_2_20.dqdimacs,42,167
./benchmark_tests/original/Biere/adder_3_2/pec_adder_3_bit_2_20.dqdimacs,43,172
./benchmark_tests/original/Biere/adder_3_2/pec_adder_3_bit_2_20.dqdimacs,45,167
./benchmark_tests/original/Biere/adder_3_2/pec_adder_3_bit_2_20.dqdimacs,46,167
./benchmark_tests/original/Biere/adder_3_2/pec_adder_3_bit_2_20.dqdimacs,47,169
./benchmark_tests/original/Biere/adder_3_2/pec_adder_3_bit_2_20.dqdimacs,48,172
./benchmark_tests/original/Biere/adder_3_2/pec_adder_3_bit_2_20.dqdimacs,50,167
./benchmark_tests/original/Biere/adder_3_2/pec_adder_3_bit_2_20.dqdimacs,51,168
./benchmark_tests/original/Biere/adder_3_2/pec_adder_3_bit_2_20.dqdimacs,52,170
./benchmark_tests/original/Biere/adder_3_2/pec_adder_3_bit_2_20.dqdimacs,53,173
./benchmark_tests/original/Biere/adder_3_2/pec_adder_3_bit_2_20.dqdimacs,55,170
./benchmark_tests/original/Biere/adder_3_2/pec_adder_3_bit_2_20.dqdimacs,56,169
./benchmark_tests/original/Biere/adder_3_2/pec_adder_3_bit_2_20.dqdimacs,57,169
./benchmark_tests/original/Biere/adder_3_2/pec_adder_3_bit_2_20.dqdimacs,58,171
./benchmark_tests/original/Biere/adder_3_2/pec_adder_3_bit_2_20.dqdimacs,59,170
./benchmark_tests/original/Biere/adder_3_2/pec_adder_3_bit_2_20.dqdimacs,60,170
./benchmark_tests/original/Biere/adder_3_2/pec_adder_3_bit_2_20.dqdimacs,61,169
./benchmark_tests/original/Biere/adder_3_2/pec_adder_3_bit_2_20.dqdimacs,62,168
./benchmark_tests/original/Biere/adder_3_2/pec_adder_3_bit_2_20.dqdimacs,63,168
./benchmark_tests/original/Biere/adder_3_2/pec_adder_3_bit_2_20.dqdimacs,64,168
./benchmark_tests/original/Biere/adder_3_2/pec_adder_3_bit_2_20.dqdimacs,65,168
./benchmark_tests/original/Biere/adder_3_2/pec_adder_3_bit_2_20.dqdimacs,66,167
./benchmark_tests/original/Biere/adder_3_2/pec_adder_3_bit_2_20.dqdimacs,67,166
./benchmark_tests/original/Biere/adder_3_2/pec_adder_3_bit_2_20.dqdimacs,68,168
./benchmark_tests/original/Biere/adder_3_2/pec_adder_3_bit_2_20.dqdimacs,69,169
./benchmark_tests/original/Biere/adder_3_2/pec_adder_3_bit_2_20.dqdimacs,70,170
./benchmark_tests/original/Biere/adder_3_2/pec_adder_3_bit_2_20.dqdimacs,71,169
./benchmark_tests/original/Biere/adder_3_2/pec_adder_3_bit_2_20.dqdimacs,72,169
./benchmark_tests/original/Biere/adder_3_2/pec_adder_3_bit_2_20.dqdimacs,73,169
./benchmark_tests/original/Biere/adder_3_2/pec_adder_3_bit_2_20.dqdimacs,74,170
./benchmark_tests/original/Biere/adder_3_2/pec_adder_3_bit_2_20.dqdimacs,75,170
./benchmark_tests/original/Biere/adder_3_2/pec_adder_3_bit_2_20.dqdimacs,76,170
./benchmark_tests/original/Biere/adder_3_2/pec_adder_3_bit_2_21.dqdimacs,4,296
./benchmark_tests/original/Biere/adder_3_2/pec_adder_3_bit_2_21.dqdimacs,5,251
./benchmark_tests/original/Biere/adder_3_2/pec_adder_3_bit_2_21.dqdimacs,6,250
./benchmark_tests/original/Biere/adder_3_2/pec_adder_3_bit_2_21.dqdimacs,10,250
./benchmark_tests/original/Biere/adder_3_2/pec_adder_3_bit_2_21.dqdimacs,11,251
./benchmark_tests/original/Biere/adder_3_2/pec_adder_3_bit_2_21.dqdimacs,12,248
./benchmark_tests/original/Biere/adder_3_2/pec_adder_3_bit_2_21.dqdimacs,13,228
./benchmark_tests/original/Biere/adder_3_2/pec_adder_3_bit_2_21.dqdimacs,17,200
./benchmark_tests/original/Biere/adder_3_2/pec_adder_3_bit_2_21.dqdimacs,18,174
./benchmark_tests/original/Biere/adder_3_2/pec_adder_3_bit_2_21.dqdimacs,19,154
./benchmark_tests/original/Biere/adder_3_2/pec_adder_3_bit_2_21.dqdimacs,20,139
./benchmark_tests/original/Biere/adder_3_2/pec_adder_3_bit_2_21.dqdimacs,22,130
./benchmark_tests/original/Biere/adder_3_2/pec_adder_3_bit_2_21.dqdimacs,23,131
./benchmark_tests/original/Biere/adder_3_2/pec_adder_3_bit_2_21.dqdimacs,24,131
./benchmark_tests/original/Biere/adder_3_2/pec_adder_3_bit_2_21.dqdimacs,25,132
./benchmark_tests/original/Biere/adder_3_2/pec_adder_3_bit_2_21.dqdimacs,26,132
./benchmark_tests/original/Biere/adder_3_2/pec_adder_3_bit_2_21.dqdimacs,27,133
./benchmark_tests/original/Biere/adder_3_2/pec_adder_3_bit_2_21.dqdimacs,29,132
./benchmark_tests/original/Biere/adder_3_2/pec_adder_3_bit_2_21.dqdimacs,30,132
./benchmark_tests/original/Biere/adder_3_2/pec_adder_3_bit_2_21.dqdimacs,31,134
./benchmark_tests/original/Biere/adder_3_2/pec_adder_3_bit_2_21.dqdimacs,33,131
./benchmark_tests/original/Biere/adder_3_2/pec_adder_3_bit_2_21.dqdimacs,34,132
./benchmark_tests/original/Biere/adder_3_2/pec_adder_3_bit_2_21.dqdimacs,35,135
./benchmark_tests/original/Biere/adder_3_2/pec_adder_3_bit_2_21.dqdimacs,37,132
./benchmark_tests/original/Biere/adder_3_2/pec_adder_3_bit_2_21.dqdimacs,38,132
./benchmark_tests/original/Biere/adder_3_2/pec_adder_3_bit_2_21.dqdimacs,39,136
./benchmark_tests/original/Biere/adder_3_2/pec_adder_3_bit_2_21.dqdimacs,41,132
./benchmark_tests/original/Biere/adder_3_2/pec_adder_3_bit_2_21.dqdimacs,42,132
./benchmark_tests/original/Biere/adder_3_2/pec_adder_3_bit_2_21.dqdimacs,43,132
./benchmark_tests/original/Biere/adder_3_2/pec_adder_3_bit_2_21.dqdimacs,44,133
./benchmark_tests/original/Biere/adder_3_2/pec_adder_3_bit_2_21.dqdimacs,45,135
./benchmark_tests/original/Biere/adder_3_2/pec_adder_3_bit_2_21.dqdimacs,47,132
./benchmark_tests/original/Biere/adder_3_2/pec_adder_3_bit_2_21.dqdimacs,48,131
./benchmark_tests/original/Biere/adder_3_2/pec_adder_3_bit_2_21.dqdimacs,49,132
./benchmark_tests/original/Biere/adder_3_2/pec_adder_3_bit_2_21.dqdimacs,50,132
./benchmark_tests/original/Biere/adder_3_2/pec_adder_3_bit_2_21.dqdimacs,51,136
./benchmark_tests/original/Biere/adder_3_2/pec_adder_3_bit_2_21.dqdimacs,53,133
./benchmark_tests/original/Biere/adder_3_2/pec_adder_3_bit_2_21.dqdimacs,54,133
./benchmark_tests/original/Biere/adder_3_2/pec_adder_3_bit_2_21.dqdimacs,55,133
./benchmark_tests/original/Biere/adder_3_2/pec_adder_3_bit_2_21.dqdimacs,56,134
./benchmark_tests/original/Biere/adder_3_2/pec_adder_3_bit_2_21.dqdimacs,57,134
./benchmark_tests/original/Biere/adder_3_2/pec_adder_3_bit_2_21.dqdimacs,58,134
./benchmark_tests/original/Biere/adder_3_2/pec_adder_3_bit_2_21.dqdimacs,59,133
./benchmark_tests/original/Biere/adder_3_2/pec_adder_3_bit_2_21.dqdimacs,60,133
./benchmark_tests/original/Biere/adder_3_2/pec_adder_3_bit_2_21.dqdimacs,61,132
./benchmark_tests/original/Biere/adder_3_2/pec_adder_3_bit_2_21.dqdimacs,62,133
./benchmark_tests/original/Biere/adder_3_2/pec_adder_3_bit_2_21.dqdimacs,63,134
./benchmark_tests/original/Biere/adder_3_2/pec_adder_3_bit_2_21.dqdimacs,64,133
./benchmark_tests/original/Biere/adder_3_2/pec_adder_3_bit_2_21.dqdimacs,65,133
./benchmark_tests/original/Biere/adder_3_2/pec_adder_3_bit_2_21.dqdimacs,66,134
./benchmark_tests/original/Biere/adder_3_2/pec_adder_3_bit_2_21.dqdimacs,67,132
./benchmark_tests/original/Biere/adder_3_2/pec_adder_3_bit_2_21.dqdimacs,68,133
./benchmark_tests/original/Biere/adder_3_2/pec_adder_3_bit_2_21.dqdimacs,69,133
./benchmark_tests/original/Biere/adder_3_2/pec_adder_3_bit_2_21.dqdimacs,70,132
./benchmark_tests/original/Biere/adder_3_2/pec_adder_3_bit_2_21.dqdimacs,71,132
./benchmark_tests/original/Biere/adder_3_2/pec_adder_3_bit_2_21.dqdimacs,72,133
./benchmark_tests/original/Biere/adder_3_2/pec_adder_3_bit_2_21.dqdimacs,73,132
./benchmark_tests/original/Biere/adder_3_2/pec_adder_3_bit_2_22.dqdimacs,4,227
./benchmark_tests/original/Biere/adder_3_2/pec_adder_3_bit_2_22.dqdimacs,5,264
./benchmark_tests/original/Biere/adder_3_2/pec_adder_3_bit_2_22.dqdimacs,6,204
./benchmark_tests/original/Biere/adder_3_2/pec_adder_3_bit_2_22.dqdimacs,10,201
./benchmark_tests/original/Biere/adder_3_2/pec_adder_3_bit_2_22.dqdimacs,11,203
./benchmark_tests/original/Biere/adder_3_2/pec_adder_3_bit_2_22.dqdimacs,12,203
./benchmark_tests/original/Biere/adder_3_2/pec_adder_3_bit_2_22.dqdimacs,13,202
./benchmark_tests/original/Biere/adder_3_2/pec_adder_3_bit_2_22.dqdimacs,17,187
./benchmark_tests/original/Biere/adder_3_2/pec_adder_3_bit_2_22.dqdimacs,18,170
./benchmark_tests/original/Biere/adder_3_2/pec_adder_3_bit_2_22.dqdimacs,19,153
./benchmark_tests/original/Biere/adder_3_2/pec_adder_3_bit_2_22.dqdimacs,20,140
./benchmark_tests/original/Biere/adder_3_2/pec_adder_3_bit_2_22.dqdimacs,22,125
./benchmark_tests/original/Biere/adder_3_2/pec_adder_3_bit_2_22.dqdimacs,23,114
./benchmark_tests/original/Biere/adder_3_2/pec_adder_3_bit_2_22.dqdimacs,24,108
./benchmark_tests/original/Biere/adder_3_2/pec_adder_3_bit_2_22.dqdimacs,25,107
./benchmark_tests/original/Biere/adder_3_2/pec_adder_3_bit_2_22.dqdimacs,26,108
./benchmark_tests/original/Biere/adder_3_2/pec_adder_3_bit_2_22.dqdimacs,27,110
./benchmark_tests/original/Biere/adder_3_2/pec_adder_3_bit_2_22.dqdimacs,29,108
./benchmark_tests/original/Biere/adder_3_2/pec_adder_3_bit_2_22.dqdimacs,30,108
./benchmark_tests/original/Biere/adder_3_2/pec_adder_3_bit_2_22.dqdimacs,31,111
./benchmark_tests/original/Biere/adder_3_2/pec_adder_3_bit_2_22.dqdimacs,33,108
./benchmark_tests/original/Biere/adder_3_2/pec_adder_3_bit_2_22.dqdimacs,34,112
./benchmark_tests/original/Biere/adder_3_2/pec_adder_3_bit_2_22.dqdimacs,35,110
./benchmark_tests/original/Biere/adder_3_2/pec_adder_3_bit_2_22.dqdimacs,37,107
./benchmark_tests/original/Biere/adder_3_2/pec_adder_3_bit_2_22.dqdimacs,38,107
./benchmark_tests/original/Biere/adder_3_2/pec_adder_3_bit_2_22.dqdimacs,39,107
./benchmark_tests/original/Biere/adder_3_2/pec_adder_3_bit_2_22.dqdimacs,40,107
./benchmark_tests/original/Biere/adder_3_2/pec_adder_3_bit_2_22.dqdimacs,41,110
./benchmark_tests/original/Biere/adder_3_2/pec_adder_3_bit_2_22.dqdimacs,43,106
./benchmark_tests/original/Biere/adder_3_2/pec_adder_3_bit_2_22.dqdimacs,44,107
./benchmark_tests/original/Biere/adder_3_2/pec_adder_3_bit_2_22.dqdimacs,45,106
./benchmark_tests/original/Biere/adder_3_2/pec_adder_3_bit_2_22.dqdimacs,46,110
./benchmark_tests/original/Biere/adder_3_2/pec_adder_3_bit_2_22.dqdimacs,48,107
./benchmark_tests/original/Biere/adder_3_2/pec_adder_3_bit_2_22.dqdimacs,49,108
./benchmark_tests/original/Biere/adder_3_2/pec_adder_3_bit_2_22.dqdimacs,50,111
./benchmark_tests/original/Biere/adder_3_2/pec_adder_3_bit_2_22.dqdimacs,51,108
./benchmark_tests/original/Biere/adder_3_2/pec_adder_3_bit_2_22.dqdimacs,52,107
./benchmark_tests/original/Biere/adder_3_2/pec_adder_3_bit_2_22.dqdimacs,53,107
./benchmark_tests/original/Biere/adder_3_2/pec_adder_3_bit_2_22.dqdimacs,54,108
./benchmark_tests/original/Biere/adder_3_2/pec_adder_3_bit_2_22.dqdimacs,55,108
./benchmark_tests/original/Biere/adder_3_2/pec_adder_3_bit_2_22.dqdimacs,56,109
./benchmark_tests/original/Biere/adder_3_2/pec_adder_3_bit_2_22.dqdimacs,57,108
./benchmark_tests/original/Biere/adder_3_2/pec_adder_3_bit_2_22.dqdimacs,58,107
./benchmark_tests/original/Biere/adder_3_2/pec_adder_3_bit_2_22.dqdimacs,59,107
./benchmark_tests/original/Biere/adder_3_2/pec_adder_3_bit_2_22.dqdimacs,60,108
./benchmark_tests/original/Biere/adder_3_2/pec_adder_3_bit_2_22.dqdimacs,61,110
./benchmark_tests/original/Biere/adder_3_2/pec_adder_3_bit_2_22.dqdimacs,62,107
./benchmark_tests/original/Biere/adder_3_2/pec_adder_3_bit_2_22.dqdimacs,63,108
./benchmark_tests/original/Biere/adder_3_2/pec_adder_3_bit_2_22.dqdimacs,64,109
./benchmark_tests/original/Biere/adder_3_2/pec_adder_3_bit_2_22.dqdimacs,65,108
./benchmark_tests/original/Biere/adder_3_2/pec_adder_3_bit_2_22.dqdimacs,66,107
./benchmark_tests/original/Biere/adder_3_2/pec_adder_3_bit_2_22.dqdimacs,67,108
./benchmark_tests/original/Biere/adder_3_2/pec_adder_3_bit_2_22.dqdimacs,68,108
./benchmark_tests/original/Biere/adder_3_2/pec_adder_3_bit_2_22.dqdimacs,69,109
./benchmark_tests/original/Biere/adder_3_2/pec_adder_3_bit_2_22.dqdimacs,70,108
./benchmark_tests/original/Biere/adder_3_2/pec_adder_3_bit_2_23.dqdimacs,4,307
./benchmark_tests/original/Biere/adder_3_2/pec_adder_3_bit_2_23.dqdimacs,5,261
./benchmark_tests/original/Biere/adder_3_2/pec_adder_3_bit_2_23.dqdimacs,6,262
./benchmark_tests/original/Biere/adder_3_2/pec_adder_3_bit_2_23.dqdimacs,10,262
./benchmark_tests/original/Biere/adder_3_2/pec_adder_3_bit_2_23.dqdimacs,11,260
./benchmark_tests/original/Biere/adder_3_2/pec_adder_3_bit_2_23.dqdimacs,12,255
./benchmark_tests/original/Biere/adder_3_2/pec_adder_3_bit_2_23.dqdimacs,13,229
./benchmark_tests/original/Biere/adder_3_2/pec_adder_3_bit_2_23.dqdimacs,17,200
./benchmark_tests/original/Biere/adder_3_2/pec_adder_3_bit_2_23.dqdimacs,18,173
./benchmark_tests/original/Biere/adder_3_2/pec_adder_3_bit_2_23.dqdimacs,19,153
./benchmark_tests/original/Biere/adder_3_2/pec_adder_3_bit_2_23.dqdimacs,20,142
./benchmark_tests/original/Biere/adder_3_2/pec_adder_3_bit_2_23.dqdimacs,22,140
./benchmark_tests/original/Biere/adder_3_2/pec_adder_3_bit_2_23.dqdimacs,23,140
./benchmark_tests/original/Biere/adder_3_2/pec_adder_3_bit_2_23.dqdimacs,24,140
./benchmark_tests/original/Biere/adder_3_2/pec_adder_3_bit_2_23.dqdimacs,25,141
./benchmark_tests/original/Biere/adder_3_2/pec_adder_3_bit_2_23.dqdimacs,26,140
./benchmark_tests/original/Biere/adder_3_2/pec_adder_3_bit_2_23.dqdimacs,27,141
./benchmark_tests/original/Biere/adder_3_2/pec_adder_3_bit_2_23.dqdimacs,29,139
./benchmark_tests/original/Biere/adder_3_2/pec_adder_3_bit_2_23.dqdimacs,30,139
./benchmark_tests/original/Biere/adder_3_2/pec_adder_3_bit_2_23.dqdimacs,31,141
./benchmark_tests/original/Biere/adder_3_2/pec_adder_3_bit_2_23.dqdimacs,33,138
./benchmark_tests/original/Biere/adder_3_2/pec_adder_3_bit_2_23.dqdimacs,34,139
./benchmark_tests/original/Biere/adder_3_2/pec_adder_3_bit_2_23.dqdimacs,35,141
./benchmark_tests/original/Biere/adder_3_2/pec_adder_3_bit_2_23.dqdimacs,37,139
./benchmark_tests/original/Biere/adder_3_2/pec_adder_3_bit_2_23.dqdimacs,38,139
./benchmark_tests/original/Biere/adder_3_2/pec_adder_3_bit_2_23.dqdimacs,39,141
./benchmark_tests/original/Biere/adder_3_2/pec_adder_3_bit_2_23.dqdimacs,41,137
./benchmark_tests/original/Biere/adder_3_2/pec_adder_3_bit_2_23.dqdimacs,42,138
./benchmark_tests/original/Biere/adder_3_2/pec_adder_3_bit_2_23.dqdimacs,43,138
./benchmark_tests/original/Biere/adder_3_2/pec_adder_3_bit_2_23.dqdimacs,44,138
./benchmark_tests/original/Biere/adder_3_2/pec_adder_3_bit_2_23.dqdimacs,45,141
./benchmark_tests/original/Biere/adder_3_2/pec_adder_3_bit_2_23.dqdimacs,47,138
./benchmark_tests/original/Biere/adder_3_2/pec_adder_3_bit_2_23.dqdimacs,48,138
./benchmark_tests/original/Biere/adder_3_2/pec_adder_3_bit_2_23.dqdimacs,49,141
./benchmark_tests/original/Biere/adder_3_2/pec_adder_3_bit_2_23.dqdimacs,51,138
./benchmark_tests/original/Biere/adder_3_2/pec_adder_3_bit_2_23.dqdimacs,52,139
./benchmark_tests/original/Biere/adder_3_2/pec_adder_3_bit_2_23.dqdimacs,53,143
./benchmark_tests/original/Biere/adder_3_2/pec_adder_3_bit_2_23.dqdimacs,54,138
./benchmark_tests/original/Biere/adder_3_2/pec_adder_3_bit_2_23.dqdimacs,55,137
./benchmark_tests/original/Biere/adder_3_2/pec_adder_3_bit_2_23.dqdimacs,56,139
./benchmark_tests/original/Biere/adder_3_2/pec_adder_3_bit_2_23.dqdimacs,57,138
./benchmark_tests/original/Biere/adder_3_2/pec_adder_3_bit_2_23.dqdimacs,58,138
./benchmark_tests/original/Biere/adder_3_2/pec_adder_3_bit_2_23.dqdimacs,59,138
./benchmark_tests/original/Biere/adder_3_2/pec_adder_3_bit_2_23.dqdimacs,60,138
./benchmark_tests/original/Biere/adder_3_2/pec_adder_3_bit_2_23.dqdimacs,61,138
./benchmark_tests/original/Biere/adder_3_2/pec_adder_3_bit_2_23.dqdimacs,62,139
./benchmark_tests/original/Biere/adder_3_2/pec_adder_3_bit_2_23.dqdimacs,63,139
./benchmark_tests/original/Biere/adder_3_2/pec_adder_3_bit_2_23.dqdimacs,64,139
./benchmark_tests/original/Biere/adder_3_2/pec_adder_3_bit_2_23.dqdimacs,65,138
./benchmark_tests/original/Biere/adder_3_2/pec_adder_3_bit_2_23.dqdimacs,66,140
./benchmark_tests/original/Biere/adder_3_2/pec_adder_3_bit_2_23.dqdimacs,67,139
./benchmark_tests/original/Biere/adder_3_2/pec_adder_3_bit_2_23.dqdimacs,68,138
./benchmark_tests/original/Biere/adder_3_2/pec_adder_3_bit_2_23.dqdimacs,69,138
./benchmark_tests/original/Biere/adder_3_2/pec_adder_3_bit_2_23.dqdimacs,70,139
./benchmark_tests/original/Biere/adder_3_2/pec_adder_3_bit_2_23.dqdimacs,71,140
./benchmark_tests/original/Biere/adder_3_2/pec_adder_3_bit_2_23.dqdimacs,72,137
./benchmark_tests/original/Biere/adder_3_2/pec_adder_3_bit_2_24.dqdimacs,4,303
./benchmark_tests/original/Biere/adder_3_2/pec_adder_3_bit_2_24.dqdimacs,5,254
./benchmark_tests/original/Biere/adder_3_2/pec_adder_3_bit_2_24.dqdimacs,6,254
./benchmark_tests/original/Biere/adder_3_2/pec_adder_3_bit_2_24.dqdimacs,10,249
./benchmark_tests/original/Biere/adder_3_2/pec_adder_3_bit_2_24.dqdimacs,11,229
./benchmark_tests/original/Biere/adder_3_2/pec_adder_3_bit_2_24.dqdimacs,12,226
./benchmark_tests/original/Biere/adder_3_2/pec_adder_3_bit_2_24.dqdimacs,13,212
./benchmark_tests/original/Biere/adder_3_2/pec_adder_3_bit_2_24.dqdimacs,17,189
./benchmark_tests/original/Biere/adder_3_2/pec_adder_3_bit_2_24.dqdimacs,18,167
./benchmark_tests/original/Biere/adder_3_2/pec_adder_3_bit_2_24.dqdimacs,19,147
./benchmark_tests/original/Biere/adder_3_2/pec_adder_3_bit_2_24.dqdimacs,20,134
./benchmark_tests/original/Biere/adder_3_2/pec_adder_3_bit_2_24.dqdimacs,22,122
./benchmark_tests/original/Biere/adder_3_2/pec_adder_3_bit_2_24.dqdimacs,23,121
./benchmark_tests/original/Biere/adder_3_2/pec_adder_3_bit_2_24.dqdimacs,24,123
./benchmark_tests/original/Biere/adder_3_2/pec_adder_3_bit_2_24.dqdimacs,25,123
./benchmark_tests/original/Biere/adder_3_2/pec_adder_3_bit_2_24.dqdimacs,26,123
./benchmark_tests/original/Biere/adder_3_2/pec_adder_3_bit_2_24.dqdimacs,27,130
./benchmark_tests/original/Biere/adder_3_2/pec_adder_3_bit_2_24.dqdimacs,29,121
./benchmark_tests/original/Biere/adder_3_2/pec_adder_3_bit_2_24.dqdimacs,30,122
./benchmark_tests/original/Biere/adder_3_2/pec_adder_3_bit_2_24.dqdimacs,31,123
./benchmark_tests/original/Biere/adder_3_2/pec_adder_3_bit_2_24.dqdimacs,33,122
./benchmark_tests/original/Biere/adder_3_2/pec_adder_3_bit_2_24.dqdimacs,34,123
./benchmark_tests/original/Biere/adder_3_2/pec_adder_3_bit_2_24.dqdimacs,35,124
./benchmark_tests/original/Biere/adder_3_2/pec_adder_3_bit_2_24.dqdimacs,37,121
./benchmark_tests/original/Biere/adder_3_2/pec_adder_3_bit_2_24.dqdimacs,38,120
./benchmark_tests/original/Biere/adder_3_2/pec_adder_3_bit_2_24.dqdimacs,39,123
./benchmark_tests/original/Biere/adder_3_2/pec_adder_3_bit_2_24.dqdimacs,41,121
./benchmark_tests/original/Biere/adder_3_2/pec_adder_3_bit_2_24.dqdimacs,42,122
./benchmark_tests/original/Biere/adder_3_2/pec_adder_3_bit_2_24.dqdimacs,43,124
./benchmark_tests/original/Biere/adder_3_2/pec_adder_3_bit_2_24.dqdimacs,45,123
./benchmark_tests/original/Biere/adder_3_2/pec_adder_3_bit_2_24.dqdimacs,46,123
./benchmark_tests/original/Biere/adder_3_2/pec_adder_3_bit_2_24.dqdimacs,47,122
./benchmark_tests/original/Biere/adder_3_2/pec_adder_3_bit_2_24.dqdimacs,48,122
./benchmark_tests/original/Biere/adder_3_2/pec_adder_3_bit_2_24.dqdimacs,49,125
./benchmark_tests/original/Biere/adder_3_2/pec_adder_3_bit_2_24.dqdimacs,50,122
./benchmark_tests/original/Biere/adder_3_2/pec_adder_3_bit_2_24.dqdimacs,51,121
./benchmark_tests/original/Biere/adder_3_2/pec_adder_3_bit_2_24.dqdimacs,52,122
./benchmark_tests/original/Biere/adder_3_2/pec_adder_3_bit_2_24.dqdimacs,53,122
./benchmark_tests/original/Biere/adder_3_2/pec_adder_3_bit_2_24.dqdimacs,54,122
./benchmark_tests/original/Biere/adder_3_2/pec_adder_3_bit_2_24.dqdimacs,55,123
./benchmark_tests/original/Biere/adder_3_2/pec_adder_3_bit_2_24.dqdimacs,56,123
./benchmark_tests/original/Biere/adder_3_2/pec_adder_3_bit_2_24.dqdimacs,57,123
./benchmark_tests/original/Biere/adder_3_2/pec_adder_3_bit_2_24.dqdimacs,58,121
./benchmark_tests/original/Biere/adder_3_2/pec_adder_3_bit_2_24.dqdimacs,59,121
./benchmark_tests/original/Biere/adder_3_2/pec_adder_3_bit_2_24.dqdimacs,60,123
./benchmark_tests/original/Biere/adder_3_2/pec_adder_3_bit_2_24.dqdimacs,61,120
./benchmark_tests/original/Biere/adder_3_2/pec_adder_3_bit_2_24.dqdimacs,62,121
./benchmark_tests/original/Biere/adder_3_2/pec_adder_3_bit_2_24.dqdimacs,63,119
./benchmark_tests/original/Biere/adder_3_2/pec_adder_3_bit_2_24.dqdimacs,64,120
./benchmark_tests/original/Biere/adder_3_2/pec_adder_3_bit_2_24.dqdimacs,65,121
./benchmark_tests/original/Biere/adder_3_2/pec_adder_3_bit_2_24.dqdimacs,66,121
./benchmark_tests/original/Biere/adder_3_2/pec_adder_3_bit_2_24.dqdimacs,67,121
./benchmark_tests/original/Biere/adder_3_2/pec_adder_3_bit_2_24.dqdimacs,68,121
./benchmark_tests/original/Biere/adder_3_2/pec_adder_3_bit_2_24.dqdimacs,69,121
./benchmark_tests/original/Biere/adder_3_2/pec_adder_3_bit_2_25.dqdimacs,4,321
./benchmark_tests/original/Biere/adder_3_2/pec_adder_3_bit_2_25.dqdimacs,5,270
./benchmark_tests/original/Biere/adder_3_2/pec_adder_3_bit_2_25.dqdimacs,6,272
./benchmark_tests/original/Biere/adder_3_2/pec_adder_3_bit_2_25.dqdimacs,10,272
./benchmark_tests/original/Biere/adder_3_2/pec_adder_3_bit_2_25.dqdimacs,11,273
./benchmark_tests/original/Biere/adder_3_2/pec_adder_3_bit_2_25.dqdimacs,12,259
./benchmark_tests/original/Biere/adder_3_2/pec_adder_3_bit_2_25.dqdimacs,13,232
./benchmark_tests/original/Biere/adder_3_2/pec_adder_3_bit_2_25.dqdimacs,17,198
./benchmark_tests/original/Biere/adder_3_2/pec_adder_3_bit_2_25.dqdimacs,18,174
./benchmark_tests/original/Biere/adder_3_2/pec_adder_3_bit_2_25.dqdimacs,19,153
./benchmark_tests/original/Biere/adder_3_2/pec_adder_3_bit_2_25.dqdimacs,20,146
./benchmark_tests/original/Biere/adder_3_2/pec_adder_3_bit_2_25.dqdimacs,22,144
./benchmark_tests/original/Biere/adder_3_2/pec_adder_3_bit_2_25.dqdimacs,23,145
./benchmark_tests/original/Biere/adder_3_2/pec_adder_3_bit_2_25.dqdimacs,24,146
./benchmark_tests/original/Biere/adder_3_2/pec_adder_3_bit_2_25.dqdimacs,25,145
./benchmark_tests/original/Biere/adder_3_2/pec_adder_3_bit_2_25.dqdimacs,26,146
./benchmark_tests/original/Biere/adder_3_2/pec_adder_3_bit_2_25.dqdimacs,27,148
./benchmark_tests/original/Biere/adder_3_2/pec_adder_3_bit_2_25.dqdimacs,29,146
./benchmark_tests/original/Biere/adder_3_2/pec_adder_3_bit_2_25.dqdimacs,30,146
./benchmark_tests/original/Biere/adder_3_2/pec_adder_3_bit_2_25.dqdimacs,31,147
./benchmark_tests/original/Biere/adder_3_2/pec_adder_3_bit_2_25.dqdimacs,32,150
./benchmark_tests/original/Biere/adder_3_2/pec_adder_3_bit_2_25.dqdimacs,34,146
./benchmark_tests/original/Biere/adder_3_2/pec_adder_3_bit_2_25.dqdimacs,35,146
./benchmark_tests/original/Biere/adder_3_2/pec_adder_3_bit_2_25.dqdimacs,36,149
./benchmark_tests/original/Biere/adder_3_2/pec_adder_3_bit_2_25.dqdimacs,38,147
./benchmark_tests/original/Biere/adder_3_2/pec_adder_3_bit_2_25.dqdimacs,39,147
./benchmark_tests/original/Biere/adder_3_2/pec_adder_3_bit_2_25.dqdimacs,40,150
./benchmark_tests/original/Biere/adder_3_2/pec_adder_3_bit_2_25.dqdimacs,42,147
./benchmark_tests/original/Biere/adder_3_2/pec_adder_3_bit_2_25.dqdimacs,43,147
./benchmark_tests/original/Biere/adder_3_2/pec_adder_3_bit_2_25.dqdimacs,44,148
./benchmark_tests/original/Biere/adder_3_2/pec_adder_3_bit_2_25.dqdimacs,46,147
./benchmark_tests/original/Biere/adder_3_2/pec_adder_3_bit_2_25.dqdimacs,47,147
./benchmark_tests/original/Biere/adder_3_2/pec_adder_3_bit_2_25.dqdimacs,48,151
./benchmark_tests/original/Biere/adder_3_2/pec_adder_3_bit_2_25.dqdimacs,50,147
./benchmark_tests/original/Biere/adder_3_2/pec_adder_3_bit_2_25.dqdimacs,51,148
./benchmark_tests/original/Biere/adder_3_2/pec_adder_3_bit_2_25.dqdimacs,52,147
./benchmark_tests/original/Biere/adder_3_2/pec_adder_3_bit_2_25.dqdimacs,53,147
./benchmark_tests/original/Biere/adder_3_2/pec_adder_3_bit_2_25.dqdimacs,54,147
./benchmark_tests/original/Biere/adder_3_2/pec_adder_3_bit_2_25.dqdimacs,55,150
./benchmark_tests/original/Biere/adder_3_2/pec_adder_3_bit_2_25.dqdimacs,56,149
./benchmark_tests/original/Biere/adder_3_2/pec_adder_3_bit_2_25.dqdimacs,57,148
./benchmark_tests/original/Biere/adder_3_2/pec_adder_3_bit_2_25.dqdimacs,58,147
./benchmark_tests/original/Biere/adder_3_2/pec_adder_3_bit_2_25.dqdimacs,59,148
./benchmark_tests/original/Biere/adder_3_2/pec_adder_3_bit_2_25.dqdimacs,60,148
./benchmark_tests/original/Biere/adder_3_2/pec_adder_3_bit_2_25.dqdimacs,61,148
./benchmark_tests/original/Biere/adder_3_2/pec_adder_3_bit_2_25.dqdimacs,62,148
./benchmark_tests/original/Biere/adder_3_2/pec_adder_3_bit_2_25.dqdimacs,63,148
./benchmark_tests/original/Biere/adder_3_2/pec_adder_3_bit_2_25.dqdimacs,64,147
./benchmark_tests/original/Biere/adder_3_2/pec_adder_3_bit_2_25.dqdimacs,65,146
./benchmark_tests/original/Biere/adder_3_2/pec_adder_3_bit_2_25.dqdimacs,66,146
./benchmark_tests/original/Biere/adder_3_2/pec_adder_3_bit_2_25.dqdimacs,67,146
./benchmark_tests/original/Biere/adder_3_2/pec_adder_3_bit_2_25.dqdimacs,68,146
./benchmark_tests/original/Biere/adder_3_2/pec_adder_3_bit_2_25.dqdimacs,69,145
./benchmark_tests/original/Biere/adder_3_2/pec_adder_3_bit_2_25.dqdimacs,70,146
./benchmark_tests/original/Biere/adder_3_2/pec_adder_3_bit_2_25.dqdimacs,71,147
./benchmark_tests/original/Biere/adder_3_2/pec_adder_3_bit_2_25.dqdimacs,72,149
./benchmark_tests/original/Biere/adder_3_2/pec_adder_3_bit_2_25.dqdimacs,73,147
./benchmark_tests/original/Biere/adder_3_2/pec_adder_3_bit_2_26.dqdimacs,4,265
./benchmark_tests/original/Biere/adder_3_2/pec_adder_3_bit_2_26.dqdimacs,5,217
./benchmark_tests/original/Biere/adder_3_2/pec_adder_3_bit_2_26.dqdimacs,6,218
./benchmark_tests/original/Biere/adder_3_2/pec_adder_3_bit_2_26.dqdimacs,10,217
./benchmark_tests/original/Biere/adder_3_2/pec_adder_3_bit_2_26.dqdimacs,11,215
./benchmark_tests/original/Biere/adder_3_2/pec_adder_3_bit_2_26.dqdimacs,12,216
./benchmark_tests/original/Biere/adder_3_2/pec_adder_3_bit_2_26.dqdimacs,13,215
./benchmark_tests/original/Biere/adder_3_2/pec_adder_3_bit_2_26.dqdimacs,17,197
./benchmark_tests/original/Biere/adder_3_2/pec_adder_3_bit_2_26.dqdimacs,18,175
./benchmark_tests/original/Biere/adder_3_2/pec_adder_3_bit_2_26.dqdimacs,19,155
./benchmark_tests/original/Biere/adder_3_2/pec_adder_3_bit_2_26.dqdimacs,20,140
./benchmark_tests/original/Biere/adder_3_2/pec_adder_3_bit_2_26.dqdimacs,22,126
./benchmark_tests/original/Biere/adder_3_2/pec_adder_3_bit_2_26.dqdimacs,23,116
./benchmark_tests/original/Biere/adder_3_2/pec_adder_3_bit_2_26.dqdimacs,24,115
./benchmark_tests/original/Biere/adder_3_2/pec_adder_3_bit_2_26.dqdimacs,25,115
./benchmark_tests/original/Biere/adder_3_2/pec_adder_3_bit_2_26.dqdimacs,26,117
./benchmark_tests/original/Biere/adder_3_2/pec_adder_3_bit_2_26.dqdimacs,27,117
./benchmark_tests/original/Biere/adder_3_2/pec_adder_3_bit_2_26.dqdimacs,29,116
./benchmark_tests/original/Biere/adder_3_2/pec_adder_3_bit_2_26.dqdimacs,30,116
./benchmark_tests/original/Biere/adder_3_2/pec_adder_3_bit_2_26.dqdimacs,31,116
./benchmark_tests/original/Biere/adder_3_2/pec_adder_3_bit_2_26.dqdimacs,33,115
./benchmark_tests/original/Biere/adder_3_2/pec_adder_3_bit_2_26.dqdimacs,34,115
./benchmark_tests/original/Biere/adder_3_2/pec_adder_3_bit_2_26.dqdimacs,35,116
./benchmark_tests/original/Biere/adder_3_2/pec_adder_3_bit_2_26.dqdimacs,37,114
./benchmark_tests/original/Biere/adder_3_2/pec_adder_3_bit_2_26.dqdimacs,38,114
./benchmark_tests/original/Biere/adder_3_2/pec_adder_3_bit_2_26.dqdimacs,39,117
./benchmark_tests/original/Biere/adder_3_2/pec_adder_3_bit_2_26.dqdimacs,41,115
./benchmark_tests/original/Biere/adder_3_2/pec_adder_3_bit_2_26.dqdimacs,42,114
./benchmark_tests/original/Biere/adder_3_2/pec_adder_3_bit_2_26.dqdimacs,43,117
./benchmark_tests/original/Biere/adder_3_2/pec_adder_3_bit_2_26.dqdimacs,45,115
./benchmark_tests/original/Biere/adder_3_2/pec_adder_3_bit_2_26.dqdimacs,46,115
./benchmark_tests/original/Biere/adder_3_2/pec_adder_3_bit_2_26.dqdimacs,47,117
./benchmark_tests/original/Biere/adder_3_2/pec_adder_3_bit_2_26.dqdimacs,49,115
./benchmark_tests/original/Biere/adder_3_2/pec_adder_3_bit_2_26.dqdimacs,50,115
./benchmark_tests/original/Biere/adder_3_2/pec_adder_3_bit_2_26.dqdimacs,51,115
./benchmark_tests/original/Biere/adder_3_2/pec_adder_3_bit_2_26.dqdimacs,52,115
./benchmark_tests/original/Biere/adder_3_2/pec_adder_3_bit_2_26.dqdimacs,53,116
./benchmark_tests/original/Biere/adder_3_2/pec_adder_3_bit_2_26.dqdimacs,54,116
./benchmark_tests/original/Biere/adder_3_2/pec_adder_3_bit_2_26.dqdimacs,55,118
./benchmark_tests/original/Biere/adder_3_2/pec_adder_3_bit_2_26.dqdimacs,57,115
./benchmark_tests/original/Biere/adder_3_2/pec_adder_3_bit_2_26.dqdimacs,58,115
./benchmark_tests/original/Biere/adder_3_2/pec_adder_3_bit_2_26.dqdimacs,59,115
./benchmark_tests/original/Biere/adder_3_2/pec_adder_3_bit_2_26.dqdimacs,60,118
./benchmark_tests/original/Biere/adder_3_2/pec_adder_3_bit_2_26.dqdimacs,62,115
./benchmark_tests/original/Biere/adder_3_2/pec_adder_3_bit_2_26.dqdimacs,63,115
./benchmark_tests/original/Biere/adder_3_2/pec_adder_3_bit_2_26.dqdimacs,64,115
./benchmark_tests/original/Biere/adder_3_2/pec_adder_3_bit_2_26.dqdimacs,65,119
./benchmark_tests/original/Biere/adder_3_2/pec_adder_3_bit_2_26.dqdimacs,66,115
./benchmark_tests/original/Biere/adder_3_2/pec_adder_3_bit_2_26.dqdimacs,67,115
./benchmark_tests/original/Biere/adder_3_2/pec_adder_3_bit_2_26.dqdimacs,68,116
./benchmark_tests/original/Biere/adder_3_2/pec_adder_3_bit_2_26.dqdimacs,69,115
./benchmark_tests/original/Biere/adder_3_2/pec_adder_3_bit_2_26.dqdimacs,70,115
./benchmark_tests/original/Biere/adder_3_2/pec_adder_3_bit_2_26.dqdimacs,71,115
./benchmark_tests/original/Biere/adder_3_2/pec_adder_3_bit_2_26.dqdimacs,72,115
./benchmark_tests/original/Biere/adder_3_2/pec_adder_3_bit_2_26.dqdimacs,73,115
./benchmark_tests/original/Biere/adder_3_2/pec_adder_3_bit_2_26.dqdimacs,74,115
./benchmark_tests/original/Biere/adder_3_2/pec_adder_3_bit_2_26.dqdimacs,75,116
./benchmark_tests/original/Biere/adder_3_2/pec_adder_3_bit_2_26.dqdimacs,76,115
./benchmark_tests/original/Biere/adder_3_2/pec_adder_3_bit_2_26.dqdimacs,77,115
./benchmark_tests/original/Biere/adder_3_2/pec_adder_3_bit_2_26.dqdimacs,78,115
./benchmark_tests/original/Biere/adder_3_2/pec_adder_3_bit_2_26.dqdimacs,79,116
./benchmark_tests/original/Biere/adder_3_2/pec_adder_3_bit_2_26.dqdimacs,80,117
./benchmark_tests/original/Biere/adder_3_2/pec_adder_3_bit_2_26.dqdimacs,81,117
./benchmark_tests/original/Biere/adder_3_2/pec_adder_3_bit_2_27.dqdimacs,4,285
./benchmark_tests/original/Biere/adder_3_2/pec_adder_3_bit_2_27.dqdimacs,5,237
./benchmark_tests/original/Biere/adder_3_2/pec_adder_3_bit_2_27.dqdimacs,6,238
./benchmark_tests/original/Biere/adder_3_2/pec_adder_3_bit_2_27.dqdimacs,10,238
./benchmark_tests/original/Biere/adder_3_2/pec_adder_3_bit_2_27.dqdimacs,11,237
./benchmark_tests/original/Biere/adder_3_2/pec_adder_3_bit_2_27.dqdimacs,12,237
./benchmark_tests/original/Biere/adder_3_2/pec_adder_3_bit_2_27.dqdimacs,13,226
./benchmark_tests/original/Biere/adder_3_2/pec_adder_3_bit_2_27.dqdimacs,17,198
./benchmark_tests/original/Biere/adder_3_2/pec_adder_3_bit_2_27.dqdimacs,18,177
./benchmark_tests/original/Biere/adder_3_2/pec_adder_3_bit_2_27.dqdimacs,19,154
./benchmark_tests/original/Biere/adder_3_2/pec_adder_3_bit_2_27.dqdimacs,20,141
./benchmark_tests/original/Biere/adder_3_2/pec_adder_3_bit_2_27.dqdimacs,22,126
./benchmark_tests/original/Biere/adder_3_2/pec_adder_3_bit_2_27.dqdimacs,23,127
./benchmark_tests/original/Biere/adder_3_2/pec_adder_3_bit_2_27.dqdimacs,24,127
./benchmark_tests/original/Biere/adder_3_2/pec_adder_3_bit_2_27.dqdimacs,25,126
./benchmark_tests/original/Biere/adder_3_2/pec_adder_3_bit_2_27.dqdimacs,26,128
./benchmark_tests/original/Biere/adder_3_2/pec_adder_3_bit_2_27.dqdimacs,27,128
./benchmark_tests/original/Biere/adder_3_2/pec_adder_3_bit_2_27.dqdimacs,29,128
./benchmark_tests/original/Biere/adder_3_2/pec_adder_3_bit_2_27.dqdimacs,30,126
./benchmark_tests/original/Biere/adder_3_2/pec_adder_3_bit_2_27.dqdimacs,31,128
./benchmark_tests/original/Biere/adder_3_2/pec_adder_3_bit_2_27.dqdimacs,33,129
./benchmark_tests/original/Biere/adder_3_2/pec_adder_3_bit_2_27.dqdimacs,34,128
./benchmark_tests/original/Biere/adder_3_2/pec_adder_3_bit_2_27.dqdimacs,35,130
./benchmark_tests/original/Biere/adder_3_2/pec_adder_3_bit_2_27.dqdimacs,37,127
./benchmark_tests/original/Biere/adder_3_2/pec_adder_3_bit_2_27.dqdimacs,38,129
./benchmark_tests/original/Biere/adder_3_2/pec_adder_3_bit_2_27.dqdimacs,39,128
./benchmark_tests/original/Biere/adder_3_2/pec_adder_3_bit_2_27.dqdimacs,40,126
./benchmark_tests/original/Biere/adder_3_2/pec_adder_3_bit_2_27.dqdimacs,41,127
./benchmark_tests/original/Biere/adder_3_2/pec_adder_3_bit_2_27.dqdimacs,42,129
./benchmark_tests/original/Biere/adder_3_2/pec_adder_3_bit_2_27.dqdimacs,43,131
./benchmark_tests/original/Biere/adder_3_2/pec_adder_3_bit_2_27.dqdimacs,45,128
./benchmark_tests/original/Biere/adder_3_2/pec_adder_3_bit_2_27.dqdimacs,46,128
./benchmark_tests/original/Biere/adder_3_2/pec_adder_3_bit_2_27.dqdimacs,47,126
./benchmark_tests/original/Biere/adder_3_2/pec_adder_3_bit_2_27.dqdimacs,48,130
./benchmark_tests/original/Biere/adder_3_2/pec_adder_3_bit_2_27.dqdimacs,50,127
./benchmark_tests/original/Biere/adder_3_2/pec_adder_3_bit_2_27.dqdimacs,51,128
./benchmark_tests/original/Biere/adder_3_2/pec_adder_3_bit_2_27.dqdimacs,52,129
./benchmark_tests/original/Biere/adder_3_2/pec_adder_3_bit_2_27.dqdimacs,53,126
./benchmark_tests/original/Biere/adder_3_2/pec_adder_3_bit_2_27.dqdimacs,54,126
./benchmark_tests/original/Biere/adder_3_2/pec_adder_3_bit_2_27.dqdimacs,55,128
./benchmark_tests/original/Biere/adder_3_2/pec_adder_3_bit_2_27.dqdimacs,56,127
./benchmark_tests/original/Biere/adder_3_2/pec_adder_3_bit_2_27.dqdimacs,57,129
./benchmark_tests/original/Biere/adder_3_2/pec_adder_3_bit_2_27.dqdimacs,58,128
./benchmark_tests/original/Biere/adder_3_2/pec_adder_3_bit_2_27.dqdimacs,59,128
./benchmark_tests/original/Biere/adder_3_2/pec_adder_3_bit_2_27.dqdimacs,60,127
./benchmark_tests/original/Biere/adder_3_2/pec_adder_3_bit_2_27.dqdimacs,61,128
./benchmark_tests/original/Biere/adder_3_2/pec_adder_3_bit_2_27.dqdimacs,62,129
./benchmark_tests/original/Biere/adder_3_2/pec_adder_3_bit_2_27.dqdimacs,63,128
./benchmark_tests/original/Biere/adder_3_2/pec_adder_3_bit_2_27.dqdimacs,64,128
./benchmark_tests/original/Biere/adder_3_2/pec_adder_3_bit_2_27.dqdimacs,65,128
./benchmark_tests/original/Biere/adder_3_2/pec_adder_3_bit_2_27.dqdimacs,66,129
./benchmark_tests/original/Biere/adder_3_2/pec_adder_3_bit_2_27.dqdimacs,67,127
./benchmark_tests/original/Biere/adder_3_2/pec_adder_3_bit_2_27.dqdimacs,68,127
./benchmark_tests/original/Biere/adder_3_2/pec_adder_3_bit_2_27.dqdimacs,69,128
./benchmark_tests/original/Biere/adder_3_2/pec_adder_3_bit_2_27.dqdimacs,70,125
./benchmark_tests/original/Biere/adder_3_2/pec_adder_3_bit_2_28.dqdimacs,4,216
./benchmark_tests/original/Biere/adder_3_2/pec_adder_3_bit_2_28.dqdimacs,5,166
./benchmark_tests/original/Biere/adder_3_2/pec_adder_3_bit_2_28.dqdimacs,6,166
./benchmark_tests/original/Biere/adder_3_2/pec_adder_3_bit_2_28.dqdimacs,10,167
./benchmark_tests/original/Biere/adder_3_2/pec_adder_3_bit_2_28.dqdimacs,11,166
./benchmark_tests/original/Biere/adder_3_2/pec_adder_3_bit_2_28.dqdimacs,12,166
./benchmark_tests/original/Biere/adder_3_2/pec_adder_3_bit_2_28.dqdimacs,13,163
./benchmark_tests/original/Biere/adder_3_2/pec_adder_3_bit_2_28.dqdimacs,17,163
./benchmark_tests/original/Biere/adder_3_2/pec_adder_3_bit_2_28.dqdimacs,18,163
./benchmark_tests/original/Biere/adder_3_2/pec_adder_3_bit_2_28.dqdimacs,19,155
./benchmark_tests/original/Biere/adder_3_2/pec_adder_3_bit_2_28.dqdimacs,20,142
./benchmark_tests/original/Biere/adder_3_2/pec_adder_3_bit_2_28.dqdimacs,22,131
./benchmark_tests/original/Biere/adder_3_2/pec_adder_3_bit_2_28.dqdimacs,23,119
./benchmark_tests/original/Biere/adder_3_2/pec_adder_3_bit_2_28.dqdimacs,24,109
./benchmark_tests/original/Biere/adder_3_2/pec_adder_3_bit_2_28.dqdimacs,25,101
./benchmark_tests/original/Biere/adder_3_2/pec_adder_3_bit_2_28.dqdimacs,26,96
./benchmark_tests/original/Biere/adder_3_2/pec_adder_3_bit_2_28.dqdimacs,27,91
./benchmark_tests/original/Biere/adder_3_2/pec_adder_3_bit_2_28.dqdimacs,29,89
./benchmark_tests/original/Biere/adder_3_2/pec_adder_3_bit_2_28.dqdimacs,30,88
./benchmark_tests/original/Biere/adder_3_2/pec_adder_3_bit_2_28.dqdimacs,31,90
./benchmark_tests/original/Biere/adder_3_2/pec_adder_3_bit_2_28.dqdimacs,33,89
./benchmark_tests/original/Biere/adder_3_2/pec_adder_3_bit_2_28.dqdimacs,34,88
./benchmark_tests/original/Biere/adder_3_2/pec_adder_3_bit_2_28.dqdimacs,35,92
./benchmark_tests/original/Biere/adder_3_2/pec_adder_3_bit_2_28.dqdimacs,37,90
./benchmark_tests/original/Biere/adder_3_2/pec_adder_3_bit_2_28.dqdimacs,38,88
./benchmark_tests/original/Biere/adder_3_2/pec_adder_3_bit_2_28.dqdimacs,39,93
./benchmark_tests/original/Biere/adder_3_2/pec_adder_3_bit_2_28.dqdimacs,41,90
./benchmark_tests/original/Biere/adder_3_2/pec_adder_3_bit_2_28.dqdimacs,42,90
./benchmark_tests/original/Biere/adder_3_2/pec_adder_3_bit_2_28.dqdimacs,43,93
./benchmark_tests/original/Biere/adder_3_2/pec_adder_3_bit_2_28.dqdimacs,45,89
./benchmark_tests/original/Biere/adder_3_2/pec_adder_3_bit_2_28.dqdimacs,46,89
./benchmark_tests/original/Biere/adder_3_2/pec_adder_3_bit_2_28.dqdimacs,47,92
./benchmark_tests/original/Biere/adder_3_2/pec_adder_3_bit_2_28.dqdimacs,49,88
./benchmark_tests/original/Biere/adder_3_2/pec_adder_3_bit_2_28.dqdimacs,50,90
./benchmark_tests/original/Biere/adder_3_2/pec_adder_3_bit_2_28.dqdimacs,51,89
./benchmark_tests/original/Biere/adder_3_2/pec_adder_3_bit_2_28.dqdimacs,52,91
./benchmark_tests/original/Biere/adder_3_2/pec_adder_3_bit_2_28.dqdimacs,54,89
./benchmark_tests/original/Biere/adder_3_2/pec_adder_3_bit_2_28.dqdimacs,55,89
./benchmark_tests/original/Biere/adder_3_2/pec_adder_3_bit_2_28.dqdimacs,56,89
./benchmark_tests/original/Biere/adder_3_2/pec_adder_3_bit_2_28.dqdimacs,57,89
./benchmark_tests/original/Biere/adder_3_2/pec_adder_3_bit_2_28.dqdimacs,58,87
./benchmark_tests/original/Biere/adder_3_2/pec_adder_3_bit_2_28.dqdimacs,59,89
./benchmark_tests/original/Biere/adder_3_2/pec_adder_3_bit_2_28.dqdimacs,60,89
./benchmark_tests/original/Biere/adder_3_2/pec_adder_3_bit_2_28.dqdimacs,61,90
./benchmark_tests/original/Biere/adder_3_2/pec_adder_3_bit_2_28.dqdimacs,62,90
./benchmark_tests/original/Biere/adder_3_2/pec_adder_3_bit_2_28.dqdimacs,63,89
./benchmark_tests/original/Biere/adder_3_2/pec_adder_3_bit_2_28.dqdimacs,64,89
./benchmark_tests/original/Biere/adder_3_2/pec_adder_3_bit_2_28.dqdimacs,65,90
./benchmark_tests/original/Biere/adder_3_2/pec_adder_3_bit_2_28.dqdimacs,66,90
./benchmark_tests/original/Biere/adder_3_2/pec_adder_3_bit_2_28.dqdimacs,67,90
./benchmark_tests/original/Biere/adder_3_2/pec_adder_3_bit_2_28.dqdimacs,68,87
./benchmark_tests/original/Biere/adder_3_2/pec_adder_3_bit_2_28.dqdimacs,69,89
./benchmark_tests/original/Biere/adder_3_2/pec_adder_3_bit_2_28.dqdimacs,70,89
./benchmark_tests/original/Biere/adder_3_2/pec_adder_3_bit_2_28.dqdimacs,71,89
./benchmark_tests/original/Biere/adder_3_2/pec_adder_3_bit_2_28.dqdimacs,72,89
./benchmark_tests/original/Biere/adder_3_2/pec_adder_3_bit_2_28.dqdimacs,73,90
./benchmark_tests/original/Biere/adder_3_2/pec_adder_3_bit_2_28.dqdimacs,74,91
./benchmark_tests/original/Biere/adder_3_2/pec_adder_3_bit_2_28.dqdimacs,75,88
./benchmark_tests/original/Biere/adder_3_2/pec_adder_3_bit_2_29.dqdimacs,4,399
./benchmark_tests/original/Biere/adder_3_2/pec_adder_3_bit_2_29.dqdimacs,5,443
./benchmark_tests/original/Biere/adder_3_2/pec_adder_3_bit_2_29.dqdimacs,6,396
./benchmark_tests/original/Biere/adder_3_2/pec_adder_3_bit_2_29.dqdimacs,10,392
./benchmark_tests/original/Biere/adder_3_2/pec_adder_3_bit_2_29.dqdimacs,11,330
./benchmark_tests/original/Biere/adder_3_2/pec_adder_3_bit_2_29.dqdimacs,12,268
./benchmark_tests/original/Biere/adder_3_2/pec_adder_3_bit_2_29.dqdimacs,13,224
./benchmark_tests/original/Biere/adder_3_2/pec_adder_3_bit_2_29.dqdimacs,17,209
./benchmark_tests/original/Biere/adder_3_2/pec_adder_3_bit_2_29.dqdimacs,18,206
./benchmark_tests/original/Biere/adder_3_2/pec_adder_3_bit_2_29.dqdimacs,19,206
./benchmark_tests/original/Biere/adder_3_2/pec_adder_3_bit_2_29.dqdimacs,20,208
./benchmark_tests/original/Biere/adder_3_2/pec_adder_3_bit_2_29.dqdimacs,22,207
./benchmark_tests/original/Biere/adder_3_2/pec_adder_3_bit_2_29.dqdimacs,23,206
./benchmark_tests/original/Biere/adder_3_2/pec_adder_3_bit_2_29.dqdimacs,24,206
./benchmark_tests/original/Biere/adder_3_2/pec_adder_3_bit_2_29.dqdimacs,25,207
./benchmark_tests/original/Biere/adder_3_2/pec_adder_3_bit_2_29.dqdimacs,26,209
./benchmark_tests/original/Biere/adder_3_2/pec_adder_3_bit_2_29.dqdimacs,27,207
./benchmark_tests/original/Biere/adder_3_2/pec_adder_3_bit_2_29.dqdimacs,29,206
./benchmark_tests/original/Biere/adder_3_2/pec_adder_3_bit_2_29.dqdimacs,30,208
./benchmark_tests/original/Biere/adder_3_2/pec_adder_3_bit_2_29.dqdimacs,31,210
./benchmark_tests/original/Biere/adder_3_2/pec_adder_3_bit_2_29.dqdimacs,33,208
./benchmark_tests/original/Biere/adder_3_2/pec_adder_3_bit_2_29.dqdimacs,34,205
./benchmark_tests/original/Biere/adder_3_2/pec_adder_3_bit_2_29.dqdimacs,35,207
./benchmark_tests/original/Biere/adder_3_2/pec_adder_3_bit_2_29.dqdimacs,37,208
./benchmark_tests/original/Biere/adder_3_2/pec_adder_3_bit_2_29.dqdimacs,38,205
./benchmark_tests/original/Biere/adder_3_2/pec_adder_3_bit_2_29.dqdimacs,39,208
./benchmark_tests/original/Biere/adder_3_2/pec_adder_3_bit_2_29.dqdimacs,41,207
./benchmark_tests/original/Biere/adder_3_2/pec_adder_3_bit_2_29.dqdimacs,42,207
./benchmark_tests/original/Biere/adder_3_2/pec_adder_3_bit_2_29.dqdimacs,43,211
./benchmark_tests/original/Biere/adder_3_2/pec_adder_3_bit_2_29.dqdimacs,44,207
./benchmark_tests/original/Biere/adder_3_2/pec_adder_3_bit_2_29.dqdimacs,45,212
./benchmark_tests/original/Biere/adder_3_2/pec_adder_3_bit_2_29.dqdimacs,46,204
./benchmark_tests/original/Biere/adder_3_2/pec_adder_3_bit_2_29.dqdimacs,47,204
./benchmark_tests/original/Biere/adder_3_2/pec_adder_3_bit_2_29.dqdimacs,48,207
./benchmark_tests/original/Biere/adder_3_2/pec_adder_3_bit_2_29.dqdimacs,49,204
./benchmark_tests/original/Biere/adder_3_2/pec_adder_3_bit_2_29.dqdimacs,50,210
./benchmark_tests/original/Biere/adder_3_2/pec_adder_3_bit_2_29.dqdimacs,51,205
./benchmark_tests/original/Biere/adder_3_2/pec_adder_3_bit_2_29.dqdimacs,52,210
./benchmark_tests/original/Biere/adder_3_2/pec_adder_3_bit_2_29.dqdimacs,53,208
./benchmark_tests/original/Biere/adder_3_2/pec_adder_3_bit_2_29.dqdimacs,54,208
./benchmark_tests/original/Biere/adder_3_2/pec_adder_3_bit_2_29.dqdimacs,55,206
./benchmark_tests/original/Biere/adder_3_2/pec_adder_3_bit_2_29.dqdimacs,56,207
./benchmark_tests/original/Biere/adder_3_2/pec_adder_3_bit_2_29.dqdimacs,57,208
./benchmark_tests/original/Biere/adder_3_2/pec_adder_3_bit_2_29.dqdimacs,58,205
./benchmark_tests/original/Biere/adder_3_2/pec_adder_3_bit_2_29.dqdimacs,59,207
./benchmark_tests/original/Biere/adder_3_2/pec_adder_3_bit_2_29.dqdimacs,60,209
./benchmark_tests/original/Biere/adder_3_2/pec_adder_3_bit_2_29.dqdimacs,61,207
./benchmark_tests/original/Biere/adder_3_2/pec_adder_3_bit_2_29.dqdimacs,62,206
./benchmark_tests/original/Biere/adder_3_2/pec_adder_3_bit_2_29.dqdimacs,63,208
./benchmark_tests/original/Biere/adder_3_2/pec_adder_3_bit_2_29.dqdimacs,64,209
./benchmark_tests/original/Biere/adder_3_2/pec_adder_3_bit_2_29.dqdimacs,65,205
./benchmark_tests/original/Biere/adder_3_2/pec_adder_3_bit_2_2.dqdimacs,4,216
./benchmark_tests/original/Biere/adder_3_2/pec_adder_3_bit_2_2.dqdimacs,5,169
./benchmark_tests/original/Biere/adder_3_2/pec_adder_3_bit_2_2.dqdimacs,6,168
./benchmark_tests/original/Biere/adder_3_2/pec_adder_3_bit_2_2.dqdimacs,10,167
./benchmark_tests/original/Biere/adder_3_2/pec_adder_3_bit_2_2.dqdimacs,11,168
./benchmark_tests/original/Biere/adder_3_2/pec_adder_3_bit_2_2.dqdimacs,12,165
./benchmark_tests/original/Biere/adder_3_2/pec_adder_3_bit_2_2.dqdimacs,13,166
./benchmark_tests/original/Biere/adder_3_2/pec_adder_3_bit_2_2.dqdimacs,17,167
./benchmark_tests/original/Biere/adder_3_2/pec_adder_3_bit_2_2.dqdimacs,18,165
./benchmark_tests/original/Biere/adder_3_2/pec_adder_3_bit_2_2.dqdimacs,19,155
./benchmark_tests/original/Biere/adder_3_2/pec_adder_3_bit_2_2.dqdimacs,20,143
./benchmark_tests/original/Biere/adder_3_2/pec_adder_3_bit_2_2.dqdimacs,22,130
./benchmark_tests/original/Biere/adder_3_2/pec_adder_3_bit_2_2.dqdimacs,23,117
./benchmark_tests/original/Biere/adder_3_2/pec_adder_3_bit_2_2.dqdimacs,24,109
./benchmark_tests/original/Biere/adder_3_2/pec_adder_3_bit_2_2.dqdimacs,25,101
./benchmark_tests/original/Biere/adder_3_2/pec_adder_3_bit_2_2.dqdimacs,26,95
./benchmark_tests/original/Biere/adder_3_2/pec_adder_3_bit_2_2.dqdimacs,27,92
./benchmark_tests/original/Biere/adder_3_2/pec_adder_3_bit_2_2.dqdimacs,29,89
./benchmark_tests/original/Biere/adder_3_2/pec_adder_3_bit_2_2.dqdimacs,30,89
./benchmark_tests/original/Biere/adder_3_2/pec_adder_3_bit_2_2.dqdimacs,31,92
./benchmark_tests/original/Biere/adder_3_2/pec_adder_3_bit_2_2.dqdimacs,33,89
./benchmark_tests/original/Biere/adder_3_2/pec_adder_3_bit_2_2.dqdimacs,34,90
./benchmark_tests/original/Biere/adder_3_2/pec_adder_3_bit_2_2.dqdimacs,35,89
./benchmark_tests/original/Biere/adder_3_2/pec_adder_3_bit_2_2.dqdimacs,36,90
./benchmark_tests/original/Biere/adder_3_2/pec_adder_3_bit_2_2.dqdimacs,37,91
./benchmark_tests/original/Biere/adder_3_2/pec_adder_3_bit_2_2.dqdimacs,38,91
./benchmark_tests/original/Biere/adder_3_2/pec_adder_3_bit_2_2.dqdimacs,39,89
./benchmark_tests/original/Biere/adder_3_2/pec_adder_3_bit_2_2.dqdimacs,40,89
./benchmark_tests/original/Biere/adder_3_2/pec_adder_3_bit_2_2.dqdimacs,41,90
./benchmark_tests/original/Biere/adder_3_2/pec_adder_3_bit_2_2.dqdimacs,42,90
./benchmark_tests/original/Biere/adder_3_2/pec_adder_3_bit_2_2.dqdimacs,43,89
./benchmark_tests/original/Biere/adder_3_2/pec_adder_3_bit_2_2.dqdimacs,44,90
./benchmark_tests/original/Biere/adder_3_2/pec_adder_3_bit_2_2.dqdimacs,45,89
./benchmark_tests/original/Biere/adder_3_2/pec_adder_3_bit_2_2.dqdimacs,46,89
./benchmark_tests/original/Biere/adder_3_2/pec_adder_3_bit_2_2.dqdimacs,47,90
./benchmark_tests/original/Biere/adder_3_2/pec_adder_3_bit_2_2.dqdimacs,48,90
./benchmark_tests/original/Biere/adder_3_2/pec_adder_3_bit_2_2.dqdimacs,49,89
./benchmark_tests/original/Biere/adder_3_2/pec_adder_3_bit_2_2.dqdimacs,50,90
./benchmark_tests/original/Biere/adder_3_2/pec_adder_3_bit_2_2.dqdimacs,51,89
./benchmark_tests/original/Biere/adder_3_2/pec_adder_3_bit_2_2.dqdimacs,52,90
./benchmark_tests/original/Biere/adder_3_2/pec_adder_3_bit_2_2.dqdimacs,53,89
./benchmark_tests/original/Biere/adder_3_2/pec_adder_3_bit_2_2.dqdimacs,54,90
./benchmark_tests/original/Biere/adder_3_2/pec_adder_3_bit_2_2.dqdimacs,55,89
./benchmark_tests/original/Biere/adder_3_2/pec_adder_3_bit_2_2.dqdimacs,56,90
./benchmark_tests/original/Biere/adder_3_2/pec_adder_3_bit_2_2.dqdimacs,57,89
./benchmark_tests/original/Biere/adder_3_2/pec_adder_3_bit_2_30.dqdimacs,4,270
./benchmark_tests/original/Biere/adder_3_2/pec_adder_3_bit_2_30.dqdimacs,5,224
./benchmark_tests/original/Biere/adder_3_2/pec_adder_3_bit_2_30.dqdimacs,6,224
./benchmark_tests/original/Biere/adder_3_2/pec_adder_3_bit_2_30.dqdimacs,10,224
./benchmark_tests/original/Biere/adder_3_2/pec_adder_3_bit_2_30.dqdimacs,11,225
./benchmark_tests/original/Biere/adder_3_2/pec_adder_3_bit_2_30.dqdimacs,12,223
./benchmark_tests/original/Biere/adder_3_2/pec_adder_3_bit_2_30.dqdimacs,13,219
./benchmark_tests/original/Biere/adder_3_2/pec_adder_3_bit_2_30.dqdimacs,17,199
./benchmark_tests/original/Biere/adder_3_2/pec_adder_3_bit_2_30.dqdimacs,18,177
./benchmark_tests/original/Biere/adder_3_2/pec_adder_3_bit_2_30.dqdimacs,19,156
./benchmark_tests/original/Biere/adder_3_2/pec_adder_3_bit_2_30.dqdimacs,20,140
./benchmark_tests/original/Biere/adder_3_2/pec_adder_3_bit_2_30.dqdimacs,22,126
./benchmark_tests/original/Biere/adder_3_2/pec_adder_3_bit_2_30.dqdimacs,23,120
./benchmark_tests/original/Biere/adder_3_2/pec_adder_3_bit_2_30.dqdimacs,24,119
./benchmark_tests/original/Biere/adder_3_2/pec_adder_3_bit_2_30.dqdimacs,25,119
./benchmark_tests/original/Biere/adder_3_2/pec_adder_3_bit_2_30.dqdimacs,26,121
./benchmark_tests/original/Biere/adder_3_2/pec_adder_3_bit_2_30.dqdimacs,27,122
./benchmark_tests/original/Biere/adder_3_2/pec_adder_3_bit_2_30.dqdimacs,29,120
./benchmark_tests/original/Biere/adder_3_2/pec_adder_3_bit_2_30.dqdimacs,30,119
./benchmark_tests/original/Biere/adder_3_2/pec_adder_3_bit_2_30.dqdimacs,31,122
./benchmark_tests/original/Biere/adder_3_2/pec_adder_3_bit_2_30.dqdimacs,33,120
./benchmark_tests/original/Biere/adder_3_2/pec_adder_3_bit_2_30.dqdimacs,34,120
./benchmark_tests/original/Biere/adder_3_2/pec_adder_3_bit_2_30.dqdimacs,35,122
./benchmark_tests/original/Biere/adder_3_2/pec_adder_3_bit_2_30.dqdimacs,37,119
./benchmark_tests/original/Biere/adder_3_2/pec_adder_3_bit_2_30.dqdimacs,38,120
./benchmark_tests/original/Biere/adder_3_2/pec_adder_3_bit_2_30.dqdimacs,39,120
./benchmark_tests/original/Biere/adder_3_2/pec_adder_3_bit_2_30.dqdimacs,40,120
./benchmark_tests/original/Biere/adder_3_2/pec_adder_3_bit_2_30.dqdimacs,41,120
./benchmark_tests/original/Biere/adder_3_2/pec_adder_3_bit_2_30.dqdimacs,42,120
./benchmark_tests/original/Biere/adder_3_2/pec_adder_3_bit_2_30.dqdimacs,43,121
./benchmark_tests/original/Biere/adder_3_2/pec_adder_3_bit_2_30.dqdimacs,44,119
./benchmark_tests/original/Biere/adder_3_2/pec_adder_3_bit_2_30.dqdimacs,45,119
./benchmark_tests/original/Biere/adder_3_2/pec_adder_3_bit_2_30.dqdimacs,46,121
./benchmark_tests/original/Biere/adder_3_2/pec_adder_3_bit_2_30.dqdimacs,47,120
./benchmark_tests/original/Biere/adder_3_2/pec_adder_3_bit_2_30.dqdimacs,48,120
./benchmark_tests/original/Biere/adder_3_2/pec_adder_3_bit_2_30.dqdimacs,49,120
./benchmark_tests/original/Biere/adder_3_2/pec_adder_3_bit_2_30.dqdimacs,50,120
./benchmark_tests/original/Biere/adder_3_2/pec_adder_3_bit_2_30.dqdimacs,51,120
./benchmark_tests/original/Biere/adder_3_2/pec_adder_3_bit_2_30.dqdimacs,52,119
./benchmark_tests/original/Biere/adder_3_2/pec_adder_3_bit_2_30.dqdimacs,53,121
./benchmark_tests/original/Biere/adder_3_2/pec_adder_3_bit_2_30.dqdimacs,54,119
./benchmark_tests/original/Biere/adder_3_2/pec_adder_3_bit_2_30.dqdimacs,55,119
./benchmark_tests/original/Biere/adder_3_2/pec_adder_3_bit_2_30.dqdimacs,56,120
./benchmark_tests/original/Biere/adder_3_2/pec_adder_3_bit_2_30.dqdimacs,57,121
./benchmark_tests/original/Biere/adder_3_2/pec_adder_3_bit_2_30.dqdimacs,58,120
./benchmark_tests/original/Biere/adder_3_2/pec_adder_3_bit_2_30.dqdimacs,59,120
./benchmark_tests/original/Biere/adder_3_2/pec_adder_3_bit_2_30.dqdimacs,60,121
./benchmark_tests/original/Biere/adder_3_2/pec_adder_3_bit_2_30.dqdimacs,61,121
./benchmark_tests/original/Biere/adder_3_2/pec_adder_3_bit_2_30.dqdimacs,62,119
./benchmark_tests/original/Biere/adder_3_2/pec_adder_3_bit_2_31.dqdimacs,4,313
./benchmark_tests/original/Biere/adder_3_2/pec_adder_3_bit_2_31.dqdimacs,5,265
./benchmark_tests/original/Biere/adder_3_2/pec_adder_3_bit_2_31.dqdimacs,6,264
./benchmark_tests/original/Biere/adder_3_2/pec_adder_3_bit_2_31.dqdimacs,10,263
./benchmark_tests/original/Biere/adder_3_2/pec_adder_3_bit_2_31.dqdimacs,11,262
./benchmark_tests/original/Biere/adder_3_2/pec_adder_3_bit_2_31.dqdimacs,12,257
./benchmark_tests/original/Biere/adder_3_2/pec_adder_3_bit_2_31.dqdimacs,13,231
./benchmark_tests/original/Biere/adder_3_2/pec_adder_3_bit_2_31.dqdimacs,17,200
./benchmark_tests/original/Biere/adder_3_2/pec_adder_3_bit_2_31.dqdimacs,18,173
./benchmark_tests/original/Biere/adder_3_2/pec_adder_3_bit_2_31.dqdimacs,19,154
./benchmark_tests/original/Biere/adder_3_2/pec_adder_3_bit_2_31.dqdimacs,20,143
./benchmark_tests/original/Biere/adder_3_2/pec_adder_3_bit_2_31.dqdimacs,22,140
./benchmark_tests/original/Biere/adder_3_2/pec_adder_3_bit_2_31.dqdimacs,23,141
./benchmark_tests/original/Biere/adder_3_2/pec_adder_3_bit_2_31.dqdimacs,24,140
./benchmark_tests/original/Biere/adder_3_2/pec_adder_3_bit_2_31.dqdimacs,25,140
./benchmark_tests/original/Biere/adder_3_2/pec_adder_3_bit_2_31.dqdimacs,26,141
./benchmark_tests/original/Biere/adder_3_2/pec_adder_3_bit_2_31.dqdimacs,27,143
./benchmark_tests/original/Biere/adder_3_2/pec_adder_3_bit_2_31.dqdimacs,29,141
./benchmark_tests/original/Biere/adder_3_2/pec_adder_3_bit_2_31.dqdimacs,30,141
./benchmark_tests/original/Biere/adder_3_2/pec_adder_3_bit_2_31.dqdimacs,31,141
./benchmark_tests/original/Biere/adder_3_2/pec_adder_3_bit_2_31.dqdimacs,32,142
./benchmark_tests/original/Biere/adder_3_2/pec_adder_3_bit_2_31.dqdimacs,34,140
./benchmark_tests/original/Biere/adder_3_2/pec_adder_3_bit_2_31.dqdimacs,35,140
./benchmark_tests/original/Biere/adder_3_2/pec_adder_3_bit_2_31.dqdimacs,36,142
./benchmark_tests/original/Biere/adder_3_2/pec_adder_3_bit_2_31.dqdimacs,38,141
./benchmark_tests/original/Biere/adder_3_2/pec_adder_3_bit_2_31.dqdimacs,39,141
./benchmark_tests/original/Biere/adder_3_2/pec_adder_3_bit_2_31.dqdimacs,40,141
./benchmark_tests/original/Biere/adder_3_2/pec_adder_3_bit_2_31.dqdimacs,42,140
./benchmark_tests/original/Biere/adder_3_2/pec_adder_3_bit_2_31.dqdimacs,43,141
./benchmark_tests/original/Biere/adder_3_2/pec_adder_3_bit_2_31.dqdimacs,44,142
./benchmark_tests/original/Biere/adder_3_2/pec_adder_3_bit_2_31.dqdimacs,46,141
./benchmark_tests/original/Biere/adder_3_2/pec_adder_3_bit_2_31.dqdimacs,47,141
./benchmark_tests/original/Biere/adder_3_2/pec_adder_3_bit_2_31.dqdimacs,48,140
./benchmark_tests/original/Biere/adder_3_2/pec_adder_3_bit_2_31.dqdimacs,49,142
./benchmark_tests/original/Biere/adder_3_2/pec_adder_3_bit_2_31.dqdimacs,50,142
./benchmark_tests/original/Biere/adder_3_2/pec_adder_3_bit_2_31.dqdimacs,51,141
./benchmark_tests/original/Biere/adder_3_2/pec_adder_3_bit_2_31.dqdimacs,52,142
./benchmark_tests/original/Biere/adder_3_2/pec_adder_3_bit_2_31.dqdimacs,53,141
./benchmark_tests/original/Biere/adder_3_2/pec_adder_3_bit_2_31.dqdimacs,54,141
./benchmark_tests/original/Biere/adder_3_2/pec_adder_3_bit_2_31.dqdimacs,55,142
./benchmark_tests/original/Biere/adder_3_2/pec_adder_3_bit_2_31.dqdimacs,56,141
./benchmark_tests/original/Biere/adder_3_2/pec_adder_3_bit_2_31.dqdimacs,57,141
./benchmark_tests/original/Biere/adder_3_2/pec_adder_3_bit_2_31.dqdimacs,58,141
./benchmark_tests/original/Biere/adder_3_2/pec_adder_3_bit_2_31.dqdimacs,59,141
./benchmark_tests/original/Biere/adder_3_2/pec_adder_3_bit_2_31.dqdimacs,60,141
./benchmark_tests/original/Biere/adder_3_2/pec_adder_3_bit_2_31.dqdimacs,61,141
./benchmark_tests/original/Biere/adder_3_2/pec_adder_3_bit_2_31.dqdimacs,62,141
./benchmark_tests/original/Biere/adder_3_2/pec_adder_3_bit_2_31.dqdimacs,63,140
./benchmark_tests/original/Biere/adder_3_2/pec_adder_3_bit_2_31.dqdimacs,64,141
./benchmark_tests/original/Biere/adder_3_2/pec_adder_3_bit_2_31.dqdimacs,65,141
./benchmark_tests/original/Biere/adder_3_2/pec_adder_3_bit_2_31.dqdimacs,66,142
./benchmark_tests/original/Biere/adder_3_2/pec_adder_3_bit_2_31.dqdimacs,67,141
./benchmark_tests/original/Biere/adder_3_2/pec_adder_3_bit_2_31.dqdimacs,68,139
./benchmark_tests/original/Biere/adder_3_2/pec_adder_3_bit_2_32.dqdimacs,4,273
./benchmark_tests/original/Biere/adder_3_2/pec_adder_3_bit_2_32.dqdimacs,5,309
./benchmark_tests/original/Biere/adder_3_2/pec_adder_3_bit_2_32.dqdimacs,6,241
./benchmark_tests/original/Biere/adder_3_2/pec_adder_3_bit_2_32.dqdimacs,10,240
./benchmark_tests/original/Biere/adder_3_2/pec_adder_3_bit_2_32.dqdimacs,11,239
./benchmark_tests/original/Biere/adder_3_2/pec_adder_3_bit_2_32.dqdimacs,12,238
./benchmark_tests/original/Biere/adder_3_2/pec_adder_3_bit_2_32.dqdimacs,13,220
./benchmark_tests/original/Biere/adder_3_2/pec_adder_3_bit_2_32.dqdimacs,17,196
./benchmark_tests/original/Biere/adder_3_2/pec_adder_3_bit_2_32.dqdimacs,18,170
./benchmark_tests/original/Biere/adder_3_2/pec_adder_3_bit_2_32.dqdimacs,19,150
./benchmark_tests/original/Biere/adder_3_2/pec_adder_3_bit_2_32.dqdimacs,20,137
./benchmark_tests/original/Biere/adder_3_2/pec_adder_3_bit_2_32.dqdimacs,22,128
./benchmark_tests/original/Biere/adder_3_2/pec_adder_3_bit_2_32.dqdimacs,23,128
./benchmark_tests/original/Biere/adder_3_2/pec_adder_3_bit_2_32.dqdimacs,24,136
./benchmark_tests/original/Biere/adder_3_2/pec_adder_3_bit_2_32.dqdimacs,25,143
./benchmark_tests/original/Biere/adder_3_2/pec_adder_3_bit_2_32.dqdimacs,26,142
./benchmark_tests/original/Biere/adder_3_2/pec_adder_3_bit_2_32.dqdimacs,27,144
./benchmark_tests/original/Biere/adder_3_2/pec_adder_3_bit_2_32.dqdimacs,29,141
./benchmark_tests/original/Biere/adder_3_2/pec_adder_3_bit_2_32.dqdimacs,30,142
./benchmark_tests/original/Biere/adder_3_2/pec_adder_3_bit_2_32.dqdimacs,31,144
./benchmark_tests/original/Biere/adder_3_2/pec_adder_3_bit_2_32.dqdimacs,33,141
./benchmark_tests/original/Biere/adder_3_2/pec_adder_3_bit_2_32.dqdimacs,34,141
./benchmark_tests/original/Biere/adder_3_2/pec_adder_3_bit_2_32.dqdimacs,35,142
./benchmark_tests/original/Biere/adder_3_2/pec_adder_3_bit_2_32.dqdimacs,36,142
./benchmark_tests/original/Biere/adder_3_2/pec_adder_3_bit_2_32.dqdimacs,37,140
./benchmark_tests/original/Biere/adder_3_2/pec_adder_3_bit_2_32.dqdimacs,38,142
./benchmark_tests/original/Biere/adder_3_2/pec_adder_3_bit_2_32.dqdimacs,39,141
./benchmark_tests/original/Biere/adder_3_2/pec_adder_3_bit_2_32.dqdimacs,40,142
./benchmark_tests/original/Biere/adder_3_2/pec_adder_3_bit_2_32.dqdimacs,41,142
./benchmark_tests/original/Biere/adder_3_2/pec_adder_3_bit_2_32.dqdimacs,42,141
./benchmark_tests/original/Biere/adder_3_2/pec_adder_3_bit_2_32.dqdimacs,43,143
./benchmark_tests/original/Biere/adder_3_2/pec_adder_3_bit_2_32.dqdimacs,44,142
./benchmark_tests/original/Biere/adder_3_2/pec_adder_3_bit_2_32.dqdimacs,45,142
./benchmark_tests/original/Biere/adder_3_2/pec_adder_3_bit_2_32.dqdimacs,46,140
./benchmark_tests/original/Biere/adder_3_2/pec_adder_3_bit_2_32.dqdimacs,47,140
./benchmark_tests/original/Biere/adder_3_2/pec_adder_3_bit_2_32.dqdimacs,48,142
./benchmark_tests/original/Biere/adder_3_2/pec_adder_3_bit_2_32.dqdimacs,49,142
./benchmark_tests/original/Biere/adder_3_2/pec_adder_3_bit_2_32.dqdimacs,50,144
./benchmark_tests/original/Biere/adder_3_2/pec_adder_3_bit_2_32.dqdimacs,51,143
./benchmark_tests/original/Biere/adder_3_2/pec_adder_3_bit_2_32.dqdimacs,52,142
./benchmark_tests/original/Biere/adder_3_2/pec_adder_3_bit_2_32.dqdimacs,53,142
./benchmark_tests/original/Biere/adder_3_2/pec_adder_3_bit_2_32.dqdimacs,54,141
./benchmark_tests/original/Biere/adder_3_2/pec_adder_3_bit_2_32.dqdimacs,55,142
./benchmark_tests/original/Biere/adder_3_2/pec_adder_3_bit_2_32.dqdimacs,56,142
./benchmark_tests/original/Biere/adder_3_2/pec_adder_3_bit_2_32.dqdimacs,57,143
./benchmark_tests/original/Biere/adder_3_2/pec_adder_3_bit_2_32.dqdimacs,58,142
./benchmark_tests/original/Biere/adder_3_2/pec_adder_3_bit_2_33.dqdimacs,4,204
./benchmark_tests/original/Biere/adder_3_2/pec_adder_3_bit_2_33.dqdimacs,5,155
./benchmark_tests/original/Biere/adder_3_2/pec_adder_3_bit_2_33.dqdimacs,6,135
./benchmark_tests/original/Biere/adder_3_2/pec_adder_3_bit_2_33.dqdimacs,10,134
./benchmark_tests/original/Biere/adder_3_2/pec_adder_3_bit_2_33.dqdimacs,11,136
./benchmark_tests/original/Biere/adder_3_2/pec_adder_3_bit_2_33.dqdimacs,12,134
./benchmark_tests/original/Biere/adder_3_2/pec_adder_3_bit_2_33.dqdimacs,13,135
./benchmark_tests/original/Biere/adder_3_2/pec_adder_3_bit_2_33.dqdimacs,17,133
./benchmark_tests/original/Biere/adder_3_2/pec_adder_3_bit_2_33.dqdimacs,18,134
./benchmark_tests/original/Biere/adder_3_2/pec_adder_3_bit_2_33.dqdimacs,19,134
./benchmark_tests/original/Biere/adder_3_2/pec_adder_3_bit_2_33.dqdimacs,20,132
./benchmark_tests/original/Biere/adder_3_2/pec_adder_3_bit_2_33.dqdimacs,22,124
./benchmark_tests/original/Biere/adder_3_2/pec_adder_3_bit_2_33.dqdimacs,23,116
./benchmark_tests/original/Biere/adder_3_2/pec_adder_3_bit_2_33.dqdimacs,24,108
./benchmark_tests/original/Biere/adder_3_2/pec_adder_3_bit_2_33.dqdimacs,25,101
./benchmark_tests/original/Biere/adder_3_2/pec_adder_3_bit_2_33.dqdimacs,26,93
./benchmark_tests/original/Biere/adder_3_2/pec_adder_3_bit_2_33.dqdimacs,27,96
./benchmark_tests/original/Biere/adder_3_2/pec_adder_3_bit_2_33.dqdimacs,29,81
./benchmark_tests/original/Biere/adder_3_2/pec_adder_3_bit_2_33.dqdimacs,30,77
./benchmark_tests/original/Biere/adder_3_2/pec_adder_3_bit_2_33.dqdimacs,31,74
./benchmark_tests/original/Biere/adder_3_2/pec_adder_3_bit_2_33.dqdimacs,33,72
./benchmark_tests/original/Biere/adder_3_2/pec_adder_3_bit_2_33.dqdimacs,34,72
./benchmark_tests/original/Biere/adder_3_2/pec_adder_3_bit_2_33.dqdimacs,35,72
./benchmark_tests/original/Biere/adder_3_2/pec_adder_3_bit_2_33.dqdimacs,36,72
./benchmark_tests/original/Biere/adder_3_2/pec_adder_3_bit_2_33.dqdimacs,37,72
./benchmark_tests/original/Biere/adder_3_2/pec_adder_3_bit_2_33.dqdimacs,38,72
./benchmark_tests/original/Biere/adder_3_2/pec_adder_3_bit_2_33.dqdimacs,39,74
./benchmark_tests/original/Biere/adder_3_2/pec_adder_3_bit_2_33.dqdimacs,40,73
./benchmark_tests/original/Biere/adder_3_2/pec_adder_3_bit_2_33.dqdimacs,41,72
./benchmark_tests/original/Biere/adder_3_2/pec_adder_3_bit_2_33.dqdimacs,42,72
./benchmark_tests/original/Biere/adder_3_2/pec_adder_3_bit_2_33.dqdimacs,43,73
./benchmark_tests/original/Biere/adder_3_2/pec_adder_3_bit_2_33.dqdimacs,44,72
./benchmark_tests/original/Biere/adder_3_2/pec_adder_3_bit_2_33.dqdimacs,45,72
./benchmark_tests/original/Biere/adder_3_2/pec_adder_3_bit_2_33.dqdimacs,46,72
./benchmark_tests/original/Biere/adder_3_2/pec_adder_3_bit_2_33.dqdimacs,47,72
./benchmark_tests/original/Biere/adder_3_2/pec_adder_3_bit_2_33.dqdimacs,48,72
./benchmark_tests/original/Biere/adder_3_2/pec_adder_3_bit_2_33.dqdimacs,49,72
./benchmark_tests/original/Biere/adder_3_2/pec_adder_3_bit_2_33.dqdimacs,50,72
./benchmark_tests/original/Biere/adder_3_2/pec_adder_3_bit_2_33.dqdimacs,51,72
./benchmark_tests/original/Biere/adder_3_2/pec_adder_3_bit_2_33.dqdimacs,52,72
./benchmark_tests/original/Biere/adder_3_2/pec_adder_3_bit_2_33.dqdimacs,53,72
./benchmark_tests/original/Biere/adder_3_2/pec_adder_3_bit_2_33.dqdimacs,54,72
./benchmark_tests/original/Biere/adder_3_2/pec_adder_3_bit_2_33.dqdimacs,55,72
./benchmark_tests/original/Biere/adder_3_2/pec_adder_3_bit_2_33.dqdimacs,56,72
./benchmark_tests/original/Biere/adder_3_2/pec_adder_3_bit_2_33.dqdimacs,57,73
./benchmark_tests/original/Biere/adder_3_2/pec_adder_3_bit_2_33.dqdimacs,58,72
./benchmark_tests/original/Biere/adder_3_2/pec_adder_3_bit_2_34.dqdimacs,4,267
./benchmark_tests/original/Biere/adder_3_2/pec_adder_3_bit_2_34.dqdimacs,5,222
./benchmark_tests/original/Biere/adder_3_2/pec_adder_3_bit_2_34.dqdimacs,6,220
./benchmark_tests/original/Biere/adder_3_2/pec_adder_3_bit_2_34.dqdimacs,10,220
./benchmark_tests/original/Biere/adder_3_2/pec_adder_3_bit_2_34.dqdimacs,11,221
./benchmark_tests/original/Biere/adder_3_2/pec_adder_3_bit_2_34.dqdimacs,12,220
./benchmark_tests/original/Biere/adder_3_2/pec_adder_3_bit_2_34.dqdimacs,13,217
./benchmark_tests/original/Biere/adder_3_2/pec_adder_3_bit_2_34.dqdimacs,17,197
./benchmark_tests/original/Biere/adder_3_2/pec_adder_3_bit_2_34.dqdimacs,18,177
./benchmark_tests/original/Biere/adder_3_2/pec_adder_3_bit_2_34.dqdimacs,19,156
./benchmark_tests/original/Biere/adder_3_2/pec_adder_3_bit_2_34.dqdimacs,20,141
./benchmark_tests/original/Biere/adder_3_2/pec_adder_3_bit_2_34.dqdimacs,22,127
./benchmark_tests/original/Biere/adder_3_2/pec_adder_3_bit_2_34.dqdimacs,23,119
./benchmark_tests/original/Biere/adder_3_2/pec_adder_3_bit_2_34.dqdimacs,24,118
./benchmark_tests/original/Biere/adder_3_2/pec_adder_3_bit_2_34.dqdimacs,25,118
./benchmark_tests/original/Biere/adder_3_2/pec_adder_3_bit_2_34.dqdimacs,26,117
./benchmark_tests/original/Biere/adder_3_2/pec_adder_3_bit_2_34.dqdimacs,27,119
./benchmark_tests/original/Biere/adder_3_2/pec_adder_3_bit_2_34.dqdimacs,29,117
./benchmark_tests/original/Biere/adder_3_2/pec_adder_3_bit_2_34.dqdimacs,30,117
./benchmark_tests/original/Biere/adder_3_2/pec_adder_3_bit_2_34.dqdimacs,31,119
./benchmark_tests/original/Biere/adder_3_2/pec_adder_3_bit_2_34.dqdimacs,33,118
./benchmark_tests/original/Biere/adder_3_2/pec_adder_3_bit_2_34.dqdimacs,34,118
./benchmark_tests/original/Biere/adder_3_2/pec_adder_3_bit_2_34.dqdimacs,35,119
./benchmark_tests/original/Biere/adder_3_2/pec_adder_3_bit_2_34.dqdimacs,37,117
./benchmark_tests/original/Biere/adder_3_2/pec_adder_3_bit_2_34.dqdimacs,38,118
./benchmark_tests/original/Biere/adder_3_2/pec_adder_3_bit_2_34.dqdimacs,39,120
./benchmark_tests/original/Biere/adder_3_2/pec_adder_3_bit_2_34.dqdimacs,41,117
./benchmark_tests/original/Biere/adder_3_2/pec_adder_3_bit_2_34.dqdimacs,42,117
./benchmark_tests/original/Biere/adder_3_2/pec_adder_3_bit_2_34.dqdimacs,43,120
./benchmark_tests/original/Biere/adder_3_2/pec_adder_3_bit_2_34.dqdimacs,45,118
./benchmark_tests/original/Biere/adder_3_2/pec_adder_3_bit_2_34.dqdimacs,46,118
./benchmark_tests/original/Biere/adder_3_2/pec_adder_3_bit_2_34.dqdimacs,47,121
./benchmark_tests/original/Biere/adder_3_2/pec_adder_3_bit_2_34.dqdimacs,49,118
./benchmark_tests/original/Biere/adder_3_2/pec_adder_3_bit_2_34.dqdimacs,50,118
./benchmark_tests/original/Biere/adder_3_2/pec_adder_3_bit_2_34.dqdimacs,51,117
./benchmark_tests/original/Biere/adder_3_2/pec_adder_3_bit_2_34.dqdimacs,52,118
./benchmark_tests/original/Biere/adder_3_2/pec_adder_3_bit_2_34.dqdimacs,53,118
./benchmark_tests/original/Biere/adder_3_2/pec_adder_3_bit_2_34.dqdimacs,54,121
./benchmark_tests/original/Biere/adder_3_2/pec_adder_3_bit_2_34.dqdimacs,55,117
./benchmark_tests/original/Biere/adder_3_2/pec_adder_3_bit_2_34.dqdimacs,56,118
./benchmark_tests/original/Biere/adder_3_2/pec_adder_3_bit_2_34.dqdimacs,57,118
./benchmark_tests/original/Biere/adder_3_2/pec_adder_3_bit_2_34.dqdimacs,58,118
./benchmark_tests/original/Biere/adder_3_2/pec_adder_3_bit_2_34.dqdimacs,59,118
./benchmark_tests/original/Biere/adder_3_2/pec_adder_3_bit_2_34.dqdimacs,60,118
./benchmark_tests/original/Biere/adder_3_2/pec_adder_3_bit_2_34.dqdimacs,61,117
./benchmark_tests/original/Biere/adder_3_2/pec_adder_3_bit_2_34.dqdimacs,62,117
./benchmark_tests/original/Biere/adder_3_2/pec_adder_3_bit_2_34.dqdimacs,63,117
./benchmark_tests/original/Biere/adder_3_2/pec_adder_3_bit_2_34.dqdimacs,64,118
./benchmark_tests/original/Biere/adder_3_2/pec_adder_3_bit_2_34.dqdimacs,65,117
./benchmark_tests/original/Biere/adder_3_2/pec_adder_3_bit_2_34.dqdimacs,66,117
./benchmark_tests/original/Biere/adder_3_2/pec_adder_3_bit_2_34.dqdimacs,67,118
./benchmark_tests/original/Biere/adder_3_2/pec_adder_3_bit_2_34.dqdimacs,68,117
./benchmark_tests/original/Biere/adder_3_2/pec_adder_3_bit_2_34.dqdimacs,69,117
./benchmark_tests/original/Biere/adder_3_2/pec_adder_3_bit_2_34.dqdimacs,70,117
./benchmark_tests/original/Biere/adder_3_2/pec_adder_3_bit_2_34.dqdimacs,71,117
./benchmark_tests/original/Biere/adder_3_2/pec_adder_3_bit_2_34.dqdimacs,72,118
./benchmark_tests/original/Biere/adder_3_2/pec_adder_3_bit_2_34.dqdimacs,73,117
./benchmark_tests/original/Biere/adder_3_2/pec_adder_3_bit_2_35.dqdimacs,4,608
./benchmark_tests/original/Biere/adder_3_2/pec_adder_3_bit_2_35.dqdimacs,5,546
./benchmark_tests/original/Biere/adder_3_2/pec_adder_3_bit_2_35.dqdimacs,6,529
./benchmark_tests/original/Biere/adder_3_2/pec_adder_3_bit_2_35.dqdimacs,10,432
./benchmark_tests/original/Biere/adder_3_2/pec_adder_3_bit_2_35.dqdimacs,11,327
./benchmark_tests/original/Biere/adder_3_2/pec_adder_3_bit_2_35.dqdimacs,12,291
./benchmark_tests/original/Biere/adder_3_2/pec_adder_3_bit_2_35.dqdimacs,13,296
./benchmark_tests/original/Biere/adder_3_2/pec_adder_3_bit_2_35.dqdimacs,17,292
./benchmark_tests/original/Biere/adder_3_2/pec_adder_3_bit_2_35.dqdimacs,18,295
./benchmark_tests/original/Biere/adder_3_2/pec_adder_3_bit_2_35.dqdimacs,19,295
./benchmark_tests/original/Biere/adder_3_2/pec_adder_3_bit_2_35.dqdimacs,20,297
./benchmark_tests/original/Biere/adder_3_2/pec_adder_3_bit_2_35.dqdimacs,22,292
./benchmark_tests/original/Biere/adder_3_2/pec_adder_3_bit_2_35.dqdimacs,23,293
./benchmark_tests/original/Biere/adder_3_2/pec_adder_3_bit_2_35.dqdimacs,24,290
./benchmark_tests/original/Biere/adder_3_2/pec_adder_3_bit_2_35.dqdimacs,25,291
./benchmark_tests/original/Biere/adder_3_2/pec_adder_3_bit_2_35.dqdimacs,26,287
./benchmark_tests/original/Biere/adder_3_2/pec_adder_3_bit_2_35.dqdimacs,27,297
./benchmark_tests/original/Biere/adder_3_2/pec_adder_3_bit_2_35.dqdimacs,29,294
./benchmark_tests/original/Biere/adder_3_2/pec_adder_3_bit_2_35.dqdimacs,30,295
./benchmark_tests/original/Biere/adder_3_2/pec_adder_3_bit_2_35.dqdimacs,31,293
./benchmark_tests/original/Biere/adder_3_2/pec_adder_3_bit_2_35.dqdimacs,33,293
./benchmark_tests/original/Biere/adder_3_2/pec_adder_3_bit_2_35.dqdimacs,34,295
./benchmark_tests/original/Biere/adder_3_2/pec_adder_3_bit_2_35.dqdimacs,35,298
./benchmark_tests/original/Biere/adder_3_2/pec_adder_3_bit_2_35.dqdimacs,37,292
./benchmark_tests/original/Biere/adder_3_2/pec_adder_3_bit_2_35.dqdimacs,38,294
./benchmark_tests/original/Biere/adder_3_2/pec_adder_3_bit_2_35.dqdimacs,39,296
./benchmark_tests/original/Biere/adder_3_2/pec_adder_3_bit_2_35.dqdimacs,41,294
./benchmark_tests/original/Biere/adder_3_2/pec_adder_3_bit_2_35.dqdimacs,42,293
./benchmark_tests/original/Biere/adder_3_2/pec_adder_3_bit_2_35.dqdimacs,43,297
./benchmark_tests/original/Biere/adder_3_2/pec_adder_3_bit_2_35.dqdimacs,45,290
./benchmark_tests/original/Biere/adder_3_2/pec_adder_3_bit_2_35.dqdimacs,46,294
./benchmark_tests/original/Biere/adder_3_2/pec_adder_3_bit_2_35.dqdimacs,47,294
./benchmark_tests/original/Biere/adder_3_2/pec_adder_3_bit_2_35.dqdimacs,49,293
./benchmark_tests/original/Biere/adder_3_2/pec_adder_3_bit_2_35.dqdimacs,50,293
./benchmark_tests/original/Biere/adder_3_2/pec_adder_3_bit_2_35.dqdimacs,51,297
./benchmark_tests/original/Biere/adder_3_2/pec_adder_3_bit_2_35.dqdimacs,52,297
./benchmark_tests/original/Biere/adder_3_2/pec_adder_3_bit_2_35.dqdimacs,53,299
./benchmark_tests/original/Biere/adder_3_2/pec_adder_3_bit_2_35.dqdimacs,54,287
./benchmark_tests/original/Biere/adder_3_2/pec_adder_3_bit_2_35.dqdimacs,55,289
./benchmark_tests/original/Biere/adder_3_2/pec_adder_3_bit_2_35.dqdimacs,56,291
./benchmark_tests/original/Biere/adder_3_2/pec_adder_3_bit_2_35.dqdimacs,57,294
./benchmark_tests/original/Biere/adder_3_2/pec_adder_3_bit_2_35.dqdimacs,58,293
./benchmark_tests/original/Biere/adder_3_2/pec_adder_3_bit_2_35.dqdimacs,59,290
./benchmark_tests/original/Biere/adder_3_2/pec_adder_3_bit_2_35.dqdimacs,60,293
./benchmark_tests/original/Biere/adder_3_2/pec_adder_3_bit_2_35.dqdimacs,61,295
./benchmark_tests/original/Biere/adder_3_2/pec_adder_3_bit_2_35.dqdimacs,62,294
./benchmark_tests/original/Biere/adder_3_2/pec_adder_3_bit_2_35.dqdimacs,63,295
./benchmark_tests/original/Biere/adder_3_2/pec_adder_3_bit_2_35.dqdimacs,64,296
./benchmark_tests/original/Biere/adder_3_2/pec_adder_3_bit_2_35.dqdimacs,65,295
./benchmark_tests/original/Biere/adder_3_2/pec_adder_3_bit_2_35.dqdimacs,66,296
./benchmark_tests/original/Biere/adder_3_2/pec_adder_3_bit_2_35.dqdimacs,67,295
./benchmark_tests/original/Biere/adder_3_2/pec_adder_3_bit_2_35.dqdimacs,68,295
./benchmark_tests/original/Biere/adder_3_2/pec_adder_3_bit_2_35.dqdimacs,69,296
./benchmark_tests/original/Biere/adder_3_2/pec_adder_3_bit_2_35.dqdimacs,70,296
./benchmark_tests/original/Biere/adder_3_2/pec_adder_3_bit_2_35.dqdimacs,71,297
./benchmark_tests/original/Biere/adder_3_2/pec_adder_3_bit_2_35.dqdimacs,72,296
./benchmark_tests/original/Biere/adder_3_2/pec_adder_3_bit_2_36.dqdimacs,4,281
./benchmark_tests/original/Biere/adder_3_2/pec_adder_3_bit_2_36.dqdimacs,5,230
./benchmark_tests/original/Biere/adder_3_2/pec_adder_3_bit_2_36.dqdimacs,6,231
./benchmark_tests/original/Biere/adder_3_2/pec_adder_3_bit_2_36.dqdimacs,10,230
./benchmark_tests/original/Biere/adder_3_2/pec_adder_3_bit_2_36.dqdimacs,11,231
./benchmark_tests/original/Biere/adder_3_2/pec_adder_3_bit_2_36.dqdimacs,12,230
./benchmark_tests/original/Biere/adder_3_2/pec_adder_3_bit_2_36.dqdimacs,13,220
./benchmark_tests/original/Biere/adder_3_2/pec_adder_3_bit_2_36.dqdimacs,17,199
./benchmark_tests/original/Biere/adder_3_2/pec_adder_3_bit_2_36.dqdimacs,18,175
./benchmark_tests/original/Biere/adder_3_2/pec_adder_3_bit_2_36.dqdimacs,19,155
./benchmark_tests/original/Biere/adder_3_2/pec_adder_3_bit_2_36.dqdimacs,20,140
./benchmark_tests/original/Biere/adder_3_2/pec_adder_3_bit_2_36.dqdimacs,22,126
./benchmark_tests/original/Biere/adder_3_2/pec_adder_3_bit_2_36.dqdimacs,23,122
./benchmark_tests/original/Biere/adder_3_2/pec_adder_3_bit_2_36.dqdimacs,24,123
./benchmark_tests/original/Biere/adder_3_2/pec_adder_3_bit_2_36.dqdimacs,25,123
./benchmark_tests/original/Biere/adder_3_2/pec_adder_3_bit_2_36.dqdimacs,26,123
./benchmark_tests/original/Biere/adder_3_2/pec_adder_3_bit_2_36.dqdimacs,27,126
./benchmark_tests/original/Biere/adder_3_2/pec_adder_3_bit_2_36.dqdimacs,29,123
./benchmark_tests/original/Biere/adder_3_2/pec_adder_3_bit_2_36.dqdimacs,30,123
./benchmark_tests/original/Biere/adder_3_2/pec_adder_3_bit_2_36.dqdimacs,31,127
./benchmark_tests/original/Biere/adder_3_2/pec_adder_3_bit_2_36.dqdimacs,33,124
./benchmark_tests/original/Biere/adder_3_2/pec_adder_3_bit_2_36.dqdimacs,34,123
./benchmark_tests/original/Biere/adder_3_2/pec_adder_3_bit_2_36.dqdimacs,35,123
./benchmark_tests/original/Biere/adder_3_2/pec_adder_3_bit_2_36.dqdimacs,36,123
./benchmark_tests/original/Biere/adder_3_2/pec_adder_3_bit_2_36.dqdimacs,37,127
./benchmark_tests/original/Biere/adder_3_2/pec_adder_3_bit_2_36.dqdimacs,39,124
./benchmark_tests/original/Biere/adder_3_2/pec_adder_3_bit_2_36.dqdimacs,40,124
./benchmark_tests/original/Biere/adder_3_2/pec_adder_3_bit_2_36.dqdimacs,41,124
./benchmark_tests/original/Biere/adder_3_2/pec_adder_3_bit_2_36.dqdimacs,42,123
./benchmark_tests/original/Biere/adder_3_2/pec_adder_3_bit_2_36.dqdimacs,43,125
./benchmark_tests/original/Biere/adder_3_2/pec_adder_3_bit_2_36.dqdimacs,45,124
./benchmark_tests/original/Biere/adder_3_2/pec_adder_3_bit_2_36.dqdimacs,46,123
./benchmark_tests/original/Biere/adder_3_2/pec_adder_3_bit_2_36.dqdimacs,47,125
./benchmark_tests/original/Biere/adder_3_2/pec_adder_3_bit_2_36.dqdimacs,48,123
./benchmark_tests/original/Biere/adder_3_2/pec_adder_3_bit_2_36.dqdimacs,49,122
./benchmark_tests/original/Biere/adder_3_2/pec_adder_3_bit_2_36.dqdimacs,50,123
./benchmark_tests/original/Biere/adder_3_2/pec_adder_3_bit_2_36.dqdimacs,51,125
./benchmark_tests/original/Biere/adder_3_2/pec_adder_3_bit_2_36.dqdimacs,52,123
./benchmark_tests/original/Biere/adder_3_2/pec_adder_3_bit_2_36.dqdimacs,53,123
./benchmark_tests/original/Biere/adder_3_2/pec_adder_3_bit_2_36.dqdimacs,54,123
./benchmark_tests/original/Biere/adder_3_2/pec_adder_3_bit_2_36.dqdimacs,55,124
./benchmark_tests/original/Biere/adder_3_2/pec_adder_3_bit_2_36.dqdimacs,56,125
./benchmark_tests/original/Biere/adder_3_2/pec_adder_3_bit_2_36.dqdimacs,57,122
./benchmark_tests/original/Biere/adder_3_2/pec_adder_3_bit_2_36.dqdimacs,58,124
./benchmark_tests/original/Biere/adder_3_2/pec_adder_3_bit_2_36.dqdimacs,59,122
./benchmark_tests/original/Biere/adder_3_2/pec_adder_3_bit_2_36.dqdimacs,60,124
./benchmark_tests/original/Biere/adder_3_2/pec_adder_3_bit_2_36.dqdimacs,61,124
./benchmark_tests/original/Biere/adder_3_2/pec_adder_3_bit_2_36.dqdimacs,62,122
./benchmark_tests/original/Biere/adder_3_2/pec_adder_3_bit_2_36.dqdimacs,63,123
./benchmark_tests/original/Biere/adder_3_2/pec_adder_3_bit_2_36.dqdimacs,64,123
./benchmark_tests/original/Biere/adder_3_2/pec_adder_3_bit_2_36.dqdimacs,65,122
./benchmark_tests/original/Biere/adder_3_2/pec_adder_3_bit_2_37.dqdimacs,4,258
./benchmark_tests/original/Biere/adder_3_2/pec_adder_3_bit_2_37.dqdimacs,5,212
./benchmark_tests/original/Biere/adder_3_2/pec_adder_3_bit_2_37.dqdimacs,6,213
./benchmark_tests/original/Biere/adder_3_2/pec_adder_3_bit_2_37.dqdimacs,10,212
./benchmark_tests/original/Biere/adder_3_2/pec_adder_3_bit_2_37.dqdimacs,11,214
./benchmark_tests/original/Biere/adder_3_2/pec_adder_3_bit_2_37.dqdimacs,12,214
./benchmark_tests/original/Biere/adder_3_2/pec_adder_3_bit_2_37.dqdimacs,13,213
./benchmark_tests/original/Biere/adder_3_2/pec_adder_3_bit_2_37.dqdimacs,17,197
./benchmark_tests/original/Biere/adder_3_2/pec_adder_3_bit_2_37.dqdimacs,18,177
./benchmark_tests/original/Biere/adder_3_2/pec_adder_3_bit_2_37.dqdimacs,19,158
./benchmark_tests/original/Biere/adder_3_2/pec_adder_3_bit_2_37.dqdimacs,20,141
./benchmark_tests/original/Biere/adder_3_2/pec_adder_3_bit_2_37.dqdimacs,22,127
./benchmark_tests/original/Biere/adder_3_2/pec_adder_3_bit_2_37.dqdimacs,23,116
./benchmark_tests/original/Biere/adder_3_2/pec_adder_3_bit_2_37.dqdimacs,24,112
./benchmark_tests/original/Biere/adder_3_2/pec_adder_3_bit_2_37.dqdimacs,25,113
./benchmark_tests/original/Biere/adder_3_2/pec_adder_3_bit_2_37.dqdimacs,26,112
./benchmark_tests/original/Biere/adder_3_2/pec_adder_3_bit_2_37.dqdimacs,27,114
./benchmark_tests/original/Biere/adder_3_2/pec_adder_3_bit_2_37.dqdimacs,29,113
./benchmark_tests/original/Biere/adder_3_2/pec_adder_3_bit_2_37.dqdimacs,30,112
./benchmark_tests/original/Biere/adder_3_2/pec_adder_3_bit_2_37.dqdimacs,31,115
./benchmark_tests/original/Biere/adder_3_2/pec_adder_3_bit_2_37.dqdimacs,33,113
./benchmark_tests/original/Biere/adder_3_2/pec_adder_3_bit_2_37.dqdimacs,34,112
./benchmark_tests/original/Biere/adder_3_2/pec_adder_3_bit_2_37.dqdimacs,35,115
./benchmark_tests/original/Biere/adder_3_2/pec_adder_3_bit_2_37.dqdimacs,37,113
./benchmark_tests/original/Biere/adder_3_2/pec_adder_3_bit_2_37.dqdimacs,38,114
./benchmark_tests/original/Biere/adder_3_2/pec_adder_3_bit_2_37.dqdimacs,39,113
./benchmark_tests/original/Biere/adder_3_2/pec_adder_3_bit_2_37.dqdimacs,40,115
./benchmark_tests/original/Biere/adder_3_2/pec_adder_3_bit_2_37.dqdimacs,42,112
./benchmark_tests/original/Biere/adder_3_2/pec_adder_3_bit_2_37.dqdimacs,43,113
./benchmark_tests/original/Biere/adder_3_2/pec_adder_3_bit_2_37.dqdimacs,44,114
./benchmark_tests/original/Biere/adder_3_2/pec_adder_3_bit_2_37.dqdimacs,45,112
./benchmark_tests/original/Biere/adder_3_2/pec_adder_3_bit_2_37.dqdimacs,46,114
./benchmark_tests/original/Biere/adder_3_2/pec_adder_3_bit_2_37.dqdimacs,47,115
./benchmark_tests/original/Biere/adder_3_2/pec_adder_3_bit_2_37.dqdimacs,49,113
./benchmark_tests/original/Biere/adder_3_2/pec_adder_3_bit_2_37.dqdimacs,50,114
./benchmark_tests/original/Biere/adder_3_2/pec_adder_3_bit_2_37.dqdimacs,51,115
./benchmark_tests/original/Biere/adder_3_2/pec_adder_3_bit_2_37.dqdimacs,52,113
./benchmark_tests/original/Biere/adder_3_2/pec_adder_3_bit_2_37.dqdimacs,53,113
./benchmark_tests/original/Biere/adder_3_2/pec_adder_3_bit_2_37.dqdimacs,54,113
./benchmark_tests/original/Biere/adder_3_2/pec_adder_3_bit_2_37.dqdimacs,55,114
./benchmark_tests/original/Biere/adder_3_2/pec_adder_3_bit_2_37.dqdimacs,56,114
./benchmark_tests/original/Biere/adder_3_2/pec_adder_3_bit_2_37.dqdimacs,57,114
./benchmark_tests/original/Biere/adder_3_2/pec_adder_3_bit_2_37.dqdimacs,58,113
./benchmark_tests/original/Biere/adder_3_2/pec_adder_3_bit_2_37.dqdimacs,59,113
./benchmark_tests/original/Biere/adder_3_2/pec_adder_3_bit_2_37.dqdimacs,60,112
./benchmark_tests/original/Biere/adder_3_2/pec_adder_3_bit_2_37.dqdimacs,61,113
./benchmark_tests/original/Biere/adder_3_2/pec_adder_3_bit_2_37.dqdimacs,62,113
./benchmark_tests/original/Biere/adder_3_2/pec_adder_3_bit_2_37.dqdimacs,63,113
./benchmark_tests/original/Biere/adder_3_2/pec_adder_3_bit_2_37.dqdimacs,64,113
./benchmark_tests/original/Biere/adder_3_2/pec_adder_3_bit_2_37.dqdimacs,65,113
./benchmark_tests/original/Biere/adder_3_2/pec_adder_3_bit_2_37.dqdimacs,66,113
./benchmark_tests/original/Biere/adder_3_2/pec_adder_3_bit_2_37.dqdimacs,67,113
./benchmark_tests/original/Biere/adder_3_2/pec_adder_3_bit_2_37.dqdimacs,68,114
./benchmark_tests/original/Biere/adder_3_2/pec_adder_3_bit_2_37.dqdimacs,69,113
./benchmark_tests/original/Biere/adder_3_2/pec_adder_3_bit_2_38.dqdimacs,4,284
./benchmark_tests/original/Biere/adder_3_2/pec_adder_3_bit_2_38.dqdimacs,5,237
./benchmark_tests/original/Biere/adder_3_2/pec_adder_3_bit_2_38.dqdimacs,6,238
./benchmark_tests/original/Biere/adder_3_2/pec_adder_3_bit_2_38.dqdimacs,10,237
./benchmark_tests/original/Biere/adder_3_2/pec_adder_3_bit_2_38.dqdimacs,11,237
./benchmark_tests/original/Biere/adder_3_2/pec_adder_3_bit_2_38.dqdimacs,12,237
./benchmark_tests/original/Biere/adder_3_2/pec_adder_3_bit_2_38.dqdimacs,13,224
./benchmark_tests/original/Biere/adder_3_2/pec_adder_3_bit_2_38.dqdimacs,17,199
./benchmark_tests/original/Biere/adder_3_2/pec_adder_3_bit_2_38.dqdimacs,18,176
./benchmark_tests/original/Biere/adder_3_2/pec_adder_3_bit_2_38.dqdimacs,19,155
./benchmark_tests/original/Biere/adder_3_2/pec_adder_3_bit_2_38.dqdimacs,20,140
./benchmark_tests/original/Biere/adder_3_2/pec_adder_3_bit_2_38.dqdimacs,22,127
./benchmark_tests/original/Biere/adder_3_2/pec_adder_3_bit_2_38.dqdimacs,23,126
./benchmark_tests/original/Biere/adder_3_2/pec_adder_3_bit_2_38.dqdimacs,24,126
./benchmark_tests/original/Biere/adder_3_2/pec_adder_3_bit_2_38.dqdimacs,25,126
./benchmark_tests/original/Biere/adder_3_2/pec_adder_3_bit_2_38.dqdimacs,26,127
./benchmark_tests/original/Biere/adder_3_2/pec_adder_3_bit_2_38.dqdimacs,27,128
./benchmark_tests/original/Biere/adder_3_2/pec_adder_3_bit_2_38.dqdimacs,29,125
./benchmark_tests/original/Biere/adder_3_2/pec_adder_3_bit_2_38.dqdimacs,30,126
./benchmark_tests/original/Biere/adder_3_2/pec_adder_3_bit_2_38.dqdimacs,31,128
./benchmark_tests/original/Biere/adder_3_2/pec_adder_3_bit_2_38.dqdimacs,33,127
./benchmark_tests/original/Biere/adder_3_2/pec_adder_3_bit_2_38.dqdimacs,34,127
./benchmark_tests/original/Biere/adder_3_2/pec_adder_3_bit_2_38.dqdimacs,35,129
./benchmark_tests/original/Biere/adder_3_2/pec_adder_3_bit_2_38.dqdimacs,37,127
./benchmark_tests/original/Biere/adder_3_2/pec_adder_3_bit_2_38.dqdimacs,38,128
./benchmark_tests/original/Biere/adder_3_2/pec_adder_3_bit_2_38.dqdimacs,39,127
./benchmark_tests/original/Biere/adder_3_2/pec_adder_3_bit_2_38.dqdimacs,40,127
./benchmark_tests/original/Biere/adder_3_2/pec_adder_3_bit_2_38.dqdimacs,41,127
./benchmark_tests/original/Biere/adder_3_2/pec_adder_3_bit_2_38.dqdimacs,42,129
./benchmark_tests/original/Biere/adder_3_2/pec_adder_3_bit_2_38.dqdimacs,43,126
./benchmark_tests/original/Biere/adder_3_2/pec_adder_3_bit_2_38.dqdimacs,44,126
./benchmark_tests/original/Biere/adder_3_2/pec_adder_3_bit_2_38.dqdimacs,45,126
./benchmark_tests/original/Biere/adder_3_2/pec_adder_3_bit_2_38.dqdimacs,46,127
./benchmark_tests/original/Biere/adder_3_2/pec_adder_3_bit_2_38.dqdimacs,47,127
./benchmark_tests/original/Biere/adder_3_2/pec_adder_3_bit_2_38.dqdimacs,48,127
./benchmark_tests/original/Biere/adder_3_2/pec_adder_3_bit_2_38.dqdimacs,49,127
./benchmark_tests/original/Biere/adder_3_2/pec_adder_3_bit_2_38.dqdimacs,50,127
./benchmark_tests/original/Biere/adder_3_2/pec_adder_3_bit_2_38.dqdimacs,51,128
./benchmark_tests/original/Biere/adder_3_2/pec_adder_3_bit_2_38.dqdimacs,52,127
./benchmark_tests/original/Biere/adder_3_2/pec_adder_3_bit_2_38.dqdimacs,53,127
./benchmark_tests/original/Biere/adder_3_2/pec_adder_3_bit_2_38.dqdimacs,54,127
./benchmark_tests/original/Biere/adder_3_2/pec_adder_3_bit_2_38.dqdimacs,55,127
./benchmark_tests/original/Biere/adder_3_2/pec_adder_3_bit_2_38.dqdimacs,56,126
./benchmark_tests/original/Biere/adder_3_2/pec_adder_3_bit_2_38.dqdimacs,57,126
./benchmark_tests/original/Biere/adder_3_2/pec_adder_3_bit_2_38.dqdimacs,58,126
./benchmark_tests/original/Biere/adder_3_2/pec_adder_3_bit_2_38.dqdimacs,59,127
./benchmark_tests/original/Biere/adder_3_2/pec_adder_3_bit_2_38.dqdimacs,60,127
./benchmark_tests/original/Biere/adder_3_2/pec_adder_3_bit_2_38.dqdimacs,61,127
./benchmark_tests/original/Biere/adder_3_2/pec_adder_3_bit_2_38.dqdimacs,62,128
./benchmark_tests/original/Biere/adder_3_2/pec_adder_3_bit_2_39.dqdimacs,4,199
./benchmark_tests/original/Biere/adder_3_2/pec_adder_3_bit_2_39.dqdimacs,5,151
./benchmark_tests/original/Biere/adder_3_2/pec_adder_3_bit_2_39.dqdimacs,6,151
./benchmark_tests/original/Biere/adder_3_2/pec_adder_3_bit_2_39.dqdimacs,10,152
./benchmark_tests/original/Biere/adder_3_2/pec_adder_3_bit_2_39.dqdimacs,11,151
./benchmark_tests/original/Biere/adder_3_2/pec_adder_3_bit_2_39.dqdimacs,12,151
./benchmark_tests/original/Biere/adder_3_2/pec_adder_3_bit_2_39.dqdimacs,13,150
./benchmark_tests/original/Biere/adder_3_2/pec_adder_3_bit_2_39.dqdimacs,17,150
./benchmark_tests/original/Biere/adder_3_2/pec_adder_3_bit_2_39.dqdimacs,18,151
./benchmark_tests/original/Biere/adder_3_2/pec_adder_3_bit_2_39.dqdimacs,19,148
./benchmark_tests/original/Biere/adder_3_2/pec_adder_3_bit_2_39.dqdimacs,20,141
./benchmark_tests/original/Biere/adder_3_2/pec_adder_3_bit_2_39.dqdimacs,22,130
./benchmark_tests/original/Biere/adder_3_2/pec_adder_3_bit_2_39.dqdimacs,23,119
./benchmark_tests/original/Biere/adder_3_2/pec_adder_3_bit_2_39.dqdimacs,24,111
./benchmark_tests/original/Biere/adder_3_2/pec_adder_3_bit_2_39.dqdimacs,25,102
./benchmark_tests/original/Biere/adder_3_2/pec_adder_3_bit_2_39.dqdimacs,26,95
./benchmark_tests/original/Biere/adder_3_2/pec_adder_3_bit_2_39.dqdimacs,27,90
./benchmark_tests/original/Biere/adder_3_2/pec_adder_3_bit_2_39.dqdimacs,29,83
./benchmark_tests/original/Biere/adder_3_2/pec_adder_3_bit_2_39.dqdimacs,30,81
./benchmark_tests/original/Biere/adder_3_2/pec_adder_3_bit_2_39.dqdimacs,31,82
./benchmark_tests/original/Biere/adder_3_2/pec_adder_3_bit_2_39.dqdimacs,33,81
./benchmark_tests/original/Biere/adder_3_2/pec_adder_3_bit_2_39.dqdimacs,34,81
./benchmark_tests/original/Biere/adder_3_2/pec_adder_3_bit_2_39.dqdimacs,35,84
./benchmark_tests/original/Biere/adder_3_2/pec_adder_3_bit_2_39.dqdimacs,37,81
./benchmark_tests/original/Biere/adder_3_2/pec_adder_3_bit_2_39.dqdimacs,38,81
./benchmark_tests/original/Biere/adder_3_2/pec_adder_3_bit_2_39.dqdimacs,39,84
./benchmark_tests/original/Biere/adder_3_2/pec_adder_3_bit_2_39.dqdimacs,41,81
./benchmark_tests/original/Biere/adder_3_2/pec_adder_3_bit_2_39.dqdimacs,42,81
./benchmark_tests/original/Biere/adder_3_2/pec_adder_3_bit_2_39.dqdimacs,43,81
./benchmark_tests/original/Biere/adder_3_2/pec_adder_3_bit_2_39.dqdimacs,44,84
./benchmark_tests/original/Biere/adder_3_2/pec_adder_3_bit_2_39.dqdimacs,46,81
./benchmark_tests/original/Biere/adder_3_2/pec_adder_3_bit_2_39.dqdimacs,47,82
./benchmark_tests/original/Biere/adder_3_2/pec_adder_3_bit_2_39.dqdimacs,48,81
./benchmark_tests/original/Biere/adder_3_2/pec_adder_3_bit_2_39.dqdimacs,49,84
./benchmark_tests/original/Biere/adder_3_2/pec_adder_3_bit_2_39.dqdimacs,50,81
./benchmark_tests/original/Biere/adder_3_2/pec_adder_3_bit_2_39.dqdimacs,51,82
./benchmark_tests/original/Biere/adder_3_2/pec_adder_3_bit_2_39.dqdimacs,52,81
./benchmark_tests/original/Biere/adder_3_2/pec_adder_3_bit_2_39.dqdimacs,53,82
./benchmark_tests/original/Biere/adder_3_2/pec_adder_3_bit_2_39.dqdimacs,54,82
./benchmark_tests/original/Biere/adder_3_2/pec_adder_3_bit_2_39.dqdimacs,55,81
./benchmark_tests/original/Biere/adder_3_2/pec_adder_3_bit_2_39.dqdimacs,56,81
./benchmark_tests/original/Biere/adder_3_2/pec_adder_3_bit_2_39.dqdimacs,57,81
./benchmark_tests/original/Biere/adder_3_2/pec_adder_3_bit_2_39.dqdimacs,58,81
./benchmark_tests/original/Biere/adder_3_2/pec_adder_3_bit_2_39.dqdimacs,59,81
./benchmark_tests/original/Biere/adder_3_2/pec_adder_3_bit_2_39.dqdimacs,60,81
./benchmark_tests/original/Biere/adder_3_2/pec_adder_3_bit_2_39.dqdimacs,61,82
./benchmark_tests/original/Biere/adder_3_2/pec_adder_3_bit_2_39.dqdimacs,62,81
./benchmark_tests/original/Biere/adder_3_2/pec_adder_3_bit_2_39.dqdimacs,63,80
./benchmark_tests/original/Biere/adder_3_2/pec_adder_3_bit_2_39.dqdimacs,64,80
./benchmark_tests/original/Biere/adder_3_2/pec_adder_3_bit_2_39.dqdimacs,65,80
./benchmark_tests/original/Biere/adder_3_2/pec_adder_3_bit_2_39.dqdimacs,66,80
./benchmark_tests/original/Biere/adder_3_2/pec_adder_3_bit_2_39.dqdimacs,67,82
./benchmark_tests/original/Biere/adder_3_2/pec_adder_3_bit_2_39.dqdimacs,68,84
./benchmark_tests/original/Biere/adder_3_2/pec_adder_3_bit_2_39.dqdimacs,69,81
./benchmark_tests/original/Biere/adder_3_2/pec_adder_3_bit_2_3.dqdimacs,4,336
./benchmark_tests/original/Biere/adder_3_2/pec_adder_3_bit_2_3.dqdimacs,5,287
./benchmark_tests/original/Biere/adder_3_2/pec_adder_3_bit_2_3.dqdimacs,6,289
./benchmark_tests/original/Biere/adder_3_2/pec_adder_3_bit_2_3.dqdimacs,10,284
./benchmark_tests/original/Biere/adder_3_2/pec_adder_3_bit_2_3.dqdimacs,11,283
./benchmark_tests/original/Biere/adder_3_2/pec_adder_3_bit_2_3.dqdimacs,12,263
./benchmark_tests/original/Biere/adder_3_2/pec_adder_3_bit_2_3.dqdimacs,13,230
./benchmark_tests/original/Biere/adder_3_2/pec_adder_3_bit_2_3.dqdimacs,17,196
./benchmark_tests/original/Biere/adder_3_2/pec_adder_3_bit_2_3.dqdimacs,18,173
./benchmark_tests/original/Biere/adder_3_2/pec_adder_3_bit_2_3.dqdimacs,19,154
./benchmark_tests/original/Biere/adder_3_2/pec_adder_3_bit_2_3.dqdimacs,20,153
./benchmark_tests/original/Biere/adder_3_2/pec_adder_3_bit_2_3.dqdimacs,22,150
./benchmark_tests/original/Biere/adder_3_2/pec_adder_3_bit_2_3.dqdimacs,23,151
./benchmark_tests/original/Biere/adder_3_2/pec_adder_3_bit_2_3.dqdimacs,24,153
./benchmark_tests/original/Biere/adder_3_2/pec_adder_3_bit_2_3.dqdimacs,25,154
./benchmark_tests/original/Biere/adder_3_2/pec_adder_3_bit_2_3.dqdimacs,26,151
./benchmark_tests/original/Biere/adder_3_2/pec_adder_3_bit_2_3.dqdimacs,27,143
./benchmark_tests/original/Biere/adder_3_2/pec_adder_3_bit_2_3.dqdimacs,29,139
./benchmark_tests/original/Biere/adder_3_2/pec_adder_3_bit_2_3.dqdimacs,30,138
./benchmark_tests/original/Biere/adder_3_2/pec_adder_3_bit_2_3.dqdimacs,31,141
./benchmark_tests/original/Biere/adder_3_2/pec_adder_3_bit_2_3.dqdimacs,33,140
./benchmark_tests/original/Biere/adder_3_2/pec_adder_3_bit_2_3.dqdimacs,34,138
./benchmark_tests/original/Biere/adder_3_2/pec_adder_3_bit_2_3.dqdimacs,35,140
./benchmark_tests/original/Biere/adder_3_2/pec_adder_3_bit_2_3.dqdimacs,37,137
./benchmark_tests/original/Biere/adder_3_2/pec_adder_3_bit_2_3.dqdimacs,38,138
./benchmark_tests/original/Biere/adder_3_2/pec_adder_3_bit_2_3.dqdimacs,39,138
./benchmark_tests/original/Biere/adder_3_2/pec_adder_3_bit_2_3.dqdimacs,40,139
./benchmark_tests/original/Biere/adder_3_2/pec_adder_3_bit_2_3.dqdimacs,41,148
./benchmark_tests/original/Biere/adder_3_2/pec_adder_3_bit_2_3.dqdimacs,43,152
./benchmark_tests/original/Biere/adder_3_2/pec_adder_3_bit_2_3.dqdimacs,44,150
./benchmark_tests/original/Biere/adder_3_2/pec_adder_3_bit_2_3.dqdimacs,45,151
./benchmark_tests/original/Biere/adder_3_2/pec_adder_3_bit_2_3.dqdimacs,46,150
./benchmark_tests/original/Biere/adder_3_2/pec_adder_3_bit_2_3.dqdimacs,47,152
./benchmark_tests/original/Biere/adder_3_2/pec_adder_3_bit_2_3.dqdimacs,48,152
./benchmark_tests/original/Biere/adder_3_2/pec_adder_3_bit_2_3.dqdimacs,49,152
./benchmark_tests/original/Biere/adder_3_2/pec_adder_3_bit_2_3.dqdimacs,50,152
./benchmark_tests/original/Biere/adder_3_2/pec_adder_3_bit_2_3.dqdimacs,51,151
./benchmark_tests/original/Biere/adder_3_2/pec_adder_3_bit_2_3.dqdimacs,52,150
./benchmark_tests/original/Biere/adder_3_2/pec_adder_3_bit_2_3.dqdimacs,53,151
./benchmark_tests/original/Biere/adder_3_2/pec_adder_3_bit_2_3.dqdimacs,54,151
./benchmark_tests/original/Biere/adder_3_2/pec_adder_3_bit_2_3.dqdimacs,55,151
./benchmark_tests/original/Biere/adder_3_2/pec_adder_3_bit_2_3.dqdimacs,56,152
./benchmark_tests/original/Biere/adder_3_2/pec_adder_3_bit_2_3.dqdimacs,57,151
./benchmark_tests/original/Biere/adder_3_2/pec_adder_3_bit_2_3.dqdimacs,58,149
./benchmark_tests/original/Biere/adder_3_2/pec_adder_3_bit_2_3.dqdimacs,59,153
./benchmark_tests/original/Biere/adder_3_2/pec_adder_3_bit_2_3.dqdimacs,60,152
./benchmark_tests/original/Biere/adder_3_2/pec_adder_3_bit_2_3.dqdimacs,61,153
./benchmark_tests/original/Biere/adder_3_2/pec_adder_3_bit_2_3.dqdimacs,62,153
./benchmark_tests/original/Biere/adder_3_2/pec_adder_3_bit_2_3.dqdimacs,63,154
./benchmark_tests/original/Biere/adder_3_2/pec_adder_3_bit_2_3.dqdimacs,64,152
./benchmark_tests/original/Biere/adder_3_2/pec_adder_3_bit_2_3.dqdimacs,65,152
./benchmark_tests/original/Biere/adder_3_2/pec_adder_3_bit_2_40.dqdimacs,4,284
./benchmark_tests/original/Biere/adder_3_2/pec_adder_3_bit_2_40.dqdimacs,5,236
./benchmark_tests/original/Biere/adder_3_2/pec_adder_3_bit_2_40.dqdimacs,6,213
./benchmark_tests/original/Biere/adder_3_2/pec_adder_3_bit_2_40.dqdimacs,10,211
./benchmark_tests/original/Biere/adder_3_2/pec_adder_3_bit_2_40.dqdimacs,11,211
./benchmark_tests/original/Biere/adder_3_2/pec_adder_3_bit_2_40.dqdimacs,12,213
./benchmark_tests/original/Biere/adder_3_2/pec_adder_3_bit_2_40.dqdimacs,13,209
./benchmark_tests/original/Biere/adder_3_2/pec_adder_3_bit_2_40.dqdimacs,17,190
./benchmark_tests/original/Biere/adder_3_2/pec_adder_3_bit_2_40.dqdimacs,18,170
./benchmark_tests/original/Biere/adder_3_2/pec_adder_3_bit_2_40.dqdimacs,19,153
./benchmark_tests/original/Biere/adder_3_2/pec_adder_3_bit_2_40.dqdimacs,20,136
./benchmark_tests/original/Biere/adder_3_2/pec_adder_3_bit_2_40.dqdimacs,22,126
./benchmark_tests/original/Biere/adder_3_2/pec_adder_3_bit_2_40.dqdimacs,23,114
./benchmark_tests/original/Biere/adder_3_2/pec_adder_3_bit_2_40.dqdimacs,24,113
./benchmark_tests/original/Biere/adder_3_2/pec_adder_3_bit_2_40.dqdimacs,25,120
./benchmark_tests/original/Biere/adder_3_2/pec_adder_3_bit_2_40.dqdimacs,26,126
./benchmark_tests/original/Biere/adder_3_2/pec_adder_3_bit_2_40.dqdimacs,27,128
./benchmark_tests/original/Biere/adder_3_2/pec_adder_3_bit_2_40.dqdimacs,29,126
./benchmark_tests/original/Biere/adder_3_2/pec_adder_3_bit_2_40.dqdimacs,30,125
./benchmark_tests/original/Biere/adder_3_2/pec_adder_3_bit_2_40.dqdimacs,31,125
./benchmark_tests/original/Biere/adder_3_2/pec_adder_3_bit_2_40.dqdimacs,32,127
./benchmark_tests/original/Biere/adder_3_2/pec_adder_3_bit_2_40.dqdimacs,34,125
./benchmark_tests/original/Biere/adder_3_2/pec_adder_3_bit_2_40.dqdimacs,35,124
./benchmark_tests/original/Biere/adder_3_2/pec_adder_3_bit_2_40.dqdimacs,36,128
./benchmark_tests/original/Biere/adder_3_2/pec_adder_3_bit_2_40.dqdimacs,38,125
./benchmark_tests/original/Biere/adder_3_2/pec_adder_3_bit_2_40.dqdimacs,39,124
./benchmark_tests/original/Biere/adder_3_2/pec_adder_3_bit_2_40.dqdimacs,40,127
./benchmark_tests/original/Biere/adder_3_2/pec_adder_3_bit_2_40.dqdimacs,41,127
./benchmark_tests/original/Biere/adder_3_2/pec_adder_3_bit_2_40.dqdimacs,42,126
./benchmark_tests/original/Biere/adder_3_2/pec_adder_3_bit_2_40.dqdimacs,43,127
./benchmark_tests/original/Biere/adder_3_2/pec_adder_3_bit_2_40.dqdimacs,44,126
./benchmark_tests/original/Biere/adder_3_2/pec_adder_3_bit_2_40.dqdimacs,45,127
./benchmark_tests/original/Biere/adder_3_2/pec_adder_3_bit_2_40.dqdimacs,46,127
./benchmark_tests/original/Biere/adder_3_2/pec_adder_3_bit_2_40.dqdimacs,47,127
./benchmark_tests/original/Biere/adder_3_2/pec_adder_3_bit_2_40.dqdimacs,48,125
./benchmark_tests/original/Biere/adder_3_2/pec_adder_3_bit_2_40.dqdimacs,49,126
./benchmark_tests/original/Biere/adder_3_2/pec_adder_3_bit_2_40.dqdimacs,50,126
./benchmark_tests/original/Biere/adder_3_2/pec_adder_3_bit_2_40.dqdimacs,51,126
./benchmark_tests/original/Biere/adder_3_2/pec_adder_3_bit_2_40.dqdimacs,52,126
./benchmark_tests/original/Biere/adder_3_2/pec_adder_3_bit_2_40.dqdimacs,53,127
./benchmark_tests/original/Biere/adder_3_2/pec_adder_3_bit_2_40.dqdimacs,54,127
./benchmark_tests/original/Biere/adder_3_2/pec_adder_3_bit_2_40.dqdimacs,55,126
./benchmark_tests/original/Biere/adder_3_2/pec_adder_3_bit_2_40.dqdimacs,56,126
./benchmark_tests/original/Biere/adder_3_2/pec_adder_3_bit_2_40.dqdimacs,57,126
./benchmark_tests/original/Biere/adder_3_2/pec_adder_3_bit_2_40.dqdimacs,58,126
./benchmark_tests/original/Biere/adder_3_2/pec_adder_3_bit_2_40.dqdimacs,59,126
./benchmark_tests/original/Biere/adder_3_2/pec_adder_3_bit_2_40.dqdimacs,60,126
./benchmark_tests/original/Biere/adder_3_2/pec_adder_3_bit_2_40.dqdimacs,61,128
./benchmark_tests/original/Biere/adder_3_2/pec_adder_3_bit_2_40.dqdimacs,62,128
./benchmark_tests/original/Biere/adder_3_2/pec_adder_3_bit_2_41.dqdimacs,4,355
./benchmark_tests/original/Biere/adder_3_2/pec_adder_3_bit_2_41.dqdimacs,5,313
./benchmark_tests/original/Biere/adder_3_2/pec_adder_3_bit_2_41.dqdimacs,6,311
./benchmark_tests/original/Biere/adder_3_2/pec_adder_3_bit_2_41.dqdimacs,10,311
./benchmark_tests/original/Biere/adder_3_2/pec_adder_3_bit_2_41.dqdimacs,11,306
./benchmark_tests/original/Biere/adder_3_2/pec_adder_3_bit_2_41.dqdimacs,12,269
./benchmark_tests/original/Biere/adder_3_2/pec_adder_3_bit_2_41.dqdimacs,13,231
./benchmark_tests/original/Biere/adder_3_2/pec_adder_3_bit_2_41.dqdimacs,17,197
./benchmark_tests/original/Biere/adder_3_2/pec_adder_3_bit_2_41.dqdimacs,18,173
./benchmark_tests/original/Biere/adder_3_2/pec_adder_3_bit_2_41.dqdimacs,19,166
./benchmark_tests/original/Biere/adder_3_2/pec_adder_3_bit_2_41.dqdimacs,20,167
./benchmark_tests/original/Biere/adder_3_2/pec_adder_3_bit_2_41.dqdimacs,22,166
./benchmark_tests/original/Biere/adder_3_2/pec_adder_3_bit_2_41.dqdimacs,23,166
./benchmark_tests/original/Biere/adder_3_2/pec_adder_3_bit_2_41.dqdimacs,24,166
./benchmark_tests/original/Biere/adder_3_2/pec_adder_3_bit_2_41.dqdimacs,25,167
./benchmark_tests/original/Biere/adder_3_2/pec_adder_3_bit_2_41.dqdimacs,26,166
./benchmark_tests/original/Biere/adder_3_2/pec_adder_3_bit_2_41.dqdimacs,27,167
./benchmark_tests/original/Biere/adder_3_2/pec_adder_3_bit_2_41.dqdimacs,29,166
./benchmark_tests/original/Biere/adder_3_2/pec_adder_3_bit_2_41.dqdimacs,30,168
./benchmark_tests/original/Biere/adder_3_2/pec_adder_3_bit_2_41.dqdimacs,31,168
./benchmark_tests/original/Biere/adder_3_2/pec_adder_3_bit_2_41.dqdimacs,33,166
./benchmark_tests/original/Biere/adder_3_2/pec_adder_3_bit_2_41.dqdimacs,34,166
./benchmark_tests/original/Biere/adder_3_2/pec_adder_3_bit_2_41.dqdimacs,35,168
./benchmark_tests/original/Biere/adder_3_2/pec_adder_3_bit_2_41.dqdimacs,37,166
./benchmark_tests/original/Biere/adder_3_2/pec_adder_3_bit_2_41.dqdimacs,38,164
./benchmark_tests/original/Biere/adder_3_2/pec_adder_3_bit_2_41.dqdimacs,39,168
./benchmark_tests/original/Biere/adder_3_2/pec_adder_3_bit_2_41.dqdimacs,41,164
./benchmark_tests/original/Biere/adder_3_2/pec_adder_3_bit_2_41.dqdimacs,42,164
./benchmark_tests/original/Biere/adder_3_2/pec_adder_3_bit_2_41.dqdimacs,43,166
./benchmark_tests/original/Biere/adder_3_2/pec_adder_3_bit_2_41.dqdimacs,44,166
./benchmark_tests/original/Biere/adder_3_2/pec_adder_3_bit_2_41.dqdimacs,45,166
./benchmark_tests/original/Biere/adder_3_2/pec_adder_3_bit_2_41.dqdimacs,46,168
./benchmark_tests/original/Biere/adder_3_2/pec_adder_3_bit_2_41.dqdimacs,48,164
./benchmark_tests/original/Biere/adder_3_2/pec_adder_3_bit_2_41.dqdimacs,49,163
./benchmark_tests/original/Biere/adder_3_2/pec_adder_3_bit_2_41.dqdimacs,50,166
./benchmark_tests/original/Biere/adder_3_2/pec_adder_3_bit_2_41.dqdimacs,51,163
./benchmark_tests/original/Biere/adder_3_2/pec_adder_3_bit_2_41.dqdimacs,52,163
./benchmark_tests/original/Biere/adder_3_2/pec_adder_3_bit_2_41.dqdimacs,53,165
./benchmark_tests/original/Biere/adder_3_2/pec_adder_3_bit_2_41.dqdimacs,54,166
./benchmark_tests/original/Biere/adder_3_2/pec_adder_3_bit_2_41.dqdimacs,55,165
./benchmark_tests/original/Biere/adder_3_2/pec_adder_3_bit_2_41.dqdimacs,56,163
./benchmark_tests/original/Biere/adder_3_2/pec_adder_3_bit_2_41.dqdimacs,57,165
./benchmark_tests/original/Biere/adder_3_2/pec_adder_3_bit_2_41.dqdimacs,58,165
./benchmark_tests/original/Biere/adder_3_2/pec_adder_3_bit_2_41.dqdimacs,59,165
./benchmark_tests/original/Biere/adder_3_2/pec_adder_3_bit_2_41.dqdimacs,60,166
./benchmark_tests/original/Biere/adder_3_2/pec_adder_3_bit_2_41.dqdimacs,61,166
./benchmark_tests/original/Biere/adder_3_2/pec_adder_3_bit_2_41.dqdimacs,62,166
./benchmark_tests/original/Biere/adder_3_2/pec_adder_3_bit_2_41.dqdimacs,63,165
./benchmark_tests/original/Biere/adder_3_2/pec_adder_3_bit_2_41.dqdimacs,64,166
./benchmark_tests/original/Biere/adder_3_2/pec_adder_3_bit_2_41.dqdimacs,65,166
./benchmark_tests/original/Biere/adder_3_2/pec_adder_3_bit_2_41.dqdimacs,66,165
./benchmark_tests/original/Biere/adder_3_2/pec_adder_3_bit_2_41.dqdimacs,67,165
./benchmark_tests/original/Biere/adder_3_2/pec_adder_3_bit_2_41.dqdimacs,68,166
./benchmark_tests/original/Biere/adder_3_2/pec_adder_3_bit_2_41.dqdimacs,69,166
./benchmark_tests/original/Biere/adder_3_2/pec_adder_3_bit_2_41.dqdimacs,70,166
./benchmark_tests/original/Biere/adder_3_2/pec_adder_3_bit_2_42.dqdimacs,4,401
./benchmark_tests/original/Biere/adder_3_2/pec_adder_3_bit_2_42.dqdimacs,5,348
./benchmark_tests/original/Biere/adder_3_2/pec_adder_3_bit_2_42.dqdimacs,6,349
./benchmark_tests/original/Biere/adder_3_2/pec_adder_3_bit_2_42.dqdimacs,10,354
./benchmark_tests/original/Biere/adder_3_2/pec_adder_3_bit_2_42.dqdimacs,11,329
./benchmark_tests/original/Biere/adder_3_2/pec_adder_3_bit_2_42.dqdimacs,12,271
./benchmark_tests/original/Biere/adder_3_2/pec_adder_3_bit_2_42.dqdimacs,13,226
./benchmark_tests/original/Biere/adder_3_2/pec_adder_3_bit_2_42.dqdimacs,17,194
./benchmark_tests/original/Biere/adder_3_2/pec_adder_3_bit_2_42.dqdimacs,18,187
./benchmark_tests/original/Biere/adder_3_2/pec_adder_3_bit_2_42.dqdimacs,19,187
./benchmark_tests/original/Biere/adder_3_2/pec_adder_3_bit_2_42.dqdimacs,20,188
./benchmark_tests/original/Biere/adder_3_2/pec_adder_3_bit_2_42.dqdimacs,22,184
./benchmark_tests/original/Biere/adder_3_2/pec_adder_3_bit_2_42.dqdimacs,23,184
./benchmark_tests/original/Biere/adder_3_2/pec_adder_3_bit_2_42.dqdimacs,24,187
./benchmark_tests/original/Biere/adder_3_2/pec_adder_3_bit_2_42.dqdimacs,25,188
./benchmark_tests/original/Biere/adder_3_2/pec_adder_3_bit_2_42.dqdimacs,26,188
./benchmark_tests/original/Biere/adder_3_2/pec_adder_3_bit_2_42.dqdimacs,27,190
./benchmark_tests/original/Biere/adder_3_2/pec_adder_3_bit_2_42.dqdimacs,29,187
./benchmark_tests/original/Biere/adder_3_2/pec_adder_3_bit_2_42.dqdimacs,30,186
./benchmark_tests/original/Biere/adder_3_2/pec_adder_3_bit_2_42.dqdimacs,31,188
./benchmark_tests/original/Biere/adder_3_2/pec_adder_3_bit_2_42.dqdimacs,33,187
./benchmark_tests/original/Biere/adder_3_2/pec_adder_3_bit_2_42.dqdimacs,34,188
./benchmark_tests/original/Biere/adder_3_2/pec_adder_3_bit_2_42.dqdimacs,35,189
./benchmark_tests/original/Biere/adder_3_2/pec_adder_3_bit_2_42.dqdimacs,37,184
./benchmark_tests/original/Biere/adder_3_2/pec_adder_3_bit_2_42.dqdimacs,38,186
./benchmark_tests/original/Biere/adder_3_2/pec_adder_3_bit_2_42.dqdimacs,39,189
./benchmark_tests/original/Biere/adder_3_2/pec_adder_3_bit_2_42.dqdimacs,41,186
./benchmark_tests/original/Biere/adder_3_2/pec_adder_3_bit_2_42.dqdimacs,42,185
./benchmark_tests/original/Biere/adder_3_2/pec_adder_3_bit_2_42.dqdimacs,43,191
./benchmark_tests/original/Biere/adder_3_2/pec_adder_3_bit_2_42.dqdimacs,45,186
./benchmark_tests/original/Biere/adder_3_2/pec_adder_3_bit_2_42.dqdimacs,46,188
./benchmark_tests/original/Biere/adder_3_2/pec_adder_3_bit_2_42.dqdimacs,47,190
./benchmark_tests/original/Biere/adder_3_2/pec_adder_3_bit_2_42.dqdimacs,49,187
./benchmark_tests/original/Biere/adder_3_2/pec_adder_3_bit_2_42.dqdimacs,50,189
./benchmark_tests/original/Biere/adder_3_2/pec_adder_3_bit_2_42.dqdimacs,51,188
./benchmark_tests/original/Biere/adder_3_2/pec_adder_3_bit_2_42.dqdimacs,52,187
./benchmark_tests/original/Biere/adder_3_2/pec_adder_3_bit_2_42.dqdimacs,53,191
./benchmark_tests/original/Biere/adder_3_2/pec_adder_3_bit_2_42.dqdimacs,54,187
./benchmark_tests/original/Biere/adder_3_2/pec_adder_3_bit_2_42.dqdimacs,55,188
./benchmark_tests/original/Biere/adder_3_2/pec_adder_3_bit_2_42.dqdimacs,56,189
./benchmark_tests/original/Biere/adder_3_2/pec_adder_3_bit_2_42.dqdimacs,57,189
./benchmark_tests/original/Biere/adder_3_2/pec_adder_3_bit_2_42.dqdimacs,58,187
./benchmark_tests/original/Biere/adder_3_2/pec_adder_3_bit_2_42.dqdimacs,59,188
./benchmark_tests/original/Biere/adder_3_2/pec_adder_3_bit_2_42.dqdimacs,60,188
./benchmark_tests/original/Biere/adder_3_2/pec_adder_3_bit_2_42.dqdimacs,61,188
./benchmark_tests/original/Biere/adder_3_2/pec_adder_3_bit_2_42.dqdimacs,62,187
./benchmark_tests/original/Biere/adder_3_2/pec_adder_3_bit_2_42.dqdimacs,63,187
./benchmark_tests/original/Biere/adder_3_2/pec_adder_3_bit_2_42.dqdimacs,64,186
./benchmark_tests/original/Biere/adder_3_2/pec_adder_3_bit_2_42.dqdimacs,65,186
./benchmark_tests/original/Biere/adder_3_2/pec_adder_3_bit_2_42.dqdimacs,66,186
./benchmark_tests/original/Biere/adder_3_2/pec_adder_3_bit_2_42.dqdimacs,67,187
./benchmark_tests/original/Biere/adder_3_2/pec_adder_3_bit_2_42.dqdimacs,68,185
./benchmark_tests/original/Biere/adder_3_2/pec_adder_3_bit_2_42.dqdimacs,69,187
./benchmark_tests/original/Biere/adder_3_2/pec_adder_3_bit_2_42.dqdimacs,70,188
./benchmark_tests/original/Biere/adder_3_2/pec_adder_3_bit_2_42.dqdimacs,71,189
./benchmark_tests/original/Biere/adder_3_2/pec_adder_3_bit_2_42.dqdimacs,72,186
./benchmark_tests/original/Biere/adder_3_2/pec_adder_3_bit_2_43.dqdimacs,4,328
./benchmark_tests/original/Biere/adder_3_2/pec_adder_3_bit_2_43.dqdimacs,5,281
./benchmark_tests/original/Biere/adder_3_2/pec_adder_3_bit_2_43.dqdimacs,6,283
./benchmark_tests/original/Biere/adder_3_2/pec_adder_3_bit_2_43.dqdimacs,10,280
./benchmark_tests/original/Biere/adder_3_2/pec_adder_3_bit_2_43.dqdimacs,11,284
./benchmark_tests/original/Biere/adder_3_2/pec_adder_3_bit_2_43.dqdimacs,12,264
./benchmark_tests/original/Biere/adder_3_2/pec_adder_3_bit_2_43.dqdimacs,13,232
./benchmark_tests/original/Biere/adder_3_2/pec_adder_3_bit_2_43.dqdimacs,17,196
./benchmark_tests/original/Biere/adder_3_2/pec_adder_3_bit_2_43.dqdimacs,18,173
./benchmark_tests/original/Biere/adder_3_2/pec_adder_3_bit_2_43.dqdimacs,19,154
./benchmark_tests/original/Biere/adder_3_2/pec_adder_3_bit_2_43.dqdimacs,20,150
./benchmark_tests/original/Biere/adder_3_2/pec_adder_3_bit_2_43.dqdimacs,22,149
./benchmark_tests/original/Biere/adder_3_2/pec_adder_3_bit_2_43.dqdimacs,23,150
./benchmark_tests/original/Biere/adder_3_2/pec_adder_3_bit_2_43.dqdimacs,24,150
./benchmark_tests/original/Biere/adder_3_2/pec_adder_3_bit_2_43.dqdimacs,25,150
./benchmark_tests/original/Biere/adder_3_2/pec_adder_3_bit_2_43.dqdimacs,26,150
./benchmark_tests/original/Biere/adder_3_2/pec_adder_3_bit_2_43.dqdimacs,27,151
./benchmark_tests/original/Biere/adder_3_2/pec_adder_3_bit_2_43.dqdimacs,29,149
./benchmark_tests/original/Biere/adder_3_2/pec_adder_3_bit_2_43.dqdimacs,30,150
./benchmark_tests/original/Biere/adder_3_2/pec_adder_3_bit_2_43.dqdimacs,31,149
./benchmark_tests/original/Biere/adder_3_2/pec_adder_3_bit_2_43.dqdimacs,32,151
./benchmark_tests/original/Biere/adder_3_2/pec_adder_3_bit_2_43.dqdimacs,34,149
./benchmark_tests/original/Biere/adder_3_2/pec_adder_3_bit_2_43.dqdimacs,35,150
./benchmark_tests/original/Biere/adder_3_2/pec_adder_3_bit_2_43.dqdimacs,36,151
./benchmark_tests/original/Biere/adder_3_2/pec_adder_3_bit_2_43.dqdimacs,38,150
./benchmark_tests/original/Biere/adder_3_2/pec_adder_3_bit_2_43.dqdimacs,39,148
./benchmark_tests/original/Biere/adder_3_2/pec_adder_3_bit_2_43.dqdimacs,40,151
./benchmark_tests/original/Biere/adder_3_2/pec_adder_3_bit_2_43.dqdimacs,42,149
./benchmark_tests/original/Biere/adder_3_2/pec_adder_3_bit_2_43.dqdimacs,43,148
./benchmark_tests/original/Biere/adder_3_2/pec_adder_3_bit_2_43.dqdimacs,44,151
./benchmark_tests/original/Biere/adder_3_2/pec_adder_3_bit_2_43.dqdimacs,46,149
./benchmark_tests/original/Biere/adder_3_2/pec_adder_3_bit_2_43.dqdimacs,47,149
./benchmark_tests/original/Biere/adder_3_2/pec_adder_3_bit_2_43.dqdimacs,48,153
./benchmark_tests/original/Biere/adder_3_2/pec_adder_3_bit_2_43.dqdimacs,50,150
./benchmark_tests/original/Biere/adder_3_2/pec_adder_3_bit_2_43.dqdimacs,51,150
./benchmark_tests/original/Biere/adder_3_2/pec_adder_3_bit_2_43.dqdimacs,52,150
./benchmark_tests/original/Biere/adder_3_2/pec_adder_3_bit_2_43.dqdimacs,53,150
./benchmark_tests/original/Biere/adder_3_2/pec_adder_3_bit_2_43.dqdimacs,54,152
./benchmark_tests/original/Biere/adder_3_2/pec_adder_3_bit_2_43.dqdimacs,55,150
./benchmark_tests/original/Biere/adder_3_2/pec_adder_3_bit_2_43.dqdimacs,56,150
./benchmark_tests/original/Biere/adder_3_2/pec_adder_3_bit_2_43.dqdimacs,57,150
./benchmark_tests/original/Biere/adder_3_2/pec_adder_3_bit_2_43.dqdimacs,58,149
./benchmark_tests/original/Biere/adder_3_2/pec_adder_3_bit_2_43.dqdimacs,59,150
./benchmark_tests/original/Biere/adder_3_2/pec_adder_3_bit_2_43.dqdimacs,60,150
./benchmark_tests/original/Biere/adder_3_2/pec_adder_3_bit_2_43.dqdimacs,61,151
./benchmark_tests/original/Biere/adder_3_2/pec_adder_3_bit_2_43.dqdimacs,62,150
./benchmark_tests/original/Biere/adder_3_2/pec_adder_3_bit_2_43.dqdimacs,63,150
./benchmark_tests/original/Biere/adder_3_2/pec_adder_3_bit_2_43.dqdimacs,64,150
./benchmark_tests/original/Biere/adder_3_2/pec_adder_3_bit_2_43.dqdimacs,65,150
./benchmark_tests/original/Biere/adder_3_2/pec_adder_3_bit_2_43.dqdimacs,66,149
./benchmark_tests/original/Biere/adder_3_2/pec_adder_3_bit_2_43.dqdimacs,67,149
./benchmark_tests/original/Biere/adder_3_2/pec_adder_3_bit_2_43.dqdimacs,68,149
./benchmark_tests/original/Biere/adder_3_2/pec_adder_3_bit_2_43.dqdimacs,69,149
./benchmark_tests/original/Biere/adder_3_2/pec_adder_3_bit_2_43.dqdimacs,70,149
./benchmark_tests/original/Biere/adder_3_2/pec_adder_3_bit_2_43.dqdimacs,71,149
./benchmark_tests/original/Biere/adder_3_2/pec_adder_3_bit_2_43.dqdimacs,72,150
./benchmark_tests/original/Biere/adder_3_2/pec_adder_3_bit_2_43.dqdimacs,73,149
./benchmark_tests/original/Biere/adder_3_2/pec_adder_3_bit_2_44.dqdimacs,4,253
./benchmark_tests/original/Biere/adder_3_2/pec_adder_3_bit_2_44.dqdimacs,5,203
./benchmark_tests/original/Biere/adder_3_2/pec_adder_3_bit_2_44.dqdimacs,6,204
./benchmark_tests/original/Biere/adder_3_2/pec_adder_3_bit_2_44.dqdimacs,10,204
./benchmark_tests/original/Biere/adder_3_2/pec_adder_3_bit_2_44.dqdimacs,11,204
./benchmark_tests/original/Biere/adder_3_2/pec_adder_3_bit_2_44.dqdimacs,12,204
./benchmark_tests/original/Biere/adder_3_2/pec_adder_3_bit_2_44.dqdimacs,13,203
./benchmark_tests/original/Biere/adder_3_2/pec_adder_3_bit_2_44.dqdimacs,17,194
./benchmark_tests/original/Biere/adder_3_2/pec_adder_3_bit_2_44.dqdimacs,18,176
./benchmark_tests/original/Biere/adder_3_2/pec_adder_3_bit_2_44.dqdimacs,19,156
./benchmark_tests/original/Biere/adder_3_2/pec_adder_3_bit_2_44.dqdimacs,20,141
./benchmark_tests/original/Biere/adder_3_2/pec_adder_3_bit_2_44.dqdimacs,22,128
./benchmark_tests/original/Biere/adder_3_2/pec_adder_3_bit_2_44.dqdimacs,23,115
./benchmark_tests/original/Biere/adder_3_2/pec_adder_3_bit_2_44.dqdimacs,24,108
./benchmark_tests/original/Biere/adder_3_2/pec_adder_3_bit_2_44.dqdimacs,25,109
./benchmark_tests/original/Biere/adder_3_2/pec_adder_3_bit_2_44.dqdimacs,26,109
./benchmark_tests/original/Biere/adder_3_2/pec_adder_3_bit_2_44.dqdimacs,27,110
./benchmark_tests/original/Biere/adder_3_2/pec_adder_3_bit_2_44.dqdimacs,29,109
./benchmark_tests/original/Biere/adder_3_2/pec_adder_3_bit_2_44.dqdimacs,30,109
./benchmark_tests/original/Biere/adder_3_2/pec_adder_3_bit_2_44.dqdimacs,31,111
./benchmark_tests/original/Biere/adder_3_2/pec_adder_3_bit_2_44.dqdimacs,33,107
./benchmark_tests/original/Biere/adder_3_2/pec_adder_3_bit_2_44.dqdimacs,34,108
./benchmark_tests/original/Biere/adder_3_2/pec_adder_3_bit_2_44.dqdimacs,35,111
./benchmark_tests/original/Biere/adder_3_2/pec_adder_3_bit_2_44.dqdimacs,37,107
./benchmark_tests/original/Biere/adder_3_2/pec_adder_3_bit_2_44.dqdimacs,38,108
./benchmark_tests/original/Biere/adder_3_2/pec_adder_3_bit_2_44.dqdimacs,39,109
./benchmark_tests/original/Biere/adder_3_2/pec_adder_3_bit_2_44.dqdimacs,40,109
./benchmark_tests/original/Biere/adder_3_2/pec_adder_3_bit_2_44.dqdimacs,42,107
./benchmark_tests/original/Biere/adder_3_2/pec_adder_3_bit_2_44.dqdimacs,43,107
./benchmark_tests/original/Biere/adder_3_2/pec_adder_3_bit_2_44.dqdimacs,44,109
./benchmark_tests/original/Biere/adder_3_2/pec_adder_3_bit_2_44.dqdimacs,46,108
./benchmark_tests/original/Biere/adder_3_2/pec_adder_3_bit_2_44.dqdimacs,47,109
./benchmark_tests/original/Biere/adder_3_2/pec_adder_3_bit_2_44.dqdimacs,48,107
./benchmark_tests/original/Biere/adder_3_2/pec_adder_3_bit_2_44.dqdimacs,49,108
./benchmark_tests/original/Biere/adder_3_2/pec_adder_3_bit_2_44.dqdimacs,50,109
./benchmark_tests/original/Biere/adder_3_2/pec_adder_3_bit_2_44.dqdimacs,51,108
./benchmark_tests/original/Biere/adder_3_2/pec_adder_3_bit_2_44.dqdimacs,52,108
./benchmark_tests/original/Biere/adder_3_2/pec_adder_3_bit_2_44.dqdimacs,53,107
./benchmark_tests/original/Biere/adder_3_2/pec_adder_3_bit_2_44.dqdimacs,54,107
./benchmark_tests/original/Biere/adder_3_2/pec_adder_3_bit_2_44.dqdimacs,55,107
./benchmark_tests/original/Biere/adder_3_2/pec_adder_3_bit_2_44.dqdimacs,56,108
./benchmark_tests/original/Biere/adder_3_2/pec_adder_3_bit_2_44.dqdimacs,57,108
./benchmark_tests/original/Biere/adder_3_2/pec_adder_3_bit_2_44.dqdimacs,58,109
./benchmark_tests/original/Biere/adder_3_2/pec_adder_3_bit_2_44.dqdimacs,59,109
./benchmark_tests/original/Biere/adder_3_2/pec_adder_3_bit_2_44.dqdimacs,60,109
./benchmark_tests/original/Biere/adder_3_2/pec_adder_3_bit_2_44.dqdimacs,61,107
./benchmark_tests/original/Biere/adder_3_2/pec_adder_3_bit_2_44.dqdimacs,62,107
./benchmark_tests/original/Biere/adder_3_2/pec_adder_3_bit_2_44.dqdimacs,63,108
./benchmark_tests/original/Biere/adder_3_2/pec_adder_3_bit_2_44.dqdimacs,64,108
./benchmark_tests/original/Biere/adder_3_2/pec_adder_3_bit_2_44.dqdimacs,65,108
./benchmark_tests/original/Biere/adder_3_2/pec_adder_3_bit_2_44.dqdimacs,66,109
./benchmark_tests/original/Biere/adder_3_2/pec_adder_3_bit_2_44.dqdimacs,67,108
./benchmark_tests/original/Biere/adder_3_2/pec_adder_3_bit_2_44.dqdimacs,68,109
./benchmark_tests/original/Biere/adder_3_2/pec_adder_3_bit_2_45.dqdimacs,4,333
./benchmark_tests/original/Biere/adder_3_2/pec_adder_3_bit_2_45.dqdimacs,5,284
./benchmark_tests/original/Biere/adder_3_2/pec_adder_3_bit_2_45.dqdimacs,6,283
./benchmark_tests/original/Biere/adder_3_2/pec_adder_3_bit_2_45.dqdimacs,10,283
./benchmark_tests/original/Biere/adder_3_2/pec_adder_3_bit_2_45.dqdimacs,11,282
./benchmark_tests/original/Biere/adder_3_2/pec_adder_3_bit_2_45.dqdimacs,12,265
./benchmark_tests/original/Biere/adder_3_2/pec_adder_3_bit_2_45.dqdimacs,13,230
./benchmark_tests/original/Biere/adder_3_2/pec_adder_3_bit_2_45.dqdimacs,17,200
./benchmark_tests/original/Biere/adder_3_2/pec_adder_3_bit_2_45.dqdimacs,18,171
./benchmark_tests/original/Biere/adder_3_2/pec_adder_3_bit_2_45.dqdimacs,19,154
./benchmark_tests/original/Biere/adder_3_2/pec_adder_3_bit_2_45.dqdimacs,20,151
./benchmark_tests/original/Biere/adder_3_2/pec_adder_3_bit_2_45.dqdimacs,22,150
./benchmark_tests/original/Biere/adder_3_2/pec_adder_3_bit_2_45.dqdimacs,23,151
./benchmark_tests/original/Biere/adder_3_2/pec_adder_3_bit_2_45.dqdimacs,24,151
./benchmark_tests/original/Biere/adder_3_2/pec_adder_3_bit_2_45.dqdimacs,25,151
./benchmark_tests/original/Biere/adder_3_2/pec_adder_3_bit_2_45.dqdimacs,26,151
./benchmark_tests/original/Biere/adder_3_2/pec_adder_3_bit_2_45.dqdimacs,27,153
./benchmark_tests/original/Biere/adder_3_2/pec_adder_3_bit_2_45.dqdimacs,29,151
./benchmark_tests/original/Biere/adder_3_2/pec_adder_3_bit_2_45.dqdimacs,30,151
./benchmark_tests/original/Biere/adder_3_2/pec_adder_3_bit_2_45.dqdimacs,31,153
./benchmark_tests/original/Biere/adder_3_2/pec_adder_3_bit_2_45.dqdimacs,33,152
./benchmark_tests/original/Biere/adder_3_2/pec_adder_3_bit_2_45.dqdimacs,34,151
./benchmark_tests/original/Biere/adder_3_2/pec_adder_3_bit_2_45.dqdimacs,35,155
./benchmark_tests/original/Biere/adder_3_2/pec_adder_3_bit_2_45.dqdimacs,37,151
./benchmark_tests/original/Biere/adder_3_2/pec_adder_3_bit_2_45.dqdimacs,38,152
./benchmark_tests/original/Biere/adder_3_2/pec_adder_3_bit_2_45.dqdimacs,39,155
./benchmark_tests/original/Biere/adder_3_2/pec_adder_3_bit_2_45.dqdimacs,41,152
./benchmark_tests/original/Biere/adder_3_2/pec_adder_3_bit_2_45.dqdimacs,42,151
./benchmark_tests/original/Biere/adder_3_2/pec_adder_3_bit_2_45.dqdimacs,43,155
./benchmark_tests/original/Biere/adder_3_2/pec_adder_3_bit_2_45.dqdimacs,45,151
./benchmark_tests/original/Biere/adder_3_2/pec_adder_3_bit_2_45.dqdimacs,46,151
./benchmark_tests/original/Biere/adder_3_2/pec_adder_3_bit_2_45.dqdimacs,47,151
./benchmark_tests/original/Biere/adder_3_2/pec_adder_3_bit_2_45.dqdimacs,48,154
./benchmark_tests/original/Biere/adder_3_2/pec_adder_3_bit_2_45.dqdimacs,50,151
./benchmark_tests/original/Biere/adder_3_2/pec_adder_3_bit_2_45.dqdimacs,51,151
./benchmark_tests/original/Biere/adder_3_2/pec_adder_3_bit_2_45.dqdimacs,52,152
./benchmark_tests/original/Biere/adder_3_2/pec_adder_3_bit_2_45.dqdimacs,53,155
./benchmark_tests/original/Biere/adder_3_2/pec_adder_3_bit_2_45.dqdimacs,55,151
./benchmark_tests/original/Biere/adder_3_2/pec_adder_3_bit_2_45.dqdimacs,56,151
./benchmark_tests/original/Biere/adder_3_2/pec_adder_3_bit_2_45.dqdimacs,57,152
./benchmark_tests/original/Biere/adder_3_2/pec_adder_3_bit_2_45.dqdimacs,58,153
./benchmark_tests/original/Biere/adder_3_2/pec_adder_3_bit_2_45.dqdimacs,59,151
./benchmark_tests/original/Biere/adder_3_2/pec_adder_3_bit_2_45.dqdimacs,60,151
./benchmark_tests/original/Biere/adder_3_2/pec_adder_3_bit_2_45.dqdimacs,61,152
./benchmark_tests/original/Biere/adder_3_2/pec_adder_3_bit_2_45.dqdimacs,62,151
./benchmark_tests/original/Biere/adder_3_2/pec_adder_3_bit_2_45.dqdimacs,63,151
./benchmark_tests/original/Biere/adder_3_2/pec_adder_3_bit_2_45.dqdimacs,64,152
./benchmark_tests/original/Biere/adder_3_2/pec_adder_3_bit_2_45.dqdimacs,65,151
./benchmark_tests/original/Biere/adder_3_2/pec_adder_3_bit_2_45.dqdimacs,66,150
./benchmark_tests/original/Biere/adder_3_2/pec_adder_3_bit_2_45.dqdimacs,67,150
./benchmark_tests/original/Biere/adder_3_2/pec_adder_3_bit_2_45.dqdimacs,68,150
./benchmark_tests/original/Biere/adder_3_2/pec_adder_3_bit_2_45.dqdimacs,69,150
./benchmark_tests/original/Biere/adder_3_2/pec_adder_3_bit_2_45.dqdimacs,70,151
./benchmark_tests/original/Biere/adder_3_2/pec_adder_3_bit_2_45.dqdimacs,71,151
./benchmark_tests/original/Biere/adder_3_2/pec_adder_3_bit_2_45.dqdimacs,72,150
./benchmark_tests/original/Biere/adder_3_2/pec_adder_3_bit_2_45.dqdimacs,73,151
./benchmark_tests/original/Biere/adder_3_2/pec_adder_3_bit_2_45.dqdimacs,74,151
./benchmark_tests/original/Biere/adder_3_2/pec_adder_3_bit_2_45.dqdimacs,75,151
./benchmark_tests/original/Biere/adder_3_2/pec_adder_3_bit_2_45.dqdimacs,76,150
./benchmark_tests/original/Biere/adder_3_2/pec_adder_3_bit_2_46.dqdimacs,4,448
./benchmark_tests/original/Biere/adder_3_2/pec_adder_3_bit_2_46.dqdimacs,5,400
./benchmark_tests/original/Biere/adder_3_2/pec_adder_3_bit_2_46.dqdimacs,6,397
./benchmark_tests/original/Biere/adder_3_2/pec_adder_3_bit_2_46.dqdimacs,10,388
./benchmark_tests/original/Biere/adder_3_2/pec_adder_3_bit_2_46.dqdimacs,11,331
./benchmark_tests/original/Biere/adder_3_2/pec_adder_3_bit_2_46.dqdimacs,12,266
./benchmark_tests/original/Biere/adder_3_2/pec_adder_3_bit_2_46.dqdimacs,13,223
./benchmark_tests/original/Biere/adder_3_2/pec_adder_3_bit_2_46.dqdimacs,17,209
./benchmark_tests/original/Biere/adder_3_2/pec_adder_3_bit_2_46.dqdimacs,18,211
./benchmark_tests/original/Biere/adder_3_2/pec_adder_3_bit_2_46.dqdimacs,19,210
./benchmark_tests/original/Biere/adder_3_2/pec_adder_3_bit_2_46.dqdimacs,20,211
./benchmark_tests/original/Biere/adder_3_2/pec_adder_3_bit_2_46.dqdimacs,22,208
./benchmark_tests/original/Biere/adder_3_2/pec_adder_3_bit_2_46.dqdimacs,23,210
./benchmark_tests/original/Biere/adder_3_2/pec_adder_3_bit_2_46.dqdimacs,24,210
./benchmark_tests/original/Biere/adder_3_2/pec_adder_3_bit_2_46.dqdimacs,25,210
./benchmark_tests/original/Biere/adder_3_2/pec_adder_3_bit_2_46.dqdimacs,26,210
./benchmark_tests/original/Biere/adder_3_2/pec_adder_3_bit_2_46.dqdimacs,27,211
./benchmark_tests/original/Biere/adder_3_2/pec_adder_3_bit_2_46.dqdimacs,29,211
./benchmark_tests/original/Biere/adder_3_2/pec_adder_3_bit_2_46.dqdimacs,30,209
./benchmark_tests/original/Biere/adder_3_2/pec_adder_3_bit_2_46.dqdimacs,31,210
./benchmark_tests/original/Biere/adder_3_2/pec_adder_3_bit_2_46.dqdimacs,33,207
./benchmark_tests/original/Biere/adder_3_2/pec_adder_3_bit_2_46.dqdimacs,34,207
./benchmark_tests/original/Biere/adder_3_2/pec_adder_3_bit_2_46.dqdimacs,35,211
./benchmark_tests/original/Biere/adder_3_2/pec_adder_3_bit_2_46.dqdimacs,37,207
./benchmark_tests/original/Biere/adder_3_2/pec_adder_3_bit_2_46.dqdimacs,38,208
./benchmark_tests/original/Biere/adder_3_2/pec_adder_3_bit_2_46.dqdimacs,39,208
./benchmark_tests/original/Biere/adder_3_2/pec_adder_3_bit_2_46.dqdimacs,40,210
./benchmark_tests/original/Biere/adder_3_2/pec_adder_3_bit_2_46.dqdimacs,41,213
./benchmark_tests/original/Biere/adder_3_2/pec_adder_3_bit_2_46.dqdimacs,43,210
./benchmark_tests/original/Biere/adder_3_2/pec_adder_3_bit_2_46.dqdimacs,44,209
./benchmark_tests/original/Biere/adder_3_2/pec_adder_3_bit_2_46.dqdimacs,45,211
./benchmark_tests/original/Biere/adder_3_2/pec_adder_3_bit_2_46.dqdimacs,47,208
./benchmark_tests/original/Biere/adder_3_2/pec_adder_3_bit_2_46.dqdimacs,48,210
./benchmark_tests/original/Biere/adder_3_2/pec_adder_3_bit_2_46.dqdimacs,49,212
./benchmark_tests/original/Biere/adder_3_2/pec_adder_3_bit_2_46.dqdimacs,51,209
./benchmark_tests/original/Biere/adder_3_2/pec_adder_3_bit_2_46.dqdimacs,52,211
./benchmark_tests/original/Biere/adder_3_2/pec_adder_3_bit_2_46.dqdimacs,53,211
./benchmark_tests/original/Biere/adder_3_2/pec_adder_3_bit_2_46.dqdimacs,54,211
./benchmark_tests/original/Biere/adder_3_2/pec_adder_3_bit_2_46.dqdimacs,55,214
./benchmark_tests/original/Biere/adder_3_2/pec_adder_3_bit_2_46.dqdimacs,56,211
./benchmark_tests/original/Biere/adder_3_2/pec_adder_3_bit_2_46.dqdimacs,57,210
./benchmark_tests/original/Biere/adder_3_2/pec_adder_3_bit_2_46.dqdimacs,58,210
./benchmark_tests/original/Biere/adder_3_2/pec_adder_3_bit_2_46.dqdimacs,59,212
./benchmark_tests/original/Biere/adder_3_2/pec_adder_3_bit_2_46.dqdimacs,60,211
./benchmark_tests/original/Biere/adder_3_2/pec_adder_3_bit_2_46.dqdimacs,61,209
./benchmark_tests/original/Biere/adder_3_2/pec_adder_3_bit_2_46.dqdimacs,62,210
./benchmark_tests/original/Biere/adder_3_2/pec_adder_3_bit_2_46.dqdimacs,63,209
./benchmark_tests/original/Biere/adder_3_2/pec_adder_3_bit_2_46.dqdimacs,64,211
./benchmark_tests/original/Biere/adder_3_2/pec_adder_3_bit_2_46.dqdimacs,65,210
./benchmark_tests/original/Biere/adder_3_2/pec_adder_3_bit_2_46.dqdimacs,66,212
./benchmark_tests/original/Biere/adder_3_2/pec_adder_3_bit_2_46.dqdimacs,67,210
./benchmark_tests/original/Biere/adder_3_2/pec_adder_3_bit_2_46.dqdimacs,68,211
./benchmark_tests/original/Biere/adder_3_2/pec_adder_3_bit_2_46.dqdimacs,69,209
./benchmark_tests/original/Biere/adder_3_2/pec_adder_3_bit_2_46.dqdimacs,70,211
./benchmark_tests/original/Biere/adder_3_2/pec_adder_3_bit_2_46.dqdimacs,71,210
./benchmark_tests/original/Biere/adder_3_2/pec_adder_3_bit_2_46.dqdimacs,72,213
./benchmark_tests/original/Biere/adder_3_2/pec_adder_3_bit_2_46.dqdimacs,73,210
./benchmark_tests/original/Biere/adder_3_2/pec_adder_3_bit_2_47.dqdimacs,4,311
./benchmark_tests/original/Biere/adder_3_2/pec_adder_3_bit_2_47.dqdimacs,5,261
./benchmark_tests/original/Biere/adder_3_2/pec_adder_3_bit_2_47.dqdimacs,6,258
./benchmark_tests/original/Biere/adder_3_2/pec_adder_3_bit_2_47.dqdimacs,10,258
./benchmark_tests/original/Biere/adder_3_2/pec_adder_3_bit_2_47.dqdimacs,11,258
./benchmark_tests/original/Biere/adder_3_2/pec_adder_3_bit_2_47.dqdimacs,12,257
./benchmark_tests/original/Biere/adder_3_2/pec_adder_3_bit_2_47.dqdimacs,13,228
./benchmark_tests/original/Biere/adder_3_2/pec_adder_3_bit_2_47.dqdimacs,17,199
./benchmark_tests/original/Biere/adder_3_2/pec_adder_3_bit_2_47.dqdimacs,18,172
./benchmark_tests/original/Biere/adder_3_2/pec_adder_3_bit_2_47.dqdimacs,19,153
./benchmark_tests/original/Biere/adder_3_2/pec_adder_3_bit_2_47.dqdimacs,20,140
./benchmark_tests/original/Biere/adder_3_2/pec_adder_3_bit_2_47.dqdimacs,22,139
./benchmark_tests/original/Biere/adder_3_2/pec_adder_3_bit_2_47.dqdimacs,23,139
./benchmark_tests/original/Biere/adder_3_2/pec_adder_3_bit_2_47.dqdimacs,24,139
./benchmark_tests/original/Biere/adder_3_2/pec_adder_3_bit_2_47.dqdimacs,25,139
./benchmark_tests/original/Biere/adder_3_2/pec_adder_3_bit_2_47.dqdimacs,26,140
./benchmark_tests/original/Biere/adder_3_2/pec_adder_3_bit_2_47.dqdimacs,27,138
./benchmark_tests/original/Biere/adder_3_2/pec_adder_3_bit_2_47.dqdimacs,29,137
./benchmark_tests/original/Biere/adder_3_2/pec_adder_3_bit_2_47.dqdimacs,30,139
./benchmark_tests/original/Biere/adder_3_2/pec_adder_3_bit_2_47.dqdimacs,31,140
./benchmark_tests/original/Biere/adder_3_2/pec_adder_3_bit_2_47.dqdimacs,33,138
./benchmark_tests/original/Biere/adder_3_2/pec_adder_3_bit_2_47.dqdimacs,34,137
./benchmark_tests/original/Biere/adder_3_2/pec_adder_3_bit_2_47.dqdimacs,35,141
./benchmark_tests/original/Biere/adder_3_2/pec_adder_3_bit_2_47.dqdimacs,37,138
./benchmark_tests/original/Biere/adder_3_2/pec_adder_3_bit_2_47.dqdimacs,38,137
./benchmark_tests/original/Biere/adder_3_2/pec_adder_3_bit_2_47.dqdimacs,39,141
./benchmark_tests/original/Biere/adder_3_2/pec_adder_3_bit_2_47.dqdimacs,41,139
./benchmark_tests/original/Biere/adder_3_2/pec_adder_3_bit_2_47.dqdimacs,42,140
./benchmark_tests/original/Biere/adder_3_2/pec_adder_3_bit_2_47.dqdimacs,43,142
./benchmark_tests/original/Biere/adder_3_2/pec_adder_3_bit_2_47.dqdimacs,45,139
./benchmark_tests/original/Biere/adder_3_2/pec_adder_3_bit_2_47.dqdimacs,46,138
./benchmark_tests/original/Biere/adder_3_2/pec_adder_3_bit_2_47.dqdimacs,47,138
./benchmark_tests/original/Biere/adder_3_2/pec_adder_3_bit_2_47.dqdimacs,48,138
./benchmark_tests/original/Biere/adder_3_2/pec_adder_3_bit_2_47.dqdimacs,49,141
./benchmark_tests/original/Biere/adder_3_2/pec_adder_3_bit_2_47.dqdimacs,50,138
./benchmark_tests/original/Biere/adder_3_2/pec_adder_3_bit_2_47.dqdimacs,51,138
./benchmark_tests/original/Biere/adder_3_2/pec_adder_3_bit_2_47.dqdimacs,52,138
./benchmark_tests/original/Biere/adder_3_2/pec_adder_3_bit_2_47.dqdimacs,53,138
./benchmark_tests/original/Biere/adder_3_2/pec_adder_3_bit_2_47.dqdimacs,54,138
./benchmark_tests/original/Biere/adder_3_2/pec_adder_3_bit_2_47.dqdimacs,55,138
./benchmark_tests/original/Biere/adder_3_2/pec_adder_3_bit_2_47.dqdimacs,56,136
./benchmark_tests/original/Biere/adder_3_2/pec_adder_3_bit_2_47.dqdimacs,57,138
./benchmark_tests/original/Biere/adder_3_2/pec_adder_3_bit_2_47.dqdimacs,58,138
./benchmark_tests/original/Biere/adder_3_2/pec_adder_3_bit_2_47.dqdimacs,59,138
./benchmark_tests/original/Biere/adder_3_2/pec_adder_3_bit_2_47.dqdimacs,60,137
./benchmark_tests/original/Biere/adder_3_2/pec_adder_3_bit_2_47.dqdimacs,61,137
./benchmark_tests/original/Biere/adder_3_2/pec_adder_3_bit_2_47.dqdimacs,62,137
./benchmark_tests/original/Biere/adder_3_2/pec_adder_3_bit_2_47.dqdimacs,63,138
./benchmark_tests/original/Biere/adder_3_2/pec_adder_3_bit_2_47.dqdimacs,64,137
./benchmark_tests/original/Biere/adder_3_2/pec_adder_3_bit_2_47.dqdimacs,65,139
./benchmark_tests/original/Biere/adder_3_2/pec_adder_3_bit_2_47.dqdimacs,66,139
./benchmark_tests/original/Biere/adder_3_2/pec_adder_3_bit_2_47.dqdimacs,67,138
./benchmark_tests/original/Biere/adder_3_2/pec_adder_3_bit_2_47.dqdimacs,68,137
./benchmark_tests/original/Biere/adder_3_2/pec_adder_3_bit_2_48.dqdimacs,4,292
./benchmark_tests/original/Biere/adder_3_2/pec_adder_3_bit_2_48.dqdimacs,5,242
./benchmark_tests/original/Biere/adder_3_2/pec_adder_3_bit_2_48.dqdimacs,6,241
./benchmark_tests/original/Biere/adder_3_2/pec_adder_3_bit_2_48.dqdimacs,10,244
./benchmark_tests/original/Biere/adder_3_2/pec_adder_3_bit_2_48.dqdimacs,11,240
./benchmark_tests/original/Biere/adder_3_2/pec_adder_3_bit_2_48.dqdimacs,12,239
./benchmark_tests/original/Biere/adder_3_2/pec_adder_3_bit_2_48.dqdimacs,13,228
./benchmark_tests/original/Biere/adder_3_2/pec_adder_3_bit_2_48.dqdimacs,17,201
./benchmark_tests/original/Biere/adder_3_2/pec_adder_3_bit_2_48.dqdimacs,18,175
./benchmark_tests/original/Biere/adder_3_2/pec_adder_3_bit_2_48.dqdimacs,19,154
./benchmark_tests/original/Biere/adder_3_2/pec_adder_3_bit_2_48.dqdimacs,20,139
./benchmark_tests/original/Biere/adder_3_2/pec_adder_3_bit_2_48.dqdimacs,22,129
./benchmark_tests/original/Biere/adder_3_2/pec_adder_3_bit_2_48.dqdimacs,23,127
./benchmark_tests/original/Biere/adder_3_2/pec_adder_3_bit_2_48.dqdimacs,24,130
./benchmark_tests/original/Biere/adder_3_2/pec_adder_3_bit_2_48.dqdimacs,25,130
./benchmark_tests/original/Biere/adder_3_2/pec_adder_3_bit_2_48.dqdimacs,26,130
./benchmark_tests/original/Biere/adder_3_2/pec_adder_3_bit_2_48.dqdimacs,27,131
./benchmark_tests/original/Biere/adder_3_2/pec_adder_3_bit_2_48.dqdimacs,29,129
./benchmark_tests/original/Biere/adder_3_2/pec_adder_3_bit_2_48.dqdimacs,30,129
./benchmark_tests/original/Biere/adder_3_2/pec_adder_3_bit_2_48.dqdimacs,31,131
./benchmark_tests/original/Biere/adder_3_2/pec_adder_3_bit_2_48.dqdimacs,33,130
./benchmark_tests/original/Biere/adder_3_2/pec_adder_3_bit_2_48.dqdimacs,34,129
./benchmark_tests/original/Biere/adder_3_2/pec_adder_3_bit_2_48.dqdimacs,35,130
./benchmark_tests/original/Biere/adder_3_2/pec_adder_3_bit_2_48.dqdimacs,36,132
./benchmark_tests/original/Biere/adder_3_2/pec_adder_3_bit_2_48.dqdimacs,38,129
./benchmark_tests/original/Biere/adder_3_2/pec_adder_3_bit_2_48.dqdimacs,39,129
./benchmark_tests/original/Biere/adder_3_2/pec_adder_3_bit_2_48.dqdimacs,40,129
./benchmark_tests/original/Biere/adder_3_2/pec_adder_3_bit_2_48.dqdimacs,41,128
./benchmark_tests/original/Biere/adder_3_2/pec_adder_3_bit_2_48.dqdimacs,42,130
./benchmark_tests/original/Biere/adder_3_2/pec_adder_3_bit_2_48.dqdimacs,44,129
./benchmark_tests/original/Biere/adder_3_2/pec_adder_3_bit_2_48.dqdimacs,45,129
./benchmark_tests/original/Biere/adder_3_2/pec_adder_3_bit_2_48.dqdimacs,46,128
./benchmark_tests/original/Biere/adder_3_2/pec_adder_3_bit_2_48.dqdimacs,47,130
./benchmark_tests/original/Biere/adder_3_2/pec_adder_3_bit_2_48.dqdimacs,49,127
./benchmark_tests/original/Biere/adder_3_2/pec_adder_3_bit_2_48.dqdimacs,50,129
./benchmark_tests/original/Biere/adder_3_2/pec_adder_3_bit_2_48.dqdimacs,51,131
./benchmark_tests/original/Biere/adder_3_2/pec_adder_3_bit_2_48.dqdimacs,52,128
./benchmark_tests/original/Biere/adder_3_2/pec_adder_3_bit_2_48.dqdimacs,53,128
./benchmark_tests/original/Biere/adder_3_2/pec_adder_3_bit_2_48.dqdimacs,54,128
./benchmark_tests/original/Biere/adder_3_2/pec_adder_3_bit_2_48.dqdimacs,55,130
./benchmark_tests/original/Biere/adder_3_2/pec_adder_3_bit_2_48.dqdimacs,56,128
./benchmark_tests/original/Biere/adder_3_2/pec_adder_3_bit_2_48.dqdimacs,57,128
./benchmark_tests/original/Biere/adder_3_2/pec_adder_3_bit_2_48.dqdimacs,58,128
./benchmark_tests/original/Biere/adder_3_2/pec_adder_3_bit_2_48.dqdimacs,59,128
./benchmark_tests/original/Biere/adder_3_2/pec_adder_3_bit_2_48.dqdimacs,60,128
./benchmark_tests/original/Biere/adder_3_2/pec_adder_3_bit_2_48.dqdimacs,61,131
./benchmark_tests/original/Biere/adder_3_2/pec_adder_3_bit_2_48.dqdimacs,62,128
./benchmark_tests/original/Biere/adder_3_2/pec_adder_3_bit_2_48.dqdimacs,63,130
./benchmark_tests/original/Biere/adder_3_2/pec_adder_3_bit_2_48.dqdimacs,64,130
./benchmark_tests/original/Biere/adder_3_2/pec_adder_3_bit_2_48.dqdimacs,65,130
./benchmark_tests/original/Biere/adder_3_2/pec_adder_3_bit_2_48.dqdimacs,66,129
./benchmark_tests/original/Biere/adder_3_2/pec_adder_3_bit_2_48.dqdimacs,67,129
./benchmark_tests/original/Biere/adder_3_2/pec_adder_3_bit_2_48.dqdimacs,68,130
./benchmark_tests/original/Biere/adder_3_2/pec_adder_3_bit_2_48.dqdimacs,69,129
./benchmark_tests/original/Biere/adder_3_2/pec_adder_3_bit_2_49.dqdimacs,4,294
./benchmark_tests/original/Biere/adder_3_2/pec_adder_3_bit_2_49.dqdimacs,5,244
./benchmark_tests/original/Biere/adder_3_2/pec_adder_3_bit_2_49.dqdimacs,6,247
./benchmark_tests/original/Biere/adder_3_2/pec_adder_3_bit_2_49.dqdimacs,10,248
./benchmark_tests/original/Biere/adder_3_2/pec_adder_3_bit_2_49.dqdimacs,11,248
./benchmark_tests/original/Biere/adder_3_2/pec_adder_3_bit_2_49.dqdimacs,12,241
./benchmark_tests/original/Biere/adder_3_2/pec_adder_3_bit_2_49.dqdimacs,13,228
./benchmark_tests/original/Biere/adder_3_2/pec_adder_3_bit_2_49.dqdimacs,17,201
./benchmark_tests/original/Biere/adder_3_2/pec_adder_3_bit_2_49.dqdimacs,18,172
./benchmark_tests/original/Biere/adder_3_2/pec_adder_3_bit_2_49.dqdimacs,19,152
./benchmark_tests/original/Biere/adder_3_2/pec_adder_3_bit_2_49.dqdimacs,20,137
./benchmark_tests/original/Biere/adder_3_2/pec_adder_3_bit_2_49.dqdimacs,22,129
./benchmark_tests/original/Biere/adder_3_2/pec_adder_3_bit_2_49.dqdimacs,23,129
./benchmark_tests/original/Biere/adder_3_2/pec_adder_3_bit_2_49.dqdimacs,24,130
./benchmark_tests/original/Biere/adder_3_2/pec_adder_3_bit_2_49.dqdimacs,25,130
./benchmark_tests/original/Biere/adder_3_2/pec_adder_3_bit_2_49.dqdimacs,26,131
./benchmark_tests/original/Biere/adder_3_2/pec_adder_3_bit_2_49.dqdimacs,27,132
./benchmark_tests/original/Biere/adder_3_2/pec_adder_3_bit_2_49.dqdimacs,29,128
./benchmark_tests/original/Biere/adder_3_2/pec_adder_3_bit_2_49.dqdimacs,30,128
./benchmark_tests/original/Biere/adder_3_2/pec_adder_3_bit_2_49.dqdimacs,31,130
./benchmark_tests/original/Biere/adder_3_2/pec_adder_3_bit_2_49.dqdimacs,32,132
./benchmark_tests/original/Biere/adder_3_2/pec_adder_3_bit_2_49.dqdimacs,34,129
./benchmark_tests/original/Biere/adder_3_2/pec_adder_3_bit_2_49.dqdimacs,35,131
./benchmark_tests/original/Biere/adder_3_2/pec_adder_3_bit_2_49.dqdimacs,36,133
./benchmark_tests/original/Biere/adder_3_2/pec_adder_3_bit_2_49.dqdimacs,38,130
./benchmark_tests/original/Biere/adder_3_2/pec_adder_3_bit_2_49.dqdimacs,39,130
./benchmark_tests/original/Biere/adder_3_2/pec_adder_3_bit_2_49.dqdimacs,40,133
./benchmark_tests/original/Biere/adder_3_2/pec_adder_3_bit_2_49.dqdimacs,42,129
./benchmark_tests/original/Biere/adder_3_2/pec_adder_3_bit_2_49.dqdimacs,43,129
./benchmark_tests/original/Biere/adder_3_2/pec_adder_3_bit_2_49.dqdimacs,44,131
./benchmark_tests/original/Biere/adder_3_2/pec_adder_3_bit_2_49.dqdimacs,45,131
./benchmark_tests/original/Biere/adder_3_2/pec_adder_3_bit_2_49.dqdimacs,46,134
./benchmark_tests/original/Biere/adder_3_2/pec_adder_3_bit_2_49.dqdimacs,48,130
./benchmark_tests/original/Biere/adder_3_2/pec_adder_3_bit_2_49.dqdimacs,49,129
./benchmark_tests/original/Biere/adder_3_2/pec_adder_3_bit_2_49.dqdimacs,50,129
./benchmark_tests/original/Biere/adder_3_2/pec_adder_3_bit_2_49.dqdimacs,51,132
./benchmark_tests/original/Biere/adder_3_2/pec_adder_3_bit_2_49.dqdimacs,53,129
./benchmark_tests/original/Biere/adder_3_2/pec_adder_3_bit_2_49.dqdimacs,54,129
./benchmark_tests/original/Biere/adder_3_2/pec_adder_3_bit_2_49.dqdimacs,55,129
./benchmark_tests/original/Biere/adder_3_2/pec_adder_3_bit_2_49.dqdimacs,56,130
./benchmark_tests/original/Biere/adder_3_2/pec_adder_3_bit_2_49.dqdimacs,57,131
./benchmark_tests/original/Biere/adder_3_2/pec_adder_3_bit_2_49.dqdimacs,58,130
./benchmark_tests/original/Biere/adder_3_2/pec_adder_3_bit_2_49.dqdimacs,59,130
./benchmark_tests/original/Biere/adder_3_2/pec_adder_3_bit_2_49.dqdimacs,60,129
./benchmark_tests/original/Biere/adder_3_2/pec_adder_3_bit_2_49.dqdimacs,61,131
./benchmark_tests/original/Biere/adder_3_2/pec_adder_3_bit_2_49.dqdimacs,62,130
./benchmark_tests/original/Biere/adder_3_2/pec_adder_3_bit_2_49.dqdimacs,63,130
./benchmark_tests/original/Biere/adder_3_2/pec_adder_3_bit_2_49.dqdimacs,64,129
./benchmark_tests/original/Biere/adder_3_2/pec_adder_3_bit_2_49.dqdimacs,65,129
./benchmark_tests/original/Biere/adder_3_2/pec_adder_3_bit_2_49.dqdimacs,66,132
./benchmark_tests/original/Biere/adder_3_2/pec_adder_3_bit_2_49.dqdimacs,67,130
./benchmark_tests/original/Biere/adder_3_2/pec_adder_3_bit_2_49.dqdimacs,68,130
./benchmark_tests/original/Biere/adder_3_2/pec_adder_3_bit_2_49.dqdimacs,69,131
./benchmark_tests/original/Biere/adder_3_2/pec_adder_3_bit_2_49.dqdimacs,70,132
./benchmark_tests/original/Biere/adder_3_2/pec_adder_3_bit_2_49.dqdimacs,71,132
./benchmark_tests/original/Biere/adder_3_2/pec_adder_3_bit_2_49.dqdimacs,72,131
./benchmark_tests/original/Biere/adder_3_2/pec_adder_3_bit_2_49.dqdimacs,73,132
./benchmark_tests/original/Biere/adder_3_2/pec_adder_3_bit_2_4.dqdimacs,4,319
./benchmark_tests/original/Biere/adder_3_2/pec_adder_3_bit_2_4.dqdimacs,5,269
./benchmark_tests/original/Biere/adder_3_2/pec_adder_3_bit_2_4.dqdimacs,6,269
./benchmark_tests/original/Biere/adder_3_2/pec_adder_3_bit_2_4.dqdimacs,10,268
./benchmark_tests/original/Biere/adder_3_2/pec_adder_3_bit_2_4.dqdimacs,11,270
./benchmark_tests/original/Biere/adder_3_2/pec_adder_3_bit_2_4.dqdimacs,12,260
./benchmark_tests/original/Biere/adder_3_2/pec_adder_3_bit_2_4.dqdimacs,13,230
./benchmark_tests/original/Biere/adder_3_2/pec_adder_3_bit_2_4.dqdimacs,17,200
./benchmark_tests/original/Biere/adder_3_2/pec_adder_3_bit_2_4.dqdimacs,18,173
./benchmark_tests/original/Biere/adder_3_2/pec_adder_3_bit_2_4.dqdimacs,19,154
./benchmark_tests/original/Biere/adder_3_2/pec_adder_3_bit_2_4.dqdimacs,20,145
./benchmark_tests/original/Biere/adder_3_2/pec_adder_3_bit_2_4.dqdimacs,22,144
./benchmark_tests/original/Biere/adder_3_2/pec_adder_3_bit_2_4.dqdimacs,23,144
./benchmark_tests/original/Biere/adder_3_2/pec_adder_3_bit_2_4.dqdimacs,24,144
./benchmark_tests/original/Biere/adder_3_2/pec_adder_3_bit_2_4.dqdimacs,25,144
./benchmark_tests/original/Biere/adder_3_2/pec_adder_3_bit_2_4.dqdimacs,26,145
./benchmark_tests/original/Biere/adder_3_2/pec_adder_3_bit_2_4.dqdimacs,27,146
./benchmark_tests/original/Biere/adder_3_2/pec_adder_3_bit_2_4.dqdimacs,29,144
./benchmark_tests/original/Biere/adder_3_2/pec_adder_3_bit_2_4.dqdimacs,30,144
./benchmark_tests/original/Biere/adder_3_2/pec_adder_3_bit_2_4.dqdimacs,31,147
./benchmark_tests/original/Biere/adder_3_2/pec_adder_3_bit_2_4.dqdimacs,33,144
./benchmark_tests/original/Biere/adder_3_2/pec_adder_3_bit_2_4.dqdimacs,34,144
./benchmark_tests/original/Biere/adder_3_2/pec_adder_3_bit_2_4.dqdimacs,35,147
./benchmark_tests/original/Biere/adder_3_2/pec_adder_3_bit_2_4.dqdimacs,37,144
./benchmark_tests/original/Biere/adder_3_2/pec_adder_3_bit_2_4.dqdimacs,38,144
./benchmark_tests/original/Biere/adder_3_2/pec_adder_3_bit_2_4.dqdimacs,39,145
./benchmark_tests/original/Biere/adder_3_2/pec_adder_3_bit_2_4.dqdimacs,40,145
./benchmark_tests/original/Biere/adder_3_2/pec_adder_3_bit_2_4.dqdimacs,41,145
./benchmark_tests/original/Biere/adder_3_2/pec_adder_3_bit_2_4.dqdimacs,42,145
./benchmark_tests/original/Biere/adder_3_2/pec_adder_3_bit_2_4.dqdimacs,44,143
./benchmark_tests/original/Biere/adder_3_2/pec_adder_3_bit_2_4.dqdimacs,45,143
./benchmark_tests/original/Biere/adder_3_2/pec_adder_3_bit_2_4.dqdimacs,46,146
./benchmark_tests/original/Biere/adder_3_2/pec_adder_3_bit_2_4.dqdimacs,48,144
./benchmark_tests/original/Biere/adder_3_2/pec_adder_3_bit_2_4.dqdimacs,49,144
./benchmark_tests/original/Biere/adder_3_2/pec_adder_3_bit_2_4.dqdimacs,50,146
./benchmark_tests/original/Biere/adder_3_2/pec_adder_3_bit_2_4.dqdimacs,51,144
./benchmark_tests/original/Biere/adder_3_2/pec_adder_3_bit_2_4.dqdimacs,52,144
./benchmark_tests/original/Biere/adder_3_2/pec_adder_3_bit_2_4.dqdimacs,53,144
./benchmark_tests/original/Biere/adder_3_2/pec_adder_3_bit_2_4.dqdimacs,54,144
./benchmark_tests/original/Biere/adder_3_2/pec_adder_3_bit_2_4.dqdimacs,55,145
./benchmark_tests/original/Biere/adder_3_2/pec_adder_3_bit_2_4.dqdimacs,56,145
./benchmark_tests/original/Biere/adder_3_2/pec_adder_3_bit_2_4.dqdimacs,57,145
./benchmark_tests/original/Biere/adder_3_2/pec_adder_3_bit_2_4.dqdimacs,58,144
./benchmark_tests/original/Biere/adder_3_2/pec_adder_3_bit_2_4.dqdimacs,59,145
./benchmark_tests/original/Biere/adder_3_2/pec_adder_3_bit_2_4.dqdimacs,60,145
./benchmark_tests/original/Biere/adder_3_2/pec_adder_3_bit_2_4.dqdimacs,61,143
./benchmark_tests/original/Biere/adder_3_2/pec_adder_3_bit_2_4.dqdimacs,62,143
./benchmark_tests/original/Biere/adder_3_2/pec_adder_3_bit_2_4.dqdimacs,63,143
./benchmark_tests/original/Biere/adder_3_2/pec_adder_3_bit_2_4.dqdimacs,64,145
./benchmark_tests/original/Biere/adder_3_2/pec_adder_3_bit_2_4.dqdimacs,65,144
./benchmark_tests/original/Biere/adder_3_2/pec_adder_3_bit_2_4.dqdimacs,66,144
./benchmark_tests/original/Biere/adder_3_2/pec_adder_3_bit_2_4.dqdimacs,67,145
./benchmark_tests/original/Biere/adder_3_2/pec_adder_3_bit_2_4.dqdimacs,68,144
./benchmark_tests/original/Biere/adder_3_2/pec_adder_3_bit_2_50.dqdimacs,4,416
./benchmark_tests/original/Biere/adder_3_2/pec_adder_3_bit_2_50.dqdimacs,5,368
./benchmark_tests/original/Biere/adder_3_2/pec_adder_3_bit_2_50.dqdimacs,6,369
./benchmark_tests/original/Biere/adder_3_2/pec_adder_3_bit_2_50.dqdimacs,10,369
./benchmark_tests/original/Biere/adder_3_2/pec_adder_3_bit_2_50.dqdimacs,11,330
./benchmark_tests/original/Biere/adder_3_2/pec_adder_3_bit_2_50.dqdimacs,12,271
./benchmark_tests/original/Biere/adder_3_2/pec_adder_3_bit_2_50.dqdimacs,13,225
./benchmark_tests/original/Biere/adder_3_2/pec_adder_3_bit_2_50.dqdimacs,17,199
./benchmark_tests/original/Biere/adder_3_2/pec_adder_3_bit_2_50.dqdimacs,18,196
./benchmark_tests/original/Biere/adder_3_2/pec_adder_3_bit_2_50.dqdimacs,19,197
./benchmark_tests/original/Biere/adder_3_2/pec_adder_3_bit_2_50.dqdimacs,20,197
./benchmark_tests/original/Biere/adder_3_2/pec_adder_3_bit_2_50.dqdimacs,22,196
./benchmark_tests/original/Biere/adder_3_2/pec_adder_3_bit_2_50.dqdimacs,23,197
./benchmark_tests/original/Biere/adder_3_2/pec_adder_3_bit_2_50.dqdimacs,24,197
./benchmark_tests/original/Biere/adder_3_2/pec_adder_3_bit_2_50.dqdimacs,25,200
./benchmark_tests/original/Biere/adder_3_2/pec_adder_3_bit_2_50.dqdimacs,26,198
./benchmark_tests/original/Biere/adder_3_2/pec_adder_3_bit_2_50.dqdimacs,27,199
./benchmark_tests/original/Biere/adder_3_2/pec_adder_3_bit_2_50.dqdimacs,29,197
./benchmark_tests/original/Biere/adder_3_2/pec_adder_3_bit_2_50.dqdimacs,30,197
./benchmark_tests/original/Biere/adder_3_2/pec_adder_3_bit_2_50.dqdimacs,31,199
./benchmark_tests/original/Biere/adder_3_2/pec_adder_3_bit_2_50.dqdimacs,33,198
./benchmark_tests/original/Biere/adder_3_2/pec_adder_3_bit_2_50.dqdimacs,34,196
./benchmark_tests/original/Biere/adder_3_2/pec_adder_3_bit_2_50.dqdimacs,35,198
./benchmark_tests/original/Biere/adder_3_2/pec_adder_3_bit_2_50.dqdimacs,37,195
./benchmark_tests/original/Biere/adder_3_2/pec_adder_3_bit_2_50.dqdimacs,38,197
./benchmark_tests/original/Biere/adder_3_2/pec_adder_3_bit_2_50.dqdimacs,39,198
./benchmark_tests/original/Biere/adder_3_2/pec_adder_3_bit_2_50.dqdimacs,41,196
./benchmark_tests/original/Biere/adder_3_2/pec_adder_3_bit_2_50.dqdimacs,42,195
./benchmark_tests/original/Biere/adder_3_2/pec_adder_3_bit_2_50.dqdimacs,43,198
./benchmark_tests/original/Biere/adder_3_2/pec_adder_3_bit_2_50.dqdimacs,45,196
./benchmark_tests/original/Biere/adder_3_2/pec_adder_3_bit_2_50.dqdimacs,46,196
./benchmark_tests/original/Biere/adder_3_2/pec_adder_3_bit_2_50.dqdimacs,47,199
./benchmark_tests/original/Biere/adder_3_2/pec_adder_3_bit_2_50.dqdimacs,49,197
./benchmark_tests/original/Biere/adder_3_2/pec_adder_3_bit_2_50.dqdimacs,50,196
./benchmark_tests/original/Biere/adder_3_2/pec_adder_3_bit_2_50.dqdimacs,51,197
./benchmark_tests/original/Biere/adder_3_2/pec_adder_3_bit_2_50.dqdimacs,52,197
./benchmark_tests/original/Biere/adder_3_2/pec_adder_3_bit_2_50.dqdimacs,53,197
./benchmark_tests/original/Biere/adder_3_2/pec_adder_3_bit_2_50.dqdimacs,54,198
./benchmark_tests/original/Biere/adder_3_2/pec_adder_3_bit_2_50.dqdimacs,55,196
./benchmark_tests/original/Biere/adder_3_2/pec_adder_3_bit_2_50.dqdimacs,56,196
./benchmark_tests/original/Biere/adder_3_2/pec_adder_3_bit_2_50.dqdimacs,57,196
./benchmark_tests/original/Biere/adder_3_2/pec_adder_3_bit_2_50.dqdimacs,58,196
./benchmark_tests/original/Biere/adder_3_2/pec_adder_3_bit_2_50.dqdimacs,59,196
./benchmark_tests/original/Biere/adder_3_2/pec_adder_3_bit_2_50.dqdimacs,60,197
./benchmark_tests/original/Biere/adder_3_2/pec_adder_3_bit_2_50.dqdimacs,61,196
./benchmark_tests/original/Biere/adder_3_2/pec_adder_3_bit_2_50.dqdimacs,62,196
./benchmark_tests/original/Biere/adder_3_2/pec_adder_3_bit_2_50.dqdimacs,63,197
./benchmark_tests/original/Biere/adder_3_2/pec_adder_3_bit_2_50.dqdimacs,64,196
./benchmark_tests/original/Biere/adder_3_2/pec_adder_3_bit_2_50.dqdimacs,65,199
./benchmark_tests/original/Biere/adder_3_2/pec_adder_3_bit_2_50.dqdimacs,66,196
./benchmark_tests/original/Biere/adder_3_2/pec_adder_3_bit_2_50.dqdimacs,67,197
./benchmark_tests/original/Biere/adder_3_2/pec_adder_3_bit_2_50.dqdimacs,68,197
./benchmark_tests/original/Biere/adder_3_2/pec_adder_3_bit_2_50.dqdimacs,69,197
./benchmark_tests/original/Biere/adder_3_2/pec_adder_3_bit_2_50.dqdimacs,70,197
./benchmark_tests/original/Biere/adder_3_2/pec_adder_3_bit_2_50.dqdimacs,71,198
./benchmark_tests/original/Biere/adder_3_2/pec_adder_3_bit_2_50.dqdimacs,72,199
./benchmark_tests/original/Biere/adder_3_2/pec_adder_3_bit_2_50.dqdimacs,73,198
./benchmark_tests/original/Biere/adder_3_2/pec_adder_3_bit_2_51.dqdimacs,4,457
./benchmark_tests/original/Biere/adder_3_2/pec_adder_3_bit_2_51.dqdimacs,5,408
./benchmark_tests/original/Biere/adder_3_2/pec_adder_3_bit_2_51.dqdimacs,6,407
./benchmark_tests/original/Biere/adder_3_2/pec_adder_3_bit_2_51.dqdimacs,10,395
./benchmark_tests/original/Biere/adder_3_2/pec_adder_3_bit_2_51.dqdimacs,11,332
./benchmark_tests/original/Biere/adder_3_2/pec_adder_3_bit_2_51.dqdimacs,12,268
./benchmark_tests/original/Biere/adder_3_2/pec_adder_3_bit_2_51.dqdimacs,13,225
./benchmark_tests/original/Biere/adder_3_2/pec_adder_3_bit_2_51.dqdimacs,17,215
./benchmark_tests/original/Biere/adder_3_2/pec_adder_3_bit_2_51.dqdimacs,18,215
./benchmark_tests/original/Biere/adder_3_2/pec_adder_3_bit_2_51.dqdimacs,19,215
./benchmark_tests/original/Biere/adder_3_2/pec_adder_3_bit_2_51.dqdimacs,20,216
./benchmark_tests/original/Biere/adder_3_2/pec_adder_3_bit_2_51.dqdimacs,22,216
./benchmark_tests/original/Biere/adder_3_2/pec_adder_3_bit_2_51.dqdimacs,23,217
./benchmark_tests/original/Biere/adder_3_2/pec_adder_3_bit_2_51.dqdimacs,24,218
./benchmark_tests/original/Biere/adder_3_2/pec_adder_3_bit_2_51.dqdimacs,25,218
./benchmark_tests/original/Biere/adder_3_2/pec_adder_3_bit_2_51.dqdimacs,26,218
./benchmark_tests/original/Biere/adder_3_2/pec_adder_3_bit_2_51.dqdimacs,27,219
./benchmark_tests/original/Biere/adder_3_2/pec_adder_3_bit_2_51.dqdimacs,29,218
./benchmark_tests/original/Biere/adder_3_2/pec_adder_3_bit_2_51.dqdimacs,30,218
./benchmark_tests/original/Biere/adder_3_2/pec_adder_3_bit_2_51.dqdimacs,31,220
./benchmark_tests/original/Biere/adder_3_2/pec_adder_3_bit_2_51.dqdimacs,33,218
./benchmark_tests/original/Biere/adder_3_2/pec_adder_3_bit_2_51.dqdimacs,34,218
./benchmark_tests/original/Biere/adder_3_2/pec_adder_3_bit_2_51.dqdimacs,35,218
./benchmark_tests/original/Biere/adder_3_2/pec_adder_3_bit_2_51.dqdimacs,36,218
./benchmark_tests/original/Biere/adder_3_2/pec_adder_3_bit_2_51.dqdimacs,37,220
./benchmark_tests/original/Biere/adder_3_2/pec_adder_3_bit_2_51.dqdimacs,39,217
./benchmark_tests/original/Biere/adder_3_2/pec_adder_3_bit_2_51.dqdimacs,40,218
./benchmark_tests/original/Biere/adder_3_2/pec_adder_3_bit_2_51.dqdimacs,41,222
./benchmark_tests/original/Biere/adder_3_2/pec_adder_3_bit_2_51.dqdimacs,43,219
./benchmark_tests/original/Biere/adder_3_2/pec_adder_3_bit_2_51.dqdimacs,44,216
./benchmark_tests/original/Biere/adder_3_2/pec_adder_3_bit_2_51.dqdimacs,45,219
./benchmark_tests/original/Biere/adder_3_2/pec_adder_3_bit_2_51.dqdimacs,47,217
./benchmark_tests/original/Biere/adder_3_2/pec_adder_3_bit_2_51.dqdimacs,48,216
./benchmark_tests/original/Biere/adder_3_2/pec_adder_3_bit_2_51.dqdimacs,49,221
./benchmark_tests/original/Biere/adder_3_2/pec_adder_3_bit_2_51.dqdimacs,51,218
./benchmark_tests/original/Biere/adder_3_2/pec_adder_3_bit_2_51.dqdimacs,52,217
./benchmark_tests/original/Biere/adder_3_2/pec_adder_3_bit_2_51.dqdimacs,53,220
./benchmark_tests/original/Biere/adder_3_2/pec_adder_3_bit_2_51.dqdimacs,55,217
./benchmark_tests/original/Biere/adder_3_2/pec_adder_3_bit_2_51.dqdimacs,56,217
./benchmark_tests/original/Biere/adder_3_2/pec_adder_3_bit_2_51.dqdimacs,57,217
./benchmark_tests/original/Biere/adder_3_2/pec_adder_3_bit_2_51.dqdimacs,58,216
./benchmark_tests/original/Biere/adder_3_2/pec_adder_3_bit_2_51.dqdimacs,59,219
./benchmark_tests/original/Biere/adder_3_2/pec_adder_3_bit_2_51.dqdimacs,61,215
./benchmark_tests/original/Biere/adder_3_2/pec_adder_3_bit_2_51.dqdimacs,62,218
./benchmark_tests/original/Biere/adder_3_2/pec_adder_3_bit_2_51.dqdimacs,63,219
./benchmark_tests/original/Biere/adder_3_2/pec_adder_3_bit_2_51.dqdimacs,64,215
./benchmark_tests/original/Biere/adder_3_2/pec_adder_3_bit_2_51.dqdimacs,65,215
./benchmark_tests/original/Biere/adder_3_2/pec_adder_3_bit_2_51.dqdimacs,66,216
./benchmark_tests/original/Biere/adder_3_2/pec_adder_3_bit_2_51.dqdimacs,67,215
./benchmark_tests/original/Biere/adder_3_2/pec_adder_3_bit_2_51.dqdimacs,68,216
./benchmark_tests/original/Biere/adder_3_2/pec_adder_3_bit_2_51.dqdimacs,69,215
./benchmark_tests/original/Biere/adder_3_2/pec_adder_3_bit_2_51.dqdimacs,70,215
./benchmark_tests/original/Biere/adder_3_2/pec_adder_3_bit_2_51.dqdimacs,71,215
./benchmark_tests/original/Biere/adder_3_2/pec_adder_3_bit_2_51.dqdimacs,72,216
./benchmark_tests/original/Biere/adder_3_2/pec_adder_3_bit_2_51.dqdimacs,73,216
./benchmark_tests/original/Biere/adder_3_2/pec_adder_3_bit_2_51.dqdimacs,74,216
./benchmark_tests/original/Biere/adder_3_2/pec_adder_3_bit_2_51.dqdimacs,75,216
./benchmark_tests/original/Biere/adder_3_2/pec_adder_3_bit_2_51.dqdimacs,76,215
./benchmark_tests/original/Biere/adder_3_2/pec_adder_3_bit_2_51.dqdimacs,77,216
./benchmark_tests/original/Biere/adder_3_2/pec_adder_3_bit_2_51.dqdimacs,78,216
./benchmark_tests/original/Biere/adder_3_2/pec_adder_3_bit_2_51.dqdimacs,79,217
./benchmark_tests/original/Biere/adder_3_2/pec_adder_3_bit_2_51.dqdimacs,80,217
./benchmark_tests/original/Biere/adder_3_2/pec_adder_3_bit_2_52.dqdimacs,4,244
./benchmark_tests/original/Biere/adder_3_2/pec_adder_3_bit_2_52.dqdimacs,5,196
./benchmark_tests/original/Biere/adder_3_2/pec_adder_3_bit_2_52.dqdimacs,6,197
./benchmark_tests/original/Biere/adder_3_2/pec_adder_3_bit_2_52.dqdimacs,10,196
./benchmark_tests/original/Biere/adder_3_2/pec_adder_3_bit_2_52.dqdimacs,11,195
./benchmark_tests/original/Biere/adder_3_2/pec_adder_3_bit_2_52.dqdimacs,12,194
./benchmark_tests/original/Biere/adder_3_2/pec_adder_3_bit_2_52.dqdimacs,13,195
./benchmark_tests/original/Biere/adder_3_2/pec_adder_3_bit_2_52.dqdimacs,17,187
./benchmark_tests/original/Biere/adder_3_2/pec_adder_3_bit_2_52.dqdimacs,18,174
./benchmark_tests/original/Biere/adder_3_2/pec_adder_3_bit_2_52.dqdimacs,19,157
./benchmark_tests/original/Biere/adder_3_2/pec_adder_3_bit_2_52.dqdimacs,20,143
./benchmark_tests/original/Biere/adder_3_2/pec_adder_3_bit_2_52.dqdimacs,22,128
./benchmark_tests/original/Biere/adder_3_2/pec_adder_3_bit_2_52.dqdimacs,23,116
./benchmark_tests/original/Biere/adder_3_2/pec_adder_3_bit_2_52.dqdimacs,24,108
./benchmark_tests/original/Biere/adder_3_2/pec_adder_3_bit_2_52.dqdimacs,25,105
./benchmark_tests/original/Biere/adder_3_2/pec_adder_3_bit_2_52.dqdimacs,26,105
./benchmark_tests/original/Biere/adder_3_2/pec_adder_3_bit_2_52.dqdimacs,27,106
./benchmark_tests/original/Biere/adder_3_2/pec_adder_3_bit_2_52.dqdimacs,29,105
./benchmark_tests/original/Biere/adder_3_2/pec_adder_3_bit_2_52.dqdimacs,30,106
./benchmark_tests/original/Biere/adder_3_2/pec_adder_3_bit_2_52.dqdimacs,31,106
./benchmark_tests/original/Biere/adder_3_2/pec_adder_3_bit_2_52.dqdimacs,33,105
./benchmark_tests/original/Biere/adder_3_2/pec_adder_3_bit_2_52.dqdimacs,34,104
./benchmark_tests/original/Biere/adder_3_2/pec_adder_3_bit_2_52.dqdimacs,35,106
./benchmark_tests/original/Biere/adder_3_2/pec_adder_3_bit_2_52.dqdimacs,37,103
./benchmark_tests/original/Biere/adder_3_2/pec_adder_3_bit_2_52.dqdimacs,38,104
./benchmark_tests/original/Biere/adder_3_2/pec_adder_3_bit_2_52.dqdimacs,39,106
./benchmark_tests/original/Biere/adder_3_2/pec_adder_3_bit_2_52.dqdimacs,41,104
./benchmark_tests/original/Biere/adder_3_2/pec_adder_3_bit_2_52.dqdimacs,42,104
./benchmark_tests/original/Biere/adder_3_2/pec_adder_3_bit_2_52.dqdimacs,43,105
./benchmark_tests/original/Biere/adder_3_2/pec_adder_3_bit_2_52.dqdimacs,44,105
./benchmark_tests/original/Biere/adder_3_2/pec_adder_3_bit_2_52.dqdimacs,45,105
./benchmark_tests/original/Biere/adder_3_2/pec_adder_3_bit_2_52.dqdimacs,46,106
./benchmark_tests/original/Biere/adder_3_2/pec_adder_3_bit_2_52.dqdimacs,47,104
./benchmark_tests/original/Biere/adder_3_2/pec_adder_3_bit_2_52.dqdimacs,48,104
./benchmark_tests/original/Biere/adder_3_2/pec_adder_3_bit_2_52.dqdimacs,49,104
./benchmark_tests/original/Biere/adder_3_2/pec_adder_3_bit_2_52.dqdimacs,50,105
./benchmark_tests/original/Biere/adder_3_2/pec_adder_3_bit_2_52.dqdimacs,51,104
./benchmark_tests/original/Biere/adder_3_2/pec_adder_3_bit_2_52.dqdimacs,52,105
./benchmark_tests/original/Biere/adder_3_2/pec_adder_3_bit_2_52.dqdimacs,53,104
./benchmark_tests/original/Biere/adder_3_2/pec_adder_3_bit_2_52.dqdimacs,54,104
./benchmark_tests/original/Biere/adder_3_2/pec_adder_3_bit_2_52.dqdimacs,55,104
./benchmark_tests/original/Biere/adder_3_2/pec_adder_3_bit_2_52.dqdimacs,56,104
./benchmark_tests/original/Biere/adder_3_2/pec_adder_3_bit_2_52.dqdimacs,57,105
./benchmark_tests/original/Biere/adder_3_2/pec_adder_3_bit_2_52.dqdimacs,58,103
./benchmark_tests/original/Biere/adder_3_2/pec_adder_3_bit_2_52.dqdimacs,59,103
./benchmark_tests/original/Biere/adder_3_2/pec_adder_3_bit_2_52.dqdimacs,60,104
./benchmark_tests/original/Biere/adder_3_2/pec_adder_3_bit_2_52.dqdimacs,61,103
./benchmark_tests/original/Biere/adder_3_2/pec_adder_3_bit_2_52.dqdimacs,62,103
./benchmark_tests/original/Biere/adder_3_2/pec_adder_3_bit_2_52.dqdimacs,63,104
./benchmark_tests/original/Biere/adder_3_2/pec_adder_3_bit_2_52.dqdimacs,64,104
./benchmark_tests/original/Biere/adder_3_2/pec_adder_3_bit_2_52.dqdimacs,65,104
./benchmark_tests/original/Biere/adder_3_2/pec_adder_3_bit_2_52.dqdimacs,66,105
./benchmark_tests/original/Biere/adder_3_2/pec_adder_3_bit_2_53.dqdimacs,4,329
./benchmark_tests/original/Biere/adder_3_2/pec_adder_3_bit_2_53.dqdimacs,5,283
./benchmark_tests/original/Biere/adder_3_2/pec_adder_3_bit_2_53.dqdimacs,6,281
./benchmark_tests/original/Biere/adder_3_2/pec_adder_3_bit_2_53.dqdimacs,10,280
./benchmark_tests/original/Biere/adder_3_2/pec_adder_3_bit_2_53.dqdimacs,11,281
./benchmark_tests/original/Biere/adder_3_2/pec_adder_3_bit_2_53.dqdimacs,12,266
./benchmark_tests/original/Biere/adder_3_2/pec_adder_3_bit_2_53.dqdimacs,13,232
./benchmark_tests/original/Biere/adder_3_2/pec_adder_3_bit_2_53.dqdimacs,17,198
./benchmark_tests/original/Biere/adder_3_2/pec_adder_3_bit_2_53.dqdimacs,18,172
./benchmark_tests/original/Biere/adder_3_2/pec_adder_3_bit_2_53.dqdimacs,19,154
./benchmark_tests/original/Biere/adder_3_2/pec_adder_3_bit_2_53.dqdimacs,20,151
./benchmark_tests/original/Biere/adder_3_2/pec_adder_3_bit_2_53.dqdimacs,22,149
./benchmark_tests/original/Biere/adder_3_2/pec_adder_3_bit_2_53.dqdimacs,23,148
./benchmark_tests/original/Biere/adder_3_2/pec_adder_3_bit_2_53.dqdimacs,24,148
./benchmark_tests/original/Biere/adder_3_2/pec_adder_3_bit_2_53.dqdimacs,25,150
./benchmark_tests/original/Biere/adder_3_2/pec_adder_3_bit_2_53.dqdimacs,26,150
./benchmark_tests/original/Biere/adder_3_2/pec_adder_3_bit_2_53.dqdimacs,27,151
./benchmark_tests/original/Biere/adder_3_2/pec_adder_3_bit_2_53.dqdimacs,29,148
./benchmark_tests/original/Biere/adder_3_2/pec_adder_3_bit_2_53.dqdimacs,30,149
./benchmark_tests/original/Biere/adder_3_2/pec_adder_3_bit_2_53.dqdimacs,31,152
./benchmark_tests/original/Biere/adder_3_2/pec_adder_3_bit_2_53.dqdimacs,33,148
./benchmark_tests/original/Biere/adder_3_2/pec_adder_3_bit_2_53.dqdimacs,34,149
./benchmark_tests/original/Biere/adder_3_2/pec_adder_3_bit_2_53.dqdimacs,35,150
./benchmark_tests/original/Biere/adder_3_2/pec_adder_3_bit_2_53.dqdimacs,37,149
./benchmark_tests/original/Biere/adder_3_2/pec_adder_3_bit_2_53.dqdimacs,38,150
./benchmark_tests/original/Biere/adder_3_2/pec_adder_3_bit_2_53.dqdimacs,39,152
./benchmark_tests/original/Biere/adder_3_2/pec_adder_3_bit_2_53.dqdimacs,41,151
./benchmark_tests/original/Biere/adder_3_2/pec_adder_3_bit_2_53.dqdimacs,42,150
./benchmark_tests/original/Biere/adder_3_2/pec_adder_3_bit_2_53.dqdimacs,43,152
./benchmark_tests/original/Biere/adder_3_2/pec_adder_3_bit_2_53.dqdimacs,45,149
./benchmark_tests/original/Biere/adder_3_2/pec_adder_3_bit_2_53.dqdimacs,46,148
./benchmark_tests/original/Biere/adder_3_2/pec_adder_3_bit_2_53.dqdimacs,47,153
./benchmark_tests/original/Biere/adder_3_2/pec_adder_3_bit_2_53.dqdimacs,49,148
./benchmark_tests/original/Biere/adder_3_2/pec_adder_3_bit_2_53.dqdimacs,50,151
./benchmark_tests/original/Biere/adder_3_2/pec_adder_3_bit_2_53.dqdimacs,51,153
./benchmark_tests/original/Biere/adder_3_2/pec_adder_3_bit_2_53.dqdimacs,52,151
./benchmark_tests/original/Biere/adder_3_2/pec_adder_3_bit_2_53.dqdimacs,53,154
./benchmark_tests/original/Biere/adder_3_2/pec_adder_3_bit_2_53.dqdimacs,54,148
./benchmark_tests/original/Biere/adder_3_2/pec_adder_3_bit_2_53.dqdimacs,55,151
./benchmark_tests/original/Biere/adder_3_2/pec_adder_3_bit_2_53.dqdimacs,56,149
./benchmark_tests/original/Biere/adder_3_2/pec_adder_3_bit_2_53.dqdimacs,57,149
./benchmark_tests/original/Biere/adder_3_2/pec_adder_3_bit_2_53.dqdimacs,58,149
./benchmark_tests/original/Biere/adder_3_2/pec_adder_3_bit_2_53.dqdimacs,59,151
./benchmark_tests/original/Biere/adder_3_2/pec_adder_3_bit_2_53.dqdimacs,60,151
./benchmark_tests/original/Biere/adder_3_2/pec_adder_3_bit_2_53.dqdimacs,61,151
./benchmark_tests/original/Biere/adder_3_2/pec_adder_3_bit_2_53.dqdimacs,62,148
./benchmark_tests/original/Biere/adder_3_2/pec_adder_3_bit_2_53.dqdimacs,63,149
./benchmark_tests/original/Biere/adder_3_2/pec_adder_3_bit_2_53.dqdimacs,64,147
./benchmark_tests/original/Biere/adder_3_2/pec_adder_3_bit_2_53.dqdimacs,65,146
./benchmark_tests/original/Biere/adder_3_2/pec_adder_3_bit_2_53.dqdimacs,66,146
./benchmark_tests/original/Biere/adder_3_2/pec_adder_3_bit_2_53.dqdimacs,67,149
./benchmark_tests/original/Biere/adder_3_2/pec_adder_3_bit_2_53.dqdimacs,68,147
./benchmark_tests/original/Biere/adder_3_2/pec_adder_3_bit_2_53.dqdimacs,69,147
./benchmark_tests/original/Biere/adder_3_2/pec_adder_3_bit_2_53.dqdimacs,70,148
./benchmark_tests/original/Biere/adder_3_2/pec_adder_3_bit_2_53.dqdimacs,71,151
./benchmark_tests/original/Biere/adder_3_2/pec_adder_3_bit_2_53.dqdimacs,72,148
./benchmark_tests/original/Biere/adder_3_2/pec_adder_3_bit_2_54.dqdimacs,4,363
./benchmark_tests/original/Biere/adder_3_2/pec_adder_3_bit_2_54.dqdimacs,5,317
./benchmark_tests/original/Biere/adder_3_2/pec_adder_3_bit_2_54.dqdimacs,6,317
./benchmark_tests/original/Biere/adder_3_2/pec_adder_3_bit_2_54.dqdimacs,10,313
./benchmark_tests/original/Biere/adder_3_2/pec_adder_3_bit_2_54.dqdimacs,11,310
./benchmark_tests/original/Biere/adder_3_2/pec_adder_3_bit_2_54.dqdimacs,12,272
./benchmark_tests/original/Biere/adder_3_2/pec_adder_3_bit_2_54.dqdimacs,13,229
./benchmark_tests/original/Biere/adder_3_2/pec_adder_3_bit_2_54.dqdimacs,17,195
./benchmark_tests/original/Biere/adder_3_2/pec_adder_3_bit_2_54.dqdimacs,18,170
./benchmark_tests/original/Biere/adder_3_2/pec_adder_3_bit_2_54.dqdimacs,19,166
./benchmark_tests/original/Biere/adder_3_2/pec_adder_3_bit_2_54.dqdimacs,20,167
./benchmark_tests/original/Biere/adder_3_2/pec_adder_3_bit_2_54.dqdimacs,22,166
./benchmark_tests/original/Biere/adder_3_2/pec_adder_3_bit_2_54.dqdimacs,23,166
./benchmark_tests/original/Biere/adder_3_2/pec_adder_3_bit_2_54.dqdimacs,24,166
./benchmark_tests/original/Biere/adder_3_2/pec_adder_3_bit_2_54.dqdimacs,25,166
./benchmark_tests/original/Biere/adder_3_2/pec_adder_3_bit_2_54.dqdimacs,26,166
./benchmark_tests/original/Biere/adder_3_2/pec_adder_3_bit_2_54.dqdimacs,27,168
./benchmark_tests/original/Biere/adder_3_2/pec_adder_3_bit_2_54.dqdimacs,29,167
./benchmark_tests/original/Biere/adder_3_2/pec_adder_3_bit_2_54.dqdimacs,30,167
./benchmark_tests/original/Biere/adder_3_2/pec_adder_3_bit_2_54.dqdimacs,31,168
./benchmark_tests/original/Biere/adder_3_2/pec_adder_3_bit_2_54.dqdimacs,33,166
./benchmark_tests/original/Biere/adder_3_2/pec_adder_3_bit_2_54.dqdimacs,34,166
./benchmark_tests/original/Biere/adder_3_2/pec_adder_3_bit_2_54.dqdimacs,35,168
./benchmark_tests/original/Biere/adder_3_2/pec_adder_3_bit_2_54.dqdimacs,37,166
./benchmark_tests/original/Biere/adder_3_2/pec_adder_3_bit_2_54.dqdimacs,38,166
./benchmark_tests/original/Biere/adder_3_2/pec_adder_3_bit_2_54.dqdimacs,39,167
./benchmark_tests/original/Biere/adder_3_2/pec_adder_3_bit_2_54.dqdimacs,40,168
./benchmark_tests/original/Biere/adder_3_2/pec_adder_3_bit_2_54.dqdimacs,41,168
./benchmark_tests/original/Biere/adder_3_2/pec_adder_3_bit_2_54.dqdimacs,42,168
./benchmark_tests/original/Biere/adder_3_2/pec_adder_3_bit_2_54.dqdimacs,44,166
./benchmark_tests/original/Biere/adder_3_2/pec_adder_3_bit_2_54.dqdimacs,45,166
./benchmark_tests/original/Biere/adder_3_2/pec_adder_3_bit_2_54.dqdimacs,46,168
./benchmark_tests/original/Biere/adder_3_2/pec_adder_3_bit_2_54.dqdimacs,48,167
./benchmark_tests/original/Biere/adder_3_2/pec_adder_3_bit_2_54.dqdimacs,49,168
./benchmark_tests/original/Biere/adder_3_2/pec_adder_3_bit_2_54.dqdimacs,50,169
./benchmark_tests/original/Biere/adder_3_2/pec_adder_3_bit_2_54.dqdimacs,51,167
./benchmark_tests/original/Biere/adder_3_2/pec_adder_3_bit_2_54.dqdimacs,52,166
./benchmark_tests/original/Biere/adder_3_2/pec_adder_3_bit_2_54.dqdimacs,53,168
./benchmark_tests/original/Biere/adder_3_2/pec_adder_3_bit_2_54.dqdimacs,54,167
./benchmark_tests/original/Biere/adder_3_2/pec_adder_3_bit_2_54.dqdimacs,55,168
./benchmark_tests/original/Biere/adder_3_2/pec_adder_3_bit_2_54.dqdimacs,56,167
./benchmark_tests/original/Biere/adder_3_2/pec_adder_3_bit_2_54.dqdimacs,57,168
./benchmark_tests/original/Biere/adder_3_2/pec_adder_3_bit_2_54.dqdimacs,58,168
./benchmark_tests/original/Biere/adder_3_2/pec_adder_3_bit_2_54.dqdimacs,59,168
./benchmark_tests/original/Biere/adder_3_2/pec_adder_3_bit_2_54.dqdimacs,60,169
./benchmark_tests/original/Biere/adder_3_2/pec_adder_3_bit_2_54.dqdimacs,61,168
./benchmark_tests/original/Biere/adder_3_2/pec_adder_3_bit_2_54.dqdimacs,62,169
./benchmark_tests/original/Biere/adder_3_2/pec_adder_3_bit_2_54.dqdimacs,63,169
./benchmark_tests/original/Biere/adder_3_2/pec_adder_3_bit_2_54.dqdimacs,64,168
./benchmark_tests/original/Biere/adder_3_2/pec_adder_3_bit_2_54.dqdimacs,65,168
./benchmark_tests/original/Biere/adder_3_2/pec_adder_3_bit_2_54.dqdimacs,66,168
./benchmark_tests/original/Biere/adder_3_2/pec_adder_3_bit_2_54.dqdimacs,67,169
./benchmark_tests/original/Biere/adder_3_2/pec_adder_3_bit_2_54.dqdimacs,68,167
./benchmark_tests/original/Biere/adder_3_2/pec_adder_3_bit_2_55.dqdimacs,4,432
./benchmark_tests/original/Biere/adder_3_2/pec_adder_3_bit_2_55.dqdimacs,5,469
./benchmark_tests/original/Biere/adder_3_2/pec_adder_3_bit_2_55.dqdimacs,6,402
./benchmark_tests/original/Biere/adder_3_2/pec_adder_3_bit_2_55.dqdimacs,10,387
./benchmark_tests/original/Biere/adder_3_2/pec_adder_3_bit_2_55.dqdimacs,11,323
./benchmark_tests/original/Biere/adder_3_2/pec_adder_3_bit_2_55.dqdimacs,12,260
./benchmark_tests/original/Biere/adder_3_2/pec_adder_3_bit_2_55.dqdimacs,13,223
./benchmark_tests/original/Biere/adder_3_2/pec_adder_3_bit_2_55.dqdimacs,17,211
./benchmark_tests/original/Biere/adder_3_2/pec_adder_3_bit_2_55.dqdimacs,18,211
./benchmark_tests/original/Biere/adder_3_2/pec_adder_3_bit_2_55.dqdimacs,19,212
./benchmark_tests/original/Biere/adder_3_2/pec_adder_3_bit_2_55.dqdimacs,20,213
./benchmark_tests/original/Biere/adder_3_2/pec_adder_3_bit_2_55.dqdimacs,22,214
./benchmark_tests/original/Biere/adder_3_2/pec_adder_3_bit_2_55.dqdimacs,23,212
./benchmark_tests/original/Biere/adder_3_2/pec_adder_3_bit_2_55.dqdimacs,24,214
./benchmark_tests/original/Biere/adder_3_2/pec_adder_3_bit_2_55.dqdimacs,25,217
./benchmark_tests/original/Biere/adder_3_2/pec_adder_3_bit_2_55.dqdimacs,26,213
./benchmark_tests/original/Biere/adder_3_2/pec_adder_3_bit_2_55.dqdimacs,27,214
./benchmark_tests/original/Biere/adder_3_2/pec_adder_3_bit_2_55.dqdimacs,29,213
./benchmark_tests/original/Biere/adder_3_2/pec_adder_3_bit_2_55.dqdimacs,30,210
./benchmark_tests/original/Biere/adder_3_2/pec_adder_3_bit_2_55.dqdimacs,31,210
./benchmark_tests/original/Biere/adder_3_2/pec_adder_3_bit_2_55.dqdimacs,33,209
./benchmark_tests/original/Biere/adder_3_2/pec_adder_3_bit_2_55.dqdimacs,34,209
./benchmark_tests/original/Biere/adder_3_2/pec_adder_3_bit_2_55.dqdimacs,35,218
./benchmark_tests/original/Biere/adder_3_2/pec_adder_3_bit_2_55.dqdimacs,36,212
./benchmark_tests/original/Biere/adder_3_2/pec_adder_3_bit_2_55.dqdimacs,38,209
./benchmark_tests/original/Biere/adder_3_2/pec_adder_3_bit_2_55.dqdimacs,39,209
./benchmark_tests/original/Biere/adder_3_2/pec_adder_3_bit_2_55.dqdimacs,40,213
./benchmark_tests/original/Biere/adder_3_2/pec_adder_3_bit_2_55.dqdimacs,42,210
./benchmark_tests/original/Biere/adder_3_2/pec_adder_3_bit_2_55.dqdimacs,43,209
./benchmark_tests/original/Biere/adder_3_2/pec_adder_3_bit_2_55.dqdimacs,44,211
./benchmark_tests/original/Biere/adder_3_2/pec_adder_3_bit_2_55.dqdimacs,46,212
./benchmark_tests/original/Biere/adder_3_2/pec_adder_3_bit_2_55.dqdimacs,47,210
./benchmark_tests/original/Biere/adder_3_2/pec_adder_3_bit_2_55.dqdimacs,48,210
./benchmark_tests/original/Biere/adder_3_2/pec_adder_3_bit_2_55.dqdimacs,49,210
./benchmark_tests/original/Biere/adder_3_2/pec_adder_3_bit_2_55.dqdimacs,50,213
./benchmark_tests/original/Biere/adder_3_2/pec_adder_3_bit_2_55.dqdimacs,52,209
./benchmark_tests/original/Biere/adder_3_2/pec_adder_3_bit_2_55.dqdimacs,53,211
./benchmark_tests/original/Biere/adder_3_2/pec_adder_3_bit_2_55.dqdimacs,54,212
./benchmark_tests/original/Biere/adder_3_2/pec_adder_3_bit_2_55.dqdimacs,55,212
./benchmark_tests/original/Biere/adder_3_2/pec_adder_3_bit_2_55.dqdimacs,56,210
./benchmark_tests/original/Biere/adder_3_2/pec_adder_3_bit_2_55.dqdimacs,57,210
./benchmark_tests/original/Biere/adder_3_2/pec_adder_3_bit_2_55.dqdimacs,58,209
./benchmark_tests/original/Biere/adder_3_2/pec_adder_3_bit_2_55.dqdimacs,59,209
./benchmark_tests/original/Biere/adder_3_2/pec_adder_3_bit_2_55.dqdimacs,60,209
./benchmark_tests/original/Biere/adder_3_2/pec_adder_3_bit_2_55.dqdimacs,61,209
./benchmark_tests/original/Biere/adder_3_2/pec_adder_3_bit_2_55.dqdimacs,62,209
./benchmark_tests/original/Biere/adder_3_2/pec_adder_3_bit_2_55.dqdimacs,63,214
./benchmark_tests/original/Biere/adder_3_2/pec_adder_3_bit_2_55.dqdimacs,64,210
./benchmark_tests/original/Biere/adder_3_2/pec_adder_3_bit_2_55.dqdimacs,65,212
./benchmark_tests/original/Biere/adder_3_2/pec_adder_3_bit_2_55.dqdimacs,66,209
./benchmark_tests/original/Biere/adder_3_2/pec_adder_3_bit_2_55.dqdimacs,67,209
./benchmark_tests/original/Biere/adder_3_2/pec_adder_3_bit_2_55.dqdimacs,68,211
./benchmark_tests/original/Biere/adder_3_2/pec_adder_3_bit_2_55.dqdimacs,69,211
./benchmark_tests/original/Biere/adder_3_2/pec_adder_3_bit_2_55.dqdimacs,70,212
./benchmark_tests/original/Biere/adder_3_2/pec_adder_3_bit_2_55.dqdimacs,71,215
./benchmark_tests/original/Biere/adder_3_2/pec_adder_3_bit_2_55.dqdimacs,72,214
./benchmark_tests/original/Biere/adder_3_2/pec_adder_3_bit_2_55.dqdimacs,73,213
./benchmark_tests/original/Biere/adder_3_2/pec_adder_3_bit_2_56.dqdimacs,4,273
./benchmark_tests/original/Biere/adder_3_2/pec_adder_3_bit_2_56.dqdimacs,5,227
./benchmark_tests/original/Biere/adder_3_2/pec_adder_3_bit_2_56.dqdimacs,6,225
./benchmark_tests/original/Biere/adder_3_2/pec_adder_3_bit_2_56.dqdimacs,10,225
./benchmark_tests/original/Biere/adder_3_2/pec_adder_3_bit_2_56.dqdimacs,11,225
./benchmark_tests/original/Biere/adder_3_2/pec_adder_3_bit_2_56.dqdimacs,12,225
./benchmark_tests/original/Biere/adder_3_2/pec_adder_3_bit_2_56.dqdimacs,13,220
./benchmark_tests/original/Biere/adder_3_2/pec_adder_3_bit_2_56.dqdimacs,17,197
./benchmark_tests/original/Biere/adder_3_2/pec_adder_3_bit_2_56.dqdimacs,18,177
./benchmark_tests/original/Biere/adder_3_2/pec_adder_3_bit_2_56.dqdimacs,19,156
./benchmark_tests/original/Biere/adder_3_2/pec_adder_3_bit_2_56.dqdimacs,20,141
./benchmark_tests/original/Biere/adder_3_2/pec_adder_3_bit_2_56.dqdimacs,22,127
./benchmark_tests/original/Biere/adder_3_2/pec_adder_3_bit_2_56.dqdimacs,23,120
./benchmark_tests/original/Biere/adder_3_2/pec_adder_3_bit_2_56.dqdimacs,24,121
./benchmark_tests/original/Biere/adder_3_2/pec_adder_3_bit_2_56.dqdimacs,25,120
./benchmark_tests/original/Biere/adder_3_2/pec_adder_3_bit_2_56.dqdimacs,26,121
./benchmark_tests/original/Biere/adder_3_2/pec_adder_3_bit_2_56.dqdimacs,27,122
./benchmark_tests/original/Biere/adder_3_2/pec_adder_3_bit_2_56.dqdimacs,29,120
./benchmark_tests/original/Biere/adder_3_2/pec_adder_3_bit_2_56.dqdimacs,30,120
./benchmark_tests/original/Biere/adder_3_2/pec_adder_3_bit_2_56.dqdimacs,31,122
./benchmark_tests/original/Biere/adder_3_2/pec_adder_3_bit_2_56.dqdimacs,33,120
./benchmark_tests/original/Biere/adder_3_2/pec_adder_3_bit_2_56.dqdimacs,34,120
./benchmark_tests/original/Biere/adder_3_2/pec_adder_3_bit_2_56.dqdimacs,35,123
./benchmark_tests/original/Biere/adder_3_2/pec_adder_3_bit_2_56.dqdimacs,37,120
./benchmark_tests/original/Biere/adder_3_2/pec_adder_3_bit_2_56.dqdimacs,38,120
./benchmark_tests/original/Biere/adder_3_2/pec_adder_3_bit_2_56.dqdimacs,39,123
./benchmark_tests/original/Biere/adder_3_2/pec_adder_3_bit_2_56.dqdimacs,41,119
./benchmark_tests/original/Biere/adder_3_2/pec_adder_3_bit_2_56.dqdimacs,42,121
./benchmark_tests/original/Biere/adder_3_2/pec_adder_3_bit_2_56.dqdimacs,43,120
./benchmark_tests/original/Biere/adder_3_2/pec_adder_3_bit_2_56.dqdimacs,44,120
./benchmark_tests/original/Biere/adder_3_2/pec_adder_3_bit_2_56.dqdimacs,45,125
./benchmark_tests/original/Biere/adder_3_2/pec_adder_3_bit_2_56.dqdimacs,47,121
./benchmark_tests/original/Biere/adder_3_2/pec_adder_3_bit_2_56.dqdimacs,48,120
./benchmark_tests/original/Biere/adder_3_2/pec_adder_3_bit_2_56.dqdimacs,49,121
./benchmark_tests/original/Biere/adder_3_2/pec_adder_3_bit_2_56.dqdimacs,50,124
./benchmark_tests/original/Biere/adder_3_2/pec_adder_3_bit_2_56.dqdimacs,52,120
./benchmark_tests/original/Biere/adder_3_2/pec_adder_3_bit_2_56.dqdimacs,53,120
./benchmark_tests/original/Biere/adder_3_2/pec_adder_3_bit_2_56.dqdimacs,54,121
./benchmark_tests/original/Biere/adder_3_2/pec_adder_3_bit_2_56.dqdimacs,55,123
./benchmark_tests/original/Biere/adder_3_2/pec_adder_3_bit_2_56.dqdimacs,56,121
./benchmark_tests/original/Biere/adder_3_2/pec_adder_3_bit_2_56.dqdimacs,57,120
./benchmark_tests/original/Biere/adder_3_2/pec_adder_3_bit_2_56.dqdimacs,58,120
./benchmark_tests/original/Biere/adder_3_2/pec_adder_3_bit_2_56.dqdimacs,59,120
./benchmark_tests/original/Biere/adder_3_2/pec_adder_3_bit_2_56.dqdimacs,60,120
./benchmark_tests/original/Biere/adder_3_2/pec_adder_3_bit_2_56.dqdimacs,61,120
./benchmark_tests/original/Biere/adder_3_2/pec_adder_3_bit_2_56.dqdimacs,62,121
./benchmark_tests/original/Biere/adder_3_2/pec_adder_3_bit_2_56.dqdimacs,63,121
./benchmark_tests/original/Biere/adder_3_2/pec_adder_3_bit_2_56.dqdimacs,64,120
./benchmark_tests/original/Biere/adder_3_2/pec_adder_3_bit_2_56.dqdimacs,65,119
./benchmark_tests/original/Biere/adder_3_2/pec_adder_3_bit_2_56.dqdimacs,66,121
./benchmark_tests/original/Biere/adder_3_2/pec_adder_3_bit_2_56.dqdimacs,67,120
./benchmark_tests/original/Biere/adder_3_2/pec_adder_3_bit_2_56.dqdimacs,68,121
./benchmark_tests/original/Biere/adder_3_2/pec_adder_3_bit_2_56.dqdimacs,69,120
./benchmark_tests/original/Biere/adder_3_2/pec_adder_3_bit_2_56.dqdimacs,70,122
./benchmark_tests/original/Biere/adder_3_2/pec_adder_3_bit_2_56.dqdimacs,71,121
./benchmark_tests/original/Biere/adder_3_2/pec_adder_3_bit_2_56.dqdimacs,72,122
./benchmark_tests/original/Biere/adder_3_2/pec_adder_3_bit_2_56.dqdimacs,73,120
./benchmark_tests/original/Biere/adder_3_2/pec_adder_3_bit_2_57.dqdimacs,4,339
./benchmark_tests/original/Biere/adder_3_2/pec_adder_3_bit_2_57.dqdimacs,5,286
./benchmark_tests/original/Biere/adder_3_2/pec_adder_3_bit_2_57.dqdimacs,6,287
./benchmark_tests/original/Biere/adder_3_2/pec_adder_3_bit_2_57.dqdimacs,10,283
./benchmark_tests/original/Biere/adder_3_2/pec_adder_3_bit_2_57.dqdimacs,11,262
./benchmark_tests/original/Biere/adder_3_2/pec_adder_3_bit_2_57.dqdimacs,12,247
./benchmark_tests/original/Biere/adder_3_2/pec_adder_3_bit_2_57.dqdimacs,13,215
./benchmark_tests/original/Biere/adder_3_2/pec_adder_3_bit_2_57.dqdimacs,17,188
./benchmark_tests/original/Biere/adder_3_2/pec_adder_3_bit_2_57.dqdimacs,18,164
./benchmark_tests/original/Biere/adder_3_2/pec_adder_3_bit_2_57.dqdimacs,19,146
./benchmark_tests/original/Biere/adder_3_2/pec_adder_3_bit_2_57.dqdimacs,20,139
./benchmark_tests/original/Biere/adder_3_2/pec_adder_3_bit_2_57.dqdimacs,22,138
./benchmark_tests/original/Biere/adder_3_2/pec_adder_3_bit_2_57.dqdimacs,23,138
./benchmark_tests/original/Biere/adder_3_2/pec_adder_3_bit_2_57.dqdimacs,24,139
./benchmark_tests/original/Biere/adder_3_2/pec_adder_3_bit_2_57.dqdimacs,25,139
./benchmark_tests/original/Biere/adder_3_2/pec_adder_3_bit_2_57.dqdimacs,26,139
./benchmark_tests/original/Biere/adder_3_2/pec_adder_3_bit_2_57.dqdimacs,27,141
./benchmark_tests/original/Biere/adder_3_2/pec_adder_3_bit_2_57.dqdimacs,29,146
./benchmark_tests/original/Biere/adder_3_2/pec_adder_3_bit_2_57.dqdimacs,30,138
./benchmark_tests/original/Biere/adder_3_2/pec_adder_3_bit_2_57.dqdimacs,31,141
./benchmark_tests/original/Biere/adder_3_2/pec_adder_3_bit_2_57.dqdimacs,33,138
./benchmark_tests/original/Biere/adder_3_2/pec_adder_3_bit_2_57.dqdimacs,34,138
./benchmark_tests/original/Biere/adder_3_2/pec_adder_3_bit_2_57.dqdimacs,35,141
./benchmark_tests/original/Biere/adder_3_2/pec_adder_3_bit_2_57.dqdimacs,37,137
./benchmark_tests/original/Biere/adder_3_2/pec_adder_3_bit_2_57.dqdimacs,38,137
./benchmark_tests/original/Biere/adder_3_2/pec_adder_3_bit_2_57.dqdimacs,39,140
./benchmark_tests/original/Biere/adder_3_2/pec_adder_3_bit_2_57.dqdimacs,41,137
./benchmark_tests/original/Biere/adder_3_2/pec_adder_3_bit_2_57.dqdimacs,42,137
./benchmark_tests/original/Biere/adder_3_2/pec_adder_3_bit_2_57.dqdimacs,43,137
./benchmark_tests/original/Biere/adder_3_2/pec_adder_3_bit_2_57.dqdimacs,44,139
./benchmark_tests/original/Biere/adder_3_2/pec_adder_3_bit_2_57.dqdimacs,46,137
./benchmark_tests/original/Biere/adder_3_2/pec_adder_3_bit_2_57.dqdimacs,47,138
./benchmark_tests/original/Biere/adder_3_2/pec_adder_3_bit_2_57.dqdimacs,48,137
./benchmark_tests/original/Biere/adder_3_2/pec_adder_3_bit_2_57.dqdimacs,49,138
./benchmark_tests/original/Biere/adder_3_2/pec_adder_3_bit_2_57.dqdimacs,50,139
./benchmark_tests/original/Biere/adder_3_2/pec_adder_3_bit_2_57.dqdimacs,51,139
./benchmark_tests/original/Biere/adder_3_2/pec_adder_3_bit_2_57.dqdimacs,52,138
./benchmark_tests/original/Biere/adder_3_2/pec_adder_3_bit_2_57.dqdimacs,53,139
./benchmark_tests/original/Biere/adder_3_2/pec_adder_3_bit_2_57.dqdimacs,54,139
./benchmark_tests/original/Biere/adder_3_2/pec_adder_3_bit_2_57.dqdimacs,55,138
./benchmark_tests/original/Biere/adder_3_2/pec_adder_3_bit_2_57.dqdimacs,56,138
./benchmark_tests/original/Biere/adder_3_2/pec_adder_3_bit_2_57.dqdimacs,57,138
./benchmark_tests/original/Biere/adder_3_2/pec_adder_3_bit_2_57.dqdimacs,58,139
./benchmark_tests/original/Biere/adder_3_2/pec_adder_3_bit_2_57.dqdimacs,59,139
./benchmark_tests/original/Biere/adder_3_2/pec_adder_3_bit_2_57.dqdimacs,60,138
./benchmark_tests/original/Biere/adder_3_2/pec_adder_3_bit_2_57.dqdimacs,61,138
./benchmark_tests/original/Biere/adder_3_2/pec_adder_3_bit_2_57.dqdimacs,62,139
./benchmark_tests/original/Biere/adder_3_2/pec_adder_3_bit_2_57.dqdimacs,63,139
./benchmark_tests/original/Biere/adder_3_2/pec_adder_3_bit_2_57.dqdimacs,64,139
./benchmark_tests/original/Biere/adder_3_2/pec_adder_3_bit_2_57.dqdimacs,65,139
./benchmark_tests/original/Biere/adder_3_2/pec_adder_3_bit_2_57.dqdimacs,66,139
./benchmark_tests/original/Biere/adder_3_2/pec_adder_3_bit_2_57.dqdimacs,67,140
./benchmark_tests/original/Biere/adder_3_2/pec_adder_3_bit_2_57.dqdimacs,68,140
./benchmark_tests/original/Biere/adder_3_2/pec_adder_3_bit_2_57.dqdimacs,69,139
./benchmark_tests/original/Biere/adder_3_2/pec_adder_3_bit_2_58.dqdimacs,4,355
./benchmark_tests/original/Biere/adder_3_2/pec_adder_3_bit_2_58.dqdimacs,5,305
./benchmark_tests/original/Biere/adder_3_2/pec_adder_3_bit_2_58.dqdimacs,6,307
./benchmark_tests/original/Biere/adder_3_2/pec_adder_3_bit_2_58.dqdimacs,10,304
./benchmark_tests/original/Biere/adder_3_2/pec_adder_3_bit_2_58.dqdimacs,11,303
./benchmark_tests/original/Biere/adder_3_2/pec_adder_3_bit_2_58.dqdimacs,12,272
./benchmark_tests/original/Biere/adder_3_2/pec_adder_3_bit_2_58.dqdimacs,13,231
./benchmark_tests/original/Biere/adder_3_2/pec_adder_3_bit_2_58.dqdimacs,17,195
./benchmark_tests/original/Biere/adder_3_2/pec_adder_3_bit_2_58.dqdimacs,18,171
./benchmark_tests/original/Biere/adder_3_2/pec_adder_3_bit_2_58.dqdimacs,19,162
./benchmark_tests/original/Biere/adder_3_2/pec_adder_3_bit_2_58.dqdimacs,20,163
./benchmark_tests/original/Biere/adder_3_2/pec_adder_3_bit_2_58.dqdimacs,22,164
./benchmark_tests/original/Biere/adder_3_2/pec_adder_3_bit_2_58.dqdimacs,23,164
./benchmark_tests/original/Biere/adder_3_2/pec_adder_3_bit_2_58.dqdimacs,24,164
./benchmark_tests/original/Biere/adder_3_2/pec_adder_3_bit_2_58.dqdimacs,25,164
./benchmark_tests/original/Biere/adder_3_2/pec_adder_3_bit_2_58.dqdimacs,26,163
./benchmark_tests/original/Biere/adder_3_2/pec_adder_3_bit_2_58.dqdimacs,27,165
./benchmark_tests/original/Biere/adder_3_2/pec_adder_3_bit_2_58.dqdimacs,29,164
./benchmark_tests/original/Biere/adder_3_2/pec_adder_3_bit_2_58.dqdimacs,30,164
./benchmark_tests/original/Biere/adder_3_2/pec_adder_3_bit_2_58.dqdimacs,31,165
./benchmark_tests/original/Biere/adder_3_2/pec_adder_3_bit_2_58.dqdimacs,33,163
./benchmark_tests/original/Biere/adder_3_2/pec_adder_3_bit_2_58.dqdimacs,34,163
./benchmark_tests/original/Biere/adder_3_2/pec_adder_3_bit_2_58.dqdimacs,35,166
./benchmark_tests/original/Biere/adder_3_2/pec_adder_3_bit_2_58.dqdimacs,37,163
./benchmark_tests/original/Biere/adder_3_2/pec_adder_3_bit_2_58.dqdimacs,38,164
./benchmark_tests/original/Biere/adder_3_2/pec_adder_3_bit_2_58.dqdimacs,39,166
./benchmark_tests/original/Biere/adder_3_2/pec_adder_3_bit_2_58.dqdimacs,41,164
./benchmark_tests/original/Biere/adder_3_2/pec_adder_3_bit_2_58.dqdimacs,42,162
./benchmark_tests/original/Biere/adder_3_2/pec_adder_3_bit_2_58.dqdimacs,43,165
./benchmark_tests/original/Biere/adder_3_2/pec_adder_3_bit_2_58.dqdimacs,44,162
./benchmark_tests/original/Biere/adder_3_2/pec_adder_3_bit_2_58.dqdimacs,45,164
./benchmark_tests/original/Biere/adder_3_2/pec_adder_3_bit_2_58.dqdimacs,46,164
./benchmark_tests/original/Biere/adder_3_2/pec_adder_3_bit_2_58.dqdimacs,47,166
./benchmark_tests/original/Biere/adder_3_2/pec_adder_3_bit_2_58.dqdimacs,48,163
./benchmark_tests/original/Biere/adder_3_2/pec_adder_3_bit_2_58.dqdimacs,49,164
./benchmark_tests/original/Biere/adder_3_2/pec_adder_3_bit_2_58.dqdimacs,50,164
./benchmark_tests/original/Biere/adder_3_2/pec_adder_3_bit_2_58.dqdimacs,51,165
./benchmark_tests/original/Biere/adder_3_2/pec_adder_3_bit_2_58.dqdimacs,52,164
./benchmark_tests/original/Biere/adder_3_2/pec_adder_3_bit_2_58.dqdimacs,53,164
./benchmark_tests/original/Biere/adder_3_2/pec_adder_3_bit_2_58.dqdimacs,54,165
./benchmark_tests/original/Biere/adder_3_2/pec_adder_3_bit_2_58.dqdimacs,55,164
./benchmark_tests/original/Biere/adder_3_2/pec_adder_3_bit_2_58.dqdimacs,56,164
./benchmark_tests/original/Biere/adder_3_2/pec_adder_3_bit_2_58.dqdimacs,57,165
./benchmark_tests/original/Biere/adder_3_2/pec_adder_3_bit_2_58.dqdimacs,58,165
./benchmark_tests/original/Biere/adder_3_2/pec_adder_3_bit_2_58.dqdimacs,59,164
./benchmark_tests/original/Biere/adder_3_2/pec_adder_3_bit_2_58.dqdimacs,60,162
./benchmark_tests/original/Biere/adder_3_2/pec_adder_3_bit_2_58.dqdimacs,61,164
./benchmark_tests/original/Biere/adder_3_2/pec_adder_3_bit_2_58.dqdimacs,62,164
./benchmark_tests/original/Biere/adder_3_2/pec_adder_3_bit_2_58.dqdimacs,63,164
./benchmark_tests/original/Biere/adder_3_2/pec_adder_3_bit_2_58.dqdimacs,64,164
./benchmark_tests/original/Biere/adder_3_2/pec_adder_3_bit_2_58.dqdimacs,65,163
./benchmark_tests/original/Biere/adder_3_2/pec_adder_3_bit_2_58.dqdimacs,66,164
./benchmark_tests/original/Biere/adder_3_2/pec_adder_3_bit_2_58.dqdimacs,67,163
./benchmark_tests/original/Biere/adder_3_2/pec_adder_3_bit_2_59.dqdimacs,4,325
./benchmark_tests/original/Biere/adder_3_2/pec_adder_3_bit_2_59.dqdimacs,5,365
./benchmark_tests/original/Biere/adder_3_2/pec_adder_3_bit_2_59.dqdimacs,6,301
./benchmark_tests/original/Biere/adder_3_2/pec_adder_3_bit_2_59.dqdimacs,10,298
./benchmark_tests/original/Biere/adder_3_2/pec_adder_3_bit_2_59.dqdimacs,11,295
./benchmark_tests/original/Biere/adder_3_2/pec_adder_3_bit_2_59.dqdimacs,12,263
./benchmark_tests/original/Biere/adder_3_2/pec_adder_3_bit_2_59.dqdimacs,13,225
./benchmark_tests/original/Biere/adder_3_2/pec_adder_3_bit_2_59.dqdimacs,17,189
./benchmark_tests/original/Biere/adder_3_2/pec_adder_3_bit_2_59.dqdimacs,18,166
./benchmark_tests/original/Biere/adder_3_2/pec_adder_3_bit_2_59.dqdimacs,19,158
./benchmark_tests/original/Biere/adder_3_2/pec_adder_3_bit_2_59.dqdimacs,20,159
./benchmark_tests/original/Biere/adder_3_2/pec_adder_3_bit_2_59.dqdimacs,22,157
./benchmark_tests/original/Biere/adder_3_2/pec_adder_3_bit_2_59.dqdimacs,23,158
./benchmark_tests/original/Biere/adder_3_2/pec_adder_3_bit_2_59.dqdimacs,24,157
./benchmark_tests/original/Biere/adder_3_2/pec_adder_3_bit_2_59.dqdimacs,25,157
./benchmark_tests/original/Biere/adder_3_2/pec_adder_3_bit_2_59.dqdimacs,26,159
./benchmark_tests/original/Biere/adder_3_2/pec_adder_3_bit_2_59.dqdimacs,27,158
./benchmark_tests/original/Biere/adder_3_2/pec_adder_3_bit_2_59.dqdimacs,29,163
./benchmark_tests/original/Biere/adder_3_2/pec_adder_3_bit_2_59.dqdimacs,30,169
./benchmark_tests/original/Biere/adder_3_2/pec_adder_3_bit_2_59.dqdimacs,31,171
./benchmark_tests/original/Biere/adder_3_2/pec_adder_3_bit_2_59.dqdimacs,33,169
./benchmark_tests/original/Biere/adder_3_2/pec_adder_3_bit_2_59.dqdimacs,34,169
./benchmark_tests/original/Biere/adder_3_2/pec_adder_3_bit_2_59.dqdimacs,35,171
./benchmark_tests/original/Biere/adder_3_2/pec_adder_3_bit_2_59.dqdimacs,37,169
./benchmark_tests/original/Biere/adder_3_2/pec_adder_3_bit_2_59.dqdimacs,38,169
./benchmark_tests/original/Biere/adder_3_2/pec_adder_3_bit_2_59.dqdimacs,39,171
./benchmark_tests/original/Biere/adder_3_2/pec_adder_3_bit_2_59.dqdimacs,41,169
./benchmark_tests/original/Biere/adder_3_2/pec_adder_3_bit_2_59.dqdimacs,42,169
./benchmark_tests/original/Biere/adder_3_2/pec_adder_3_bit_2_59.dqdimacs,43,170
./benchmark_tests/original/Biere/adder_3_2/pec_adder_3_bit_2_59.dqdimacs,44,170
./benchmark_tests/original/Biere/adder_3_2/pec_adder_3_bit_2_59.dqdimacs,45,172
./benchmark_tests/original/Biere/adder_3_2/pec_adder_3_bit_2_59.dqdimacs,47,169
./benchmark_tests/original/Biere/adder_3_2/pec_adder_3_bit_2_59.dqdimacs,48,169
./benchmark_tests/original/Biere/adder_3_2/pec_adder_3_bit_2_59.dqdimacs,49,172
./benchmark_tests/original/Biere/adder_3_2/pec_adder_3_bit_2_59.dqdimacs,51,169
./benchmark_tests/original/Biere/adder_3_2/pec_adder_3_bit_2_59.dqdimacs,52,169
./benchmark_tests/original/Biere/adder_3_2/pec_adder_3_bit_2_59.dqdimacs,53,172
./benchmark_tests/original/Biere/adder_3_2/pec_adder_3_bit_2_59.dqdimacs,54,169
./benchmark_tests/original/Biere/adder_3_2/pec_adder_3_bit_2_59.dqdimacs,55,169
./benchmark_tests/original/Biere/adder_3_2/pec_adder_3_bit_2_59.dqdimacs,56,169
./benchmark_tests/original/Biere/adder_3_2/pec_adder_3_bit_2_59.dqdimacs,57,170
./benchmark_tests/original/Biere/adder_3_2/pec_adder_3_bit_2_59.dqdimacs,58,170
./benchmark_tests/original/Biere/adder_3_2/pec_adder_3_bit_2_59.dqdimacs,59,171
./benchmark_tests/original/Biere/adder_3_2/pec_adder_3_bit_2_59.dqdimacs,60,170
./benchmark_tests/original/Biere/adder_3_2/pec_adder_3_bit_2_59.dqdimacs,61,170
./benchmark_tests/original/Biere/adder_3_2/pec_adder_3_bit_2_59.dqdimacs,62,170
./benchmark_tests/original/Biere/adder_3_2/pec_adder_3_bit_2_59.dqdimacs,63,172
./benchmark_tests/original/Biere/adder_3_2/pec_adder_3_bit_2_59.dqdimacs,64,169
./benchmark_tests/original/Biere/adder_3_2/pec_adder_3_bit_2_59.dqdimacs,65,170
./benchmark_tests/original/Biere/adder_3_2/pec_adder_3_bit_2_59.dqdimacs,66,170
./benchmark_tests/original/Biere/adder_3_2/pec_adder_3_bit_2_59.dqdimacs,67,170
./benchmark_tests/original/Biere/adder_3_2/pec_adder_3_bit_2_59.dqdimacs,68,172
./benchmark_tests/original/Biere/adder_3_2/pec_adder_3_bit_2_59.dqdimacs,69,170
./benchmark_tests/original/Biere/adder_3_2/pec_adder_3_bit_2_59.dqdimacs,70,173
./benchmark_tests/original/Biere/adder_3_2/pec_adder_3_bit_2_59.dqdimacs,71,173
./benchmark_tests/original/Biere/adder_3_2/pec_adder_3_bit_2_59.dqdimacs,72,170
./benchmark_tests/original/Biere/adder_3_2/pec_adder_3_bit_2_5.dqdimacs,4,299
./benchmark_tests/original/Biere/adder_3_2/pec_adder_3_bit_2_5.dqdimacs,5,252
./benchmark_tests/original/Biere/adder_3_2/pec_adder_3_bit_2_5.dqdimacs,6,251
./benchmark_tests/original/Biere/adder_3_2/pec_adder_3_bit_2_5.dqdimacs,10,250
./benchmark_tests/original/Biere/adder_3_2/pec_adder_3_bit_2_5.dqdimacs,11,251
./benchmark_tests/original/Biere/adder_3_2/pec_adder_3_bit_2_5.dqdimacs,12,247
./benchmark_tests/original/Biere/adder_3_2/pec_adder_3_bit_2_5.dqdimacs,13,228
./benchmark_tests/original/Biere/adder_3_2/pec_adder_3_bit_2_5.dqdimacs,17,200
./benchmark_tests/original/Biere/adder_3_2/pec_adder_3_bit_2_5.dqdimacs,18,174
./benchmark_tests/original/Biere/adder_3_2/pec_adder_3_bit_2_5.dqdimacs,19,153
./benchmark_tests/original/Biere/adder_3_2/pec_adder_3_bit_2_5.dqdimacs,20,139
./benchmark_tests/original/Biere/adder_3_2/pec_adder_3_bit_2_5.dqdimacs,22,134
./benchmark_tests/original/Biere/adder_3_2/pec_adder_3_bit_2_5.dqdimacs,23,133
./benchmark_tests/original/Biere/adder_3_2/pec_adder_3_bit_2_5.dqdimacs,24,133
./benchmark_tests/original/Biere/adder_3_2/pec_adder_3_bit_2_5.dqdimacs,25,134
./benchmark_tests/original/Biere/adder_3_2/pec_adder_3_bit_2_5.dqdimacs,26,133
./benchmark_tests/original/Biere/adder_3_2/pec_adder_3_bit_2_5.dqdimacs,27,135
./benchmark_tests/original/Biere/adder_3_2/pec_adder_3_bit_2_5.dqdimacs,29,133
./benchmark_tests/original/Biere/adder_3_2/pec_adder_3_bit_2_5.dqdimacs,30,133
./benchmark_tests/original/Biere/adder_3_2/pec_adder_3_bit_2_5.dqdimacs,31,136
./benchmark_tests/original/Biere/adder_3_2/pec_adder_3_bit_2_5.dqdimacs,33,133
./benchmark_tests/original/Biere/adder_3_2/pec_adder_3_bit_2_5.dqdimacs,34,133
./benchmark_tests/original/Biere/adder_3_2/pec_adder_3_bit_2_5.dqdimacs,35,136
./benchmark_tests/original/Biere/adder_3_2/pec_adder_3_bit_2_5.dqdimacs,37,133
./benchmark_tests/original/Biere/adder_3_2/pec_adder_3_bit_2_5.dqdimacs,38,134
./benchmark_tests/original/Biere/adder_3_2/pec_adder_3_bit_2_5.dqdimacs,39,133
./benchmark_tests/original/Biere/adder_3_2/pec_adder_3_bit_2_5.dqdimacs,40,134
./benchmark_tests/original/Biere/adder_3_2/pec_adder_3_bit_2_5.dqdimacs,41,135
./benchmark_tests/original/Biere/adder_3_2/pec_adder_3_bit_2_5.dqdimacs,42,134
./benchmark_tests/original/Biere/adder_3_2/pec_adder_3_bit_2_5.dqdimacs,43,136
./benchmark_tests/original/Biere/adder_3_2/pec_adder_3_bit_2_5.dqdimacs,45,133
./benchmark_tests/original/Biere/adder_3_2/pec_adder_3_bit_2_5.dqdimacs,46,134
./benchmark_tests/original/Biere/adder_3_2/pec_adder_3_bit_2_5.dqdimacs,47,136
./benchmark_tests/original/Biere/adder_3_2/pec_adder_3_bit_2_5.dqdimacs,49,134
./benchmark_tests/original/Biere/adder_3_2/pec_adder_3_bit_2_5.dqdimacs,50,134
./benchmark_tests/original/Biere/adder_3_2/pec_adder_3_bit_2_5.dqdimacs,51,136
./benchmark_tests/original/Biere/adder_3_2/pec_adder_3_bit_2_5.dqdimacs,52,134
./benchmark_tests/original/Biere/adder_3_2/pec_adder_3_bit_2_5.dqdimacs,53,134
./benchmark_tests/original/Biere/adder_3_2/pec_adder_3_bit_2_5.dqdimacs,54,135
./benchmark_tests/original/Biere/adder_3_2/pec_adder_3_bit_2_5.dqdimacs,55,134
./benchmark_tests/original/Biere/adder_3_2/pec_adder_3_bit_2_5.dqdimacs,56,134
./benchmark_tests/original/Biere/adder_3_2/pec_adder_3_bit_2_5.dqdimacs,57,133
./benchmark_tests/original/Biere/adder_3_2/pec_adder_3_bit_2_5.dqdimacs,58,134
./benchmark_tests/original/Biere/adder_3_2/pec_adder_3_bit_2_5.dqdimacs,59,133
./benchmark_tests/original/Biere/adder_3_2/pec_adder_3_bit_2_5.dqdimacs,60,134
./benchmark_tests/original/Biere/adder_3_2/pec_adder_3_bit_2_5.dqdimacs,61,133
./benchmark_tests/original/Biere/adder_3_2/pec_adder_3_bit_2_5.dqdimacs,62,133
./benchmark_tests/original/Biere/adder_3_2/pec_adder_3_bit_2_5.dqdimacs,63,133
./benchmark_tests/original/Biere/adder_3_2/pec_adder_3_bit_2_5.dqdimacs,64,133
./benchmark_tests/original/Biere/adder_3_2/pec_adder_3_bit_2_5.dqdimacs,65,132
./benchmark_tests/original/Biere/adder_3_2/pec_adder_3_bit_2_5.dqdimacs,66,132
./benchmark_tests/original/Biere/adder_3_2/pec_adder_3_bit_2_5.dqdimacs,67,133
./benchmark_tests/original/Biere/adder_3_2/pec_adder_3_bit_2_5.dqdimacs,68,134
./benchmark_tests/original/Biere/adder_3_2/pec_adder_3_bit_2_5.dqdimacs,69,133
./benchmark_tests/original/Biere/adder_3_2/pec_adder_3_bit_2_60.dqdimacs,4,390
./benchmark_tests/original/Biere/adder_3_2/pec_adder_3_bit_2_60.dqdimacs,5,343
./benchmark_tests/original/Biere/adder_3_2/pec_adder_3_bit_2_60.dqdimacs,6,344
./benchmark_tests/original/Biere/adder_3_2/pec_adder_3_bit_2_60.dqdimacs,10,344
./benchmark_tests/original/Biere/adder_3_2/pec_adder_3_bit_2_60.dqdimacs,11,323
./benchmark_tests/original/Biere/adder_3_2/pec_adder_3_bit_2_60.dqdimacs,12,272
./benchmark_tests/original/Biere/adder_3_2/pec_adder_3_bit_2_60.dqdimacs,13,224
./benchmark_tests/original/Biere/adder_3_2/pec_adder_3_bit_2_60.dqdimacs,17,192
./benchmark_tests/original/Biere/adder_3_2/pec_adder_3_bit_2_60.dqdimacs,18,180
./benchmark_tests/original/Biere/adder_3_2/pec_adder_3_bit_2_60.dqdimacs,19,180
./benchmark_tests/original/Biere/adder_3_2/pec_adder_3_bit_2_60.dqdimacs,20,181
./benchmark_tests/original/Biere/adder_3_2/pec_adder_3_bit_2_60.dqdimacs,22,181
./benchmark_tests/original/Biere/adder_3_2/pec_adder_3_bit_2_60.dqdimacs,23,180
./benchmark_tests/original/Biere/adder_3_2/pec_adder_3_bit_2_60.dqdimacs,24,180
./benchmark_tests/original/Biere/adder_3_2/pec_adder_3_bit_2_60.dqdimacs,25,180
./benchmark_tests/original/Biere/adder_3_2/pec_adder_3_bit_2_60.dqdimacs,26,182
./benchmark_tests/original/Biere/adder_3_2/pec_adder_3_bit_2_60.dqdimacs,27,181
./benchmark_tests/original/Biere/adder_3_2/pec_adder_3_bit_2_60.dqdimacs,29,180
./benchmark_tests/original/Biere/adder_3_2/pec_adder_3_bit_2_60.dqdimacs,30,180
./benchmark_tests/original/Biere/adder_3_2/pec_adder_3_bit_2_60.dqdimacs,31,185
./benchmark_tests/original/Biere/adder_3_2/pec_adder_3_bit_2_60.dqdimacs,33,181
./benchmark_tests/original/Biere/adder_3_2/pec_adder_3_bit_2_60.dqdimacs,34,181
./benchmark_tests/original/Biere/adder_3_2/pec_adder_3_bit_2_60.dqdimacs,35,184
./benchmark_tests/original/Biere/adder_3_2/pec_adder_3_bit_2_60.dqdimacs,37,180
./benchmark_tests/original/Biere/adder_3_2/pec_adder_3_bit_2_60.dqdimacs,38,182
./benchmark_tests/original/Biere/adder_3_2/pec_adder_3_bit_2_60.dqdimacs,39,185
./benchmark_tests/original/Biere/adder_3_2/pec_adder_3_bit_2_60.dqdimacs,41,182
./benchmark_tests/original/Biere/adder_3_2/pec_adder_3_bit_2_60.dqdimacs,42,182
./benchmark_tests/original/Biere/adder_3_2/pec_adder_3_bit_2_60.dqdimacs,43,185
./benchmark_tests/original/Biere/adder_3_2/pec_adder_3_bit_2_60.dqdimacs,45,182
./benchmark_tests/original/Biere/adder_3_2/pec_adder_3_bit_2_60.dqdimacs,46,182
./benchmark_tests/original/Biere/adder_3_2/pec_adder_3_bit_2_60.dqdimacs,47,185
./benchmark_tests/original/Biere/adder_3_2/pec_adder_3_bit_2_60.dqdimacs,49,179
./benchmark_tests/original/Biere/adder_3_2/pec_adder_3_bit_2_60.dqdimacs,50,180
./benchmark_tests/original/Biere/adder_3_2/pec_adder_3_bit_2_60.dqdimacs,51,180
./benchmark_tests/original/Biere/adder_3_2/pec_adder_3_bit_2_60.dqdimacs,52,180
./benchmark_tests/original/Biere/adder_3_2/pec_adder_3_bit_2_60.dqdimacs,53,180
./benchmark_tests/original/Biere/adder_3_2/pec_adder_3_bit_2_60.dqdimacs,54,182
./benchmark_tests/original/Biere/adder_3_2/pec_adder_3_bit_2_60.dqdimacs,55,180
./benchmark_tests/original/Biere/adder_3_2/pec_adder_3_bit_2_60.dqdimacs,56,182
./benchmark_tests/original/Biere/adder_3_2/pec_adder_3_bit_2_60.dqdimacs,57,181
./benchmark_tests/original/Biere/adder_3_2/pec_adder_3_bit_2_60.dqdimacs,58,181
./benchmark_tests/original/Biere/adder_3_2/pec_adder_3_bit_2_60.dqdimacs,59,181
./benchmark_tests/original/Biere/adder_3_2/pec_adder_3_bit_2_60.dqdimacs,60,182
./benchmark_tests/original/Biere/adder_3_2/pec_adder_3_bit_2_60.dqdimacs,61,182
./benchmark_tests/original/Biere/adder_3_2/pec_adder_3_bit_2_60.dqdimacs,62,182
./benchmark_tests/original/Biere/adder_3_2/pec_adder_3_bit_2_60.dqdimacs,63,182
./benchmark_tests/original/Biere/adder_3_2/pec_adder_3_bit_2_60.dqdimacs,64,183
./benchmark_tests/original/Biere/adder_3_2/pec_adder_3_bit_2_60.dqdimacs,65,181
./benchmark_tests/original/Biere/adder_3_2/pec_adder_3_bit_2_60.dqdimacs,66,182
./benchmark_tests/original/Biere/adder_3_2/pec_adder_3_bit_2_60.dqdimacs,67,181
./benchmark_tests/original/Biere/adder_3_2/pec_adder_3_bit_2_60.dqdimacs,68,182
./benchmark_tests/original/Biere/adder_3_2/pec_adder_3_bit_2_60.dqdimacs,69,182
./benchmark_tests/original/Biere/adder_3_2/pec_adder_3_bit_2_60.dqdimacs,70,182
./benchmark_tests/original/Biere/adder_3_2/pec_adder_3_bit_2_60.dqdimacs,71,182
./benchmark_tests/original/Biere/adder_3_2/pec_adder_3_bit_2_60.dqdimacs,72,183
./benchmark_tests/original/Biere/adder_3_2/pec_adder_3_bit_2_60.dqdimacs,73,181
./benchmark_tests/original/Biere/adder_3_2/pec_adder_3_bit_2_61.dqdimacs,4,302
./benchmark_tests/original/Biere/adder_3_2/pec_adder_3_bit_2_61.dqdimacs,5,252
./benchmark_tests/original/Biere/adder_3_2/pec_adder_3_bit_2_61.dqdimacs,6,250
./benchmark_tests/original/Biere/adder_3_2/pec_adder_3_bit_2_61.dqdimacs,10,249
./benchmark_tests/original/Biere/adder_3_2/pec_adder_3_bit_2_61.dqdimacs,11,249
./benchmark_tests/original/Biere/adder_3_2/pec_adder_3_bit_2_61.dqdimacs,12,247
./benchmark_tests/original/Biere/adder_3_2/pec_adder_3_bit_2_61.dqdimacs,13,224
./benchmark_tests/original/Biere/adder_3_2/pec_adder_3_bit_2_61.dqdimacs,17,198
./benchmark_tests/original/Biere/adder_3_2/pec_adder_3_bit_2_61.dqdimacs,18,173
./benchmark_tests/original/Biere/adder_3_2/pec_adder_3_bit_2_61.dqdimacs,19,154
./benchmark_tests/original/Biere/adder_3_2/pec_adder_3_bit_2_61.dqdimacs,20,139
./benchmark_tests/original/Biere/adder_3_2/pec_adder_3_bit_2_61.dqdimacs,22,133
./benchmark_tests/original/Biere/adder_3_2/pec_adder_3_bit_2_61.dqdimacs,23,133
./benchmark_tests/original/Biere/adder_3_2/pec_adder_3_bit_2_61.dqdimacs,24,133
./benchmark_tests/original/Biere/adder_3_2/pec_adder_3_bit_2_61.dqdimacs,25,134
./benchmark_tests/original/Biere/adder_3_2/pec_adder_3_bit_2_61.dqdimacs,26,133
./benchmark_tests/original/Biere/adder_3_2/pec_adder_3_bit_2_61.dqdimacs,27,135
./benchmark_tests/original/Biere/adder_3_2/pec_adder_3_bit_2_61.dqdimacs,29,132
./benchmark_tests/original/Biere/adder_3_2/pec_adder_3_bit_2_61.dqdimacs,30,132
./benchmark_tests/original/Biere/adder_3_2/pec_adder_3_bit_2_61.dqdimacs,31,133
./benchmark_tests/original/Biere/adder_3_2/pec_adder_3_bit_2_61.dqdimacs,32,133
./benchmark_tests/original/Biere/adder_3_2/pec_adder_3_bit_2_61.dqdimacs,33,136
./benchmark_tests/original/Biere/adder_3_2/pec_adder_3_bit_2_61.dqdimacs,35,134
./benchmark_tests/original/Biere/adder_3_2/pec_adder_3_bit_2_61.dqdimacs,36,134
./benchmark_tests/original/Biere/adder_3_2/pec_adder_3_bit_2_61.dqdimacs,37,134
./benchmark_tests/original/Biere/adder_3_2/pec_adder_3_bit_2_61.dqdimacs,39,132
./benchmark_tests/original/Biere/adder_3_2/pec_adder_3_bit_2_61.dqdimacs,40,133
./benchmark_tests/original/Biere/adder_3_2/pec_adder_3_bit_2_61.dqdimacs,41,133
./benchmark_tests/original/Biere/adder_3_2/pec_adder_3_bit_2_61.dqdimacs,42,133
./benchmark_tests/original/Biere/adder_3_2/pec_adder_3_bit_2_61.dqdimacs,44,133
./benchmark_tests/original/Biere/adder_3_2/pec_adder_3_bit_2_61.dqdimacs,45,133
./benchmark_tests/original/Biere/adder_3_2/pec_adder_3_bit_2_61.dqdimacs,46,133
./benchmark_tests/original/Biere/adder_3_2/pec_adder_3_bit_2_61.dqdimacs,47,134
./benchmark_tests/original/Biere/adder_3_2/pec_adder_3_bit_2_61.dqdimacs,48,135
./benchmark_tests/original/Biere/adder_3_2/pec_adder_3_bit_2_61.dqdimacs,50,133
./benchmark_tests/original/Biere/adder_3_2/pec_adder_3_bit_2_61.dqdimacs,51,133
./benchmark_tests/original/Biere/adder_3_2/pec_adder_3_bit_2_61.dqdimacs,52,133
./benchmark_tests/original/Biere/adder_3_2/pec_adder_3_bit_2_61.dqdimacs,53,133
./benchmark_tests/original/Biere/adder_3_2/pec_adder_3_bit_2_61.dqdimacs,54,133
./benchmark_tests/original/Biere/adder_3_2/pec_adder_3_bit_2_61.dqdimacs,55,133
./benchmark_tests/original/Biere/adder_3_2/pec_adder_3_bit_2_61.dqdimacs,56,132
./benchmark_tests/original/Biere/adder_3_2/pec_adder_3_bit_2_61.dqdimacs,57,133
./benchmark_tests/original/Biere/adder_3_2/pec_adder_3_bit_2_61.dqdimacs,58,132
./benchmark_tests/original/Biere/adder_3_2/pec_adder_3_bit_2_61.dqdimacs,59,132
./benchmark_tests/original/Biere/adder_3_2/pec_adder_3_bit_2_61.dqdimacs,60,134
./benchmark_tests/original/Biere/adder_3_2/pec_adder_3_bit_2_61.dqdimacs,61,132
./benchmark_tests/original/Biere/adder_3_2/pec_adder_3_bit_2_61.dqdimacs,62,133
./benchmark_tests/original/Biere/adder_3_2/pec_adder_3_bit_2_61.dqdimacs,63,131
./benchmark_tests/original/Biere/adder_3_2/pec_adder_3_bit_2_61.dqdimacs,64,133
./benchmark_tests/original/Biere/adder_3_2/pec_adder_3_bit_2_61.dqdimacs,65,133
./benchmark_tests/original/Biere/adder_3_2/pec_adder_3_bit_2_61.dqdimacs,66,133
./benchmark_tests/original/Biere/adder_3_2/pec_adder_3_bit_2_61.dqdimacs,67,133
./benchmark_tests/original/Biere/adder_3_2/pec_adder_3_bit_2_61.dqdimacs,68,133
./benchmark_tests/original/Biere/adder_3_2/pec_adder_3_bit_2_61.dqdimacs,69,133
./benchmark_tests/original/Biere/adder_3_2/pec_adder_3_bit_2_61.dqdimacs,70,133
./benchmark_tests/original/Biere/adder_3_2/pec_adder_3_bit_2_62.dqdimacs,4,547
./benchmark_tests/original/Biere/adder_3_2/pec_adder_3_bit_2_62.dqdimacs,5,593
./benchmark_tests/original/Biere/adder_3_2/pec_adder_3_bit_2_62.dqdimacs,6,533
./benchmark_tests/original/Biere/adder_3_2/pec_adder_3_bit_2_62.dqdimacs,10,427
./benchmark_tests/original/Biere/adder_3_2/pec_adder_3_bit_2_62.dqdimacs,11,326
./benchmark_tests/original/Biere/adder_3_2/pec_adder_3_bit_2_62.dqdimacs,12,290
./benchmark_tests/original/Biere/adder_3_2/pec_adder_3_bit_2_62.dqdimacs,13,290
./benchmark_tests/original/Biere/adder_3_2/pec_adder_3_bit_2_62.dqdimacs,17,289
./benchmark_tests/original/Biere/adder_3_2/pec_adder_3_bit_2_62.dqdimacs,18,292
./benchmark_tests/original/Biere/adder_3_2/pec_adder_3_bit_2_62.dqdimacs,19,289
./benchmark_tests/original/Biere/adder_3_2/pec_adder_3_bit_2_62.dqdimacs,20,292
./benchmark_tests/original/Biere/adder_3_2/pec_adder_3_bit_2_62.dqdimacs,22,289
./benchmark_tests/original/Biere/adder_3_2/pec_adder_3_bit_2_62.dqdimacs,23,291
./benchmark_tests/original/Biere/adder_3_2/pec_adder_3_bit_2_62.dqdimacs,24,292
./benchmark_tests/original/Biere/adder_3_2/pec_adder_3_bit_2_62.dqdimacs,25,289
./benchmark_tests/original/Biere/adder_3_2/pec_adder_3_bit_2_62.dqdimacs,26,288
./benchmark_tests/original/Biere/adder_3_2/pec_adder_3_bit_2_62.dqdimacs,27,290
./benchmark_tests/original/Biere/adder_3_2/pec_adder_3_bit_2_62.dqdimacs,29,287
./benchmark_tests/original/Biere/adder_3_2/pec_adder_3_bit_2_62.dqdimacs,30,291
./benchmark_tests/original/Biere/adder_3_2/pec_adder_3_bit_2_62.dqdimacs,31,293
./benchmark_tests/original/Biere/adder_3_2/pec_adder_3_bit_2_62.dqdimacs,33,291
./benchmark_tests/original/Biere/adder_3_2/pec_adder_3_bit_2_62.dqdimacs,34,290
./benchmark_tests/original/Biere/adder_3_2/pec_adder_3_bit_2_62.dqdimacs,35,289
./benchmark_tests/original/Biere/adder_3_2/pec_adder_3_bit_2_62.dqdimacs,37,289
./benchmark_tests/original/Biere/adder_3_2/pec_adder_3_bit_2_62.dqdimacs,38,288
./benchmark_tests/original/Biere/adder_3_2/pec_adder_3_bit_2_62.dqdimacs,39,292
./benchmark_tests/original/Biere/adder_3_2/pec_adder_3_bit_2_62.dqdimacs,41,283
./benchmark_tests/original/Biere/adder_3_2/pec_adder_3_bit_2_62.dqdimacs,42,284
./benchmark_tests/original/Biere/adder_3_2/pec_adder_3_bit_2_62.dqdimacs,43,290
./benchmark_tests/original/Biere/adder_3_2/pec_adder_3_bit_2_62.dqdimacs,45,283
./benchmark_tests/original/Biere/adder_3_2/pec_adder_3_bit_2_62.dqdimacs,46,285
./benchmark_tests/original/Biere/adder_3_2/pec_adder_3_bit_2_62.dqdimacs,47,290
./benchmark_tests/original/Biere/adder_3_2/pec_adder_3_bit_2_62.dqdimacs,49,285
./benchmark_tests/original/Biere/adder_3_2/pec_adder_3_bit_2_62.dqdimacs,50,287
./benchmark_tests/original/Biere/adder_3_2/pec_adder_3_bit_2_62.dqdimacs,51,288
./benchmark_tests/original/Biere/adder_3_2/pec_adder_3_bit_2_62.dqdimacs,52,287
./benchmark_tests/original/Biere/adder_3_2/pec_adder_3_bit_2_62.dqdimacs,53,292
./benchmark_tests/original/Biere/adder_3_2/pec_adder_3_bit_2_62.dqdimacs,54,289
./benchmark_tests/original/Biere/adder_3_2/pec_adder_3_bit_2_62.dqdimacs,55,286
./benchmark_tests/original/Biere/adder_3_2/pec_adder_3_bit_2_62.dqdimacs,56,288
./benchmark_tests/original/Biere/adder_3_2/pec_adder_3_bit_2_62.dqdimacs,57,288
./benchmark_tests/original/Biere/adder_3_2/pec_adder_3_bit_2_62.dqdimacs,58,288
./benchmark_tests/original/Biere/adder_3_2/pec_adder_3_bit_2_62.dqdimacs,59,288
./benchmark_tests/original/Biere/adder_3_2/pec_adder_3_bit_2_62.dqdimacs,60,291
./benchmark_tests/original/Biere/adder_3_2/pec_adder_3_bit_2_62.dqdimacs,61,289
./benchmark_tests/original/Biere/adder_3_2/pec_adder_3_bit_2_62.dqdimacs,62,292
./benchmark_tests/original/Biere/adder_3_2/pec_adder_3_bit_2_62.dqdimacs,63,290
./benchmark_tests/original/Biere/adder_3_2/pec_adder_3_bit_2_62.dqdimacs,64,285
./benchmark_tests/original/Biere/adder_3_2/pec_adder_3_bit_2_62.dqdimacs,65,286
./benchmark_tests/original/Biere/adder_3_2/pec_adder_3_bit_2_62.dqdimacs,66,291
./benchmark_tests/original/Biere/adder_3_2/pec_adder_3_bit_2_62.dqdimacs,67,284
./benchmark_tests/original/Biere/adder_3_2/pec_adder_3_bit_2_62.dqdimacs,68,284
./benchmark_tests/original/Biere/adder_3_2/pec_adder_3_bit_2_62.dqdimacs,69,285
./benchmark_tests/original/Biere/adder_3_2/pec_adder_3_bit_2_62.dqdimacs,70,287
./benchmark_tests/original/Biere/adder_3_2/pec_adder_3_bit_2_62.dqdimacs,71,286
./benchmark_tests/original/Biere/adder_3_2/pec_adder_3_bit_2_62.dqdimacs,72,285
./benchmark_tests/original/Biere/adder_3_2/pec_adder_3_bit_2_63.dqdimacs,4,594
./benchmark_tests/original/Biere/adder_3_2/pec_adder_3_bit_2_63.dqdimacs,5,539
./benchmark_tests/original/Biere/adder_3_2/pec_adder_3_bit_2_63.dqdimacs,6,537
./benchmark_tests/original/Biere/adder_3_2/pec_adder_3_bit_2_63.dqdimacs,10,428
./benchmark_tests/original/Biere/adder_3_2/pec_adder_3_bit_2_63.dqdimacs,11,327
./benchmark_tests/original/Biere/adder_3_2/pec_adder_3_bit_2_63.dqdimacs,12,293
./benchmark_tests/original/Biere/adder_3_2/pec_adder_3_bit_2_63.dqdimacs,13,293
./benchmark_tests/original/Biere/adder_3_2/pec_adder_3_bit_2_63.dqdimacs,17,288
./benchmark_tests/original/Biere/adder_3_2/pec_adder_3_bit_2_63.dqdimacs,18,291
./benchmark_tests/original/Biere/adder_3_2/pec_adder_3_bit_2_63.dqdimacs,19,289
./benchmark_tests/original/Biere/adder_3_2/pec_adder_3_bit_2_63.dqdimacs,20,291
./benchmark_tests/original/Biere/adder_3_2/pec_adder_3_bit_2_63.dqdimacs,22,288
./benchmark_tests/original/Biere/adder_3_2/pec_adder_3_bit_2_63.dqdimacs,23,290
./benchmark_tests/original/Biere/adder_3_2/pec_adder_3_bit_2_63.dqdimacs,24,292
./benchmark_tests/original/Biere/adder_3_2/pec_adder_3_bit_2_63.dqdimacs,25,291
./benchmark_tests/original/Biere/adder_3_2/pec_adder_3_bit_2_63.dqdimacs,26,292
./benchmark_tests/original/Biere/adder_3_2/pec_adder_3_bit_2_63.dqdimacs,27,294
./benchmark_tests/original/Biere/adder_3_2/pec_adder_3_bit_2_63.dqdimacs,29,290
./benchmark_tests/original/Biere/adder_3_2/pec_adder_3_bit_2_63.dqdimacs,30,288
./benchmark_tests/original/Biere/adder_3_2/pec_adder_3_bit_2_63.dqdimacs,31,293
./benchmark_tests/original/Biere/adder_3_2/pec_adder_3_bit_2_63.dqdimacs,33,291
./benchmark_tests/original/Biere/adder_3_2/pec_adder_3_bit_2_63.dqdimacs,34,294
./benchmark_tests/original/Biere/adder_3_2/pec_adder_3_bit_2_63.dqdimacs,35,296
./benchmark_tests/original/Biere/adder_3_2/pec_adder_3_bit_2_63.dqdimacs,37,290
./benchmark_tests/original/Biere/adder_3_2/pec_adder_3_bit_2_63.dqdimacs,38,290
./benchmark_tests/original/Biere/adder_3_2/pec_adder_3_bit_2_63.dqdimacs,39,295
./benchmark_tests/original/Biere/adder_3_2/pec_adder_3_bit_2_63.dqdimacs,41,291
./benchmark_tests/original/Biere/adder_3_2/pec_adder_3_bit_2_63.dqdimacs,42,289
./benchmark_tests/original/Biere/adder_3_2/pec_adder_3_bit_2_63.dqdimacs,43,292
./benchmark_tests/original/Biere/adder_3_2/pec_adder_3_bit_2_63.dqdimacs,45,289
./benchmark_tests/original/Biere/adder_3_2/pec_adder_3_bit_2_63.dqdimacs,46,292
./benchmark_tests/original/Biere/adder_3_2/pec_adder_3_bit_2_63.dqdimacs,47,291
./benchmark_tests/original/Biere/adder_3_2/pec_adder_3_bit_2_63.dqdimacs,49,290
./benchmark_tests/original/Biere/adder_3_2/pec_adder_3_bit_2_63.dqdimacs,50,290
./benchmark_tests/original/Biere/adder_3_2/pec_adder_3_bit_2_63.dqdimacs,51,288
./benchmark_tests/original/Biere/adder_3_2/pec_adder_3_bit_2_63.dqdimacs,52,292
./benchmark_tests/original/Biere/adder_3_2/pec_adder_3_bit_2_63.dqdimacs,53,292
./benchmark_tests/original/Biere/adder_3_2/pec_adder_3_bit_2_63.dqdimacs,54,290
./benchmark_tests/original/Biere/adder_3_2/pec_adder_3_bit_2_63.dqdimacs,55,290
./benchmark_tests/original/Biere/adder_3_2/pec_adder_3_bit_2_63.dqdimacs,56,293
./benchmark_tests/original/Biere/adder_3_2/pec_adder_3_bit_2_63.dqdimacs,57,294
./benchmark_tests/original/Biere/adder_3_2/pec_adder_3_bit_2_63.dqdimacs,58,294
./benchmark_tests/original/Biere/adder_3_2/pec_adder_3_bit_2_63.dqdimacs,59,294
./benchmark_tests/original/Biere/adder_3_2/pec_adder_3_bit_2_63.dqdimacs,60,293
./benchmark_tests/original/Biere/adder_3_2/pec_adder_3_bit_2_63.dqdimacs,61,290
./benchmark_tests/original/Biere/adder_3_2/pec_adder_3_bit_2_63.dqdimacs,62,289
./benchmark_tests/original/Biere/adder_3_2/pec_adder_3_bit_2_63.dqdimacs,63,290
./benchmark_tests/original/Biere/adder_3_2/pec_adder_3_bit_2_63.dqdimacs,64,294
./benchmark_tests/original/Biere/adder_3_2/pec_adder_3_bit_2_63.dqdimacs,65,293
./benchmark_tests/original/Biere/adder_3_2/pec_adder_3_bit_2_63.dqdimacs,66,294
./benchmark_tests/original/Biere/adder_3_2/pec_adder_3_bit_2_63.dqdimacs,67,293
./benchmark_tests/original/Biere/adder_3_2/pec_adder_3_bit_2_63.dqdimacs,68,291
./benchmark_tests/original/Biere/adder_3_2/pec_adder_3_bit_2_63.dqdimacs,69,294
./benchmark_tests/original/Biere/adder_3_2/pec_adder_3_bit_2_63.dqdimacs,70,291
./benchmark_tests/original/Biere/adder_3_2/pec_adder_3_bit_2_63.dqdimacs,71,291
./benchmark_tests/original/Biere/adder_3_2/pec_adder_3_bit_2_63.dqdimacs,72,293
./benchmark_tests/original/Biere/adder_3_2/pec_adder_3_bit_2_64.dqdimacs,4,341
./benchmark_tests/original/Biere/adder_3_2/pec_adder_3_bit_2_64.dqdimacs,5,381
./benchmark_tests/original/Biere/adder_3_2/pec_adder_3_bit_2_64.dqdimacs,6,315
./benchmark_tests/original/Biere/adder_3_2/pec_adder_3_bit_2_64.dqdimacs,10,316
./benchmark_tests/original/Biere/adder_3_2/pec_adder_3_bit_2_64.dqdimacs,11,304
./benchmark_tests/original/Biere/adder_3_2/pec_adder_3_bit_2_64.dqdimacs,12,263
./benchmark_tests/original/Biere/adder_3_2/pec_adder_3_bit_2_64.dqdimacs,13,222
./benchmark_tests/original/Biere/adder_3_2/pec_adder_3_bit_2_64.dqdimacs,17,190
./benchmark_tests/original/Biere/adder_3_2/pec_adder_3_bit_2_64.dqdimacs,18,168
./benchmark_tests/original/Biere/adder_3_2/pec_adder_3_bit_2_64.dqdimacs,19,167
./benchmark_tests/original/Biere/adder_3_2/pec_adder_3_bit_2_64.dqdimacs,20,168
./benchmark_tests/original/Biere/adder_3_2/pec_adder_3_bit_2_64.dqdimacs,22,167
./benchmark_tests/original/Biere/adder_3_2/pec_adder_3_bit_2_64.dqdimacs,23,166
./benchmark_tests/original/Biere/adder_3_2/pec_adder_3_bit_2_64.dqdimacs,24,168
./benchmark_tests/original/Biere/adder_3_2/pec_adder_3_bit_2_64.dqdimacs,25,168
./benchmark_tests/original/Biere/adder_3_2/pec_adder_3_bit_2_64.dqdimacs,26,165
./benchmark_tests/original/Biere/adder_3_2/pec_adder_3_bit_2_64.dqdimacs,27,168
./benchmark_tests/original/Biere/adder_3_2/pec_adder_3_bit_2_64.dqdimacs,29,168
./benchmark_tests/original/Biere/adder_3_2/pec_adder_3_bit_2_64.dqdimacs,30,166
./benchmark_tests/original/Biere/adder_3_2/pec_adder_3_bit_2_64.dqdimacs,31,175
./benchmark_tests/original/Biere/adder_3_2/pec_adder_3_bit_2_64.dqdimacs,33,166
./benchmark_tests/original/Biere/adder_3_2/pec_adder_3_bit_2_64.dqdimacs,34,165
./benchmark_tests/original/Biere/adder_3_2/pec_adder_3_bit_2_64.dqdimacs,35,170
./benchmark_tests/original/Biere/adder_3_2/pec_adder_3_bit_2_64.dqdimacs,37,165
./benchmark_tests/original/Biere/adder_3_2/pec_adder_3_bit_2_64.dqdimacs,38,164
./benchmark_tests/original/Biere/adder_3_2/pec_adder_3_bit_2_64.dqdimacs,39,166
./benchmark_tests/original/Biere/adder_3_2/pec_adder_3_bit_2_64.dqdimacs,41,162
./benchmark_tests/original/Biere/adder_3_2/pec_adder_3_bit_2_64.dqdimacs,42,164
./benchmark_tests/original/Biere/adder_3_2/pec_adder_3_bit_2_64.dqdimacs,43,165
./benchmark_tests/original/Biere/adder_3_2/pec_adder_3_bit_2_64.dqdimacs,44,164
./benchmark_tests/original/Biere/adder_3_2/pec_adder_3_bit_2_64.dqdimacs,45,165
./benchmark_tests/original/Biere/adder_3_2/pec_adder_3_bit_2_64.dqdimacs,46,165
./benchmark_tests/original/Biere/adder_3_2/pec_adder_3_bit_2_64.dqdimacs,47,168
./benchmark_tests/original/Biere/adder_3_2/pec_adder_3_bit_2_64.dqdimacs,49,165
./benchmark_tests/original/Biere/adder_3_2/pec_adder_3_bit_2_64.dqdimacs,50,164
./benchmark_tests/original/Biere/adder_3_2/pec_adder_3_bit_2_64.dqdimacs,51,167
./benchmark_tests/original/Biere/adder_3_2/pec_adder_3_bit_2_64.dqdimacs,52,164
./benchmark_tests/original/Biere/adder_3_2/pec_adder_3_bit_2_64.dqdimacs,53,163
./benchmark_tests/original/Biere/adder_3_2/pec_adder_3_bit_2_64.dqdimacs,54,165
./benchmark_tests/original/Biere/adder_3_2/pec_adder_3_bit_2_64.dqdimacs,55,164
./benchmark_tests/original/Biere/adder_3_2/pec_adder_3_bit_2_64.dqdimacs,56,164
./benchmark_tests/original/Biere/adder_3_2/pec_adder_3_bit_2_64.dqdimacs,57,164
./benchmark_tests/original/Biere/adder_3_2/pec_adder_3_bit_2_64.dqdimacs,58,164
./benchmark_tests/original/Biere/adder_3_2/pec_adder_3_bit_2_64.dqdimacs,59,162
./benchmark_tests/original/Biere/adder_3_2/pec_adder_3_bit_2_64.dqdimacs,60,163
./benchmark_tests/original/Biere/adder_3_2/pec_adder_3_bit_2_64.dqdimacs,61,166
./benchmark_tests/original/Biere/adder_3_2/pec_adder_3_bit_2_64.dqdimacs,62,165
./benchmark_tests/original/Biere/adder_3_2/pec_adder_3_bit_2_64.dqdimacs,63,165
./benchmark_tests/original/Biere/adder_3_2/pec_adder_3_bit_2_64.dqdimacs,64,165
./benchmark_tests/original/Biere/adder_3_2/pec_adder_3_bit_2_64.dqdimacs,65,164
./benchmark_tests/original/Biere/adder_3_2/pec_adder_3_bit_2_64.dqdimacs,66,164
./benchmark_tests/original/Biere/adder_3_2/pec_adder_3_bit_2_64.dqdimacs,67,164
./benchmark_tests/original/Biere/adder_3_2/pec_adder_3_bit_2_64.dqdimacs,68,165
./benchmark_tests/original/Biere/adder_3_2/pec_adder_3_bit_2_64.dqdimacs,69,164
./benchmark_tests/original/Biere/adder_3_2/pec_adder_3_bit_2_65.dqdimacs,4,158
./benchmark_tests/original/Biere/adder_3_2/pec_adder_3_bit_2_65.dqdimacs,5,197
./benchmark_tests/original/Biere/adder_3_2/pec_adder_3_bit_2_65.dqdimacs,6,128
./benchmark_tests/original/Biere/adder_3_2/pec_adder_3_bit_2_65.dqdimacs,10,128
./benchmark_tests/original/Biere/adder_3_2/pec_adder_3_bit_2_65.dqdimacs,11,127
./benchmark_tests/original/Biere/adder_3_2/pec_adder_3_bit_2_65.dqdimacs,12,126
./benchmark_tests/original/Biere/adder_3_2/pec_adder_3_bit_2_65.dqdimacs,13,127
./benchmark_tests/original/Biere/adder_3_2/pec_adder_3_bit_2_65.dqdimacs,17,129
./benchmark_tests/original/Biere/adder_3_2/pec_adder_3_bit_2_65.dqdimacs,18,126
./benchmark_tests/original/Biere/adder_3_2/pec_adder_3_bit_2_65.dqdimacs,19,129
./benchmark_tests/original/Biere/adder_3_2/pec_adder_3_bit_2_65.dqdimacs,20,129
./benchmark_tests/original/Biere/adder_3_2/pec_adder_3_bit_2_65.dqdimacs,22,120
./benchmark_tests/original/Biere/adder_3_2/pec_adder_3_bit_2_65.dqdimacs,23,115
./benchmark_tests/original/Biere/adder_3_2/pec_adder_3_bit_2_65.dqdimacs,24,108
./benchmark_tests/original/Biere/adder_3_2/pec_adder_3_bit_2_65.dqdimacs,25,113
./benchmark_tests/original/Biere/adder_3_2/pec_adder_3_bit_2_65.dqdimacs,26,111
./benchmark_tests/original/Biere/adder_3_2/pec_adder_3_bit_2_65.dqdimacs,27,103
./benchmark_tests/original/Biere/adder_3_2/pec_adder_3_bit_2_65.dqdimacs,29,95
./benchmark_tests/original/Biere/adder_3_2/pec_adder_3_bit_2_65.dqdimacs,30,89
./benchmark_tests/original/Biere/adder_3_2/pec_adder_3_bit_2_65.dqdimacs,31,84
./benchmark_tests/original/Biere/adder_3_2/pec_adder_3_bit_2_65.dqdimacs,33,82
./benchmark_tests/original/Biere/adder_3_2/pec_adder_3_bit_2_65.dqdimacs,34,82
./benchmark_tests/original/Biere/adder_3_2/pec_adder_3_bit_2_65.dqdimacs,35,83
./benchmark_tests/original/Biere/adder_3_2/pec_adder_3_bit_2_65.dqdimacs,36,83
./benchmark_tests/original/Biere/adder_3_2/pec_adder_3_bit_2_65.dqdimacs,37,83
./benchmark_tests/original/Biere/adder_3_2/pec_adder_3_bit_2_65.dqdimacs,38,82
./benchmark_tests/original/Biere/adder_3_2/pec_adder_3_bit_2_65.dqdimacs,39,83
./benchmark_tests/original/Biere/adder_3_2/pec_adder_3_bit_2_65.dqdimacs,40,83
./benchmark_tests/original/Biere/adder_3_2/pec_adder_3_bit_2_65.dqdimacs,41,81
./benchmark_tests/original/Biere/adder_3_2/pec_adder_3_bit_2_65.dqdimacs,42,81
./benchmark_tests/original/Biere/adder_3_2/pec_adder_3_bit_2_65.dqdimacs,43,81
./benchmark_tests/original/Biere/adder_3_2/pec_adder_3_bit_2_65.dqdimacs,44,83
./benchmark_tests/original/Biere/adder_3_2/pec_adder_3_bit_2_65.dqdimacs,45,83
./benchmark_tests/original/Biere/adder_3_2/pec_adder_3_bit_2_65.dqdimacs,46,83
./benchmark_tests/original/Biere/adder_3_2/pec_adder_3_bit_2_65.dqdimacs,47,83
./benchmark_tests/original/Biere/adder_3_2/pec_adder_3_bit_2_65.dqdimacs,48,81
./benchmark_tests/original/Biere/adder_3_2/pec_adder_3_bit_2_65.dqdimacs,49,83
./benchmark_tests/original/Biere/adder_3_2/pec_adder_3_bit_2_65.dqdimacs,50,82
./benchmark_tests/original/Biere/adder_3_2/pec_adder_3_bit_2_65.dqdimacs,51,81
./benchmark_tests/original/Biere/adder_3_2/pec_adder_3_bit_2_65.dqdimacs,52,81
./benchmark_tests/original/Biere/adder_3_2/pec_adder_3_bit_2_65.dqdimacs,53,81
./benchmark_tests/original/Biere/adder_3_2/pec_adder_3_bit_2_65.dqdimacs,54,82
./benchmark_tests/original/Biere/adder_3_2/pec_adder_3_bit_2_65.dqdimacs,55,83
./benchmark_tests/original/Biere/adder_3_2/pec_adder_3_bit_2_65.dqdimacs,56,82
./benchmark_tests/original/Biere/adder_3_2/pec_adder_3_bit_2_65.dqdimacs,57,84
./benchmark_tests/original/Biere/adder_3_2/pec_adder_3_bit_2_65.dqdimacs,58,82
./benchmark_tests/original/Biere/adder_3_2/pec_adder_3_bit_2_66.dqdimacs,4,249
./benchmark_tests/original/Biere/adder_3_2/pec_adder_3_bit_2_66.dqdimacs,5,282
./benchmark_tests/original/Biere/adder_3_2/pec_adder_3_bit_2_66.dqdimacs,6,221
./benchmark_tests/original/Biere/adder_3_2/pec_adder_3_bit_2_66.dqdimacs,10,220
./benchmark_tests/original/Biere/adder_3_2/pec_adder_3_bit_2_66.dqdimacs,11,222
./benchmark_tests/original/Biere/adder_3_2/pec_adder_3_bit_2_66.dqdimacs,12,220
./benchmark_tests/original/Biere/adder_3_2/pec_adder_3_bit_2_66.dqdimacs,13,213
./benchmark_tests/original/Biere/adder_3_2/pec_adder_3_bit_2_66.dqdimacs,17,193
./benchmark_tests/original/Biere/adder_3_2/pec_adder_3_bit_2_66.dqdimacs,18,172
./benchmark_tests/original/Biere/adder_3_2/pec_adder_3_bit_2_66.dqdimacs,19,151
./benchmark_tests/original/Biere/adder_3_2/pec_adder_3_bit_2_66.dqdimacs,20,138
./benchmark_tests/original/Biere/adder_3_2/pec_adder_3_bit_2_66.dqdimacs,22,124
./benchmark_tests/original/Biere/adder_3_2/pec_adder_3_bit_2_66.dqdimacs,23,116
./benchmark_tests/original/Biere/adder_3_2/pec_adder_3_bit_2_66.dqdimacs,24,116
./benchmark_tests/original/Biere/adder_3_2/pec_adder_3_bit_2_66.dqdimacs,25,116
./benchmark_tests/original/Biere/adder_3_2/pec_adder_3_bit_2_66.dqdimacs,26,117
./benchmark_tests/original/Biere/adder_3_2/pec_adder_3_bit_2_66.dqdimacs,27,120
./benchmark_tests/original/Biere/adder_3_2/pec_adder_3_bit_2_66.dqdimacs,29,117
./benchmark_tests/original/Biere/adder_3_2/pec_adder_3_bit_2_66.dqdimacs,30,116
./benchmark_tests/original/Biere/adder_3_2/pec_adder_3_bit_2_66.dqdimacs,31,119
./benchmark_tests/original/Biere/adder_3_2/pec_adder_3_bit_2_66.dqdimacs,33,117
./benchmark_tests/original/Biere/adder_3_2/pec_adder_3_bit_2_66.dqdimacs,34,117
./benchmark_tests/original/Biere/adder_3_2/pec_adder_3_bit_2_66.dqdimacs,35,120
./benchmark_tests/original/Biere/adder_3_2/pec_adder_3_bit_2_66.dqdimacs,37,116
./benchmark_tests/original/Biere/adder_3_2/pec_adder_3_bit_2_66.dqdimacs,38,116
./benchmark_tests/original/Biere/adder_3_2/pec_adder_3_bit_2_66.dqdimacs,39,119
./benchmark_tests/original/Biere/adder_3_2/pec_adder_3_bit_2_66.dqdimacs,41,116
./benchmark_tests/original/Biere/adder_3_2/pec_adder_3_bit_2_66.dqdimacs,42,116
./benchmark_tests/original/Biere/adder_3_2/pec_adder_3_bit_2_66.dqdimacs,43,116
./benchmark_tests/original/Biere/adder_3_2/pec_adder_3_bit_2_66.dqdimacs,44,119
./benchmark_tests/original/Biere/adder_3_2/pec_adder_3_bit_2_66.dqdimacs,46,116
./benchmark_tests/original/Biere/adder_3_2/pec_adder_3_bit_2_66.dqdimacs,47,116
./benchmark_tests/original/Biere/adder_3_2/pec_adder_3_bit_2_66.dqdimacs,48,119
./benchmark_tests/original/Biere/adder_3_2/pec_adder_3_bit_2_66.dqdimacs,49,116
./benchmark_tests/original/Biere/adder_3_2/pec_adder_3_bit_2_66.dqdimacs,50,116
./benchmark_tests/original/Biere/adder_3_2/pec_adder_3_bit_2_66.dqdimacs,51,116
./benchmark_tests/original/Biere/adder_3_2/pec_adder_3_bit_2_66.dqdimacs,52,116
./benchmark_tests/original/Biere/adder_3_2/pec_adder_3_bit_2_66.dqdimacs,53,116
./benchmark_tests/original/Biere/adder_3_2/pec_adder_3_bit_2_66.dqdimacs,54,117
./benchmark_tests/original/Biere/adder_3_2/pec_adder_3_bit_2_66.dqdimacs,55,116
./benchmark_tests/original/Biere/adder_3_2/pec_adder_3_bit_2_66.dqdimacs,56,116
./benchmark_tests/original/Biere/adder_3_2/pec_adder_3_bit_2_66.dqdimacs,57,116
./benchmark_tests/original/Biere/adder_3_2/pec_adder_3_bit_2_66.dqdimacs,58,116
./benchmark_tests/original/Biere/adder_3_2/pec_adder_3_bit_2_66.dqdimacs,59,116
./benchmark_tests/original/Biere/adder_3_2/pec_adder_3_bit_2_66.dqdimacs,60,116
./benchmark_tests/original/Biere/adder_3_2/pec_adder_3_bit_2_66.dqdimacs,61,118
./benchmark_tests/original/Biere/adder_3_2/pec_adder_3_bit_2_66.dqdimacs,62,121
./benchmark_tests/original/Biere/adder_3_2/pec_adder_3_bit_2_66.dqdimacs,63,116
./benchmark_tests/original/Biere/adder_3_2/pec_adder_3_bit_2_66.dqdimacs,64,117
./benchmark_tests/original/Biere/adder_3_2/pec_adder_3_bit_2_66.dqdimacs,65,117
./benchmark_tests/original/Biere/adder_3_2/pec_adder_3_bit_2_66.dqdimacs,66,119
./benchmark_tests/original/Biere/adder_3_2/pec_adder_3_bit_2_66.dqdimacs,67,119
./benchmark_tests/original/Biere/adder_3_2/pec_adder_3_bit_2_66.dqdimacs,68,117
./benchmark_tests/original/Biere/adder_3_2/pec_adder_3_bit_2_67.dqdimacs,4,212
./benchmark_tests/original/Biere/adder_3_2/pec_adder_3_bit_2_67.dqdimacs,5,249
./benchmark_tests/original/Biere/adder_3_2/pec_adder_3_bit_2_67.dqdimacs,6,185
./benchmark_tests/original/Biere/adder_3_2/pec_adder_3_bit_2_67.dqdimacs,10,180
./benchmark_tests/original/Biere/adder_3_2/pec_adder_3_bit_2_67.dqdimacs,11,182
./benchmark_tests/original/Biere/adder_3_2/pec_adder_3_bit_2_67.dqdimacs,12,182
./benchmark_tests/original/Biere/adder_3_2/pec_adder_3_bit_2_67.dqdimacs,13,183
./benchmark_tests/original/Biere/adder_3_2/pec_adder_3_bit_2_67.dqdimacs,17,175
./benchmark_tests/original/Biere/adder_3_2/pec_adder_3_bit_2_67.dqdimacs,18,169
./benchmark_tests/original/Biere/adder_3_2/pec_adder_3_bit_2_67.dqdimacs,19,152
./benchmark_tests/original/Biere/adder_3_2/pec_adder_3_bit_2_67.dqdimacs,20,141
./benchmark_tests/original/Biere/adder_3_2/pec_adder_3_bit_2_67.dqdimacs,22,125
./benchmark_tests/original/Biere/adder_3_2/pec_adder_3_bit_2_67.dqdimacs,23,114
./benchmark_tests/original/Biere/adder_3_2/pec_adder_3_bit_2_67.dqdimacs,24,106
./benchmark_tests/original/Biere/adder_3_2/pec_adder_3_bit_2_67.dqdimacs,25,97
./benchmark_tests/original/Biere/adder_3_2/pec_adder_3_bit_2_67.dqdimacs,26,98
./benchmark_tests/original/Biere/adder_3_2/pec_adder_3_bit_2_67.dqdimacs,27,99
./benchmark_tests/original/Biere/adder_3_2/pec_adder_3_bit_2_67.dqdimacs,29,97
./benchmark_tests/original/Biere/adder_3_2/pec_adder_3_bit_2_67.dqdimacs,30,97
./benchmark_tests/original/Biere/adder_3_2/pec_adder_3_bit_2_67.dqdimacs,31,106
./benchmark_tests/original/Biere/adder_3_2/pec_adder_3_bit_2_67.dqdimacs,33,97
./benchmark_tests/original/Biere/adder_3_2/pec_adder_3_bit_2_67.dqdimacs,34,97
./benchmark_tests/original/Biere/adder_3_2/pec_adder_3_bit_2_67.dqdimacs,35,100
./benchmark_tests/original/Biere/adder_3_2/pec_adder_3_bit_2_67.dqdimacs,37,97
./benchmark_tests/original/Biere/adder_3_2/pec_adder_3_bit_2_67.dqdimacs,38,95
./benchmark_tests/original/Biere/adder_3_2/pec_adder_3_bit_2_67.dqdimacs,39,100
./benchmark_tests/original/Biere/adder_3_2/pec_adder_3_bit_2_67.dqdimacs,41,96
./benchmark_tests/original/Biere/adder_3_2/pec_adder_3_bit_2_67.dqdimacs,42,97
./benchmark_tests/original/Biere/adder_3_2/pec_adder_3_bit_2_67.dqdimacs,43,100
./benchmark_tests/original/Biere/adder_3_2/pec_adder_3_bit_2_67.dqdimacs,45,98
./benchmark_tests/original/Biere/adder_3_2/pec_adder_3_bit_2_67.dqdimacs,46,97
./benchmark_tests/original/Biere/adder_3_2/pec_adder_3_bit_2_67.dqdimacs,47,101
./benchmark_tests/original/Biere/adder_3_2/pec_adder_3_bit_2_67.dqdimacs,49,97
./benchmark_tests/original/Biere/adder_3_2/pec_adder_3_bit_2_67.dqdimacs,50,97
./benchmark_tests/original/Biere/adder_3_2/pec_adder_3_bit_2_67.dqdimacs,51,100
./benchmark_tests/original/Biere/adder_3_2/pec_adder_3_bit_2_67.dqdimacs,53,97
./benchmark_tests/original/Biere/adder_3_2/pec_adder_3_bit_2_67.dqdimacs,54,97
./benchmark_tests/original/Biere/adder_3_2/pec_adder_3_bit_2_67.dqdimacs,55,98
./benchmark_tests/original/Biere/adder_3_2/pec_adder_3_bit_2_67.dqdimacs,56,97
./benchmark_tests/original/Biere/adder_3_2/pec_adder_3_bit_2_67.dqdimacs,57,100
./benchmark_tests/original/Biere/adder_3_2/pec_adder_3_bit_2_67.dqdimacs,59,97
./benchmark_tests/original/Biere/adder_3_2/pec_adder_3_bit_2_67.dqdimacs,60,97
./benchmark_tests/original/Biere/adder_3_2/pec_adder_3_bit_2_67.dqdimacs,61,102
./benchmark_tests/original/Biere/adder_3_2/pec_adder_3_bit_2_67.dqdimacs,62,95
./benchmark_tests/original/Biere/adder_3_2/pec_adder_3_bit_2_67.dqdimacs,63,96
./benchmark_tests/original/Biere/adder_3_2/pec_adder_3_bit_2_67.dqdimacs,64,97
./benchmark_tests/original/Biere/adder_3_2/pec_adder_3_bit_2_67.dqdimacs,65,97
./benchmark_tests/original/Biere/adder_3_2/pec_adder_3_bit_2_67.dqdimacs,66,98
./benchmark_tests/original/Biere/adder_3_2/pec_adder_3_bit_2_67.dqdimacs,67,98
./benchmark_tests/original/Biere/adder_3_2/pec_adder_3_bit_2_67.dqdimacs,68,97
./benchmark_tests/original/Biere/adder_3_2/pec_adder_3_bit_2_67.dqdimacs,69,98
./benchmark_tests/original/Biere/adder_3_2/pec_adder_3_bit_2_67.dqdimacs,70,98
./benchmark_tests/original/Biere/adder_3_2/pec_adder_3_bit_2_67.dqdimacs,71,98
./benchmark_tests/original/Biere/adder_3_2/pec_adder_3_bit_2_67.dqdimacs,72,97
./benchmark_tests/original/Biere/adder_3_2/pec_adder_3_bit_2_67.dqdimacs,73,98
./benchmark_tests/original/Biere/adder_3_2/pec_adder_3_bit_2_67.dqdimacs,74,98
./benchmark_tests/original/Biere/adder_3_2/pec_adder_3_bit_2_67.dqdimacs,75,97
./benchmark_tests/original/Biere/adder_3_2/pec_adder_3_bit_2_67.dqdimacs,76,98
./benchmark_tests/original/Biere/adder_3_2/pec_adder_3_bit_2_67.dqdimacs,77,96
./benchmark_tests/original/Biere/adder_3_2/pec_adder_3_bit_2_67.dqdimacs,78,99
./benchmark_tests/original/Biere/adder_3_2/pec_adder_3_bit_2_67.dqdimacs,79,99
./benchmark_tests/original/Biere/adder_3_2/pec_adder_3_bit_2_68.dqdimacs,4,263
./benchmark_tests/original/Biere/adder_3_2/pec_adder_3_bit_2_68.dqdimacs,5,301
./benchmark_tests/original/Biere/adder_3_2/pec_adder_3_bit_2_68.dqdimacs,6,236
./benchmark_tests/original/Biere/adder_3_2/pec_adder_3_bit_2_68.dqdimacs,10,235
./benchmark_tests/original/Biere/adder_3_2/pec_adder_3_bit_2_68.dqdimacs,11,235
./benchmark_tests/original/Biere/adder_3_2/pec_adder_3_bit_2_68.dqdimacs,12,234
./benchmark_tests/original/Biere/adder_3_2/pec_adder_3_bit_2_68.dqdimacs,13,220
./benchmark_tests/original/Biere/adder_3_2/pec_adder_3_bit_2_68.dqdimacs,17,193
./benchmark_tests/original/Biere/adder_3_2/pec_adder_3_bit_2_68.dqdimacs,18,174
./benchmark_tests/original/Biere/adder_3_2/pec_adder_3_bit_2_68.dqdimacs,19,151
./benchmark_tests/original/Biere/adder_3_2/pec_adder_3_bit_2_68.dqdimacs,20,137
./benchmark_tests/original/Biere/adder_3_2/pec_adder_3_bit_2_68.dqdimacs,22,124
./benchmark_tests/original/Biere/adder_3_2/pec_adder_3_bit_2_68.dqdimacs,23,124
./benchmark_tests/original/Biere/adder_3_2/pec_adder_3_bit_2_68.dqdimacs,24,125
./benchmark_tests/original/Biere/adder_3_2/pec_adder_3_bit_2_68.dqdimacs,25,129
./benchmark_tests/original/Biere/adder_3_2/pec_adder_3_bit_2_68.dqdimacs,26,126
./benchmark_tests/original/Biere/adder_3_2/pec_adder_3_bit_2_68.dqdimacs,27,134
./benchmark_tests/original/Biere/adder_3_2/pec_adder_3_bit_2_68.dqdimacs,29,138
./benchmark_tests/original/Biere/adder_3_2/pec_adder_3_bit_2_68.dqdimacs,30,138
./benchmark_tests/original/Biere/adder_3_2/pec_adder_3_bit_2_68.dqdimacs,31,140
./benchmark_tests/original/Biere/adder_3_2/pec_adder_3_bit_2_68.dqdimacs,33,137
./benchmark_tests/original/Biere/adder_3_2/pec_adder_3_bit_2_68.dqdimacs,34,137
./benchmark_tests/original/Biere/adder_3_2/pec_adder_3_bit_2_68.dqdimacs,35,141
./benchmark_tests/original/Biere/adder_3_2/pec_adder_3_bit_2_68.dqdimacs,37,138
./benchmark_tests/original/Biere/adder_3_2/pec_adder_3_bit_2_68.dqdimacs,38,138
./benchmark_tests/original/Biere/adder_3_2/pec_adder_3_bit_2_68.dqdimacs,39,141
./benchmark_tests/original/Biere/adder_3_2/pec_adder_3_bit_2_68.dqdimacs,41,137
./benchmark_tests/original/Biere/adder_3_2/pec_adder_3_bit_2_68.dqdimacs,42,137
./benchmark_tests/original/Biere/adder_3_2/pec_adder_3_bit_2_68.dqdimacs,43,138
./benchmark_tests/original/Biere/adder_3_2/pec_adder_3_bit_2_68.dqdimacs,44,138
./benchmark_tests/original/Biere/adder_3_2/pec_adder_3_bit_2_68.dqdimacs,45,141
./benchmark_tests/original/Biere/adder_3_2/pec_adder_3_bit_2_68.dqdimacs,47,138
./benchmark_tests/original/Biere/adder_3_2/pec_adder_3_bit_2_68.dqdimacs,48,139
./benchmark_tests/original/Biere/adder_3_2/pec_adder_3_bit_2_68.dqdimacs,49,142
./benchmark_tests/original/Biere/adder_3_2/pec_adder_3_bit_2_68.dqdimacs,51,139
./benchmark_tests/original/Biere/adder_3_2/pec_adder_3_bit_2_68.dqdimacs,52,138
./benchmark_tests/original/Biere/adder_3_2/pec_adder_3_bit_2_68.dqdimacs,53,142
./benchmark_tests/original/Biere/adder_3_2/pec_adder_3_bit_2_68.dqdimacs,54,137
./benchmark_tests/original/Biere/adder_3_2/pec_adder_3_bit_2_68.dqdimacs,55,138
./benchmark_tests/original/Biere/adder_3_2/pec_adder_3_bit_2_68.dqdimacs,56,138
./benchmark_tests/original/Biere/adder_3_2/pec_adder_3_bit_2_68.dqdimacs,57,138
./benchmark_tests/original/Biere/adder_3_2/pec_adder_3_bit_2_68.dqdimacs,58,139
./benchmark_tests/original/Biere/adder_3_2/pec_adder_3_bit_2_68.dqdimacs,59,138
./benchmark_tests/original/Biere/adder_3_2/pec_adder_3_bit_2_68.dqdimacs,60,137
./benchmark_tests/original/Biere/adder_3_2/pec_adder_3_bit_2_68.dqdimacs,61,138
./benchmark_tests/original/Biere/adder_3_2/pec_adder_3_bit_2_68.dqdimacs,62,137
./benchmark_tests/original/Biere/adder_3_2/pec_adder_3_bit_2_68.dqdimacs,63,139
./benchmark_tests/original/Biere/adder_3_2/pec_adder_3_bit_2_68.dqdimacs,64,137
./benchmark_tests/original/Biere/adder_3_2/pec_adder_3_bit_2_68.dqdimacs,65,136
./benchmark_tests/original/Biere/adder_3_2/pec_adder_3_bit_2_68.dqdimacs,66,136
./benchmark_tests/original/Biere/adder_3_2/pec_adder_3_bit_2_68.dqdimacs,67,136
./benchmark_tests/original/Biere/adder_3_2/pec_adder_3_bit_2_68.dqdimacs,68,138
./benchmark_tests/original/Biere/adder_3_2/pec_adder_3_bit_2_68.dqdimacs,69,136
./benchmark_tests/original/Biere/adder_3_2/pec_adder_3_bit_2_68.dqdimacs,70,136
./benchmark_tests/original/Biere/adder_3_2/pec_adder_3_bit_2_68.dqdimacs,71,139
./benchmark_tests/original/Biere/adder_3_2/pec_adder_3_bit_2_68.dqdimacs,72,137
./benchmark_tests/original/Biere/adder_3_2/pec_adder_3_bit_2_69.dqdimacs,4,267
./benchmark_tests/original/Biere/adder_3_2/pec_adder_3_bit_2_69.dqdimacs,5,217
./benchmark_tests/original/Biere/adder_3_2/pec_adder_3_bit_2_69.dqdimacs,6,217
./benchmark_tests/original/Biere/adder_3_2/pec_adder_3_bit_2_69.dqdimacs,10,218
./benchmark_tests/original/Biere/adder_3_2/pec_adder_3_bit_2_69.dqdimacs,11,219
./benchmark_tests/original/Biere/adder_3_2/pec_adder_3_bit_2_69.dqdimacs,12,216
./benchmark_tests/original/Biere/adder_3_2/pec_adder_3_bit_2_69.dqdimacs,13,215
./benchmark_tests/original/Biere/adder_3_2/pec_adder_3_bit_2_69.dqdimacs,17,196
./benchmark_tests/original/Biere/adder_3_2/pec_adder_3_bit_2_69.dqdimacs,18,176
./benchmark_tests/original/Biere/adder_3_2/pec_adder_3_bit_2_69.dqdimacs,19,156
./benchmark_tests/original/Biere/adder_3_2/pec_adder_3_bit_2_69.dqdimacs,20,141
./benchmark_tests/original/Biere/adder_3_2/pec_adder_3_bit_2_69.dqdimacs,22,127
./benchmark_tests/original/Biere/adder_3_2/pec_adder_3_bit_2_69.dqdimacs,23,118
./benchmark_tests/original/Biere/adder_3_2/pec_adder_3_bit_2_69.dqdimacs,24,116
./benchmark_tests/original/Biere/adder_3_2/pec_adder_3_bit_2_69.dqdimacs,25,117
./benchmark_tests/original/Biere/adder_3_2/pec_adder_3_bit_2_69.dqdimacs,26,117
./benchmark_tests/original/Biere/adder_3_2/pec_adder_3_bit_2_69.dqdimacs,27,119
./benchmark_tests/original/Biere/adder_3_2/pec_adder_3_bit_2_69.dqdimacs,29,117
./benchmark_tests/original/Biere/adder_3_2/pec_adder_3_bit_2_69.dqdimacs,30,117
./benchmark_tests/original/Biere/adder_3_2/pec_adder_3_bit_2_69.dqdimacs,31,118
./benchmark_tests/original/Biere/adder_3_2/pec_adder_3_bit_2_69.dqdimacs,33,117
./benchmark_tests/original/Biere/adder_3_2/pec_adder_3_bit_2_69.dqdimacs,34,118
./benchmark_tests/original/Biere/adder_3_2/pec_adder_3_bit_2_69.dqdimacs,35,118
./benchmark_tests/original/Biere/adder_3_2/pec_adder_3_bit_2_69.dqdimacs,36,119
./benchmark_tests/original/Biere/adder_3_2/pec_adder_3_bit_2_69.dqdimacs,38,117
./benchmark_tests/original/Biere/adder_3_2/pec_adder_3_bit_2_69.dqdimacs,39,117
./benchmark_tests/original/Biere/adder_3_2/pec_adder_3_bit_2_69.dqdimacs,40,120
./benchmark_tests/original/Biere/adder_3_2/pec_adder_3_bit_2_69.dqdimacs,42,116
./benchmark_tests/original/Biere/adder_3_2/pec_adder_3_bit_2_69.dqdimacs,43,117
./benchmark_tests/original/Biere/adder_3_2/pec_adder_3_bit_2_69.dqdimacs,44,119
./benchmark_tests/original/Biere/adder_3_2/pec_adder_3_bit_2_69.dqdimacs,46,116
./benchmark_tests/original/Biere/adder_3_2/pec_adder_3_bit_2_69.dqdimacs,47,116
./benchmark_tests/original/Biere/adder_3_2/pec_adder_3_bit_2_69.dqdimacs,48,117
./benchmark_tests/original/Biere/adder_3_2/pec_adder_3_bit_2_69.dqdimacs,49,117
./benchmark_tests/original/Biere/adder_3_2/pec_adder_3_bit_2_69.dqdimacs,50,117
./benchmark_tests/original/Biere/adder_3_2/pec_adder_3_bit_2_69.dqdimacs,51,117
./benchmark_tests/original/Biere/adder_3_2/pec_adder_3_bit_2_69.dqdimacs,53,116
./benchmark_tests/original/Biere/adder_3_2/pec_adder_3_bit_2_69.dqdimacs,54,117
./benchmark_tests/original/Biere/adder_3_2/pec_adder_3_bit_2_69.dqdimacs,55,118
./benchmark_tests/original/Biere/adder_3_2/pec_adder_3_bit_2_69.dqdimacs,56,117
./benchmark_tests/original/Biere/adder_3_2/pec_adder_3_bit_2_69.dqdimacs,57,117
./benchmark_tests/original/Biere/adder_3_2/pec_adder_3_bit_2_69.dqdimacs,58,117
./benchmark_tests/original/Biere/adder_3_2/pec_adder_3_bit_2_69.dqdimacs,59,117
./benchmark_tests/original/Biere/adder_3_2/pec_adder_3_bit_2_69.dqdimacs,60,117
./benchmark_tests/original/Biere/adder_3_2/pec_adder_3_bit_2_69.dqdimacs,61,117
./benchmark_tests/original/Biere/adder_3_2/pec_adder_3_bit_2_69.dqdimacs,62,116
./benchmark_tests/original/Biere/adder_3_2/pec_adder_3_bit_2_69.dqdimacs,63,117
./benchmark_tests/original/Biere/adder_3_2/pec_adder_3_bit_2_69.dqdimacs,64,117
./benchmark_tests/original/Biere/adder_3_2/pec_adder_3_bit_2_69.dqdimacs,65,117
./benchmark_tests/original/Biere/adder_3_2/pec_adder_3_bit_2_69.dqdimacs,66,116
./benchmark_tests/original/Biere/adder_3_2/pec_adder_3_bit_2_69.dqdimacs,67,117
./benchmark_tests/original/Biere/adder_3_2/pec_adder_3_bit_2_69.dqdimacs,68,117
./benchmark_tests/original/Biere/adder_3_2/pec_adder_3_bit_2_69.dqdimacs,69,117
./benchmark_tests/original/Biere/adder_3_2/pec_adder_3_bit_2_69.dqdimacs,70,116
./benchmark_tests/original/Biere/adder_3_2/pec_adder_3_bit_2_69.dqdimacs,71,118
./benchmark_tests/original/Biere/adder_3_2/pec_adder_3_bit_2_69.dqdimacs,72,119
./benchmark_tests/original/Biere/adder_3_2/pec_adder_3_bit_2_69.dqdimacs,73,118
./benchmark_tests/original/Biere/adder_3_2/pec_adder_3_bit_2_6.dqdimacs,4,269
./benchmark_tests/original/Biere/adder_3_2/pec_adder_3_bit_2_6.dqdimacs,5,222
./benchmark_tests/original/Biere/adder_3_2/pec_adder_3_bit_2_6.dqdimacs,6,221
./benchmark_tests/original/Biere/adder_3_2/pec_adder_3_bit_2_6.dqdimacs,10,221
./benchmark_tests/original/Biere/adder_3_2/pec_adder_3_bit_2_6.dqdimacs,11,221
./benchmark_tests/original/Biere/adder_3_2/pec_adder_3_bit_2_6.dqdimacs,12,221
./benchmark_tests/original/Biere/adder_3_2/pec_adder_3_bit_2_6.dqdimacs,13,216
./benchmark_tests/original/Biere/adder_3_2/pec_adder_3_bit_2_6.dqdimacs,17,197
./benchmark_tests/original/Biere/adder_3_2/pec_adder_3_bit_2_6.dqdimacs,18,177
./benchmark_tests/original/Biere/adder_3_2/pec_adder_3_bit_2_6.dqdimacs,19,155
./benchmark_tests/original/Biere/adder_3_2/pec_adder_3_bit_2_6.dqdimacs,20,140
./benchmark_tests/original/Biere/adder_3_2/pec_adder_3_bit_2_6.dqdimacs,22,126
./benchmark_tests/original/Biere/adder_3_2/pec_adder_3_bit_2_6.dqdimacs,23,118
./benchmark_tests/original/Biere/adder_3_2/pec_adder_3_bit_2_6.dqdimacs,24,118
./benchmark_tests/original/Biere/adder_3_2/pec_adder_3_bit_2_6.dqdimacs,25,118
./benchmark_tests/original/Biere/adder_3_2/pec_adder_3_bit_2_6.dqdimacs,26,118
./benchmark_tests/original/Biere/adder_3_2/pec_adder_3_bit_2_6.dqdimacs,27,120
./benchmark_tests/original/Biere/adder_3_2/pec_adder_3_bit_2_6.dqdimacs,29,118
./benchmark_tests/original/Biere/adder_3_2/pec_adder_3_bit_2_6.dqdimacs,30,118
./benchmark_tests/original/Biere/adder_3_2/pec_adder_3_bit_2_6.dqdimacs,31,120
./benchmark_tests/original/Biere/adder_3_2/pec_adder_3_bit_2_6.dqdimacs,33,118
./benchmark_tests/original/Biere/adder_3_2/pec_adder_3_bit_2_6.dqdimacs,34,119
./benchmark_tests/original/Biere/adder_3_2/pec_adder_3_bit_2_6.dqdimacs,35,121
./benchmark_tests/original/Biere/adder_3_2/pec_adder_3_bit_2_6.dqdimacs,37,117
./benchmark_tests/original/Biere/adder_3_2/pec_adder_3_bit_2_6.dqdimacs,38,118
./benchmark_tests/original/Biere/adder_3_2/pec_adder_3_bit_2_6.dqdimacs,39,118
./benchmark_tests/original/Biere/adder_3_2/pec_adder_3_bit_2_6.dqdimacs,40,118
./benchmark_tests/original/Biere/adder_3_2/pec_adder_3_bit_2_6.dqdimacs,41,118
./benchmark_tests/original/Biere/adder_3_2/pec_adder_3_bit_2_6.dqdimacs,42,120
./benchmark_tests/original/Biere/adder_3_2/pec_adder_3_bit_2_6.dqdimacs,43,118
./benchmark_tests/original/Biere/adder_3_2/pec_adder_3_bit_2_6.dqdimacs,44,118
./benchmark_tests/original/Biere/adder_3_2/pec_adder_3_bit_2_6.dqdimacs,45,118
./benchmark_tests/original/Biere/adder_3_2/pec_adder_3_bit_2_6.dqdimacs,46,118
./benchmark_tests/original/Biere/adder_3_2/pec_adder_3_bit_2_6.dqdimacs,47,118
./benchmark_tests/original/Biere/adder_3_2/pec_adder_3_bit_2_6.dqdimacs,48,119
./benchmark_tests/original/Biere/adder_3_2/pec_adder_3_bit_2_6.dqdimacs,49,118
./benchmark_tests/original/Biere/adder_3_2/pec_adder_3_bit_2_6.dqdimacs,50,118
./benchmark_tests/original/Biere/adder_3_2/pec_adder_3_bit_2_6.dqdimacs,51,118
./benchmark_tests/original/Biere/adder_3_2/pec_adder_3_bit_2_6.dqdimacs,52,117
./benchmark_tests/original/Biere/adder_3_2/pec_adder_3_bit_2_6.dqdimacs,53,118
./benchmark_tests/original/Biere/adder_3_2/pec_adder_3_bit_2_6.dqdimacs,54,117
./benchmark_tests/original/Biere/adder_3_2/pec_adder_3_bit_2_6.dqdimacs,55,117
./benchmark_tests/original/Biere/adder_3_2/pec_adder_3_bit_2_6.dqdimacs,56,117
./benchmark_tests/original/Biere/adder_3_2/pec_adder_3_bit_2_6.dqdimacs,57,117
./benchmark_tests/original/Biere/adder_3_2/pec_adder_3_bit_2_6.dqdimacs,58,118
./benchmark_tests/original/Biere/adder_3_2/pec_adder_3_bit_2_6.dqdimacs,59,119
./benchmark_tests/original/Biere/adder_3_2/pec_adder_3_bit_2_6.dqdimacs,60,119
./benchmark_tests/original/Biere/adder_3_2/pec_adder_3_bit_2_6.dqdimacs,61,118
./benchmark_tests/original/Biere/adder_3_2/pec_adder_3_bit_2_70.dqdimacs,4,173
./benchmark_tests/original/Biere/adder_3_2/pec_adder_3_bit_2_70.dqdimacs,5,209
./benchmark_tests/original/Biere/adder_3_2/pec_adder_3_bit_2_70.dqdimacs,6,146
./benchmark_tests/original/Biere/adder_3_2/pec_adder_3_bit_2_70.dqdimacs,10,143
./benchmark_tests/original/Biere/adder_3_2/pec_adder_3_bit_2_70.dqdimacs,11,145
./benchmark_tests/original/Biere/adder_3_2/pec_adder_3_bit_2_70.dqdimacs,12,144
./benchmark_tests/original/Biere/adder_3_2/pec_adder_3_bit_2_70.dqdimacs,13,145
./benchmark_tests/original/Biere/adder_3_2/pec_adder_3_bit_2_70.dqdimacs,17,144
./benchmark_tests/original/Biere/adder_3_2/pec_adder_3_bit_2_70.dqdimacs,18,145
./benchmark_tests/original/Biere/adder_3_2/pec_adder_3_bit_2_70.dqdimacs,19,143
./benchmark_tests/original/Biere/adder_3_2/pec_adder_3_bit_2_70.dqdimacs,20,138
./benchmark_tests/original/Biere/adder_3_2/pec_adder_3_bit_2_70.dqdimacs,22,126
./benchmark_tests/original/Biere/adder_3_2/pec_adder_3_bit_2_70.dqdimacs,23,127
./benchmark_tests/original/Biere/adder_3_2/pec_adder_3_bit_2_70.dqdimacs,24,125
./benchmark_tests/original/Biere/adder_3_2/pec_adder_3_bit_2_70.dqdimacs,25,113
./benchmark_tests/original/Biere/adder_3_2/pec_adder_3_bit_2_70.dqdimacs,26,105
./benchmark_tests/original/Biere/adder_3_2/pec_adder_3_bit_2_70.dqdimacs,27,99
./benchmark_tests/original/Biere/adder_3_2/pec_adder_3_bit_2_70.dqdimacs,29,91
./benchmark_tests/original/Biere/adder_3_2/pec_adder_3_bit_2_70.dqdimacs,30,89
./benchmark_tests/original/Biere/adder_3_2/pec_adder_3_bit_2_70.dqdimacs,31,93
./benchmark_tests/original/Biere/adder_3_2/pec_adder_3_bit_2_70.dqdimacs,33,90
./benchmark_tests/original/Biere/adder_3_2/pec_adder_3_bit_2_70.dqdimacs,34,89
./benchmark_tests/original/Biere/adder_3_2/pec_adder_3_bit_2_70.dqdimacs,35,93
./benchmark_tests/original/Biere/adder_3_2/pec_adder_3_bit_2_70.dqdimacs,37,90
./benchmark_tests/original/Biere/adder_3_2/pec_adder_3_bit_2_70.dqdimacs,38,90
./benchmark_tests/original/Biere/adder_3_2/pec_adder_3_bit_2_70.dqdimacs,39,93
./benchmark_tests/original/Biere/adder_3_2/pec_adder_3_bit_2_70.dqdimacs,41,90
./benchmark_tests/original/Biere/adder_3_2/pec_adder_3_bit_2_70.dqdimacs,42,90
./benchmark_tests/original/Biere/adder_3_2/pec_adder_3_bit_2_70.dqdimacs,43,91
./benchmark_tests/original/Biere/adder_3_2/pec_adder_3_bit_2_70.dqdimacs,44,95
./benchmark_tests/original/Biere/adder_3_2/pec_adder_3_bit_2_70.dqdimacs,46,90
./benchmark_tests/original/Biere/adder_3_2/pec_adder_3_bit_2_70.dqdimacs,47,91
./benchmark_tests/original/Biere/adder_3_2/pec_adder_3_bit_2_70.dqdimacs,48,94
./benchmark_tests/original/Biere/adder_3_2/pec_adder_3_bit_2_70.dqdimacs,49,89
./benchmark_tests/original/Biere/adder_3_2/pec_adder_3_bit_2_70.dqdimacs,50,90
./benchmark_tests/original/Biere/adder_3_2/pec_adder_3_bit_2_70.dqdimacs,51,90
./benchmark_tests/original/Biere/adder_3_2/pec_adder_3_bit_2_70.dqdimacs,52,90
./benchmark_tests/original/Biere/adder_3_2/pec_adder_3_bit_2_70.dqdimacs,53,90
./benchmark_tests/original/Biere/adder_3_2/pec_adder_3_bit_2_70.dqdimacs,54,90
./benchmark_tests/original/Biere/adder_3_2/pec_adder_3_bit_2_70.dqdimacs,55,91
./benchmark_tests/original/Biere/adder_3_2/pec_adder_3_bit_2_70.dqdimacs,56,91
./benchmark_tests/original/Biere/adder_3_2/pec_adder_3_bit_2_70.dqdimacs,57,91
./benchmark_tests/original/Biere/adder_3_2/pec_adder_3_bit_2_70.dqdimacs,58,91
./benchmark_tests/original/Biere/adder_3_2/pec_adder_3_bit_2_70.dqdimacs,59,92
./benchmark_tests/original/Biere/adder_3_2/pec_adder_3_bit_2_70.dqdimacs,60,90
./benchmark_tests/original/Biere/adder_3_2/pec_adder_3_bit_2_70.dqdimacs,61,90
./benchmark_tests/original/Biere/adder_3_2/pec_adder_3_bit_2_70.dqdimacs,62,90
./benchmark_tests/original/Biere/adder_3_2/pec_adder_3_bit_2_70.dqdimacs,63,90
./benchmark_tests/original/Biere/adder_3_2/pec_adder_3_bit_2_70.dqdimacs,64,90
./benchmark_tests/original/Biere/adder_3_2/pec_adder_3_bit_2_70.dqdimacs,65,90
./benchmark_tests/original/Biere/adder_3_2/pec_adder_3_bit_2_70.dqdimacs,66,91
./benchmark_tests/original/Biere/adder_3_2/pec_adder_3_bit_2_70.dqdimacs,67,93
./benchmark_tests/original/Biere/adder_3_2/pec_adder_3_bit_2_70.dqdimacs,68,91
./benchmark_tests/original/Biere/adder_3_2/pec_adder_3_bit_2_71.dqdimacs,4,531
./benchmark_tests/original/Biere/adder_3_2/pec_adder_3_bit_2_71.dqdimacs,5,465
./benchmark_tests/original/Biere/adder_3_2/pec_adder_3_bit_2_71.dqdimacs,6,477
./benchmark_tests/original/Biere/adder_3_2/pec_adder_3_bit_2_71.dqdimacs,10,428
./benchmark_tests/original/Biere/adder_3_2/pec_adder_3_bit_2_71.dqdimacs,11,331
./benchmark_tests/original/Biere/adder_3_2/pec_adder_3_bit_2_71.dqdimacs,12,269
./benchmark_tests/original/Biere/adder_3_2/pec_adder_3_bit_2_71.dqdimacs,13,251
./benchmark_tests/original/Biere/adder_3_2/pec_adder_3_bit_2_71.dqdimacs,17,248
./benchmark_tests/original/Biere/adder_3_2/pec_adder_3_bit_2_71.dqdimacs,18,252
./benchmark_tests/original/Biere/adder_3_2/pec_adder_3_bit_2_71.dqdimacs,19,254
./benchmark_tests/original/Biere/adder_3_2/pec_adder_3_bit_2_71.dqdimacs,20,250
./benchmark_tests/original/Biere/adder_3_2/pec_adder_3_bit_2_71.dqdimacs,22,250
./benchmark_tests/original/Biere/adder_3_2/pec_adder_3_bit_2_71.dqdimacs,23,254
./benchmark_tests/original/Biere/adder_3_2/pec_adder_3_bit_2_71.dqdimacs,24,253
./benchmark_tests/original/Biere/adder_3_2/pec_adder_3_bit_2_71.dqdimacs,25,255
./benchmark_tests/original/Biere/adder_3_2/pec_adder_3_bit_2_71.dqdimacs,26,254
./benchmark_tests/original/Biere/adder_3_2/pec_adder_3_bit_2_71.dqdimacs,27,256
./benchmark_tests/original/Biere/adder_3_2/pec_adder_3_bit_2_71.dqdimacs,29,248
./benchmark_tests/original/Biere/adder_3_2/pec_adder_3_bit_2_71.dqdimacs,30,251
./benchmark_tests/original/Biere/adder_3_2/pec_adder_3_bit_2_71.dqdimacs,31,255
./benchmark_tests/original/Biere/adder_3_2/pec_adder_3_bit_2_71.dqdimacs,33,253
./benchmark_tests/original/Biere/adder_3_2/pec_adder_3_bit_2_71.dqdimacs,34,247
./benchmark_tests/original/Biere/adder_3_2/pec_adder_3_bit_2_71.dqdimacs,35,256
./benchmark_tests/original/Biere/adder_3_2/pec_adder_3_bit_2_71.dqdimacs,37,248
./benchmark_tests/original/Biere/adder_3_2/pec_adder_3_bit_2_71.dqdimacs,38,255
./benchmark_tests/original/Biere/adder_3_2/pec_adder_3_bit_2_71.dqdimacs,39,254
./benchmark_tests/original/Biere/adder_3_2/pec_adder_3_bit_2_71.dqdimacs,41,252
./benchmark_tests/original/Biere/adder_3_2/pec_adder_3_bit_2_71.dqdimacs,42,253
./benchmark_tests/original/Biere/adder_3_2/pec_adder_3_bit_2_71.dqdimacs,43,255
./benchmark_tests/original/Biere/adder_3_2/pec_adder_3_bit_2_71.dqdimacs,45,251
./benchmark_tests/original/Biere/adder_3_2/pec_adder_3_bit_2_71.dqdimacs,46,252
./benchmark_tests/original/Biere/adder_3_2/pec_adder_3_bit_2_71.dqdimacs,47,255
./benchmark_tests/original/Biere/adder_3_2/pec_adder_3_bit_2_71.dqdimacs,49,252
./benchmark_tests/original/Biere/adder_3_2/pec_adder_3_bit_2_71.dqdimacs,50,254
./benchmark_tests/original/Biere/adder_3_2/pec_adder_3_bit_2_71.dqdimacs,51,248
./benchmark_tests/original/Biere/adder_3_2/pec_adder_3_bit_2_71.dqdimacs,52,250
./benchmark_tests/original/Biere/adder_3_2/pec_adder_3_bit_2_71.dqdimacs,53,254
./benchmark_tests/original/Biere/adder_3_2/pec_adder_3_bit_2_71.dqdimacs,54,253
./benchmark_tests/original/Biere/adder_3_2/pec_adder_3_bit_2_71.dqdimacs,55,255
./benchmark_tests/original/Biere/adder_3_2/pec_adder_3_bit_2_71.dqdimacs,56,253
./benchmark_tests/original/Biere/adder_3_2/pec_adder_3_bit_2_71.dqdimacs,57,248
./benchmark_tests/original/Biere/adder_3_2/pec_adder_3_bit_2_71.dqdimacs,58,253
./benchmark_tests/original/Biere/adder_3_2/pec_adder_3_bit_2_71.dqdimacs,59,249
./benchmark_tests/original/Biere/adder_3_2/pec_adder_3_bit_2_71.dqdimacs,60,252
./benchmark_tests/original/Biere/adder_3_2/pec_adder_3_bit_2_71.dqdimacs,61,253
./benchmark_tests/original/Biere/adder_3_2/pec_adder_3_bit_2_71.dqdimacs,62,251
./benchmark_tests/original/Biere/adder_3_2/pec_adder_3_bit_2_71.dqdimacs,63,255
./benchmark_tests/original/Biere/adder_3_2/pec_adder_3_bit_2_71.dqdimacs,64,251
./benchmark_tests/original/Biere/adder_3_2/pec_adder_3_bit_2_71.dqdimacs,65,248
./benchmark_tests/original/Biere/adder_3_2/pec_adder_3_bit_2_71.dqdimacs,66,253
./benchmark_tests/original/Biere/adder_3_2/pec_adder_3_bit_2_71.dqdimacs,67,255
./benchmark_tests/original/Biere/adder_3_2/pec_adder_3_bit_2_71.dqdimacs,68,249
./benchmark_tests/original/Biere/adder_3_2/pec_adder_3_bit_2_71.dqdimacs,69,248
./benchmark_tests/original/Biere/adder_3_2/pec_adder_3_bit_2_71.dqdimacs,70,253
./benchmark_tests/original/Biere/adder_3_2/pec_adder_3_bit_2_71.dqdimacs,71,253
./benchmark_tests/original/Biere/adder_3_2/pec_adder_3_bit_2_71.dqdimacs,72,253
./benchmark_tests/original/Biere/adder_3_2/pec_adder_3_bit_2_72.dqdimacs,4,584
./benchmark_tests/original/Biere/adder_3_2/pec_adder_3_bit_2_72.dqdimacs,5,616
./benchmark_tests/original/Biere/adder_3_2/pec_adder_3_bit_2_72.dqdimacs,6,543
./benchmark_tests/original/Biere/adder_3_2/pec_adder_3_bit_2_72.dqdimacs,10,423
./benchmark_tests/original/Biere/adder_3_2/pec_adder_3_bit_2_72.dqdimacs,11,319
./benchmark_tests/original/Biere/adder_3_2/pec_adder_3_bit_2_72.dqdimacs,12,296
./benchmark_tests/original/Biere/adder_3_2/pec_adder_3_bit_2_72.dqdimacs,13,298
./benchmark_tests/original/Biere/adder_3_2/pec_adder_3_bit_2_72.dqdimacs,17,296
./benchmark_tests/original/Biere/adder_3_2/pec_adder_3_bit_2_72.dqdimacs,18,295
./benchmark_tests/original/Biere/adder_3_2/pec_adder_3_bit_2_72.dqdimacs,19,297
./benchmark_tests/original/Biere/adder_3_2/pec_adder_3_bit_2_72.dqdimacs,20,295
./benchmark_tests/original/Biere/adder_3_2/pec_adder_3_bit_2_72.dqdimacs,22,293
./benchmark_tests/original/Biere/adder_3_2/pec_adder_3_bit_2_72.dqdimacs,23,297
./benchmark_tests/original/Biere/adder_3_2/pec_adder_3_bit_2_72.dqdimacs,24,296
./benchmark_tests/original/Biere/adder_3_2/pec_adder_3_bit_2_72.dqdimacs,25,294
./benchmark_tests/original/Biere/adder_3_2/pec_adder_3_bit_2_72.dqdimacs,26,295
./benchmark_tests/original/Biere/adder_3_2/pec_adder_3_bit_2_72.dqdimacs,27,296
./benchmark_tests/original/Biere/adder_3_2/pec_adder_3_bit_2_72.dqdimacs,29,298
./benchmark_tests/original/Biere/adder_3_2/pec_adder_3_bit_2_72.dqdimacs,30,297
./benchmark_tests/original/Biere/adder_3_2/pec_adder_3_bit_2_72.dqdimacs,31,299
./benchmark_tests/original/Biere/adder_3_2/pec_adder_3_bit_2_72.dqdimacs,33,294
./benchmark_tests/original/Biere/adder_3_2/pec_adder_3_bit_2_72.dqdimacs,34,294
./benchmark_tests/original/Biere/adder_3_2/pec_adder_3_bit_2_72.dqdimacs,35,301
./benchmark_tests/original/Biere/adder_3_2/pec_adder_3_bit_2_72.dqdimacs,37,297
./benchmark_tests/original/Biere/adder_3_2/pec_adder_3_bit_2_72.dqdimacs,38,296
./benchmark_tests/original/Biere/adder_3_2/pec_adder_3_bit_2_72.dqdimacs,39,298
./benchmark_tests/original/Biere/adder_3_2/pec_adder_3_bit_2_72.dqdimacs,41,295
./benchmark_tests/original/Biere/adder_3_2/pec_adder_3_bit_2_72.dqdimacs,42,296
./benchmark_tests/original/Biere/adder_3_2/pec_adder_3_bit_2_72.dqdimacs,43,300
./benchmark_tests/original/Biere/adder_3_2/pec_adder_3_bit_2_72.dqdimacs,45,299
./benchmark_tests/original/Biere/adder_3_2/pec_adder_3_bit_2_72.dqdimacs,46,296
./benchmark_tests/original/Biere/adder_3_2/pec_adder_3_bit_2_72.dqdimacs,47,297
./benchmark_tests/original/Biere/adder_3_2/pec_adder_3_bit_2_72.dqdimacs,48,298
./benchmark_tests/original/Biere/adder_3_2/pec_adder_3_bit_2_72.dqdimacs,49,297
./benchmark_tests/original/Biere/adder_3_2/pec_adder_3_bit_2_72.dqdimacs,50,300
./benchmark_tests/original/Biere/adder_3_2/pec_adder_3_bit_2_72.dqdimacs,52,297
./benchmark_tests/original/Biere/adder_3_2/pec_adder_3_bit_2_72.dqdimacs,53,292
./benchmark_tests/original/Biere/adder_3_2/pec_adder_3_bit_2_72.dqdimacs,54,300
./benchmark_tests/original/Biere/adder_3_2/pec_adder_3_bit_2_72.dqdimacs,55,296
./benchmark_tests/original/Biere/adder_3_2/pec_adder_3_bit_2_72.dqdimacs,56,295
./benchmark_tests/original/Biere/adder_3_2/pec_adder_3_bit_2_72.dqdimacs,57,294
./benchmark_tests/original/Biere/adder_3_2/pec_adder_3_bit_2_72.dqdimacs,58,296
./benchmark_tests/original/Biere/adder_3_2/pec_adder_3_bit_2_72.dqdimacs,59,298
./benchmark_tests/original/Biere/adder_3_2/pec_adder_3_bit_2_72.dqdimacs,60,297
./benchmark_tests/original/Biere/adder_3_2/pec_adder_3_bit_2_72.dqdimacs,61,297
./benchmark_tests/original/Biere/adder_3_2/pec_adder_3_bit_2_72.dqdimacs,62,296
./benchmark_tests/original/Biere/adder_3_2/pec_adder_3_bit_2_72.dqdimacs,63,295
./benchmark_tests/original/Biere/adder_3_2/pec_adder_3_bit_2_72.dqdimacs,64,295
./benchmark_tests/original/Biere/adder_3_2/pec_adder_3_bit_2_72.dqdimacs,65,298
./benchmark_tests/original/Biere/adder_3_2/pec_adder_3_bit_2_72.dqdimacs,66,295
./benchmark_tests/original/Biere/adder_3_2/pec_adder_3_bit_2_72.dqdimacs,67,296
./benchmark_tests/original/Biere/adder_3_2/pec_adder_3_bit_2_72.dqdimacs,68,294
./benchmark_tests/original/Biere/adder_3_2/pec_adder_3_bit_2_72.dqdimacs,69,294
./benchmark_tests/original/Biere/adder_3_2/pec_adder_3_bit_2_72.dqdimacs,70,294
./benchmark_tests/original/Biere/adder_3_2/pec_adder_3_bit_2_72.dqdimacs,71,295
./benchmark_tests/original/Biere/adder_3_2/pec_adder_3_bit_2_72.dqdimacs,72,296
./benchmark_tests/original/Biere/adder_3_2/pec_adder_3_bit_2_72.dqdimacs,73,298
./benchmark_tests/original/Biere/adder_3_2/pec_adder_3_bit_2_73.dqdimacs,4,351
./benchmark_tests/original/Biere/adder_3_2/pec_adder_3_bit_2_73.dqdimacs,5,298
./benchmark_tests/original/Biere/adder_3_2/pec_adder_3_bit_2_73.dqdimacs,6,297
./benchmark_tests/original/Biere/adder_3_2/pec_adder_3_bit_2_73.dqdimacs,10,297
./benchmark_tests/original/Biere/adder_3_2/pec_adder_3_bit_2_73.dqdimacs,11,295
./benchmark_tests/original/Biere/adder_3_2/pec_adder_3_bit_2_73.dqdimacs,12,269
./benchmark_tests/original/Biere/adder_3_2/pec_adder_3_bit_2_73.dqdimacs,13,231
./benchmark_tests/original/Biere/adder_3_2/pec_adder_3_bit_2_73.dqdimacs,17,198
./benchmark_tests/original/Biere/adder_3_2/pec_adder_3_bit_2_73.dqdimacs,18,172
./benchmark_tests/original/Biere/adder_3_2/pec_adder_3_bit_2_73.dqdimacs,19,160
./benchmark_tests/original/Biere/adder_3_2/pec_adder_3_bit_2_73.dqdimacs,20,161
./benchmark_tests/original/Biere/adder_3_2/pec_adder_3_bit_2_73.dqdimacs,22,159
./benchmark_tests/original/Biere/adder_3_2/pec_adder_3_bit_2_73.dqdimacs,23,159
./benchmark_tests/original/Biere/adder_3_2/pec_adder_3_bit_2_73.dqdimacs,24,160
./benchmark_tests/original/Biere/adder_3_2/pec_adder_3_bit_2_73.dqdimacs,25,160
./benchmark_tests/original/Biere/adder_3_2/pec_adder_3_bit_2_73.dqdimacs,26,160
./benchmark_tests/original/Biere/adder_3_2/pec_adder_3_bit_2_73.dqdimacs,27,162
./benchmark_tests/original/Biere/adder_3_2/pec_adder_3_bit_2_73.dqdimacs,29,159
./benchmark_tests/original/Biere/adder_3_2/pec_adder_3_bit_2_73.dqdimacs,30,159
./benchmark_tests/original/Biere/adder_3_2/pec_adder_3_bit_2_73.dqdimacs,31,162
./benchmark_tests/original/Biere/adder_3_2/pec_adder_3_bit_2_73.dqdimacs,33,159
./benchmark_tests/original/Biere/adder_3_2/pec_adder_3_bit_2_73.dqdimacs,34,161
./benchmark_tests/original/Biere/adder_3_2/pec_adder_3_bit_2_73.dqdimacs,35,164
./benchmark_tests/original/Biere/adder_3_2/pec_adder_3_bit_2_73.dqdimacs,37,159
./benchmark_tests/original/Biere/adder_3_2/pec_adder_3_bit_2_73.dqdimacs,38,161
./benchmark_tests/original/Biere/adder_3_2/pec_adder_3_bit_2_73.dqdimacs,39,163
./benchmark_tests/original/Biere/adder_3_2/pec_adder_3_bit_2_73.dqdimacs,41,161
./benchmark_tests/original/Biere/adder_3_2/pec_adder_3_bit_2_73.dqdimacs,42,160
./benchmark_tests/original/Biere/adder_3_2/pec_adder_3_bit_2_73.dqdimacs,43,162
./benchmark_tests/original/Biere/adder_3_2/pec_adder_3_bit_2_73.dqdimacs,45,160
./benchmark_tests/original/Biere/adder_3_2/pec_adder_3_bit_2_73.dqdimacs,46,160
./benchmark_tests/original/Biere/adder_3_2/pec_adder_3_bit_2_73.dqdimacs,47,160
./benchmark_tests/original/Biere/adder_3_2/pec_adder_3_bit_2_73.dqdimacs,48,159
./benchmark_tests/original/Biere/adder_3_2/pec_adder_3_bit_2_73.dqdimacs,49,160
./benchmark_tests/original/Biere/adder_3_2/pec_adder_3_bit_2_73.dqdimacs,50,160
./benchmark_tests/original/Biere/adder_3_2/pec_adder_3_bit_2_73.dqdimacs,52,158
./benchmark_tests/original/Biere/adder_3_2/pec_adder_3_bit_2_73.dqdimacs,53,158
./benchmark_tests/original/Biere/adder_3_2/pec_adder_3_bit_2_73.dqdimacs,54,161
./benchmark_tests/original/Biere/adder_3_2/pec_adder_3_bit_2_73.dqdimacs,55,160
./benchmark_tests/original/Biere/adder_3_2/pec_adder_3_bit_2_73.dqdimacs,56,160
./benchmark_tests/original/Biere/adder_3_2/pec_adder_3_bit_2_73.dqdimacs,57,158
./benchmark_tests/original/Biere/adder_3_2/pec_adder_3_bit_2_73.dqdimacs,58,160
./benchmark_tests/original/Biere/adder_3_2/pec_adder_3_bit_2_73.dqdimacs,59,160
./benchmark_tests/original/Biere/adder_3_2/pec_adder_3_bit_2_73.dqdimacs,60,160
./benchmark_tests/original/Biere/adder_3_2/pec_adder_3_bit_2_73.dqdimacs,61,160
./benchmark_tests/original/Biere/adder_3_2/pec_adder_3_bit_2_73.dqdimacs,62,161
./benchmark_tests/original/Biere/adder_3_2/pec_adder_3_bit_2_73.dqdimacs,63,159
./benchmark_tests/original/Biere/adder_3_2/pec_adder_3_bit_2_73.dqdimacs,64,160
./benchmark_tests/original/Biere/adder_3_2/pec_adder_3_bit_2_73.dqdimacs,65,159
./benchmark_tests/original/Biere/adder_3_2/pec_adder_3_bit_2_73.dqdimacs,66,159
./benchmark_tests/original/Biere/adder_3_2/pec_adder_3_bit_2_73.dqdimacs,67,159
./benchmark_tests/original/Biere/adder_3_2/pec_adder_3_bit_2_73.dqdimacs,68,160
./benchmark_tests/original/Biere/adder_3_2/pec_adder_3_bit_2_73.dqdimacs,69,160
./benchmark_tests/original/Biere/adder_3_2/pec_adder_3_bit_2_73.dqdimacs,70,160
./benchmark_tests/original/Biere/adder_3_2/pec_adder_3_bit_2_73.dqdimacs,71,160
./benchmark_tests/original/Biere/adder_3_2/pec_adder_3_bit_2_73.dqdimacs,72,161
./benchmark_tests/original/Biere/adder_3_2/pec_adder_3_bit_2_73.dqdimacs,73,160
./benchmark_tests/original/Biere/adder_3_2/pec_adder_3_bit_2_74.dqdimacs,4,220
./benchmark_tests/original/Biere/adder_3_2/pec_adder_3_bit_2_74.dqdimacs,5,257
./benchmark_tests/original/Biere/adder_3_2/pec_adder_3_bit_2_74.dqdimacs,6,191
./benchmark_tests/original/Biere/adder_3_2/pec_adder_3_bit_2_74.dqdimacs,10,188
./benchmark_tests/original/Biere/adder_3_2/pec_adder_3_bit_2_74.dqdimacs,11,189
./benchmark_tests/original/Biere/adder_3_2/pec_adder_3_bit_2_74.dqdimacs,12,190
./benchmark_tests/original/Biere/adder_3_2/pec_adder_3_bit_2_74.dqdimacs,13,190
./benchmark_tests/original/Biere/adder_3_2/pec_adder_3_bit_2_74.dqdimacs,17,183
./benchmark_tests/original/Biere/adder_3_2/pec_adder_3_bit_2_74.dqdimacs,18,169
./benchmark_tests/original/Biere/adder_3_2/pec_adder_3_bit_2_74.dqdimacs,19,154
./benchmark_tests/original/Biere/adder_3_2/pec_adder_3_bit_2_74.dqdimacs,20,141
./benchmark_tests/original/Biere/adder_3_2/pec_adder_3_bit_2_74.dqdimacs,22,124
./benchmark_tests/original/Biere/adder_3_2/pec_adder_3_bit_2_74.dqdimacs,23,114
./benchmark_tests/original/Biere/adder_3_2/pec_adder_3_bit_2_74.dqdimacs,24,105
./benchmark_tests/original/Biere/adder_3_2/pec_adder_3_bit_2_74.dqdimacs,25,102
./benchmark_tests/original/Biere/adder_3_2/pec_adder_3_bit_2_74.dqdimacs,26,102
./benchmark_tests/original/Biere/adder_3_2/pec_adder_3_bit_2_74.dqdimacs,27,102
./benchmark_tests/original/Biere/adder_3_2/pec_adder_3_bit_2_74.dqdimacs,29,107
./benchmark_tests/original/Biere/adder_3_2/pec_adder_3_bit_2_74.dqdimacs,30,100
./benchmark_tests/original/Biere/adder_3_2/pec_adder_3_bit_2_74.dqdimacs,31,104
./benchmark_tests/original/Biere/adder_3_2/pec_adder_3_bit_2_74.dqdimacs,33,101
./benchmark_tests/original/Biere/adder_3_2/pec_adder_3_bit_2_74.dqdimacs,34,101
./benchmark_tests/original/Biere/adder_3_2/pec_adder_3_bit_2_74.dqdimacs,35,103
./benchmark_tests/original/Biere/adder_3_2/pec_adder_3_bit_2_74.dqdimacs,37,101
./benchmark_tests/original/Biere/adder_3_2/pec_adder_3_bit_2_74.dqdimacs,38,101
./benchmark_tests/original/Biere/adder_3_2/pec_adder_3_bit_2_74.dqdimacs,39,104
./benchmark_tests/original/Biere/adder_3_2/pec_adder_3_bit_2_74.dqdimacs,41,101
./benchmark_tests/original/Biere/adder_3_2/pec_adder_3_bit_2_74.dqdimacs,42,101
./benchmark_tests/original/Biere/adder_3_2/pec_adder_3_bit_2_74.dqdimacs,43,103
./benchmark_tests/original/Biere/adder_3_2/pec_adder_3_bit_2_74.dqdimacs,45,101
./benchmark_tests/original/Biere/adder_3_2/pec_adder_3_bit_2_74.dqdimacs,46,101
./benchmark_tests/original/Biere/adder_3_2/pec_adder_3_bit_2_74.dqdimacs,47,102
./benchmark_tests/original/Biere/adder_3_2/pec_adder_3_bit_2_74.dqdimacs,48,101
./benchmark_tests/original/Biere/adder_3_2/pec_adder_3_bit_2_74.dqdimacs,49,104
./benchmark_tests/original/Biere/adder_3_2/pec_adder_3_bit_2_74.dqdimacs,51,101
./benchmark_tests/original/Biere/adder_3_2/pec_adder_3_bit_2_74.dqdimacs,52,101
./benchmark_tests/original/Biere/adder_3_2/pec_adder_3_bit_2_74.dqdimacs,53,104
./benchmark_tests/original/Biere/adder_3_2/pec_adder_3_bit_2_74.dqdimacs,55,101
./benchmark_tests/original/Biere/adder_3_2/pec_adder_3_bit_2_74.dqdimacs,56,101
./benchmark_tests/original/Biere/adder_3_2/pec_adder_3_bit_2_74.dqdimacs,57,101
./benchmark_tests/original/Biere/adder_3_2/pec_adder_3_bit_2_74.dqdimacs,58,105
./benchmark_tests/original/Biere/adder_3_2/pec_adder_3_bit_2_74.dqdimacs,60,101
./benchmark_tests/original/Biere/adder_3_2/pec_adder_3_bit_2_74.dqdimacs,61,101
./benchmark_tests/original/Biere/adder_3_2/pec_adder_3_bit_2_74.dqdimacs,62,101
./benchmark_tests/original/Biere/adder_3_2/pec_adder_3_bit_2_74.dqdimacs,63,106
./benchmark_tests/original/Biere/adder_3_2/pec_adder_3_bit_2_74.dqdimacs,64,101
./benchmark_tests/original/Biere/adder_3_2/pec_adder_3_bit_2_74.dqdimacs,65,101
./benchmark_tests/original/Biere/adder_3_2/pec_adder_3_bit_2_74.dqdimacs,66,101
./benchmark_tests/original/Biere/adder_3_2/pec_adder_3_bit_2_74.dqdimacs,67,102
./benchmark_tests/original/Biere/adder_3_2/pec_adder_3_bit_2_74.dqdimacs,68,101
./benchmark_tests/original/Biere/adder_3_2/pec_adder_3_bit_2_74.dqdimacs,69,101
./benchmark_tests/original/Biere/adder_3_2/pec_adder_3_bit_2_74.dqdimacs,70,101
./benchmark_tests/original/Biere/adder_3_2/pec_adder_3_bit_2_74.dqdimacs,71,101
./benchmark_tests/original/Biere/adder_3_2/pec_adder_3_bit_2_74.dqdimacs,72,101
./benchmark_tests/original/Biere/adder_3_2/pec_adder_3_bit_2_74.dqdimacs,73,101
./benchmark_tests/original/Biere/adder_3_2/pec_adder_3_bit_2_74.dqdimacs,74,102
./benchmark_tests/original/Biere/adder_3_2/pec_adder_3_bit_2_74.dqdimacs,75,101
./benchmark_tests/original/Biere/adder_3_2/pec_adder_3_bit_2_74.dqdimacs,76,101
./benchmark_tests/original/Biere/adder_3_2/pec_adder_3_bit_2_74.dqdimacs,77,101
./benchmark_tests/original/Biere/adder_3_2/pec_adder_3_bit_2_74.dqdimacs,78,102
./benchmark_tests/original/Biere/adder_3_2/pec_adder_3_bit_2_74.dqdimacs,79,103
./benchmark_tests/original/Biere/adder_3_2/pec_adder_3_bit_2_74.dqdimacs,80,103
./benchmark_tests/original/Biere/adder_3_2/pec_adder_3_bit_2_75.dqdimacs,4,265
./benchmark_tests/original/Biere/adder_3_2/pec_adder_3_bit_2_75.dqdimacs,5,216
./benchmark_tests/original/Biere/adder_3_2/pec_adder_3_bit_2_75.dqdimacs,6,217
./benchmark_tests/original/Biere/adder_3_2/pec_adder_3_bit_2_75.dqdimacs,10,216
./benchmark_tests/original/Biere/adder_3_2/pec_adder_3_bit_2_75.dqdimacs,11,215
./benchmark_tests/original/Biere/adder_3_2/pec_adder_3_bit_2_75.dqdimacs,12,214
./benchmark_tests/original/Biere/adder_3_2/pec_adder_3_bit_2_75.dqdimacs,13,213
./benchmark_tests/original/Biere/adder_3_2/pec_adder_3_bit_2_75.dqdimacs,17,197
./benchmark_tests/original/Biere/adder_3_2/pec_adder_3_bit_2_75.dqdimacs,18,176
./benchmark_tests/original/Biere/adder_3_2/pec_adder_3_bit_2_75.dqdimacs,19,157
./benchmark_tests/original/Biere/adder_3_2/pec_adder_3_bit_2_75.dqdimacs,20,143
./benchmark_tests/original/Biere/adder_3_2/pec_adder_3_bit_2_75.dqdimacs,22,127
./benchmark_tests/original/Biere/adder_3_2/pec_adder_3_bit_2_75.dqdimacs,23,117
./benchmark_tests/original/Biere/adder_3_2/pec_adder_3_bit_2_75.dqdimacs,24,116
./benchmark_tests/original/Biere/adder_3_2/pec_adder_3_bit_2_75.dqdimacs,25,116
./benchmark_tests/original/Biere/adder_3_2/pec_adder_3_bit_2_75.dqdimacs,26,116
./benchmark_tests/original/Biere/adder_3_2/pec_adder_3_bit_2_75.dqdimacs,27,117
./benchmark_tests/original/Biere/adder_3_2/pec_adder_3_bit_2_75.dqdimacs,29,117
./benchmark_tests/original/Biere/adder_3_2/pec_adder_3_bit_2_75.dqdimacs,30,116
./benchmark_tests/original/Biere/adder_3_2/pec_adder_3_bit_2_75.dqdimacs,31,118
./benchmark_tests/original/Biere/adder_3_2/pec_adder_3_bit_2_75.dqdimacs,33,116
./benchmark_tests/original/Biere/adder_3_2/pec_adder_3_bit_2_75.dqdimacs,34,116
./benchmark_tests/original/Biere/adder_3_2/pec_adder_3_bit_2_75.dqdimacs,35,120
./benchmark_tests/original/Biere/adder_3_2/pec_adder_3_bit_2_75.dqdimacs,37,115
./benchmark_tests/original/Biere/adder_3_2/pec_adder_3_bit_2_75.dqdimacs,38,115
./benchmark_tests/original/Biere/adder_3_2/pec_adder_3_bit_2_75.dqdimacs,39,116
./benchmark_tests/original/Biere/adder_3_2/pec_adder_3_bit_2_75.dqdimacs,40,119
./benchmark_tests/original/Biere/adder_3_2/pec_adder_3_bit_2_75.dqdimacs,42,115
./benchmark_tests/original/Biere/adder_3_2/pec_adder_3_bit_2_75.dqdimacs,43,115
./benchmark_tests/original/Biere/adder_3_2/pec_adder_3_bit_2_75.dqdimacs,44,116
./benchmark_tests/original/Biere/adder_3_2/pec_adder_3_bit_2_75.dqdimacs,45,116
./benchmark_tests/original/Biere/adder_3_2/pec_adder_3_bit_2_75.dqdimacs,46,116
./benchmark_tests/original/Biere/adder_3_2/pec_adder_3_bit_2_75.dqdimacs,47,119
./benchmark_tests/original/Biere/adder_3_2/pec_adder_3_bit_2_75.dqdimacs,49,116
./benchmark_tests/original/Biere/adder_3_2/pec_adder_3_bit_2_75.dqdimacs,50,116
./benchmark_tests/original/Biere/adder_3_2/pec_adder_3_bit_2_75.dqdimacs,51,116
./benchmark_tests/original/Biere/adder_3_2/pec_adder_3_bit_2_75.dqdimacs,52,118
./benchmark_tests/original/Biere/adder_3_2/pec_adder_3_bit_2_75.dqdimacs,54,115
./benchmark_tests/original/Biere/adder_3_2/pec_adder_3_bit_2_75.dqdimacs,55,116
./benchmark_tests/original/Biere/adder_3_2/pec_adder_3_bit_2_75.dqdimacs,56,118
./benchmark_tests/original/Biere/adder_3_2/pec_adder_3_bit_2_75.dqdimacs,57,115
./benchmark_tests/original/Biere/adder_3_2/pec_adder_3_bit_2_75.dqdimacs,58,115
./benchmark_tests/original/Biere/adder_3_2/pec_adder_3_bit_2_75.dqdimacs,59,115
./benchmark_tests/original/Biere/adder_3_2/pec_adder_3_bit_2_75.dqdimacs,60,115
./benchmark_tests/original/Biere/adder_3_2/pec_adder_3_bit_2_75.dqdimacs,61,116
./benchmark_tests/original/Biere/adder_3_2/pec_adder_3_bit_2_75.dqdimacs,62,115
./benchmark_tests/original/Biere/adder_3_2/pec_adder_3_bit_2_75.dqdimacs,63,115
./benchmark_tests/original/Biere/adder_3_2/pec_adder_3_bit_2_75.dqdimacs,64,115
./benchmark_tests/original/Biere/adder_3_2/pec_adder_3_bit_2_75.dqdimacs,65,115
./benchmark_tests/original/Biere/adder_3_2/pec_adder_3_bit_2_75.dqdimacs,66,116
./benchmark_tests/original/Biere/adder_3_2/pec_adder_3_bit_2_75.dqdimacs,67,115
./benchmark_tests/original/Biere/adder_3_2/pec_adder_3_bit_2_75.dqdimacs,68,114
./benchmark_tests/original/Biere/adder_3_2/pec_adder_3_bit_2_75.dqdimacs,69,115
./benchmark_tests/original/Biere/adder_3_2/pec_adder_3_bit_2_75.dqdimacs,70,115
./benchmark_tests/original/Biere/adder_3_2/pec_adder_3_bit_2_75.dqdimacs,71,116
./benchmark_tests/original/Biere/adder_3_2/pec_adder_3_bit_2_75.dqdimacs,72,115
./benchmark_tests/original/Biere/adder_3_2/pec_adder_3_bit_2_76.dqdimacs,4,314
./benchmark_tests/original/Biere/adder_3_2/pec_adder_3_bit_2_76.dqdimacs,5,355
./benchmark_tests/original/Biere/adder_3_2/pec_adder_3_bit_2_76.dqdimacs,6,291
./benchmark_tests/original/Biere/adder_3_2/pec_adder_3_bit_2_76.dqdimacs,10,288
./benchmark_tests/original/Biere/adder_3_2/pec_adder_3_bit_2_76.dqdimacs,11,283
./benchmark_tests/original/Biere/adder_3_2/pec_adder_3_bit_2_76.dqdimacs,12,261
./benchmark_tests/original/Biere/adder_3_2/pec_adder_3_bit_2_76.dqdimacs,13,226
./benchmark_tests/original/Biere/adder_3_2/pec_adder_3_bit_2_76.dqdimacs,17,189
./benchmark_tests/original/Biere/adder_3_2/pec_adder_3_bit_2_76.dqdimacs,18,173
./benchmark_tests/original/Biere/adder_3_2/pec_adder_3_bit_2_76.dqdimacs,19,166
./benchmark_tests/original/Biere/adder_3_2/pec_adder_3_bit_2_76.dqdimacs,20,165
./benchmark_tests/original/Biere/adder_3_2/pec_adder_3_bit_2_76.dqdimacs,22,165
./benchmark_tests/original/Biere/adder_3_2/pec_adder_3_bit_2_76.dqdimacs,23,164
./benchmark_tests/original/Biere/adder_3_2/pec_adder_3_bit_2_76.dqdimacs,24,163
./benchmark_tests/original/Biere/adder_3_2/pec_adder_3_bit_2_76.dqdimacs,25,163
./benchmark_tests/original/Biere/adder_3_2/pec_adder_3_bit_2_76.dqdimacs,26,164
./benchmark_tests/original/Biere/adder_3_2/pec_adder_3_bit_2_76.dqdimacs,27,167
./benchmark_tests/original/Biere/adder_3_2/pec_adder_3_bit_2_76.dqdimacs,29,166
./benchmark_tests/original/Biere/adder_3_2/pec_adder_3_bit_2_76.dqdimacs,30,166
./benchmark_tests/original/Biere/adder_3_2/pec_adder_3_bit_2_76.dqdimacs,31,168
./benchmark_tests/original/Biere/adder_3_2/pec_adder_3_bit_2_76.dqdimacs,33,165
./benchmark_tests/original/Biere/adder_3_2/pec_adder_3_bit_2_76.dqdimacs,34,165
./benchmark_tests/original/Biere/adder_3_2/pec_adder_3_bit_2_76.dqdimacs,35,167
./benchmark_tests/original/Biere/adder_3_2/pec_adder_3_bit_2_76.dqdimacs,37,163
./benchmark_tests/original/Biere/adder_3_2/pec_adder_3_bit_2_76.dqdimacs,38,165
./benchmark_tests/original/Biere/adder_3_2/pec_adder_3_bit_2_76.dqdimacs,39,167
./benchmark_tests/original/Biere/adder_3_2/pec_adder_3_bit_2_76.dqdimacs,41,163
./benchmark_tests/original/Biere/adder_3_2/pec_adder_3_bit_2_76.dqdimacs,42,163
./benchmark_tests/original/Biere/adder_3_2/pec_adder_3_bit_2_76.dqdimacs,43,166
./benchmark_tests/original/Biere/adder_3_2/pec_adder_3_bit_2_76.dqdimacs,44,166
./benchmark_tests/original/Biere/adder_3_2/pec_adder_3_bit_2_76.dqdimacs,45,165
./benchmark_tests/original/Biere/adder_3_2/pec_adder_3_bit_2_76.dqdimacs,46,166
./benchmark_tests/original/Biere/adder_3_2/pec_adder_3_bit_2_76.dqdimacs,48,166
./benchmark_tests/original/Biere/adder_3_2/pec_adder_3_bit_2_76.dqdimacs,49,165
./benchmark_tests/original/Biere/adder_3_2/pec_adder_3_bit_2_76.dqdimacs,50,165
./benchmark_tests/original/Biere/adder_3_2/pec_adder_3_bit_2_76.dqdimacs,51,165
./benchmark_tests/original/Biere/adder_3_2/pec_adder_3_bit_2_76.dqdimacs,52,165
./benchmark_tests/original/Biere/adder_3_2/pec_adder_3_bit_2_76.dqdimacs,53,164
./benchmark_tests/original/Biere/adder_3_2/pec_adder_3_bit_2_76.dqdimacs,54,165
./benchmark_tests/original/Biere/adder_3_2/pec_adder_3_bit_2_76.dqdimacs,55,166
./benchmark_tests/original/Biere/adder_3_2/pec_adder_3_bit_2_76.dqdimacs,56,164
./benchmark_tests/original/Biere/adder_3_2/pec_adder_3_bit_2_76.dqdimacs,57,164
./benchmark_tests/original/Biere/adder_3_2/pec_adder_3_bit_2_76.dqdimacs,58,165
./benchmark_tests/original/Biere/adder_3_2/pec_adder_3_bit_2_76.dqdimacs,59,163
./benchmark_tests/original/Biere/adder_3_2/pec_adder_3_bit_2_76.dqdimacs,60,165
./benchmark_tests/original/Biere/adder_3_2/pec_adder_3_bit_2_76.dqdimacs,61,167
./benchmark_tests/original/Biere/adder_3_2/pec_adder_3_bit_2_76.dqdimacs,62,164
./benchmark_tests/original/Biere/adder_3_2/pec_adder_3_bit_2_76.dqdimacs,63,164
./benchmark_tests/original/Biere/adder_3_2/pec_adder_3_bit_2_76.dqdimacs,64,164
./benchmark_tests/original/Biere/adder_3_2/pec_adder_3_bit_2_76.dqdimacs,65,165
./benchmark_tests/original/Biere/adder_3_2/pec_adder_3_bit_2_76.dqdimacs,66,163
./benchmark_tests/original/Biere/adder_3_2/pec_adder_3_bit_2_76.dqdimacs,67,164
./benchmark_tests/original/Biere/adder_3_2/pec_adder_3_bit_2_76.dqdimacs,68,164
./benchmark_tests/original/Biere/adder_3_2/pec_adder_3_bit_2_76.dqdimacs,69,166
./benchmark_tests/original/Biere/adder_3_2/pec_adder_3_bit_2_77.dqdimacs,4,401
./benchmark_tests/original/Biere/adder_3_2/pec_adder_3_bit_2_77.dqdimacs,5,351
./benchmark_tests/original/Biere/adder_3_2/pec_adder_3_bit_2_77.dqdimacs,6,347
./benchmark_tests/original/Biere/adder_3_2/pec_adder_3_bit_2_77.dqdimacs,10,345
./benchmark_tests/original/Biere/adder_3_2/pec_adder_3_bit_2_77.dqdimacs,11,309
./benchmark_tests/original/Biere/adder_3_2/pec_adder_3_bit_2_77.dqdimacs,12,259
./benchmark_tests/original/Biere/adder_3_2/pec_adder_3_bit_2_77.dqdimacs,13,218
./benchmark_tests/original/Biere/adder_3_2/pec_adder_3_bit_2_77.dqdimacs,17,192
./benchmark_tests/original/Biere/adder_3_2/pec_adder_3_bit_2_77.dqdimacs,18,184
./benchmark_tests/original/Biere/adder_3_2/pec_adder_3_bit_2_77.dqdimacs,19,184
./benchmark_tests/original/Biere/adder_3_2/pec_adder_3_bit_2_77.dqdimacs,20,185
./benchmark_tests/original/Biere/adder_3_2/pec_adder_3_bit_2_77.dqdimacs,22,184
./benchmark_tests/original/Biere/adder_3_2/pec_adder_3_bit_2_77.dqdimacs,23,184
./benchmark_tests/original/Biere/adder_3_2/pec_adder_3_bit_2_77.dqdimacs,24,185
./benchmark_tests/original/Biere/adder_3_2/pec_adder_3_bit_2_77.dqdimacs,25,185
./benchmark_tests/original/Biere/adder_3_2/pec_adder_3_bit_2_77.dqdimacs,26,185
./benchmark_tests/original/Biere/adder_3_2/pec_adder_3_bit_2_77.dqdimacs,27,190
./benchmark_tests/original/Biere/adder_3_2/pec_adder_3_bit_2_77.dqdimacs,29,184
./benchmark_tests/original/Biere/adder_3_2/pec_adder_3_bit_2_77.dqdimacs,30,185
./benchmark_tests/original/Biere/adder_3_2/pec_adder_3_bit_2_77.dqdimacs,31,186
./benchmark_tests/original/Biere/adder_3_2/pec_adder_3_bit_2_77.dqdimacs,32,187
./benchmark_tests/original/Biere/adder_3_2/pec_adder_3_bit_2_77.dqdimacs,34,186
./benchmark_tests/original/Biere/adder_3_2/pec_adder_3_bit_2_77.dqdimacs,35,186
./benchmark_tests/original/Biere/adder_3_2/pec_adder_3_bit_2_77.dqdimacs,36,185
./benchmark_tests/original/Biere/adder_3_2/pec_adder_3_bit_2_77.dqdimacs,38,184
./benchmark_tests/original/Biere/adder_3_2/pec_adder_3_bit_2_77.dqdimacs,39,189
./benchmark_tests/original/Biere/adder_3_2/pec_adder_3_bit_2_77.dqdimacs,40,188
./benchmark_tests/original/Biere/adder_3_2/pec_adder_3_bit_2_77.dqdimacs,42,186
./benchmark_tests/original/Biere/adder_3_2/pec_adder_3_bit_2_77.dqdimacs,43,185
./benchmark_tests/original/Biere/adder_3_2/pec_adder_3_bit_2_77.dqdimacs,44,185
./benchmark_tests/original/Biere/adder_3_2/pec_adder_3_bit_2_77.dqdimacs,46,184
./benchmark_tests/original/Biere/adder_3_2/pec_adder_3_bit_2_77.dqdimacs,47,184
./benchmark_tests/original/Biere/adder_3_2/pec_adder_3_bit_2_77.dqdimacs,48,184
./benchmark_tests/original/Biere/adder_3_2/pec_adder_3_bit_2_77.dqdimacs,49,185
./benchmark_tests/original/Biere/adder_3_2/pec_adder_3_bit_2_77.dqdimacs,50,190
./benchmark_tests/original/Biere/adder_3_2/pec_adder_3_bit_2_77.dqdimacs,51,187
./benchmark_tests/original/Biere/adder_3_2/pec_adder_3_bit_2_77.dqdimacs,52,185
./benchmark_tests/original/Biere/adder_3_2/pec_adder_3_bit_2_77.dqdimacs,53,184
./benchmark_tests/original/Biere/adder_3_2/pec_adder_3_bit_2_77.dqdimacs,54,185
./benchmark_tests/original/Biere/adder_3_2/pec_adder_3_bit_2_77.dqdimacs,55,185
./benchmark_tests/original/Biere/adder_3_2/pec_adder_3_bit_2_77.dqdimacs,56,185
./benchmark_tests/original/Biere/adder_3_2/pec_adder_3_bit_2_77.dqdimacs,57,186
./benchmark_tests/original/Biere/adder_3_2/pec_adder_3_bit_2_77.dqdimacs,58,185
./benchmark_tests/original/Biere/adder_3_2/pec_adder_3_bit_2_77.dqdimacs,59,188
./benchmark_tests/original/Biere/adder_3_2/pec_adder_3_bit_2_77.dqdimacs,60,188
./benchmark_tests/original/Biere/adder_3_2/pec_adder_3_bit_2_77.dqdimacs,61,186
./benchmark_tests/original/Biere/adder_3_2/pec_adder_3_bit_2_77.dqdimacs,62,185
./benchmark_tests/original/Biere/adder_3_2/pec_adder_3_bit_2_77.dqdimacs,63,187
./benchmark_tests/original/Biere/adder_3_2/pec_adder_3_bit_2_77.dqdimacs,64,187
./benchmark_tests/original/Biere/adder_3_2/pec_adder_3_bit_2_77.dqdimacs,65,186
./benchmark_tests/original/Biere/adder_3_2/pec_adder_3_bit_2_77.dqdimacs,66,186
./benchmark_tests/original/Biere/adder_3_2/pec_adder_3_bit_2_77.dqdimacs,67,187
./benchmark_tests/original/Biere/adder_3_2/pec_adder_3_bit_2_77.dqdimacs,68,185
./benchmark_tests/original/Biere/adder_3_2/pec_adder_3_bit_2_77.dqdimacs,69,185
./benchmark_tests/original/Biere/adder_3_2/pec_adder_3_bit_2_78.dqdimacs,4,201
./benchmark_tests/original/Biere/adder_3_2/pec_adder_3_bit_2_78.dqdimacs,5,233
./benchmark_tests/original/Biere/adder_3_2/pec_adder_3_bit_2_78.dqdimacs,6,171
./benchmark_tests/original/Biere/adder_3_2/pec_adder_3_bit_2_78.dqdimacs,10,168
./benchmark_tests/original/Biere/adder_3_2/pec_adder_3_bit_2_78.dqdimacs,11,169
./benchmark_tests/original/Biere/adder_3_2/pec_adder_3_bit_2_78.dqdimacs,12,167
./benchmark_tests/original/Biere/adder_3_2/pec_adder_3_bit_2_78.dqdimacs,13,170
./benchmark_tests/original/Biere/adder_3_2/pec_adder_3_bit_2_78.dqdimacs,17,169
./benchmark_tests/original/Biere/adder_3_2/pec_adder_3_bit_2_78.dqdimacs,18,164
./benchmark_tests/original/Biere/adder_3_2/pec_adder_3_bit_2_78.dqdimacs,19,152
./benchmark_tests/original/Biere/adder_3_2/pec_adder_3_bit_2_78.dqdimacs,20,140
./benchmark_tests/original/Biere/adder_3_2/pec_adder_3_bit_2_78.dqdimacs,22,126
./benchmark_tests/original/Biere/adder_3_2/pec_adder_3_bit_2_78.dqdimacs,23,115
./benchmark_tests/original/Biere/adder_3_2/pec_adder_3_bit_2_78.dqdimacs,24,106
./benchmark_tests/original/Biere/adder_3_2/pec_adder_3_bit_2_78.dqdimacs,25,97
./benchmark_tests/original/Biere/adder_3_2/pec_adder_3_bit_2_78.dqdimacs,26,93
./benchmark_tests/original/Biere/adder_3_2/pec_adder_3_bit_2_78.dqdimacs,27,92
./benchmark_tests/original/Biere/adder_3_2/pec_adder_3_bit_2_78.dqdimacs,29,91
./benchmark_tests/original/Biere/adder_3_2/pec_adder_3_bit_2_78.dqdimacs,30,91
./benchmark_tests/original/Biere/adder_3_2/pec_adder_3_bit_2_78.dqdimacs,31,93
./benchmark_tests/original/Biere/adder_3_2/pec_adder_3_bit_2_78.dqdimacs,33,90
./benchmark_tests/original/Biere/adder_3_2/pec_adder_3_bit_2_78.dqdimacs,34,96
./benchmark_tests/original/Biere/adder_3_2/pec_adder_3_bit_2_78.dqdimacs,35,93
./benchmark_tests/original/Biere/adder_3_2/pec_adder_3_bit_2_78.dqdimacs,37,90
./benchmark_tests/original/Biere/adder_3_2/pec_adder_3_bit_2_78.dqdimacs,38,89
./benchmark_tests/original/Biere/adder_3_2/pec_adder_3_bit_2_78.dqdimacs,39,94
./benchmark_tests/original/Biere/adder_3_2/pec_adder_3_bit_2_78.dqdimacs,41,89
./benchmark_tests/original/Biere/adder_3_2/pec_adder_3_bit_2_78.dqdimacs,42,90
./benchmark_tests/original/Biere/adder_3_2/pec_adder_3_bit_2_78.dqdimacs,43,93
./benchmark_tests/original/Biere/adder_3_2/pec_adder_3_bit_2_78.dqdimacs,45,90
./benchmark_tests/original/Biere/adder_3_2/pec_adder_3_bit_2_78.dqdimacs,46,90
./benchmark_tests/original/Biere/adder_3_2/pec_adder_3_bit_2_78.dqdimacs,47,93
./benchmark_tests/original/Biere/adder_3_2/pec_adder_3_bit_2_78.dqdimacs,49,91
./benchmark_tests/original/Biere/adder_3_2/pec_adder_3_bit_2_78.dqdimacs,50,90
./benchmark_tests/original/Biere/adder_3_2/pec_adder_3_bit_2_78.dqdimacs,51,89
./benchmark_tests/original/Biere/adder_3_2/pec_adder_3_bit_2_78.dqdimacs,52,90
./benchmark_tests/original/Biere/adder_3_2/pec_adder_3_bit_2_78.dqdimacs,53,94
./benchmark_tests/original/Biere/adder_3_2/pec_adder_3_bit_2_78.dqdimacs,55,89
./benchmark_tests/original/Biere/adder_3_2/pec_adder_3_bit_2_78.dqdimacs,56,89
./benchmark_tests/original/Biere/adder_3_2/pec_adder_3_bit_2_78.dqdimacs,57,94
./benchmark_tests/original/Biere/adder_3_2/pec_adder_3_bit_2_78.dqdimacs,59,89
./benchmark_tests/original/Biere/adder_3_2/pec_adder_3_bit_2_78.dqdimacs,60,89
./benchmark_tests/original/Biere/adder_3_2/pec_adder_3_bit_2_78.dqdimacs,61,93
./benchmark_tests/original/Biere/adder_3_2/pec_adder_3_bit_2_78.dqdimacs,62,88
./benchmark_tests/original/Biere/adder_3_2/pec_adder_3_bit_2_78.dqdimacs,63,89
./benchmark_tests/original/Biere/adder_3_2/pec_adder_3_bit_2_78.dqdimacs,64,88
./benchmark_tests/original/Biere/adder_3_2/pec_adder_3_bit_2_78.dqdimacs,65,90
./benchmark_tests/original/Biere/adder_3_2/pec_adder_3_bit_2_78.dqdimacs,66,88
./benchmark_tests/original/Biere/adder_3_2/pec_adder_3_bit_2_78.dqdimacs,67,89
./benchmark_tests/original/Biere/adder_3_2/pec_adder_3_bit_2_78.dqdimacs,68,89
./benchmark_tests/original/Biere/adder_3_2/pec_adder_3_bit_2_78.dqdimacs,69,90
./benchmark_tests/original/Biere/adder_3_2/pec_adder_3_bit_2_78.dqdimacs,70,89
./benchmark_tests/original/Biere/adder_3_2/pec_adder_3_bit_2_78.dqdimacs,71,91
./benchmark_tests/original/Biere/adder_3_2/pec_adder_3_bit_2_78.dqdimacs,72,89
./benchmark_tests/original/Biere/adder_3_2/pec_adder_3_bit_2_78.dqdimacs,73,91
./benchmark_tests/original/Biere/adder_3_2/pec_adder_3_bit_2_78.dqdimacs,74,89
./benchmark_tests/original/Biere/adder_3_2/pec_adder_3_bit_2_78.dqdimacs,75,89
./benchmark_tests/original/Biere/adder_3_2/pec_adder_3_bit_2_78.dqdimacs,76,90
./benchmark_tests/original/Biere/adder_3_2/pec_adder_3_bit_2_78.dqdimacs,77,90
./benchmark_tests/original/Biere/adder_3_2/pec_adder_3_bit_2_78.dqdimacs,78,90
./benchmark_tests/original/Biere/adder_3_2/pec_adder_3_bit_2_78.dqdimacs,79,92
./benchmark_tests/original/Biere/adder_3_2/pec_adder_3_bit_2_78.dqdimacs,80,91
./benchmark_tests/original/Biere/adder_3_2/pec_adder_3_bit_2_79.dqdimacs,4,265
./benchmark_tests/original/Biere/adder_3_2/pec_adder_3_bit_2_79.dqdimacs,5,216
./benchmark_tests/original/Biere/adder_3_2/pec_adder_3_bit_2_79.dqdimacs,6,216
./benchmark_tests/original/Biere/adder_3_2/pec_adder_3_bit_2_79.dqdimacs,10,215
./benchmark_tests/original/Biere/adder_3_2/pec_adder_3_bit_2_79.dqdimacs,11,216
./benchmark_tests/original/Biere/adder_3_2/pec_adder_3_bit_2_79.dqdimacs,12,215
./benchmark_tests/original/Biere/adder_3_2/pec_adder_3_bit_2_79.dqdimacs,13,214
./benchmark_tests/original/Biere/adder_3_2/pec_adder_3_bit_2_79.dqdimacs,17,195
./benchmark_tests/original/Biere/adder_3_2/pec_adder_3_bit_2_79.dqdimacs,18,175
./benchmark_tests/original/Biere/adder_3_2/pec_adder_3_bit_2_79.dqdimacs,19,156
./benchmark_tests/original/Biere/adder_3_2/pec_adder_3_bit_2_79.dqdimacs,20,141
./benchmark_tests/original/Biere/adder_3_2/pec_adder_3_bit_2_79.dqdimacs,22,128
./benchmark_tests/original/Biere/adder_3_2/pec_adder_3_bit_2_79.dqdimacs,23,118
./benchmark_tests/original/Biere/adder_3_2/pec_adder_3_bit_2_79.dqdimacs,24,116
./benchmark_tests/original/Biere/adder_3_2/pec_adder_3_bit_2_79.dqdimacs,25,116
./benchmark_tests/original/Biere/adder_3_2/pec_adder_3_bit_2_79.dqdimacs,26,117
./benchmark_tests/original/Biere/adder_3_2/pec_adder_3_bit_2_79.dqdimacs,27,117
./benchmark_tests/original/Biere/adder_3_2/pec_adder_3_bit_2_79.dqdimacs,29,116
./benchmark_tests/original/Biere/adder_3_2/pec_adder_3_bit_2_79.dqdimacs,30,116
./benchmark_tests/original/Biere/adder_3_2/pec_adder_3_bit_2_79.dqdimacs,31,118
./benchmark_tests/original/Biere/adder_3_2/pec_adder_3_bit_2_79.dqdimacs,33,115
./benchmark_tests/original/Biere/adder_3_2/pec_adder_3_bit_2_79.dqdimacs,34,115
./benchmark_tests/original/Biere/adder_3_2/pec_adder_3_bit_2_79.dqdimacs,35,117
./benchmark_tests/original/Biere/adder_3_2/pec_adder_3_bit_2_79.dqdimacs,37,115
./benchmark_tests/original/Biere/adder_3_2/pec_adder_3_bit_2_79.dqdimacs,38,116
./benchmark_tests/original/Biere/adder_3_2/pec_adder_3_bit_2_79.dqdimacs,39,115
./benchmark_tests/original/Biere/adder_3_2/pec_adder_3_bit_2_79.dqdimacs,40,118
./benchmark_tests/original/Biere/adder_3_2/pec_adder_3_bit_2_79.dqdimacs,42,116
./benchmark_tests/original/Biere/adder_3_2/pec_adder_3_bit_2_79.dqdimacs,43,115
./benchmark_tests/original/Biere/adder_3_2/pec_adder_3_bit_2_79.dqdimacs,44,115
./benchmark_tests/original/Biere/adder_3_2/pec_adder_3_bit_2_79.dqdimacs,45,116
./benchmark_tests/original/Biere/adder_3_2/pec_adder_3_bit_2_79.dqdimacs,46,115
./benchmark_tests/original/Biere/adder_3_2/pec_adder_3_bit_2_79.dqdimacs,47,117
./benchmark_tests/original/Biere/adder_3_2/pec_adder_3_bit_2_79.dqdimacs,49,115
./benchmark_tests/original/Biere/adder_3_2/pec_adder_3_bit_2_79.dqdimacs,50,115
./benchmark_tests/original/Biere/adder_3_2/pec_adder_3_bit_2_79.dqdimacs,51,115
./benchmark_tests/original/Biere/adder_3_2/pec_adder_3_bit_2_79.dqdimacs,52,117
./benchmark_tests/original/Biere/adder_3_2/pec_adder_3_bit_2_79.dqdimacs,54,115
./benchmark_tests/original/Biere/adder_3_2/pec_adder_3_bit_2_79.dqdimacs,55,115
./benchmark_tests/original/Biere/adder_3_2/pec_adder_3_bit_2_79.dqdimacs,56,115
./benchmark_tests/original/Biere/adder_3_2/pec_adder_3_bit_2_79.dqdimacs,57,118
./benchmark_tests/original/Biere/adder_3_2/pec_adder_3_bit_2_79.dqdimacs,58,116
./benchmark_tests/original/Biere/adder_3_2/pec_adder_3_bit_2_79.dqdimacs,59,114
./benchmark_tests/original/Biere/adder_3_2/pec_adder_3_bit_2_79.dqdimacs,60,114
./benchmark_tests/original/Biere/adder_3_2/pec_adder_3_bit_2_79.dqdimacs,61,114
./benchmark_tests/original/Biere/adder_3_2/pec_adder_3_bit_2_79.dqdimacs,62,114
./benchmark_tests/original/Biere/adder_3_2/pec_adder_3_bit_2_79.dqdimacs,63,114
./benchmark_tests/original/Biere/adder_3_2/pec_adder_3_bit_2_79.dqdimacs,64,114
./benchmark_tests/original/Biere/adder_3_2/pec_adder_3_bit_2_79.dqdimacs,65,114
./benchmark_tests/original/Biere/adder_3_2/pec_adder_3_bit_2_79.dqdimacs,66,114
./benchmark_tests/original/Biere/adder_3_2/pec_adder_3_bit_2_79.dqdimacs,67,115
./benchmark_tests/original/Biere/adder_3_2/pec_adder_3_bit_2_79.dqdimacs,68,114
./benchmark_tests/original/Biere/adder_3_2/pec_adder_3_bit_2_79.dqdimacs,69,114
./benchmark_tests/original/Biere/adder_3_2/pec_adder_3_bit_2_79.dqdimacs,70,115
./benchmark_tests/original/Biere/adder_3_2/pec_adder_3_bit_2_79.dqdimacs,71,115
./benchmark_tests/original/Biere/adder_3_2/pec_adder_3_bit_2_79.dqdimacs,72,116
./benchmark_tests/original/Biere/adder_3_2/pec_adder_3_bit_2_79.dqdimacs,73,115
./benchmark_tests/original/Biere/adder_3_2/pec_adder_3_bit_2_7.dqdimacs,4,378
./benchmark_tests/original/Biere/adder_3_2/pec_adder_3_bit_2_7.dqdimacs,5,332
./benchmark_tests/original/Biere/adder_3_2/pec_adder_3_bit_2_7.dqdimacs,6,331
./benchmark_tests/original/Biere/adder_3_2/pec_adder_3_bit_2_7.dqdimacs,10,332
./benchmark_tests/original/Biere/adder_3_2/pec_adder_3_bit_2_7.dqdimacs,11,319
./benchmark_tests/original/Biere/adder_3_2/pec_adder_3_bit_2_7.dqdimacs,12,268
./benchmark_tests/original/Biere/adder_3_2/pec_adder_3_bit_2_7.dqdimacs,13,229
./benchmark_tests/original/Biere/adder_3_2/pec_adder_3_bit_2_7.dqdimacs,17,195
./benchmark_tests/original/Biere/adder_3_2/pec_adder_3_bit_2_7.dqdimacs,18,175
./benchmark_tests/original/Biere/adder_3_2/pec_adder_3_bit_2_7.dqdimacs,19,175
./benchmark_tests/original/Biere/adder_3_2/pec_adder_3_bit_2_7.dqdimacs,20,177
./benchmark_tests/original/Biere/adder_3_2/pec_adder_3_bit_2_7.dqdimacs,22,177
./benchmark_tests/original/Biere/adder_3_2/pec_adder_3_bit_2_7.dqdimacs,23,177
./benchmark_tests/original/Biere/adder_3_2/pec_adder_3_bit_2_7.dqdimacs,24,177
./benchmark_tests/original/Biere/adder_3_2/pec_adder_3_bit_2_7.dqdimacs,25,174
./benchmark_tests/original/Biere/adder_3_2/pec_adder_3_bit_2_7.dqdimacs,26,175
./benchmark_tests/original/Biere/adder_3_2/pec_adder_3_bit_2_7.dqdimacs,27,176
./benchmark_tests/original/Biere/adder_3_2/pec_adder_3_bit_2_7.dqdimacs,29,174
./benchmark_tests/original/Biere/adder_3_2/pec_adder_3_bit_2_7.dqdimacs,30,174
./benchmark_tests/original/Biere/adder_3_2/pec_adder_3_bit_2_7.dqdimacs,31,176
./benchmark_tests/original/Biere/adder_3_2/pec_adder_3_bit_2_7.dqdimacs,33,174
./benchmark_tests/original/Biere/adder_3_2/pec_adder_3_bit_2_7.dqdimacs,34,175
./benchmark_tests/original/Biere/adder_3_2/pec_adder_3_bit_2_7.dqdimacs,35,177
./benchmark_tests/original/Biere/adder_3_2/pec_adder_3_bit_2_7.dqdimacs,37,175
./benchmark_tests/original/Biere/adder_3_2/pec_adder_3_bit_2_7.dqdimacs,38,173
./benchmark_tests/original/Biere/adder_3_2/pec_adder_3_bit_2_7.dqdimacs,39,178
./benchmark_tests/original/Biere/adder_3_2/pec_adder_3_bit_2_7.dqdimacs,41,176
./benchmark_tests/original/Biere/adder_3_2/pec_adder_3_bit_2_7.dqdimacs,42,176
./benchmark_tests/original/Biere/adder_3_2/pec_adder_3_bit_2_7.dqdimacs,43,177
./benchmark_tests/original/Biere/adder_3_2/pec_adder_3_bit_2_7.dqdimacs,45,173
./benchmark_tests/original/Biere/adder_3_2/pec_adder_3_bit_2_7.dqdimacs,46,174
./benchmark_tests/original/Biere/adder_3_2/pec_adder_3_bit_2_7.dqdimacs,47,177
./benchmark_tests/original/Biere/adder_3_2/pec_adder_3_bit_2_7.dqdimacs,49,176
./benchmark_tests/original/Biere/adder_3_2/pec_adder_3_bit_2_7.dqdimacs,50,176
./benchmark_tests/original/Biere/adder_3_2/pec_adder_3_bit_2_7.dqdimacs,51,175
./benchmark_tests/original/Biere/adder_3_2/pec_adder_3_bit_2_7.dqdimacs,52,175
./benchmark_tests/original/Biere/adder_3_2/pec_adder_3_bit_2_7.dqdimacs,53,177
./benchmark_tests/original/Biere/adder_3_2/pec_adder_3_bit_2_7.dqdimacs,55,174
./benchmark_tests/original/Biere/adder_3_2/pec_adder_3_bit_2_7.dqdimacs,56,174
./benchmark_tests/original/Biere/adder_3_2/pec_adder_3_bit_2_7.dqdimacs,57,179
./benchmark_tests/original/Biere/adder_3_2/pec_adder_3_bit_2_7.dqdimacs,59,177
./benchmark_tests/original/Biere/adder_3_2/pec_adder_3_bit_2_7.dqdimacs,60,176
./benchmark_tests/original/Biere/adder_3_2/pec_adder_3_bit_2_7.dqdimacs,61,179
./benchmark_tests/original/Biere/adder_3_2/pec_adder_3_bit_2_7.dqdimacs,62,175
./benchmark_tests/original/Biere/adder_3_2/pec_adder_3_bit_2_7.dqdimacs,63,174
./benchmark_tests/original/Biere/adder_3_2/pec_adder_3_bit_2_7.dqdimacs,64,174
./benchmark_tests/original/Biere/adder_3_2/pec_adder_3_bit_2_7.dqdimacs,65,176
./benchmark_tests/original/Biere/adder_3_2/pec_adder_3_bit_2_7.dqdimacs,66,176
./benchmark_tests/original/Biere/adder_3_2/pec_adder_3_bit_2_7.dqdimacs,67,177
./benchmark_tests/original/Biere/adder_3_2/pec_adder_3_bit_2_7.dqdimacs,68,176
./benchmark_tests/original/Biere/adder_3_2/pec_adder_3_bit_2_7.dqdimacs,69,175
./benchmark_tests/original/Biere/adder_3_2/pec_adder_3_bit_2_7.dqdimacs,70,174
./benchmark_tests/original/Biere/adder_3_2/pec_adder_3_bit_2_7.dqdimacs,71,176
./benchmark_tests/original/Biere/adder_3_2/pec_adder_3_bit_2_7.dqdimacs,72,174
./benchmark_tests/original/Biere/adder_3_2/pec_adder_3_bit_2_7.dqdimacs,73,175
./benchmark_tests/original/Biere/adder_3_2/pec_adder_3_bit_2_7.dqdimacs,74,175
./benchmark_tests/original/Biere/adder_3_2/pec_adder_3_bit_2_7.dqdimacs,75,175
./benchmark_tests/original/Biere/adder_3_2/pec_adder_3_bit_2_7.dqdimacs,76,175
./benchmark_tests/original/Biere/adder_3_2/pec_adder_3_bit_2_7.dqdimacs,77,175
./benchmark_tests/original/Biere/adder_3_2/pec_adder_3_bit_2_7.dqdimacs,78,176
./benchmark_tests/original/Biere/adder_3_2/pec_adder_3_bit_2_7.dqdimacs,79,177
./benchmark_tests/original/Biere/adder_3_2/pec_adder_3_bit_2_7.dqdimacs,80,176
./benchmark_tests/original/Biere/adder_3_2/pec_adder_3_bit_2_80.dqdimacs,4,163
./benchmark_tests/original/Biere/adder_3_2/pec_adder_3_bit_2_80.dqdimacs,5,202
./benchmark_tests/original/Biere/adder_3_2/pec_adder_3_bit_2_80.dqdimacs,6,134
./benchmark_tests/original/Biere/adder_3_2/pec_adder_3_bit_2_80.dqdimacs,10,135
./benchmark_tests/original/Biere/adder_3_2/pec_adder_3_bit_2_80.dqdimacs,11,133
./benchmark_tests/original/Biere/adder_3_2/pec_adder_3_bit_2_80.dqdimacs,12,135
./benchmark_tests/original/Biere/adder_3_2/pec_adder_3_bit_2_80.dqdimacs,13,135
./benchmark_tests/original/Biere/adder_3_2/pec_adder_3_bit_2_80.dqdimacs,17,133
./benchmark_tests/original/Biere/adder_3_2/pec_adder_3_bit_2_80.dqdimacs,18,134
./benchmark_tests/original/Biere/adder_3_2/pec_adder_3_bit_2_80.dqdimacs,19,134
./benchmark_tests/original/Biere/adder_3_2/pec_adder_3_bit_2_80.dqdimacs,20,133
./benchmark_tests/original/Biere/adder_3_2/pec_adder_3_bit_2_80.dqdimacs,22,132
./benchmark_tests/original/Biere/adder_3_2/pec_adder_3_bit_2_80.dqdimacs,23,115
./benchmark_tests/original/Biere/adder_3_2/pec_adder_3_bit_2_80.dqdimacs,24,107
./benchmark_tests/original/Biere/adder_3_2/pec_adder_3_bit_2_80.dqdimacs,25,101
./benchmark_tests/original/Biere/adder_3_2/pec_adder_3_bit_2_80.dqdimacs,26,93
./benchmark_tests/original/Biere/adder_3_2/pec_adder_3_bit_2_80.dqdimacs,27,89
./benchmark_tests/original/Biere/adder_3_2/pec_adder_3_bit_2_80.dqdimacs,29,81
./benchmark_tests/original/Biere/adder_3_2/pec_adder_3_bit_2_80.dqdimacs,30,76
./benchmark_tests/original/Biere/adder_3_2/pec_adder_3_bit_2_80.dqdimacs,31,75
./benchmark_tests/original/Biere/adder_3_2/pec_adder_3_bit_2_80.dqdimacs,33,71
./benchmark_tests/original/Biere/adder_3_2/pec_adder_3_bit_2_80.dqdimacs,34,72
./benchmark_tests/original/Biere/adder_3_2/pec_adder_3_bit_2_80.dqdimacs,35,71
./benchmark_tests/original/Biere/adder_3_2/pec_adder_3_bit_2_80.dqdimacs,36,72
./benchmark_tests/original/Biere/adder_3_2/pec_adder_3_bit_2_80.dqdimacs,37,72
./benchmark_tests/original/Biere/adder_3_2/pec_adder_3_bit_2_80.dqdimacs,38,72
./benchmark_tests/original/Biere/adder_3_2/pec_adder_3_bit_2_80.dqdimacs,39,74
./benchmark_tests/original/Biere/adder_3_2/pec_adder_3_bit_2_80.dqdimacs,40,72
./benchmark_tests/original/Biere/adder_3_2/pec_adder_3_bit_2_80.dqdimacs,41,71
./benchmark_tests/original/Biere/adder_3_2/pec_adder_3_bit_2_80.dqdimacs,42,72
./benchmark_tests/original/Biere/adder_3_2/pec_adder_3_bit_2_80.dqdimacs,43,72
./benchmark_tests/original/Biere/adder_3_2/pec_adder_3_bit_2_80.dqdimacs,44,72
./benchmark_tests/original/Biere/adder_3_2/pec_adder_3_bit_2_80.dqdimacs,45,72
./benchmark_tests/original/Biere/adder_3_2/pec_adder_3_bit_2_80.dqdimacs,46,72
./benchmark_tests/original/Biere/adder_3_2/pec_adder_3_bit_2_80.dqdimacs,47,72
./benchmark_tests/original/Biere/adder_3_2/pec_adder_3_bit_2_80.dqdimacs,48,72
./benchmark_tests/original/Biere/adder_3_2/pec_adder_3_bit_2_80.dqdimacs,49,72
./benchmark_tests/original/Biere/adder_3_2/pec_adder_3_bit_2_80.dqdimacs,50,73
./benchmark_tests/original/Biere/adder_3_2/pec_adder_3_bit_2_80.dqdimacs,51,72
./benchmark_tests/original/Biere/adder_3_2/pec_adder_3_bit_2_80.dqdimacs,52,72
./benchmark_tests/original/Biere/adder_3_2/pec_adder_3_bit_2_80.dqdimacs,53,72
./benchmark_tests/original/Biere/adder_3_2/pec_adder_3_bit_2_80.dqdimacs,54,72
./benchmark_tests/original/Biere/adder_3_2/pec_adder_3_bit_2_80.dqdimacs,55,72
./benchmark_tests/original/Biere/adder_3_2/pec_adder_3_bit_2_80.dqdimacs,56,72
./benchmark_tests/original/Biere/adder_3_2/pec_adder_3_bit_2_80.dqdimacs,57,73
./benchmark_tests/original/Biere/adder_3_2/pec_adder_3_bit_2_80.dqdimacs,58,73
./benchmark_tests/original/Biere/adder_3_2/pec_adder_3_bit_2_81.dqdimacs,4,252
./benchmark_tests/original/Biere/adder_3_2/pec_adder_3_bit_2_81.dqdimacs,5,201
./benchmark_tests/original/Biere/adder_3_2/pec_adder_3_bit_2_81.dqdimacs,6,202
./benchmark_tests/original/Biere/adder_3_2/pec_adder_3_bit_2_81.dqdimacs,10,202
./benchmark_tests/original/Biere/adder_3_2/pec_adder_3_bit_2_81.dqdimacs,11,201
./benchmark_tests/original/Biere/adder_3_2/pec_adder_3_bit_2_81.dqdimacs,12,200
./benchmark_tests/original/Biere/adder_3_2/pec_adder_3_bit_2_81.dqdimacs,13,200
./benchmark_tests/original/Biere/adder_3_2/pec_adder_3_bit_2_81.dqdimacs,17,192
./benchmark_tests/original/Biere/adder_3_2/pec_adder_3_bit_2_81.dqdimacs,18,174
./benchmark_tests/original/Biere/adder_3_2/pec_adder_3_bit_2_81.dqdimacs,19,159
./benchmark_tests/original/Biere/adder_3_2/pec_adder_3_bit_2_81.dqdimacs,20,142
./benchmark_tests/original/Biere/adder_3_2/pec_adder_3_bit_2_81.dqdimacs,22,128
./benchmark_tests/original/Biere/adder_3_2/pec_adder_3_bit_2_81.dqdimacs,23,116
./benchmark_tests/original/Biere/adder_3_2/pec_adder_3_bit_2_81.dqdimacs,24,108
./benchmark_tests/original/Biere/adder_3_2/pec_adder_3_bit_2_81.dqdimacs,25,108
./benchmark_tests/original/Biere/adder_3_2/pec_adder_3_bit_2_81.dqdimacs,26,108
./benchmark_tests/original/Biere/adder_3_2/pec_adder_3_bit_2_81.dqdimacs,27,108
./benchmark_tests/original/Biere/adder_3_2/pec_adder_3_bit_2_81.dqdimacs,29,108
./benchmark_tests/original/Biere/adder_3_2/pec_adder_3_bit_2_81.dqdimacs,30,108
./benchmark_tests/original/Biere/adder_3_2/pec_adder_3_bit_2_81.dqdimacs,31,110
./benchmark_tests/original/Biere/adder_3_2/pec_adder_3_bit_2_81.dqdimacs,33,107
./benchmark_tests/original/Biere/adder_3_2/pec_adder_3_bit_2_81.dqdimacs,34,106
./benchmark_tests/original/Biere/adder_3_2/pec_adder_3_bit_2_81.dqdimacs,35,109
./benchmark_tests/original/Biere/adder_3_2/pec_adder_3_bit_2_81.dqdimacs,37,108
./benchmark_tests/original/Biere/adder_3_2/pec_adder_3_bit_2_81.dqdimacs,38,108
./benchmark_tests/original/Biere/adder_3_2/pec_adder_3_bit_2_81.dqdimacs,39,108
./benchmark_tests/original/Biere/adder_3_2/pec_adder_3_bit_2_81.dqdimacs,40,108
./benchmark_tests/original/Biere/adder_3_2/pec_adder_3_bit_2_81.dqdimacs,42,108
./benchmark_tests/original/Biere/adder_3_2/pec_adder_3_bit_2_81.dqdimacs,43,108
./benchmark_tests/original/Biere/adder_3_2/pec_adder_3_bit_2_81.dqdimacs,44,109
./benchmark_tests/original/Biere/adder_3_2/pec_adder_3_bit_2_81.dqdimacs,46,107
./benchmark_tests/original/Biere/adder_3_2/pec_adder_3_bit_2_81.dqdimacs,47,108
./benchmark_tests/original/Biere/adder_3_2/pec_adder_3_bit_2_81.dqdimacs,48,108
./benchmark_tests/original/Biere/adder_3_2/pec_adder_3_bit_2_81.dqdimacs,49,107
./benchmark_tests/original/Biere/adder_3_2/pec_adder_3_bit_2_81.dqdimacs,50,108
./benchmark_tests/original/Biere/adder_3_2/pec_adder_3_bit_2_81.dqdimacs,51,107
./benchmark_tests/original/Biere/adder_3_2/pec_adder_3_bit_2_81.dqdimacs,52,106
./benchmark_tests/original/Biere/adder_3_2/pec_adder_3_bit_2_81.dqdimacs,53,107
./benchmark_tests/original/Biere/adder_3_2/pec_adder_3_bit_2_81.dqdimacs,54,107
./benchmark_tests/original/Biere/adder_3_2/pec_adder_3_bit_2_81.dqdimacs,55,107
./benchmark_tests/original/Biere/adder_3_2/pec_adder_3_bit_2_81.dqdimacs,56,108
./benchmark_tests/original/Biere/adder_3_2/pec_adder_3_bit_2_81.dqdimacs,57,108
./benchmark_tests/original/Biere/adder_3_2/pec_adder_3_bit_2_81.dqdimacs,58,108
./benchmark_tests/original/Biere/adder_3_2/pec_adder_3_bit_2_81.dqdimacs,59,107
./benchmark_tests/original/Biere/adder_3_2/pec_adder_3_bit_2_81.dqdimacs,60,108
./benchmark_tests/original/Biere/adder_3_2/pec_adder_3_bit_2_81.dqdimacs,61,108
./benchmark_tests/original/Biere/adder_3_2/pec_adder_3_bit_2_81.dqdimacs,62,108
./benchmark_tests/original/Biere/adder_3_2/pec_adder_3_bit_2_81.dqdimacs,63,108
./benchmark_tests/original/Biere/adder_3_2/pec_adder_3_bit_2_81.dqdimacs,64,108
./benchmark_tests/original/Biere/adder_3_2/pec_adder_3_bit_2_81.dqdimacs,65,107
./benchmark_tests/original/Biere/adder_3_2/pec_adder_3_bit_2_81.dqdimacs,66,107
./benchmark_tests/original/Biere/adder_3_2/pec_adder_3_bit_2_81.dqdimacs,67,107
./benchmark_tests/original/Biere/adder_3_2/pec_adder_3_bit_2_81.dqdimacs,68,107
./benchmark_tests/original/Biere/adder_3_2/pec_adder_3_bit_2_82.dqdimacs,4,232
./benchmark_tests/original/Biere/adder_3_2/pec_adder_3_bit_2_82.dqdimacs,5,179
./benchmark_tests/original/Biere/adder_3_2/pec_adder_3_bit_2_82.dqdimacs,6,178
./benchmark_tests/original/Biere/adder_3_2/pec_adder_3_bit_2_82.dqdimacs,10,178
./benchmark_tests/original/Biere/adder_3_2/pec_adder_3_bit_2_82.dqdimacs,11,177
./benchmark_tests/original/Biere/adder_3_2/pec_adder_3_bit_2_82.dqdimacs,12,176
./benchmark_tests/original/Biere/adder_3_2/pec_adder_3_bit_2_82.dqdimacs,13,178
./benchmark_tests/original/Biere/adder_3_2/pec_adder_3_bit_2_82.dqdimacs,17,176
./benchmark_tests/original/Biere/adder_3_2/pec_adder_3_bit_2_82.dqdimacs,18,170
./benchmark_tests/original/Biere/adder_3_2/pec_adder_3_bit_2_82.dqdimacs,19,156
./benchmark_tests/original/Biere/adder_3_2/pec_adder_3_bit_2_82.dqdimacs,20,143
./benchmark_tests/original/Biere/adder_3_2/pec_adder_3_bit_2_82.dqdimacs,22,129
./benchmark_tests/original/Biere/adder_3_2/pec_adder_3_bit_2_82.dqdimacs,23,117
./benchmark_tests/original/Biere/adder_3_2/pec_adder_3_bit_2_82.dqdimacs,24,108
./benchmark_tests/original/Biere/adder_3_2/pec_adder_3_bit_2_82.dqdimacs,25,101
./benchmark_tests/original/Biere/adder_3_2/pec_adder_3_bit_2_82.dqdimacs,26,97
./benchmark_tests/original/Biere/adder_3_2/pec_adder_3_bit_2_82.dqdimacs,27,98
./benchmark_tests/original/Biere/adder_3_2/pec_adder_3_bit_2_82.dqdimacs,29,97
./benchmark_tests/original/Biere/adder_3_2/pec_adder_3_bit_2_82.dqdimacs,30,96
./benchmark_tests/original/Biere/adder_3_2/pec_adder_3_bit_2_82.dqdimacs,31,98
./benchmark_tests/original/Biere/adder_3_2/pec_adder_3_bit_2_82.dqdimacs,33,97
./benchmark_tests/original/Biere/adder_3_2/pec_adder_3_bit_2_82.dqdimacs,34,97
./benchmark_tests/original/Biere/adder_3_2/pec_adder_3_bit_2_82.dqdimacs,35,98
./benchmark_tests/original/Biere/adder_3_2/pec_adder_3_bit_2_82.dqdimacs,37,96
./benchmark_tests/original/Biere/adder_3_2/pec_adder_3_bit_2_82.dqdimacs,38,96
./benchmark_tests/original/Biere/adder_3_2/pec_adder_3_bit_2_82.dqdimacs,39,98
./benchmark_tests/original/Biere/adder_3_2/pec_adder_3_bit_2_82.dqdimacs,41,95
./benchmark_tests/original/Biere/adder_3_2/pec_adder_3_bit_2_82.dqdimacs,42,95
./benchmark_tests/original/Biere/adder_3_2/pec_adder_3_bit_2_82.dqdimacs,43,96
./benchmark_tests/original/Biere/adder_3_2/pec_adder_3_bit_2_82.dqdimacs,44,96
./benchmark_tests/original/Biere/adder_3_2/pec_adder_3_bit_2_82.dqdimacs,45,95
./benchmark_tests/original/Biere/adder_3_2/pec_adder_3_bit_2_82.dqdimacs,46,96
./benchmark_tests/original/Biere/adder_3_2/pec_adder_3_bit_2_82.dqdimacs,48,96
./benchmark_tests/original/Biere/adder_3_2/pec_adder_3_bit_2_82.dqdimacs,49,96
./benchmark_tests/original/Biere/adder_3_2/pec_adder_3_bit_2_82.dqdimacs,50,96
./benchmark_tests/original/Biere/adder_3_2/pec_adder_3_bit_2_82.dqdimacs,52,96
./benchmark_tests/original/Biere/adder_3_2/pec_adder_3_bit_2_82.dqdimacs,53,95
./benchmark_tests/original/Biere/adder_3_2/pec_adder_3_bit_2_82.dqdimacs,54,96
./benchmark_tests/original/Biere/adder_3_2/pec_adder_3_bit_2_82.dqdimacs,55,96
./benchmark_tests/original/Biere/adder_3_2/pec_adder_3_bit_2_82.dqdimacs,56,96
./benchmark_tests/original/Biere/adder_3_2/pec_adder_3_bit_2_82.dqdimacs,57,96
./benchmark_tests/original/Biere/adder_3_2/pec_adder_3_bit_2_82.dqdimacs,58,95
./benchmark_tests/original/Biere/adder_3_2/pec_adder_3_bit_2_82.dqdimacs,59,96
./benchmark_tests/original/Biere/adder_3_2/pec_adder_3_bit_2_82.dqdimacs,60,96
./benchmark_tests/original/Biere/adder_3_2/pec_adder_3_bit_2_82.dqdimacs,61,96
./benchmark_tests/original/Biere/adder_3_2/pec_adder_3_bit_2_82.dqdimacs,62,96
./benchmark_tests/original/Biere/adder_3_2/pec_adder_3_bit_2_82.dqdimacs,63,96
./benchmark_tests/original/Biere/adder_3_2/pec_adder_3_bit_2_82.dqdimacs,64,96
./benchmark_tests/original/Biere/adder_3_2/pec_adder_3_bit_2_82.dqdimacs,65,96
./benchmark_tests/original/Biere/adder_3_2/pec_adder_3_bit_2_82.dqdimacs,66,95
./benchmark_tests/original/Biere/adder_3_2/pec_adder_3_bit_2_82.dqdimacs,67,95
./benchmark_tests/original/Biere/adder_3_2/pec_adder_3_bit_2_82.dqdimacs,68,97
./benchmark_tests/original/Biere/adder_3_2/pec_adder_3_bit_2_82.dqdimacs,69,96
./benchmark_tests/original/Biere/adder_3_2/pec_adder_3_bit_2_82.dqdimacs,70,96
./benchmark_tests/original/Biere/adder_3_2/pec_adder_3_bit_2_82.dqdimacs,71,96
./benchmark_tests/original/Biere/adder_3_2/pec_adder_3_bit_2_82.dqdimacs,72,97
./benchmark_tests/original/Biere/adder_3_2/pec_adder_3_bit_2_82.dqdimacs,73,96
./benchmark_tests/original/Biere/adder_3_2/pec_adder_3_bit_2_83.dqdimacs,4,357
./benchmark_tests/original/Biere/adder_3_2/pec_adder_3_bit_2_83.dqdimacs,5,307
./benchmark_tests/original/Biere/adder_3_2/pec_adder_3_bit_2_83.dqdimacs,6,306
./benchmark_tests/original/Biere/adder_3_2/pec_adder_3_bit_2_83.dqdimacs,10,307
./benchmark_tests/original/Biere/adder_3_2/pec_adder_3_bit_2_83.dqdimacs,11,303
./benchmark_tests/original/Biere/adder_3_2/pec_adder_3_bit_2_83.dqdimacs,12,272
./benchmark_tests/original/Biere/adder_3_2/pec_adder_3_bit_2_83.dqdimacs,13,231
./benchmark_tests/original/Biere/adder_3_2/pec_adder_3_bit_2_83.dqdimacs,17,195
./benchmark_tests/original/Biere/adder_3_2/pec_adder_3_bit_2_83.dqdimacs,18,173
./benchmark_tests/original/Biere/adder_3_2/pec_adder_3_bit_2_83.dqdimacs,19,165
./benchmark_tests/original/Biere/adder_3_2/pec_adder_3_bit_2_83.dqdimacs,20,166
./benchmark_tests/original/Biere/adder_3_2/pec_adder_3_bit_2_83.dqdimacs,22,163
./benchmark_tests/original/Biere/adder_3_2/pec_adder_3_bit_2_83.dqdimacs,23,164
./benchmark_tests/original/Biere/adder_3_2/pec_adder_3_bit_2_83.dqdimacs,24,165
./benchmark_tests/original/Biere/adder_3_2/pec_adder_3_bit_2_83.dqdimacs,25,165
./benchmark_tests/original/Biere/adder_3_2/pec_adder_3_bit_2_83.dqdimacs,26,164
./benchmark_tests/original/Biere/adder_3_2/pec_adder_3_bit_2_83.dqdimacs,27,167
./benchmark_tests/original/Biere/adder_3_2/pec_adder_3_bit_2_83.dqdimacs,29,163
./benchmark_tests/original/Biere/adder_3_2/pec_adder_3_bit_2_83.dqdimacs,30,165
./benchmark_tests/original/Biere/adder_3_2/pec_adder_3_bit_2_83.dqdimacs,31,167
./benchmark_tests/original/Biere/adder_3_2/pec_adder_3_bit_2_83.dqdimacs,33,164
./benchmark_tests/original/Biere/adder_3_2/pec_adder_3_bit_2_83.dqdimacs,34,164
./benchmark_tests/original/Biere/adder_3_2/pec_adder_3_bit_2_83.dqdimacs,35,166
./benchmark_tests/original/Biere/adder_3_2/pec_adder_3_bit_2_83.dqdimacs,37,164
./benchmark_tests/original/Biere/adder_3_2/pec_adder_3_bit_2_83.dqdimacs,38,165
./benchmark_tests/original/Biere/adder_3_2/pec_adder_3_bit_2_83.dqdimacs,39,168
./benchmark_tests/original/Biere/adder_3_2/pec_adder_3_bit_2_83.dqdimacs,41,165
./benchmark_tests/original/Biere/adder_3_2/pec_adder_3_bit_2_83.dqdimacs,42,165
./benchmark_tests/original/Biere/adder_3_2/pec_adder_3_bit_2_83.dqdimacs,43,164
./benchmark_tests/original/Biere/adder_3_2/pec_adder_3_bit_2_83.dqdimacs,44,164
./benchmark_tests/original/Biere/adder_3_2/pec_adder_3_bit_2_83.dqdimacs,45,169
./benchmark_tests/original/Biere/adder_3_2/pec_adder_3_bit_2_83.dqdimacs,47,164
./benchmark_tests/original/Biere/adder_3_2/pec_adder_3_bit_2_83.dqdimacs,48,165
./benchmark_tests/original/Biere/adder_3_2/pec_adder_3_bit_2_83.dqdimacs,49,165
./benchmark_tests/original/Biere/adder_3_2/pec_adder_3_bit_2_83.dqdimacs,50,168
./benchmark_tests/original/Biere/adder_3_2/pec_adder_3_bit_2_83.dqdimacs,52,164
./benchmark_tests/original/Biere/adder_3_2/pec_adder_3_bit_2_83.dqdimacs,53,165
./benchmark_tests/original/Biere/adder_3_2/pec_adder_3_bit_2_83.dqdimacs,54,164
./benchmark_tests/original/Biere/adder_3_2/pec_adder_3_bit_2_83.dqdimacs,55,167
./benchmark_tests/original/Biere/adder_3_2/pec_adder_3_bit_2_83.dqdimacs,56,165
./benchmark_tests/original/Biere/adder_3_2/pec_adder_3_bit_2_83.dqdimacs,57,165
./benchmark_tests/original/Biere/adder_3_2/pec_adder_3_bit_2_83.dqdimacs,58,164
./benchmark_tests/original/Biere/adder_3_2/pec_adder_3_bit_2_83.dqdimacs,59,165
./benchmark_tests/original/Biere/adder_3_2/pec_adder_3_bit_2_83.dqdimacs,60,165
./benchmark_tests/original/Biere/adder_3_2/pec_adder_3_bit_2_83.dqdimacs,61,165
./benchmark_tests/original/Biere/adder_3_2/pec_adder_3_bit_2_83.dqdimacs,62,164
./benchmark_tests/original/Biere/adder_3_2/pec_adder_3_bit_2_83.dqdimacs,63,164
./benchmark_tests/original/Biere/adder_3_2/pec_adder_3_bit_2_83.dqdimacs,64,165
./benchmark_tests/original/Biere/adder_3_2/pec_adder_3_bit_2_83.dqdimacs,65,166
./benchmark_tests/original/Biere/adder_3_2/pec_adder_3_bit_2_83.dqdimacs,66,165
./benchmark_tests/original/Biere/adder_3_2/pec_adder_3_bit_2_83.dqdimacs,67,165
./benchmark_tests/original/Biere/adder_3_2/pec_adder_3_bit_2_83.dqdimacs,68,165
./benchmark_tests/original/Biere/adder_3_2/pec_adder_3_bit_2_83.dqdimacs,69,163
./benchmark_tests/original/Biere/adder_3_2/pec_adder_3_bit_2_83.dqdimacs,70,164
./benchmark_tests/original/Biere/adder_3_2/pec_adder_3_bit_2_83.dqdimacs,71,165
./benchmark_tests/original/Biere/adder_3_2/pec_adder_3_bit_2_83.dqdimacs,72,165
./benchmark_tests/original/Biere/adder_3_2/pec_adder_3_bit_2_84.dqdimacs,4,359
./benchmark_tests/original/Biere/adder_3_2/pec_adder_3_bit_2_84.dqdimacs,5,400
./benchmark_tests/original/Biere/adder_3_2/pec_adder_3_bit_2_84.dqdimacs,6,352
./benchmark_tests/original/Biere/adder_3_2/pec_adder_3_bit_2_84.dqdimacs,10,352
./benchmark_tests/original/Biere/adder_3_2/pec_adder_3_bit_2_84.dqdimacs,11,324
./benchmark_tests/original/Biere/adder_3_2/pec_adder_3_bit_2_84.dqdimacs,12,271
./benchmark_tests/original/Biere/adder_3_2/pec_adder_3_bit_2_84.dqdimacs,13,228
./benchmark_tests/original/Biere/adder_3_2/pec_adder_3_bit_2_84.dqdimacs,17,194
./benchmark_tests/original/Biere/adder_3_2/pec_adder_3_bit_2_84.dqdimacs,18,188
./benchmark_tests/original/Biere/adder_3_2/pec_adder_3_bit_2_84.dqdimacs,19,188
./benchmark_tests/original/Biere/adder_3_2/pec_adder_3_bit_2_84.dqdimacs,20,188
./benchmark_tests/original/Biere/adder_3_2/pec_adder_3_bit_2_84.dqdimacs,22,187
./benchmark_tests/original/Biere/adder_3_2/pec_adder_3_bit_2_84.dqdimacs,23,189
./benchmark_tests/original/Biere/adder_3_2/pec_adder_3_bit_2_84.dqdimacs,24,189
./benchmark_tests/original/Biere/adder_3_2/pec_adder_3_bit_2_84.dqdimacs,25,189
./benchmark_tests/original/Biere/adder_3_2/pec_adder_3_bit_2_84.dqdimacs,26,190
./benchmark_tests/original/Biere/adder_3_2/pec_adder_3_bit_2_84.dqdimacs,27,190
./benchmark_tests/original/Biere/adder_3_2/pec_adder_3_bit_2_84.dqdimacs,29,190
./benchmark_tests/original/Biere/adder_3_2/pec_adder_3_bit_2_84.dqdimacs,30,190
./benchmark_tests/original/Biere/adder_3_2/pec_adder_3_bit_2_84.dqdimacs,31,191
./benchmark_tests/original/Biere/adder_3_2/pec_adder_3_bit_2_84.dqdimacs,33,189
./benchmark_tests/original/Biere/adder_3_2/pec_adder_3_bit_2_84.dqdimacs,34,189
./benchmark_tests/original/Biere/adder_3_2/pec_adder_3_bit_2_84.dqdimacs,35,192
./benchmark_tests/original/Biere/adder_3_2/pec_adder_3_bit_2_84.dqdimacs,37,190
./benchmark_tests/original/Biere/adder_3_2/pec_adder_3_bit_2_84.dqdimacs,38,189
./benchmark_tests/original/Biere/adder_3_2/pec_adder_3_bit_2_84.dqdimacs,39,190
./benchmark_tests/original/Biere/adder_3_2/pec_adder_3_bit_2_84.dqdimacs,41,187
./benchmark_tests/original/Biere/adder_3_2/pec_adder_3_bit_2_84.dqdimacs,42,187
./benchmark_tests/original/Biere/adder_3_2/pec_adder_3_bit_2_84.dqdimacs,43,190
./benchmark_tests/original/Biere/adder_3_2/pec_adder_3_bit_2_84.dqdimacs,44,190
./benchmark_tests/original/Biere/adder_3_2/pec_adder_3_bit_2_84.dqdimacs,45,192
./benchmark_tests/original/Biere/adder_3_2/pec_adder_3_bit_2_84.dqdimacs,47,188
./benchmark_tests/original/Biere/adder_3_2/pec_adder_3_bit_2_84.dqdimacs,48,188
./benchmark_tests/original/Biere/adder_3_2/pec_adder_3_bit_2_84.dqdimacs,49,190
./benchmark_tests/original/Biere/adder_3_2/pec_adder_3_bit_2_84.dqdimacs,50,191
./benchmark_tests/original/Biere/adder_3_2/pec_adder_3_bit_2_84.dqdimacs,52,188
./benchmark_tests/original/Biere/adder_3_2/pec_adder_3_bit_2_84.dqdimacs,53,190
./benchmark_tests/original/Biere/adder_3_2/pec_adder_3_bit_2_84.dqdimacs,54,188
./benchmark_tests/original/Biere/adder_3_2/pec_adder_3_bit_2_84.dqdimacs,55,188
./benchmark_tests/original/Biere/adder_3_2/pec_adder_3_bit_2_84.dqdimacs,56,174
./benchmark_tests/original/Biere/adder_3_2/pec_adder_3_bit_2_84.dqdimacs,57,173
./benchmark_tests/original/Biere/adder_3_2/pec_adder_3_bit_2_84.dqdimacs,58,175
./benchmark_tests/original/Biere/adder_3_2/pec_adder_3_bit_2_84.dqdimacs,59,176
./benchmark_tests/original/Biere/adder_3_2/pec_adder_3_bit_2_84.dqdimacs,60,174
./benchmark_tests/original/Biere/adder_3_2/pec_adder_3_bit_2_84.dqdimacs,61,175
./benchmark_tests/original/Biere/adder_3_2/pec_adder_3_bit_2_84.dqdimacs,62,175
./benchmark_tests/original/Biere/adder_3_2/pec_adder_3_bit_2_84.dqdimacs,63,173
./benchmark_tests/original/Biere/adder_3_2/pec_adder_3_bit_2_84.dqdimacs,64,173
./benchmark_tests/original/Biere/adder_3_2/pec_adder_3_bit_2_84.dqdimacs,65,174
./benchmark_tests/original/Biere/adder_3_2/pec_adder_3_bit_2_84.dqdimacs,66,175
./benchmark_tests/original/Biere/adder_3_2/pec_adder_3_bit_2_84.dqdimacs,67,173
./benchmark_tests/original/Biere/adder_3_2/pec_adder_3_bit_2_84.dqdimacs,68,173
./benchmark_tests/original/Biere/adder_3_2/pec_adder_3_bit_2_84.dqdimacs,69,174
./benchmark_tests/original/Biere/adder_3_2/pec_adder_3_bit_2_84.dqdimacs,70,181
./benchmark_tests/original/Biere/adder_3_2/pec_adder_3_bit_2_84.dqdimacs,71,190
./benchmark_tests/original/Biere/adder_3_2/pec_adder_3_bit_2_84.dqdimacs,72,189
./benchmark_tests/original/Biere/adder_3_2/pec_adder_3_bit_2_85.dqdimacs,4,283
./benchmark_tests/original/Biere/adder_3_2/pec_adder_3_bit_2_85.dqdimacs,5,325
./benchmark_tests/original/Biere/adder_3_2/pec_adder_3_bit_2_85.dqdimacs,6,277
./benchmark_tests/original/Biere/adder_3_2/pec_adder_3_bit_2_85.dqdimacs,10,275
./benchmark_tests/original/Biere/adder_3_2/pec_adder_3_bit_2_85.dqdimacs,11,274
./benchmark_tests/original/Biere/adder_3_2/pec_adder_3_bit_2_85.dqdimacs,12,260
./benchmark_tests/original/Biere/adder_3_2/pec_adder_3_bit_2_85.dqdimacs,13,230
./benchmark_tests/original/Biere/adder_3_2/pec_adder_3_bit_2_85.dqdimacs,17,196
./benchmark_tests/original/Biere/adder_3_2/pec_adder_3_bit_2_85.dqdimacs,18,172
./benchmark_tests/original/Biere/adder_3_2/pec_adder_3_bit_2_85.dqdimacs,19,153
./benchmark_tests/original/Biere/adder_3_2/pec_adder_3_bit_2_85.dqdimacs,20,146
./benchmark_tests/original/Biere/adder_3_2/pec_adder_3_bit_2_85.dqdimacs,22,146
./benchmark_tests/original/Biere/adder_3_2/pec_adder_3_bit_2_85.dqdimacs,23,147
./benchmark_tests/original/Biere/adder_3_2/pec_adder_3_bit_2_85.dqdimacs,24,147
./benchmark_tests/original/Biere/adder_3_2/pec_adder_3_bit_2_85.dqdimacs,25,146
./benchmark_tests/original/Biere/adder_3_2/pec_adder_3_bit_2_85.dqdimacs,26,147
./benchmark_tests/original/Biere/adder_3_2/pec_adder_3_bit_2_85.dqdimacs,27,148
./benchmark_tests/original/Biere/adder_3_2/pec_adder_3_bit_2_85.dqdimacs,29,145
./benchmark_tests/original/Biere/adder_3_2/pec_adder_3_bit_2_85.dqdimacs,30,147
./benchmark_tests/original/Biere/adder_3_2/pec_adder_3_bit_2_85.dqdimacs,31,149
./benchmark_tests/original/Biere/adder_3_2/pec_adder_3_bit_2_85.dqdimacs,33,146
./benchmark_tests/original/Biere/adder_3_2/pec_adder_3_bit_2_85.dqdimacs,34,146
./benchmark_tests/original/Biere/adder_3_2/pec_adder_3_bit_2_85.dqdimacs,35,149
./benchmark_tests/original/Biere/adder_3_2/pec_adder_3_bit_2_85.dqdimacs,37,146
./benchmark_tests/original/Biere/adder_3_2/pec_adder_3_bit_2_85.dqdimacs,38,146
./benchmark_tests/original/Biere/adder_3_2/pec_adder_3_bit_2_85.dqdimacs,39,147
./benchmark_tests/original/Biere/adder_3_2/pec_adder_3_bit_2_85.dqdimacs,40,148
./benchmark_tests/original/Biere/adder_3_2/pec_adder_3_bit_2_85.dqdimacs,41,146
./benchmark_tests/original/Biere/adder_3_2/pec_adder_3_bit_2_85.dqdimacs,42,148
./benchmark_tests/original/Biere/adder_3_2/pec_adder_3_bit_2_85.dqdimacs,43,148
./benchmark_tests/original/Biere/adder_3_2/pec_adder_3_bit_2_85.dqdimacs,44,148
./benchmark_tests/original/Biere/adder_3_2/pec_adder_3_bit_2_85.dqdimacs,45,147
./benchmark_tests/original/Biere/adder_3_2/pec_adder_3_bit_2_85.dqdimacs,46,147
./benchmark_tests/original/Biere/adder_3_2/pec_adder_3_bit_2_85.dqdimacs,47,147
./benchmark_tests/original/Biere/adder_3_2/pec_adder_3_bit_2_85.dqdimacs,48,146
./benchmark_tests/original/Biere/adder_3_2/pec_adder_3_bit_2_85.dqdimacs,49,147
./benchmark_tests/original/Biere/adder_3_2/pec_adder_3_bit_2_85.dqdimacs,50,146
./benchmark_tests/original/Biere/adder_3_2/pec_adder_3_bit_2_85.dqdimacs,51,147
./benchmark_tests/original/Biere/adder_3_2/pec_adder_3_bit_2_85.dqdimacs,52,147
./benchmark_tests/original/Biere/adder_3_2/pec_adder_3_bit_2_85.dqdimacs,53,148
./benchmark_tests/original/Biere/adder_3_2/pec_adder_3_bit_2_85.dqdimacs,54,146
./benchmark_tests/original/Biere/adder_3_2/pec_adder_3_bit_2_85.dqdimacs,55,146
./benchmark_tests/original/Biere/adder_3_2/pec_adder_3_bit_2_85.dqdimacs,56,148
./benchmark_tests/original/Biere/adder_3_2/pec_adder_3_bit_2_85.dqdimacs,57,148
./benchmark_tests/original/Biere/adder_3_2/pec_adder_3_bit_2_85.dqdimacs,58,147
./benchmark_tests/original/Biere/adder_3_2/pec_adder_3_bit_2_85.dqdimacs,59,147
./benchmark_tests/original/Biere/adder_3_2/pec_adder_3_bit_2_85.dqdimacs,60,147
./benchmark_tests/original/Biere/adder_3_2/pec_adder_3_bit_2_85.dqdimacs,61,147
./benchmark_tests/original/Biere/adder_3_2/pec_adder_3_bit_2_85.dqdimacs,62,147
./benchmark_tests/original/Biere/adder_3_2/pec_adder_3_bit_2_86.dqdimacs,4,327
./benchmark_tests/original/Biere/adder_3_2/pec_adder_3_bit_2_86.dqdimacs,5,280
./benchmark_tests/original/Biere/adder_3_2/pec_adder_3_bit_2_86.dqdimacs,6,278
./benchmark_tests/original/Biere/adder_3_2/pec_adder_3_bit_2_86.dqdimacs,10,278
./benchmark_tests/original/Biere/adder_3_2/pec_adder_3_bit_2_86.dqdimacs,11,279
./benchmark_tests/original/Biere/adder_3_2/pec_adder_3_bit_2_86.dqdimacs,12,265
./benchmark_tests/original/Biere/adder_3_2/pec_adder_3_bit_2_86.dqdimacs,13,231
./benchmark_tests/original/Biere/adder_3_2/pec_adder_3_bit_2_86.dqdimacs,17,198
./benchmark_tests/original/Biere/adder_3_2/pec_adder_3_bit_2_86.dqdimacs,18,172
./benchmark_tests/original/Biere/adder_3_2/pec_adder_3_bit_2_86.dqdimacs,19,154
./benchmark_tests/original/Biere/adder_3_2/pec_adder_3_bit_2_86.dqdimacs,20,149
./benchmark_tests/original/Biere/adder_3_2/pec_adder_3_bit_2_86.dqdimacs,22,148
./benchmark_tests/original/Biere/adder_3_2/pec_adder_3_bit_2_86.dqdimacs,23,147
./benchmark_tests/original/Biere/adder_3_2/pec_adder_3_bit_2_86.dqdimacs,24,151
./benchmark_tests/original/Biere/adder_3_2/pec_adder_3_bit_2_86.dqdimacs,25,149
./benchmark_tests/original/Biere/adder_3_2/pec_adder_3_bit_2_86.dqdimacs,26,148
./benchmark_tests/original/Biere/adder_3_2/pec_adder_3_bit_2_86.dqdimacs,27,149
./benchmark_tests/original/Biere/adder_3_2/pec_adder_3_bit_2_86.dqdimacs,29,147
./benchmark_tests/original/Biere/adder_3_2/pec_adder_3_bit_2_86.dqdimacs,30,147
./benchmark_tests/original/Biere/adder_3_2/pec_adder_3_bit_2_86.dqdimacs,31,151
./benchmark_tests/original/Biere/adder_3_2/pec_adder_3_bit_2_86.dqdimacs,33,149
./benchmark_tests/original/Biere/adder_3_2/pec_adder_3_bit_2_86.dqdimacs,34,147
./benchmark_tests/original/Biere/adder_3_2/pec_adder_3_bit_2_86.dqdimacs,35,151
./benchmark_tests/original/Biere/adder_3_2/pec_adder_3_bit_2_86.dqdimacs,37,147
./benchmark_tests/original/Biere/adder_3_2/pec_adder_3_bit_2_86.dqdimacs,38,149
./benchmark_tests/original/Biere/adder_3_2/pec_adder_3_bit_2_86.dqdimacs,39,151
./benchmark_tests/original/Biere/adder_3_2/pec_adder_3_bit_2_86.dqdimacs,41,146
./benchmark_tests/original/Biere/adder_3_2/pec_adder_3_bit_2_86.dqdimacs,42,149
./benchmark_tests/original/Biere/adder_3_2/pec_adder_3_bit_2_86.dqdimacs,43,151
./benchmark_tests/original/Biere/adder_3_2/pec_adder_3_bit_2_86.dqdimacs,45,149
./benchmark_tests/original/Biere/adder_3_2/pec_adder_3_bit_2_86.dqdimacs,46,148
./benchmark_tests/original/Biere/adder_3_2/pec_adder_3_bit_2_86.dqdimacs,47,150
./benchmark_tests/original/Biere/adder_3_2/pec_adder_3_bit_2_86.dqdimacs,49,146
./benchmark_tests/original/Biere/adder_3_2/pec_adder_3_bit_2_86.dqdimacs,50,149
./benchmark_tests/original/Biere/adder_3_2/pec_adder_3_bit_2_86.dqdimacs,51,148
./benchmark_tests/original/Biere/adder_3_2/pec_adder_3_bit_2_86.dqdimacs,52,149
./benchmark_tests/original/Biere/adder_3_2/pec_adder_3_bit_2_86.dqdimacs,53,150
./benchmark_tests/original/Biere/adder_3_2/pec_adder_3_bit_2_86.dqdimacs,54,149
./benchmark_tests/original/Biere/adder_3_2/pec_adder_3_bit_2_86.dqdimacs,55,146
./benchmark_tests/original/Biere/adder_3_2/pec_adder_3_bit_2_86.dqdimacs,56,148
./benchmark_tests/original/Biere/adder_3_2/pec_adder_3_bit_2_86.dqdimacs,57,149
./benchmark_tests/original/Biere/adder_3_2/pec_adder_3_bit_2_86.dqdimacs,58,148
./benchmark_tests/original/Biere/adder_3_2/pec_adder_3_bit_2_86.dqdimacs,59,147
./benchmark_tests/original/Biere/adder_3_2/pec_adder_3_bit_2_86.dqdimacs,60,150
./benchmark_tests/original/Biere/adder_3_2/pec_adder_3_bit_2_86.dqdimacs,61,149
./benchmark_tests/original/Biere/adder_3_2/pec_adder_3_bit_2_86.dqdimacs,62,150
./benchmark_tests/original/Biere/adder_3_2/pec_adder_3_bit_2_86.dqdimacs,63,149
./benchmark_tests/original/Biere/adder_3_2/pec_adder_3_bit_2_86.dqdimacs,64,149
./benchmark_tests/original/Biere/adder_3_2/pec_adder_3_bit_2_86.dqdimacs,65,148
./benchmark_tests/original/Biere/adder_3_2/pec_adder_3_bit_2_86.dqdimacs,66,149
./benchmark_tests/original/Biere/adder_3_2/pec_adder_3_bit_2_86.dqdimacs,67,148
./benchmark_tests/original/Biere/adder_3_2/pec_adder_3_bit_2_86.dqdimacs,68,148
./benchmark_tests/original/Biere/adder_3_2/pec_adder_3_bit_2_86.dqdimacs,69,148
./benchmark_tests/original/Biere/adder_3_2/pec_adder_3_bit_2_86.dqdimacs,70,148
./benchmark_tests/original/Biere/adder_3_2/pec_adder_3_bit_2_86.dqdimacs,71,149
./benchmark_tests/original/Biere/adder_3_2/pec_adder_3_bit_2_86.dqdimacs,72,147
./benchmark_tests/original/Biere/adder_3_2/pec_adder_3_bit_2_87.dqdimacs,4,297
./benchmark_tests/original/Biere/adder_3_2/pec_adder_3_bit_2_87.dqdimacs,5,246
./benchmark_tests/original/Biere/adder_3_2/pec_adder_3_bit_2_87.dqdimacs,6,246
./benchmark_tests/original/Biere/adder_3_2/pec_adder_3_bit_2_87.dqdimacs,10,246
./benchmark_tests/original/Biere/adder_3_2/pec_adder_3_bit_2_87.dqdimacs,11,246
./benchmark_tests/original/Biere/adder_3_2/pec_adder_3_bit_2_87.dqdimacs,12,244
./benchmark_tests/original/Biere/adder_3_2/pec_adder_3_bit_2_87.dqdimacs,13,228
./benchmark_tests/original/Biere/adder_3_2/pec_adder_3_bit_2_87.dqdimacs,17,200
./benchmark_tests/original/Biere/adder_3_2/pec_adder_3_bit_2_87.dqdimacs,18,175
./benchmark_tests/original/Biere/adder_3_2/pec_adder_3_bit_2_87.dqdimacs,19,154
./benchmark_tests/original/Biere/adder_3_2/pec_adder_3_bit_2_87.dqdimacs,20,140
./benchmark_tests/original/Biere/adder_3_2/pec_adder_3_bit_2_87.dqdimacs,22,132
./benchmark_tests/original/Biere/adder_3_2/pec_adder_3_bit_2_87.dqdimacs,23,132
./benchmark_tests/original/Biere/adder_3_2/pec_adder_3_bit_2_87.dqdimacs,24,132
./benchmark_tests/original/Biere/adder_3_2/pec_adder_3_bit_2_87.dqdimacs,25,132
./benchmark_tests/original/Biere/adder_3_2/pec_adder_3_bit_2_87.dqdimacs,26,132
./benchmark_tests/original/Biere/adder_3_2/pec_adder_3_bit_2_87.dqdimacs,27,133
./benchmark_tests/original/Biere/adder_3_2/pec_adder_3_bit_2_87.dqdimacs,29,132
./benchmark_tests/original/Biere/adder_3_2/pec_adder_3_bit_2_87.dqdimacs,30,132
./benchmark_tests/original/Biere/adder_3_2/pec_adder_3_bit_2_87.dqdimacs,31,134
./benchmark_tests/original/Biere/adder_3_2/pec_adder_3_bit_2_87.dqdimacs,33,132
./benchmark_tests/original/Biere/adder_3_2/pec_adder_3_bit_2_87.dqdimacs,34,132
./benchmark_tests/original/Biere/adder_3_2/pec_adder_3_bit_2_87.dqdimacs,35,134
./benchmark_tests/original/Biere/adder_3_2/pec_adder_3_bit_2_87.dqdimacs,37,133
./benchmark_tests/original/Biere/adder_3_2/pec_adder_3_bit_2_87.dqdimacs,38,132
./benchmark_tests/original/Biere/adder_3_2/pec_adder_3_bit_2_87.dqdimacs,39,136
./benchmark_tests/original/Biere/adder_3_2/pec_adder_3_bit_2_87.dqdimacs,41,133
./benchmark_tests/original/Biere/adder_3_2/pec_adder_3_bit_2_87.dqdimacs,42,134
./benchmark_tests/original/Biere/adder_3_2/pec_adder_3_bit_2_87.dqdimacs,43,133
./benchmark_tests/original/Biere/adder_3_2/pec_adder_3_bit_2_87.dqdimacs,44,136
./benchmark_tests/original/Biere/adder_3_2/pec_adder_3_bit_2_87.dqdimacs,46,133
./benchmark_tests/original/Biere/adder_3_2/pec_adder_3_bit_2_87.dqdimacs,47,132
./benchmark_tests/original/Biere/adder_3_2/pec_adder_3_bit_2_87.dqdimacs,48,135
./benchmark_tests/original/Biere/adder_3_2/pec_adder_3_bit_2_87.dqdimacs,50,131
./benchmark_tests/original/Biere/adder_3_2/pec_adder_3_bit_2_87.dqdimacs,51,132
./benchmark_tests/original/Biere/adder_3_2/pec_adder_3_bit_2_87.dqdimacs,52,131
./benchmark_tests/original/Biere/adder_3_2/pec_adder_3_bit_2_87.dqdimacs,53,132
./benchmark_tests/original/Biere/adder_3_2/pec_adder_3_bit_2_87.dqdimacs,54,136
./benchmark_tests/original/Biere/adder_3_2/pec_adder_3_bit_2_87.dqdimacs,56,132
./benchmark_tests/original/Biere/adder_3_2/pec_adder_3_bit_2_87.dqdimacs,57,132
./benchmark_tests/original/Biere/adder_3_2/pec_adder_3_bit_2_87.dqdimacs,58,132
./benchmark_tests/original/Biere/adder_3_2/pec_adder_3_bit_2_87.dqdimacs,59,135
./benchmark_tests/original/Biere/adder_3_2/pec_adder_3_bit_2_87.dqdimacs,60,131
./benchmark_tests/original/Biere/adder_3_2/pec_adder_3_bit_2_87.dqdimacs,61,131
./benchmark_tests/original/Biere/adder_3_2/pec_adder_3_bit_2_87.dqdimacs,62,132
./benchmark_tests/original/Biere/adder_3_2/pec_adder_3_bit_2_87.dqdimacs,63,133
./benchmark_tests/original/Biere/adder_3_2/pec_adder_3_bit_2_87.dqdimacs,64,133
./benchmark_tests/original/Biere/adder_3_2/pec_adder_3_bit_2_87.dqdimacs,65,132
./benchmark_tests/original/Biere/adder_3_2/pec_adder_3_bit_2_87.dqdimacs,66,132
./benchmark_tests/original/Biere/adder_3_2/pec_adder_3_bit_2_87.dqdimacs,67,132
./benchmark_tests/original/Biere/adder_3_2/pec_adder_3_bit_2_87.dqdimacs,68,132
./benchmark_tests/original/Biere/adder_3_2/pec_adder_3_bit_2_87.dqdimacs,69,134
./benchmark_tests/original/Biere/adder_3_2/pec_adder_3_bit_2_87.dqdimacs,70,131
./benchmark_tests/original/Biere/adder_3_2/pec_adder_3_bit_2_87.dqdimacs,71,132
./benchmark_tests/original/Biere/adder_3_2/pec_adder_3_bit_2_87.dqdimacs,72,131
./benchmark_tests/original/Biere/adder_3_2/pec_adder_3_bit_2_87.dqdimacs,73,132
./benchmark_tests/original/Biere/adder_3_2/pec_adder_3_bit_2_87.dqdimacs,74,133
./benchmark_tests/original/Biere/adder_3_2/pec_adder_3_bit_2_87.dqdimacs,75,131
./benchmark_tests/original/Biere/adder_3_2/pec_adder_3_bit_2_88.dqdimacs,4,291
./benchmark_tests/original/Biere/adder_3_2/pec_adder_3_bit_2_88.dqdimacs,5,243
./benchmark_tests/original/Biere/adder_3_2/pec_adder_3_bit_2_88.dqdimacs,6,243
./benchmark_tests/original/Biere/adder_3_2/pec_adder_3_bit_2_88.dqdimacs,10,243
./benchmark_tests/original/Biere/adder_3_2/pec_adder_3_bit_2_88.dqdimacs,11,241
./benchmark_tests/original/Biere/adder_3_2/pec_adder_3_bit_2_88.dqdimacs,12,241
./benchmark_tests/original/Biere/adder_3_2/pec_adder_3_bit_2_88.dqdimacs,13,222
./benchmark_tests/original/Biere/adder_3_2/pec_adder_3_bit_2_88.dqdimacs,17,198
./benchmark_tests/original/Biere/adder_3_2/pec_adder_3_bit_2_88.dqdimacs,18,174
./benchmark_tests/original/Biere/adder_3_2/pec_adder_3_bit_2_88.dqdimacs,19,153
./benchmark_tests/original/Biere/adder_3_2/pec_adder_3_bit_2_88.dqdimacs,20,140
./benchmark_tests/original/Biere/adder_3_2/pec_adder_3_bit_2_88.dqdimacs,22,128
./benchmark_tests/original/Biere/adder_3_2/pec_adder_3_bit_2_88.dqdimacs,23,127
./benchmark_tests/original/Biere/adder_3_2/pec_adder_3_bit_2_88.dqdimacs,24,127
./benchmark_tests/original/Biere/adder_3_2/pec_adder_3_bit_2_88.dqdimacs,25,128
./benchmark_tests/original/Biere/adder_3_2/pec_adder_3_bit_2_88.dqdimacs,26,129
./benchmark_tests/original/Biere/adder_3_2/pec_adder_3_bit_2_88.dqdimacs,27,130
./benchmark_tests/original/Biere/adder_3_2/pec_adder_3_bit_2_88.dqdimacs,29,128
./benchmark_tests/original/Biere/adder_3_2/pec_adder_3_bit_2_88.dqdimacs,30,129
./benchmark_tests/original/Biere/adder_3_2/pec_adder_3_bit_2_88.dqdimacs,31,130
./benchmark_tests/original/Biere/adder_3_2/pec_adder_3_bit_2_88.dqdimacs,33,129
./benchmark_tests/original/Biere/adder_3_2/pec_adder_3_bit_2_88.dqdimacs,34,129
./benchmark_tests/original/Biere/adder_3_2/pec_adder_3_bit_2_88.dqdimacs,35,132
./benchmark_tests/original/Biere/adder_3_2/pec_adder_3_bit_2_88.dqdimacs,37,128
./benchmark_tests/original/Biere/adder_3_2/pec_adder_3_bit_2_88.dqdimacs,38,128
./benchmark_tests/original/Biere/adder_3_2/pec_adder_3_bit_2_88.dqdimacs,39,131
./benchmark_tests/original/Biere/adder_3_2/pec_adder_3_bit_2_88.dqdimacs,41,129
./benchmark_tests/original/Biere/adder_3_2/pec_adder_3_bit_2_88.dqdimacs,42,128
./benchmark_tests/original/Biere/adder_3_2/pec_adder_3_bit_2_88.dqdimacs,43,128
./benchmark_tests/original/Biere/adder_3_2/pec_adder_3_bit_2_88.dqdimacs,44,128
./benchmark_tests/original/Biere/adder_3_2/pec_adder_3_bit_2_88.dqdimacs,45,128
./benchmark_tests/original/Biere/adder_3_2/pec_adder_3_bit_2_88.dqdimacs,46,131
./benchmark_tests/original/Biere/adder_3_2/pec_adder_3_bit_2_88.dqdimacs,48,127
./benchmark_tests/original/Biere/adder_3_2/pec_adder_3_bit_2_88.dqdimacs,49,128
./benchmark_tests/original/Biere/adder_3_2/pec_adder_3_bit_2_88.dqdimacs,50,132
./benchmark_tests/original/Biere/adder_3_2/pec_adder_3_bit_2_88.dqdimacs,52,127
./benchmark_tests/original/Biere/adder_3_2/pec_adder_3_bit_2_88.dqdimacs,53,128
./benchmark_tests/original/Biere/adder_3_2/pec_adder_3_bit_2_88.dqdimacs,54,131
./benchmark_tests/original/Biere/adder_3_2/pec_adder_3_bit_2_88.dqdimacs,56,127
./benchmark_tests/original/Biere/adder_3_2/pec_adder_3_bit_2_88.dqdimacs,57,128
./benchmark_tests/original/Biere/adder_3_2/pec_adder_3_bit_2_88.dqdimacs,58,127
./benchmark_tests/original/Biere/adder_3_2/pec_adder_3_bit_2_88.dqdimacs,59,129
./benchmark_tests/original/Biere/adder_3_2/pec_adder_3_bit_2_88.dqdimacs,61,128
./benchmark_tests/original/Biere/adder_3_2/pec_adder_3_bit_2_88.dqdimacs,62,128
./benchmark_tests/original/Biere/adder_3_2/pec_adder_3_bit_2_88.dqdimacs,63,129
./benchmark_tests/original/Biere/adder_3_2/pec_adder_3_bit_2_88.dqdimacs,64,130
./benchmark_tests/original/Biere/adder_3_2/pec_adder_3_bit_2_88.dqdimacs,65,129
./benchmark_tests/original/Biere/adder_3_2/pec_adder_3_bit_2_88.dqdimacs,66,127
./benchmark_tests/original/Biere/adder_3_2/pec_adder_3_bit_2_88.dqdimacs,67,128
./benchmark_tests/original/Biere/adder_3_2/pec_adder_3_bit_2_88.dqdimacs,68,128
./benchmark_tests/original/Biere/adder_3_2/pec_adder_3_bit_2_88.dqdimacs,69,129
./benchmark_tests/original/Biere/adder_3_2/pec_adder_3_bit_2_88.dqdimacs,70,129
./benchmark_tests/original/Biere/adder_3_2/pec_adder_3_bit_2_88.dqdimacs,71,128
./benchmark_tests/original/Biere/adder_3_2/pec_adder_3_bit_2_88.dqdimacs,72,129
./benchmark_tests/original/Biere/adder_3_2/pec_adder_3_bit_2_88.dqdimacs,73,129
./benchmark_tests/original/Biere/adder_3_2/pec_adder_3_bit_2_88.dqdimacs,74,130
./benchmark_tests/original/Biere/adder_3_2/pec_adder_3_bit_2_88.dqdimacs,75,129
./benchmark_tests/original/Biere/adder_3_2/pec_adder_3_bit_2_88.dqdimacs,76,129
./benchmark_tests/original/Biere/adder_3_2/pec_adder_3_bit_2_88.dqdimacs,77,129
./benchmark_tests/original/Biere/adder_3_2/pec_adder_3_bit_2_88.dqdimacs,78,129
./benchmark_tests/original/Biere/adder_3_2/pec_adder_3_bit_2_88.dqdimacs,79,130
./benchmark_tests/original/Biere/adder_3_2/pec_adder_3_bit_2_88.dqdimacs,80,129
./benchmark_tests/original/Biere/adder_3_2/pec_adder_3_bit_2_89.dqdimacs,4,204
./benchmark_tests/original/Biere/adder_3_2/pec_adder_3_bit_2_89.dqdimacs,5,152
./benchmark_tests/original/Biere/adder_3_2/pec_adder_3_bit_2_89.dqdimacs,6,155
./benchmark_tests/original/Biere/adder_3_2/pec_adder_3_bit_2_89.dqdimacs,10,153
./benchmark_tests/original/Biere/adder_3_2/pec_adder_3_bit_2_89.dqdimacs,11,153
./benchmark_tests/original/Biere/adder_3_2/pec_adder_3_bit_2_89.dqdimacs,12,153
./benchmark_tests/original/Biere/adder_3_2/pec_adder_3_bit_2_89.dqdimacs,13,151
./benchmark_tests/original/Biere/adder_3_2/pec_adder_3_bit_2_89.dqdimacs,17,153
./benchmark_tests/original/Biere/adder_3_2/pec_adder_3_bit_2_89.dqdimacs,18,150
./benchmark_tests/original/Biere/adder_3_2/pec_adder_3_bit_2_89.dqdimacs,19,147
./benchmark_tests/original/Biere/adder_3_2/pec_adder_3_bit_2_89.dqdimacs,20,140
./benchmark_tests/original/Biere/adder_3_2/pec_adder_3_bit_2_89.dqdimacs,22,126
./benchmark_tests/original/Biere/adder_3_2/pec_adder_3_bit_2_89.dqdimacs,23,117
./benchmark_tests/original/Biere/adder_3_2/pec_adder_3_bit_2_89.dqdimacs,24,108
./benchmark_tests/original/Biere/adder_3_2/pec_adder_3_bit_2_89.dqdimacs,25,100
./benchmark_tests/original/Biere/adder_3_2/pec_adder_3_bit_2_89.dqdimacs,26,93
./benchmark_tests/original/Biere/adder_3_2/pec_adder_3_bit_2_89.dqdimacs,27,89
./benchmark_tests/original/Biere/adder_3_2/pec_adder_3_bit_2_89.dqdimacs,29,82
./benchmark_tests/original/Biere/adder_3_2/pec_adder_3_bit_2_89.dqdimacs,30,81
./benchmark_tests/original/Biere/adder_3_2/pec_adder_3_bit_2_89.dqdimacs,31,83
./benchmark_tests/original/Biere/adder_3_2/pec_adder_3_bit_2_89.dqdimacs,33,80
./benchmark_tests/original/Biere/adder_3_2/pec_adder_3_bit_2_89.dqdimacs,34,82
./benchmark_tests/original/Biere/adder_3_2/pec_adder_3_bit_2_89.dqdimacs,35,82
./benchmark_tests/original/Biere/adder_3_2/pec_adder_3_bit_2_89.dqdimacs,36,82
./benchmark_tests/original/Biere/adder_3_2/pec_adder_3_bit_2_89.dqdimacs,37,82
./benchmark_tests/original/Biere/adder_3_2/pec_adder_3_bit_2_89.dqdimacs,38,84
./benchmark_tests/original/Biere/adder_3_2/pec_adder_3_bit_2_89.dqdimacs,39,81
./benchmark_tests/original/Biere/adder_3_2/pec_adder_3_bit_2_89.dqdimacs,40,81
./benchmark_tests/original/Biere/adder_3_2/pec_adder_3_bit_2_89.dqdimacs,41,80
./benchmark_tests/original/Biere/adder_3_2/pec_adder_3_bit_2_89.dqdimacs,42,82
./benchmark_tests/original/Biere/adder_3_2/pec_adder_3_bit_2_89.dqdimacs,43,81
./benchmark_tests/original/Biere/adder_3_2/pec_adder_3_bit_2_89.dqdimacs,44,81
./benchmark_tests/original/Biere/adder_3_2/pec_adder_3_bit_2_89.dqdimacs,45,80
./benchmark_tests/original/Biere/adder_3_2/pec_adder_3_bit_2_89.dqdimacs,46,81
./benchmark_tests/original/Biere/adder_3_2/pec_adder_3_bit_2_89.dqdimacs,47,82
./benchmark_tests/original/Biere/adder_3_2/pec_adder_3_bit_2_89.dqdimacs,48,84
./benchmark_tests/original/Biere/adder_3_2/pec_adder_3_bit_2_89.dqdimacs,49,81
./benchmark_tests/original/Biere/adder_3_2/pec_adder_3_bit_2_89.dqdimacs,50,82
./benchmark_tests/original/Biere/adder_3_2/pec_adder_3_bit_2_89.dqdimacs,51,82
./benchmark_tests/original/Biere/adder_3_2/pec_adder_3_bit_2_89.dqdimacs,52,81
./benchmark_tests/original/Biere/adder_3_2/pec_adder_3_bit_2_89.dqdimacs,53,81
./benchmark_tests/original/Biere/adder_3_2/pec_adder_3_bit_2_89.dqdimacs,54,82
./benchmark_tests/original/Biere/adder_3_2/pec_adder_3_bit_2_89.dqdimacs,55,82
./benchmark_tests/original/Biere/adder_3_2/pec_adder_3_bit_2_89.dqdimacs,56,80
./benchmark_tests/original/Biere/adder_3_2/pec_adder_3_bit_2_8.dqdimacs,4,311
./benchmark_tests/original/Biere/adder_3_2/pec_adder_3_bit_2_8.dqdimacs,5,344
./benchmark_tests/original/Biere/adder_3_2/pec_adder_3_bit_2_8.dqdimacs,6,287
./benchmark_tests/original/Biere/adder_3_2/pec_adder_3_bit_2_8.dqdimacs,10,281
./benchmark_tests/original/Biere/adder_3_2/pec_adder_3_bit_2_8.dqdimacs,11,285
./benchmark_tests/original/Biere/adder_3_2/pec_adder_3_bit_2_8.dqdimacs,12,262
./benchmark_tests/original/Biere/adder_3_2/pec_adder_3_bit_2_8.dqdimacs,13,228
./benchmark_tests/original/Biere/adder_3_2/pec_adder_3_bit_2_8.dqdimacs,17,191
./benchmark_tests/original/Biere/adder_3_2/pec_adder_3_bit_2_8.dqdimacs,18,174
./benchmark_tests/original/Biere/adder_3_2/pec_adder_3_bit_2_8.dqdimacs,19,164
./benchmark_tests/original/Biere/adder_3_2/pec_adder_3_bit_2_8.dqdimacs,20,166
./benchmark_tests/original/Biere/adder_3_2/pec_adder_3_bit_2_8.dqdimacs,22,164
./benchmark_tests/original/Biere/adder_3_2/pec_adder_3_bit_2_8.dqdimacs,23,164
./benchmark_tests/original/Biere/adder_3_2/pec_adder_3_bit_2_8.dqdimacs,24,164
./benchmark_tests/original/Biere/adder_3_2/pec_adder_3_bit_2_8.dqdimacs,25,165
./benchmark_tests/original/Biere/adder_3_2/pec_adder_3_bit_2_8.dqdimacs,26,164
./benchmark_tests/original/Biere/adder_3_2/pec_adder_3_bit_2_8.dqdimacs,27,164
./benchmark_tests/original/Biere/adder_3_2/pec_adder_3_bit_2_8.dqdimacs,29,164
./benchmark_tests/original/Biere/adder_3_2/pec_adder_3_bit_2_8.dqdimacs,30,164
./benchmark_tests/original/Biere/adder_3_2/pec_adder_3_bit_2_8.dqdimacs,31,167
./benchmark_tests/original/Biere/adder_3_2/pec_adder_3_bit_2_8.dqdimacs,33,163
./benchmark_tests/original/Biere/adder_3_2/pec_adder_3_bit_2_8.dqdimacs,34,162
./benchmark_tests/original/Biere/adder_3_2/pec_adder_3_bit_2_8.dqdimacs,35,162
./benchmark_tests/original/Biere/adder_3_2/pec_adder_3_bit_2_8.dqdimacs,37,160
./benchmark_tests/original/Biere/adder_3_2/pec_adder_3_bit_2_8.dqdimacs,38,159
./benchmark_tests/original/Biere/adder_3_2/pec_adder_3_bit_2_8.dqdimacs,39,160
./benchmark_tests/original/Biere/adder_3_2/pec_adder_3_bit_2_8.dqdimacs,40,160
./benchmark_tests/original/Biere/adder_3_2/pec_adder_3_bit_2_8.dqdimacs,41,161
./benchmark_tests/original/Biere/adder_3_2/pec_adder_3_bit_2_8.dqdimacs,42,163
./benchmark_tests/original/Biere/adder_3_2/pec_adder_3_bit_2_8.dqdimacs,44,160
./benchmark_tests/original/Biere/adder_3_2/pec_adder_3_bit_2_8.dqdimacs,45,161
./benchmark_tests/original/Biere/adder_3_2/pec_adder_3_bit_2_8.dqdimacs,46,163
./benchmark_tests/original/Biere/adder_3_2/pec_adder_3_bit_2_8.dqdimacs,48,161
./benchmark_tests/original/Biere/adder_3_2/pec_adder_3_bit_2_8.dqdimacs,49,159
./benchmark_tests/original/Biere/adder_3_2/pec_adder_3_bit_2_8.dqdimacs,50,163
./benchmark_tests/original/Biere/adder_3_2/pec_adder_3_bit_2_8.dqdimacs,51,162
./benchmark_tests/original/Biere/adder_3_2/pec_adder_3_bit_2_8.dqdimacs,52,161
./benchmark_tests/original/Biere/adder_3_2/pec_adder_3_bit_2_8.dqdimacs,53,160
./benchmark_tests/original/Biere/adder_3_2/pec_adder_3_bit_2_8.dqdimacs,54,160
./benchmark_tests/original/Biere/adder_3_2/pec_adder_3_bit_2_8.dqdimacs,55,159
./benchmark_tests/original/Biere/adder_3_2/pec_adder_3_bit_2_8.dqdimacs,56,159
./benchmark_tests/original/Biere/adder_3_2/pec_adder_3_bit_2_8.dqdimacs,57,159
./benchmark_tests/original/Biere/adder_3_2/pec_adder_3_bit_2_8.dqdimacs,58,162
./benchmark_tests/original/Biere/adder_3_2/pec_adder_3_bit_2_8.dqdimacs,59,160
./benchmark_tests/original/Biere/adder_3_2/pec_adder_3_bit_2_8.dqdimacs,60,162
./benchmark_tests/original/Biere/adder_3_2/pec_adder_3_bit_2_8.dqdimacs,61,161
./benchmark_tests/original/Biere/adder_3_2/pec_adder_3_bit_2_8.dqdimacs,62,161
./benchmark_tests/original/Biere/adder_3_2/pec_adder_3_bit_2_8.dqdimacs,63,161
./benchmark_tests/original/Biere/adder_3_2/pec_adder_3_bit_2_8.dqdimacs,64,163
./benchmark_tests/original/Biere/adder_3_2/pec_adder_3_bit_2_8.dqdimacs,65,160
./benchmark_tests/original/Biere/adder_3_2/pec_adder_3_bit_2_8.dqdimacs,66,160
./benchmark_tests/original/Biere/adder_3_2/pec_adder_3_bit_2_8.dqdimacs,67,163
./benchmark_tests/original/Biere/adder_3_2/pec_adder_3_bit_2_8.dqdimacs,68,163
./benchmark_tests/original/Biere/adder_3_2/pec_adder_3_bit_2_8.dqdimacs,69,163
./benchmark_tests/original/Biere/adder_3_2/pec_adder_3_bit_2_90.dqdimacs,4,269
./benchmark_tests/original/Biere/adder_3_2/pec_adder_3_bit_2_90.dqdimacs,5,219
./benchmark_tests/original/Biere/adder_3_2/pec_adder_3_bit_2_90.dqdimacs,6,220
./benchmark_tests/original/Biere/adder_3_2/pec_adder_3_bit_2_90.dqdimacs,10,218
./benchmark_tests/original/Biere/adder_3_2/pec_adder_3_bit_2_90.dqdimacs,11,221
./benchmark_tests/original/Biere/adder_3_2/pec_adder_3_bit_2_90.dqdimacs,12,219
./benchmark_tests/original/Biere/adder_3_2/pec_adder_3_bit_2_90.dqdimacs,13,216
./benchmark_tests/original/Biere/adder_3_2/pec_adder_3_bit_2_90.dqdimacs,17,197
./benchmark_tests/original/Biere/adder_3_2/pec_adder_3_bit_2_90.dqdimacs,18,176
./benchmark_tests/original/Biere/adder_3_2/pec_adder_3_bit_2_90.dqdimacs,19,156
./benchmark_tests/original/Biere/adder_3_2/pec_adder_3_bit_2_90.dqdimacs,20,141
./benchmark_tests/original/Biere/adder_3_2/pec_adder_3_bit_2_90.dqdimacs,22,125
./benchmark_tests/original/Biere/adder_3_2/pec_adder_3_bit_2_90.dqdimacs,23,117
./benchmark_tests/original/Biere/adder_3_2/pec_adder_3_bit_2_90.dqdimacs,24,116
./benchmark_tests/original/Biere/adder_3_2/pec_adder_3_bit_2_90.dqdimacs,25,116
./benchmark_tests/original/Biere/adder_3_2/pec_adder_3_bit_2_90.dqdimacs,26,116
./benchmark_tests/original/Biere/adder_3_2/pec_adder_3_bit_2_90.dqdimacs,27,117
./benchmark_tests/original/Biere/adder_3_2/pec_adder_3_bit_2_90.dqdimacs,29,115
./benchmark_tests/original/Biere/adder_3_2/pec_adder_3_bit_2_90.dqdimacs,30,116
./benchmark_tests/original/Biere/adder_3_2/pec_adder_3_bit_2_90.dqdimacs,31,119
./benchmark_tests/original/Biere/adder_3_2/pec_adder_3_bit_2_90.dqdimacs,33,116
./benchmark_tests/original/Biere/adder_3_2/pec_adder_3_bit_2_90.dqdimacs,34,117
./benchmark_tests/original/Biere/adder_3_2/pec_adder_3_bit_2_90.dqdimacs,35,120
./benchmark_tests/original/Biere/adder_3_2/pec_adder_3_bit_2_90.dqdimacs,37,117
./benchmark_tests/original/Biere/adder_3_2/pec_adder_3_bit_2_90.dqdimacs,38,117
./benchmark_tests/original/Biere/adder_3_2/pec_adder_3_bit_2_90.dqdimacs,39,117
./benchmark_tests/original/Biere/adder_3_2/pec_adder_3_bit_2_90.dqdimacs,40,117
./benchmark_tests/original/Biere/adder_3_2/pec_adder_3_bit_2_90.dqdimacs,41,117
./benchmark_tests/original/Biere/adder_3_2/pec_adder_3_bit_2_90.dqdimacs,42,118
./benchmark_tests/original/Biere/adder_3_2/pec_adder_3_bit_2_90.dqdimacs,43,117
./benchmark_tests/original/Biere/adder_3_2/pec_adder_3_bit_2_90.dqdimacs,44,117
./benchmark_tests/original/Biere/adder_3_2/pec_adder_3_bit_2_90.dqdimacs,45,117
./benchmark_tests/original/Biere/adder_3_2/pec_adder_3_bit_2_90.dqdimacs,46,116
./benchmark_tests/original/Biere/adder_3_2/pec_adder_3_bit_2_90.dqdimacs,47,118
./benchmark_tests/original/Biere/adder_3_2/pec_adder_3_bit_2_90.dqdimacs,48,117
./benchmark_tests/original/Biere/adder_3_2/pec_adder_3_bit_2_90.dqdimacs,49,117
./benchmark_tests/original/Biere/adder_3_2/pec_adder_3_bit_2_90.dqdimacs,50,116
./benchmark_tests/original/Biere/adder_3_2/pec_adder_3_bit_2_90.dqdimacs,51,116
./benchmark_tests/original/Biere/adder_3_2/pec_adder_3_bit_2_90.dqdimacs,52,116
./benchmark_tests/original/Biere/adder_3_2/pec_adder_3_bit_2_90.dqdimacs,53,116
./benchmark_tests/original/Biere/adder_3_2/pec_adder_3_bit_2_90.dqdimacs,54,117
./benchmark_tests/original/Biere/adder_3_2/pec_adder_3_bit_2_90.dqdimacs,55,116
./benchmark_tests/original/Biere/adder_3_2/pec_adder_3_bit_2_90.dqdimacs,56,116
./benchmark_tests/original/Biere/adder_3_2/pec_adder_3_bit_2_90.dqdimacs,57,116
./benchmark_tests/original/Biere/adder_3_2/pec_adder_3_bit_2_90.dqdimacs,58,116
./benchmark_tests/original/Biere/adder_3_2/pec_adder_3_bit_2_90.dqdimacs,59,116
./benchmark_tests/original/Biere/adder_3_2/pec_adder_3_bit_2_90.dqdimacs,60,116
./benchmark_tests/original/Biere/adder_3_2/pec_adder_3_bit_2_90.dqdimacs,61,118
./benchmark_tests/original/Biere/adder_3_2/pec_adder_3_bit_2_90.dqdimacs,62,116
./benchmark_tests/original/Biere/adder_3_2/pec_adder_3_bit_2_91.dqdimacs,4,258
./benchmark_tests/original/Biere/adder_3_2/pec_adder_3_bit_2_91.dqdimacs,5,300
./benchmark_tests/original/Biere/adder_3_2/pec_adder_3_bit_2_91.dqdimacs,6,236
./benchmark_tests/original/Biere/adder_3_2/pec_adder_3_bit_2_91.dqdimacs,10,233
./benchmark_tests/original/Biere/adder_3_2/pec_adder_3_bit_2_91.dqdimacs,11,230
./benchmark_tests/original/Biere/adder_3_2/pec_adder_3_bit_2_91.dqdimacs,12,228
./benchmark_tests/original/Biere/adder_3_2/pec_adder_3_bit_2_91.dqdimacs,13,216
./benchmark_tests/original/Biere/adder_3_2/pec_adder_3_bit_2_91.dqdimacs,17,192
./benchmark_tests/original/Biere/adder_3_2/pec_adder_3_bit_2_91.dqdimacs,18,171
./benchmark_tests/original/Biere/adder_3_2/pec_adder_3_bit_2_91.dqdimacs,19,152
./benchmark_tests/original/Biere/adder_3_2/pec_adder_3_bit_2_91.dqdimacs,20,137
./benchmark_tests/original/Biere/adder_3_2/pec_adder_3_bit_2_91.dqdimacs,22,123
./benchmark_tests/original/Biere/adder_3_2/pec_adder_3_bit_2_91.dqdimacs,23,122
./benchmark_tests/original/Biere/adder_3_2/pec_adder_3_bit_2_91.dqdimacs,24,122
./benchmark_tests/original/Biere/adder_3_2/pec_adder_3_bit_2_91.dqdimacs,25,122
./benchmark_tests/original/Biere/adder_3_2/pec_adder_3_bit_2_91.dqdimacs,26,123
./benchmark_tests/original/Biere/adder_3_2/pec_adder_3_bit_2_91.dqdimacs,27,123
./benchmark_tests/original/Biere/adder_3_2/pec_adder_3_bit_2_91.dqdimacs,29,128
./benchmark_tests/original/Biere/adder_3_2/pec_adder_3_bit_2_91.dqdimacs,30,134
./benchmark_tests/original/Biere/adder_3_2/pec_adder_3_bit_2_91.dqdimacs,31,135
./benchmark_tests/original/Biere/adder_3_2/pec_adder_3_bit_2_91.dqdimacs,33,134
./benchmark_tests/original/Biere/adder_3_2/pec_adder_3_bit_2_91.dqdimacs,34,134
./benchmark_tests/original/Biere/adder_3_2/pec_adder_3_bit_2_91.dqdimacs,35,136
./benchmark_tests/original/Biere/adder_3_2/pec_adder_3_bit_2_91.dqdimacs,37,134
./benchmark_tests/original/Biere/adder_3_2/pec_adder_3_bit_2_91.dqdimacs,38,135
./benchmark_tests/original/Biere/adder_3_2/pec_adder_3_bit_2_91.dqdimacs,39,136
./benchmark_tests/original/Biere/adder_3_2/pec_adder_3_bit_2_91.dqdimacs,41,134
./benchmark_tests/original/Biere/adder_3_2/pec_adder_3_bit_2_91.dqdimacs,42,134
./benchmark_tests/original/Biere/adder_3_2/pec_adder_3_bit_2_91.dqdimacs,43,134
./benchmark_tests/original/Biere/adder_3_2/pec_adder_3_bit_2_91.dqdimacs,44,135
./benchmark_tests/original/Biere/adder_3_2/pec_adder_3_bit_2_91.dqdimacs,45,135
./benchmark_tests/original/Biere/adder_3_2/pec_adder_3_bit_2_91.dqdimacs,46,134
./benchmark_tests/original/Biere/adder_3_2/pec_adder_3_bit_2_91.dqdimacs,47,137
./benchmark_tests/original/Biere/adder_3_2/pec_adder_3_bit_2_91.dqdimacs,49,135
./benchmark_tests/original/Biere/adder_3_2/pec_adder_3_bit_2_91.dqdimacs,50,135
./benchmark_tests/original/Biere/adder_3_2/pec_adder_3_bit_2_91.dqdimacs,51,138
./benchmark_tests/original/Biere/adder_3_2/pec_adder_3_bit_2_91.dqdimacs,53,136
./benchmark_tests/original/Biere/adder_3_2/pec_adder_3_bit_2_91.dqdimacs,54,134
./benchmark_tests/original/Biere/adder_3_2/pec_adder_3_bit_2_91.dqdimacs,55,138
./benchmark_tests/original/Biere/adder_3_2/pec_adder_3_bit_2_91.dqdimacs,56,134
./benchmark_tests/original/Biere/adder_3_2/pec_adder_3_bit_2_91.dqdimacs,57,134
./benchmark_tests/original/Biere/adder_3_2/pec_adder_3_bit_2_91.dqdimacs,58,135
./benchmark_tests/original/Biere/adder_3_2/pec_adder_3_bit_2_91.dqdimacs,59,136
./benchmark_tests/original/Biere/adder_3_2/pec_adder_3_bit_2_91.dqdimacs,60,135
./benchmark_tests/original/Biere/adder_3_2/pec_adder_3_bit_2_91.dqdimacs,61,136
./benchmark_tests/original/Biere/adder_3_2/pec_adder_3_bit_2_91.dqdimacs,62,135
./benchmark_tests/original/Biere/adder_3_2/pec_adder_3_bit_2_91.dqdimacs,63,135
./benchmark_tests/original/Biere/adder_3_2/pec_adder_3_bit_2_91.dqdimacs,64,134
./benchmark_tests/original/Biere/adder_3_2/pec_adder_3_bit_2_91.dqdimacs,65,137
./benchmark_tests/original/Biere/adder_3_2/pec_adder_3_bit_2_91.dqdimacs,66,135
./benchmark_tests/original/Biere/adder_3_2/pec_adder_3_bit_2_91.dqdimacs,67,135
./benchmark_tests/original/Biere/adder_3_2/pec_adder_3_bit_2_91.dqdimacs,68,135
./benchmark_tests/original/Biere/adder_3_2/pec_adder_3_bit_2_91.dqdimacs,69,136
./benchmark_tests/original/Biere/adder_3_2/pec_adder_3_bit_2_91.dqdimacs,70,135
./benchmark_tests/original/Biere/adder_3_2/pec_adder_3_bit_2_91.dqdimacs,71,136
./benchmark_tests/original/Biere/adder_3_2/pec_adder_3_bit_2_91.dqdimacs,72,137
./benchmark_tests/original/Biere/adder_3_2/pec_adder_3_bit_2_91.dqdimacs,73,137
./benchmark_tests/original/Biere/adder_3_2/pec_adder_3_bit_2_92.dqdimacs,4,370
./benchmark_tests/original/Biere/adder_3_2/pec_adder_3_bit_2_92.dqdimacs,5,424
./benchmark_tests/original/Biere/adder_3_2/pec_adder_3_bit_2_92.dqdimacs,6,379
./benchmark_tests/original/Biere/adder_3_2/pec_adder_3_bit_2_92.dqdimacs,10,376
./benchmark_tests/original/Biere/adder_3_2/pec_adder_3_bit_2_92.dqdimacs,11,331
./benchmark_tests/original/Biere/adder_3_2/pec_adder_3_bit_2_92.dqdimacs,12,270
./benchmark_tests/original/Biere/adder_3_2/pec_adder_3_bit_2_92.dqdimacs,13,226
./benchmark_tests/original/Biere/adder_3_2/pec_adder_3_bit_2_92.dqdimacs,17,199
./benchmark_tests/original/Biere/adder_3_2/pec_adder_3_bit_2_92.dqdimacs,18,197
./benchmark_tests/original/Biere/adder_3_2/pec_adder_3_bit_2_92.dqdimacs,19,197
./benchmark_tests/original/Biere/adder_3_2/pec_adder_3_bit_2_92.dqdimacs,20,196
./benchmark_tests/original/Biere/adder_3_2/pec_adder_3_bit_2_92.dqdimacs,22,197
./benchmark_tests/original/Biere/adder_3_2/pec_adder_3_bit_2_92.dqdimacs,23,195
./benchmark_tests/original/Biere/adder_3_2/pec_adder_3_bit_2_92.dqdimacs,24,196
./benchmark_tests/original/Biere/adder_3_2/pec_adder_3_bit_2_92.dqdimacs,25,196
./benchmark_tests/original/Biere/adder_3_2/pec_adder_3_bit_2_92.dqdimacs,26,195
./benchmark_tests/original/Biere/adder_3_2/pec_adder_3_bit_2_92.dqdimacs,27,197
./benchmark_tests/original/Biere/adder_3_2/pec_adder_3_bit_2_92.dqdimacs,29,197
./benchmark_tests/original/Biere/adder_3_2/pec_adder_3_bit_2_92.dqdimacs,30,197
./benchmark_tests/original/Biere/adder_3_2/pec_adder_3_bit_2_92.dqdimacs,31,196
./benchmark_tests/original/Biere/adder_3_2/pec_adder_3_bit_2_92.dqdimacs,33,196
./benchmark_tests/original/Biere/adder_3_2/pec_adder_3_bit_2_92.dqdimacs,34,195
./benchmark_tests/original/Biere/adder_3_2/pec_adder_3_bit_2_92.dqdimacs,35,197
./benchmark_tests/original/Biere/adder_3_2/pec_adder_3_bit_2_92.dqdimacs,37,193
./benchmark_tests/original/Biere/adder_3_2/pec_adder_3_bit_2_92.dqdimacs,38,193
./benchmark_tests/original/Biere/adder_3_2/pec_adder_3_bit_2_92.dqdimacs,39,198
./benchmark_tests/original/Biere/adder_3_2/pec_adder_3_bit_2_92.dqdimacs,40,196
./benchmark_tests/original/Biere/adder_3_2/pec_adder_3_bit_2_92.dqdimacs,41,198
./benchmark_tests/original/Biere/adder_3_2/pec_adder_3_bit_2_92.dqdimacs,43,196
./benchmark_tests/original/Biere/adder_3_2/pec_adder_3_bit_2_92.dqdimacs,44,195
./benchmark_tests/original/Biere/adder_3_2/pec_adder_3_bit_2_92.dqdimacs,45,198
./benchmark_tests/original/Biere/adder_3_2/pec_adder_3_bit_2_92.dqdimacs,46,193
./benchmark_tests/original/Biere/adder_3_2/pec_adder_3_bit_2_92.dqdimacs,47,197
./benchmark_tests/original/Biere/adder_3_2/pec_adder_3_bit_2_92.dqdimacs,48,195
./benchmark_tests/original/Biere/adder_3_2/pec_adder_3_bit_2_92.dqdimacs,49,199
./benchmark_tests/original/Biere/adder_3_2/pec_adder_3_bit_2_92.dqdimacs,50,198
./benchmark_tests/original/Biere/adder_3_2/pec_adder_3_bit_2_92.dqdimacs,51,196
./benchmark_tests/original/Biere/adder_3_2/pec_adder_3_bit_2_92.dqdimacs,52,198
./benchmark_tests/original/Biere/adder_3_2/pec_adder_3_bit_2_92.dqdimacs,53,194
./benchmark_tests/original/Biere/adder_3_2/pec_adder_3_bit_2_92.dqdimacs,54,193
./benchmark_tests/original/Biere/adder_3_2/pec_adder_3_bit_2_92.dqdimacs,55,195
./benchmark_tests/original/Biere/adder_3_2/pec_adder_3_bit_2_92.dqdimacs,56,196
./benchmark_tests/original/Biere/adder_3_2/pec_adder_3_bit_2_92.dqdimacs,57,196
./benchmark_tests/original/Biere/adder_3_2/pec_adder_3_bit_2_92.dqdimacs,58,196
./benchmark_tests/original/Biere/adder_3_2/pec_adder_3_bit_2_92.dqdimacs,59,195
./benchmark_tests/original/Biere/adder_3_2/pec_adder_3_bit_2_92.dqdimacs,60,194
./benchmark_tests/original/Biere/adder_3_2/pec_adder_3_bit_2_92.dqdimacs,61,195
./benchmark_tests/original/Biere/adder_3_2/pec_adder_3_bit_2_92.dqdimacs,62,194
./benchmark_tests/original/Biere/adder_3_2/pec_adder_3_bit_2_92.dqdimacs,63,196
./benchmark_tests/original/Biere/adder_3_2/pec_adder_3_bit_2_92.dqdimacs,64,198
./benchmark_tests/original/Biere/adder_3_2/pec_adder_3_bit_2_92.dqdimacs,65,197
./benchmark_tests/original/Biere/adder_3_2/pec_adder_3_bit_2_93.dqdimacs,4,348
./benchmark_tests/original/Biere/adder_3_2/pec_adder_3_bit_2_93.dqdimacs,5,300
./benchmark_tests/original/Biere/adder_3_2/pec_adder_3_bit_2_93.dqdimacs,6,293
./benchmark_tests/original/Biere/adder_3_2/pec_adder_3_bit_2_93.dqdimacs,10,291
./benchmark_tests/original/Biere/adder_3_2/pec_adder_3_bit_2_93.dqdimacs,11,295
./benchmark_tests/original/Biere/adder_3_2/pec_adder_3_bit_2_93.dqdimacs,12,265
./benchmark_tests/original/Biere/adder_3_2/pec_adder_3_bit_2_93.dqdimacs,13,228
./benchmark_tests/original/Biere/adder_3_2/pec_adder_3_bit_2_93.dqdimacs,17,192
./benchmark_tests/original/Biere/adder_3_2/pec_adder_3_bit_2_93.dqdimacs,18,172
./benchmark_tests/original/Biere/adder_3_2/pec_adder_3_bit_2_93.dqdimacs,19,157
./benchmark_tests/original/Biere/adder_3_2/pec_adder_3_bit_2_93.dqdimacs,20,155
./benchmark_tests/original/Biere/adder_3_2/pec_adder_3_bit_2_93.dqdimacs,22,156
./benchmark_tests/original/Biere/adder_3_2/pec_adder_3_bit_2_93.dqdimacs,23,155
./benchmark_tests/original/Biere/adder_3_2/pec_adder_3_bit_2_93.dqdimacs,24,156
./benchmark_tests/original/Biere/adder_3_2/pec_adder_3_bit_2_93.dqdimacs,25,156
./benchmark_tests/original/Biere/adder_3_2/pec_adder_3_bit_2_93.dqdimacs,26,156
./benchmark_tests/original/Biere/adder_3_2/pec_adder_3_bit_2_93.dqdimacs,27,156
./benchmark_tests/original/Biere/adder_3_2/pec_adder_3_bit_2_93.dqdimacs,29,155
./benchmark_tests/original/Biere/adder_3_2/pec_adder_3_bit_2_93.dqdimacs,30,155
./benchmark_tests/original/Biere/adder_3_2/pec_adder_3_bit_2_93.dqdimacs,31,157
./benchmark_tests/original/Biere/adder_3_2/pec_adder_3_bit_2_93.dqdimacs,33,154
./benchmark_tests/original/Biere/adder_3_2/pec_adder_3_bit_2_93.dqdimacs,34,154
./benchmark_tests/original/Biere/adder_3_2/pec_adder_3_bit_2_93.dqdimacs,35,156
./benchmark_tests/original/Biere/adder_3_2/pec_adder_3_bit_2_93.dqdimacs,37,153
./benchmark_tests/original/Biere/adder_3_2/pec_adder_3_bit_2_93.dqdimacs,38,154
./benchmark_tests/original/Biere/adder_3_2/pec_adder_3_bit_2_93.dqdimacs,39,155
./benchmark_tests/original/Biere/adder_3_2/pec_adder_3_bit_2_93.dqdimacs,40,154
./benchmark_tests/original/Biere/adder_3_2/pec_adder_3_bit_2_93.dqdimacs,41,153
./benchmark_tests/original/Biere/adder_3_2/pec_adder_3_bit_2_93.dqdimacs,42,155
./benchmark_tests/original/Biere/adder_3_2/pec_adder_3_bit_2_93.dqdimacs,43,155
./benchmark_tests/original/Biere/adder_3_2/pec_adder_3_bit_2_93.dqdimacs,44,155
./benchmark_tests/original/Biere/adder_3_2/pec_adder_3_bit_2_93.dqdimacs,45,154
./benchmark_tests/original/Biere/adder_3_2/pec_adder_3_bit_2_93.dqdimacs,46,155
./benchmark_tests/original/Biere/adder_3_2/pec_adder_3_bit_2_93.dqdimacs,47,153
./benchmark_tests/original/Biere/adder_3_2/pec_adder_3_bit_2_93.dqdimacs,48,156
./benchmark_tests/original/Biere/adder_3_2/pec_adder_3_bit_2_93.dqdimacs,49,156
./benchmark_tests/original/Biere/adder_3_2/pec_adder_3_bit_2_93.dqdimacs,50,155
./benchmark_tests/original/Biere/adder_3_2/pec_adder_3_bit_2_93.dqdimacs,51,154
./benchmark_tests/original/Biere/adder_3_2/pec_adder_3_bit_2_93.dqdimacs,52,154
./benchmark_tests/original/Biere/adder_3_2/pec_adder_3_bit_2_93.dqdimacs,53,155
./benchmark_tests/original/Biere/adder_3_2/pec_adder_3_bit_2_93.dqdimacs,54,154
./benchmark_tests/original/Biere/adder_3_2/pec_adder_3_bit_2_93.dqdimacs,55,153
./benchmark_tests/original/Biere/adder_3_2/pec_adder_3_bit_2_93.dqdimacs,56,154
./benchmark_tests/original/Biere/adder_3_2/pec_adder_3_bit_2_93.dqdimacs,57,156
./benchmark_tests/original/Biere/adder_3_2/pec_adder_3_bit_2_93.dqdimacs,58,155
./benchmark_tests/original/Biere/adder_3_2/pec_adder_3_bit_2_93.dqdimacs,59,156
./benchmark_tests/original/Biere/adder_3_2/pec_adder_3_bit_2_93.dqdimacs,60,156
./benchmark_tests/original/Biere/adder_3_2/pec_adder_3_bit_2_94.dqdimacs,4,630
./benchmark_tests/original/Biere/adder_3_2/pec_adder_3_bit_2_94.dqdimacs,5,590
./benchmark_tests/original/Biere/adder_3_2/pec_adder_3_bit_2_94.dqdimacs,6,558
./benchmark_tests/original/Biere/adder_3_2/pec_adder_3_bit_2_94.dqdimacs,10,426
./benchmark_tests/original/Biere/adder_3_2/pec_adder_3_bit_2_94.dqdimacs,11,331
./benchmark_tests/original/Biere/adder_3_2/pec_adder_3_bit_2_94.dqdimacs,12,307
./benchmark_tests/original/Biere/adder_3_2/pec_adder_3_bit_2_94.dqdimacs,13,306
./benchmark_tests/original/Biere/adder_3_2/pec_adder_3_bit_2_94.dqdimacs,17,304
./benchmark_tests/original/Biere/adder_3_2/pec_adder_3_bit_2_94.dqdimacs,18,305
./benchmark_tests/original/Biere/adder_3_2/pec_adder_3_bit_2_94.dqdimacs,19,313
./benchmark_tests/original/Biere/adder_3_2/pec_adder_3_bit_2_94.dqdimacs,20,309
./benchmark_tests/original/Biere/adder_3_2/pec_adder_3_bit_2_94.dqdimacs,22,309
./benchmark_tests/original/Biere/adder_3_2/pec_adder_3_bit_2_94.dqdimacs,23,307
./benchmark_tests/original/Biere/adder_3_2/pec_adder_3_bit_2_94.dqdimacs,24,308
./benchmark_tests/original/Biere/adder_3_2/pec_adder_3_bit_2_94.dqdimacs,25,308
./benchmark_tests/original/Biere/adder_3_2/pec_adder_3_bit_2_94.dqdimacs,26,313
./benchmark_tests/original/Biere/adder_3_2/pec_adder_3_bit_2_94.dqdimacs,27,311
./benchmark_tests/original/Biere/adder_3_2/pec_adder_3_bit_2_94.dqdimacs,29,305
./benchmark_tests/original/Biere/adder_3_2/pec_adder_3_bit_2_94.dqdimacs,30,308
./benchmark_tests/original/Biere/adder_3_2/pec_adder_3_bit_2_94.dqdimacs,31,309
./benchmark_tests/original/Biere/adder_3_2/pec_adder_3_bit_2_94.dqdimacs,33,317
./benchmark_tests/original/Biere/adder_3_2/pec_adder_3_bit_2_94.dqdimacs,34,309
./benchmark_tests/original/Biere/adder_3_2/pec_adder_3_bit_2_94.dqdimacs,35,312
./benchmark_tests/original/Biere/adder_3_2/pec_adder_3_bit_2_94.dqdimacs,37,307
./benchmark_tests/original/Biere/adder_3_2/pec_adder_3_bit_2_94.dqdimacs,38,309
./benchmark_tests/original/Biere/adder_3_2/pec_adder_3_bit_2_94.dqdimacs,39,309
./benchmark_tests/original/Biere/adder_3_2/pec_adder_3_bit_2_94.dqdimacs,40,318
./benchmark_tests/original/Biere/adder_3_2/pec_adder_3_bit_2_94.dqdimacs,42,308
./benchmark_tests/original/Biere/adder_3_2/pec_adder_3_bit_2_94.dqdimacs,43,311
./benchmark_tests/original/Biere/adder_3_2/pec_adder_3_bit_2_94.dqdimacs,44,312
./benchmark_tests/original/Biere/adder_3_2/pec_adder_3_bit_2_94.dqdimacs,46,308
./benchmark_tests/original/Biere/adder_3_2/pec_adder_3_bit_2_94.dqdimacs,47,317
./benchmark_tests/original/Biere/adder_3_2/pec_adder_3_bit_2_94.dqdimacs,48,313
./benchmark_tests/original/Biere/adder_3_2/pec_adder_3_bit_2_94.dqdimacs,50,310
./benchmark_tests/original/Biere/adder_3_2/pec_adder_3_bit_2_94.dqdimacs,51,309
./benchmark_tests/original/Biere/adder_3_2/pec_adder_3_bit_2_94.dqdimacs,52,313
./benchmark_tests/original/Biere/adder_3_2/pec_adder_3_bit_2_94.dqdimacs,54,310
./benchmark_tests/original/Biere/adder_3_2/pec_adder_3_bit_2_94.dqdimacs,55,317
./benchmark_tests/original/Biere/adder_3_2/pec_adder_3_bit_2_94.dqdimacs,56,312
./benchmark_tests/original/Biere/adder_3_2/pec_adder_3_bit_2_94.dqdimacs,58,307
./benchmark_tests/original/Biere/adder_3_2/pec_adder_3_bit_2_94.dqdimacs,59,308
./benchmark_tests/original/Biere/adder_3_2/pec_adder_3_bit_2_94.dqdimacs,60,309
./benchmark_tests/original/Biere/adder_3_2/pec_adder_3_bit_2_94.dqdimacs,61,315
./benchmark_tests/original/Biere/adder_3_2/pec_adder_3_bit_2_94.dqdimacs,62,314
./benchmark_tests/original/Biere/adder_3_2/pec_adder_3_bit_2_94.dqdimacs,63,308
./benchmark_tests/original/Biere/adder_3_2/pec_adder_3_bit_2_94.dqdimacs,64,310
./benchmark_tests/original/Biere/adder_3_2/pec_adder_3_bit_2_94.dqdimacs,65,311
./benchmark_tests/original/Biere/adder_3_2/pec_adder_3_bit_2_94.dqdimacs,66,312
./benchmark_tests/original/Biere/adder_3_2/pec_adder_3_bit_2_94.dqdimacs,67,314
./benchmark_tests/original/Biere/adder_3_2/pec_adder_3_bit_2_94.dqdimacs,68,309
./benchmark_tests/original/Biere/adder_3_2/pec_adder_3_bit_2_94.dqdimacs,69,307
./benchmark_tests/original/Biere/adder_3_2/pec_adder_3_bit_2_94.dqdimacs,70,309
./benchmark_tests/original/Biere/adder_3_2/pec_adder_3_bit_2_94.dqdimacs,71,308
./benchmark_tests/original/Biere/adder_3_2/pec_adder_3_bit_2_94.dqdimacs,72,318
./benchmark_tests/original/Biere/adder_3_2/pec_adder_3_bit_2_94.dqdimacs,73,311
./benchmark_tests/original/Biere/adder_3_2/pec_adder_3_bit_2_94.dqdimacs,74,311
./benchmark_tests/original/Biere/adder_3_2/pec_adder_3_bit_2_94.dqdimacs,75,311
./benchmark_tests/original/Biere/adder_3_2/pec_adder_3_bit_2_94.dqdimacs,76,313
./benchmark_tests/original/Biere/adder_3_2/pec_adder_3_bit_2_94.dqdimacs,77,316
./benchmark_tests/original/Biere/adder_3_2/pec_adder_3_bit_2_94.dqdimacs,78,320
./benchmark_tests/original/Biere/adder_3_2/pec_adder_3_bit_2_94.dqdimacs,79,307
./benchmark_tests/original/Biere/adder_3_2/pec_adder_3_bit_2_95.dqdimacs,4,589
./benchmark_tests/original/Biere/adder_3_2/pec_adder_3_bit_2_95.dqdimacs,5,632
./benchmark_tests/original/Biere/adder_3_2/pec_adder_3_bit_2_95.dqdimacs,6,545
./benchmark_tests/original/Biere/adder_3_2/pec_adder_3_bit_2_95.dqdimacs,10,417
./benchmark_tests/original/Biere/adder_3_2/pec_adder_3_bit_2_95.dqdimacs,11,320
./benchmark_tests/original/Biere/adder_3_2/pec_adder_3_bit_2_95.dqdimacs,12,297
./benchmark_tests/original/Biere/adder_3_2/pec_adder_3_bit_2_95.dqdimacs,13,301
./benchmark_tests/original/Biere/adder_3_2/pec_adder_3_bit_2_95.dqdimacs,17,301
./benchmark_tests/original/Biere/adder_3_2/pec_adder_3_bit_2_95.dqdimacs,18,294
./benchmark_tests/original/Biere/adder_3_2/pec_adder_3_bit_2_95.dqdimacs,19,295
./benchmark_tests/original/Biere/adder_3_2/pec_adder_3_bit_2_95.dqdimacs,20,297
./benchmark_tests/original/Biere/adder_3_2/pec_adder_3_bit_2_95.dqdimacs,22,294
./benchmark_tests/original/Biere/adder_3_2/pec_adder_3_bit_2_95.dqdimacs,23,297
./benchmark_tests/original/Biere/adder_3_2/pec_adder_3_bit_2_95.dqdimacs,24,298
./benchmark_tests/original/Biere/adder_3_2/pec_adder_3_bit_2_95.dqdimacs,25,301
./benchmark_tests/original/Biere/adder_3_2/pec_adder_3_bit_2_95.dqdimacs,26,300
./benchmark_tests/original/Biere/adder_3_2/pec_adder_3_bit_2_95.dqdimacs,27,300
./benchmark_tests/original/Biere/adder_3_2/pec_adder_3_bit_2_95.dqdimacs,29,299
./benchmark_tests/original/Biere/adder_3_2/pec_adder_3_bit_2_95.dqdimacs,30,299
./benchmark_tests/original/Biere/adder_3_2/pec_adder_3_bit_2_95.dqdimacs,31,298
./benchmark_tests/original/Biere/adder_3_2/pec_adder_3_bit_2_95.dqdimacs,33,296
./benchmark_tests/original/Biere/adder_3_2/pec_adder_3_bit_2_95.dqdimacs,34,302
./benchmark_tests/original/Biere/adder_3_2/pec_adder_3_bit_2_95.dqdimacs,35,297
./benchmark_tests/original/Biere/adder_3_2/pec_adder_3_bit_2_95.dqdimacs,37,297
./benchmark_tests/original/Biere/adder_3_2/pec_adder_3_bit_2_95.dqdimacs,38,297
./benchmark_tests/original/Biere/adder_3_2/pec_adder_3_bit_2_95.dqdimacs,39,298
./benchmark_tests/original/Biere/adder_3_2/pec_adder_3_bit_2_95.dqdimacs,40,302
./benchmark_tests/original/Biere/adder_3_2/pec_adder_3_bit_2_95.dqdimacs,42,299
./benchmark_tests/original/Biere/adder_3_2/pec_adder_3_bit_2_95.dqdimacs,43,294
./benchmark_tests/original/Biere/adder_3_2/pec_adder_3_bit_2_95.dqdimacs,44,297
./benchmark_tests/original/Biere/adder_3_2/pec_adder_3_bit_2_95.dqdimacs,46,294
./benchmark_tests/original/Biere/adder_3_2/pec_adder_3_bit_2_95.dqdimacs,47,300
./benchmark_tests/original/Biere/adder_3_2/pec_adder_3_bit_2_95.dqdimacs,48,297
./benchmark_tests/original/Biere/adder_3_2/pec_adder_3_bit_2_95.dqdimacs,49,300
./benchmark_tests/original/Biere/adder_3_2/pec_adder_3_bit_2_95.dqdimacs,50,303
./benchmark_tests/original/Biere/adder_3_2/pec_adder_3_bit_2_95.dqdimacs,52,300
./benchmark_tests/original/Biere/adder_3_2/pec_adder_3_bit_2_95.dqdimacs,53,296
./benchmark_tests/original/Biere/adder_3_2/pec_adder_3_bit_2_95.dqdimacs,54,301
./benchmark_tests/original/Biere/adder_3_2/pec_adder_3_bit_2_95.dqdimacs,55,297
./benchmark_tests/original/Biere/adder_3_2/pec_adder_3_bit_2_95.dqdimacs,56,299
./benchmark_tests/original/Biere/adder_3_2/pec_adder_3_bit_2_95.dqdimacs,57,299
./benchmark_tests/original/Biere/adder_3_2/pec_adder_3_bit_2_95.dqdimacs,58,297
./benchmark_tests/original/Biere/adder_3_2/pec_adder_3_bit_2_95.dqdimacs,59,302
./benchmark_tests/original/Biere/adder_3_2/pec_adder_3_bit_2_95.dqdimacs,60,302
./benchmark_tests/original/Biere/adder_3_2/pec_adder_3_bit_2_95.dqdimacs,61,301
./benchmark_tests/original/Biere/adder_3_2/pec_adder_3_bit_2_95.dqdimacs,62,300
./benchmark_tests/original/Biere/adder_3_2/pec_adder_3_bit_2_95.dqdimacs,63,297
./benchmark_tests/original/Biere/adder_3_2/pec_adder_3_bit_2_95.dqdimacs,64,296
./benchmark_tests/original/Biere/adder_3_2/pec_adder_3_bit_2_95.dqdimacs,65,300
./benchmark_tests/original/Biere/adder_3_2/pec_adder_3_bit_2_95.dqdimacs,66,296
./benchmark_tests/original/Biere/adder_3_2/pec_adder_3_bit_2_95.dqdimacs,67,299
./benchmark_tests/original/Biere/adder_3_2/pec_adder_3_bit_2_95.dqdimacs,68,296
./benchmark_tests/original/Biere/adder_3_2/pec_adder_3_bit_2_95.dqdimacs,69,295
./benchmark_tests/original/Biere/adder_3_2/pec_adder_3_bit_2_95.dqdimacs,70,296
./benchmark_tests/original/Biere/adder_3_2/pec_adder_3_bit_2_95.dqdimacs,71,295
./benchmark_tests/original/Biere/adder_3_2/pec_adder_3_bit_2_95.dqdimacs,72,298
./benchmark_tests/original/Biere/adder_3_2/pec_adder_3_bit_2_95.dqdimacs,73,299
./benchmark_tests/original/Biere/adder_3_2/pec_adder_3_bit_2_96.dqdimacs,4,290
./benchmark_tests/original/Biere/adder_3_2/pec_adder_3_bit_2_96.dqdimacs,5,240
./benchmark_tests/original/Biere/adder_3_2/pec_adder_3_bit_2_96.dqdimacs,6,240
./benchmark_tests/original/Biere/adder_3_2/pec_adder_3_bit_2_96.dqdimacs,10,239
./benchmark_tests/original/Biere/adder_3_2/pec_adder_3_bit_2_96.dqdimacs,11,238
./benchmark_tests/original/Biere/adder_3_2/pec_adder_3_bit_2_96.dqdimacs,12,239
./benchmark_tests/original/Biere/adder_3_2/pec_adder_3_bit_2_96.dqdimacs,13,225
./benchmark_tests/original/Biere/adder_3_2/pec_adder_3_bit_2_96.dqdimacs,17,200
./benchmark_tests/original/Biere/adder_3_2/pec_adder_3_bit_2_96.dqdimacs,18,176
./benchmark_tests/original/Biere/adder_3_2/pec_adder_3_bit_2_96.dqdimacs,19,156
./benchmark_tests/original/Biere/adder_3_2/pec_adder_3_bit_2_96.dqdimacs,20,139
./benchmark_tests/original/Biere/adder_3_2/pec_adder_3_bit_2_96.dqdimacs,22,129
./benchmark_tests/original/Biere/adder_3_2/pec_adder_3_bit_2_96.dqdimacs,23,127
./benchmark_tests/original/Biere/adder_3_2/pec_adder_3_bit_2_96.dqdimacs,24,128
./benchmark_tests/original/Biere/adder_3_2/pec_adder_3_bit_2_96.dqdimacs,25,128
./benchmark_tests/original/Biere/adder_3_2/pec_adder_3_bit_2_96.dqdimacs,26,128
./benchmark_tests/original/Biere/adder_3_2/pec_adder_3_bit_2_96.dqdimacs,27,130
./benchmark_tests/original/Biere/adder_3_2/pec_adder_3_bit_2_96.dqdimacs,29,128
./benchmark_tests/original/Biere/adder_3_2/pec_adder_3_bit_2_96.dqdimacs,30,129
./benchmark_tests/original/Biere/adder_3_2/pec_adder_3_bit_2_96.dqdimacs,31,131
./benchmark_tests/original/Biere/adder_3_2/pec_adder_3_bit_2_96.dqdimacs,33,130
./benchmark_tests/original/Biere/adder_3_2/pec_adder_3_bit_2_96.dqdimacs,34,128
./benchmark_tests/original/Biere/adder_3_2/pec_adder_3_bit_2_96.dqdimacs,35,130
./benchmark_tests/original/Biere/adder_3_2/pec_adder_3_bit_2_96.dqdimacs,37,128
./benchmark_tests/original/Biere/adder_3_2/pec_adder_3_bit_2_96.dqdimacs,38,128
./benchmark_tests/original/Biere/adder_3_2/pec_adder_3_bit_2_96.dqdimacs,39,131
./benchmark_tests/original/Biere/adder_3_2/pec_adder_3_bit_2_96.dqdimacs,41,127
./benchmark_tests/original/Biere/adder_3_2/pec_adder_3_bit_2_96.dqdimacs,42,128
./benchmark_tests/original/Biere/adder_3_2/pec_adder_3_bit_2_96.dqdimacs,43,131
./benchmark_tests/original/Biere/adder_3_2/pec_adder_3_bit_2_96.dqdimacs,45,129
./benchmark_tests/original/Biere/adder_3_2/pec_adder_3_bit_2_96.dqdimacs,46,128
./benchmark_tests/original/Biere/adder_3_2/pec_adder_3_bit_2_96.dqdimacs,47,131
./benchmark_tests/original/Biere/adder_3_2/pec_adder_3_bit_2_96.dqdimacs,49,127
./benchmark_tests/original/Biere/adder_3_2/pec_adder_3_bit_2_96.dqdimacs,50,128
./benchmark_tests/original/Biere/adder_3_2/pec_adder_3_bit_2_96.dqdimacs,51,128
./benchmark_tests/original/Biere/adder_3_2/pec_adder_3_bit_2_96.dqdimacs,52,128
./benchmark_tests/original/Biere/adder_3_2/pec_adder_3_bit_2_96.dqdimacs,53,128
./benchmark_tests/original/Biere/adder_3_2/pec_adder_3_bit_2_96.dqdimacs,54,129
./benchmark_tests/original/Biere/adder_3_2/pec_adder_3_bit_2_96.dqdimacs,55,128
./benchmark_tests/original/Biere/adder_3_2/pec_adder_3_bit_2_96.dqdimacs,56,128
./benchmark_tests/original/Biere/adder_3_2/pec_adder_3_bit_2_96.dqdimacs,57,128
./benchmark_tests/original/Biere/adder_3_2/pec_adder_3_bit_2_96.dqdimacs,58,129
./benchmark_tests/original/Biere/adder_3_2/pec_adder_3_bit_2_96.dqdimacs,59,129
./benchmark_tests/original/Biere/adder_3_2/pec_adder_3_bit_2_96.dqdimacs,60,130
./benchmark_tests/original/Biere/adder_3_2/pec_adder_3_bit_2_96.dqdimacs,61,129
./benchmark_tests/original/Biere/adder_3_2/pec_adder_3_bit_2_96.dqdimacs,62,129
./benchmark_tests/original/Biere/adder_3_2/pec_adder_3_bit_2_96.dqdimacs,63,129
./benchmark_tests/original/Biere/adder_3_2/pec_adder_3_bit_2_96.dqdimacs,64,129
./benchmark_tests/original/Biere/adder_3_2/pec_adder_3_bit_2_96.dqdimacs,65,128
./benchmark_tests/original/Biere/adder_3_2/pec_adder_3_bit_2_96.dqdimacs,66,128
./benchmark_tests/original/Biere/adder_3_2/pec_adder_3_bit_2_96.dqdimacs,67,129
./benchmark_tests/original/Biere/adder_3_2/pec_adder_3_bit_2_96.dqdimacs,68,128
./benchmark_tests/original/Biere/adder_3_2/pec_adder_3_bit_2_96.dqdimacs,69,128
./benchmark_tests/original/Biere/adder_3_2/pec_adder_3_bit_2_96.dqdimacs,70,129
./benchmark_tests/original/Biere/adder_3_2/pec_adder_3_bit_2_96.dqdimacs,71,131
./benchmark_tests/original/Biere/adder_3_2/pec_adder_3_bit_2_96.dqdimacs,72,130
./benchmark_tests/original/Biere/adder_3_2/pec_adder_3_bit_2_97.dqdimacs,4,465
./benchmark_tests/original/Biere/adder_3_2/pec_adder_3_bit_2_97.dqdimacs,5,416
./benchmark_tests/original/Biere/adder_3_2/pec_adder_3_bit_2_97.dqdimacs,6,415
./benchmark_tests/original/Biere/adder_3_2/pec_adder_3_bit_2_97.dqdimacs,10,400
./benchmark_tests/original/Biere/adder_3_2/pec_adder_3_bit_2_97.dqdimacs,11,334
./benchmark_tests/original/Biere/adder_3_2/pec_adder_3_bit_2_97.dqdimacs,12,267
./benchmark_tests/original/Biere/adder_3_2/pec_adder_3_bit_2_97.dqdimacs,13,227
./benchmark_tests/original/Biere/adder_3_2/pec_adder_3_bit_2_97.dqdimacs,17,220
./benchmark_tests/original/Biere/adder_3_2/pec_adder_3_bit_2_97.dqdimacs,18,219
./benchmark_tests/original/Biere/adder_3_2/pec_adder_3_bit_2_97.dqdimacs,19,218
./benchmark_tests/original/Biere/adder_3_2/pec_adder_3_bit_2_97.dqdimacs,20,220
./benchmark_tests/original/Biere/adder_3_2/pec_adder_3_bit_2_97.dqdimacs,22,217
./benchmark_tests/original/Biere/adder_3_2/pec_adder_3_bit_2_97.dqdimacs,23,219
./benchmark_tests/original/Biere/adder_3_2/pec_adder_3_bit_2_97.dqdimacs,24,219
./benchmark_tests/original/Biere/adder_3_2/pec_adder_3_bit_2_97.dqdimacs,25,216
./benchmark_tests/original/Biere/adder_3_2/pec_adder_3_bit_2_97.dqdimacs,26,220
./benchmark_tests/original/Biere/adder_3_2/pec_adder_3_bit_2_97.dqdimacs,27,219
./benchmark_tests/original/Biere/adder_3_2/pec_adder_3_bit_2_97.dqdimacs,29,219
./benchmark_tests/original/Biere/adder_3_2/pec_adder_3_bit_2_97.dqdimacs,30,218
./benchmark_tests/original/Biere/adder_3_2/pec_adder_3_bit_2_97.dqdimacs,31,221
./benchmark_tests/original/Biere/adder_3_2/pec_adder_3_bit_2_97.dqdimacs,33,218
./benchmark_tests/original/Biere/adder_3_2/pec_adder_3_bit_2_97.dqdimacs,34,220
./benchmark_tests/original/Biere/adder_3_2/pec_adder_3_bit_2_97.dqdimacs,35,223
./benchmark_tests/original/Biere/adder_3_2/pec_adder_3_bit_2_97.dqdimacs,37,219
./benchmark_tests/original/Biere/adder_3_2/pec_adder_3_bit_2_97.dqdimacs,38,219
./benchmark_tests/original/Biere/adder_3_2/pec_adder_3_bit_2_97.dqdimacs,39,223
./benchmark_tests/original/Biere/adder_3_2/pec_adder_3_bit_2_97.dqdimacs,41,219
./benchmark_tests/original/Biere/adder_3_2/pec_adder_3_bit_2_97.dqdimacs,42,218
./benchmark_tests/original/Biere/adder_3_2/pec_adder_3_bit_2_97.dqdimacs,43,221
./benchmark_tests/original/Biere/adder_3_2/pec_adder_3_bit_2_97.dqdimacs,45,216
./benchmark_tests/original/Biere/adder_3_2/pec_adder_3_bit_2_97.dqdimacs,46,217
./benchmark_tests/original/Biere/adder_3_2/pec_adder_3_bit_2_97.dqdimacs,47,215
./benchmark_tests/original/Biere/adder_3_2/pec_adder_3_bit_2_97.dqdimacs,48,220
./benchmark_tests/original/Biere/adder_3_2/pec_adder_3_bit_2_97.dqdimacs,50,215
./benchmark_tests/original/Biere/adder_3_2/pec_adder_3_bit_2_97.dqdimacs,51,219
./benchmark_tests/original/Biere/adder_3_2/pec_adder_3_bit_2_97.dqdimacs,52,223
./benchmark_tests/original/Biere/adder_3_2/pec_adder_3_bit_2_97.dqdimacs,54,219
./benchmark_tests/original/Biere/adder_3_2/pec_adder_3_bit_2_97.dqdimacs,55,220
./benchmark_tests/original/Biere/adder_3_2/pec_adder_3_bit_2_97.dqdimacs,56,220
./benchmark_tests/original/Biere/adder_3_2/pec_adder_3_bit_2_97.dqdimacs,57,223
./benchmark_tests/original/Biere/adder_3_2/pec_adder_3_bit_2_97.dqdimacs,58,219
./benchmark_tests/original/Biere/adder_3_2/pec_adder_3_bit_2_97.dqdimacs,59,220
./benchmark_tests/original/Biere/adder_3_2/pec_adder_3_bit_2_97.dqdimacs,60,220
./benchmark_tests/original/Biere/adder_3_2/pec_adder_3_bit_2_97.dqdimacs,61,220
./benchmark_tests/original/Biere/adder_3_2/pec_adder_3_bit_2_97.dqdimacs,62,219
./benchmark_tests/original/Biere/adder_3_2/pec_adder_3_bit_2_97.dqdimacs,63,221
./benchmark_tests/original/Biere/adder_3_2/pec_adder_3_bit_2_97.dqdimacs,64,219
./benchmark_tests/original/Biere/adder_3_2/pec_adder_3_bit_2_97.dqdimacs,65,220
./benchmark_tests/original/Biere/adder_3_2/pec_adder_3_bit_2_97.dqdimacs,66,220
./benchmark_tests/original/Biere/adder_3_2/pec_adder_3_bit_2_97.dqdimacs,67,219
./benchmark_tests/original/Biere/adder_3_2/pec_adder_3_bit_2_97.dqdimacs,68,219
./benchmark_tests/original/Biere/adder_3_2/pec_adder_3_bit_2_97.dqdimacs,69,218
./benchmark_tests/original/Biere/adder_3_2/pec_adder_3_bit_2_97.dqdimacs,70,219
./benchmark_tests/original/Biere/adder_3_2/pec_adder_3_bit_2_97.dqdimacs,71,220
./benchmark_tests/original/Biere/adder_3_2/pec_adder_3_bit_2_97.dqdimacs,72,220
./benchmark_tests/original/Biere/adder_3_2/pec_adder_3_bit_2_97.dqdimacs,73,219
./benchmark_tests/original/Biere/adder_3_2/pec_adder_3_bit_2_97.dqdimacs,74,219
./benchmark_tests/original/Biere/adder_3_2/pec_adder_3_bit_2_97.dqdimacs,75,218
./benchmark_tests/original/Biere/adder_3_2/pec_adder_3_bit_2_97.dqdimacs,76,216
./benchmark_tests/original/Biere/adder_3_2/pec_adder_3_bit_2_98.dqdimacs,4,660
./benchmark_tests/original/Biere/adder_3_2/pec_adder_3_bit_2_98.dqdimacs,5,707
./benchmark_tests/original/Biere/adder_3_2/pec_adder_3_bit_2_98.dqdimacs,6,571
./benchmark_tests/original/Biere/adder_3_2/pec_adder_3_bit_2_98.dqdimacs,10,400
./benchmark_tests/original/Biere/adder_3_2/pec_adder_3_bit_2_98.dqdimacs,11,326
./benchmark_tests/original/Biere/adder_3_2/pec_adder_3_bit_2_98.dqdimacs,12,328
./benchmark_tests/original/Biere/adder_3_2/pec_adder_3_bit_2_98.dqdimacs,13,333
./benchmark_tests/original/Biere/adder_3_2/pec_adder_3_bit_2_98.dqdimacs,17,327
./benchmark_tests/original/Biere/adder_3_2/pec_adder_3_bit_2_98.dqdimacs,18,327
./benchmark_tests/original/Biere/adder_3_2/pec_adder_3_bit_2_98.dqdimacs,19,323
./benchmark_tests/original/Biere/adder_3_2/pec_adder_3_bit_2_98.dqdimacs,20,324
./benchmark_tests/original/Biere/adder_3_2/pec_adder_3_bit_2_98.dqdimacs,22,326
./benchmark_tests/original/Biere/adder_3_2/pec_adder_3_bit_2_98.dqdimacs,23,331
./benchmark_tests/original/Biere/adder_3_2/pec_adder_3_bit_2_98.dqdimacs,24,332
./benchmark_tests/original/Biere/adder_3_2/pec_adder_3_bit_2_98.dqdimacs,25,334
./benchmark_tests/original/Biere/adder_3_2/pec_adder_3_bit_2_98.dqdimacs,26,332
./benchmark_tests/original/Biere/adder_3_2/pec_adder_3_bit_2_98.dqdimacs,27,329
./benchmark_tests/original/Biere/adder_3_2/pec_adder_3_bit_2_98.dqdimacs,29,329
./benchmark_tests/original/Biere/adder_3_2/pec_adder_3_bit_2_98.dqdimacs,30,334
./benchmark_tests/original/Biere/adder_3_2/pec_adder_3_bit_2_98.dqdimacs,31,334
./benchmark_tests/original/Biere/adder_3_2/pec_adder_3_bit_2_98.dqdimacs,33,333
./benchmark_tests/original/Biere/adder_3_2/pec_adder_3_bit_2_98.dqdimacs,34,333
./benchmark_tests/original/Biere/adder_3_2/pec_adder_3_bit_2_98.dqdimacs,35,336
./benchmark_tests/original/Biere/adder_3_2/pec_adder_3_bit_2_98.dqdimacs,37,324
./benchmark_tests/original/Biere/adder_3_2/pec_adder_3_bit_2_98.dqdimacs,38,333
./benchmark_tests/original/Biere/adder_3_2/pec_adder_3_bit_2_98.dqdimacs,39,335
./benchmark_tests/original/Biere/adder_3_2/pec_adder_3_bit_2_98.dqdimacs,41,331
./benchmark_tests/original/Biere/adder_3_2/pec_adder_3_bit_2_98.dqdimacs,42,333
./benchmark_tests/original/Biere/adder_3_2/pec_adder_3_bit_2_98.dqdimacs,43,336
./benchmark_tests/original/Biere/adder_3_2/pec_adder_3_bit_2_98.dqdimacs,45,332
./benchmark_tests/original/Biere/adder_3_2/pec_adder_3_bit_2_98.dqdimacs,46,331
./benchmark_tests/original/Biere/adder_3_2/pec_adder_3_bit_2_98.dqdimacs,47,333
./benchmark_tests/original/Biere/adder_3_2/pec_adder_3_bit_2_98.dqdimacs,49,331
./benchmark_tests/original/Biere/adder_3_2/pec_adder_3_bit_2_98.dqdimacs,50,329
./benchmark_tests/original/Biere/adder_3_2/pec_adder_3_bit_2_98.dqdimacs,51,331
./benchmark_tests/original/Biere/adder_3_2/pec_adder_3_bit_2_98.dqdimacs,52,328
./benchmark_tests/original/Biere/adder_3_2/pec_adder_3_bit_2_98.dqdimacs,53,332
./benchmark_tests/original/Biere/adder_3_2/pec_adder_3_bit_2_98.dqdimacs,54,335
./benchmark_tests/original/Biere/adder_3_2/pec_adder_3_bit_2_98.dqdimacs,55,326
./benchmark_tests/original/Biere/adder_3_2/pec_adder_3_bit_2_98.dqdimacs,56,323
./benchmark_tests/original/Biere/adder_3_2/pec_adder_3_bit_2_98.dqdimacs,57,325
./benchmark_tests/original/Biere/adder_3_2/pec_adder_3_bit_2_98.dqdimacs,58,328
./benchmark_tests/original/Biere/adder_3_2/pec_adder_3_bit_2_98.dqdimacs,59,326
./benchmark_tests/original/Biere/adder_3_2/pec_adder_3_bit_2_98.dqdimacs,60,328
./benchmark_tests/original/Biere/adder_3_2/pec_adder_3_bit_2_98.dqdimacs,61,326
./benchmark_tests/original/Biere/adder_3_2/pec_adder_3_bit_2_98.dqdimacs,62,330
./benchmark_tests/original/Biere/adder_3_2/pec_adder_3_bit_2_98.dqdimacs,63,333
./benchmark_tests/original/Biere/adder_3_2/pec_adder_3_bit_2_98.dqdimacs,64,329
./benchmark_tests/original/Biere/adder_3_2/pec_adder_3_bit_2_98.dqdimacs,65,327
./benchmark_tests/original/Biere/adder_3_2/pec_adder_3_bit_2_98.dqdimacs,66,325
./benchmark_tests/original/Biere/adder_3_2/pec_adder_3_bit_2_98.dqdimacs,67,332
./benchmark_tests/original/Biere/adder_3_2/pec_adder_3_bit_2_98.dqdimacs,68,333
./benchmark_tests/original/Biere/adder_3_2/pec_adder_3_bit_2_98.dqdimacs,69,330
./benchmark_tests/original/Biere/adder_3_2/pec_adder_3_bit_2_98.dqdimacs,70,334
./benchmark_tests/original/Biere/adder_3_2/pec_adder_3_bit_2_98.dqdimacs,71,334
./benchmark_tests/original/Biere/adder_3_2/pec_adder_3_bit_2_98.dqdimacs,72,332
./benchmark_tests/original/Biere/adder_3_2/pec_adder_3_bit_2_98.dqdimacs,73,334
./benchmark_tests/original/Biere/adder_3_2/pec_adder_3_bit_2_99.dqdimacs,4,205
./benchmark_tests/original/Biere/adder_3_2/pec_adder_3_bit_2_99.dqdimacs,5,241
./benchmark_tests/original/Biere/adder_3_2/pec_adder_3_bit_2_99.dqdimacs,6,178
./benchmark_tests/original/Biere/adder_3_2/pec_adder_3_bit_2_99.dqdimacs,10,175
./benchmark_tests/original/Biere/adder_3_2/pec_adder_3_bit_2_99.dqdimacs,11,174
./benchmark_tests/original/Biere/adder_3_2/pec_adder_3_bit_2_99.dqdimacs,12,174
./benchmark_tests/original/Biere/adder_3_2/pec_adder_3_bit_2_99.dqdimacs,13,175
./benchmark_tests/original/Biere/adder_3_2/pec_adder_3_bit_2_99.dqdimacs,17,174
./benchmark_tests/original/Biere/adder_3_2/pec_adder_3_bit_2_99.dqdimacs,18,165
./benchmark_tests/original/Biere/adder_3_2/pec_adder_3_bit_2_99.dqdimacs,19,152
./benchmark_tests/original/Biere/adder_3_2/pec_adder_3_bit_2_99.dqdimacs,20,141
./benchmark_tests/original/Biere/adder_3_2/pec_adder_3_bit_2_99.dqdimacs,22,124
./benchmark_tests/original/Biere/adder_3_2/pec_adder_3_bit_2_99.dqdimacs,23,114
./benchmark_tests/original/Biere/adder_3_2/pec_adder_3_bit_2_99.dqdimacs,24,105
./benchmark_tests/original/Biere/adder_3_2/pec_adder_3_bit_2_99.dqdimacs,25,98
./benchmark_tests/original/Biere/adder_3_2/pec_adder_3_bit_2_99.dqdimacs,26,93
./benchmark_tests/original/Biere/adder_3_2/pec_adder_3_bit_2_99.dqdimacs,27,95
./benchmark_tests/original/Biere/adder_3_2/pec_adder_3_bit_2_99.dqdimacs,29,93
./benchmark_tests/original/Biere/adder_3_2/pec_adder_3_bit_2_99.dqdimacs,30,93
./benchmark_tests/original/Biere/adder_3_2/pec_adder_3_bit_2_99.dqdimacs,31,95
./benchmark_tests/original/Biere/adder_3_2/pec_adder_3_bit_2_99.dqdimacs,33,97
./benchmark_tests/original/Biere/adder_3_2/pec_adder_3_bit_2_99.dqdimacs,34,93
./benchmark_tests/original/Biere/adder_3_2/pec_adder_3_bit_2_99.dqdimacs,35,96
./benchmark_tests/original/Biere/adder_3_2/pec_adder_3_bit_2_99.dqdimacs,37,93
./benchmark_tests/original/Biere/adder_3_2/pec_adder_3_bit_2_99.dqdimacs,38,93
./benchmark_tests/original/Biere/adder_3_2/pec_adder_3_bit_2_99.dqdimacs,39,97
./benchmark_tests/original/Biere/adder_3_2/pec_adder_3_bit_2_99.dqdimacs,41,92
./benchmark_tests/original/Biere/adder_3_2/pec_adder_3_bit_2_99.dqdimacs,42,92
./benchmark_tests/original/Biere/adder_3_2/pec_adder_3_bit_2_99.dqdimacs,43,96
./benchmark_tests/original/Biere/adder_3_2/pec_adder_3_bit_2_99.dqdimacs,45,93
./benchmark_tests/original/Biere/adder_3_2/pec_adder_3_bit_2_99.dqdimacs,46,93
./benchmark_tests/original/Biere/adder_3_2/pec_adder_3_bit_2_99.dqdimacs,47,96
./benchmark_tests/original/Biere/adder_3_2/pec_adder_3_bit_2_99.dqdimacs,49,93
./benchmark_tests/original/Biere/adder_3_2/pec_adder_3_bit_2_99.dqdimacs,50,93
./benchmark_tests/original/Biere/adder_3_2/pec_adder_3_bit_2_99.dqdimacs,51,93
./benchmark_tests/original/Biere/adder_3_2/pec_adder_3_bit_2_99.dqdimacs,52,96
./benchmark_tests/original/Biere/adder_3_2/pec_adder_3_bit_2_99.dqdimacs,54,93
./benchmark_tests/original/Biere/adder_3_2/pec_adder_3_bit_2_99.dqdimacs,55,93
./benchmark_tests/original/Biere/adder_3_2/pec_adder_3_bit_2_99.dqdimacs,56,97
./benchmark_tests/original/Biere/adder_3_2/pec_adder_3_bit_2_99.dqdimacs,57,92
./benchmark_tests/original/Biere/adder_3_2/pec_adder_3_bit_2_99.dqdimacs,58,92
./benchmark_tests/original/Biere/adder_3_2/pec_adder_3_bit_2_99.dqdimacs,59,92
./benchmark_tests/original/Biere/adder_3_2/pec_adder_3_bit_2_99.dqdimacs,60,93
./benchmark_tests/original/Biere/adder_3_2/pec_adder_3_bit_2_99.dqdimacs,61,93
./benchmark_tests/original/Biere/adder_3_2/pec_adder_3_bit_2_99.dqdimacs,62,93
./benchmark_tests/original/Biere/adder_3_2/pec_adder_3_bit_2_99.dqdimacs,63,92
./benchmark_tests/original/Biere/adder_3_2/pec_adder_3_bit_2_99.dqdimacs,64,94
./benchmark_tests/original/Biere/adder_3_2/pec_adder_3_bit_2_99.dqdimacs,65,93
./benchmark_tests/original/Biere/adder_3_2/pec_adder_3_bit_2_99.dqdimacs,66,93
./benchmark_tests/original/Biere/adder_3_2/pec_adder_3_bit_2_99.dqdimacs,67,94
./benchmark_tests/original/Biere/adder_3_2/pec_adder_3_bit_2_99.dqdimacs,68,93
./benchmark_tests/original/Biere/adder_3_2/pec_adder_3_bit_2_99.dqdimacs,69,93
./benchmark_tests/original/Biere/adder_3_2/pec_adder_3_bit_2_99.dqdimacs,70,94
./benchmark_tests/original/Biere/adder_3_2/pec_adder_3_bit_2_99.dqdimacs,71,93
./benchmark_tests/original/Biere/adder_3_2/pec_adder_3_bit_2_99.dqdimacs,72,92
./benchmark_tests/original/Biere/adder_3_2/pec_adder_3_bit_2_99.dqdimacs,73,93
./benchmark_tests/original/Biere/adder_3_2/pec_adder_3_bit_2_99.dqdimacs,74,94
./benchmark_tests/original/Biere/adder_3_2/pec_adder_3_bit_2_99.dqdimacs,75,94
./benchmark_tests/original/Biere/adder_3_2/pec_adder_3_bit_2_9.dqdimacs,4,526
./benchmark_tests/original/Biere/adder_3_2/pec_adder_3_bit_2_9.dqdimacs,5,480
./benchmark_tests/original/Biere/adder_3_2/pec_adder_3_bit_2_9.dqdimacs,6,476
./benchmark_tests/original/Biere/adder_3_2/pec_adder_3_bit_2_9.dqdimacs,10,425
./benchmark_tests/original/Biere/adder_3_2/pec_adder_3_bit_2_9.dqdimacs,11,331
./benchmark_tests/original/Biere/adder_3_2/pec_adder_3_bit_2_9.dqdimacs,12,265
./benchmark_tests/original/Biere/adder_3_2/pec_adder_3_bit_2_9.dqdimacs,13,258
./benchmark_tests/original/Biere/adder_3_2/pec_adder_3_bit_2_9.dqdimacs,17,254
./benchmark_tests/original/Biere/adder_3_2/pec_adder_3_bit_2_9.dqdimacs,18,254
./benchmark_tests/original/Biere/adder_3_2/pec_adder_3_bit_2_9.dqdimacs,19,253
./benchmark_tests/original/Biere/adder_3_2/pec_adder_3_bit_2_9.dqdimacs,20,255
./benchmark_tests/original/Biere/adder_3_2/pec_adder_3_bit_2_9.dqdimacs,22,254
./benchmark_tests/original/Biere/adder_3_2/pec_adder_3_bit_2_9.dqdimacs,23,254
./benchmark_tests/original/Biere/adder_3_2/pec_adder_3_bit_2_9.dqdimacs,24,254
./benchmark_tests/original/Biere/adder_3_2/pec_adder_3_bit_2_9.dqdimacs,25,254
./benchmark_tests/original/Biere/adder_3_2/pec_adder_3_bit_2_9.dqdimacs,26,255
./benchmark_tests/original/Biere/adder_3_2/pec_adder_3_bit_2_9.dqdimacs,27,257
./benchmark_tests/original/Biere/adder_3_2/pec_adder_3_bit_2_9.dqdimacs,29,254
./benchmark_tests/original/Biere/adder_3_2/pec_adder_3_bit_2_9.dqdimacs,30,255
./benchmark_tests/original/Biere/adder_3_2/pec_adder_3_bit_2_9.dqdimacs,31,256
./benchmark_tests/original/Biere/adder_3_2/pec_adder_3_bit_2_9.dqdimacs,33,254
./benchmark_tests/original/Biere/adder_3_2/pec_adder_3_bit_2_9.dqdimacs,34,258
./benchmark_tests/original/Biere/adder_3_2/pec_adder_3_bit_2_9.dqdimacs,35,256
./benchmark_tests/original/Biere/adder_3_2/pec_adder_3_bit_2_9.dqdimacs,37,254
./benchmark_tests/original/Biere/adder_3_2/pec_adder_3_bit_2_9.dqdimacs,38,253
./benchmark_tests/original/Biere/adder_3_2/pec_adder_3_bit_2_9.dqdimacs,39,256
./benchmark_tests/original/Biere/adder_3_2/pec_adder_3_bit_2_9.dqdimacs,41,255
./benchmark_tests/original/Biere/adder_3_2/pec_adder_3_bit_2_9.dqdimacs,42,253
./benchmark_tests/original/Biere/adder_3_2/pec_adder_3_bit_2_9.dqdimacs,43,257
./benchmark_tests/original/Biere/adder_3_2/pec_adder_3_bit_2_9.dqdimacs,45,252
./benchmark_tests/original/Biere/adder_3_2/pec_adder_3_bit_2_9.dqdimacs,46,254
./benchmark_tests/original/Biere/adder_3_2/pec_adder_3_bit_2_9.dqdimacs,47,255
./benchmark_tests/original/Biere/adder_3_2/pec_adder_3_bit_2_9.dqdimacs,49,253
./benchmark_tests/original/Biere/adder_3_2/pec_adder_3_bit_2_9.dqdimacs,50,255
./benchmark_tests/original/Biere/adder_3_2/pec_adder_3_bit_2_9.dqdimacs,51,253
./benchmark_tests/original/Biere/adder_3_2/pec_adder_3_bit_2_9.dqdimacs,52,255
./benchmark_tests/original/Biere/adder_3_2/pec_adder_3_bit_2_9.dqdimacs,53,255
./benchmark_tests/original/Biere/adder_3_2/pec_adder_3_bit_2_9.dqdimacs,54,256
./benchmark_tests/original/Biere/adder_3_2/pec_adder_3_bit_2_9.dqdimacs,55,254
./benchmark_tests/original/Biere/adder_3_2/pec_adder_3_bit_2_9.dqdimacs,56,256
./benchmark_tests/original/Biere/adder_3_2/pec_adder_3_bit_2_9.dqdimacs,57,254
./benchmark_tests/original/Biere/adder_3_2/pec_adder_3_bit_2_9.dqdimacs,58,254
./benchmark_tests/original/Biere/adder_3_2/pec_adder_3_bit_2_9.dqdimacs,59,255
./benchmark_tests/original/Biere/adder_3_2/pec_adder_3_bit_2_9.dqdimacs,60,257
./benchmark_tests/original/Biere/adder_3_2/pec_adder_3_bit_2_9.dqdimacs,61,257
./benchmark_tests/original/Biere/adder_3_2/pec_adder_3_bit_2_9.dqdimacs,62,495
./benchmark_tests/original/Biere/adder_3_2/pec_adder_3_bit_2_9.dqdimacs,63,493
./benchmark_tests/original/Biere/adder_3_2/pec_adder_3_bit_2_9.dqdimacs,64,487
./benchmark_tests/original/Biere/adder_3_2/pec_adder_3_bit_2_9.dqdimacs,65,479
./benchmark_tests/original/Biere/adder_3_2/pec_adder_3_bit_2_9.dqdimacs,66,445
./benchmark_tests/original/Biere/adder_3_2/pec_adder_3_bit_2_9.dqdimacs,67,346
./benchmark_tests/original/Biere/adder_3_2/pec_adder_3_bit_2_9.dqdimacs,68,276
./benchmark_tests/original/Biere/adder_3_2/pec_adder_3_bit_2_9.dqdimacs,69,257
./benchmark_tests/original/Biere/adder_3_2/pec_adder_3_bit_2_9.dqdimacs,70,258
./benchmark_tests/original/Biere/adder_3_2/pec_adder_3_bit_2_9.dqdimacs,71,256
