./benchmark_tests/original/Biere/bitcell_16_2/pec_bit_cell_arbiter_2_106.dqdimacs,3,249
./benchmark_tests/original/Biere/bitcell_16_2/pec_bit_cell_arbiter_2_106.dqdimacs,5,241
./benchmark_tests/original/Biere/bitcell_16_2/pec_bit_cell_arbiter_2_106.dqdimacs,7,216
./benchmark_tests/original/Biere/bitcell_16_2/pec_bit_cell_arbiter_2_106.dqdimacs,9,217
./benchmark_tests/original/Biere/bitcell_16_2/pec_bit_cell_arbiter_2_106.dqdimacs,11,217
./benchmark_tests/original/Biere/bitcell_16_2/pec_bit_cell_arbiter_2_106.dqdimacs,13,218
./benchmark_tests/original/Biere/bitcell_16_2/pec_bit_cell_arbiter_2_106.dqdimacs,14,215
./benchmark_tests/original/Biere/bitcell_16_2/pec_bit_cell_arbiter_2_106.dqdimacs,15,197
./benchmark_tests/original/Biere/bitcell_16_2/pec_bit_cell_arbiter_2_106.dqdimacs,16,177
./benchmark_tests/original/Biere/bitcell_16_2/pec_bit_cell_arbiter_2_106.dqdimacs,17,156
./benchmark_tests/original/Biere/bitcell_16_2/pec_bit_cell_arbiter_2_106.dqdimacs,18,139
./benchmark_tests/original/Biere/bitcell_16_2/pec_bit_cell_arbiter_2_106.dqdimacs,19,126
./benchmark_tests/original/Biere/bitcell_16_2/pec_bit_cell_arbiter_2_106.dqdimacs,20,118
./benchmark_tests/original/Biere/bitcell_16_2/pec_bit_cell_arbiter_2_106.dqdimacs,21,140
./benchmark_tests/original/Biere/bitcell_16_2/pec_bit_cell_arbiter_2_106.dqdimacs,22,121
./benchmark_tests/original/Biere/bitcell_16_2/pec_bit_cell_arbiter_2_106.dqdimacs,25,115
./benchmark_tests/original/Biere/bitcell_16_2/pec_bit_cell_arbiter_2_106.dqdimacs,27,116
./benchmark_tests/original/Biere/bitcell_16_2/pec_bit_cell_arbiter_2_106.dqdimacs,29,116
./benchmark_tests/original/Biere/bitcell_16_2/pec_bit_cell_arbiter_2_106.dqdimacs,31,116
./benchmark_tests/original/Biere/bitcell_16_2/pec_bit_cell_arbiter_2_106.dqdimacs,33,116
./benchmark_tests/original/Biere/bitcell_16_2/pec_bit_cell_arbiter_2_106.dqdimacs,35,116
./benchmark_tests/original/Biere/bitcell_16_2/pec_bit_cell_arbiter_2_106.dqdimacs,36,116
./benchmark_tests/original/Biere/bitcell_16_2/pec_bit_cell_arbiter_2_106.dqdimacs,37,116
./benchmark_tests/original/Biere/bitcell_16_2/pec_bit_cell_arbiter_2_106.dqdimacs,38,117
./benchmark_tests/original/Biere/bitcell_16_2/pec_bit_cell_arbiter_2_106.dqdimacs,39,115
./benchmark_tests/original/Biere/bitcell_16_2/pec_bit_cell_arbiter_2_106.dqdimacs,40,117
./benchmark_tests/original/Biere/bitcell_16_2/pec_bit_cell_arbiter_2_106.dqdimacs,41,116
./benchmark_tests/original/Biere/bitcell_16_2/pec_bit_cell_arbiter_2_106.dqdimacs,42,116
./benchmark_tests/original/Biere/bitcell_16_2/pec_bit_cell_arbiter_2_106.dqdimacs,43,117
./benchmark_tests/original/Biere/bitcell_16_2/pec_bit_cell_arbiter_2_106.dqdimacs,44,117
./benchmark_tests/original/Biere/bitcell_16_2/pec_bit_cell_arbiter_2_106.dqdimacs,45,117
./benchmark_tests/original/Biere/bitcell_16_2/pec_bit_cell_arbiter_2_106.dqdimacs,46,117
./benchmark_tests/original/Biere/bitcell_16_2/pec_bit_cell_arbiter_2_106.dqdimacs,47,116
./benchmark_tests/original/Biere/bitcell_16_2/pec_bit_cell_arbiter_2_106.dqdimacs,48,115
./benchmark_tests/original/Biere/bitcell_16_2/pec_bit_cell_arbiter_2_106.dqdimacs,49,116
./benchmark_tests/original/Biere/bitcell_16_2/pec_bit_cell_arbiter_2_106.dqdimacs,50,115
./benchmark_tests/original/Biere/bitcell_16_2/pec_bit_cell_arbiter_2_106.dqdimacs,51,117
./benchmark_tests/original/Biere/bitcell_16_2/pec_bit_cell_arbiter_2_106.dqdimacs,52,116
./benchmark_tests/original/Biere/bitcell_16_2/pec_bit_cell_arbiter_2_106.dqdimacs,53,116
./benchmark_tests/original/Biere/bitcell_16_2/pec_bit_cell_arbiter_2_106.dqdimacs,54,115
./benchmark_tests/original/Biere/bitcell_16_2/pec_bit_cell_arbiter_2_106.dqdimacs,55,115
./benchmark_tests/original/Biere/bitcell_16_2/pec_bit_cell_arbiter_2_106.dqdimacs,56,116
./benchmark_tests/original/Biere/bitcell_16_2/pec_bit_cell_arbiter_2_106.dqdimacs,57,117
./benchmark_tests/original/Biere/bitcell_16_2/pec_bit_cell_arbiter_2_106.dqdimacs,58,115
./benchmark_tests/original/Biere/bitcell_16_2/pec_bit_cell_arbiter_2_106.dqdimacs,59,115
./benchmark_tests/original/Biere/bitcell_16_2/pec_bit_cell_arbiter_2_106.dqdimacs,60,116
./benchmark_tests/original/Biere/bitcell_16_2/pec_bit_cell_arbiter_2_106.dqdimacs,61,116
./benchmark_tests/original/Biere/bitcell_16_2/pec_bit_cell_arbiter_2_106.dqdimacs,62,116
./benchmark_tests/original/Biere/bitcell_16_2/pec_bit_cell_arbiter_2_106.dqdimacs,64,116
./benchmark_tests/original/Biere/bitcell_16_2/pec_bit_cell_arbiter_2_106.dqdimacs,65,115
./benchmark_tests/original/Biere/bitcell_16_2/pec_bit_cell_arbiter_2_106.dqdimacs,66,115
./benchmark_tests/original/Biere/bitcell_16_2/pec_bit_cell_arbiter_2_106.dqdimacs,67,116
./benchmark_tests/original/Biere/bitcell_16_2/pec_bit_cell_arbiter_2_106.dqdimacs,68,116
./benchmark_tests/original/Biere/bitcell_16_2/pec_bit_cell_arbiter_2_106.dqdimacs,69,115
./benchmark_tests/original/Biere/bitcell_16_2/pec_bit_cell_arbiter_2_106.dqdimacs,70,116
./benchmark_tests/original/Biere/bitcell_16_2/pec_bit_cell_arbiter_2_106.dqdimacs,71,116
./benchmark_tests/original/Biere/bitcell_16_2/pec_bit_cell_arbiter_2_106.dqdimacs,72,116
./benchmark_tests/original/Biere/bitcell_16_2/pec_bit_cell_arbiter_2_106.dqdimacs,73,116
./benchmark_tests/original/Biere/bitcell_16_2/pec_bit_cell_arbiter_2_106.dqdimacs,74,116
./benchmark_tests/original/Biere/bitcell_16_2/pec_bit_cell_arbiter_2_106.dqdimacs,75,115
./benchmark_tests/original/Biere/bitcell_16_2/pec_bit_cell_arbiter_2_106.dqdimacs,76,116
./benchmark_tests/original/Biere/bitcell_16_2/pec_bit_cell_arbiter_2_106.dqdimacs,77,116
./benchmark_tests/original/Biere/bitcell_16_2/pec_bit_cell_arbiter_2_106.dqdimacs,78,116
./benchmark_tests/original/Biere/bitcell_16_2/pec_bit_cell_arbiter_2_106.dqdimacs,79,115
./benchmark_tests/original/Biere/bitcell_16_2/pec_bit_cell_arbiter_2_106.dqdimacs,80,116
./benchmark_tests/original/Biere/bitcell_16_2/pec_bit_cell_arbiter_2_106.dqdimacs,81,117
./benchmark_tests/original/Biere/bitcell_16_2/pec_bit_cell_arbiter_2_106.dqdimacs,82,116
./benchmark_tests/original/Biere/bitcell_16_2/pec_bit_cell_arbiter_2_106.dqdimacs,83,116
./benchmark_tests/original/Biere/bitcell_16_2/pec_bit_cell_arbiter_2_106.dqdimacs,84,116
./benchmark_tests/original/Biere/bitcell_16_2/pec_bit_cell_arbiter_2_106.dqdimacs,85,117
./benchmark_tests/original/Biere/bitcell_16_2/pec_bit_cell_arbiter_2_106.dqdimacs,86,116
./benchmark_tests/original/Biere/bitcell_16_2/pec_bit_cell_arbiter_2_106.dqdimacs,87,116
./benchmark_tests/original/Biere/bitcell_16_2/pec_bit_cell_arbiter_2_106.dqdimacs,88,117
./benchmark_tests/original/Biere/bitcell_16_2/pec_bit_cell_arbiter_2_106.dqdimacs,89,116
./benchmark_tests/original/Biere/bitcell_16_2/pec_bit_cell_arbiter_2_106.dqdimacs,90,117
./benchmark_tests/original/Biere/bitcell_16_2/pec_bit_cell_arbiter_2_106.dqdimacs,91,116
./benchmark_tests/original/Biere/bitcell_16_2/pec_bit_cell_arbiter_2_106.dqdimacs,92,116
./benchmark_tests/original/Biere/bitcell_16_2/pec_bit_cell_arbiter_2_106.dqdimacs,93,116
./benchmark_tests/original/Biere/bitcell_16_2/pec_bit_cell_arbiter_2_106.dqdimacs,94,116
./benchmark_tests/original/Biere/bitcell_16_2/pec_bit_cell_arbiter_2_106.dqdimacs,95,116
./benchmark_tests/original/Biere/bitcell_16_2/pec_bit_cell_arbiter_2_106.dqdimacs,96,117
./benchmark_tests/original/Biere/bitcell_16_2/pec_bit_cell_arbiter_2_106.dqdimacs,97,116
./benchmark_tests/original/Biere/bitcell_16_2/pec_bit_cell_arbiter_2_106.dqdimacs,98,116
./benchmark_tests/original/Biere/bitcell_16_2/pec_bit_cell_arbiter_2_106.dqdimacs,100,117
./benchmark_tests/original/Biere/bitcell_16_2/pec_bit_cell_arbiter_2_106.dqdimacs,101,118
./benchmark_tests/original/Biere/bitcell_16_2/pec_bit_cell_arbiter_2_106.dqdimacs,102,117
./benchmark_tests/original/Biere/bitcell_16_2/pec_bit_cell_arbiter_2_106.dqdimacs,103,118
./benchmark_tests/original/Biere/bitcell_16_2/pec_bit_cell_arbiter_2_106.dqdimacs,105,116
./benchmark_tests/original/Biere/bitcell_16_2/pec_bit_cell_arbiter_2_106.dqdimacs,106,116
./benchmark_tests/original/Biere/bitcell_16_2/pec_bit_cell_arbiter_2_106.dqdimacs,107,117
./benchmark_tests/original/Biere/bitcell_16_2/pec_bit_cell_arbiter_2_106.dqdimacs,108,117
./benchmark_tests/original/Biere/bitcell_16_2/pec_bit_cell_arbiter_2_106.dqdimacs,109,117
./benchmark_tests/original/Biere/bitcell_16_2/pec_bit_cell_arbiter_2_106.dqdimacs,110,116
./benchmark_tests/original/Biere/bitcell_16_2/pec_bit_cell_arbiter_2_106.dqdimacs,111,116
./benchmark_tests/original/Biere/bitcell_16_2/pec_bit_cell_arbiter_2_106.dqdimacs,113,116
./benchmark_tests/original/Biere/bitcell_16_2/pec_bit_cell_arbiter_2_106.dqdimacs,114,116
./benchmark_tests/original/Biere/bitcell_16_2/pec_bit_cell_arbiter_2_106.dqdimacs,115,116
./benchmark_tests/original/Biere/bitcell_16_2/pec_bit_cell_arbiter_2_106.dqdimacs,116,118
./benchmark_tests/original/Biere/bitcell_16_2/pec_bit_cell_arbiter_2_106.dqdimacs,117,117
./benchmark_tests/original/Biere/bitcell_16_2/pec_bit_cell_arbiter_2_106.dqdimacs,118,118
./benchmark_tests/original/Biere/bitcell_16_2/pec_bit_cell_arbiter_2_106.dqdimacs,119,117
./benchmark_tests/original/Biere/bitcell_16_2/pec_bit_cell_arbiter_2_106.dqdimacs,121,116
./benchmark_tests/original/Biere/bitcell_16_2/pec_bit_cell_arbiter_2_106.dqdimacs,122,116
./benchmark_tests/original/Biere/bitcell_16_2/pec_bit_cell_arbiter_2_106.dqdimacs,123,117
./benchmark_tests/original/Biere/bitcell_16_2/pec_bit_cell_arbiter_2_106.dqdimacs,124,118
./benchmark_tests/original/Biere/bitcell_16_2/pec_bit_cell_arbiter_2_106.dqdimacs,125,117
./benchmark_tests/original/Biere/bitcell_16_2/pec_bit_cell_arbiter_2_106.dqdimacs,126,117
./benchmark_tests/original/Biere/bitcell_16_2/pec_bit_cell_arbiter_2_106.dqdimacs,127,116
./benchmark_tests/original/Biere/bitcell_16_2/pec_bit_cell_arbiter_2_106.dqdimacs,128,115
./benchmark_tests/original/Biere/bitcell_16_2/pec_bit_cell_arbiter_2_106.dqdimacs,129,116
./benchmark_tests/original/Biere/bitcell_16_2/pec_bit_cell_arbiter_2_106.dqdimacs,130,117
./benchmark_tests/original/Biere/bitcell_16_2/pec_bit_cell_arbiter_2_106.dqdimacs,131,116
./benchmark_tests/original/Biere/bitcell_16_2/pec_bit_cell_arbiter_2_106.dqdimacs,132,116
./benchmark_tests/original/Biere/bitcell_16_2/pec_bit_cell_arbiter_2_106.dqdimacs,133,116
./benchmark_tests/original/Biere/bitcell_16_2/pec_bit_cell_arbiter_2_107.dqdimacs,3,245
./benchmark_tests/original/Biere/bitcell_16_2/pec_bit_cell_arbiter_2_107.dqdimacs,5,239
./benchmark_tests/original/Biere/bitcell_16_2/pec_bit_cell_arbiter_2_107.dqdimacs,7,240
./benchmark_tests/original/Biere/bitcell_16_2/pec_bit_cell_arbiter_2_107.dqdimacs,9,237
./benchmark_tests/original/Biere/bitcell_16_2/pec_bit_cell_arbiter_2_107.dqdimacs,11,215
./benchmark_tests/original/Biere/bitcell_16_2/pec_bit_cell_arbiter_2_107.dqdimacs,13,215
./benchmark_tests/original/Biere/bitcell_16_2/pec_bit_cell_arbiter_2_107.dqdimacs,15,210
./benchmark_tests/original/Biere/bitcell_16_2/pec_bit_cell_arbiter_2_107.dqdimacs,16,192
./benchmark_tests/original/Biere/bitcell_16_2/pec_bit_cell_arbiter_2_107.dqdimacs,17,172
./benchmark_tests/original/Biere/bitcell_16_2/pec_bit_cell_arbiter_2_107.dqdimacs,18,152
./benchmark_tests/original/Biere/bitcell_16_2/pec_bit_cell_arbiter_2_107.dqdimacs,19,137
./benchmark_tests/original/Biere/bitcell_16_2/pec_bit_cell_arbiter_2_107.dqdimacs,20,124
./benchmark_tests/original/Biere/bitcell_16_2/pec_bit_cell_arbiter_2_107.dqdimacs,21,116
./benchmark_tests/original/Biere/bitcell_16_2/pec_bit_cell_arbiter_2_107.dqdimacs,22,116
./benchmark_tests/original/Biere/bitcell_16_2/pec_bit_cell_arbiter_2_107.dqdimacs,23,116
./benchmark_tests/original/Biere/bitcell_16_2/pec_bit_cell_arbiter_2_107.dqdimacs,24,139
./benchmark_tests/original/Biere/bitcell_16_2/pec_bit_cell_arbiter_2_107.dqdimacs,25,116
./benchmark_tests/original/Biere/bitcell_16_2/pec_bit_cell_arbiter_2_107.dqdimacs,28,116
./benchmark_tests/original/Biere/bitcell_16_2/pec_bit_cell_arbiter_2_107.dqdimacs,30,116
./benchmark_tests/original/Biere/bitcell_16_2/pec_bit_cell_arbiter_2_107.dqdimacs,31,116
./benchmark_tests/original/Biere/bitcell_16_2/pec_bit_cell_arbiter_2_107.dqdimacs,32,116
./benchmark_tests/original/Biere/bitcell_16_2/pec_bit_cell_arbiter_2_107.dqdimacs,33,115
./benchmark_tests/original/Biere/bitcell_16_2/pec_bit_cell_arbiter_2_107.dqdimacs,34,116
./benchmark_tests/original/Biere/bitcell_16_2/pec_bit_cell_arbiter_2_107.dqdimacs,35,115
./benchmark_tests/original/Biere/bitcell_16_2/pec_bit_cell_arbiter_2_107.dqdimacs,36,116
./benchmark_tests/original/Biere/bitcell_16_2/pec_bit_cell_arbiter_2_107.dqdimacs,37,115
./benchmark_tests/original/Biere/bitcell_16_2/pec_bit_cell_arbiter_2_107.dqdimacs,38,115
./benchmark_tests/original/Biere/bitcell_16_2/pec_bit_cell_arbiter_2_107.dqdimacs,39,116
./benchmark_tests/original/Biere/bitcell_16_2/pec_bit_cell_arbiter_2_107.dqdimacs,40,115
./benchmark_tests/original/Biere/bitcell_16_2/pec_bit_cell_arbiter_2_107.dqdimacs,41,115
./benchmark_tests/original/Biere/bitcell_16_2/pec_bit_cell_arbiter_2_107.dqdimacs,42,115
./benchmark_tests/original/Biere/bitcell_16_2/pec_bit_cell_arbiter_2_107.dqdimacs,43,115
./benchmark_tests/original/Biere/bitcell_16_2/pec_bit_cell_arbiter_2_107.dqdimacs,44,115
./benchmark_tests/original/Biere/bitcell_16_2/pec_bit_cell_arbiter_2_107.dqdimacs,45,119
./benchmark_tests/original/Biere/bitcell_16_2/pec_bit_cell_arbiter_2_107.dqdimacs,46,115
./benchmark_tests/original/Biere/bitcell_16_2/pec_bit_cell_arbiter_2_107.dqdimacs,47,117
./benchmark_tests/original/Biere/bitcell_16_2/pec_bit_cell_arbiter_2_107.dqdimacs,48,115
./benchmark_tests/original/Biere/bitcell_16_2/pec_bit_cell_arbiter_2_107.dqdimacs,49,115
./benchmark_tests/original/Biere/bitcell_16_2/pec_bit_cell_arbiter_2_107.dqdimacs,50,115
./benchmark_tests/original/Biere/bitcell_16_2/pec_bit_cell_arbiter_2_107.dqdimacs,51,115
./benchmark_tests/original/Biere/bitcell_16_2/pec_bit_cell_arbiter_2_107.dqdimacs,52,115
./benchmark_tests/original/Biere/bitcell_16_2/pec_bit_cell_arbiter_2_107.dqdimacs,53,115
./benchmark_tests/original/Biere/bitcell_16_2/pec_bit_cell_arbiter_2_107.dqdimacs,54,116
./benchmark_tests/original/Biere/bitcell_16_2/pec_bit_cell_arbiter_2_107.dqdimacs,55,115
./benchmark_tests/original/Biere/bitcell_16_2/pec_bit_cell_arbiter_2_107.dqdimacs,56,115
./benchmark_tests/original/Biere/bitcell_16_2/pec_bit_cell_arbiter_2_107.dqdimacs,58,115
./benchmark_tests/original/Biere/bitcell_16_2/pec_bit_cell_arbiter_2_107.dqdimacs,59,115
./benchmark_tests/original/Biere/bitcell_16_2/pec_bit_cell_arbiter_2_107.dqdimacs,60,115
./benchmark_tests/original/Biere/bitcell_16_2/pec_bit_cell_arbiter_2_107.dqdimacs,61,115
./benchmark_tests/original/Biere/bitcell_16_2/pec_bit_cell_arbiter_2_107.dqdimacs,62,115
./benchmark_tests/original/Biere/bitcell_16_2/pec_bit_cell_arbiter_2_107.dqdimacs,63,115
./benchmark_tests/original/Biere/bitcell_16_2/pec_bit_cell_arbiter_2_107.dqdimacs,64,115
./benchmark_tests/original/Biere/bitcell_16_2/pec_bit_cell_arbiter_2_107.dqdimacs,65,115
./benchmark_tests/original/Biere/bitcell_16_2/pec_bit_cell_arbiter_2_107.dqdimacs,66,115
./benchmark_tests/original/Biere/bitcell_16_2/pec_bit_cell_arbiter_2_107.dqdimacs,67,115
./benchmark_tests/original/Biere/bitcell_16_2/pec_bit_cell_arbiter_2_107.dqdimacs,68,115
./benchmark_tests/original/Biere/bitcell_16_2/pec_bit_cell_arbiter_2_107.dqdimacs,69,115
./benchmark_tests/original/Biere/bitcell_16_2/pec_bit_cell_arbiter_2_107.dqdimacs,70,116
./benchmark_tests/original/Biere/bitcell_16_2/pec_bit_cell_arbiter_2_107.dqdimacs,71,115
./benchmark_tests/original/Biere/bitcell_16_2/pec_bit_cell_arbiter_2_107.dqdimacs,72,115
./benchmark_tests/original/Biere/bitcell_16_2/pec_bit_cell_arbiter_2_107.dqdimacs,74,116
./benchmark_tests/original/Biere/bitcell_16_2/pec_bit_cell_arbiter_2_107.dqdimacs,75,116
./benchmark_tests/original/Biere/bitcell_16_2/pec_bit_cell_arbiter_2_107.dqdimacs,76,115
./benchmark_tests/original/Biere/bitcell_16_2/pec_bit_cell_arbiter_2_107.dqdimacs,77,118
./benchmark_tests/original/Biere/bitcell_16_2/pec_bit_cell_arbiter_2_107.dqdimacs,79,115
./benchmark_tests/original/Biere/bitcell_16_2/pec_bit_cell_arbiter_2_107.dqdimacs,80,115
./benchmark_tests/original/Biere/bitcell_16_2/pec_bit_cell_arbiter_2_107.dqdimacs,81,115
./benchmark_tests/original/Biere/bitcell_16_2/pec_bit_cell_arbiter_2_107.dqdimacs,82,115
./benchmark_tests/original/Biere/bitcell_16_2/pec_bit_cell_arbiter_2_107.dqdimacs,83,116
./benchmark_tests/original/Biere/bitcell_16_2/pec_bit_cell_arbiter_2_107.dqdimacs,84,116
./benchmark_tests/original/Biere/bitcell_16_2/pec_bit_cell_arbiter_2_107.dqdimacs,85,116
./benchmark_tests/original/Biere/bitcell_16_2/pec_bit_cell_arbiter_2_107.dqdimacs,87,115
./benchmark_tests/original/Biere/bitcell_16_2/pec_bit_cell_arbiter_2_107.dqdimacs,88,116
./benchmark_tests/original/Biere/bitcell_16_2/pec_bit_cell_arbiter_2_107.dqdimacs,89,115
./benchmark_tests/original/Biere/bitcell_16_2/pec_bit_cell_arbiter_2_107.dqdimacs,90,116
./benchmark_tests/original/Biere/bitcell_16_2/pec_bit_cell_arbiter_2_107.dqdimacs,91,116
./benchmark_tests/original/Biere/bitcell_16_2/pec_bit_cell_arbiter_2_107.dqdimacs,92,115
./benchmark_tests/original/Biere/bitcell_16_2/pec_bit_cell_arbiter_2_107.dqdimacs,93,115
./benchmark_tests/original/Biere/bitcell_16_2/pec_bit_cell_arbiter_2_107.dqdimacs,95,115
./benchmark_tests/original/Biere/bitcell_16_2/pec_bit_cell_arbiter_2_107.dqdimacs,96,116
./benchmark_tests/original/Biere/bitcell_16_2/pec_bit_cell_arbiter_2_107.dqdimacs,97,115
./benchmark_tests/original/Biere/bitcell_16_2/pec_bit_cell_arbiter_2_107.dqdimacs,98,116
./benchmark_tests/original/Biere/bitcell_16_2/pec_bit_cell_arbiter_2_107.dqdimacs,99,116
./benchmark_tests/original/Biere/bitcell_16_2/pec_bit_cell_arbiter_2_107.dqdimacs,100,116
./benchmark_tests/original/Biere/bitcell_16_2/pec_bit_cell_arbiter_2_107.dqdimacs,101,116
./benchmark_tests/original/Biere/bitcell_16_2/pec_bit_cell_arbiter_2_107.dqdimacs,103,115
./benchmark_tests/original/Biere/bitcell_16_2/pec_bit_cell_arbiter_2_107.dqdimacs,104,116
./benchmark_tests/original/Biere/bitcell_16_2/pec_bit_cell_arbiter_2_107.dqdimacs,105,116
./benchmark_tests/original/Biere/bitcell_16_2/pec_bit_cell_arbiter_2_107.dqdimacs,106,116
./benchmark_tests/original/Biere/bitcell_16_2/pec_bit_cell_arbiter_2_107.dqdimacs,107,115
./benchmark_tests/original/Biere/bitcell_16_2/pec_bit_cell_arbiter_2_107.dqdimacs,108,116
./benchmark_tests/original/Biere/bitcell_16_2/pec_bit_cell_arbiter_2_107.dqdimacs,109,116
./benchmark_tests/original/Biere/bitcell_16_2/pec_bit_cell_arbiter_2_107.dqdimacs,111,116
./benchmark_tests/original/Biere/bitcell_16_2/pec_bit_cell_arbiter_2_107.dqdimacs,112,116
./benchmark_tests/original/Biere/bitcell_16_2/pec_bit_cell_arbiter_2_107.dqdimacs,113,116
./benchmark_tests/original/Biere/bitcell_16_2/pec_bit_cell_arbiter_2_107.dqdimacs,114,116
./benchmark_tests/original/Biere/bitcell_16_2/pec_bit_cell_arbiter_2_107.dqdimacs,115,116
./benchmark_tests/original/Biere/bitcell_16_2/pec_bit_cell_arbiter_2_107.dqdimacs,116,116
./benchmark_tests/original/Biere/bitcell_16_2/pec_bit_cell_arbiter_2_107.dqdimacs,117,115
./benchmark_tests/original/Biere/bitcell_16_2/pec_bit_cell_arbiter_2_107.dqdimacs,119,115
./benchmark_tests/original/Biere/bitcell_16_2/pec_bit_cell_arbiter_2_107.dqdimacs,120,115
./benchmark_tests/original/Biere/bitcell_16_2/pec_bit_cell_arbiter_2_107.dqdimacs,121,115
./benchmark_tests/original/Biere/bitcell_16_2/pec_bit_cell_arbiter_2_107.dqdimacs,122,116
./benchmark_tests/original/Biere/bitcell_16_2/pec_bit_cell_arbiter_2_107.dqdimacs,123,116
./benchmark_tests/original/Biere/bitcell_16_2/pec_bit_cell_arbiter_2_107.dqdimacs,124,116
./benchmark_tests/original/Biere/bitcell_16_2/pec_bit_cell_arbiter_2_107.dqdimacs,125,116
./benchmark_tests/original/Biere/bitcell_16_2/pec_bit_cell_arbiter_2_107.dqdimacs,126,115
./benchmark_tests/original/Biere/bitcell_16_2/pec_bit_cell_arbiter_2_107.dqdimacs,127,116
./benchmark_tests/original/Biere/bitcell_16_2/pec_bit_cell_arbiter_2_107.dqdimacs,128,116
./benchmark_tests/original/Biere/bitcell_16_2/pec_bit_cell_arbiter_2_107.dqdimacs,129,116
./benchmark_tests/original/Biere/bitcell_16_2/pec_bit_cell_arbiter_2_107.dqdimacs,130,116
./benchmark_tests/original/Biere/bitcell_16_2/pec_bit_cell_arbiter_2_107.dqdimacs,131,116
./benchmark_tests/original/Biere/bitcell_16_2/pec_bit_cell_arbiter_2_126.dqdimacs,3,227
./benchmark_tests/original/Biere/bitcell_16_2/pec_bit_cell_arbiter_2_126.dqdimacs,6,220
./benchmark_tests/original/Biere/bitcell_16_2/pec_bit_cell_arbiter_2_126.dqdimacs,8,218
./benchmark_tests/original/Biere/bitcell_16_2/pec_bit_cell_arbiter_2_126.dqdimacs,10,195
./benchmark_tests/original/Biere/bitcell_16_2/pec_bit_cell_arbiter_2_126.dqdimacs,12,195
./benchmark_tests/original/Biere/bitcell_16_2/pec_bit_cell_arbiter_2_126.dqdimacs,13,194
./benchmark_tests/original/Biere/bitcell_16_2/pec_bit_cell_arbiter_2_126.dqdimacs,14,194
./benchmark_tests/original/Biere/bitcell_16_2/pec_bit_cell_arbiter_2_126.dqdimacs,15,188
./benchmark_tests/original/Biere/bitcell_16_2/pec_bit_cell_arbiter_2_126.dqdimacs,16,173
./benchmark_tests/original/Biere/bitcell_16_2/pec_bit_cell_arbiter_2_126.dqdimacs,17,155
./benchmark_tests/original/Biere/bitcell_16_2/pec_bit_cell_arbiter_2_126.dqdimacs,18,170
./benchmark_tests/original/Biere/bitcell_16_2/pec_bit_cell_arbiter_2_126.dqdimacs,19,125
./benchmark_tests/original/Biere/bitcell_16_2/pec_bit_cell_arbiter_2_126.dqdimacs,20,114
./benchmark_tests/original/Biere/bitcell_16_2/pec_bit_cell_arbiter_2_126.dqdimacs,21,107
./benchmark_tests/original/Biere/bitcell_16_2/pec_bit_cell_arbiter_2_126.dqdimacs,24,104
./benchmark_tests/original/Biere/bitcell_16_2/pec_bit_cell_arbiter_2_126.dqdimacs,26,105
./benchmark_tests/original/Biere/bitcell_16_2/pec_bit_cell_arbiter_2_126.dqdimacs,27,105
./benchmark_tests/original/Biere/bitcell_16_2/pec_bit_cell_arbiter_2_126.dqdimacs,28,105
./benchmark_tests/original/Biere/bitcell_16_2/pec_bit_cell_arbiter_2_126.dqdimacs,29,107
./benchmark_tests/original/Biere/bitcell_16_2/pec_bit_cell_arbiter_2_126.dqdimacs,30,105
./benchmark_tests/original/Biere/bitcell_16_2/pec_bit_cell_arbiter_2_126.dqdimacs,31,107
./benchmark_tests/original/Biere/bitcell_16_2/pec_bit_cell_arbiter_2_126.dqdimacs,32,106
./benchmark_tests/original/Biere/bitcell_16_2/pec_bit_cell_arbiter_2_126.dqdimacs,33,105
./benchmark_tests/original/Biere/bitcell_16_2/pec_bit_cell_arbiter_2_126.dqdimacs,34,106
./benchmark_tests/original/Biere/bitcell_16_2/pec_bit_cell_arbiter_2_126.dqdimacs,35,105
./benchmark_tests/original/Biere/bitcell_16_2/pec_bit_cell_arbiter_2_126.dqdimacs,36,105
./benchmark_tests/original/Biere/bitcell_16_2/pec_bit_cell_arbiter_2_126.dqdimacs,37,105
./benchmark_tests/original/Biere/bitcell_16_2/pec_bit_cell_arbiter_2_126.dqdimacs,38,110
./benchmark_tests/original/Biere/bitcell_16_2/pec_bit_cell_arbiter_2_126.dqdimacs,39,105
./benchmark_tests/original/Biere/bitcell_16_2/pec_bit_cell_arbiter_2_126.dqdimacs,40,105
./benchmark_tests/original/Biere/bitcell_16_2/pec_bit_cell_arbiter_2_126.dqdimacs,41,105
./benchmark_tests/original/Biere/bitcell_16_2/pec_bit_cell_arbiter_2_126.dqdimacs,42,105
./benchmark_tests/original/Biere/bitcell_16_2/pec_bit_cell_arbiter_2_126.dqdimacs,43,105
./benchmark_tests/original/Biere/bitcell_16_2/pec_bit_cell_arbiter_2_126.dqdimacs,44,105
./benchmark_tests/original/Biere/bitcell_16_2/pec_bit_cell_arbiter_2_126.dqdimacs,45,105
./benchmark_tests/original/Biere/bitcell_16_2/pec_bit_cell_arbiter_2_126.dqdimacs,46,106
./benchmark_tests/original/Biere/bitcell_16_2/pec_bit_cell_arbiter_2_126.dqdimacs,47,105
./benchmark_tests/original/Biere/bitcell_16_2/pec_bit_cell_arbiter_2_126.dqdimacs,48,105
./benchmark_tests/original/Biere/bitcell_16_2/pec_bit_cell_arbiter_2_126.dqdimacs,49,106
./benchmark_tests/original/Biere/bitcell_16_2/pec_bit_cell_arbiter_2_126.dqdimacs,50,105
./benchmark_tests/original/Biere/bitcell_16_2/pec_bit_cell_arbiter_2_126.dqdimacs,51,106
./benchmark_tests/original/Biere/bitcell_16_2/pec_bit_cell_arbiter_2_126.dqdimacs,52,106
./benchmark_tests/original/Biere/bitcell_16_2/pec_bit_cell_arbiter_2_126.dqdimacs,53,106
./benchmark_tests/original/Biere/bitcell_16_2/pec_bit_cell_arbiter_2_126.dqdimacs,54,106
./benchmark_tests/original/Biere/bitcell_16_2/pec_bit_cell_arbiter_2_126.dqdimacs,55,106
./benchmark_tests/original/Biere/bitcell_16_2/pec_bit_cell_arbiter_2_126.dqdimacs,56,107
./benchmark_tests/original/Biere/bitcell_16_2/pec_bit_cell_arbiter_2_126.dqdimacs,57,107
./benchmark_tests/original/Biere/bitcell_16_2/pec_bit_cell_arbiter_2_126.dqdimacs,58,108
./benchmark_tests/original/Biere/bitcell_16_2/pec_bit_cell_arbiter_2_126.dqdimacs,59,107
./benchmark_tests/original/Biere/bitcell_16_2/pec_bit_cell_arbiter_2_126.dqdimacs,60,107
./benchmark_tests/original/Biere/bitcell_16_2/pec_bit_cell_arbiter_2_126.dqdimacs,61,107
./benchmark_tests/original/Biere/bitcell_16_2/pec_bit_cell_arbiter_2_126.dqdimacs,62,107
./benchmark_tests/original/Biere/bitcell_16_2/pec_bit_cell_arbiter_2_126.dqdimacs,64,106
./benchmark_tests/original/Biere/bitcell_16_2/pec_bit_cell_arbiter_2_126.dqdimacs,65,107
./benchmark_tests/original/Biere/bitcell_16_2/pec_bit_cell_arbiter_2_126.dqdimacs,66,107
./benchmark_tests/original/Biere/bitcell_16_2/pec_bit_cell_arbiter_2_126.dqdimacs,67,108
./benchmark_tests/original/Biere/bitcell_16_2/pec_bit_cell_arbiter_2_126.dqdimacs,69,106
./benchmark_tests/original/Biere/bitcell_16_2/pec_bit_cell_arbiter_2_126.dqdimacs,70,106
./benchmark_tests/original/Biere/bitcell_16_2/pec_bit_cell_arbiter_2_126.dqdimacs,71,106
./benchmark_tests/original/Biere/bitcell_16_2/pec_bit_cell_arbiter_2_126.dqdimacs,72,106
./benchmark_tests/original/Biere/bitcell_16_2/pec_bit_cell_arbiter_2_126.dqdimacs,73,106
./benchmark_tests/original/Biere/bitcell_16_2/pec_bit_cell_arbiter_2_126.dqdimacs,74,107
./benchmark_tests/original/Biere/bitcell_16_2/pec_bit_cell_arbiter_2_126.dqdimacs,75,108
./benchmark_tests/original/Biere/bitcell_16_2/pec_bit_cell_arbiter_2_126.dqdimacs,77,106
./benchmark_tests/original/Biere/bitcell_16_2/pec_bit_cell_arbiter_2_126.dqdimacs,78,107
./benchmark_tests/original/Biere/bitcell_16_2/pec_bit_cell_arbiter_2_126.dqdimacs,79,107
./benchmark_tests/original/Biere/bitcell_16_2/pec_bit_cell_arbiter_2_126.dqdimacs,80,107
./benchmark_tests/original/Biere/bitcell_16_2/pec_bit_cell_arbiter_2_126.dqdimacs,81,107
./benchmark_tests/original/Biere/bitcell_16_2/pec_bit_cell_arbiter_2_126.dqdimacs,82,107
./benchmark_tests/original/Biere/bitcell_16_2/pec_bit_cell_arbiter_2_126.dqdimacs,83,108
./benchmark_tests/original/Biere/bitcell_16_2/pec_bit_cell_arbiter_2_126.dqdimacs,85,107
./benchmark_tests/original/Biere/bitcell_16_2/pec_bit_cell_arbiter_2_126.dqdimacs,86,107
./benchmark_tests/original/Biere/bitcell_16_2/pec_bit_cell_arbiter_2_126.dqdimacs,87,107
./benchmark_tests/original/Biere/bitcell_16_2/pec_bit_cell_arbiter_2_126.dqdimacs,88,107
./benchmark_tests/original/Biere/bitcell_16_2/pec_bit_cell_arbiter_2_126.dqdimacs,89,107
./benchmark_tests/original/Biere/bitcell_16_2/pec_bit_cell_arbiter_2_126.dqdimacs,90,107
./benchmark_tests/original/Biere/bitcell_16_2/pec_bit_cell_arbiter_2_126.dqdimacs,91,108
./benchmark_tests/original/Biere/bitcell_16_2/pec_bit_cell_arbiter_2_126.dqdimacs,93,106
./benchmark_tests/original/Biere/bitcell_16_2/pec_bit_cell_arbiter_2_126.dqdimacs,94,106
./benchmark_tests/original/Biere/bitcell_16_2/pec_bit_cell_arbiter_2_126.dqdimacs,95,106
./benchmark_tests/original/Biere/bitcell_16_2/pec_bit_cell_arbiter_2_126.dqdimacs,96,106
./benchmark_tests/original/Biere/bitcell_16_2/pec_bit_cell_arbiter_2_126.dqdimacs,97,106
./benchmark_tests/original/Biere/bitcell_16_2/pec_bit_cell_arbiter_2_126.dqdimacs,98,106
./benchmark_tests/original/Biere/bitcell_16_2/pec_bit_cell_arbiter_2_126.dqdimacs,99,108
./benchmark_tests/original/Biere/bitcell_16_2/pec_bit_cell_arbiter_2_126.dqdimacs,101,106
./benchmark_tests/original/Biere/bitcell_16_2/pec_bit_cell_arbiter_2_126.dqdimacs,102,106
./benchmark_tests/original/Biere/bitcell_16_2/pec_bit_cell_arbiter_2_126.dqdimacs,103,106
./benchmark_tests/original/Biere/bitcell_16_2/pec_bit_cell_arbiter_2_126.dqdimacs,104,107
./benchmark_tests/original/Biere/bitcell_16_2/pec_bit_cell_arbiter_2_126.dqdimacs,105,106
./benchmark_tests/original/Biere/bitcell_16_2/pec_bit_cell_arbiter_2_126.dqdimacs,106,107
./benchmark_tests/original/Biere/bitcell_16_2/pec_bit_cell_arbiter_2_126.dqdimacs,107,107
./benchmark_tests/original/Biere/bitcell_16_2/pec_bit_cell_arbiter_2_126.dqdimacs,109,106
./benchmark_tests/original/Biere/bitcell_16_2/pec_bit_cell_arbiter_2_126.dqdimacs,110,107
./benchmark_tests/original/Biere/bitcell_16_2/pec_bit_cell_arbiter_2_126.dqdimacs,111,106
./benchmark_tests/original/Biere/bitcell_16_2/pec_bit_cell_arbiter_2_126.dqdimacs,112,106
./benchmark_tests/original/Biere/bitcell_16_2/pec_bit_cell_arbiter_2_126.dqdimacs,113,106
./benchmark_tests/original/Biere/bitcell_16_2/pec_bit_cell_arbiter_2_126.dqdimacs,114,105
./benchmark_tests/original/Biere/bitcell_16_2/pec_bit_cell_arbiter_2_126.dqdimacs,115,107
./benchmark_tests/original/Biere/bitcell_16_2/pec_bit_cell_arbiter_2_126.dqdimacs,117,106
./benchmark_tests/original/Biere/bitcell_16_2/pec_bit_cell_arbiter_2_126.dqdimacs,118,105
./benchmark_tests/original/Biere/bitcell_16_2/pec_bit_cell_arbiter_2_126.dqdimacs,119,106
./benchmark_tests/original/Biere/bitcell_16_2/pec_bit_cell_arbiter_2_126.dqdimacs,120,106
./benchmark_tests/original/Biere/bitcell_16_2/pec_bit_cell_arbiter_2_126.dqdimacs,121,106
./benchmark_tests/original/Biere/bitcell_16_2/pec_bit_cell_arbiter_2_126.dqdimacs,122,106
./benchmark_tests/original/Biere/bitcell_16_2/pec_bit_cell_arbiter_2_126.dqdimacs,123,107
./benchmark_tests/original/Biere/bitcell_16_2/pec_bit_cell_arbiter_2_126.dqdimacs,125,106
./benchmark_tests/original/Biere/bitcell_16_2/pec_bit_cell_arbiter_2_126.dqdimacs,126,105
./benchmark_tests/original/Biere/bitcell_16_2/pec_bit_cell_arbiter_2_126.dqdimacs,127,106
./benchmark_tests/original/Biere/bitcell_16_2/pec_bit_cell_arbiter_2_126.dqdimacs,128,106
./benchmark_tests/original/Biere/bitcell_16_2/pec_bit_cell_arbiter_2_126.dqdimacs,129,105
./benchmark_tests/original/Biere/bitcell_16_2/pec_bit_cell_arbiter_2_126.dqdimacs,130,105
./benchmark_tests/original/Biere/bitcell_16_2/pec_bit_cell_arbiter_2_126.dqdimacs,131,108
./benchmark_tests/original/Biere/bitcell_16_2/pec_bit_cell_arbiter_2_126.dqdimacs,132,106
./benchmark_tests/original/Biere/bitcell_16_2/pec_bit_cell_arbiter_2_126.dqdimacs,133,106
./benchmark_tests/original/Biere/bitcell_16_2/pec_bit_cell_arbiter_2_126.dqdimacs,134,106
./benchmark_tests/original/Biere/bitcell_16_2/pec_bit_cell_arbiter_2_126.dqdimacs,135,106
./benchmark_tests/original/Biere/bitcell_16_2/pec_bit_cell_arbiter_2_126.dqdimacs,136,107
./benchmark_tests/original/Biere/bitcell_16_2/pec_bit_cell_arbiter_2_126.dqdimacs,137,107
./benchmark_tests/original/Biere/bitcell_16_2/pec_bit_cell_arbiter_2_12.dqdimacs,3,116
./benchmark_tests/original/Biere/bitcell_16_2/pec_bit_cell_arbiter_2_12.dqdimacs,5,105
./benchmark_tests/original/Biere/bitcell_16_2/pec_bit_cell_arbiter_2_12.dqdimacs,7,82
./benchmark_tests/original/Biere/bitcell_16_2/pec_bit_cell_arbiter_2_12.dqdimacs,9,84
./benchmark_tests/original/Biere/bitcell_16_2/pec_bit_cell_arbiter_2_12.dqdimacs,10,83
./benchmark_tests/original/Biere/bitcell_16_2/pec_bit_cell_arbiter_2_12.dqdimacs,11,84
./benchmark_tests/original/Biere/bitcell_16_2/pec_bit_cell_arbiter_2_12.dqdimacs,12,84
./benchmark_tests/original/Biere/bitcell_16_2/pec_bit_cell_arbiter_2_12.dqdimacs,13,84
./benchmark_tests/original/Biere/bitcell_16_2/pec_bit_cell_arbiter_2_12.dqdimacs,14,84
./benchmark_tests/original/Biere/bitcell_16_2/pec_bit_cell_arbiter_2_12.dqdimacs,15,130
./benchmark_tests/original/Biere/bitcell_16_2/pec_bit_cell_arbiter_2_12.dqdimacs,16,85
./benchmark_tests/original/Biere/bitcell_16_2/pec_bit_cell_arbiter_2_12.dqdimacs,19,84
./benchmark_tests/original/Biere/bitcell_16_2/pec_bit_cell_arbiter_2_12.dqdimacs,21,84
./benchmark_tests/original/Biere/bitcell_16_2/pec_bit_cell_arbiter_2_12.dqdimacs,23,84
./benchmark_tests/original/Biere/bitcell_16_2/pec_bit_cell_arbiter_2_12.dqdimacs,25,84
./benchmark_tests/original/Biere/bitcell_16_2/pec_bit_cell_arbiter_2_12.dqdimacs,27,84
./benchmark_tests/original/Biere/bitcell_16_2/pec_bit_cell_arbiter_2_12.dqdimacs,28,81
./benchmark_tests/original/Biere/bitcell_16_2/pec_bit_cell_arbiter_2_12.dqdimacs,29,79
./benchmark_tests/original/Biere/bitcell_16_2/pec_bit_cell_arbiter_2_12.dqdimacs,30,77
./benchmark_tests/original/Biere/bitcell_16_2/pec_bit_cell_arbiter_2_12.dqdimacs,31,74
./benchmark_tests/original/Biere/bitcell_16_2/pec_bit_cell_arbiter_2_12.dqdimacs,32,70
./benchmark_tests/original/Biere/bitcell_16_2/pec_bit_cell_arbiter_2_12.dqdimacs,33,68
./benchmark_tests/original/Biere/bitcell_16_2/pec_bit_cell_arbiter_2_12.dqdimacs,34,67
./benchmark_tests/original/Biere/bitcell_16_2/pec_bit_cell_arbiter_2_12.dqdimacs,35,63
./benchmark_tests/original/Biere/bitcell_16_2/pec_bit_cell_arbiter_2_12.dqdimacs,36,59
./benchmark_tests/original/Biere/bitcell_16_2/pec_bit_cell_arbiter_2_12.dqdimacs,37,57
./benchmark_tests/original/Biere/bitcell_16_2/pec_bit_cell_arbiter_2_12.dqdimacs,38,55
./benchmark_tests/original/Biere/bitcell_16_2/pec_bit_cell_arbiter_2_12.dqdimacs,39,58
./benchmark_tests/original/Biere/bitcell_16_2/pec_bit_cell_arbiter_2_12.dqdimacs,40,50
./benchmark_tests/original/Biere/bitcell_16_2/pec_bit_cell_arbiter_2_12.dqdimacs,41,49
./benchmark_tests/original/Biere/bitcell_16_2/pec_bit_cell_arbiter_2_12.dqdimacs,42,47
./benchmark_tests/original/Biere/bitcell_16_2/pec_bit_cell_arbiter_2_12.dqdimacs,43,46
./benchmark_tests/original/Biere/bitcell_16_2/pec_bit_cell_arbiter_2_12.dqdimacs,44,46
./benchmark_tests/original/Biere/bitcell_16_2/pec_bit_cell_arbiter_2_12.dqdimacs,45,46
./benchmark_tests/original/Biere/bitcell_16_2/pec_bit_cell_arbiter_2_12.dqdimacs,46,46
./benchmark_tests/original/Biere/bitcell_16_2/pec_bit_cell_arbiter_2_12.dqdimacs,47,46
./benchmark_tests/original/Biere/bitcell_16_2/pec_bit_cell_arbiter_2_12.dqdimacs,48,46
./benchmark_tests/original/Biere/bitcell_16_2/pec_bit_cell_arbiter_2_12.dqdimacs,49,46
./benchmark_tests/original/Biere/bitcell_16_2/pec_bit_cell_arbiter_2_12.dqdimacs,50,46
./benchmark_tests/original/Biere/bitcell_16_2/pec_bit_cell_arbiter_2_12.dqdimacs,51,46
./benchmark_tests/original/Biere/bitcell_16_2/pec_bit_cell_arbiter_2_12.dqdimacs,52,46
./benchmark_tests/original/Biere/bitcell_16_2/pec_bit_cell_arbiter_2_12.dqdimacs,53,46
./benchmark_tests/original/Biere/bitcell_16_2/pec_bit_cell_arbiter_2_12.dqdimacs,54,46
./benchmark_tests/original/Biere/bitcell_16_2/pec_bit_cell_arbiter_2_12.dqdimacs,55,48
./benchmark_tests/original/Biere/bitcell_16_2/pec_bit_cell_arbiter_2_12.dqdimacs,56,46
./benchmark_tests/original/Biere/bitcell_16_2/pec_bit_cell_arbiter_2_12.dqdimacs,57,46
./benchmark_tests/original/Biere/bitcell_16_2/pec_bit_cell_arbiter_2_12.dqdimacs,58,46
./benchmark_tests/original/Biere/bitcell_16_2/pec_bit_cell_arbiter_2_12.dqdimacs,59,46
./benchmark_tests/original/Biere/bitcell_16_2/pec_bit_cell_arbiter_2_12.dqdimacs,60,46
./benchmark_tests/original/Biere/bitcell_16_2/pec_bit_cell_arbiter_2_12.dqdimacs,61,46
./benchmark_tests/original/Biere/bitcell_16_2/pec_bit_cell_arbiter_2_12.dqdimacs,62,46
./benchmark_tests/original/Biere/bitcell_16_2/pec_bit_cell_arbiter_2_12.dqdimacs,64,46
./benchmark_tests/original/Biere/bitcell_16_2/pec_bit_cell_arbiter_2_12.dqdimacs,65,46
./benchmark_tests/original/Biere/bitcell_16_2/pec_bit_cell_arbiter_2_12.dqdimacs,66,47
./benchmark_tests/original/Biere/bitcell_16_2/pec_bit_cell_arbiter_2_12.dqdimacs,68,46
./benchmark_tests/original/Biere/bitcell_16_2/pec_bit_cell_arbiter_2_12.dqdimacs,69,46
./benchmark_tests/original/Biere/bitcell_16_2/pec_bit_cell_arbiter_2_12.dqdimacs,70,46
./benchmark_tests/original/Biere/bitcell_16_2/pec_bit_cell_arbiter_2_12.dqdimacs,71,46
./benchmark_tests/original/Biere/bitcell_16_2/pec_bit_cell_arbiter_2_12.dqdimacs,72,46
./benchmark_tests/original/Biere/bitcell_16_2/pec_bit_cell_arbiter_2_12.dqdimacs,73,46
./benchmark_tests/original/Biere/bitcell_16_2/pec_bit_cell_arbiter_2_12.dqdimacs,74,46
./benchmark_tests/original/Biere/bitcell_16_2/pec_bit_cell_arbiter_2_12.dqdimacs,76,46
./benchmark_tests/original/Biere/bitcell_16_2/pec_bit_cell_arbiter_2_12.dqdimacs,77,46
./benchmark_tests/original/Biere/bitcell_16_2/pec_bit_cell_arbiter_2_12.dqdimacs,78,46
./benchmark_tests/original/Biere/bitcell_16_2/pec_bit_cell_arbiter_2_12.dqdimacs,79,46
./benchmark_tests/original/Biere/bitcell_16_2/pec_bit_cell_arbiter_2_12.dqdimacs,80,46
./benchmark_tests/original/Biere/bitcell_16_2/pec_bit_cell_arbiter_2_12.dqdimacs,81,46
./benchmark_tests/original/Biere/bitcell_16_2/pec_bit_cell_arbiter_2_12.dqdimacs,82,46
./benchmark_tests/original/Biere/bitcell_16_2/pec_bit_cell_arbiter_2_12.dqdimacs,84,46
./benchmark_tests/original/Biere/bitcell_16_2/pec_bit_cell_arbiter_2_12.dqdimacs,85,46
./benchmark_tests/original/Biere/bitcell_16_2/pec_bit_cell_arbiter_2_12.dqdimacs,86,46
./benchmark_tests/original/Biere/bitcell_16_2/pec_bit_cell_arbiter_2_12.dqdimacs,87,46
./benchmark_tests/original/Biere/bitcell_16_2/pec_bit_cell_arbiter_2_12.dqdimacs,88,46
./benchmark_tests/original/Biere/bitcell_16_2/pec_bit_cell_arbiter_2_12.dqdimacs,89,47
./benchmark_tests/original/Biere/bitcell_16_2/pec_bit_cell_arbiter_2_12.dqdimacs,90,47
./benchmark_tests/original/Biere/bitcell_16_2/pec_bit_cell_arbiter_2_12.dqdimacs,92,46
./benchmark_tests/original/Biere/bitcell_16_2/pec_bit_cell_arbiter_2_12.dqdimacs,93,46
./benchmark_tests/original/Biere/bitcell_16_2/pec_bit_cell_arbiter_2_12.dqdimacs,94,46
./benchmark_tests/original/Biere/bitcell_16_2/pec_bit_cell_arbiter_2_12.dqdimacs,95,47
./benchmark_tests/original/Biere/bitcell_16_2/pec_bit_cell_arbiter_2_12.dqdimacs,96,46
./benchmark_tests/original/Biere/bitcell_16_2/pec_bit_cell_arbiter_2_12.dqdimacs,97,47
./benchmark_tests/original/Biere/bitcell_16_2/pec_bit_cell_arbiter_2_12.dqdimacs,98,47
./benchmark_tests/original/Biere/bitcell_16_2/pec_bit_cell_arbiter_2_12.dqdimacs,100,47
./benchmark_tests/original/Biere/bitcell_16_2/pec_bit_cell_arbiter_2_12.dqdimacs,101,46
./benchmark_tests/original/Biere/bitcell_16_2/pec_bit_cell_arbiter_2_12.dqdimacs,102,46
./benchmark_tests/original/Biere/bitcell_16_2/pec_bit_cell_arbiter_2_12.dqdimacs,103,47
./benchmark_tests/original/Biere/bitcell_16_2/pec_bit_cell_arbiter_2_12.dqdimacs,104,47
./benchmark_tests/original/Biere/bitcell_16_2/pec_bit_cell_arbiter_2_12.dqdimacs,105,47
./benchmark_tests/original/Biere/bitcell_16_2/pec_bit_cell_arbiter_2_12.dqdimacs,106,47
./benchmark_tests/original/Biere/bitcell_16_2/pec_bit_cell_arbiter_2_12.dqdimacs,108,47
./benchmark_tests/original/Biere/bitcell_16_2/pec_bit_cell_arbiter_2_12.dqdimacs,109,47
./benchmark_tests/original/Biere/bitcell_16_2/pec_bit_cell_arbiter_2_12.dqdimacs,110,47
./benchmark_tests/original/Biere/bitcell_16_2/pec_bit_cell_arbiter_2_12.dqdimacs,111,47
./benchmark_tests/original/Biere/bitcell_16_2/pec_bit_cell_arbiter_2_12.dqdimacs,112,47
./benchmark_tests/original/Biere/bitcell_16_2/pec_bit_cell_arbiter_2_12.dqdimacs,113,48
./benchmark_tests/original/Biere/bitcell_16_2/pec_bit_cell_arbiter_2_12.dqdimacs,114,48
./benchmark_tests/original/Biere/bitcell_16_2/pec_bit_cell_arbiter_2_12.dqdimacs,116,47
./benchmark_tests/original/Biere/bitcell_16_2/pec_bit_cell_arbiter_2_12.dqdimacs,117,47
./benchmark_tests/original/Biere/bitcell_16_2/pec_bit_cell_arbiter_2_12.dqdimacs,118,47
./benchmark_tests/original/Biere/bitcell_16_2/pec_bit_cell_arbiter_2_12.dqdimacs,119,47
./benchmark_tests/original/Biere/bitcell_16_2/pec_bit_cell_arbiter_2_12.dqdimacs,120,47
./benchmark_tests/original/Biere/bitcell_16_2/pec_bit_cell_arbiter_2_12.dqdimacs,121,48
./benchmark_tests/original/Biere/bitcell_16_2/pec_bit_cell_arbiter_2_12.dqdimacs,122,48
./benchmark_tests/original/Biere/bitcell_16_2/pec_bit_cell_arbiter_2_12.dqdimacs,123,47
./benchmark_tests/original/Biere/bitcell_16_2/pec_bit_cell_arbiter_2_12.dqdimacs,124,47
./benchmark_tests/original/Biere/bitcell_16_2/pec_bit_cell_arbiter_2_12.dqdimacs,125,47
./benchmark_tests/original/Biere/bitcell_16_2/pec_bit_cell_arbiter_2_12.dqdimacs,126,47
./benchmark_tests/original/Biere/bitcell_16_2/pec_bit_cell_arbiter_2_12.dqdimacs,127,49
./benchmark_tests/original/Biere/bitcell_16_2/pec_bit_cell_arbiter_2_12.dqdimacs,128,48
./benchmark_tests/original/Biere/bitcell_16_2/pec_bit_cell_arbiter_2_152.dqdimacs,3,198
./benchmark_tests/original/Biere/bitcell_16_2/pec_bit_cell_arbiter_2_152.dqdimacs,5,191
./benchmark_tests/original/Biere/bitcell_16_2/pec_bit_cell_arbiter_2_152.dqdimacs,6,169
./benchmark_tests/original/Biere/bitcell_16_2/pec_bit_cell_arbiter_2_152.dqdimacs,7,170
./benchmark_tests/original/Biere/bitcell_16_2/pec_bit_cell_arbiter_2_152.dqdimacs,8,169
./benchmark_tests/original/Biere/bitcell_16_2/pec_bit_cell_arbiter_2_152.dqdimacs,9,215
./benchmark_tests/original/Biere/bitcell_16_2/pec_bit_cell_arbiter_2_152.dqdimacs,10,170
./benchmark_tests/original/Biere/bitcell_16_2/pec_bit_cell_arbiter_2_152.dqdimacs,13,169
./benchmark_tests/original/Biere/bitcell_16_2/pec_bit_cell_arbiter_2_152.dqdimacs,15,162
./benchmark_tests/original/Biere/bitcell_16_2/pec_bit_cell_arbiter_2_152.dqdimacs,17,150
./benchmark_tests/original/Biere/bitcell_16_2/pec_bit_cell_arbiter_2_152.dqdimacs,19,137
./benchmark_tests/original/Biere/bitcell_16_2/pec_bit_cell_arbiter_2_152.dqdimacs,21,126
./benchmark_tests/original/Biere/bitcell_16_2/pec_bit_cell_arbiter_2_152.dqdimacs,23,114
./benchmark_tests/original/Biere/bitcell_16_2/pec_bit_cell_arbiter_2_152.dqdimacs,25,106
./benchmark_tests/original/Biere/bitcell_16_2/pec_bit_cell_arbiter_2_152.dqdimacs,26,98
./benchmark_tests/original/Biere/bitcell_16_2/pec_bit_cell_arbiter_2_152.dqdimacs,27,92
./benchmark_tests/original/Biere/bitcell_16_2/pec_bit_cell_arbiter_2_152.dqdimacs,28,90
./benchmark_tests/original/Biere/bitcell_16_2/pec_bit_cell_arbiter_2_152.dqdimacs,29,90
./benchmark_tests/original/Biere/bitcell_16_2/pec_bit_cell_arbiter_2_152.dqdimacs,30,90
./benchmark_tests/original/Biere/bitcell_16_2/pec_bit_cell_arbiter_2_152.dqdimacs,31,90
./benchmark_tests/original/Biere/bitcell_16_2/pec_bit_cell_arbiter_2_152.dqdimacs,32,90
./benchmark_tests/original/Biere/bitcell_16_2/pec_bit_cell_arbiter_2_152.dqdimacs,33,96
./benchmark_tests/original/Biere/bitcell_16_2/pec_bit_cell_arbiter_2_152.dqdimacs,34,90
./benchmark_tests/original/Biere/bitcell_16_2/pec_bit_cell_arbiter_2_152.dqdimacs,35,90
./benchmark_tests/original/Biere/bitcell_16_2/pec_bit_cell_arbiter_2_152.dqdimacs,36,91
./benchmark_tests/original/Biere/bitcell_16_2/pec_bit_cell_arbiter_2_152.dqdimacs,37,90
./benchmark_tests/original/Biere/bitcell_16_2/pec_bit_cell_arbiter_2_152.dqdimacs,38,90
./benchmark_tests/original/Biere/bitcell_16_2/pec_bit_cell_arbiter_2_152.dqdimacs,39,90
./benchmark_tests/original/Biere/bitcell_16_2/pec_bit_cell_arbiter_2_152.dqdimacs,40,90
./benchmark_tests/original/Biere/bitcell_16_2/pec_bit_cell_arbiter_2_152.dqdimacs,41,90
./benchmark_tests/original/Biere/bitcell_16_2/pec_bit_cell_arbiter_2_152.dqdimacs,43,90
./benchmark_tests/original/Biere/bitcell_16_2/pec_bit_cell_arbiter_2_152.dqdimacs,44,90
./benchmark_tests/original/Biere/bitcell_16_2/pec_bit_cell_arbiter_2_152.dqdimacs,45,90
./benchmark_tests/original/Biere/bitcell_16_2/pec_bit_cell_arbiter_2_152.dqdimacs,46,90
./benchmark_tests/original/Biere/bitcell_16_2/pec_bit_cell_arbiter_2_152.dqdimacs,47,91
./benchmark_tests/original/Biere/bitcell_16_2/pec_bit_cell_arbiter_2_152.dqdimacs,48,91
./benchmark_tests/original/Biere/bitcell_16_2/pec_bit_cell_arbiter_2_152.dqdimacs,49,91
./benchmark_tests/original/Biere/bitcell_16_2/pec_bit_cell_arbiter_2_152.dqdimacs,50,91
./benchmark_tests/original/Biere/bitcell_16_2/pec_bit_cell_arbiter_2_152.dqdimacs,51,91
./benchmark_tests/original/Biere/bitcell_16_2/pec_bit_cell_arbiter_2_152.dqdimacs,52,91
./benchmark_tests/original/Biere/bitcell_16_2/pec_bit_cell_arbiter_2_152.dqdimacs,53,91
./benchmark_tests/original/Biere/bitcell_16_2/pec_bit_cell_arbiter_2_152.dqdimacs,54,91
./benchmark_tests/original/Biere/bitcell_16_2/pec_bit_cell_arbiter_2_152.dqdimacs,55,91
./benchmark_tests/original/Biere/bitcell_16_2/pec_bit_cell_arbiter_2_152.dqdimacs,56,91
./benchmark_tests/original/Biere/bitcell_16_2/pec_bit_cell_arbiter_2_152.dqdimacs,57,90
./benchmark_tests/original/Biere/bitcell_16_2/pec_bit_cell_arbiter_2_152.dqdimacs,58,91
./benchmark_tests/original/Biere/bitcell_16_2/pec_bit_cell_arbiter_2_152.dqdimacs,59,90
./benchmark_tests/original/Biere/bitcell_16_2/pec_bit_cell_arbiter_2_152.dqdimacs,60,91
./benchmark_tests/original/Biere/bitcell_16_2/pec_bit_cell_arbiter_2_152.dqdimacs,61,91
./benchmark_tests/original/Biere/bitcell_16_2/pec_bit_cell_arbiter_2_152.dqdimacs,62,90
./benchmark_tests/original/Biere/bitcell_16_2/pec_bit_cell_arbiter_2_152.dqdimacs,63,90
./benchmark_tests/original/Biere/bitcell_16_2/pec_bit_cell_arbiter_2_152.dqdimacs,64,91
./benchmark_tests/original/Biere/bitcell_16_2/pec_bit_cell_arbiter_2_152.dqdimacs,65,91
./benchmark_tests/original/Biere/bitcell_16_2/pec_bit_cell_arbiter_2_152.dqdimacs,66,91
./benchmark_tests/original/Biere/bitcell_16_2/pec_bit_cell_arbiter_2_152.dqdimacs,67,92
./benchmark_tests/original/Biere/bitcell_16_2/pec_bit_cell_arbiter_2_152.dqdimacs,68,91
./benchmark_tests/original/Biere/bitcell_16_2/pec_bit_cell_arbiter_2_152.dqdimacs,69,90
./benchmark_tests/original/Biere/bitcell_16_2/pec_bit_cell_arbiter_2_152.dqdimacs,70,90
./benchmark_tests/original/Biere/bitcell_16_2/pec_bit_cell_arbiter_2_152.dqdimacs,71,90
./benchmark_tests/original/Biere/bitcell_16_2/pec_bit_cell_arbiter_2_152.dqdimacs,72,90
./benchmark_tests/original/Biere/bitcell_16_2/pec_bit_cell_arbiter_2_152.dqdimacs,73,90
./benchmark_tests/original/Biere/bitcell_16_2/pec_bit_cell_arbiter_2_152.dqdimacs,74,90
./benchmark_tests/original/Biere/bitcell_16_2/pec_bit_cell_arbiter_2_152.dqdimacs,75,91
./benchmark_tests/original/Biere/bitcell_16_2/pec_bit_cell_arbiter_2_152.dqdimacs,76,90
./benchmark_tests/original/Biere/bitcell_16_2/pec_bit_cell_arbiter_2_152.dqdimacs,77,90
./benchmark_tests/original/Biere/bitcell_16_2/pec_bit_cell_arbiter_2_152.dqdimacs,78,90
./benchmark_tests/original/Biere/bitcell_16_2/pec_bit_cell_arbiter_2_152.dqdimacs,79,90
./benchmark_tests/original/Biere/bitcell_16_2/pec_bit_cell_arbiter_2_152.dqdimacs,80,90
./benchmark_tests/original/Biere/bitcell_16_2/pec_bit_cell_arbiter_2_152.dqdimacs,81,90
./benchmark_tests/original/Biere/bitcell_16_2/pec_bit_cell_arbiter_2_152.dqdimacs,83,90
./benchmark_tests/original/Biere/bitcell_16_2/pec_bit_cell_arbiter_2_152.dqdimacs,84,90
./benchmark_tests/original/Biere/bitcell_16_2/pec_bit_cell_arbiter_2_152.dqdimacs,85,90
./benchmark_tests/original/Biere/bitcell_16_2/pec_bit_cell_arbiter_2_152.dqdimacs,86,90
./benchmark_tests/original/Biere/bitcell_16_2/pec_bit_cell_arbiter_2_152.dqdimacs,87,90
./benchmark_tests/original/Biere/bitcell_16_2/pec_bit_cell_arbiter_2_152.dqdimacs,89,90
./benchmark_tests/original/Biere/bitcell_16_2/pec_bit_cell_arbiter_2_152.dqdimacs,90,90
./benchmark_tests/original/Biere/bitcell_16_2/pec_bit_cell_arbiter_2_152.dqdimacs,91,90
./benchmark_tests/original/Biere/bitcell_16_2/pec_bit_cell_arbiter_2_152.dqdimacs,92,90
./benchmark_tests/original/Biere/bitcell_16_2/pec_bit_cell_arbiter_2_152.dqdimacs,93,90
./benchmark_tests/original/Biere/bitcell_16_2/pec_bit_cell_arbiter_2_152.dqdimacs,94,90
./benchmark_tests/original/Biere/bitcell_16_2/pec_bit_cell_arbiter_2_152.dqdimacs,95,92
./benchmark_tests/original/Biere/bitcell_16_2/pec_bit_cell_arbiter_2_152.dqdimacs,97,90
./benchmark_tests/original/Biere/bitcell_16_2/pec_bit_cell_arbiter_2_152.dqdimacs,98,91
./benchmark_tests/original/Biere/bitcell_16_2/pec_bit_cell_arbiter_2_152.dqdimacs,99,90
./benchmark_tests/original/Biere/bitcell_16_2/pec_bit_cell_arbiter_2_152.dqdimacs,100,91
./benchmark_tests/original/Biere/bitcell_16_2/pec_bit_cell_arbiter_2_152.dqdimacs,101,91
./benchmark_tests/original/Biere/bitcell_16_2/pec_bit_cell_arbiter_2_152.dqdimacs,102,91
./benchmark_tests/original/Biere/bitcell_16_2/pec_bit_cell_arbiter_2_152.dqdimacs,103,92
./benchmark_tests/original/Biere/bitcell_16_2/pec_bit_cell_arbiter_2_152.dqdimacs,105,90
./benchmark_tests/original/Biere/bitcell_16_2/pec_bit_cell_arbiter_2_152.dqdimacs,106,90
./benchmark_tests/original/Biere/bitcell_16_2/pec_bit_cell_arbiter_2_152.dqdimacs,107,90
./benchmark_tests/original/Biere/bitcell_16_2/pec_bit_cell_arbiter_2_152.dqdimacs,108,92
./benchmark_tests/original/Biere/bitcell_16_2/pec_bit_cell_arbiter_2_152.dqdimacs,109,90
./benchmark_tests/original/Biere/bitcell_16_2/pec_bit_cell_arbiter_2_152.dqdimacs,110,91
./benchmark_tests/original/Biere/bitcell_16_2/pec_bit_cell_arbiter_2_152.dqdimacs,111,92
./benchmark_tests/original/Biere/bitcell_16_2/pec_bit_cell_arbiter_2_152.dqdimacs,113,90
./benchmark_tests/original/Biere/bitcell_16_2/pec_bit_cell_arbiter_2_152.dqdimacs,114,91
./benchmark_tests/original/Biere/bitcell_16_2/pec_bit_cell_arbiter_2_152.dqdimacs,115,90
./benchmark_tests/original/Biere/bitcell_16_2/pec_bit_cell_arbiter_2_152.dqdimacs,116,91
./benchmark_tests/original/Biere/bitcell_16_2/pec_bit_cell_arbiter_2_152.dqdimacs,117,91
./benchmark_tests/original/Biere/bitcell_16_2/pec_bit_cell_arbiter_2_152.dqdimacs,118,90
./benchmark_tests/original/Biere/bitcell_16_2/pec_bit_cell_arbiter_2_152.dqdimacs,119,92
./benchmark_tests/original/Biere/bitcell_16_2/pec_bit_cell_arbiter_2_152.dqdimacs,121,90
./benchmark_tests/original/Biere/bitcell_16_2/pec_bit_cell_arbiter_2_152.dqdimacs,122,90
./benchmark_tests/original/Biere/bitcell_16_2/pec_bit_cell_arbiter_2_152.dqdimacs,123,90
./benchmark_tests/original/Biere/bitcell_16_2/pec_bit_cell_arbiter_2_152.dqdimacs,124,90
./benchmark_tests/original/Biere/bitcell_16_2/pec_bit_cell_arbiter_2_152.dqdimacs,125,90
./benchmark_tests/original/Biere/bitcell_16_2/pec_bit_cell_arbiter_2_152.dqdimacs,126,90
./benchmark_tests/original/Biere/bitcell_16_2/pec_bit_cell_arbiter_2_152.dqdimacs,127,92
./benchmark_tests/original/Biere/bitcell_16_2/pec_bit_cell_arbiter_2_152.dqdimacs,129,90
./benchmark_tests/original/Biere/bitcell_16_2/pec_bit_cell_arbiter_2_152.dqdimacs,130,90
./benchmark_tests/original/Biere/bitcell_16_2/pec_bit_cell_arbiter_2_152.dqdimacs,131,90
./benchmark_tests/original/Biere/bitcell_16_2/pec_bit_cell_arbiter_2_152.dqdimacs,132,91
./benchmark_tests/original/Biere/bitcell_16_2/pec_bit_cell_arbiter_2_152.dqdimacs,133,91
./benchmark_tests/original/Biere/bitcell_16_2/pec_bit_cell_arbiter_2_152.dqdimacs,134,91
./benchmark_tests/original/Biere/bitcell_16_2/pec_bit_cell_arbiter_2_152.dqdimacs,135,92
./benchmark_tests/original/Biere/bitcell_16_2/pec_bit_cell_arbiter_2_152.dqdimacs,136,90
./benchmark_tests/original/Biere/bitcell_16_2/pec_bit_cell_arbiter_2_152.dqdimacs,137,90
./benchmark_tests/original/Biere/bitcell_16_2/pec_bit_cell_arbiter_2_152.dqdimacs,138,91
./benchmark_tests/original/Biere/bitcell_16_2/pec_bit_cell_arbiter_2_152.dqdimacs,139,90
./benchmark_tests/original/Biere/bitcell_16_2/pec_bit_cell_arbiter_2_152.dqdimacs,140,91
./benchmark_tests/original/Biere/bitcell_16_2/pec_bit_cell_arbiter_2_152.dqdimacs,141,90
./benchmark_tests/original/Biere/bitcell_16_2/pec_bit_cell_arbiter_2_168.dqdimacs,3,213
./benchmark_tests/original/Biere/bitcell_16_2/pec_bit_cell_arbiter_2_168.dqdimacs,5,210
./benchmark_tests/original/Biere/bitcell_16_2/pec_bit_cell_arbiter_2_168.dqdimacs,6,205
./benchmark_tests/original/Biere/bitcell_16_2/pec_bit_cell_arbiter_2_168.dqdimacs,7,184
./benchmark_tests/original/Biere/bitcell_16_2/pec_bit_cell_arbiter_2_168.dqdimacs,8,185
./benchmark_tests/original/Biere/bitcell_16_2/pec_bit_cell_arbiter_2_168.dqdimacs,9,230
./benchmark_tests/original/Biere/bitcell_16_2/pec_bit_cell_arbiter_2_168.dqdimacs,10,185
./benchmark_tests/original/Biere/bitcell_16_2/pec_bit_cell_arbiter_2_168.dqdimacs,13,181
./benchmark_tests/original/Biere/bitcell_16_2/pec_bit_cell_arbiter_2_168.dqdimacs,15,167
./benchmark_tests/original/Biere/bitcell_16_2/pec_bit_cell_arbiter_2_168.dqdimacs,17,151
./benchmark_tests/original/Biere/bitcell_16_2/pec_bit_cell_arbiter_2_168.dqdimacs,19,137
./benchmark_tests/original/Biere/bitcell_16_2/pec_bit_cell_arbiter_2_168.dqdimacs,21,124
./benchmark_tests/original/Biere/bitcell_16_2/pec_bit_cell_arbiter_2_168.dqdimacs,23,114
./benchmark_tests/original/Biere/bitcell_16_2/pec_bit_cell_arbiter_2_168.dqdimacs,25,105
./benchmark_tests/original/Biere/bitcell_16_2/pec_bit_cell_arbiter_2_168.dqdimacs,26,99
./benchmark_tests/original/Biere/bitcell_16_2/pec_bit_cell_arbiter_2_168.dqdimacs,27,99
./benchmark_tests/original/Biere/bitcell_16_2/pec_bit_cell_arbiter_2_168.dqdimacs,28,99
./benchmark_tests/original/Biere/bitcell_16_2/pec_bit_cell_arbiter_2_168.dqdimacs,29,100
./benchmark_tests/original/Biere/bitcell_16_2/pec_bit_cell_arbiter_2_168.dqdimacs,30,99
./benchmark_tests/original/Biere/bitcell_16_2/pec_bit_cell_arbiter_2_168.dqdimacs,31,100
./benchmark_tests/original/Biere/bitcell_16_2/pec_bit_cell_arbiter_2_168.dqdimacs,32,99
./benchmark_tests/original/Biere/bitcell_16_2/pec_bit_cell_arbiter_2_168.dqdimacs,33,103
./benchmark_tests/original/Biere/bitcell_16_2/pec_bit_cell_arbiter_2_168.dqdimacs,34,99
./benchmark_tests/original/Biere/bitcell_16_2/pec_bit_cell_arbiter_2_168.dqdimacs,35,99
./benchmark_tests/original/Biere/bitcell_16_2/pec_bit_cell_arbiter_2_168.dqdimacs,36,99
./benchmark_tests/original/Biere/bitcell_16_2/pec_bit_cell_arbiter_2_168.dqdimacs,37,99
./benchmark_tests/original/Biere/bitcell_16_2/pec_bit_cell_arbiter_2_168.dqdimacs,38,99
./benchmark_tests/original/Biere/bitcell_16_2/pec_bit_cell_arbiter_2_168.dqdimacs,39,99
./benchmark_tests/original/Biere/bitcell_16_2/pec_bit_cell_arbiter_2_168.dqdimacs,40,99
./benchmark_tests/original/Biere/bitcell_16_2/pec_bit_cell_arbiter_2_168.dqdimacs,41,99
./benchmark_tests/original/Biere/bitcell_16_2/pec_bit_cell_arbiter_2_168.dqdimacs,43,99
./benchmark_tests/original/Biere/bitcell_16_2/pec_bit_cell_arbiter_2_168.dqdimacs,44,99
./benchmark_tests/original/Biere/bitcell_16_2/pec_bit_cell_arbiter_2_168.dqdimacs,45,99
./benchmark_tests/original/Biere/bitcell_16_2/pec_bit_cell_arbiter_2_168.dqdimacs,46,99
./benchmark_tests/original/Biere/bitcell_16_2/pec_bit_cell_arbiter_2_168.dqdimacs,47,99
./benchmark_tests/original/Biere/bitcell_16_2/pec_bit_cell_arbiter_2_168.dqdimacs,48,99
./benchmark_tests/original/Biere/bitcell_16_2/pec_bit_cell_arbiter_2_168.dqdimacs,49,100
./benchmark_tests/original/Biere/bitcell_16_2/pec_bit_cell_arbiter_2_168.dqdimacs,50,100
./benchmark_tests/original/Biere/bitcell_16_2/pec_bit_cell_arbiter_2_168.dqdimacs,51,99
./benchmark_tests/original/Biere/bitcell_16_2/pec_bit_cell_arbiter_2_168.dqdimacs,52,99
./benchmark_tests/original/Biere/bitcell_16_2/pec_bit_cell_arbiter_2_168.dqdimacs,53,99
./benchmark_tests/original/Biere/bitcell_16_2/pec_bit_cell_arbiter_2_168.dqdimacs,54,99
./benchmark_tests/original/Biere/bitcell_16_2/pec_bit_cell_arbiter_2_168.dqdimacs,55,99
./benchmark_tests/original/Biere/bitcell_16_2/pec_bit_cell_arbiter_2_168.dqdimacs,56,99
./benchmark_tests/original/Biere/bitcell_16_2/pec_bit_cell_arbiter_2_168.dqdimacs,57,99
./benchmark_tests/original/Biere/bitcell_16_2/pec_bit_cell_arbiter_2_168.dqdimacs,58,99
./benchmark_tests/original/Biere/bitcell_16_2/pec_bit_cell_arbiter_2_168.dqdimacs,59,99
./benchmark_tests/original/Biere/bitcell_16_2/pec_bit_cell_arbiter_2_168.dqdimacs,60,99
./benchmark_tests/original/Biere/bitcell_16_2/pec_bit_cell_arbiter_2_168.dqdimacs,61,99
./benchmark_tests/original/Biere/bitcell_16_2/pec_bit_cell_arbiter_2_168.dqdimacs,62,100
./benchmark_tests/original/Biere/bitcell_16_2/pec_bit_cell_arbiter_2_168.dqdimacs,63,99
./benchmark_tests/original/Biere/bitcell_16_2/pec_bit_cell_arbiter_2_168.dqdimacs,64,99
./benchmark_tests/original/Biere/bitcell_16_2/pec_bit_cell_arbiter_2_168.dqdimacs,65,99
./benchmark_tests/original/Biere/bitcell_16_2/pec_bit_cell_arbiter_2_168.dqdimacs,66,99
./benchmark_tests/original/Biere/bitcell_16_2/pec_bit_cell_arbiter_2_168.dqdimacs,67,99
./benchmark_tests/original/Biere/bitcell_16_2/pec_bit_cell_arbiter_2_168.dqdimacs,68,99
./benchmark_tests/original/Biere/bitcell_16_2/pec_bit_cell_arbiter_2_168.dqdimacs,69,99
./benchmark_tests/original/Biere/bitcell_16_2/pec_bit_cell_arbiter_2_168.dqdimacs,70,100
./benchmark_tests/original/Biere/bitcell_16_2/pec_bit_cell_arbiter_2_168.dqdimacs,71,99
./benchmark_tests/original/Biere/bitcell_16_2/pec_bit_cell_arbiter_2_168.dqdimacs,72,99
./benchmark_tests/original/Biere/bitcell_16_2/pec_bit_cell_arbiter_2_168.dqdimacs,73,99
./benchmark_tests/original/Biere/bitcell_16_2/pec_bit_cell_arbiter_2_168.dqdimacs,74,98
./benchmark_tests/original/Biere/bitcell_16_2/pec_bit_cell_arbiter_2_168.dqdimacs,75,98
./benchmark_tests/original/Biere/bitcell_16_2/pec_bit_cell_arbiter_2_168.dqdimacs,76,98
./benchmark_tests/original/Biere/bitcell_16_2/pec_bit_cell_arbiter_2_168.dqdimacs,77,98
./benchmark_tests/original/Biere/bitcell_16_2/pec_bit_cell_arbiter_2_168.dqdimacs,78,98
./benchmark_tests/original/Biere/bitcell_16_2/pec_bit_cell_arbiter_2_168.dqdimacs,79,98
./benchmark_tests/original/Biere/bitcell_16_2/pec_bit_cell_arbiter_2_168.dqdimacs,80,99
./benchmark_tests/original/Biere/bitcell_16_2/pec_bit_cell_arbiter_2_168.dqdimacs,81,98
./benchmark_tests/original/Biere/bitcell_16_2/pec_bit_cell_arbiter_2_168.dqdimacs,82,98
./benchmark_tests/original/Biere/bitcell_16_2/pec_bit_cell_arbiter_2_168.dqdimacs,84,99
./benchmark_tests/original/Biere/bitcell_16_2/pec_bit_cell_arbiter_2_168.dqdimacs,85,99
./benchmark_tests/original/Biere/bitcell_16_2/pec_bit_cell_arbiter_2_168.dqdimacs,86,98
./benchmark_tests/original/Biere/bitcell_16_2/pec_bit_cell_arbiter_2_168.dqdimacs,87,98
./benchmark_tests/original/Biere/bitcell_16_2/pec_bit_cell_arbiter_2_168.dqdimacs,89,98
./benchmark_tests/original/Biere/bitcell_16_2/pec_bit_cell_arbiter_2_168.dqdimacs,90,98
./benchmark_tests/original/Biere/bitcell_16_2/pec_bit_cell_arbiter_2_168.dqdimacs,91,99
./benchmark_tests/original/Biere/bitcell_16_2/pec_bit_cell_arbiter_2_168.dqdimacs,92,99
./benchmark_tests/original/Biere/bitcell_16_2/pec_bit_cell_arbiter_2_168.dqdimacs,93,99
./benchmark_tests/original/Biere/bitcell_16_2/pec_bit_cell_arbiter_2_168.dqdimacs,94,98
./benchmark_tests/original/Biere/bitcell_16_2/pec_bit_cell_arbiter_2_168.dqdimacs,95,98
./benchmark_tests/original/Biere/bitcell_16_2/pec_bit_cell_arbiter_2_168.dqdimacs,97,99
./benchmark_tests/original/Biere/bitcell_16_2/pec_bit_cell_arbiter_2_168.dqdimacs,98,99
./benchmark_tests/original/Biere/bitcell_16_2/pec_bit_cell_arbiter_2_168.dqdimacs,99,99
./benchmark_tests/original/Biere/bitcell_16_2/pec_bit_cell_arbiter_2_168.dqdimacs,100,98
./benchmark_tests/original/Biere/bitcell_16_2/pec_bit_cell_arbiter_2_168.dqdimacs,101,102
./benchmark_tests/original/Biere/bitcell_16_2/pec_bit_cell_arbiter_2_168.dqdimacs,102,99
./benchmark_tests/original/Biere/bitcell_16_2/pec_bit_cell_arbiter_2_168.dqdimacs,103,99
./benchmark_tests/original/Biere/bitcell_16_2/pec_bit_cell_arbiter_2_168.dqdimacs,104,99
./benchmark_tests/original/Biere/bitcell_16_2/pec_bit_cell_arbiter_2_168.dqdimacs,106,99
./benchmark_tests/original/Biere/bitcell_16_2/pec_bit_cell_arbiter_2_168.dqdimacs,107,99
./benchmark_tests/original/Biere/bitcell_16_2/pec_bit_cell_arbiter_2_168.dqdimacs,108,99
./benchmark_tests/original/Biere/bitcell_16_2/pec_bit_cell_arbiter_2_168.dqdimacs,109,99
./benchmark_tests/original/Biere/bitcell_16_2/pec_bit_cell_arbiter_2_168.dqdimacs,110,99
./benchmark_tests/original/Biere/bitcell_16_2/pec_bit_cell_arbiter_2_168.dqdimacs,111,99
./benchmark_tests/original/Biere/bitcell_16_2/pec_bit_cell_arbiter_2_168.dqdimacs,112,99
./benchmark_tests/original/Biere/bitcell_16_2/pec_bit_cell_arbiter_2_168.dqdimacs,114,98
./benchmark_tests/original/Biere/bitcell_16_2/pec_bit_cell_arbiter_2_168.dqdimacs,115,99
./benchmark_tests/original/Biere/bitcell_16_2/pec_bit_cell_arbiter_2_168.dqdimacs,116,99
./benchmark_tests/original/Biere/bitcell_16_2/pec_bit_cell_arbiter_2_168.dqdimacs,117,99
./benchmark_tests/original/Biere/bitcell_16_2/pec_bit_cell_arbiter_2_168.dqdimacs,118,99
./benchmark_tests/original/Biere/bitcell_16_2/pec_bit_cell_arbiter_2_168.dqdimacs,119,99
./benchmark_tests/original/Biere/bitcell_16_2/pec_bit_cell_arbiter_2_168.dqdimacs,120,99
./benchmark_tests/original/Biere/bitcell_16_2/pec_bit_cell_arbiter_2_168.dqdimacs,122,98
./benchmark_tests/original/Biere/bitcell_16_2/pec_bit_cell_arbiter_2_168.dqdimacs,123,99
./benchmark_tests/original/Biere/bitcell_16_2/pec_bit_cell_arbiter_2_168.dqdimacs,124,99
./benchmark_tests/original/Biere/bitcell_16_2/pec_bit_cell_arbiter_2_168.dqdimacs,125,99
./benchmark_tests/original/Biere/bitcell_16_2/pec_bit_cell_arbiter_2_168.dqdimacs,126,99
./benchmark_tests/original/Biere/bitcell_16_2/pec_bit_cell_arbiter_2_168.dqdimacs,127,99
./benchmark_tests/original/Biere/bitcell_16_2/pec_bit_cell_arbiter_2_168.dqdimacs,128,99
./benchmark_tests/original/Biere/bitcell_16_2/pec_bit_cell_arbiter_2_168.dqdimacs,130,98
./benchmark_tests/original/Biere/bitcell_16_2/pec_bit_cell_arbiter_2_168.dqdimacs,131,99
./benchmark_tests/original/Biere/bitcell_16_2/pec_bit_cell_arbiter_2_168.dqdimacs,132,99
./benchmark_tests/original/Biere/bitcell_16_2/pec_bit_cell_arbiter_2_168.dqdimacs,133,99
./benchmark_tests/original/Biere/bitcell_16_2/pec_bit_cell_arbiter_2_168.dqdimacs,134,99
./benchmark_tests/original/Biere/bitcell_16_2/pec_bit_cell_arbiter_2_168.dqdimacs,135,99
./benchmark_tests/original/Biere/bitcell_16_2/pec_bit_cell_arbiter_2_168.dqdimacs,136,99
./benchmark_tests/original/Biere/bitcell_16_2/pec_bit_cell_arbiter_2_168.dqdimacs,137,98
./benchmark_tests/original/Biere/bitcell_16_2/pec_bit_cell_arbiter_2_168.dqdimacs,138,100
./benchmark_tests/original/Biere/bitcell_16_2/pec_bit_cell_arbiter_2_168.dqdimacs,139,99
./benchmark_tests/original/Biere/bitcell_16_2/pec_bit_cell_arbiter_2_168.dqdimacs,140,100
./benchmark_tests/original/Biere/bitcell_16_2/pec_bit_cell_arbiter_2_168.dqdimacs,141,99
./benchmark_tests/original/Biere/bitcell_16_2/pec_bit_cell_arbiter_2_168.dqdimacs,142,99
./benchmark_tests/original/Biere/bitcell_16_2/pec_bit_cell_arbiter_2_169.dqdimacs,3,413
./benchmark_tests/original/Biere/bitcell_16_2/pec_bit_cell_arbiter_2_169.dqdimacs,5,410
./benchmark_tests/original/Biere/bitcell_16_2/pec_bit_cell_arbiter_2_169.dqdimacs,7,409
./benchmark_tests/original/Biere/bitcell_16_2/pec_bit_cell_arbiter_2_169.dqdimacs,9,397
./benchmark_tests/original/Biere/bitcell_16_2/pec_bit_cell_arbiter_2_169.dqdimacs,10,324
./benchmark_tests/original/Biere/bitcell_16_2/pec_bit_cell_arbiter_2_169.dqdimacs,11,259
./benchmark_tests/original/Biere/bitcell_16_2/pec_bit_cell_arbiter_2_169.dqdimacs,12,218
./benchmark_tests/original/Biere/bitcell_16_2/pec_bit_cell_arbiter_2_169.dqdimacs,13,209
./benchmark_tests/original/Biere/bitcell_16_2/pec_bit_cell_arbiter_2_169.dqdimacs,14,203
./benchmark_tests/original/Biere/bitcell_16_2/pec_bit_cell_arbiter_2_169.dqdimacs,15,226
./benchmark_tests/original/Biere/bitcell_16_2/pec_bit_cell_arbiter_2_169.dqdimacs,16,204
./benchmark_tests/original/Biere/bitcell_16_2/pec_bit_cell_arbiter_2_169.dqdimacs,19,202
./benchmark_tests/original/Biere/bitcell_16_2/pec_bit_cell_arbiter_2_169.dqdimacs,21,203
./benchmark_tests/original/Biere/bitcell_16_2/pec_bit_cell_arbiter_2_169.dqdimacs,23,203
./benchmark_tests/original/Biere/bitcell_16_2/pec_bit_cell_arbiter_2_169.dqdimacs,25,204
./benchmark_tests/original/Biere/bitcell_16_2/pec_bit_cell_arbiter_2_169.dqdimacs,27,202
./benchmark_tests/original/Biere/bitcell_16_2/pec_bit_cell_arbiter_2_169.dqdimacs,29,202
./benchmark_tests/original/Biere/bitcell_16_2/pec_bit_cell_arbiter_2_169.dqdimacs,31,201
./benchmark_tests/original/Biere/bitcell_16_2/pec_bit_cell_arbiter_2_169.dqdimacs,33,203
./benchmark_tests/original/Biere/bitcell_16_2/pec_bit_cell_arbiter_2_169.dqdimacs,35,203
./benchmark_tests/original/Biere/bitcell_16_2/pec_bit_cell_arbiter_2_169.dqdimacs,36,203
./benchmark_tests/original/Biere/bitcell_16_2/pec_bit_cell_arbiter_2_169.dqdimacs,37,203
./benchmark_tests/original/Biere/bitcell_16_2/pec_bit_cell_arbiter_2_169.dqdimacs,38,203
./benchmark_tests/original/Biere/bitcell_16_2/pec_bit_cell_arbiter_2_169.dqdimacs,39,204
./benchmark_tests/original/Biere/bitcell_16_2/pec_bit_cell_arbiter_2_169.dqdimacs,40,205
./benchmark_tests/original/Biere/bitcell_16_2/pec_bit_cell_arbiter_2_169.dqdimacs,41,203
./benchmark_tests/original/Biere/bitcell_16_2/pec_bit_cell_arbiter_2_169.dqdimacs,42,203
./benchmark_tests/original/Biere/bitcell_16_2/pec_bit_cell_arbiter_2_169.dqdimacs,43,203
./benchmark_tests/original/Biere/bitcell_16_2/pec_bit_cell_arbiter_2_169.dqdimacs,44,202
./benchmark_tests/original/Biere/bitcell_16_2/pec_bit_cell_arbiter_2_169.dqdimacs,45,203
./benchmark_tests/original/Biere/bitcell_16_2/pec_bit_cell_arbiter_2_169.dqdimacs,46,203
./benchmark_tests/original/Biere/bitcell_16_2/pec_bit_cell_arbiter_2_169.dqdimacs,47,203
./benchmark_tests/original/Biere/bitcell_16_2/pec_bit_cell_arbiter_2_169.dqdimacs,48,203
./benchmark_tests/original/Biere/bitcell_16_2/pec_bit_cell_arbiter_2_169.dqdimacs,49,202
./benchmark_tests/original/Biere/bitcell_16_2/pec_bit_cell_arbiter_2_169.dqdimacs,50,202
./benchmark_tests/original/Biere/bitcell_16_2/pec_bit_cell_arbiter_2_169.dqdimacs,51,202
./benchmark_tests/original/Biere/bitcell_16_2/pec_bit_cell_arbiter_2_169.dqdimacs,52,203
./benchmark_tests/original/Biere/bitcell_16_2/pec_bit_cell_arbiter_2_169.dqdimacs,53,202
./benchmark_tests/original/Biere/bitcell_16_2/pec_bit_cell_arbiter_2_169.dqdimacs,54,202
./benchmark_tests/original/Biere/bitcell_16_2/pec_bit_cell_arbiter_2_169.dqdimacs,55,203
./benchmark_tests/original/Biere/bitcell_16_2/pec_bit_cell_arbiter_2_169.dqdimacs,56,204
./benchmark_tests/original/Biere/bitcell_16_2/pec_bit_cell_arbiter_2_169.dqdimacs,57,203
./benchmark_tests/original/Biere/bitcell_16_2/pec_bit_cell_arbiter_2_169.dqdimacs,58,202
./benchmark_tests/original/Biere/bitcell_16_2/pec_bit_cell_arbiter_2_169.dqdimacs,59,203
./benchmark_tests/original/Biere/bitcell_16_2/pec_bit_cell_arbiter_2_169.dqdimacs,61,204
./benchmark_tests/original/Biere/bitcell_16_2/pec_bit_cell_arbiter_2_169.dqdimacs,62,203
./benchmark_tests/original/Biere/bitcell_16_2/pec_bit_cell_arbiter_2_169.dqdimacs,63,202
./benchmark_tests/original/Biere/bitcell_16_2/pec_bit_cell_arbiter_2_169.dqdimacs,64,202
./benchmark_tests/original/Biere/bitcell_16_2/pec_bit_cell_arbiter_2_169.dqdimacs,65,204
./benchmark_tests/original/Biere/bitcell_16_2/pec_bit_cell_arbiter_2_169.dqdimacs,66,204
./benchmark_tests/original/Biere/bitcell_16_2/pec_bit_cell_arbiter_2_169.dqdimacs,67,202
./benchmark_tests/original/Biere/bitcell_16_2/pec_bit_cell_arbiter_2_169.dqdimacs,68,202
./benchmark_tests/original/Biere/bitcell_16_2/pec_bit_cell_arbiter_2_169.dqdimacs,69,204
./benchmark_tests/original/Biere/bitcell_16_2/pec_bit_cell_arbiter_2_169.dqdimacs,70,204
./benchmark_tests/original/Biere/bitcell_16_2/pec_bit_cell_arbiter_2_169.dqdimacs,71,203
./benchmark_tests/original/Biere/bitcell_16_2/pec_bit_cell_arbiter_2_169.dqdimacs,72,204
./benchmark_tests/original/Biere/bitcell_16_2/pec_bit_cell_arbiter_2_169.dqdimacs,73,205
./benchmark_tests/original/Biere/bitcell_16_2/pec_bit_cell_arbiter_2_169.dqdimacs,74,205
./benchmark_tests/original/Biere/bitcell_16_2/pec_bit_cell_arbiter_2_169.dqdimacs,75,204
./benchmark_tests/original/Biere/bitcell_16_2/pec_bit_cell_arbiter_2_169.dqdimacs,76,203
./benchmark_tests/original/Biere/bitcell_16_2/pec_bit_cell_arbiter_2_169.dqdimacs,77,202
./benchmark_tests/original/Biere/bitcell_16_2/pec_bit_cell_arbiter_2_169.dqdimacs,78,203
./benchmark_tests/original/Biere/bitcell_16_2/pec_bit_cell_arbiter_2_169.dqdimacs,79,202
./benchmark_tests/original/Biere/bitcell_16_2/pec_bit_cell_arbiter_2_169.dqdimacs,80,202
./benchmark_tests/original/Biere/bitcell_16_2/pec_bit_cell_arbiter_2_169.dqdimacs,81,202
./benchmark_tests/original/Biere/bitcell_16_2/pec_bit_cell_arbiter_2_169.dqdimacs,82,203
./benchmark_tests/original/Biere/bitcell_16_2/pec_bit_cell_arbiter_2_169.dqdimacs,83,204
./benchmark_tests/original/Biere/bitcell_16_2/pec_bit_cell_arbiter_2_169.dqdimacs,84,202
./benchmark_tests/original/Biere/bitcell_16_2/pec_bit_cell_arbiter_2_169.dqdimacs,85,202
./benchmark_tests/original/Biere/bitcell_16_2/pec_bit_cell_arbiter_2_169.dqdimacs,86,202
./benchmark_tests/original/Biere/bitcell_16_2/pec_bit_cell_arbiter_2_169.dqdimacs,87,202
./benchmark_tests/original/Biere/bitcell_16_2/pec_bit_cell_arbiter_2_169.dqdimacs,88,202
./benchmark_tests/original/Biere/bitcell_16_2/pec_bit_cell_arbiter_2_169.dqdimacs,89,204
./benchmark_tests/original/Biere/bitcell_16_2/pec_bit_cell_arbiter_2_169.dqdimacs,90,203
./benchmark_tests/original/Biere/bitcell_16_2/pec_bit_cell_arbiter_2_169.dqdimacs,91,202
./benchmark_tests/original/Biere/bitcell_16_2/pec_bit_cell_arbiter_2_169.dqdimacs,92,202
./benchmark_tests/original/Biere/bitcell_16_2/pec_bit_cell_arbiter_2_169.dqdimacs,93,204
./benchmark_tests/original/Biere/bitcell_16_2/pec_bit_cell_arbiter_2_169.dqdimacs,94,204
./benchmark_tests/original/Biere/bitcell_16_2/pec_bit_cell_arbiter_2_169.dqdimacs,95,202
./benchmark_tests/original/Biere/bitcell_16_2/pec_bit_cell_arbiter_2_169.dqdimacs,96,203
./benchmark_tests/original/Biere/bitcell_16_2/pec_bit_cell_arbiter_2_169.dqdimacs,97,202
./benchmark_tests/original/Biere/bitcell_16_2/pec_bit_cell_arbiter_2_169.dqdimacs,98,203
./benchmark_tests/original/Biere/bitcell_16_2/pec_bit_cell_arbiter_2_169.dqdimacs,99,203
./benchmark_tests/original/Biere/bitcell_16_2/pec_bit_cell_arbiter_2_169.dqdimacs,100,202
./benchmark_tests/original/Biere/bitcell_16_2/pec_bit_cell_arbiter_2_169.dqdimacs,101,202
./benchmark_tests/original/Biere/bitcell_16_2/pec_bit_cell_arbiter_2_169.dqdimacs,102,202
./benchmark_tests/original/Biere/bitcell_16_2/pec_bit_cell_arbiter_2_169.dqdimacs,103,204
./benchmark_tests/original/Biere/bitcell_16_2/pec_bit_cell_arbiter_2_169.dqdimacs,104,204
./benchmark_tests/original/Biere/bitcell_16_2/pec_bit_cell_arbiter_2_169.dqdimacs,105,204
./benchmark_tests/original/Biere/bitcell_16_2/pec_bit_cell_arbiter_2_169.dqdimacs,106,202
./benchmark_tests/original/Biere/bitcell_16_2/pec_bit_cell_arbiter_2_169.dqdimacs,107,202
./benchmark_tests/original/Biere/bitcell_16_2/pec_bit_cell_arbiter_2_169.dqdimacs,108,203
./benchmark_tests/original/Biere/bitcell_16_2/pec_bit_cell_arbiter_2_169.dqdimacs,109,202
./benchmark_tests/original/Biere/bitcell_16_2/pec_bit_cell_arbiter_2_169.dqdimacs,111,204
./benchmark_tests/original/Biere/bitcell_16_2/pec_bit_cell_arbiter_2_169.dqdimacs,112,204
./benchmark_tests/original/Biere/bitcell_16_2/pec_bit_cell_arbiter_2_169.dqdimacs,113,203
./benchmark_tests/original/Biere/bitcell_16_2/pec_bit_cell_arbiter_2_169.dqdimacs,114,203
./benchmark_tests/original/Biere/bitcell_16_2/pec_bit_cell_arbiter_2_169.dqdimacs,115,203
./benchmark_tests/original/Biere/bitcell_16_2/pec_bit_cell_arbiter_2_169.dqdimacs,117,203
./benchmark_tests/original/Biere/bitcell_16_2/pec_bit_cell_arbiter_2_169.dqdimacs,118,202
./benchmark_tests/original/Biere/bitcell_16_2/pec_bit_cell_arbiter_2_169.dqdimacs,119,203
./benchmark_tests/original/Biere/bitcell_16_2/pec_bit_cell_arbiter_2_169.dqdimacs,120,204
./benchmark_tests/original/Biere/bitcell_16_2/pec_bit_cell_arbiter_2_169.dqdimacs,121,204
./benchmark_tests/original/Biere/bitcell_16_2/pec_bit_cell_arbiter_2_169.dqdimacs,122,204
./benchmark_tests/original/Biere/bitcell_16_2/pec_bit_cell_arbiter_2_169.dqdimacs,123,205
./benchmark_tests/original/Biere/bitcell_16_2/pec_bit_cell_arbiter_2_169.dqdimacs,125,202
./benchmark_tests/original/Biere/bitcell_16_2/pec_bit_cell_arbiter_2_169.dqdimacs,126,203
./benchmark_tests/original/Biere/bitcell_16_2/pec_bit_cell_arbiter_2_169.dqdimacs,127,202
./benchmark_tests/original/Biere/bitcell_16_2/pec_bit_cell_arbiter_2_169.dqdimacs,128,204
./benchmark_tests/original/Biere/bitcell_16_2/pec_bit_cell_arbiter_2_169.dqdimacs,129,203
./benchmark_tests/original/Biere/bitcell_16_2/pec_bit_cell_arbiter_2_169.dqdimacs,130,204
./benchmark_tests/original/Biere/bitcell_16_2/pec_bit_cell_arbiter_2_169.dqdimacs,131,205
./benchmark_tests/original/Biere/bitcell_16_2/pec_bit_cell_arbiter_2_169.dqdimacs,132,203
./benchmark_tests/original/Biere/bitcell_16_2/pec_bit_cell_arbiter_2_169.dqdimacs,133,203
./benchmark_tests/original/Biere/bitcell_16_2/pec_bit_cell_arbiter_2_169.dqdimacs,134,203
./benchmark_tests/original/Biere/bitcell_16_2/pec_bit_cell_arbiter_2_169.dqdimacs,135,204
./benchmark_tests/original/Biere/bitcell_16_2/pec_bit_cell_arbiter_2_169.dqdimacs,136,205
./benchmark_tests/original/Biere/bitcell_16_2/pec_bit_cell_arbiter_2_169.dqdimacs,137,203
./benchmark_tests/original/Biere/bitcell_16_2/pec_bit_cell_arbiter_2_171.dqdimacs,3,329
./benchmark_tests/original/Biere/bitcell_16_2/pec_bit_cell_arbiter_2_171.dqdimacs,5,324
./benchmark_tests/original/Biere/bitcell_16_2/pec_bit_cell_arbiter_2_171.dqdimacs,7,324
./benchmark_tests/original/Biere/bitcell_16_2/pec_bit_cell_arbiter_2_171.dqdimacs,9,324
./benchmark_tests/original/Biere/bitcell_16_2/pec_bit_cell_arbiter_2_171.dqdimacs,11,317
./benchmark_tests/original/Biere/bitcell_16_2/pec_bit_cell_arbiter_2_171.dqdimacs,13,279
./benchmark_tests/original/Biere/bitcell_16_2/pec_bit_cell_arbiter_2_171.dqdimacs,15,231
./benchmark_tests/original/Biere/bitcell_16_2/pec_bit_cell_arbiter_2_171.dqdimacs,17,200
./benchmark_tests/original/Biere/bitcell_16_2/pec_bit_cell_arbiter_2_171.dqdimacs,19,175
./benchmark_tests/original/Biere/bitcell_16_2/pec_bit_cell_arbiter_2_171.dqdimacs,20,173
./benchmark_tests/original/Biere/bitcell_16_2/pec_bit_cell_arbiter_2_171.dqdimacs,21,173
./benchmark_tests/original/Biere/bitcell_16_2/pec_bit_cell_arbiter_2_171.dqdimacs,22,170
./benchmark_tests/original/Biere/bitcell_16_2/pec_bit_cell_arbiter_2_171.dqdimacs,23,172
./benchmark_tests/original/Biere/bitcell_16_2/pec_bit_cell_arbiter_2_171.dqdimacs,24,171
./benchmark_tests/original/Biere/bitcell_16_2/pec_bit_cell_arbiter_2_171.dqdimacs,25,171
./benchmark_tests/original/Biere/bitcell_16_2/pec_bit_cell_arbiter_2_171.dqdimacs,26,171
./benchmark_tests/original/Biere/bitcell_16_2/pec_bit_cell_arbiter_2_171.dqdimacs,27,171
./benchmark_tests/original/Biere/bitcell_16_2/pec_bit_cell_arbiter_2_171.dqdimacs,28,175
./benchmark_tests/original/Biere/bitcell_16_2/pec_bit_cell_arbiter_2_171.dqdimacs,29,193
./benchmark_tests/original/Biere/bitcell_16_2/pec_bit_cell_arbiter_2_171.dqdimacs,30,159
./benchmark_tests/original/Biere/bitcell_16_2/pec_bit_cell_arbiter_2_171.dqdimacs,31,158
./benchmark_tests/original/Biere/bitcell_16_2/pec_bit_cell_arbiter_2_171.dqdimacs,34,159
./benchmark_tests/original/Biere/bitcell_16_2/pec_bit_cell_arbiter_2_171.dqdimacs,36,157
./benchmark_tests/original/Biere/bitcell_16_2/pec_bit_cell_arbiter_2_171.dqdimacs,38,157
./benchmark_tests/original/Biere/bitcell_16_2/pec_bit_cell_arbiter_2_171.dqdimacs,40,158
./benchmark_tests/original/Biere/bitcell_16_2/pec_bit_cell_arbiter_2_171.dqdimacs,42,157
./benchmark_tests/original/Biere/bitcell_16_2/pec_bit_cell_arbiter_2_171.dqdimacs,43,158
./benchmark_tests/original/Biere/bitcell_16_2/pec_bit_cell_arbiter_2_171.dqdimacs,44,157
./benchmark_tests/original/Biere/bitcell_16_2/pec_bit_cell_arbiter_2_171.dqdimacs,45,158
./benchmark_tests/original/Biere/bitcell_16_2/pec_bit_cell_arbiter_2_171.dqdimacs,46,159
./benchmark_tests/original/Biere/bitcell_16_2/pec_bit_cell_arbiter_2_171.dqdimacs,47,161
./benchmark_tests/original/Biere/bitcell_16_2/pec_bit_cell_arbiter_2_171.dqdimacs,48,163
./benchmark_tests/original/Biere/bitcell_16_2/pec_bit_cell_arbiter_2_171.dqdimacs,49,172
./benchmark_tests/original/Biere/bitcell_16_2/pec_bit_cell_arbiter_2_171.dqdimacs,50,172
./benchmark_tests/original/Biere/bitcell_16_2/pec_bit_cell_arbiter_2_171.dqdimacs,51,171
./benchmark_tests/original/Biere/bitcell_16_2/pec_bit_cell_arbiter_2_171.dqdimacs,52,171
./benchmark_tests/original/Biere/bitcell_16_2/pec_bit_cell_arbiter_2_171.dqdimacs,53,170
./benchmark_tests/original/Biere/bitcell_16_2/pec_bit_cell_arbiter_2_171.dqdimacs,54,174
./benchmark_tests/original/Biere/bitcell_16_2/pec_bit_cell_arbiter_2_171.dqdimacs,55,172
./benchmark_tests/original/Biere/bitcell_16_2/pec_bit_cell_arbiter_2_171.dqdimacs,56,172
./benchmark_tests/original/Biere/bitcell_16_2/pec_bit_cell_arbiter_2_171.dqdimacs,57,172
./benchmark_tests/original/Biere/bitcell_16_2/pec_bit_cell_arbiter_2_171.dqdimacs,58,173
./benchmark_tests/original/Biere/bitcell_16_2/pec_bit_cell_arbiter_2_171.dqdimacs,59,171
./benchmark_tests/original/Biere/bitcell_16_2/pec_bit_cell_arbiter_2_171.dqdimacs,60,171
./benchmark_tests/original/Biere/bitcell_16_2/pec_bit_cell_arbiter_2_171.dqdimacs,61,172
./benchmark_tests/original/Biere/bitcell_16_2/pec_bit_cell_arbiter_2_171.dqdimacs,62,172
./benchmark_tests/original/Biere/bitcell_16_2/pec_bit_cell_arbiter_2_171.dqdimacs,63,171
./benchmark_tests/original/Biere/bitcell_16_2/pec_bit_cell_arbiter_2_171.dqdimacs,64,172
./benchmark_tests/original/Biere/bitcell_16_2/pec_bit_cell_arbiter_2_171.dqdimacs,65,171
./benchmark_tests/original/Biere/bitcell_16_2/pec_bit_cell_arbiter_2_171.dqdimacs,66,170
./benchmark_tests/original/Biere/bitcell_16_2/pec_bit_cell_arbiter_2_171.dqdimacs,67,172
./benchmark_tests/original/Biere/bitcell_16_2/pec_bit_cell_arbiter_2_171.dqdimacs,68,170
./benchmark_tests/original/Biere/bitcell_16_2/pec_bit_cell_arbiter_2_171.dqdimacs,69,170
./benchmark_tests/original/Biere/bitcell_16_2/pec_bit_cell_arbiter_2_171.dqdimacs,70,170
./benchmark_tests/original/Biere/bitcell_16_2/pec_bit_cell_arbiter_2_171.dqdimacs,71,172
./benchmark_tests/original/Biere/bitcell_16_2/pec_bit_cell_arbiter_2_171.dqdimacs,72,171
./benchmark_tests/original/Biere/bitcell_16_2/pec_bit_cell_arbiter_2_171.dqdimacs,73,172
./benchmark_tests/original/Biere/bitcell_16_2/pec_bit_cell_arbiter_2_171.dqdimacs,74,172
./benchmark_tests/original/Biere/bitcell_16_2/pec_bit_cell_arbiter_2_171.dqdimacs,75,171
./benchmark_tests/original/Biere/bitcell_16_2/pec_bit_cell_arbiter_2_171.dqdimacs,76,170
./benchmark_tests/original/Biere/bitcell_16_2/pec_bit_cell_arbiter_2_171.dqdimacs,77,171
./benchmark_tests/original/Biere/bitcell_16_2/pec_bit_cell_arbiter_2_171.dqdimacs,78,170
./benchmark_tests/original/Biere/bitcell_16_2/pec_bit_cell_arbiter_2_171.dqdimacs,80,172
./benchmark_tests/original/Biere/bitcell_16_2/pec_bit_cell_arbiter_2_171.dqdimacs,81,171
./benchmark_tests/original/Biere/bitcell_16_2/pec_bit_cell_arbiter_2_171.dqdimacs,82,172
./benchmark_tests/original/Biere/bitcell_16_2/pec_bit_cell_arbiter_2_171.dqdimacs,83,171
./benchmark_tests/original/Biere/bitcell_16_2/pec_bit_cell_arbiter_2_171.dqdimacs,84,171
./benchmark_tests/original/Biere/bitcell_16_2/pec_bit_cell_arbiter_2_171.dqdimacs,85,171
./benchmark_tests/original/Biere/bitcell_16_2/pec_bit_cell_arbiter_2_171.dqdimacs,86,171
./benchmark_tests/original/Biere/bitcell_16_2/pec_bit_cell_arbiter_2_171.dqdimacs,87,171
./benchmark_tests/original/Biere/bitcell_16_2/pec_bit_cell_arbiter_2_171.dqdimacs,88,172
./benchmark_tests/original/Biere/bitcell_16_2/pec_bit_cell_arbiter_2_171.dqdimacs,89,172
./benchmark_tests/original/Biere/bitcell_16_2/pec_bit_cell_arbiter_2_171.dqdimacs,90,176
./benchmark_tests/original/Biere/bitcell_16_2/pec_bit_cell_arbiter_2_171.dqdimacs,91,172
./benchmark_tests/original/Biere/bitcell_16_2/pec_bit_cell_arbiter_2_171.dqdimacs,92,170
./benchmark_tests/original/Biere/bitcell_16_2/pec_bit_cell_arbiter_2_171.dqdimacs,93,172
./benchmark_tests/original/Biere/bitcell_16_2/pec_bit_cell_arbiter_2_171.dqdimacs,94,172
./benchmark_tests/original/Biere/bitcell_16_2/pec_bit_cell_arbiter_2_171.dqdimacs,95,171
./benchmark_tests/original/Biere/bitcell_16_2/pec_bit_cell_arbiter_2_171.dqdimacs,96,170
./benchmark_tests/original/Biere/bitcell_16_2/pec_bit_cell_arbiter_2_171.dqdimacs,97,170
./benchmark_tests/original/Biere/bitcell_16_2/pec_bit_cell_arbiter_2_171.dqdimacs,98,173
./benchmark_tests/original/Biere/bitcell_16_2/pec_bit_cell_arbiter_2_171.dqdimacs,99,170
./benchmark_tests/original/Biere/bitcell_16_2/pec_bit_cell_arbiter_2_171.dqdimacs,100,172
./benchmark_tests/original/Biere/bitcell_16_2/pec_bit_cell_arbiter_2_171.dqdimacs,101,171
./benchmark_tests/original/Biere/bitcell_16_2/pec_bit_cell_arbiter_2_171.dqdimacs,102,170
./benchmark_tests/original/Biere/bitcell_16_2/pec_bit_cell_arbiter_2_171.dqdimacs,103,170
./benchmark_tests/original/Biere/bitcell_16_2/pec_bit_cell_arbiter_2_171.dqdimacs,104,168
./benchmark_tests/original/Biere/bitcell_16_2/pec_bit_cell_arbiter_2_171.dqdimacs,105,172
./benchmark_tests/original/Biere/bitcell_16_2/pec_bit_cell_arbiter_2_171.dqdimacs,106,170
./benchmark_tests/original/Biere/bitcell_16_2/pec_bit_cell_arbiter_2_171.dqdimacs,107,173
./benchmark_tests/original/Biere/bitcell_16_2/pec_bit_cell_arbiter_2_171.dqdimacs,108,171
./benchmark_tests/original/Biere/bitcell_16_2/pec_bit_cell_arbiter_2_171.dqdimacs,110,172
./benchmark_tests/original/Biere/bitcell_16_2/pec_bit_cell_arbiter_2_171.dqdimacs,111,171
./benchmark_tests/original/Biere/bitcell_16_2/pec_bit_cell_arbiter_2_171.dqdimacs,112,172
./benchmark_tests/original/Biere/bitcell_16_2/pec_bit_cell_arbiter_2_171.dqdimacs,113,172
./benchmark_tests/original/Biere/bitcell_16_2/pec_bit_cell_arbiter_2_171.dqdimacs,114,170
./benchmark_tests/original/Biere/bitcell_16_2/pec_bit_cell_arbiter_2_171.dqdimacs,116,171
./benchmark_tests/original/Biere/bitcell_16_2/pec_bit_cell_arbiter_2_171.dqdimacs,117,172
./benchmark_tests/original/Biere/bitcell_16_2/pec_bit_cell_arbiter_2_171.dqdimacs,118,170
./benchmark_tests/original/Biere/bitcell_16_2/pec_bit_cell_arbiter_2_171.dqdimacs,119,172
./benchmark_tests/original/Biere/bitcell_16_2/pec_bit_cell_arbiter_2_171.dqdimacs,120,173
./benchmark_tests/original/Biere/bitcell_16_2/pec_bit_cell_arbiter_2_171.dqdimacs,121,171
./benchmark_tests/original/Biere/bitcell_16_2/pec_bit_cell_arbiter_2_171.dqdimacs,122,172
./benchmark_tests/original/Biere/bitcell_16_2/pec_bit_cell_arbiter_2_171.dqdimacs,123,170
./benchmark_tests/original/Biere/bitcell_16_2/pec_bit_cell_arbiter_2_171.dqdimacs,124,171
./benchmark_tests/original/Biere/bitcell_16_2/pec_bit_cell_arbiter_2_171.dqdimacs,125,174
./benchmark_tests/original/Biere/bitcell_16_2/pec_bit_cell_arbiter_2_171.dqdimacs,126,171
./benchmark_tests/original/Biere/bitcell_16_2/pec_bit_cell_arbiter_2_171.dqdimacs,127,171
./benchmark_tests/original/Biere/bitcell_16_2/pec_bit_cell_arbiter_2_171.dqdimacs,128,170
./benchmark_tests/original/Biere/bitcell_16_2/pec_bit_cell_arbiter_2_205.dqdimacs,3,174
./benchmark_tests/original/Biere/bitcell_16_2/pec_bit_cell_arbiter_2_205.dqdimacs,5,163
./benchmark_tests/original/Biere/bitcell_16_2/pec_bit_cell_arbiter_2_205.dqdimacs,7,142
./benchmark_tests/original/Biere/bitcell_16_2/pec_bit_cell_arbiter_2_205.dqdimacs,9,142
./benchmark_tests/original/Biere/bitcell_16_2/pec_bit_cell_arbiter_2_205.dqdimacs,11,143
./benchmark_tests/original/Biere/bitcell_16_2/pec_bit_cell_arbiter_2_205.dqdimacs,13,143
./benchmark_tests/original/Biere/bitcell_16_2/pec_bit_cell_arbiter_2_205.dqdimacs,15,143
./benchmark_tests/original/Biere/bitcell_16_2/pec_bit_cell_arbiter_2_205.dqdimacs,17,142
./benchmark_tests/original/Biere/bitcell_16_2/pec_bit_cell_arbiter_2_205.dqdimacs,19,142
./benchmark_tests/original/Biere/bitcell_16_2/pec_bit_cell_arbiter_2_205.dqdimacs,21,142
./benchmark_tests/original/Biere/bitcell_16_2/pec_bit_cell_arbiter_2_205.dqdimacs,23,137
./benchmark_tests/original/Biere/bitcell_16_2/pec_bit_cell_arbiter_2_205.dqdimacs,24,129
./benchmark_tests/original/Biere/bitcell_16_2/pec_bit_cell_arbiter_2_205.dqdimacs,25,119
./benchmark_tests/original/Biere/bitcell_16_2/pec_bit_cell_arbiter_2_205.dqdimacs,26,119
./benchmark_tests/original/Biere/bitcell_16_2/pec_bit_cell_arbiter_2_205.dqdimacs,27,117
./benchmark_tests/original/Biere/bitcell_16_2/pec_bit_cell_arbiter_2_205.dqdimacs,28,107
./benchmark_tests/original/Biere/bitcell_16_2/pec_bit_cell_arbiter_2_205.dqdimacs,29,100
./benchmark_tests/original/Biere/bitcell_16_2/pec_bit_cell_arbiter_2_205.dqdimacs,30,93
./benchmark_tests/original/Biere/bitcell_16_2/pec_bit_cell_arbiter_2_205.dqdimacs,31,89
./benchmark_tests/original/Biere/bitcell_16_2/pec_bit_cell_arbiter_2_205.dqdimacs,32,90
./benchmark_tests/original/Biere/bitcell_16_2/pec_bit_cell_arbiter_2_205.dqdimacs,33,89
./benchmark_tests/original/Biere/bitcell_16_2/pec_bit_cell_arbiter_2_205.dqdimacs,34,89
./benchmark_tests/original/Biere/bitcell_16_2/pec_bit_cell_arbiter_2_205.dqdimacs,35,91
./benchmark_tests/original/Biere/bitcell_16_2/pec_bit_cell_arbiter_2_205.dqdimacs,36,114
./benchmark_tests/original/Biere/bitcell_16_2/pec_bit_cell_arbiter_2_205.dqdimacs,37,91
./benchmark_tests/original/Biere/bitcell_16_2/pec_bit_cell_arbiter_2_205.dqdimacs,40,90
./benchmark_tests/original/Biere/bitcell_16_2/pec_bit_cell_arbiter_2_205.dqdimacs,41,90
./benchmark_tests/original/Biere/bitcell_16_2/pec_bit_cell_arbiter_2_205.dqdimacs,42,90
./benchmark_tests/original/Biere/bitcell_16_2/pec_bit_cell_arbiter_2_205.dqdimacs,43,90
./benchmark_tests/original/Biere/bitcell_16_2/pec_bit_cell_arbiter_2_205.dqdimacs,44,90
./benchmark_tests/original/Biere/bitcell_16_2/pec_bit_cell_arbiter_2_205.dqdimacs,45,91
./benchmark_tests/original/Biere/bitcell_16_2/pec_bit_cell_arbiter_2_205.dqdimacs,46,90
./benchmark_tests/original/Biere/bitcell_16_2/pec_bit_cell_arbiter_2_205.dqdimacs,47,90
./benchmark_tests/original/Biere/bitcell_16_2/pec_bit_cell_arbiter_2_205.dqdimacs,48,90
./benchmark_tests/original/Biere/bitcell_16_2/pec_bit_cell_arbiter_2_205.dqdimacs,49,90
./benchmark_tests/original/Biere/bitcell_16_2/pec_bit_cell_arbiter_2_205.dqdimacs,50,90
./benchmark_tests/original/Biere/bitcell_16_2/pec_bit_cell_arbiter_2_205.dqdimacs,51,90
./benchmark_tests/original/Biere/bitcell_16_2/pec_bit_cell_arbiter_2_205.dqdimacs,52,90
./benchmark_tests/original/Biere/bitcell_16_2/pec_bit_cell_arbiter_2_205.dqdimacs,53,90
./benchmark_tests/original/Biere/bitcell_16_2/pec_bit_cell_arbiter_2_205.dqdimacs,54,90
./benchmark_tests/original/Biere/bitcell_16_2/pec_bit_cell_arbiter_2_205.dqdimacs,55,90
./benchmark_tests/original/Biere/bitcell_16_2/pec_bit_cell_arbiter_2_205.dqdimacs,56,90
./benchmark_tests/original/Biere/bitcell_16_2/pec_bit_cell_arbiter_2_205.dqdimacs,57,90
./benchmark_tests/original/Biere/bitcell_16_2/pec_bit_cell_arbiter_2_205.dqdimacs,58,90
./benchmark_tests/original/Biere/bitcell_16_2/pec_bit_cell_arbiter_2_205.dqdimacs,59,90
./benchmark_tests/original/Biere/bitcell_16_2/pec_bit_cell_arbiter_2_205.dqdimacs,60,90
./benchmark_tests/original/Biere/bitcell_16_2/pec_bit_cell_arbiter_2_205.dqdimacs,61,90
./benchmark_tests/original/Biere/bitcell_16_2/pec_bit_cell_arbiter_2_205.dqdimacs,62,90
./benchmark_tests/original/Biere/bitcell_16_2/pec_bit_cell_arbiter_2_205.dqdimacs,63,90
./benchmark_tests/original/Biere/bitcell_16_2/pec_bit_cell_arbiter_2_205.dqdimacs,64,90
./benchmark_tests/original/Biere/bitcell_16_2/pec_bit_cell_arbiter_2_205.dqdimacs,65,90
./benchmark_tests/original/Biere/bitcell_16_2/pec_bit_cell_arbiter_2_205.dqdimacs,66,90
./benchmark_tests/original/Biere/bitcell_16_2/pec_bit_cell_arbiter_2_205.dqdimacs,67,90
./benchmark_tests/original/Biere/bitcell_16_2/pec_bit_cell_arbiter_2_205.dqdimacs,68,90
./benchmark_tests/original/Biere/bitcell_16_2/pec_bit_cell_arbiter_2_205.dqdimacs,69,90
./benchmark_tests/original/Biere/bitcell_16_2/pec_bit_cell_arbiter_2_205.dqdimacs,70,90
./benchmark_tests/original/Biere/bitcell_16_2/pec_bit_cell_arbiter_2_205.dqdimacs,71,90
./benchmark_tests/original/Biere/bitcell_16_2/pec_bit_cell_arbiter_2_205.dqdimacs,72,90
./benchmark_tests/original/Biere/bitcell_16_2/pec_bit_cell_arbiter_2_205.dqdimacs,73,90
./benchmark_tests/original/Biere/bitcell_16_2/pec_bit_cell_arbiter_2_205.dqdimacs,74,90
./benchmark_tests/original/Biere/bitcell_16_2/pec_bit_cell_arbiter_2_205.dqdimacs,75,90
./benchmark_tests/original/Biere/bitcell_16_2/pec_bit_cell_arbiter_2_205.dqdimacs,76,90
./benchmark_tests/original/Biere/bitcell_16_2/pec_bit_cell_arbiter_2_205.dqdimacs,77,90
./benchmark_tests/original/Biere/bitcell_16_2/pec_bit_cell_arbiter_2_205.dqdimacs,79,90
./benchmark_tests/original/Biere/bitcell_16_2/pec_bit_cell_arbiter_2_205.dqdimacs,80,90
./benchmark_tests/original/Biere/bitcell_16_2/pec_bit_cell_arbiter_2_205.dqdimacs,81,90
./benchmark_tests/original/Biere/bitcell_16_2/pec_bit_cell_arbiter_2_205.dqdimacs,82,90
./benchmark_tests/original/Biere/bitcell_16_2/pec_bit_cell_arbiter_2_205.dqdimacs,83,90
./benchmark_tests/original/Biere/bitcell_16_2/pec_bit_cell_arbiter_2_205.dqdimacs,84,90
./benchmark_tests/original/Biere/bitcell_16_2/pec_bit_cell_arbiter_2_205.dqdimacs,85,90
./benchmark_tests/original/Biere/bitcell_16_2/pec_bit_cell_arbiter_2_205.dqdimacs,86,90
./benchmark_tests/original/Biere/bitcell_16_2/pec_bit_cell_arbiter_2_205.dqdimacs,87,90
./benchmark_tests/original/Biere/bitcell_16_2/pec_bit_cell_arbiter_2_205.dqdimacs,89,90
./benchmark_tests/original/Biere/bitcell_16_2/pec_bit_cell_arbiter_2_205.dqdimacs,90,91
./benchmark_tests/original/Biere/bitcell_16_2/pec_bit_cell_arbiter_2_205.dqdimacs,91,91
./benchmark_tests/original/Biere/bitcell_16_2/pec_bit_cell_arbiter_2_205.dqdimacs,92,91
./benchmark_tests/original/Biere/bitcell_16_2/pec_bit_cell_arbiter_2_205.dqdimacs,93,91
./benchmark_tests/original/Biere/bitcell_16_2/pec_bit_cell_arbiter_2_205.dqdimacs,95,91
./benchmark_tests/original/Biere/bitcell_16_2/pec_bit_cell_arbiter_2_205.dqdimacs,96,90
./benchmark_tests/original/Biere/bitcell_16_2/pec_bit_cell_arbiter_2_205.dqdimacs,97,90
./benchmark_tests/original/Biere/bitcell_16_2/pec_bit_cell_arbiter_2_205.dqdimacs,98,91
./benchmark_tests/original/Biere/bitcell_16_2/pec_bit_cell_arbiter_2_205.dqdimacs,99,91
./benchmark_tests/original/Biere/bitcell_16_2/pec_bit_cell_arbiter_2_205.dqdimacs,100,91
./benchmark_tests/original/Biere/bitcell_16_2/pec_bit_cell_arbiter_2_205.dqdimacs,101,91
./benchmark_tests/original/Biere/bitcell_16_2/pec_bit_cell_arbiter_2_205.dqdimacs,103,90
./benchmark_tests/original/Biere/bitcell_16_2/pec_bit_cell_arbiter_2_205.dqdimacs,104,90
./benchmark_tests/original/Biere/bitcell_16_2/pec_bit_cell_arbiter_2_205.dqdimacs,105,90
./benchmark_tests/original/Biere/bitcell_16_2/pec_bit_cell_arbiter_2_205.dqdimacs,106,91
./benchmark_tests/original/Biere/bitcell_16_2/pec_bit_cell_arbiter_2_205.dqdimacs,107,92
./benchmark_tests/original/Biere/bitcell_16_2/pec_bit_cell_arbiter_2_205.dqdimacs,108,91
./benchmark_tests/original/Biere/bitcell_16_2/pec_bit_cell_arbiter_2_205.dqdimacs,109,92
./benchmark_tests/original/Biere/bitcell_16_2/pec_bit_cell_arbiter_2_205.dqdimacs,111,90
./benchmark_tests/original/Biere/bitcell_16_2/pec_bit_cell_arbiter_2_205.dqdimacs,112,90
./benchmark_tests/original/Biere/bitcell_16_2/pec_bit_cell_arbiter_2_205.dqdimacs,113,91
./benchmark_tests/original/Biere/bitcell_16_2/pec_bit_cell_arbiter_2_205.dqdimacs,114,91
./benchmark_tests/original/Biere/bitcell_16_2/pec_bit_cell_arbiter_2_205.dqdimacs,115,91
./benchmark_tests/original/Biere/bitcell_16_2/pec_bit_cell_arbiter_2_205.dqdimacs,116,91
./benchmark_tests/original/Biere/bitcell_16_2/pec_bit_cell_arbiter_2_205.dqdimacs,117,92
./benchmark_tests/original/Biere/bitcell_16_2/pec_bit_cell_arbiter_2_205.dqdimacs,118,91
./benchmark_tests/original/Biere/bitcell_16_2/pec_bit_cell_arbiter_2_205.dqdimacs,119,91
./benchmark_tests/original/Biere/bitcell_16_2/pec_bit_cell_arbiter_2_205.dqdimacs,120,90
./benchmark_tests/original/Biere/bitcell_16_2/pec_bit_cell_arbiter_2_205.dqdimacs,121,90
./benchmark_tests/original/Biere/bitcell_16_2/pec_bit_cell_arbiter_2_205.dqdimacs,122,91
./benchmark_tests/original/Biere/bitcell_16_2/pec_bit_cell_arbiter_2_205.dqdimacs,123,91
./benchmark_tests/original/Biere/bitcell_16_2/pec_bit_cell_arbiter_2_20.dqdimacs,3,248
./benchmark_tests/original/Biere/bitcell_16_2/pec_bit_cell_arbiter_2_20.dqdimacs,5,245
./benchmark_tests/original/Biere/bitcell_16_2/pec_bit_cell_arbiter_2_20.dqdimacs,8,247
./benchmark_tests/original/Biere/bitcell_16_2/pec_bit_cell_arbiter_2_20.dqdimacs,10,247
./benchmark_tests/original/Biere/bitcell_16_2/pec_bit_cell_arbiter_2_20.dqdimacs,12,246
./benchmark_tests/original/Biere/bitcell_16_2/pec_bit_cell_arbiter_2_20.dqdimacs,14,245
./benchmark_tests/original/Biere/bitcell_16_2/pec_bit_cell_arbiter_2_20.dqdimacs,16,231
./benchmark_tests/original/Biere/bitcell_16_2/pec_bit_cell_arbiter_2_20.dqdimacs,18,204
./benchmark_tests/original/Biere/bitcell_16_2/pec_bit_cell_arbiter_2_20.dqdimacs,19,179
./benchmark_tests/original/Biere/bitcell_16_2/pec_bit_cell_arbiter_2_20.dqdimacs,20,158
./benchmark_tests/original/Biere/bitcell_16_2/pec_bit_cell_arbiter_2_20.dqdimacs,21,140
./benchmark_tests/original/Biere/bitcell_16_2/pec_bit_cell_arbiter_2_20.dqdimacs,22,131
./benchmark_tests/original/Biere/bitcell_16_2/pec_bit_cell_arbiter_2_20.dqdimacs,23,131
./benchmark_tests/original/Biere/bitcell_16_2/pec_bit_cell_arbiter_2_20.dqdimacs,24,131
./benchmark_tests/original/Biere/bitcell_16_2/pec_bit_cell_arbiter_2_20.dqdimacs,25,131
./benchmark_tests/original/Biere/bitcell_16_2/pec_bit_cell_arbiter_2_20.dqdimacs,26,153
./benchmark_tests/original/Biere/bitcell_16_2/pec_bit_cell_arbiter_2_20.dqdimacs,27,118
./benchmark_tests/original/Biere/bitcell_16_2/pec_bit_cell_arbiter_2_20.dqdimacs,28,118
./benchmark_tests/original/Biere/bitcell_16_2/pec_bit_cell_arbiter_2_20.dqdimacs,29,118
./benchmark_tests/original/Biere/bitcell_16_2/pec_bit_cell_arbiter_2_20.dqdimacs,30,118
./benchmark_tests/original/Biere/bitcell_16_2/pec_bit_cell_arbiter_2_20.dqdimacs,33,116
./benchmark_tests/original/Biere/bitcell_16_2/pec_bit_cell_arbiter_2_20.dqdimacs,35,116
./benchmark_tests/original/Biere/bitcell_16_2/pec_bit_cell_arbiter_2_20.dqdimacs,37,117
./benchmark_tests/original/Biere/bitcell_16_2/pec_bit_cell_arbiter_2_20.dqdimacs,39,119
./benchmark_tests/original/Biere/bitcell_16_2/pec_bit_cell_arbiter_2_20.dqdimacs,41,116
./benchmark_tests/original/Biere/bitcell_16_2/pec_bit_cell_arbiter_2_20.dqdimacs,43,117
./benchmark_tests/original/Biere/bitcell_16_2/pec_bit_cell_arbiter_2_20.dqdimacs,44,118
./benchmark_tests/original/Biere/bitcell_16_2/pec_bit_cell_arbiter_2_20.dqdimacs,45,118
./benchmark_tests/original/Biere/bitcell_16_2/pec_bit_cell_arbiter_2_20.dqdimacs,46,123
./benchmark_tests/original/Biere/bitcell_16_2/pec_bit_cell_arbiter_2_20.dqdimacs,47,118
./benchmark_tests/original/Biere/bitcell_16_2/pec_bit_cell_arbiter_2_20.dqdimacs,48,118
./benchmark_tests/original/Biere/bitcell_16_2/pec_bit_cell_arbiter_2_20.dqdimacs,49,118
./benchmark_tests/original/Biere/bitcell_16_2/pec_bit_cell_arbiter_2_20.dqdimacs,50,119
./benchmark_tests/original/Biere/bitcell_16_2/pec_bit_cell_arbiter_2_20.dqdimacs,51,120
./benchmark_tests/original/Biere/bitcell_16_2/pec_bit_cell_arbiter_2_20.dqdimacs,52,119
./benchmark_tests/original/Biere/bitcell_16_2/pec_bit_cell_arbiter_2_20.dqdimacs,53,117
./benchmark_tests/original/Biere/bitcell_16_2/pec_bit_cell_arbiter_2_20.dqdimacs,54,118
./benchmark_tests/original/Biere/bitcell_16_2/pec_bit_cell_arbiter_2_20.dqdimacs,55,118
./benchmark_tests/original/Biere/bitcell_16_2/pec_bit_cell_arbiter_2_20.dqdimacs,56,117
./benchmark_tests/original/Biere/bitcell_16_2/pec_bit_cell_arbiter_2_20.dqdimacs,57,118
./benchmark_tests/original/Biere/bitcell_16_2/pec_bit_cell_arbiter_2_20.dqdimacs,58,117
./benchmark_tests/original/Biere/bitcell_16_2/pec_bit_cell_arbiter_2_20.dqdimacs,59,118
./benchmark_tests/original/Biere/bitcell_16_2/pec_bit_cell_arbiter_2_20.dqdimacs,60,118
./benchmark_tests/original/Biere/bitcell_16_2/pec_bit_cell_arbiter_2_20.dqdimacs,61,117
./benchmark_tests/original/Biere/bitcell_16_2/pec_bit_cell_arbiter_2_20.dqdimacs,62,117
./benchmark_tests/original/Biere/bitcell_16_2/pec_bit_cell_arbiter_2_20.dqdimacs,63,117
./benchmark_tests/original/Biere/bitcell_16_2/pec_bit_cell_arbiter_2_20.dqdimacs,64,117
./benchmark_tests/original/Biere/bitcell_16_2/pec_bit_cell_arbiter_2_20.dqdimacs,65,116
./benchmark_tests/original/Biere/bitcell_16_2/pec_bit_cell_arbiter_2_20.dqdimacs,66,117
./benchmark_tests/original/Biere/bitcell_16_2/pec_bit_cell_arbiter_2_20.dqdimacs,67,117
./benchmark_tests/original/Biere/bitcell_16_2/pec_bit_cell_arbiter_2_20.dqdimacs,68,118
./benchmark_tests/original/Biere/bitcell_16_2/pec_bit_cell_arbiter_2_20.dqdimacs,69,118
./benchmark_tests/original/Biere/bitcell_16_2/pec_bit_cell_arbiter_2_20.dqdimacs,70,118
./benchmark_tests/original/Biere/bitcell_16_2/pec_bit_cell_arbiter_2_20.dqdimacs,71,117
./benchmark_tests/original/Biere/bitcell_16_2/pec_bit_cell_arbiter_2_20.dqdimacs,72,117
./benchmark_tests/original/Biere/bitcell_16_2/pec_bit_cell_arbiter_2_20.dqdimacs,73,118
./benchmark_tests/original/Biere/bitcell_16_2/pec_bit_cell_arbiter_2_20.dqdimacs,74,116
./benchmark_tests/original/Biere/bitcell_16_2/pec_bit_cell_arbiter_2_20.dqdimacs,75,117
./benchmark_tests/original/Biere/bitcell_16_2/pec_bit_cell_arbiter_2_20.dqdimacs,76,118
./benchmark_tests/original/Biere/bitcell_16_2/pec_bit_cell_arbiter_2_20.dqdimacs,77,117
./benchmark_tests/original/Biere/bitcell_16_2/pec_bit_cell_arbiter_2_20.dqdimacs,78,117
./benchmark_tests/original/Biere/bitcell_16_2/pec_bit_cell_arbiter_2_20.dqdimacs,79,117
./benchmark_tests/original/Biere/bitcell_16_2/pec_bit_cell_arbiter_2_20.dqdimacs,80,118
./benchmark_tests/original/Biere/bitcell_16_2/pec_bit_cell_arbiter_2_20.dqdimacs,81,118
./benchmark_tests/original/Biere/bitcell_16_2/pec_bit_cell_arbiter_2_20.dqdimacs,82,118
./benchmark_tests/original/Biere/bitcell_16_2/pec_bit_cell_arbiter_2_20.dqdimacs,83,118
./benchmark_tests/original/Biere/bitcell_16_2/pec_bit_cell_arbiter_2_20.dqdimacs,84,116
./benchmark_tests/original/Biere/bitcell_16_2/pec_bit_cell_arbiter_2_20.dqdimacs,85,118
./benchmark_tests/original/Biere/bitcell_16_2/pec_bit_cell_arbiter_2_20.dqdimacs,86,117
./benchmark_tests/original/Biere/bitcell_16_2/pec_bit_cell_arbiter_2_20.dqdimacs,87,118
./benchmark_tests/original/Biere/bitcell_16_2/pec_bit_cell_arbiter_2_20.dqdimacs,88,118
./benchmark_tests/original/Biere/bitcell_16_2/pec_bit_cell_arbiter_2_20.dqdimacs,89,118
./benchmark_tests/original/Biere/bitcell_16_2/pec_bit_cell_arbiter_2_20.dqdimacs,90,117
./benchmark_tests/original/Biere/bitcell_16_2/pec_bit_cell_arbiter_2_20.dqdimacs,91,118
./benchmark_tests/original/Biere/bitcell_16_2/pec_bit_cell_arbiter_2_20.dqdimacs,92,116
./benchmark_tests/original/Biere/bitcell_16_2/pec_bit_cell_arbiter_2_20.dqdimacs,93,118
./benchmark_tests/original/Biere/bitcell_16_2/pec_bit_cell_arbiter_2_20.dqdimacs,94,119
./benchmark_tests/original/Biere/bitcell_16_2/pec_bit_cell_arbiter_2_20.dqdimacs,95,118
./benchmark_tests/original/Biere/bitcell_16_2/pec_bit_cell_arbiter_2_20.dqdimacs,96,118
./benchmark_tests/original/Biere/bitcell_16_2/pec_bit_cell_arbiter_2_20.dqdimacs,97,117
./benchmark_tests/original/Biere/bitcell_16_2/pec_bit_cell_arbiter_2_20.dqdimacs,98,118
./benchmark_tests/original/Biere/bitcell_16_2/pec_bit_cell_arbiter_2_20.dqdimacs,99,117
./benchmark_tests/original/Biere/bitcell_16_2/pec_bit_cell_arbiter_2_20.dqdimacs,100,118
./benchmark_tests/original/Biere/bitcell_16_2/pec_bit_cell_arbiter_2_20.dqdimacs,101,117
./benchmark_tests/original/Biere/bitcell_16_2/pec_bit_cell_arbiter_2_20.dqdimacs,102,117
./benchmark_tests/original/Biere/bitcell_16_2/pec_bit_cell_arbiter_2_20.dqdimacs,103,119
./benchmark_tests/original/Biere/bitcell_16_2/pec_bit_cell_arbiter_2_20.dqdimacs,104,118
./benchmark_tests/original/Biere/bitcell_16_2/pec_bit_cell_arbiter_2_20.dqdimacs,105,118
./benchmark_tests/original/Biere/bitcell_16_2/pec_bit_cell_arbiter_2_20.dqdimacs,106,117
./benchmark_tests/original/Biere/bitcell_16_2/pec_bit_cell_arbiter_2_20.dqdimacs,107,118
./benchmark_tests/original/Biere/bitcell_16_2/pec_bit_cell_arbiter_2_20.dqdimacs,108,118
./benchmark_tests/original/Biere/bitcell_16_2/pec_bit_cell_arbiter_2_20.dqdimacs,109,117
./benchmark_tests/original/Biere/bitcell_16_2/pec_bit_cell_arbiter_2_20.dqdimacs,110,119
./benchmark_tests/original/Biere/bitcell_16_2/pec_bit_cell_arbiter_2_20.dqdimacs,111,118
./benchmark_tests/original/Biere/bitcell_16_2/pec_bit_cell_arbiter_2_20.dqdimacs,112,116
./benchmark_tests/original/Biere/bitcell_16_2/pec_bit_cell_arbiter_2_20.dqdimacs,113,117
./benchmark_tests/original/Biere/bitcell_16_2/pec_bit_cell_arbiter_2_20.dqdimacs,115,118
./benchmark_tests/original/Biere/bitcell_16_2/pec_bit_cell_arbiter_2_20.dqdimacs,116,118
./benchmark_tests/original/Biere/bitcell_16_2/pec_bit_cell_arbiter_2_20.dqdimacs,117,118
./benchmark_tests/original/Biere/bitcell_16_2/pec_bit_cell_arbiter_2_20.dqdimacs,118,118
./benchmark_tests/original/Biere/bitcell_16_2/pec_bit_cell_arbiter_2_20.dqdimacs,119,119
./benchmark_tests/original/Biere/bitcell_16_2/pec_bit_cell_arbiter_2_20.dqdimacs,121,119
./benchmark_tests/original/Biere/bitcell_16_2/pec_bit_cell_arbiter_2_20.dqdimacs,122,118
./benchmark_tests/original/Biere/bitcell_16_2/pec_bit_cell_arbiter_2_20.dqdimacs,123,118
./benchmark_tests/original/Biere/bitcell_16_2/pec_bit_cell_arbiter_2_20.dqdimacs,124,119
./benchmark_tests/original/Biere/bitcell_16_2/pec_bit_cell_arbiter_2_20.dqdimacs,125,118
./benchmark_tests/original/Biere/bitcell_16_2/pec_bit_cell_arbiter_2_20.dqdimacs,126,118
./benchmark_tests/original/Biere/bitcell_16_2/pec_bit_cell_arbiter_2_20.dqdimacs,127,119
./benchmark_tests/original/Biere/bitcell_16_2/pec_bit_cell_arbiter_2_20.dqdimacs,128,118
./benchmark_tests/original/Biere/bitcell_16_2/pec_bit_cell_arbiter_2_20.dqdimacs,129,118
./benchmark_tests/original/Biere/bitcell_16_2/pec_bit_cell_arbiter_2_20.dqdimacs,130,118
./benchmark_tests/original/Biere/bitcell_16_2/pec_bit_cell_arbiter_2_20.dqdimacs,131,119
./benchmark_tests/original/Biere/bitcell_16_2/pec_bit_cell_arbiter_2_20.dqdimacs,132,119
./benchmark_tests/original/Biere/bitcell_16_2/pec_bit_cell_arbiter_2_20.dqdimacs,133,119
./benchmark_tests/original/Biere/bitcell_16_2/pec_bit_cell_arbiter_2_214.dqdimacs,3,107
./benchmark_tests/original/Biere/bitcell_16_2/pec_bit_cell_arbiter_2_214.dqdimacs,5,98
./benchmark_tests/original/Biere/bitcell_16_2/pec_bit_cell_arbiter_2_214.dqdimacs,7,75
./benchmark_tests/original/Biere/bitcell_16_2/pec_bit_cell_arbiter_2_214.dqdimacs,9,76
./benchmark_tests/original/Biere/bitcell_16_2/pec_bit_cell_arbiter_2_214.dqdimacs,10,75
./benchmark_tests/original/Biere/bitcell_16_2/pec_bit_cell_arbiter_2_214.dqdimacs,11,76
./benchmark_tests/original/Biere/bitcell_16_2/pec_bit_cell_arbiter_2_214.dqdimacs,12,76
./benchmark_tests/original/Biere/bitcell_16_2/pec_bit_cell_arbiter_2_214.dqdimacs,13,76
./benchmark_tests/original/Biere/bitcell_16_2/pec_bit_cell_arbiter_2_214.dqdimacs,14,76
./benchmark_tests/original/Biere/bitcell_16_2/pec_bit_cell_arbiter_2_214.dqdimacs,15,122
./benchmark_tests/original/Biere/bitcell_16_2/pec_bit_cell_arbiter_2_214.dqdimacs,16,77
./benchmark_tests/original/Biere/bitcell_16_2/pec_bit_cell_arbiter_2_214.dqdimacs,19,76
./benchmark_tests/original/Biere/bitcell_16_2/pec_bit_cell_arbiter_2_214.dqdimacs,21,76
./benchmark_tests/original/Biere/bitcell_16_2/pec_bit_cell_arbiter_2_214.dqdimacs,22,76
./benchmark_tests/original/Biere/bitcell_16_2/pec_bit_cell_arbiter_2_214.dqdimacs,23,75
./benchmark_tests/original/Biere/bitcell_16_2/pec_bit_cell_arbiter_2_214.dqdimacs,24,76
./benchmark_tests/original/Biere/bitcell_16_2/pec_bit_cell_arbiter_2_214.dqdimacs,25,77
./benchmark_tests/original/Biere/bitcell_16_2/pec_bit_cell_arbiter_2_214.dqdimacs,26,76
./benchmark_tests/original/Biere/bitcell_16_2/pec_bit_cell_arbiter_2_214.dqdimacs,27,74
./benchmark_tests/original/Biere/bitcell_16_2/pec_bit_cell_arbiter_2_214.dqdimacs,28,71
./benchmark_tests/original/Biere/bitcell_16_2/pec_bit_cell_arbiter_2_214.dqdimacs,29,70
./benchmark_tests/original/Biere/bitcell_16_2/pec_bit_cell_arbiter_2_214.dqdimacs,30,67
./benchmark_tests/original/Biere/bitcell_16_2/pec_bit_cell_arbiter_2_214.dqdimacs,31,64
./benchmark_tests/original/Biere/bitcell_16_2/pec_bit_cell_arbiter_2_214.dqdimacs,32,62
./benchmark_tests/original/Biere/bitcell_16_2/pec_bit_cell_arbiter_2_214.dqdimacs,33,60
./benchmark_tests/original/Biere/bitcell_16_2/pec_bit_cell_arbiter_2_214.dqdimacs,34,57
./benchmark_tests/original/Biere/bitcell_16_2/pec_bit_cell_arbiter_2_214.dqdimacs,35,55
./benchmark_tests/original/Biere/bitcell_16_2/pec_bit_cell_arbiter_2_214.dqdimacs,36,59
./benchmark_tests/original/Biere/bitcell_16_2/pec_bit_cell_arbiter_2_214.dqdimacs,37,50
./benchmark_tests/original/Biere/bitcell_16_2/pec_bit_cell_arbiter_2_214.dqdimacs,38,48
./benchmark_tests/original/Biere/bitcell_16_2/pec_bit_cell_arbiter_2_214.dqdimacs,39,47
./benchmark_tests/original/Biere/bitcell_16_2/pec_bit_cell_arbiter_2_214.dqdimacs,40,45
./benchmark_tests/original/Biere/bitcell_16_2/pec_bit_cell_arbiter_2_214.dqdimacs,41,45
./benchmark_tests/original/Biere/bitcell_16_2/pec_bit_cell_arbiter_2_214.dqdimacs,42,43
./benchmark_tests/original/Biere/bitcell_16_2/pec_bit_cell_arbiter_2_214.dqdimacs,43,42
./benchmark_tests/original/Biere/bitcell_16_2/pec_bit_cell_arbiter_2_214.dqdimacs,44,42
./benchmark_tests/original/Biere/bitcell_16_2/pec_bit_cell_arbiter_2_214.dqdimacs,46,42
./benchmark_tests/original/Biere/bitcell_16_2/pec_bit_cell_arbiter_2_214.dqdimacs,47,42
./benchmark_tests/original/Biere/bitcell_16_2/pec_bit_cell_arbiter_2_214.dqdimacs,48,42
./benchmark_tests/original/Biere/bitcell_16_2/pec_bit_cell_arbiter_2_214.dqdimacs,50,42
./benchmark_tests/original/Biere/bitcell_16_2/pec_bit_cell_arbiter_2_214.dqdimacs,51,42
./benchmark_tests/original/Biere/bitcell_16_2/pec_bit_cell_arbiter_2_214.dqdimacs,52,43
./benchmark_tests/original/Biere/bitcell_16_2/pec_bit_cell_arbiter_2_214.dqdimacs,53,42
./benchmark_tests/original/Biere/bitcell_16_2/pec_bit_cell_arbiter_2_214.dqdimacs,54,42
./benchmark_tests/original/Biere/bitcell_16_2/pec_bit_cell_arbiter_2_214.dqdimacs,55,42
./benchmark_tests/original/Biere/bitcell_16_2/pec_bit_cell_arbiter_2_214.dqdimacs,56,42
./benchmark_tests/original/Biere/bitcell_16_2/pec_bit_cell_arbiter_2_214.dqdimacs,58,42
./benchmark_tests/original/Biere/bitcell_16_2/pec_bit_cell_arbiter_2_214.dqdimacs,59,43
./benchmark_tests/original/Biere/bitcell_16_2/pec_bit_cell_arbiter_2_214.dqdimacs,60,43
./benchmark_tests/original/Biere/bitcell_16_2/pec_bit_cell_arbiter_2_214.dqdimacs,61,42
./benchmark_tests/original/Biere/bitcell_16_2/pec_bit_cell_arbiter_2_214.dqdimacs,62,43
./benchmark_tests/original/Biere/bitcell_16_2/pec_bit_cell_arbiter_2_214.dqdimacs,63,43
./benchmark_tests/original/Biere/bitcell_16_2/pec_bit_cell_arbiter_2_214.dqdimacs,64,43
./benchmark_tests/original/Biere/bitcell_16_2/pec_bit_cell_arbiter_2_214.dqdimacs,66,43
./benchmark_tests/original/Biere/bitcell_16_2/pec_bit_cell_arbiter_2_214.dqdimacs,67,43
./benchmark_tests/original/Biere/bitcell_16_2/pec_bit_cell_arbiter_2_214.dqdimacs,68,43
./benchmark_tests/original/Biere/bitcell_16_2/pec_bit_cell_arbiter_2_214.dqdimacs,69,43
./benchmark_tests/original/Biere/bitcell_16_2/pec_bit_cell_arbiter_2_214.dqdimacs,70,43
./benchmark_tests/original/Biere/bitcell_16_2/pec_bit_cell_arbiter_2_214.dqdimacs,71,43
./benchmark_tests/original/Biere/bitcell_16_2/pec_bit_cell_arbiter_2_214.dqdimacs,72,43
./benchmark_tests/original/Biere/bitcell_16_2/pec_bit_cell_arbiter_2_214.dqdimacs,74,42
./benchmark_tests/original/Biere/bitcell_16_2/pec_bit_cell_arbiter_2_214.dqdimacs,75,42
./benchmark_tests/original/Biere/bitcell_16_2/pec_bit_cell_arbiter_2_214.dqdimacs,76,43
./benchmark_tests/original/Biere/bitcell_16_2/pec_bit_cell_arbiter_2_214.dqdimacs,77,43
./benchmark_tests/original/Biere/bitcell_16_2/pec_bit_cell_arbiter_2_214.dqdimacs,78,43
./benchmark_tests/original/Biere/bitcell_16_2/pec_bit_cell_arbiter_2_214.dqdimacs,79,43
./benchmark_tests/original/Biere/bitcell_16_2/pec_bit_cell_arbiter_2_214.dqdimacs,80,43
./benchmark_tests/original/Biere/bitcell_16_2/pec_bit_cell_arbiter_2_214.dqdimacs,82,42
./benchmark_tests/original/Biere/bitcell_16_2/pec_bit_cell_arbiter_2_214.dqdimacs,83,43
./benchmark_tests/original/Biere/bitcell_16_2/pec_bit_cell_arbiter_2_214.dqdimacs,84,43
./benchmark_tests/original/Biere/bitcell_16_2/pec_bit_cell_arbiter_2_214.dqdimacs,85,42
./benchmark_tests/original/Biere/bitcell_16_2/pec_bit_cell_arbiter_2_214.dqdimacs,86,43
./benchmark_tests/original/Biere/bitcell_16_2/pec_bit_cell_arbiter_2_214.dqdimacs,87,43
./benchmark_tests/original/Biere/bitcell_16_2/pec_bit_cell_arbiter_2_214.dqdimacs,88,43
./benchmark_tests/original/Biere/bitcell_16_2/pec_bit_cell_arbiter_2_214.dqdimacs,90,42
./benchmark_tests/original/Biere/bitcell_16_2/pec_bit_cell_arbiter_2_214.dqdimacs,91,43
./benchmark_tests/original/Biere/bitcell_16_2/pec_bit_cell_arbiter_2_214.dqdimacs,92,43
./benchmark_tests/original/Biere/bitcell_16_2/pec_bit_cell_arbiter_2_214.dqdimacs,93,43
./benchmark_tests/original/Biere/bitcell_16_2/pec_bit_cell_arbiter_2_214.dqdimacs,94,43
./benchmark_tests/original/Biere/bitcell_16_2/pec_bit_cell_arbiter_2_214.dqdimacs,95,43
./benchmark_tests/original/Biere/bitcell_16_2/pec_bit_cell_arbiter_2_214.dqdimacs,96,43
./benchmark_tests/original/Biere/bitcell_16_2/pec_bit_cell_arbiter_2_214.dqdimacs,98,43
./benchmark_tests/original/Biere/bitcell_16_2/pec_bit_cell_arbiter_2_214.dqdimacs,99,43
./benchmark_tests/original/Biere/bitcell_16_2/pec_bit_cell_arbiter_2_214.dqdimacs,100,43
./benchmark_tests/original/Biere/bitcell_16_2/pec_bit_cell_arbiter_2_214.dqdimacs,101,43
./benchmark_tests/original/Biere/bitcell_16_2/pec_bit_cell_arbiter_2_214.dqdimacs,102,43
./benchmark_tests/original/Biere/bitcell_16_2/pec_bit_cell_arbiter_2_214.dqdimacs,103,43
./benchmark_tests/original/Biere/bitcell_16_2/pec_bit_cell_arbiter_2_214.dqdimacs,104,43
./benchmark_tests/original/Biere/bitcell_16_2/pec_bit_cell_arbiter_2_214.dqdimacs,106,42
./benchmark_tests/original/Biere/bitcell_16_2/pec_bit_cell_arbiter_2_214.dqdimacs,107,42
./benchmark_tests/original/Biere/bitcell_16_2/pec_bit_cell_arbiter_2_214.dqdimacs,108,43
./benchmark_tests/original/Biere/bitcell_16_2/pec_bit_cell_arbiter_2_214.dqdimacs,109,42
./benchmark_tests/original/Biere/bitcell_16_2/pec_bit_cell_arbiter_2_214.dqdimacs,110,43
./benchmark_tests/original/Biere/bitcell_16_2/pec_bit_cell_arbiter_2_214.dqdimacs,111,43
./benchmark_tests/original/Biere/bitcell_16_2/pec_bit_cell_arbiter_2_214.dqdimacs,112,43
./benchmark_tests/original/Biere/bitcell_16_2/pec_bit_cell_arbiter_2_214.dqdimacs,114,42
./benchmark_tests/original/Biere/bitcell_16_2/pec_bit_cell_arbiter_2_214.dqdimacs,115,42
./benchmark_tests/original/Biere/bitcell_16_2/pec_bit_cell_arbiter_2_214.dqdimacs,116,43
./benchmark_tests/original/Biere/bitcell_16_2/pec_bit_cell_arbiter_2_214.dqdimacs,117,43
./benchmark_tests/original/Biere/bitcell_16_2/pec_bit_cell_arbiter_2_214.dqdimacs,118,43
./benchmark_tests/original/Biere/bitcell_16_2/pec_bit_cell_arbiter_2_214.dqdimacs,119,43
./benchmark_tests/original/Biere/bitcell_16_2/pec_bit_cell_arbiter_2_214.dqdimacs,120,43
./benchmark_tests/original/Biere/bitcell_16_2/pec_bit_cell_arbiter_2_214.dqdimacs,122,42
./benchmark_tests/original/Biere/bitcell_16_2/pec_bit_cell_arbiter_2_214.dqdimacs,123,42
./benchmark_tests/original/Biere/bitcell_16_2/pec_bit_cell_arbiter_2_214.dqdimacs,124,42
./benchmark_tests/original/Biere/bitcell_16_2/pec_bit_cell_arbiter_2_214.dqdimacs,125,42
./benchmark_tests/original/Biere/bitcell_16_2/pec_bit_cell_arbiter_2_214.dqdimacs,126,42
./benchmark_tests/original/Biere/bitcell_16_2/pec_bit_cell_arbiter_2_214.dqdimacs,127,43
./benchmark_tests/original/Biere/bitcell_16_2/pec_bit_cell_arbiter_2_214.dqdimacs,128,43
./benchmark_tests/original/Biere/bitcell_16_2/pec_bit_cell_arbiter_2_214.dqdimacs,129,42
./benchmark_tests/original/Biere/bitcell_16_2/pec_bit_cell_arbiter_2_214.dqdimacs,130,42
./benchmark_tests/original/Biere/bitcell_16_2/pec_bit_cell_arbiter_2_214.dqdimacs,131,43
./benchmark_tests/original/Biere/bitcell_16_2/pec_bit_cell_arbiter_2_214.dqdimacs,132,43
./benchmark_tests/original/Biere/bitcell_16_2/pec_bit_cell_arbiter_2_214.dqdimacs,133,43
./benchmark_tests/original/Biere/bitcell_16_2/pec_bit_cell_arbiter_2_214.dqdimacs,134,43
./benchmark_tests/original/Biere/bitcell_16_2/pec_bit_cell_arbiter_2_218.dqdimacs,3,244
./benchmark_tests/original/Biere/bitcell_16_2/pec_bit_cell_arbiter_2_218.dqdimacs,5,235
./benchmark_tests/original/Biere/bitcell_16_2/pec_bit_cell_arbiter_2_218.dqdimacs,7,213
./benchmark_tests/original/Biere/bitcell_16_2/pec_bit_cell_arbiter_2_218.dqdimacs,9,214
./benchmark_tests/original/Biere/bitcell_16_2/pec_bit_cell_arbiter_2_218.dqdimacs,11,213
./benchmark_tests/original/Biere/bitcell_16_2/pec_bit_cell_arbiter_2_218.dqdimacs,13,213
./benchmark_tests/original/Biere/bitcell_16_2/pec_bit_cell_arbiter_2_218.dqdimacs,15,211
./benchmark_tests/original/Biere/bitcell_16_2/pec_bit_cell_arbiter_2_218.dqdimacs,17,196
./benchmark_tests/original/Biere/bitcell_16_2/pec_bit_cell_arbiter_2_218.dqdimacs,19,176
./benchmark_tests/original/Biere/bitcell_16_2/pec_bit_cell_arbiter_2_218.dqdimacs,21,157
./benchmark_tests/original/Biere/bitcell_16_2/pec_bit_cell_arbiter_2_218.dqdimacs,23,140
./benchmark_tests/original/Biere/bitcell_16_2/pec_bit_cell_arbiter_2_218.dqdimacs,25,126
./benchmark_tests/original/Biere/bitcell_16_2/pec_bit_cell_arbiter_2_218.dqdimacs,27,122
./benchmark_tests/original/Biere/bitcell_16_2/pec_bit_cell_arbiter_2_218.dqdimacs,28,127
./benchmark_tests/original/Biere/bitcell_16_2/pec_bit_cell_arbiter_2_218.dqdimacs,29,127
./benchmark_tests/original/Biere/bitcell_16_2/pec_bit_cell_arbiter_2_218.dqdimacs,30,150
./benchmark_tests/original/Biere/bitcell_16_2/pec_bit_cell_arbiter_2_218.dqdimacs,31,127
./benchmark_tests/original/Biere/bitcell_16_2/pec_bit_cell_arbiter_2_218.dqdimacs,32,127
./benchmark_tests/original/Biere/bitcell_16_2/pec_bit_cell_arbiter_2_218.dqdimacs,33,127
./benchmark_tests/original/Biere/bitcell_16_2/pec_bit_cell_arbiter_2_218.dqdimacs,34,127
./benchmark_tests/original/Biere/bitcell_16_2/pec_bit_cell_arbiter_2_218.dqdimacs,35,128
./benchmark_tests/original/Biere/bitcell_16_2/pec_bit_cell_arbiter_2_218.dqdimacs,36,127
./benchmark_tests/original/Biere/bitcell_16_2/pec_bit_cell_arbiter_2_218.dqdimacs,37,128
./benchmark_tests/original/Biere/bitcell_16_2/pec_bit_cell_arbiter_2_218.dqdimacs,38,127
./benchmark_tests/original/Biere/bitcell_16_2/pec_bit_cell_arbiter_2_218.dqdimacs,39,127
./benchmark_tests/original/Biere/bitcell_16_2/pec_bit_cell_arbiter_2_218.dqdimacs,40,128
./benchmark_tests/original/Biere/bitcell_16_2/pec_bit_cell_arbiter_2_218.dqdimacs,41,128
./benchmark_tests/original/Biere/bitcell_16_2/pec_bit_cell_arbiter_2_218.dqdimacs,42,128
./benchmark_tests/original/Biere/bitcell_16_2/pec_bit_cell_arbiter_2_218.dqdimacs,43,129
./benchmark_tests/original/Biere/bitcell_16_2/pec_bit_cell_arbiter_2_218.dqdimacs,45,128
./benchmark_tests/original/Biere/bitcell_16_2/pec_bit_cell_arbiter_2_218.dqdimacs,46,127
./benchmark_tests/original/Biere/bitcell_16_2/pec_bit_cell_arbiter_2_218.dqdimacs,47,127
./benchmark_tests/original/Biere/bitcell_16_2/pec_bit_cell_arbiter_2_218.dqdimacs,48,128
./benchmark_tests/original/Biere/bitcell_16_2/pec_bit_cell_arbiter_2_218.dqdimacs,49,127
./benchmark_tests/original/Biere/bitcell_16_2/pec_bit_cell_arbiter_2_218.dqdimacs,50,128
./benchmark_tests/original/Biere/bitcell_16_2/pec_bit_cell_arbiter_2_218.dqdimacs,51,128
./benchmark_tests/original/Biere/bitcell_16_2/pec_bit_cell_arbiter_2_218.dqdimacs,52,127
./benchmark_tests/original/Biere/bitcell_16_2/pec_bit_cell_arbiter_2_218.dqdimacs,53,127
./benchmark_tests/original/Biere/bitcell_16_2/pec_bit_cell_arbiter_2_218.dqdimacs,54,127
./benchmark_tests/original/Biere/bitcell_16_2/pec_bit_cell_arbiter_2_218.dqdimacs,55,128
./benchmark_tests/original/Biere/bitcell_16_2/pec_bit_cell_arbiter_2_218.dqdimacs,56,128
./benchmark_tests/original/Biere/bitcell_16_2/pec_bit_cell_arbiter_2_218.dqdimacs,57,127
./benchmark_tests/original/Biere/bitcell_16_2/pec_bit_cell_arbiter_2_218.dqdimacs,58,126
./benchmark_tests/original/Biere/bitcell_16_2/pec_bit_cell_arbiter_2_218.dqdimacs,59,127
./benchmark_tests/original/Biere/bitcell_16_2/pec_bit_cell_arbiter_2_218.dqdimacs,60,127
./benchmark_tests/original/Biere/bitcell_16_2/pec_bit_cell_arbiter_2_218.dqdimacs,61,127
./benchmark_tests/original/Biere/bitcell_16_2/pec_bit_cell_arbiter_2_218.dqdimacs,62,128
./benchmark_tests/original/Biere/bitcell_16_2/pec_bit_cell_arbiter_2_218.dqdimacs,63,127
./benchmark_tests/original/Biere/bitcell_16_2/pec_bit_cell_arbiter_2_218.dqdimacs,64,127
./benchmark_tests/original/Biere/bitcell_16_2/pec_bit_cell_arbiter_2_218.dqdimacs,65,127
./benchmark_tests/original/Biere/bitcell_16_2/pec_bit_cell_arbiter_2_218.dqdimacs,66,128
./benchmark_tests/original/Biere/bitcell_16_2/pec_bit_cell_arbiter_2_218.dqdimacs,67,127
./benchmark_tests/original/Biere/bitcell_16_2/pec_bit_cell_arbiter_2_218.dqdimacs,68,127
./benchmark_tests/original/Biere/bitcell_16_2/pec_bit_cell_arbiter_2_218.dqdimacs,69,127
./benchmark_tests/original/Biere/bitcell_16_2/pec_bit_cell_arbiter_2_218.dqdimacs,70,128
./benchmark_tests/original/Biere/bitcell_16_2/pec_bit_cell_arbiter_2_218.dqdimacs,71,127
./benchmark_tests/original/Biere/bitcell_16_2/pec_bit_cell_arbiter_2_218.dqdimacs,72,128
./benchmark_tests/original/Biere/bitcell_16_2/pec_bit_cell_arbiter_2_218.dqdimacs,73,128
./benchmark_tests/original/Biere/bitcell_16_2/pec_bit_cell_arbiter_2_218.dqdimacs,74,128
./benchmark_tests/original/Biere/bitcell_16_2/pec_bit_cell_arbiter_2_218.dqdimacs,75,128
./benchmark_tests/original/Biere/bitcell_16_2/pec_bit_cell_arbiter_2_218.dqdimacs,76,127
./benchmark_tests/original/Biere/bitcell_16_2/pec_bit_cell_arbiter_2_218.dqdimacs,77,127
./benchmark_tests/original/Biere/bitcell_16_2/pec_bit_cell_arbiter_2_218.dqdimacs,78,127
./benchmark_tests/original/Biere/bitcell_16_2/pec_bit_cell_arbiter_2_218.dqdimacs,79,128
./benchmark_tests/original/Biere/bitcell_16_2/pec_bit_cell_arbiter_2_218.dqdimacs,80,127
./benchmark_tests/original/Biere/bitcell_16_2/pec_bit_cell_arbiter_2_218.dqdimacs,81,127
./benchmark_tests/original/Biere/bitcell_16_2/pec_bit_cell_arbiter_2_218.dqdimacs,82,128
./benchmark_tests/original/Biere/bitcell_16_2/pec_bit_cell_arbiter_2_218.dqdimacs,83,128
./benchmark_tests/original/Biere/bitcell_16_2/pec_bit_cell_arbiter_2_218.dqdimacs,84,128
./benchmark_tests/original/Biere/bitcell_16_2/pec_bit_cell_arbiter_2_218.dqdimacs,85,128
./benchmark_tests/original/Biere/bitcell_16_2/pec_bit_cell_arbiter_2_218.dqdimacs,86,127
./benchmark_tests/original/Biere/bitcell_16_2/pec_bit_cell_arbiter_2_218.dqdimacs,87,128
./benchmark_tests/original/Biere/bitcell_16_2/pec_bit_cell_arbiter_2_218.dqdimacs,89,128
./benchmark_tests/original/Biere/bitcell_16_2/pec_bit_cell_arbiter_2_218.dqdimacs,90,128
./benchmark_tests/original/Biere/bitcell_16_2/pec_bit_cell_arbiter_2_218.dqdimacs,91,128
./benchmark_tests/original/Biere/bitcell_16_2/pec_bit_cell_arbiter_2_218.dqdimacs,92,127
./benchmark_tests/original/Biere/bitcell_16_2/pec_bit_cell_arbiter_2_218.dqdimacs,94,127
./benchmark_tests/original/Biere/bitcell_16_2/pec_bit_cell_arbiter_2_218.dqdimacs,95,128
./benchmark_tests/original/Biere/bitcell_16_2/pec_bit_cell_arbiter_2_218.dqdimacs,96,128
./benchmark_tests/original/Biere/bitcell_16_2/pec_bit_cell_arbiter_2_218.dqdimacs,97,127
./benchmark_tests/original/Biere/bitcell_16_2/pec_bit_cell_arbiter_2_218.dqdimacs,98,127
./benchmark_tests/original/Biere/bitcell_16_2/pec_bit_cell_arbiter_2_218.dqdimacs,100,127
./benchmark_tests/original/Biere/bitcell_16_2/pec_bit_cell_arbiter_2_218.dqdimacs,101,127
./benchmark_tests/original/Biere/bitcell_16_2/pec_bit_cell_arbiter_2_218.dqdimacs,102,127
./benchmark_tests/original/Biere/bitcell_16_2/pec_bit_cell_arbiter_2_218.dqdimacs,103,128
./benchmark_tests/original/Biere/bitcell_16_2/pec_bit_cell_arbiter_2_218.dqdimacs,104,127
./benchmark_tests/original/Biere/bitcell_16_2/pec_bit_cell_arbiter_2_218.dqdimacs,105,128
./benchmark_tests/original/Biere/bitcell_16_2/pec_bit_cell_arbiter_2_218.dqdimacs,106,127
./benchmark_tests/original/Biere/bitcell_16_2/pec_bit_cell_arbiter_2_218.dqdimacs,108,128
./benchmark_tests/original/Biere/bitcell_16_2/pec_bit_cell_arbiter_2_218.dqdimacs,109,127
./benchmark_tests/original/Biere/bitcell_16_2/pec_bit_cell_arbiter_2_218.dqdimacs,110,127
./benchmark_tests/original/Biere/bitcell_16_2/pec_bit_cell_arbiter_2_218.dqdimacs,111,128
./benchmark_tests/original/Biere/bitcell_16_2/pec_bit_cell_arbiter_2_218.dqdimacs,112,128
./benchmark_tests/original/Biere/bitcell_16_2/pec_bit_cell_arbiter_2_218.dqdimacs,113,128
./benchmark_tests/original/Biere/bitcell_16_2/pec_bit_cell_arbiter_2_218.dqdimacs,114,128
./benchmark_tests/original/Biere/bitcell_16_2/pec_bit_cell_arbiter_2_218.dqdimacs,115,127
./benchmark_tests/original/Biere/bitcell_16_2/pec_bit_cell_arbiter_2_218.dqdimacs,116,127
./benchmark_tests/original/Biere/bitcell_16_2/pec_bit_cell_arbiter_2_218.dqdimacs,117,128
./benchmark_tests/original/Biere/bitcell_16_2/pec_bit_cell_arbiter_2_218.dqdimacs,118,128
./benchmark_tests/original/Biere/bitcell_16_2/pec_bit_cell_arbiter_2_218.dqdimacs,119,127
./benchmark_tests/original/Biere/bitcell_16_2/pec_bit_cell_arbiter_2_218.dqdimacs,120,126
./benchmark_tests/original/Biere/bitcell_16_2/pec_bit_cell_arbiter_2_220.dqdimacs,3,171
./benchmark_tests/original/Biere/bitcell_16_2/pec_bit_cell_arbiter_2_220.dqdimacs,4,161
./benchmark_tests/original/Biere/bitcell_16_2/pec_bit_cell_arbiter_2_220.dqdimacs,5,141
./benchmark_tests/original/Biere/bitcell_16_2/pec_bit_cell_arbiter_2_220.dqdimacs,6,184
./benchmark_tests/original/Biere/bitcell_16_2/pec_bit_cell_arbiter_2_220.dqdimacs,7,141
./benchmark_tests/original/Biere/bitcell_16_2/pec_bit_cell_arbiter_2_220.dqdimacs,10,141
./benchmark_tests/original/Biere/bitcell_16_2/pec_bit_cell_arbiter_2_220.dqdimacs,12,141
./benchmark_tests/original/Biere/bitcell_16_2/pec_bit_cell_arbiter_2_220.dqdimacs,14,141
./benchmark_tests/original/Biere/bitcell_16_2/pec_bit_cell_arbiter_2_220.dqdimacs,16,142
./benchmark_tests/original/Biere/bitcell_16_2/pec_bit_cell_arbiter_2_220.dqdimacs,18,140
./benchmark_tests/original/Biere/bitcell_16_2/pec_bit_cell_arbiter_2_220.dqdimacs,20,134
./benchmark_tests/original/Biere/bitcell_16_2/pec_bit_cell_arbiter_2_220.dqdimacs,22,126
./benchmark_tests/original/Biere/bitcell_16_2/pec_bit_cell_arbiter_2_220.dqdimacs,24,117
./benchmark_tests/original/Biere/bitcell_16_2/pec_bit_cell_arbiter_2_220.dqdimacs,26,109
./benchmark_tests/original/Biere/bitcell_16_2/pec_bit_cell_arbiter_2_220.dqdimacs,28,100
./benchmark_tests/original/Biere/bitcell_16_2/pec_bit_cell_arbiter_2_220.dqdimacs,30,93
./benchmark_tests/original/Biere/bitcell_16_2/pec_bit_cell_arbiter_2_220.dqdimacs,32,87
./benchmark_tests/original/Biere/bitcell_16_2/pec_bit_cell_arbiter_2_220.dqdimacs,34,82
./benchmark_tests/original/Biere/bitcell_16_2/pec_bit_cell_arbiter_2_220.dqdimacs,36,77
./benchmark_tests/original/Biere/bitcell_16_2/pec_bit_cell_arbiter_2_220.dqdimacs,37,75
./benchmark_tests/original/Biere/bitcell_16_2/pec_bit_cell_arbiter_2_220.dqdimacs,38,75
./benchmark_tests/original/Biere/bitcell_16_2/pec_bit_cell_arbiter_2_220.dqdimacs,39,80
./benchmark_tests/original/Biere/bitcell_16_2/pec_bit_cell_arbiter_2_220.dqdimacs,40,75
./benchmark_tests/original/Biere/bitcell_16_2/pec_bit_cell_arbiter_2_220.dqdimacs,41,75
./benchmark_tests/original/Biere/bitcell_16_2/pec_bit_cell_arbiter_2_220.dqdimacs,42,76
./benchmark_tests/original/Biere/bitcell_16_2/pec_bit_cell_arbiter_2_220.dqdimacs,43,76
./benchmark_tests/original/Biere/bitcell_16_2/pec_bit_cell_arbiter_2_220.dqdimacs,44,77
./benchmark_tests/original/Biere/bitcell_16_2/pec_bit_cell_arbiter_2_220.dqdimacs,45,75
./benchmark_tests/original/Biere/bitcell_16_2/pec_bit_cell_arbiter_2_220.dqdimacs,46,76
./benchmark_tests/original/Biere/bitcell_16_2/pec_bit_cell_arbiter_2_220.dqdimacs,47,77
./benchmark_tests/original/Biere/bitcell_16_2/pec_bit_cell_arbiter_2_220.dqdimacs,48,77
./benchmark_tests/original/Biere/bitcell_16_2/pec_bit_cell_arbiter_2_220.dqdimacs,49,77
./benchmark_tests/original/Biere/bitcell_16_2/pec_bit_cell_arbiter_2_220.dqdimacs,50,77
./benchmark_tests/original/Biere/bitcell_16_2/pec_bit_cell_arbiter_2_220.dqdimacs,51,77
./benchmark_tests/original/Biere/bitcell_16_2/pec_bit_cell_arbiter_2_220.dqdimacs,52,77
./benchmark_tests/original/Biere/bitcell_16_2/pec_bit_cell_arbiter_2_220.dqdimacs,53,77
./benchmark_tests/original/Biere/bitcell_16_2/pec_bit_cell_arbiter_2_220.dqdimacs,54,75
./benchmark_tests/original/Biere/bitcell_16_2/pec_bit_cell_arbiter_2_220.dqdimacs,55,76
./benchmark_tests/original/Biere/bitcell_16_2/pec_bit_cell_arbiter_2_220.dqdimacs,56,76
./benchmark_tests/original/Biere/bitcell_16_2/pec_bit_cell_arbiter_2_220.dqdimacs,57,76
./benchmark_tests/original/Biere/bitcell_16_2/pec_bit_cell_arbiter_2_220.dqdimacs,58,76
./benchmark_tests/original/Biere/bitcell_16_2/pec_bit_cell_arbiter_2_220.dqdimacs,59,76
./benchmark_tests/original/Biere/bitcell_16_2/pec_bit_cell_arbiter_2_220.dqdimacs,60,76
./benchmark_tests/original/Biere/bitcell_16_2/pec_bit_cell_arbiter_2_220.dqdimacs,61,76
./benchmark_tests/original/Biere/bitcell_16_2/pec_bit_cell_arbiter_2_220.dqdimacs,62,76
./benchmark_tests/original/Biere/bitcell_16_2/pec_bit_cell_arbiter_2_220.dqdimacs,63,76
./benchmark_tests/original/Biere/bitcell_16_2/pec_bit_cell_arbiter_2_220.dqdimacs,64,75
./benchmark_tests/original/Biere/bitcell_16_2/pec_bit_cell_arbiter_2_220.dqdimacs,65,76
./benchmark_tests/original/Biere/bitcell_16_2/pec_bit_cell_arbiter_2_220.dqdimacs,66,75
./benchmark_tests/original/Biere/bitcell_16_2/pec_bit_cell_arbiter_2_220.dqdimacs,67,76
./benchmark_tests/original/Biere/bitcell_16_2/pec_bit_cell_arbiter_2_220.dqdimacs,68,76
./benchmark_tests/original/Biere/bitcell_16_2/pec_bit_cell_arbiter_2_220.dqdimacs,69,75
./benchmark_tests/original/Biere/bitcell_16_2/pec_bit_cell_arbiter_2_220.dqdimacs,70,75
./benchmark_tests/original/Biere/bitcell_16_2/pec_bit_cell_arbiter_2_220.dqdimacs,71,75
./benchmark_tests/original/Biere/bitcell_16_2/pec_bit_cell_arbiter_2_220.dqdimacs,72,75
./benchmark_tests/original/Biere/bitcell_16_2/pec_bit_cell_arbiter_2_220.dqdimacs,73,76
./benchmark_tests/original/Biere/bitcell_16_2/pec_bit_cell_arbiter_2_220.dqdimacs,74,75
./benchmark_tests/original/Biere/bitcell_16_2/pec_bit_cell_arbiter_2_220.dqdimacs,75,75
./benchmark_tests/original/Biere/bitcell_16_2/pec_bit_cell_arbiter_2_220.dqdimacs,76,75
./benchmark_tests/original/Biere/bitcell_16_2/pec_bit_cell_arbiter_2_220.dqdimacs,77,75
./benchmark_tests/original/Biere/bitcell_16_2/pec_bit_cell_arbiter_2_220.dqdimacs,78,75
./benchmark_tests/original/Biere/bitcell_16_2/pec_bit_cell_arbiter_2_220.dqdimacs,79,75
./benchmark_tests/original/Biere/bitcell_16_2/pec_bit_cell_arbiter_2_220.dqdimacs,80,76
./benchmark_tests/original/Biere/bitcell_16_2/pec_bit_cell_arbiter_2_220.dqdimacs,81,75
./benchmark_tests/original/Biere/bitcell_16_2/pec_bit_cell_arbiter_2_220.dqdimacs,82,75
./benchmark_tests/original/Biere/bitcell_16_2/pec_bit_cell_arbiter_2_220.dqdimacs,83,77
./benchmark_tests/original/Biere/bitcell_16_2/pec_bit_cell_arbiter_2_220.dqdimacs,84,76
./benchmark_tests/original/Biere/bitcell_16_2/pec_bit_cell_arbiter_2_220.dqdimacs,85,76
./benchmark_tests/original/Biere/bitcell_16_2/pec_bit_cell_arbiter_2_220.dqdimacs,86,76
./benchmark_tests/original/Biere/bitcell_16_2/pec_bit_cell_arbiter_2_220.dqdimacs,87,76
./benchmark_tests/original/Biere/bitcell_16_2/pec_bit_cell_arbiter_2_220.dqdimacs,88,76
./benchmark_tests/original/Biere/bitcell_16_2/pec_bit_cell_arbiter_2_220.dqdimacs,89,76
./benchmark_tests/original/Biere/bitcell_16_2/pec_bit_cell_arbiter_2_220.dqdimacs,90,76
./benchmark_tests/original/Biere/bitcell_16_2/pec_bit_cell_arbiter_2_220.dqdimacs,91,76
./benchmark_tests/original/Biere/bitcell_16_2/pec_bit_cell_arbiter_2_220.dqdimacs,92,76
./benchmark_tests/original/Biere/bitcell_16_2/pec_bit_cell_arbiter_2_220.dqdimacs,93,76
./benchmark_tests/original/Biere/bitcell_16_2/pec_bit_cell_arbiter_2_220.dqdimacs,94,76
./benchmark_tests/original/Biere/bitcell_16_2/pec_bit_cell_arbiter_2_220.dqdimacs,95,76
./benchmark_tests/original/Biere/bitcell_16_2/pec_bit_cell_arbiter_2_220.dqdimacs,96,76
./benchmark_tests/original/Biere/bitcell_16_2/pec_bit_cell_arbiter_2_220.dqdimacs,97,76
./benchmark_tests/original/Biere/bitcell_16_2/pec_bit_cell_arbiter_2_220.dqdimacs,98,76
./benchmark_tests/original/Biere/bitcell_16_2/pec_bit_cell_arbiter_2_220.dqdimacs,99,76
./benchmark_tests/original/Biere/bitcell_16_2/pec_bit_cell_arbiter_2_220.dqdimacs,100,76
./benchmark_tests/original/Biere/bitcell_16_2/pec_bit_cell_arbiter_2_220.dqdimacs,102,77
./benchmark_tests/original/Biere/bitcell_16_2/pec_bit_cell_arbiter_2_220.dqdimacs,103,76
./benchmark_tests/original/Biere/bitcell_16_2/pec_bit_cell_arbiter_2_220.dqdimacs,104,76
./benchmark_tests/original/Biere/bitcell_16_2/pec_bit_cell_arbiter_2_220.dqdimacs,106,76
./benchmark_tests/original/Biere/bitcell_16_2/pec_bit_cell_arbiter_2_220.dqdimacs,107,76
./benchmark_tests/original/Biere/bitcell_16_2/pec_bit_cell_arbiter_2_220.dqdimacs,108,76
./benchmark_tests/original/Biere/bitcell_16_2/pec_bit_cell_arbiter_2_220.dqdimacs,109,76
./benchmark_tests/original/Biere/bitcell_16_2/pec_bit_cell_arbiter_2_220.dqdimacs,110,76
./benchmark_tests/original/Biere/bitcell_16_2/pec_bit_cell_arbiter_2_220.dqdimacs,111,76
./benchmark_tests/original/Biere/bitcell_16_2/pec_bit_cell_arbiter_2_220.dqdimacs,112,77
./benchmark_tests/original/Biere/bitcell_16_2/pec_bit_cell_arbiter_2_220.dqdimacs,113,76
./benchmark_tests/original/Biere/bitcell_16_2/pec_bit_cell_arbiter_2_220.dqdimacs,114,76
./benchmark_tests/original/Biere/bitcell_16_2/pec_bit_cell_arbiter_2_220.dqdimacs,115,77
./benchmark_tests/original/Biere/bitcell_16_2/pec_bit_cell_arbiter_2_220.dqdimacs,116,76
./benchmark_tests/original/Biere/bitcell_16_2/pec_bit_cell_arbiter_2_220.dqdimacs,117,77
./benchmark_tests/original/Biere/bitcell_16_2/pec_bit_cell_arbiter_2_220.dqdimacs,118,76
./benchmark_tests/original/Biere/bitcell_16_2/pec_bit_cell_arbiter_2_221.dqdimacs,3,218
./benchmark_tests/original/Biere/bitcell_16_2/pec_bit_cell_arbiter_2_221.dqdimacs,5,210
./benchmark_tests/original/Biere/bitcell_16_2/pec_bit_cell_arbiter_2_221.dqdimacs,6,206
./benchmark_tests/original/Biere/bitcell_16_2/pec_bit_cell_arbiter_2_221.dqdimacs,7,183
./benchmark_tests/original/Biere/bitcell_16_2/pec_bit_cell_arbiter_2_221.dqdimacs,8,181
./benchmark_tests/original/Biere/bitcell_16_2/pec_bit_cell_arbiter_2_221.dqdimacs,9,227
./benchmark_tests/original/Biere/bitcell_16_2/pec_bit_cell_arbiter_2_221.dqdimacs,10,184
./benchmark_tests/original/Biere/bitcell_16_2/pec_bit_cell_arbiter_2_221.dqdimacs,13,180
./benchmark_tests/original/Biere/bitcell_16_2/pec_bit_cell_arbiter_2_221.dqdimacs,15,166
./benchmark_tests/original/Biere/bitcell_16_2/pec_bit_cell_arbiter_2_221.dqdimacs,17,150
./benchmark_tests/original/Biere/bitcell_16_2/pec_bit_cell_arbiter_2_221.dqdimacs,19,138
./benchmark_tests/original/Biere/bitcell_16_2/pec_bit_cell_arbiter_2_221.dqdimacs,20,124
./benchmark_tests/original/Biere/bitcell_16_2/pec_bit_cell_arbiter_2_221.dqdimacs,21,114
./benchmark_tests/original/Biere/bitcell_16_2/pec_bit_cell_arbiter_2_221.dqdimacs,22,105
./benchmark_tests/original/Biere/bitcell_16_2/pec_bit_cell_arbiter_2_221.dqdimacs,23,100
./benchmark_tests/original/Biere/bitcell_16_2/pec_bit_cell_arbiter_2_221.dqdimacs,24,99
./benchmark_tests/original/Biere/bitcell_16_2/pec_bit_cell_arbiter_2_221.dqdimacs,25,99
./benchmark_tests/original/Biere/bitcell_16_2/pec_bit_cell_arbiter_2_221.dqdimacs,26,99
./benchmark_tests/original/Biere/bitcell_16_2/pec_bit_cell_arbiter_2_221.dqdimacs,27,99
./benchmark_tests/original/Biere/bitcell_16_2/pec_bit_cell_arbiter_2_221.dqdimacs,28,100
./benchmark_tests/original/Biere/bitcell_16_2/pec_bit_cell_arbiter_2_221.dqdimacs,29,99
./benchmark_tests/original/Biere/bitcell_16_2/pec_bit_cell_arbiter_2_221.dqdimacs,30,99
./benchmark_tests/original/Biere/bitcell_16_2/pec_bit_cell_arbiter_2_221.dqdimacs,31,104
./benchmark_tests/original/Biere/bitcell_16_2/pec_bit_cell_arbiter_2_221.dqdimacs,32,99
./benchmark_tests/original/Biere/bitcell_16_2/pec_bit_cell_arbiter_2_221.dqdimacs,34,100
./benchmark_tests/original/Biere/bitcell_16_2/pec_bit_cell_arbiter_2_221.dqdimacs,35,100
./benchmark_tests/original/Biere/bitcell_16_2/pec_bit_cell_arbiter_2_221.dqdimacs,36,99
./benchmark_tests/original/Biere/bitcell_16_2/pec_bit_cell_arbiter_2_221.dqdimacs,37,99
./benchmark_tests/original/Biere/bitcell_16_2/pec_bit_cell_arbiter_2_221.dqdimacs,38,99
./benchmark_tests/original/Biere/bitcell_16_2/pec_bit_cell_arbiter_2_221.dqdimacs,39,99
./benchmark_tests/original/Biere/bitcell_16_2/pec_bit_cell_arbiter_2_221.dqdimacs,40,100
./benchmark_tests/original/Biere/bitcell_16_2/pec_bit_cell_arbiter_2_221.dqdimacs,41,100
./benchmark_tests/original/Biere/bitcell_16_2/pec_bit_cell_arbiter_2_221.dqdimacs,42,100
./benchmark_tests/original/Biere/bitcell_16_2/pec_bit_cell_arbiter_2_221.dqdimacs,43,100
./benchmark_tests/original/Biere/bitcell_16_2/pec_bit_cell_arbiter_2_221.dqdimacs,44,100
./benchmark_tests/original/Biere/bitcell_16_2/pec_bit_cell_arbiter_2_221.dqdimacs,45,99
./benchmark_tests/original/Biere/bitcell_16_2/pec_bit_cell_arbiter_2_221.dqdimacs,46,100
./benchmark_tests/original/Biere/bitcell_16_2/pec_bit_cell_arbiter_2_221.dqdimacs,47,100
./benchmark_tests/original/Biere/bitcell_16_2/pec_bit_cell_arbiter_2_221.dqdimacs,48,100
./benchmark_tests/original/Biere/bitcell_16_2/pec_bit_cell_arbiter_2_221.dqdimacs,49,100
./benchmark_tests/original/Biere/bitcell_16_2/pec_bit_cell_arbiter_2_221.dqdimacs,50,100
./benchmark_tests/original/Biere/bitcell_16_2/pec_bit_cell_arbiter_2_221.dqdimacs,51,100
./benchmark_tests/original/Biere/bitcell_16_2/pec_bit_cell_arbiter_2_221.dqdimacs,52,100
./benchmark_tests/original/Biere/bitcell_16_2/pec_bit_cell_arbiter_2_221.dqdimacs,53,100
./benchmark_tests/original/Biere/bitcell_16_2/pec_bit_cell_arbiter_2_221.dqdimacs,54,100
./benchmark_tests/original/Biere/bitcell_16_2/pec_bit_cell_arbiter_2_221.dqdimacs,55,100
./benchmark_tests/original/Biere/bitcell_16_2/pec_bit_cell_arbiter_2_221.dqdimacs,56,100
./benchmark_tests/original/Biere/bitcell_16_2/pec_bit_cell_arbiter_2_221.dqdimacs,57,100
./benchmark_tests/original/Biere/bitcell_16_2/pec_bit_cell_arbiter_2_221.dqdimacs,59,100
./benchmark_tests/original/Biere/bitcell_16_2/pec_bit_cell_arbiter_2_221.dqdimacs,60,100
./benchmark_tests/original/Biere/bitcell_16_2/pec_bit_cell_arbiter_2_221.dqdimacs,61,102
./benchmark_tests/original/Biere/bitcell_16_2/pec_bit_cell_arbiter_2_221.dqdimacs,62,100
./benchmark_tests/original/Biere/bitcell_16_2/pec_bit_cell_arbiter_2_221.dqdimacs,63,100
./benchmark_tests/original/Biere/bitcell_16_2/pec_bit_cell_arbiter_2_221.dqdimacs,65,100
./benchmark_tests/original/Biere/bitcell_16_2/pec_bit_cell_arbiter_2_221.dqdimacs,66,100
./benchmark_tests/original/Biere/bitcell_16_2/pec_bit_cell_arbiter_2_221.dqdimacs,67,100
./benchmark_tests/original/Biere/bitcell_16_2/pec_bit_cell_arbiter_2_221.dqdimacs,68,100
./benchmark_tests/original/Biere/bitcell_16_2/pec_bit_cell_arbiter_2_221.dqdimacs,69,100
./benchmark_tests/original/Biere/bitcell_16_2/pec_bit_cell_arbiter_2_221.dqdimacs,70,100
./benchmark_tests/original/Biere/bitcell_16_2/pec_bit_cell_arbiter_2_221.dqdimacs,71,101
./benchmark_tests/original/Biere/bitcell_16_2/pec_bit_cell_arbiter_2_221.dqdimacs,73,100
./benchmark_tests/original/Biere/bitcell_16_2/pec_bit_cell_arbiter_2_221.dqdimacs,74,100
./benchmark_tests/original/Biere/bitcell_16_2/pec_bit_cell_arbiter_2_221.dqdimacs,75,100
./benchmark_tests/original/Biere/bitcell_16_2/pec_bit_cell_arbiter_2_221.dqdimacs,76,100
./benchmark_tests/original/Biere/bitcell_16_2/pec_bit_cell_arbiter_2_221.dqdimacs,77,100
./benchmark_tests/original/Biere/bitcell_16_2/pec_bit_cell_arbiter_2_221.dqdimacs,78,100
./benchmark_tests/original/Biere/bitcell_16_2/pec_bit_cell_arbiter_2_221.dqdimacs,79,101
./benchmark_tests/original/Biere/bitcell_16_2/pec_bit_cell_arbiter_2_221.dqdimacs,81,100
./benchmark_tests/original/Biere/bitcell_16_2/pec_bit_cell_arbiter_2_221.dqdimacs,82,100
./benchmark_tests/original/Biere/bitcell_16_2/pec_bit_cell_arbiter_2_221.dqdimacs,83,100
./benchmark_tests/original/Biere/bitcell_16_2/pec_bit_cell_arbiter_2_221.dqdimacs,84,100
./benchmark_tests/original/Biere/bitcell_16_2/pec_bit_cell_arbiter_2_221.dqdimacs,85,100
./benchmark_tests/original/Biere/bitcell_16_2/pec_bit_cell_arbiter_2_221.dqdimacs,86,99
./benchmark_tests/original/Biere/bitcell_16_2/pec_bit_cell_arbiter_2_221.dqdimacs,87,101
./benchmark_tests/original/Biere/bitcell_16_2/pec_bit_cell_arbiter_2_221.dqdimacs,88,101
./benchmark_tests/original/Biere/bitcell_16_2/pec_bit_cell_arbiter_2_221.dqdimacs,90,101
./benchmark_tests/original/Biere/bitcell_16_2/pec_bit_cell_arbiter_2_221.dqdimacs,91,100
./benchmark_tests/original/Biere/bitcell_16_2/pec_bit_cell_arbiter_2_221.dqdimacs,92,101
./benchmark_tests/original/Biere/bitcell_16_2/pec_bit_cell_arbiter_2_221.dqdimacs,93,102
./benchmark_tests/original/Biere/bitcell_16_2/pec_bit_cell_arbiter_2_221.dqdimacs,94,102
./benchmark_tests/original/Biere/bitcell_16_2/pec_bit_cell_arbiter_2_221.dqdimacs,95,101
./benchmark_tests/original/Biere/bitcell_16_2/pec_bit_cell_arbiter_2_221.dqdimacs,96,101
./benchmark_tests/original/Biere/bitcell_16_2/pec_bit_cell_arbiter_2_221.dqdimacs,98,101
./benchmark_tests/original/Biere/bitcell_16_2/pec_bit_cell_arbiter_2_221.dqdimacs,99,101
./benchmark_tests/original/Biere/bitcell_16_2/pec_bit_cell_arbiter_2_221.dqdimacs,100,102
./benchmark_tests/original/Biere/bitcell_16_2/pec_bit_cell_arbiter_2_221.dqdimacs,101,102
./benchmark_tests/original/Biere/bitcell_16_2/pec_bit_cell_arbiter_2_221.dqdimacs,102,103
./benchmark_tests/original/Biere/bitcell_16_2/pec_bit_cell_arbiter_2_221.dqdimacs,103,101
./benchmark_tests/original/Biere/bitcell_16_2/pec_bit_cell_arbiter_2_221.dqdimacs,104,101
./benchmark_tests/original/Biere/bitcell_16_2/pec_bit_cell_arbiter_2_221.dqdimacs,106,101
./benchmark_tests/original/Biere/bitcell_16_2/pec_bit_cell_arbiter_2_221.dqdimacs,107,101
./benchmark_tests/original/Biere/bitcell_16_2/pec_bit_cell_arbiter_2_221.dqdimacs,108,101
./benchmark_tests/original/Biere/bitcell_16_2/pec_bit_cell_arbiter_2_221.dqdimacs,109,102
./benchmark_tests/original/Biere/bitcell_16_2/pec_bit_cell_arbiter_2_221.dqdimacs,110,101
./benchmark_tests/original/Biere/bitcell_16_2/pec_bit_cell_arbiter_2_221.dqdimacs,111,101
./benchmark_tests/original/Biere/bitcell_16_2/pec_bit_cell_arbiter_2_221.dqdimacs,112,101
./benchmark_tests/original/Biere/bitcell_16_2/pec_bit_cell_arbiter_2_221.dqdimacs,114,101
./benchmark_tests/original/Biere/bitcell_16_2/pec_bit_cell_arbiter_2_221.dqdimacs,115,101
./benchmark_tests/original/Biere/bitcell_16_2/pec_bit_cell_arbiter_2_221.dqdimacs,116,101
./benchmark_tests/original/Biere/bitcell_16_2/pec_bit_cell_arbiter_2_221.dqdimacs,117,102
./benchmark_tests/original/Biere/bitcell_16_2/pec_bit_cell_arbiter_2_221.dqdimacs,118,102
./benchmark_tests/original/Biere/bitcell_16_2/pec_bit_cell_arbiter_2_221.dqdimacs,119,101
./benchmark_tests/original/Biere/bitcell_16_2/pec_bit_cell_arbiter_2_221.dqdimacs,120,101
./benchmark_tests/original/Biere/bitcell_16_2/pec_bit_cell_arbiter_2_221.dqdimacs,122,101
./benchmark_tests/original/Biere/bitcell_16_2/pec_bit_cell_arbiter_2_221.dqdimacs,123,101
./benchmark_tests/original/Biere/bitcell_16_2/pec_bit_cell_arbiter_2_221.dqdimacs,124,101
./benchmark_tests/original/Biere/bitcell_16_2/pec_bit_cell_arbiter_2_221.dqdimacs,125,101
./benchmark_tests/original/Biere/bitcell_16_2/pec_bit_cell_arbiter_2_221.dqdimacs,126,101
./benchmark_tests/original/Biere/bitcell_16_2/pec_bit_cell_arbiter_2_221.dqdimacs,127,101
./benchmark_tests/original/Biere/bitcell_16_2/pec_bit_cell_arbiter_2_221.dqdimacs,128,101
./benchmark_tests/original/Biere/bitcell_16_2/pec_bit_cell_arbiter_2_221.dqdimacs,130,101
./benchmark_tests/original/Biere/bitcell_16_2/pec_bit_cell_arbiter_2_221.dqdimacs,131,101
./benchmark_tests/original/Biere/bitcell_16_2/pec_bit_cell_arbiter_2_221.dqdimacs,132,101
./benchmark_tests/original/Biere/bitcell_16_2/pec_bit_cell_arbiter_2_221.dqdimacs,133,102
./benchmark_tests/original/Biere/bitcell_16_2/pec_bit_cell_arbiter_2_221.dqdimacs,134,102
./benchmark_tests/original/Biere/bitcell_16_2/pec_bit_cell_arbiter_2_221.dqdimacs,135,101
./benchmark_tests/original/Biere/bitcell_16_2/pec_bit_cell_arbiter_2_221.dqdimacs,136,101
./benchmark_tests/original/Biere/bitcell_16_2/pec_bit_cell_arbiter_2_221.dqdimacs,137,100
./benchmark_tests/original/Biere/bitcell_16_2/pec_bit_cell_arbiter_2_221.dqdimacs,138,101
./benchmark_tests/original/Biere/bitcell_16_2/pec_bit_cell_arbiter_2_221.dqdimacs,139,102
./benchmark_tests/original/Biere/bitcell_16_2/pec_bit_cell_arbiter_2_221.dqdimacs,140,101
./benchmark_tests/original/Biere/bitcell_16_2/pec_bit_cell_arbiter_2_221.dqdimacs,141,102
./benchmark_tests/original/Biere/bitcell_16_2/pec_bit_cell_arbiter_2_221.dqdimacs,142,102
./benchmark_tests/original/Biere/bitcell_16_2/pec_bit_cell_arbiter_2_233.dqdimacs,3,338
./benchmark_tests/original/Biere/bitcell_16_2/pec_bit_cell_arbiter_2_233.dqdimacs,5,331
./benchmark_tests/original/Biere/bitcell_16_2/pec_bit_cell_arbiter_2_233.dqdimacs,7,331
./benchmark_tests/original/Biere/bitcell_16_2/pec_bit_cell_arbiter_2_233.dqdimacs,9,327
./benchmark_tests/original/Biere/bitcell_16_2/pec_bit_cell_arbiter_2_233.dqdimacs,11,297
./benchmark_tests/original/Biere/bitcell_16_2/pec_bit_cell_arbiter_2_233.dqdimacs,13,262
./benchmark_tests/original/Biere/bitcell_16_2/pec_bit_cell_arbiter_2_233.dqdimacs,15,222
./benchmark_tests/original/Biere/bitcell_16_2/pec_bit_cell_arbiter_2_233.dqdimacs,17,190
./benchmark_tests/original/Biere/bitcell_16_2/pec_bit_cell_arbiter_2_233.dqdimacs,19,167
./benchmark_tests/original/Biere/bitcell_16_2/pec_bit_cell_arbiter_2_233.dqdimacs,21,162
./benchmark_tests/original/Biere/bitcell_16_2/pec_bit_cell_arbiter_2_233.dqdimacs,23,162
./benchmark_tests/original/Biere/bitcell_16_2/pec_bit_cell_arbiter_2_233.dqdimacs,24,163
./benchmark_tests/original/Biere/bitcell_16_2/pec_bit_cell_arbiter_2_233.dqdimacs,25,164
./benchmark_tests/original/Biere/bitcell_16_2/pec_bit_cell_arbiter_2_233.dqdimacs,26,186
./benchmark_tests/original/Biere/bitcell_16_2/pec_bit_cell_arbiter_2_233.dqdimacs,27,163
./benchmark_tests/original/Biere/bitcell_16_2/pec_bit_cell_arbiter_2_233.dqdimacs,28,163
./benchmark_tests/original/Biere/bitcell_16_2/pec_bit_cell_arbiter_2_233.dqdimacs,29,163
./benchmark_tests/original/Biere/bitcell_16_2/pec_bit_cell_arbiter_2_233.dqdimacs,30,163
./benchmark_tests/original/Biere/bitcell_16_2/pec_bit_cell_arbiter_2_233.dqdimacs,31,163
./benchmark_tests/original/Biere/bitcell_16_2/pec_bit_cell_arbiter_2_233.dqdimacs,32,163
./benchmark_tests/original/Biere/bitcell_16_2/pec_bit_cell_arbiter_2_233.dqdimacs,33,163
./benchmark_tests/original/Biere/bitcell_16_2/pec_bit_cell_arbiter_2_233.dqdimacs,34,163
./benchmark_tests/original/Biere/bitcell_16_2/pec_bit_cell_arbiter_2_233.dqdimacs,35,163
./benchmark_tests/original/Biere/bitcell_16_2/pec_bit_cell_arbiter_2_233.dqdimacs,36,163
./benchmark_tests/original/Biere/bitcell_16_2/pec_bit_cell_arbiter_2_233.dqdimacs,37,163
./benchmark_tests/original/Biere/bitcell_16_2/pec_bit_cell_arbiter_2_233.dqdimacs,39,162
./benchmark_tests/original/Biere/bitcell_16_2/pec_bit_cell_arbiter_2_233.dqdimacs,40,162
./benchmark_tests/original/Biere/bitcell_16_2/pec_bit_cell_arbiter_2_233.dqdimacs,41,162
./benchmark_tests/original/Biere/bitcell_16_2/pec_bit_cell_arbiter_2_233.dqdimacs,42,163
./benchmark_tests/original/Biere/bitcell_16_2/pec_bit_cell_arbiter_2_233.dqdimacs,43,163
./benchmark_tests/original/Biere/bitcell_16_2/pec_bit_cell_arbiter_2_233.dqdimacs,44,163
./benchmark_tests/original/Biere/bitcell_16_2/pec_bit_cell_arbiter_2_233.dqdimacs,45,162
./benchmark_tests/original/Biere/bitcell_16_2/pec_bit_cell_arbiter_2_233.dqdimacs,46,167
./benchmark_tests/original/Biere/bitcell_16_2/pec_bit_cell_arbiter_2_233.dqdimacs,47,162
./benchmark_tests/original/Biere/bitcell_16_2/pec_bit_cell_arbiter_2_233.dqdimacs,48,163
./benchmark_tests/original/Biere/bitcell_16_2/pec_bit_cell_arbiter_2_233.dqdimacs,49,162
./benchmark_tests/original/Biere/bitcell_16_2/pec_bit_cell_arbiter_2_233.dqdimacs,50,163
./benchmark_tests/original/Biere/bitcell_16_2/pec_bit_cell_arbiter_2_233.dqdimacs,51,162
./benchmark_tests/original/Biere/bitcell_16_2/pec_bit_cell_arbiter_2_233.dqdimacs,52,162
./benchmark_tests/original/Biere/bitcell_16_2/pec_bit_cell_arbiter_2_233.dqdimacs,53,162
./benchmark_tests/original/Biere/bitcell_16_2/pec_bit_cell_arbiter_2_233.dqdimacs,54,162
./benchmark_tests/original/Biere/bitcell_16_2/pec_bit_cell_arbiter_2_233.dqdimacs,55,162
./benchmark_tests/original/Biere/bitcell_16_2/pec_bit_cell_arbiter_2_233.dqdimacs,56,163
./benchmark_tests/original/Biere/bitcell_16_2/pec_bit_cell_arbiter_2_233.dqdimacs,57,163
./benchmark_tests/original/Biere/bitcell_16_2/pec_bit_cell_arbiter_2_233.dqdimacs,58,163
./benchmark_tests/original/Biere/bitcell_16_2/pec_bit_cell_arbiter_2_233.dqdimacs,59,163
./benchmark_tests/original/Biere/bitcell_16_2/pec_bit_cell_arbiter_2_233.dqdimacs,60,164
./benchmark_tests/original/Biere/bitcell_16_2/pec_bit_cell_arbiter_2_233.dqdimacs,61,163
./benchmark_tests/original/Biere/bitcell_16_2/pec_bit_cell_arbiter_2_233.dqdimacs,62,162
./benchmark_tests/original/Biere/bitcell_16_2/pec_bit_cell_arbiter_2_233.dqdimacs,63,162
./benchmark_tests/original/Biere/bitcell_16_2/pec_bit_cell_arbiter_2_233.dqdimacs,64,162
./benchmark_tests/original/Biere/bitcell_16_2/pec_bit_cell_arbiter_2_233.dqdimacs,65,162
./benchmark_tests/original/Biere/bitcell_16_2/pec_bit_cell_arbiter_2_233.dqdimacs,66,162
./benchmark_tests/original/Biere/bitcell_16_2/pec_bit_cell_arbiter_2_233.dqdimacs,67,162
./benchmark_tests/original/Biere/bitcell_16_2/pec_bit_cell_arbiter_2_233.dqdimacs,68,162
./benchmark_tests/original/Biere/bitcell_16_2/pec_bit_cell_arbiter_2_233.dqdimacs,69,162
./benchmark_tests/original/Biere/bitcell_16_2/pec_bit_cell_arbiter_2_233.dqdimacs,70,162
./benchmark_tests/original/Biere/bitcell_16_2/pec_bit_cell_arbiter_2_233.dqdimacs,71,162
./benchmark_tests/original/Biere/bitcell_16_2/pec_bit_cell_arbiter_2_233.dqdimacs,72,162
./benchmark_tests/original/Biere/bitcell_16_2/pec_bit_cell_arbiter_2_233.dqdimacs,73,162
./benchmark_tests/original/Biere/bitcell_16_2/pec_bit_cell_arbiter_2_233.dqdimacs,74,161
./benchmark_tests/original/Biere/bitcell_16_2/pec_bit_cell_arbiter_2_233.dqdimacs,75,161
./benchmark_tests/original/Biere/bitcell_16_2/pec_bit_cell_arbiter_2_233.dqdimacs,77,162
./benchmark_tests/original/Biere/bitcell_16_2/pec_bit_cell_arbiter_2_233.dqdimacs,78,162
./benchmark_tests/original/Biere/bitcell_16_2/pec_bit_cell_arbiter_2_233.dqdimacs,79,161
./benchmark_tests/original/Biere/bitcell_16_2/pec_bit_cell_arbiter_2_233.dqdimacs,80,161
./benchmark_tests/original/Biere/bitcell_16_2/pec_bit_cell_arbiter_2_233.dqdimacs,82,161
./benchmark_tests/original/Biere/bitcell_16_2/pec_bit_cell_arbiter_2_233.dqdimacs,83,161
./benchmark_tests/original/Biere/bitcell_16_2/pec_bit_cell_arbiter_2_233.dqdimacs,84,161
./benchmark_tests/original/Biere/bitcell_16_2/pec_bit_cell_arbiter_2_233.dqdimacs,85,161
./benchmark_tests/original/Biere/bitcell_16_2/pec_bit_cell_arbiter_2_233.dqdimacs,86,162
./benchmark_tests/original/Biere/bitcell_16_2/pec_bit_cell_arbiter_2_233.dqdimacs,88,161
./benchmark_tests/original/Biere/bitcell_16_2/pec_bit_cell_arbiter_2_233.dqdimacs,89,161
./benchmark_tests/original/Biere/bitcell_16_2/pec_bit_cell_arbiter_2_233.dqdimacs,90,161
./benchmark_tests/original/Biere/bitcell_16_2/pec_bit_cell_arbiter_2_233.dqdimacs,91,162
./benchmark_tests/original/Biere/bitcell_16_2/pec_bit_cell_arbiter_2_233.dqdimacs,92,161
./benchmark_tests/original/Biere/bitcell_16_2/pec_bit_cell_arbiter_2_233.dqdimacs,93,161
./benchmark_tests/original/Biere/bitcell_16_2/pec_bit_cell_arbiter_2_233.dqdimacs,94,161
./benchmark_tests/original/Biere/bitcell_16_2/pec_bit_cell_arbiter_2_233.dqdimacs,96,160
./benchmark_tests/original/Biere/bitcell_16_2/pec_bit_cell_arbiter_2_233.dqdimacs,97,161
./benchmark_tests/original/Biere/bitcell_16_2/pec_bit_cell_arbiter_2_233.dqdimacs,98,161
./benchmark_tests/original/Biere/bitcell_16_2/pec_bit_cell_arbiter_2_233.dqdimacs,99,161
./benchmark_tests/original/Biere/bitcell_16_2/pec_bit_cell_arbiter_2_233.dqdimacs,100,162
./benchmark_tests/original/Biere/bitcell_16_2/pec_bit_cell_arbiter_2_233.dqdimacs,101,161
./benchmark_tests/original/Biere/bitcell_16_2/pec_bit_cell_arbiter_2_233.dqdimacs,102,161
./benchmark_tests/original/Biere/bitcell_16_2/pec_bit_cell_arbiter_2_233.dqdimacs,104,161
./benchmark_tests/original/Biere/bitcell_16_2/pec_bit_cell_arbiter_2_233.dqdimacs,105,161
./benchmark_tests/original/Biere/bitcell_16_2/pec_bit_cell_arbiter_2_233.dqdimacs,106,161
./benchmark_tests/original/Biere/bitcell_16_2/pec_bit_cell_arbiter_2_233.dqdimacs,107,161
./benchmark_tests/original/Biere/bitcell_16_2/pec_bit_cell_arbiter_2_233.dqdimacs,108,161
./benchmark_tests/original/Biere/bitcell_16_2/pec_bit_cell_arbiter_2_233.dqdimacs,109,161
./benchmark_tests/original/Biere/bitcell_16_2/pec_bit_cell_arbiter_2_233.dqdimacs,110,161
./benchmark_tests/original/Biere/bitcell_16_2/pec_bit_cell_arbiter_2_233.dqdimacs,112,161
./benchmark_tests/original/Biere/bitcell_16_2/pec_bit_cell_arbiter_2_233.dqdimacs,113,161
./benchmark_tests/original/Biere/bitcell_16_2/pec_bit_cell_arbiter_2_233.dqdimacs,114,162
./benchmark_tests/original/Biere/bitcell_16_2/pec_bit_cell_arbiter_2_233.dqdimacs,115,162
./benchmark_tests/original/Biere/bitcell_16_2/pec_bit_cell_arbiter_2_233.dqdimacs,116,162
./benchmark_tests/original/Biere/bitcell_16_2/pec_bit_cell_arbiter_2_233.dqdimacs,117,162
./benchmark_tests/original/Biere/bitcell_16_2/pec_bit_cell_arbiter_2_233.dqdimacs,118,162
./benchmark_tests/original/Biere/bitcell_16_2/pec_bit_cell_arbiter_2_233.dqdimacs,119,161
./benchmark_tests/original/Biere/bitcell_16_2/pec_bit_cell_arbiter_2_233.dqdimacs,120,161
./benchmark_tests/original/Biere/bitcell_16_2/pec_bit_cell_arbiter_2_233.dqdimacs,121,162
./benchmark_tests/original/Biere/bitcell_16_2/pec_bit_cell_arbiter_2_233.dqdimacs,122,162
./benchmark_tests/original/Biere/bitcell_16_2/pec_bit_cell_arbiter_2_233.dqdimacs,123,161
./benchmark_tests/original/Biere/bitcell_16_2/pec_bit_cell_arbiter_2_233.dqdimacs,124,161
./benchmark_tests/original/Biere/bitcell_16_2/pec_bit_cell_arbiter_2_23.dqdimacs,3,153
./benchmark_tests/original/Biere/bitcell_16_2/pec_bit_cell_arbiter_2_23.dqdimacs,5,150
./benchmark_tests/original/Biere/bitcell_16_2/pec_bit_cell_arbiter_2_23.dqdimacs,7,149
./benchmark_tests/original/Biere/bitcell_16_2/pec_bit_cell_arbiter_2_23.dqdimacs,9,149
./benchmark_tests/original/Biere/bitcell_16_2/pec_bit_cell_arbiter_2_23.dqdimacs,11,146
./benchmark_tests/original/Biere/bitcell_16_2/pec_bit_cell_arbiter_2_23.dqdimacs,13,148
./benchmark_tests/original/Biere/bitcell_16_2/pec_bit_cell_arbiter_2_23.dqdimacs,15,149
./benchmark_tests/original/Biere/bitcell_16_2/pec_bit_cell_arbiter_2_23.dqdimacs,17,149
./benchmark_tests/original/Biere/bitcell_16_2/pec_bit_cell_arbiter_2_23.dqdimacs,19,150
./benchmark_tests/original/Biere/bitcell_16_2/pec_bit_cell_arbiter_2_23.dqdimacs,21,148
./benchmark_tests/original/Biere/bitcell_16_2/pec_bit_cell_arbiter_2_23.dqdimacs,23,143
./benchmark_tests/original/Biere/bitcell_16_2/pec_bit_cell_arbiter_2_23.dqdimacs,24,133
./benchmark_tests/original/Biere/bitcell_16_2/pec_bit_cell_arbiter_2_23.dqdimacs,25,121
./benchmark_tests/original/Biere/bitcell_16_2/pec_bit_cell_arbiter_2_23.dqdimacs,26,113
./benchmark_tests/original/Biere/bitcell_16_2/pec_bit_cell_arbiter_2_23.dqdimacs,27,104
./benchmark_tests/original/Biere/bitcell_16_2/pec_bit_cell_arbiter_2_23.dqdimacs,28,98
./benchmark_tests/original/Biere/bitcell_16_2/pec_bit_cell_arbiter_2_23.dqdimacs,29,90
./benchmark_tests/original/Biere/bitcell_16_2/pec_bit_cell_arbiter_2_23.dqdimacs,30,85
./benchmark_tests/original/Biere/bitcell_16_2/pec_bit_cell_arbiter_2_23.dqdimacs,31,80
./benchmark_tests/original/Biere/bitcell_16_2/pec_bit_cell_arbiter_2_23.dqdimacs,32,78
./benchmark_tests/original/Biere/bitcell_16_2/pec_bit_cell_arbiter_2_23.dqdimacs,33,80
./benchmark_tests/original/Biere/bitcell_16_2/pec_bit_cell_arbiter_2_23.dqdimacs,34,80
./benchmark_tests/original/Biere/bitcell_16_2/pec_bit_cell_arbiter_2_23.dqdimacs,35,79
./benchmark_tests/original/Biere/bitcell_16_2/pec_bit_cell_arbiter_2_23.dqdimacs,36,102
./benchmark_tests/original/Biere/bitcell_16_2/pec_bit_cell_arbiter_2_23.dqdimacs,37,68
./benchmark_tests/original/Biere/bitcell_16_2/pec_bit_cell_arbiter_2_23.dqdimacs,41,66
./benchmark_tests/original/Biere/bitcell_16_2/pec_bit_cell_arbiter_2_23.dqdimacs,43,66
./benchmark_tests/original/Biere/bitcell_16_2/pec_bit_cell_arbiter_2_23.dqdimacs,45,66
./benchmark_tests/original/Biere/bitcell_16_2/pec_bit_cell_arbiter_2_23.dqdimacs,47,73
./benchmark_tests/original/Biere/bitcell_16_2/pec_bit_cell_arbiter_2_23.dqdimacs,48,77
./benchmark_tests/original/Biere/bitcell_16_2/pec_bit_cell_arbiter_2_23.dqdimacs,49,79
./benchmark_tests/original/Biere/bitcell_16_2/pec_bit_cell_arbiter_2_23.dqdimacs,50,78
./benchmark_tests/original/Biere/bitcell_16_2/pec_bit_cell_arbiter_2_23.dqdimacs,51,78
./benchmark_tests/original/Biere/bitcell_16_2/pec_bit_cell_arbiter_2_23.dqdimacs,52,78
./benchmark_tests/original/Biere/bitcell_16_2/pec_bit_cell_arbiter_2_23.dqdimacs,53,80
./benchmark_tests/original/Biere/bitcell_16_2/pec_bit_cell_arbiter_2_23.dqdimacs,54,80
./benchmark_tests/original/Biere/bitcell_16_2/pec_bit_cell_arbiter_2_23.dqdimacs,55,81
./benchmark_tests/original/Biere/bitcell_16_2/pec_bit_cell_arbiter_2_23.dqdimacs,56,78
./benchmark_tests/original/Biere/bitcell_16_2/pec_bit_cell_arbiter_2_23.dqdimacs,57,79
./benchmark_tests/original/Biere/bitcell_16_2/pec_bit_cell_arbiter_2_23.dqdimacs,58,78
./benchmark_tests/original/Biere/bitcell_16_2/pec_bit_cell_arbiter_2_23.dqdimacs,59,79
./benchmark_tests/original/Biere/bitcell_16_2/pec_bit_cell_arbiter_2_23.dqdimacs,60,80
./benchmark_tests/original/Biere/bitcell_16_2/pec_bit_cell_arbiter_2_23.dqdimacs,61,79
./benchmark_tests/original/Biere/bitcell_16_2/pec_bit_cell_arbiter_2_23.dqdimacs,62,80
./benchmark_tests/original/Biere/bitcell_16_2/pec_bit_cell_arbiter_2_23.dqdimacs,63,79
./benchmark_tests/original/Biere/bitcell_16_2/pec_bit_cell_arbiter_2_23.dqdimacs,64,79
./benchmark_tests/original/Biere/bitcell_16_2/pec_bit_cell_arbiter_2_23.dqdimacs,65,79
./benchmark_tests/original/Biere/bitcell_16_2/pec_bit_cell_arbiter_2_23.dqdimacs,66,77
./benchmark_tests/original/Biere/bitcell_16_2/pec_bit_cell_arbiter_2_23.dqdimacs,67,79
./benchmark_tests/original/Biere/bitcell_16_2/pec_bit_cell_arbiter_2_23.dqdimacs,68,79
./benchmark_tests/original/Biere/bitcell_16_2/pec_bit_cell_arbiter_2_23.dqdimacs,69,79
./benchmark_tests/original/Biere/bitcell_16_2/pec_bit_cell_arbiter_2_23.dqdimacs,70,78
./benchmark_tests/original/Biere/bitcell_16_2/pec_bit_cell_arbiter_2_23.dqdimacs,71,79
./benchmark_tests/original/Biere/bitcell_16_2/pec_bit_cell_arbiter_2_23.dqdimacs,72,80
./benchmark_tests/original/Biere/bitcell_16_2/pec_bit_cell_arbiter_2_23.dqdimacs,73,78
./benchmark_tests/original/Biere/bitcell_16_2/pec_bit_cell_arbiter_2_23.dqdimacs,74,79
./benchmark_tests/original/Biere/bitcell_16_2/pec_bit_cell_arbiter_2_23.dqdimacs,75,79
./benchmark_tests/original/Biere/bitcell_16_2/pec_bit_cell_arbiter_2_23.dqdimacs,76,79
./benchmark_tests/original/Biere/bitcell_16_2/pec_bit_cell_arbiter_2_23.dqdimacs,77,79
./benchmark_tests/original/Biere/bitcell_16_2/pec_bit_cell_arbiter_2_23.dqdimacs,78,78
./benchmark_tests/original/Biere/bitcell_16_2/pec_bit_cell_arbiter_2_23.dqdimacs,79,79
./benchmark_tests/original/Biere/bitcell_16_2/pec_bit_cell_arbiter_2_23.dqdimacs,80,79
./benchmark_tests/original/Biere/bitcell_16_2/pec_bit_cell_arbiter_2_23.dqdimacs,81,79
./benchmark_tests/original/Biere/bitcell_16_2/pec_bit_cell_arbiter_2_23.dqdimacs,82,77
./benchmark_tests/original/Biere/bitcell_16_2/pec_bit_cell_arbiter_2_23.dqdimacs,83,79
./benchmark_tests/original/Biere/bitcell_16_2/pec_bit_cell_arbiter_2_23.dqdimacs,84,78
./benchmark_tests/original/Biere/bitcell_16_2/pec_bit_cell_arbiter_2_23.dqdimacs,85,80
./benchmark_tests/original/Biere/bitcell_16_2/pec_bit_cell_arbiter_2_23.dqdimacs,86,77
./benchmark_tests/original/Biere/bitcell_16_2/pec_bit_cell_arbiter_2_23.dqdimacs,87,77
./benchmark_tests/original/Biere/bitcell_16_2/pec_bit_cell_arbiter_2_23.dqdimacs,88,79
./benchmark_tests/original/Biere/bitcell_16_2/pec_bit_cell_arbiter_2_23.dqdimacs,89,79
./benchmark_tests/original/Biere/bitcell_16_2/pec_bit_cell_arbiter_2_23.dqdimacs,90,78
./benchmark_tests/original/Biere/bitcell_16_2/pec_bit_cell_arbiter_2_23.dqdimacs,91,80
./benchmark_tests/original/Biere/bitcell_16_2/pec_bit_cell_arbiter_2_23.dqdimacs,92,77
./benchmark_tests/original/Biere/bitcell_16_2/pec_bit_cell_arbiter_2_23.dqdimacs,93,79
./benchmark_tests/original/Biere/bitcell_16_2/pec_bit_cell_arbiter_2_23.dqdimacs,94,79
./benchmark_tests/original/Biere/bitcell_16_2/pec_bit_cell_arbiter_2_23.dqdimacs,95,78
./benchmark_tests/original/Biere/bitcell_16_2/pec_bit_cell_arbiter_2_23.dqdimacs,96,78
./benchmark_tests/original/Biere/bitcell_16_2/pec_bit_cell_arbiter_2_23.dqdimacs,97,80
./benchmark_tests/original/Biere/bitcell_16_2/pec_bit_cell_arbiter_2_23.dqdimacs,98,78
./benchmark_tests/original/Biere/bitcell_16_2/pec_bit_cell_arbiter_2_23.dqdimacs,99,79
./benchmark_tests/original/Biere/bitcell_16_2/pec_bit_cell_arbiter_2_23.dqdimacs,100,79
./benchmark_tests/original/Biere/bitcell_16_2/pec_bit_cell_arbiter_2_23.dqdimacs,101,78
./benchmark_tests/original/Biere/bitcell_16_2/pec_bit_cell_arbiter_2_23.dqdimacs,102,79
./benchmark_tests/original/Biere/bitcell_16_2/pec_bit_cell_arbiter_2_23.dqdimacs,103,81
./benchmark_tests/original/Biere/bitcell_16_2/pec_bit_cell_arbiter_2_23.dqdimacs,105,80
./benchmark_tests/original/Biere/bitcell_16_2/pec_bit_cell_arbiter_2_23.dqdimacs,106,79
./benchmark_tests/original/Biere/bitcell_16_2/pec_bit_cell_arbiter_2_23.dqdimacs,107,79
./benchmark_tests/original/Biere/bitcell_16_2/pec_bit_cell_arbiter_2_23.dqdimacs,108,80
./benchmark_tests/original/Biere/bitcell_16_2/pec_bit_cell_arbiter_2_23.dqdimacs,109,80
./benchmark_tests/original/Biere/bitcell_16_2/pec_bit_cell_arbiter_2_23.dqdimacs,110,80
./benchmark_tests/original/Biere/bitcell_16_2/pec_bit_cell_arbiter_2_23.dqdimacs,111,78
./benchmark_tests/original/Biere/bitcell_16_2/pec_bit_cell_arbiter_2_23.dqdimacs,112,79
./benchmark_tests/original/Biere/bitcell_16_2/pec_bit_cell_arbiter_2_23.dqdimacs,113,80
./benchmark_tests/original/Biere/bitcell_16_2/pec_bit_cell_arbiter_2_23.dqdimacs,114,80
./benchmark_tests/original/Biere/bitcell_16_2/pec_bit_cell_arbiter_2_23.dqdimacs,115,81
./benchmark_tests/original/Biere/bitcell_16_2/pec_bit_cell_arbiter_2_23.dqdimacs,116,80
./benchmark_tests/original/Biere/bitcell_16_2/pec_bit_cell_arbiter_2_248.dqdimacs,4,237
./benchmark_tests/original/Biere/bitcell_16_2/pec_bit_cell_arbiter_2_248.dqdimacs,6,233
./benchmark_tests/original/Biere/bitcell_16_2/pec_bit_cell_arbiter_2_248.dqdimacs,8,234
./benchmark_tests/original/Biere/bitcell_16_2/pec_bit_cell_arbiter_2_248.dqdimacs,10,234
./benchmark_tests/original/Biere/bitcell_16_2/pec_bit_cell_arbiter_2_248.dqdimacs,12,229
./benchmark_tests/original/Biere/bitcell_16_2/pec_bit_cell_arbiter_2_248.dqdimacs,14,209
./benchmark_tests/original/Biere/bitcell_16_2/pec_bit_cell_arbiter_2_248.dqdimacs,16,205
./benchmark_tests/original/Biere/bitcell_16_2/pec_bit_cell_arbiter_2_248.dqdimacs,18,188
./benchmark_tests/original/Biere/bitcell_16_2/pec_bit_cell_arbiter_2_248.dqdimacs,20,168
./benchmark_tests/original/Biere/bitcell_16_2/pec_bit_cell_arbiter_2_248.dqdimacs,22,150
./benchmark_tests/original/Biere/bitcell_16_2/pec_bit_cell_arbiter_2_248.dqdimacs,23,134
./benchmark_tests/original/Biere/bitcell_16_2/pec_bit_cell_arbiter_2_248.dqdimacs,24,122
./benchmark_tests/original/Biere/bitcell_16_2/pec_bit_cell_arbiter_2_248.dqdimacs,25,111
./benchmark_tests/original/Biere/bitcell_16_2/pec_bit_cell_arbiter_2_248.dqdimacs,26,111
./benchmark_tests/original/Biere/bitcell_16_2/pec_bit_cell_arbiter_2_248.dqdimacs,27,112
./benchmark_tests/original/Biere/bitcell_16_2/pec_bit_cell_arbiter_2_248.dqdimacs,28,111
./benchmark_tests/original/Biere/bitcell_16_2/pec_bit_cell_arbiter_2_248.dqdimacs,29,111
./benchmark_tests/original/Biere/bitcell_16_2/pec_bit_cell_arbiter_2_248.dqdimacs,30,112
./benchmark_tests/original/Biere/bitcell_16_2/pec_bit_cell_arbiter_2_248.dqdimacs,31,111
./benchmark_tests/original/Biere/bitcell_16_2/pec_bit_cell_arbiter_2_248.dqdimacs,32,111
./benchmark_tests/original/Biere/bitcell_16_2/pec_bit_cell_arbiter_2_248.dqdimacs,33,111
./benchmark_tests/original/Biere/bitcell_16_2/pec_bit_cell_arbiter_2_248.dqdimacs,34,111
./benchmark_tests/original/Biere/bitcell_16_2/pec_bit_cell_arbiter_2_248.dqdimacs,35,118
./benchmark_tests/original/Biere/bitcell_16_2/pec_bit_cell_arbiter_2_248.dqdimacs,36,148
./benchmark_tests/original/Biere/bitcell_16_2/pec_bit_cell_arbiter_2_248.dqdimacs,37,123
./benchmark_tests/original/Biere/bitcell_16_2/pec_bit_cell_arbiter_2_248.dqdimacs,40,122
./benchmark_tests/original/Biere/bitcell_16_2/pec_bit_cell_arbiter_2_248.dqdimacs,42,124
./benchmark_tests/original/Biere/bitcell_16_2/pec_bit_cell_arbiter_2_248.dqdimacs,44,124
./benchmark_tests/original/Biere/bitcell_16_2/pec_bit_cell_arbiter_2_248.dqdimacs,46,123
./benchmark_tests/original/Biere/bitcell_16_2/pec_bit_cell_arbiter_2_248.dqdimacs,47,124
./benchmark_tests/original/Biere/bitcell_16_2/pec_bit_cell_arbiter_2_248.dqdimacs,48,124
./benchmark_tests/original/Biere/bitcell_16_2/pec_bit_cell_arbiter_2_248.dqdimacs,49,124
./benchmark_tests/original/Biere/bitcell_16_2/pec_bit_cell_arbiter_2_248.dqdimacs,50,124
./benchmark_tests/original/Biere/bitcell_16_2/pec_bit_cell_arbiter_2_248.dqdimacs,51,124
./benchmark_tests/original/Biere/bitcell_16_2/pec_bit_cell_arbiter_2_248.dqdimacs,52,123
./benchmark_tests/original/Biere/bitcell_16_2/pec_bit_cell_arbiter_2_248.dqdimacs,53,124
./benchmark_tests/original/Biere/bitcell_16_2/pec_bit_cell_arbiter_2_248.dqdimacs,54,125
./benchmark_tests/original/Biere/bitcell_16_2/pec_bit_cell_arbiter_2_248.dqdimacs,55,122
./benchmark_tests/original/Biere/bitcell_16_2/pec_bit_cell_arbiter_2_248.dqdimacs,56,124
./benchmark_tests/original/Biere/bitcell_16_2/pec_bit_cell_arbiter_2_248.dqdimacs,57,124
./benchmark_tests/original/Biere/bitcell_16_2/pec_bit_cell_arbiter_2_248.dqdimacs,58,123
./benchmark_tests/original/Biere/bitcell_16_2/pec_bit_cell_arbiter_2_248.dqdimacs,59,124
./benchmark_tests/original/Biere/bitcell_16_2/pec_bit_cell_arbiter_2_248.dqdimacs,60,122
./benchmark_tests/original/Biere/bitcell_16_2/pec_bit_cell_arbiter_2_248.dqdimacs,61,123
./benchmark_tests/original/Biere/bitcell_16_2/pec_bit_cell_arbiter_2_248.dqdimacs,62,124
./benchmark_tests/original/Biere/bitcell_16_2/pec_bit_cell_arbiter_2_248.dqdimacs,63,123
./benchmark_tests/original/Biere/bitcell_16_2/pec_bit_cell_arbiter_2_248.dqdimacs,64,124
./benchmark_tests/original/Biere/bitcell_16_2/pec_bit_cell_arbiter_2_248.dqdimacs,65,123
./benchmark_tests/original/Biere/bitcell_16_2/pec_bit_cell_arbiter_2_248.dqdimacs,66,124
./benchmark_tests/original/Biere/bitcell_16_2/pec_bit_cell_arbiter_2_248.dqdimacs,67,124
./benchmark_tests/original/Biere/bitcell_16_2/pec_bit_cell_arbiter_2_248.dqdimacs,68,123
./benchmark_tests/original/Biere/bitcell_16_2/pec_bit_cell_arbiter_2_248.dqdimacs,69,125
./benchmark_tests/original/Biere/bitcell_16_2/pec_bit_cell_arbiter_2_248.dqdimacs,70,123
./benchmark_tests/original/Biere/bitcell_16_2/pec_bit_cell_arbiter_2_248.dqdimacs,71,123
./benchmark_tests/original/Biere/bitcell_16_2/pec_bit_cell_arbiter_2_248.dqdimacs,72,124
./benchmark_tests/original/Biere/bitcell_16_2/pec_bit_cell_arbiter_2_248.dqdimacs,73,123
./benchmark_tests/original/Biere/bitcell_16_2/pec_bit_cell_arbiter_2_248.dqdimacs,74,123
./benchmark_tests/original/Biere/bitcell_16_2/pec_bit_cell_arbiter_2_248.dqdimacs,75,124
./benchmark_tests/original/Biere/bitcell_16_2/pec_bit_cell_arbiter_2_248.dqdimacs,76,124
./benchmark_tests/original/Biere/bitcell_16_2/pec_bit_cell_arbiter_2_248.dqdimacs,77,123
./benchmark_tests/original/Biere/bitcell_16_2/pec_bit_cell_arbiter_2_248.dqdimacs,78,123
./benchmark_tests/original/Biere/bitcell_16_2/pec_bit_cell_arbiter_2_248.dqdimacs,79,122
./benchmark_tests/original/Biere/bitcell_16_2/pec_bit_cell_arbiter_2_248.dqdimacs,80,124
./benchmark_tests/original/Biere/bitcell_16_2/pec_bit_cell_arbiter_2_248.dqdimacs,81,123
./benchmark_tests/original/Biere/bitcell_16_2/pec_bit_cell_arbiter_2_248.dqdimacs,82,123
./benchmark_tests/original/Biere/bitcell_16_2/pec_bit_cell_arbiter_2_248.dqdimacs,83,125
./benchmark_tests/original/Biere/bitcell_16_2/pec_bit_cell_arbiter_2_248.dqdimacs,84,123
./benchmark_tests/original/Biere/bitcell_16_2/pec_bit_cell_arbiter_2_248.dqdimacs,85,122
./benchmark_tests/original/Biere/bitcell_16_2/pec_bit_cell_arbiter_2_248.dqdimacs,86,123
./benchmark_tests/original/Biere/bitcell_16_2/pec_bit_cell_arbiter_2_248.dqdimacs,88,124
./benchmark_tests/original/Biere/bitcell_16_2/pec_bit_cell_arbiter_2_248.dqdimacs,89,123
./benchmark_tests/original/Biere/bitcell_16_2/pec_bit_cell_arbiter_2_248.dqdimacs,90,123
./benchmark_tests/original/Biere/bitcell_16_2/pec_bit_cell_arbiter_2_248.dqdimacs,91,124
./benchmark_tests/original/Biere/bitcell_16_2/pec_bit_cell_arbiter_2_248.dqdimacs,92,124
./benchmark_tests/original/Biere/bitcell_16_2/pec_bit_cell_arbiter_2_248.dqdimacs,93,124
./benchmark_tests/original/Biere/bitcell_16_2/pec_bit_cell_arbiter_2_248.dqdimacs,94,124
./benchmark_tests/original/Biere/bitcell_16_2/pec_bit_cell_arbiter_2_248.dqdimacs,95,124
./benchmark_tests/original/Biere/bitcell_16_2/pec_bit_cell_arbiter_2_248.dqdimacs,96,124
./benchmark_tests/original/Biere/bitcell_16_2/pec_bit_cell_arbiter_2_248.dqdimacs,97,123
./benchmark_tests/original/Biere/bitcell_16_2/pec_bit_cell_arbiter_2_248.dqdimacs,98,125
./benchmark_tests/original/Biere/bitcell_16_2/pec_bit_cell_arbiter_2_248.dqdimacs,99,123
./benchmark_tests/original/Biere/bitcell_16_2/pec_bit_cell_arbiter_2_248.dqdimacs,100,123
./benchmark_tests/original/Biere/bitcell_16_2/pec_bit_cell_arbiter_2_248.dqdimacs,101,124
./benchmark_tests/original/Biere/bitcell_16_2/pec_bit_cell_arbiter_2_248.dqdimacs,102,123
./benchmark_tests/original/Biere/bitcell_16_2/pec_bit_cell_arbiter_2_248.dqdimacs,103,124
./benchmark_tests/original/Biere/bitcell_16_2/pec_bit_cell_arbiter_2_248.dqdimacs,104,124
./benchmark_tests/original/Biere/bitcell_16_2/pec_bit_cell_arbiter_2_248.dqdimacs,105,123
./benchmark_tests/original/Biere/bitcell_16_2/pec_bit_cell_arbiter_2_248.dqdimacs,106,124
./benchmark_tests/original/Biere/bitcell_16_2/pec_bit_cell_arbiter_2_248.dqdimacs,107,123
./benchmark_tests/original/Biere/bitcell_16_2/pec_bit_cell_arbiter_2_248.dqdimacs,108,125
./benchmark_tests/original/Biere/bitcell_16_2/pec_bit_cell_arbiter_2_248.dqdimacs,109,125
./benchmark_tests/original/Biere/bitcell_16_2/pec_bit_cell_arbiter_2_248.dqdimacs,110,124
./benchmark_tests/original/Biere/bitcell_16_2/pec_bit_cell_arbiter_2_248.dqdimacs,111,125
./benchmark_tests/original/Biere/bitcell_16_2/pec_bit_cell_arbiter_2_248.dqdimacs,112,125
./benchmark_tests/original/Biere/bitcell_16_2/pec_bit_cell_arbiter_2_248.dqdimacs,113,126
./benchmark_tests/original/Biere/bitcell_16_2/pec_bit_cell_arbiter_2_248.dqdimacs,114,125
./benchmark_tests/original/Biere/bitcell_16_2/pec_bit_cell_arbiter_2_248.dqdimacs,115,124
./benchmark_tests/original/Biere/bitcell_16_2/pec_bit_cell_arbiter_2_248.dqdimacs,117,125
./benchmark_tests/original/Biere/bitcell_16_2/pec_bit_cell_arbiter_2_248.dqdimacs,118,125
./benchmark_tests/original/Biere/bitcell_16_2/pec_bit_cell_arbiter_2_248.dqdimacs,119,125
./benchmark_tests/original/Biere/bitcell_16_2/pec_bit_cell_arbiter_2_248.dqdimacs,120,125
./benchmark_tests/original/Biere/bitcell_16_2/pec_bit_cell_arbiter_2_248.dqdimacs,121,124
./benchmark_tests/original/Biere/bitcell_16_2/pec_bit_cell_arbiter_2_248.dqdimacs,122,125
./benchmark_tests/original/Biere/bitcell_16_2/pec_bit_cell_arbiter_2_248.dqdimacs,123,124
./benchmark_tests/original/Biere/bitcell_16_2/pec_bit_cell_arbiter_2_248.dqdimacs,124,125
./benchmark_tests/original/Biere/bitcell_16_2/pec_bit_cell_arbiter_2_248.dqdimacs,125,125
./benchmark_tests/original/Biere/bitcell_16_2/pec_bit_cell_arbiter_2_248.dqdimacs,126,123
./benchmark_tests/original/Biere/bitcell_16_2/pec_bit_cell_arbiter_2_250.dqdimacs,3,639
./benchmark_tests/original/Biere/bitcell_16_2/pec_bit_cell_arbiter_2_250.dqdimacs,5,632
./benchmark_tests/original/Biere/bitcell_16_2/pec_bit_cell_arbiter_2_250.dqdimacs,7,573
./benchmark_tests/original/Biere/bitcell_16_2/pec_bit_cell_arbiter_2_250.dqdimacs,9,425
./benchmark_tests/original/Biere/bitcell_16_2/pec_bit_cell_arbiter_2_250.dqdimacs,10,332
./benchmark_tests/original/Biere/bitcell_16_2/pec_bit_cell_arbiter_2_250.dqdimacs,11,317
./benchmark_tests/original/Biere/bitcell_16_2/pec_bit_cell_arbiter_2_250.dqdimacs,12,344
./benchmark_tests/original/Biere/bitcell_16_2/pec_bit_cell_arbiter_2_250.dqdimacs,13,318
./benchmark_tests/original/Biere/bitcell_16_2/pec_bit_cell_arbiter_2_250.dqdimacs,14,316
./benchmark_tests/original/Biere/bitcell_16_2/pec_bit_cell_arbiter_2_250.dqdimacs,15,319
./benchmark_tests/original/Biere/bitcell_16_2/pec_bit_cell_arbiter_2_250.dqdimacs,16,318
./benchmark_tests/original/Biere/bitcell_16_2/pec_bit_cell_arbiter_2_250.dqdimacs,20,323
./benchmark_tests/original/Biere/bitcell_16_2/pec_bit_cell_arbiter_2_250.dqdimacs,22,318
./benchmark_tests/original/Biere/bitcell_16_2/pec_bit_cell_arbiter_2_250.dqdimacs,24,322
./benchmark_tests/original/Biere/bitcell_16_2/pec_bit_cell_arbiter_2_250.dqdimacs,26,317
./benchmark_tests/original/Biere/bitcell_16_2/pec_bit_cell_arbiter_2_250.dqdimacs,28,318
./benchmark_tests/original/Biere/bitcell_16_2/pec_bit_cell_arbiter_2_250.dqdimacs,30,322
./benchmark_tests/original/Biere/bitcell_16_2/pec_bit_cell_arbiter_2_250.dqdimacs,32,323
./benchmark_tests/original/Biere/bitcell_16_2/pec_bit_cell_arbiter_2_250.dqdimacs,34,318
./benchmark_tests/original/Biere/bitcell_16_2/pec_bit_cell_arbiter_2_250.dqdimacs,36,322
./benchmark_tests/original/Biere/bitcell_16_2/pec_bit_cell_arbiter_2_250.dqdimacs,38,323
./benchmark_tests/original/Biere/bitcell_16_2/pec_bit_cell_arbiter_2_250.dqdimacs,39,318
./benchmark_tests/original/Biere/bitcell_16_2/pec_bit_cell_arbiter_2_250.dqdimacs,40,322
./benchmark_tests/original/Biere/bitcell_16_2/pec_bit_cell_arbiter_2_250.dqdimacs,41,317
./benchmark_tests/original/Biere/bitcell_16_2/pec_bit_cell_arbiter_2_250.dqdimacs,42,318
./benchmark_tests/original/Biere/bitcell_16_2/pec_bit_cell_arbiter_2_250.dqdimacs,43,318
./benchmark_tests/original/Biere/bitcell_16_2/pec_bit_cell_arbiter_2_250.dqdimacs,44,321
./benchmark_tests/original/Biere/bitcell_16_2/pec_bit_cell_arbiter_2_250.dqdimacs,45,319
./benchmark_tests/original/Biere/bitcell_16_2/pec_bit_cell_arbiter_2_250.dqdimacs,46,318
./benchmark_tests/original/Biere/bitcell_16_2/pec_bit_cell_arbiter_2_250.dqdimacs,47,318
./benchmark_tests/original/Biere/bitcell_16_2/pec_bit_cell_arbiter_2_250.dqdimacs,48,318
./benchmark_tests/original/Biere/bitcell_16_2/pec_bit_cell_arbiter_2_250.dqdimacs,49,324
./benchmark_tests/original/Biere/bitcell_16_2/pec_bit_cell_arbiter_2_250.dqdimacs,50,323
./benchmark_tests/original/Biere/bitcell_16_2/pec_bit_cell_arbiter_2_250.dqdimacs,51,319
./benchmark_tests/original/Biere/bitcell_16_2/pec_bit_cell_arbiter_2_250.dqdimacs,52,324
./benchmark_tests/original/Biere/bitcell_16_2/pec_bit_cell_arbiter_2_250.dqdimacs,53,322
./benchmark_tests/original/Biere/bitcell_16_2/pec_bit_cell_arbiter_2_250.dqdimacs,54,315
./benchmark_tests/original/Biere/bitcell_16_2/pec_bit_cell_arbiter_2_250.dqdimacs,55,318
./benchmark_tests/original/Biere/bitcell_16_2/pec_bit_cell_arbiter_2_250.dqdimacs,56,315
./benchmark_tests/original/Biere/bitcell_16_2/pec_bit_cell_arbiter_2_250.dqdimacs,57,316
./benchmark_tests/original/Biere/bitcell_16_2/pec_bit_cell_arbiter_2_250.dqdimacs,58,319
./benchmark_tests/original/Biere/bitcell_16_2/pec_bit_cell_arbiter_2_250.dqdimacs,59,316
./benchmark_tests/original/Biere/bitcell_16_2/pec_bit_cell_arbiter_2_250.dqdimacs,60,314
./benchmark_tests/original/Biere/bitcell_16_2/pec_bit_cell_arbiter_2_250.dqdimacs,61,313
./benchmark_tests/original/Biere/bitcell_16_2/pec_bit_cell_arbiter_2_250.dqdimacs,62,316
./benchmark_tests/original/Biere/bitcell_16_2/pec_bit_cell_arbiter_2_250.dqdimacs,63,315
./benchmark_tests/original/Biere/bitcell_16_2/pec_bit_cell_arbiter_2_250.dqdimacs,64,313
./benchmark_tests/original/Biere/bitcell_16_2/pec_bit_cell_arbiter_2_250.dqdimacs,66,314
./benchmark_tests/original/Biere/bitcell_16_2/pec_bit_cell_arbiter_2_250.dqdimacs,67,313
./benchmark_tests/original/Biere/bitcell_16_2/pec_bit_cell_arbiter_2_250.dqdimacs,68,316
./benchmark_tests/original/Biere/bitcell_16_2/pec_bit_cell_arbiter_2_250.dqdimacs,69,313
./benchmark_tests/original/Biere/bitcell_16_2/pec_bit_cell_arbiter_2_250.dqdimacs,70,313
./benchmark_tests/original/Biere/bitcell_16_2/pec_bit_cell_arbiter_2_250.dqdimacs,71,313
./benchmark_tests/original/Biere/bitcell_16_2/pec_bit_cell_arbiter_2_250.dqdimacs,72,319
./benchmark_tests/original/Biere/bitcell_16_2/pec_bit_cell_arbiter_2_250.dqdimacs,73,316
./benchmark_tests/original/Biere/bitcell_16_2/pec_bit_cell_arbiter_2_250.dqdimacs,74,317
./benchmark_tests/original/Biere/bitcell_16_2/pec_bit_cell_arbiter_2_250.dqdimacs,75,315
./benchmark_tests/original/Biere/bitcell_16_2/pec_bit_cell_arbiter_2_250.dqdimacs,76,314
./benchmark_tests/original/Biere/bitcell_16_2/pec_bit_cell_arbiter_2_250.dqdimacs,77,314
./benchmark_tests/original/Biere/bitcell_16_2/pec_bit_cell_arbiter_2_250.dqdimacs,78,314
./benchmark_tests/original/Biere/bitcell_16_2/pec_bit_cell_arbiter_2_250.dqdimacs,79,313
./benchmark_tests/original/Biere/bitcell_16_2/pec_bit_cell_arbiter_2_250.dqdimacs,80,315
./benchmark_tests/original/Biere/bitcell_16_2/pec_bit_cell_arbiter_2_250.dqdimacs,81,314
./benchmark_tests/original/Biere/bitcell_16_2/pec_bit_cell_arbiter_2_250.dqdimacs,82,315
./benchmark_tests/original/Biere/bitcell_16_2/pec_bit_cell_arbiter_2_250.dqdimacs,83,314
./benchmark_tests/original/Biere/bitcell_16_2/pec_bit_cell_arbiter_2_250.dqdimacs,84,316
./benchmark_tests/original/Biere/bitcell_16_2/pec_bit_cell_arbiter_2_250.dqdimacs,85,315
./benchmark_tests/original/Biere/bitcell_16_2/pec_bit_cell_arbiter_2_250.dqdimacs,86,314
./benchmark_tests/original/Biere/bitcell_16_2/pec_bit_cell_arbiter_2_250.dqdimacs,87,314
./benchmark_tests/original/Biere/bitcell_16_2/pec_bit_cell_arbiter_2_250.dqdimacs,88,319
./benchmark_tests/original/Biere/bitcell_16_2/pec_bit_cell_arbiter_2_250.dqdimacs,89,319
./benchmark_tests/original/Biere/bitcell_16_2/pec_bit_cell_arbiter_2_250.dqdimacs,90,319
./benchmark_tests/original/Biere/bitcell_16_2/pec_bit_cell_arbiter_2_250.dqdimacs,91,320
./benchmark_tests/original/Biere/bitcell_16_2/pec_bit_cell_arbiter_2_250.dqdimacs,92,318
./benchmark_tests/original/Biere/bitcell_16_2/pec_bit_cell_arbiter_2_250.dqdimacs,93,314
./benchmark_tests/original/Biere/bitcell_16_2/pec_bit_cell_arbiter_2_250.dqdimacs,94,314
./benchmark_tests/original/Biere/bitcell_16_2/pec_bit_cell_arbiter_2_250.dqdimacs,95,315
./benchmark_tests/original/Biere/bitcell_16_2/pec_bit_cell_arbiter_2_250.dqdimacs,96,316
./benchmark_tests/original/Biere/bitcell_16_2/pec_bit_cell_arbiter_2_250.dqdimacs,97,317
./benchmark_tests/original/Biere/bitcell_16_2/pec_bit_cell_arbiter_2_250.dqdimacs,98,313
./benchmark_tests/original/Biere/bitcell_16_2/pec_bit_cell_arbiter_2_250.dqdimacs,99,315
./benchmark_tests/original/Biere/bitcell_16_2/pec_bit_cell_arbiter_2_250.dqdimacs,100,313
./benchmark_tests/original/Biere/bitcell_16_2/pec_bit_cell_arbiter_2_250.dqdimacs,101,315
./benchmark_tests/original/Biere/bitcell_16_2/pec_bit_cell_arbiter_2_250.dqdimacs,102,314
./benchmark_tests/original/Biere/bitcell_16_2/pec_bit_cell_arbiter_2_250.dqdimacs,103,315
./benchmark_tests/original/Biere/bitcell_16_2/pec_bit_cell_arbiter_2_250.dqdimacs,104,316
./benchmark_tests/original/Biere/bitcell_16_2/pec_bit_cell_arbiter_2_250.dqdimacs,105,320
./benchmark_tests/original/Biere/bitcell_16_2/pec_bit_cell_arbiter_2_250.dqdimacs,106,318
./benchmark_tests/original/Biere/bitcell_16_2/pec_bit_cell_arbiter_2_250.dqdimacs,107,314
./benchmark_tests/original/Biere/bitcell_16_2/pec_bit_cell_arbiter_2_250.dqdimacs,108,314
./benchmark_tests/original/Biere/bitcell_16_2/pec_bit_cell_arbiter_2_250.dqdimacs,109,315
./benchmark_tests/original/Biere/bitcell_16_2/pec_bit_cell_arbiter_2_250.dqdimacs,110,319
./benchmark_tests/original/Biere/bitcell_16_2/pec_bit_cell_arbiter_2_250.dqdimacs,111,319
./benchmark_tests/original/Biere/bitcell_16_2/pec_bit_cell_arbiter_2_250.dqdimacs,112,315
./benchmark_tests/original/Biere/bitcell_16_2/pec_bit_cell_arbiter_2_250.dqdimacs,113,319
./benchmark_tests/original/Biere/bitcell_16_2/pec_bit_cell_arbiter_2_250.dqdimacs,114,314
./benchmark_tests/original/Biere/bitcell_16_2/pec_bit_cell_arbiter_2_250.dqdimacs,115,313
./benchmark_tests/original/Biere/bitcell_16_2/pec_bit_cell_arbiter_2_250.dqdimacs,116,319
./benchmark_tests/original/Biere/bitcell_16_2/pec_bit_cell_arbiter_2_250.dqdimacs,117,319
./benchmark_tests/original/Biere/bitcell_16_2/pec_bit_cell_arbiter_2_250.dqdimacs,118,313
./benchmark_tests/original/Biere/bitcell_16_2/pec_bit_cell_arbiter_2_250.dqdimacs,119,319
./benchmark_tests/original/Biere/bitcell_16_2/pec_bit_cell_arbiter_2_250.dqdimacs,120,313
./benchmark_tests/original/Biere/bitcell_16_2/pec_bit_cell_arbiter_2_250.dqdimacs,121,320
./benchmark_tests/original/Biere/bitcell_16_2/pec_bit_cell_arbiter_2_250.dqdimacs,122,315
./benchmark_tests/original/Biere/bitcell_16_2/pec_bit_cell_arbiter_2_250.dqdimacs,123,313
./benchmark_tests/original/Biere/bitcell_16_2/pec_bit_cell_arbiter_2_250.dqdimacs,124,318
./benchmark_tests/original/Biere/bitcell_16_2/pec_bit_cell_arbiter_2_250.dqdimacs,126,314
./benchmark_tests/original/Biere/bitcell_16_2/pec_bit_cell_arbiter_2_250.dqdimacs,127,324
./benchmark_tests/original/Biere/bitcell_16_2/pec_bit_cell_arbiter_2_250.dqdimacs,128,315
./benchmark_tests/original/Biere/bitcell_16_2/pec_bit_cell_arbiter_2_250.dqdimacs,129,314
./benchmark_tests/original/Biere/bitcell_16_2/pec_bit_cell_arbiter_2_250.dqdimacs,130,315
./benchmark_tests/original/Biere/bitcell_16_2/pec_bit_cell_arbiter_2_250.dqdimacs,131,313
./benchmark_tests/original/Biere/bitcell_16_2/pec_bit_cell_arbiter_2_250.dqdimacs,132,317
./benchmark_tests/original/Biere/bitcell_16_2/pec_bit_cell_arbiter_2_250.dqdimacs,133,315
./benchmark_tests/original/Biere/bitcell_16_2/pec_bit_cell_arbiter_2_250.dqdimacs,134,320
./benchmark_tests/original/Biere/bitcell_16_2/pec_bit_cell_arbiter_2_250.dqdimacs,135,316
./benchmark_tests/original/Biere/bitcell_16_2/pec_bit_cell_arbiter_2_250.dqdimacs,136,320
./benchmark_tests/original/Biere/bitcell_16_2/pec_bit_cell_arbiter_2_286.dqdimacs,3,274
./benchmark_tests/original/Biere/bitcell_16_2/pec_bit_cell_arbiter_2_286.dqdimacs,5,266
./benchmark_tests/original/Biere/bitcell_16_2/pec_bit_cell_arbiter_2_286.dqdimacs,7,246
./benchmark_tests/original/Biere/bitcell_16_2/pec_bit_cell_arbiter_2_286.dqdimacs,9,244
./benchmark_tests/original/Biere/bitcell_16_2/pec_bit_cell_arbiter_2_286.dqdimacs,11,243
./benchmark_tests/original/Biere/bitcell_16_2/pec_bit_cell_arbiter_2_286.dqdimacs,13,244
./benchmark_tests/original/Biere/bitcell_16_2/pec_bit_cell_arbiter_2_286.dqdimacs,15,225
./benchmark_tests/original/Biere/bitcell_16_2/pec_bit_cell_arbiter_2_286.dqdimacs,17,199
./benchmark_tests/original/Biere/bitcell_16_2/pec_bit_cell_arbiter_2_286.dqdimacs,19,176
./benchmark_tests/original/Biere/bitcell_16_2/pec_bit_cell_arbiter_2_286.dqdimacs,21,156
./benchmark_tests/original/Biere/bitcell_16_2/pec_bit_cell_arbiter_2_286.dqdimacs,23,139
./benchmark_tests/original/Biere/bitcell_16_2/pec_bit_cell_arbiter_2_286.dqdimacs,25,132
./benchmark_tests/original/Biere/bitcell_16_2/pec_bit_cell_arbiter_2_286.dqdimacs,27,133
./benchmark_tests/original/Biere/bitcell_16_2/pec_bit_cell_arbiter_2_286.dqdimacs,28,133
./benchmark_tests/original/Biere/bitcell_16_2/pec_bit_cell_arbiter_2_286.dqdimacs,29,133
./benchmark_tests/original/Biere/bitcell_16_2/pec_bit_cell_arbiter_2_286.dqdimacs,30,134
./benchmark_tests/original/Biere/bitcell_16_2/pec_bit_cell_arbiter_2_286.dqdimacs,31,133
./benchmark_tests/original/Biere/bitcell_16_2/pec_bit_cell_arbiter_2_286.dqdimacs,32,132
./benchmark_tests/original/Biere/bitcell_16_2/pec_bit_cell_arbiter_2_286.dqdimacs,33,163
./benchmark_tests/original/Biere/bitcell_16_2/pec_bit_cell_arbiter_2_286.dqdimacs,34,146
./benchmark_tests/original/Biere/bitcell_16_2/pec_bit_cell_arbiter_2_286.dqdimacs,35,145
./benchmark_tests/original/Biere/bitcell_16_2/pec_bit_cell_arbiter_2_286.dqdimacs,36,146
./benchmark_tests/original/Biere/bitcell_16_2/pec_bit_cell_arbiter_2_286.dqdimacs,37,145
./benchmark_tests/original/Biere/bitcell_16_2/pec_bit_cell_arbiter_2_286.dqdimacs,38,146
./benchmark_tests/original/Biere/bitcell_16_2/pec_bit_cell_arbiter_2_286.dqdimacs,39,145
./benchmark_tests/original/Biere/bitcell_16_2/pec_bit_cell_arbiter_2_286.dqdimacs,40,146
./benchmark_tests/original/Biere/bitcell_16_2/pec_bit_cell_arbiter_2_286.dqdimacs,41,145
./benchmark_tests/original/Biere/bitcell_16_2/pec_bit_cell_arbiter_2_286.dqdimacs,42,146
./benchmark_tests/original/Biere/bitcell_16_2/pec_bit_cell_arbiter_2_286.dqdimacs,43,147
./benchmark_tests/original/Biere/bitcell_16_2/pec_bit_cell_arbiter_2_286.dqdimacs,46,146
./benchmark_tests/original/Biere/bitcell_16_2/pec_bit_cell_arbiter_2_286.dqdimacs,47,146
./benchmark_tests/original/Biere/bitcell_16_2/pec_bit_cell_arbiter_2_286.dqdimacs,48,147
./benchmark_tests/original/Biere/bitcell_16_2/pec_bit_cell_arbiter_2_286.dqdimacs,49,147
./benchmark_tests/original/Biere/bitcell_16_2/pec_bit_cell_arbiter_2_286.dqdimacs,50,147
./benchmark_tests/original/Biere/bitcell_16_2/pec_bit_cell_arbiter_2_286.dqdimacs,51,145
./benchmark_tests/original/Biere/bitcell_16_2/pec_bit_cell_arbiter_2_286.dqdimacs,52,145
./benchmark_tests/original/Biere/bitcell_16_2/pec_bit_cell_arbiter_2_286.dqdimacs,53,146
./benchmark_tests/original/Biere/bitcell_16_2/pec_bit_cell_arbiter_2_286.dqdimacs,54,146
./benchmark_tests/original/Biere/bitcell_16_2/pec_bit_cell_arbiter_2_286.dqdimacs,55,146
./benchmark_tests/original/Biere/bitcell_16_2/pec_bit_cell_arbiter_2_286.dqdimacs,56,145
./benchmark_tests/original/Biere/bitcell_16_2/pec_bit_cell_arbiter_2_286.dqdimacs,57,146
./benchmark_tests/original/Biere/bitcell_16_2/pec_bit_cell_arbiter_2_286.dqdimacs,58,146
./benchmark_tests/original/Biere/bitcell_16_2/pec_bit_cell_arbiter_2_286.dqdimacs,59,146
./benchmark_tests/original/Biere/bitcell_16_2/pec_bit_cell_arbiter_2_286.dqdimacs,60,146
./benchmark_tests/original/Biere/bitcell_16_2/pec_bit_cell_arbiter_2_286.dqdimacs,61,145
./benchmark_tests/original/Biere/bitcell_16_2/pec_bit_cell_arbiter_2_286.dqdimacs,62,146
./benchmark_tests/original/Biere/bitcell_16_2/pec_bit_cell_arbiter_2_286.dqdimacs,63,146
./benchmark_tests/original/Biere/bitcell_16_2/pec_bit_cell_arbiter_2_286.dqdimacs,64,146
./benchmark_tests/original/Biere/bitcell_16_2/pec_bit_cell_arbiter_2_286.dqdimacs,65,146
./benchmark_tests/original/Biere/bitcell_16_2/pec_bit_cell_arbiter_2_286.dqdimacs,66,147
./benchmark_tests/original/Biere/bitcell_16_2/pec_bit_cell_arbiter_2_286.dqdimacs,67,145
./benchmark_tests/original/Biere/bitcell_16_2/pec_bit_cell_arbiter_2_286.dqdimacs,68,145
./benchmark_tests/original/Biere/bitcell_16_2/pec_bit_cell_arbiter_2_286.dqdimacs,69,145
./benchmark_tests/original/Biere/bitcell_16_2/pec_bit_cell_arbiter_2_286.dqdimacs,70,146
./benchmark_tests/original/Biere/bitcell_16_2/pec_bit_cell_arbiter_2_286.dqdimacs,71,146
./benchmark_tests/original/Biere/bitcell_16_2/pec_bit_cell_arbiter_2_286.dqdimacs,72,145
./benchmark_tests/original/Biere/bitcell_16_2/pec_bit_cell_arbiter_2_286.dqdimacs,73,146
./benchmark_tests/original/Biere/bitcell_16_2/pec_bit_cell_arbiter_2_286.dqdimacs,74,146
./benchmark_tests/original/Biere/bitcell_16_2/pec_bit_cell_arbiter_2_286.dqdimacs,75,145
./benchmark_tests/original/Biere/bitcell_16_2/pec_bit_cell_arbiter_2_286.dqdimacs,76,146
./benchmark_tests/original/Biere/bitcell_16_2/pec_bit_cell_arbiter_2_286.dqdimacs,77,146
./benchmark_tests/original/Biere/bitcell_16_2/pec_bit_cell_arbiter_2_286.dqdimacs,78,146
./benchmark_tests/original/Biere/bitcell_16_2/pec_bit_cell_arbiter_2_286.dqdimacs,79,146
./benchmark_tests/original/Biere/bitcell_16_2/pec_bit_cell_arbiter_2_286.dqdimacs,80,145
./benchmark_tests/original/Biere/bitcell_16_2/pec_bit_cell_arbiter_2_286.dqdimacs,81,145
./benchmark_tests/original/Biere/bitcell_16_2/pec_bit_cell_arbiter_2_286.dqdimacs,82,146
./benchmark_tests/original/Biere/bitcell_16_2/pec_bit_cell_arbiter_2_286.dqdimacs,83,146
./benchmark_tests/original/Biere/bitcell_16_2/pec_bit_cell_arbiter_2_286.dqdimacs,84,145
./benchmark_tests/original/Biere/bitcell_16_2/pec_bit_cell_arbiter_2_286.dqdimacs,85,146
./benchmark_tests/original/Biere/bitcell_16_2/pec_bit_cell_arbiter_2_286.dqdimacs,86,145
./benchmark_tests/original/Biere/bitcell_16_2/pec_bit_cell_arbiter_2_286.dqdimacs,87,145
./benchmark_tests/original/Biere/bitcell_16_2/pec_bit_cell_arbiter_2_286.dqdimacs,88,146
./benchmark_tests/original/Biere/bitcell_16_2/pec_bit_cell_arbiter_2_286.dqdimacs,89,145
./benchmark_tests/original/Biere/bitcell_16_2/pec_bit_cell_arbiter_2_286.dqdimacs,90,145
./benchmark_tests/original/Biere/bitcell_16_2/pec_bit_cell_arbiter_2_286.dqdimacs,91,146
./benchmark_tests/original/Biere/bitcell_16_2/pec_bit_cell_arbiter_2_286.dqdimacs,92,146
./benchmark_tests/original/Biere/bitcell_16_2/pec_bit_cell_arbiter_2_286.dqdimacs,93,146
./benchmark_tests/original/Biere/bitcell_16_2/pec_bit_cell_arbiter_2_286.dqdimacs,94,146
./benchmark_tests/original/Biere/bitcell_16_2/pec_bit_cell_arbiter_2_286.dqdimacs,96,145
./benchmark_tests/original/Biere/bitcell_16_2/pec_bit_cell_arbiter_2_286.dqdimacs,97,145
./benchmark_tests/original/Biere/bitcell_16_2/pec_bit_cell_arbiter_2_286.dqdimacs,98,145
./benchmark_tests/original/Biere/bitcell_16_2/pec_bit_cell_arbiter_2_286.dqdimacs,100,144
./benchmark_tests/original/Biere/bitcell_16_2/pec_bit_cell_arbiter_2_286.dqdimacs,101,145
./benchmark_tests/original/Biere/bitcell_16_2/pec_bit_cell_arbiter_2_286.dqdimacs,102,145
./benchmark_tests/original/Biere/bitcell_16_2/pec_bit_cell_arbiter_2_286.dqdimacs,103,145
./benchmark_tests/original/Biere/bitcell_16_2/pec_bit_cell_arbiter_2_286.dqdimacs,104,146
./benchmark_tests/original/Biere/bitcell_16_2/pec_bit_cell_arbiter_2_286.dqdimacs,105,146
./benchmark_tests/original/Biere/bitcell_16_2/pec_bit_cell_arbiter_2_286.dqdimacs,106,146
./benchmark_tests/original/Biere/bitcell_16_2/pec_bit_cell_arbiter_2_286.dqdimacs,108,146
./benchmark_tests/original/Biere/bitcell_16_2/pec_bit_cell_arbiter_2_286.dqdimacs,109,145
./benchmark_tests/original/Biere/bitcell_16_2/pec_bit_cell_arbiter_2_286.dqdimacs,110,145
./benchmark_tests/original/Biere/bitcell_16_2/pec_bit_cell_arbiter_2_286.dqdimacs,111,145
./benchmark_tests/original/Biere/bitcell_16_2/pec_bit_cell_arbiter_2_286.dqdimacs,112,145
./benchmark_tests/original/Biere/bitcell_16_2/pec_bit_cell_arbiter_2_286.dqdimacs,113,146
./benchmark_tests/original/Biere/bitcell_16_2/pec_bit_cell_arbiter_2_286.dqdimacs,114,146
./benchmark_tests/original/Biere/bitcell_16_2/pec_bit_cell_arbiter_2_286.dqdimacs,115,145
./benchmark_tests/original/Biere/bitcell_16_2/pec_bit_cell_arbiter_2_286.dqdimacs,116,145
./benchmark_tests/original/Biere/bitcell_16_2/pec_bit_cell_arbiter_2_286.dqdimacs,117,146
./benchmark_tests/original/Biere/bitcell_16_2/pec_bit_cell_arbiter_2_286.dqdimacs,118,146
./benchmark_tests/original/Biere/bitcell_16_2/pec_bit_cell_arbiter_2_286.dqdimacs,119,146
./benchmark_tests/original/Biere/bitcell_16_2/pec_bit_cell_arbiter_2_286.dqdimacs,120,145
./benchmark_tests/original/Biere/bitcell_16_2/pec_bit_cell_arbiter_2_298.dqdimacs,3,290
./benchmark_tests/original/Biere/bitcell_16_2/pec_bit_cell_arbiter_2_298.dqdimacs,4,280
./benchmark_tests/original/Biere/bitcell_16_2/pec_bit_cell_arbiter_2_298.dqdimacs,5,266
./benchmark_tests/original/Biere/bitcell_16_2/pec_bit_cell_arbiter_2_298.dqdimacs,6,326
./benchmark_tests/original/Biere/bitcell_16_2/pec_bit_cell_arbiter_2_298.dqdimacs,7,260
./benchmark_tests/original/Biere/bitcell_16_2/pec_bit_cell_arbiter_2_298.dqdimacs,10,246
./benchmark_tests/original/Biere/bitcell_16_2/pec_bit_cell_arbiter_2_298.dqdimacs,12,218
./benchmark_tests/original/Biere/bitcell_16_2/pec_bit_cell_arbiter_2_298.dqdimacs,14,191
./benchmark_tests/original/Biere/bitcell_16_2/pec_bit_cell_arbiter_2_298.dqdimacs,16,167
./benchmark_tests/original/Biere/bitcell_16_2/pec_bit_cell_arbiter_2_298.dqdimacs,18,148
./benchmark_tests/original/Biere/bitcell_16_2/pec_bit_cell_arbiter_2_298.dqdimacs,20,138
./benchmark_tests/original/Biere/bitcell_16_2/pec_bit_cell_arbiter_2_298.dqdimacs,22,138
./benchmark_tests/original/Biere/bitcell_16_2/pec_bit_cell_arbiter_2_298.dqdimacs,24,138
./benchmark_tests/original/Biere/bitcell_16_2/pec_bit_cell_arbiter_2_298.dqdimacs,26,138
./benchmark_tests/original/Biere/bitcell_16_2/pec_bit_cell_arbiter_2_298.dqdimacs,28,139
./benchmark_tests/original/Biere/bitcell_16_2/pec_bit_cell_arbiter_2_298.dqdimacs,30,137
./benchmark_tests/original/Biere/bitcell_16_2/pec_bit_cell_arbiter_2_298.dqdimacs,31,138
./benchmark_tests/original/Biere/bitcell_16_2/pec_bit_cell_arbiter_2_298.dqdimacs,32,139
./benchmark_tests/original/Biere/bitcell_16_2/pec_bit_cell_arbiter_2_298.dqdimacs,33,138
./benchmark_tests/original/Biere/bitcell_16_2/pec_bit_cell_arbiter_2_298.dqdimacs,34,137
./benchmark_tests/original/Biere/bitcell_16_2/pec_bit_cell_arbiter_2_298.dqdimacs,35,142
./benchmark_tests/original/Biere/bitcell_16_2/pec_bit_cell_arbiter_2_298.dqdimacs,36,138
./benchmark_tests/original/Biere/bitcell_16_2/pec_bit_cell_arbiter_2_298.dqdimacs,37,137
./benchmark_tests/original/Biere/bitcell_16_2/pec_bit_cell_arbiter_2_298.dqdimacs,38,138
./benchmark_tests/original/Biere/bitcell_16_2/pec_bit_cell_arbiter_2_298.dqdimacs,39,138
./benchmark_tests/original/Biere/bitcell_16_2/pec_bit_cell_arbiter_2_298.dqdimacs,40,138
./benchmark_tests/original/Biere/bitcell_16_2/pec_bit_cell_arbiter_2_298.dqdimacs,41,139
./benchmark_tests/original/Biere/bitcell_16_2/pec_bit_cell_arbiter_2_298.dqdimacs,42,139
./benchmark_tests/original/Biere/bitcell_16_2/pec_bit_cell_arbiter_2_298.dqdimacs,43,139
./benchmark_tests/original/Biere/bitcell_16_2/pec_bit_cell_arbiter_2_298.dqdimacs,44,139
./benchmark_tests/original/Biere/bitcell_16_2/pec_bit_cell_arbiter_2_298.dqdimacs,45,139
./benchmark_tests/original/Biere/bitcell_16_2/pec_bit_cell_arbiter_2_298.dqdimacs,46,138
./benchmark_tests/original/Biere/bitcell_16_2/pec_bit_cell_arbiter_2_298.dqdimacs,47,138
./benchmark_tests/original/Biere/bitcell_16_2/pec_bit_cell_arbiter_2_298.dqdimacs,49,137
./benchmark_tests/original/Biere/bitcell_16_2/pec_bit_cell_arbiter_2_298.dqdimacs,50,138
./benchmark_tests/original/Biere/bitcell_16_2/pec_bit_cell_arbiter_2_298.dqdimacs,51,138
./benchmark_tests/original/Biere/bitcell_16_2/pec_bit_cell_arbiter_2_298.dqdimacs,52,139
./benchmark_tests/original/Biere/bitcell_16_2/pec_bit_cell_arbiter_2_298.dqdimacs,53,138
./benchmark_tests/original/Biere/bitcell_16_2/pec_bit_cell_arbiter_2_298.dqdimacs,54,138
./benchmark_tests/original/Biere/bitcell_16_2/pec_bit_cell_arbiter_2_298.dqdimacs,55,139
./benchmark_tests/original/Biere/bitcell_16_2/pec_bit_cell_arbiter_2_298.dqdimacs,56,138
./benchmark_tests/original/Biere/bitcell_16_2/pec_bit_cell_arbiter_2_298.dqdimacs,57,138
./benchmark_tests/original/Biere/bitcell_16_2/pec_bit_cell_arbiter_2_298.dqdimacs,58,138
./benchmark_tests/original/Biere/bitcell_16_2/pec_bit_cell_arbiter_2_298.dqdimacs,59,138
./benchmark_tests/original/Biere/bitcell_16_2/pec_bit_cell_arbiter_2_298.dqdimacs,60,138
./benchmark_tests/original/Biere/bitcell_16_2/pec_bit_cell_arbiter_2_298.dqdimacs,61,139
./benchmark_tests/original/Biere/bitcell_16_2/pec_bit_cell_arbiter_2_298.dqdimacs,62,139
./benchmark_tests/original/Biere/bitcell_16_2/pec_bit_cell_arbiter_2_298.dqdimacs,63,138
./benchmark_tests/original/Biere/bitcell_16_2/pec_bit_cell_arbiter_2_298.dqdimacs,64,138
./benchmark_tests/original/Biere/bitcell_16_2/pec_bit_cell_arbiter_2_298.dqdimacs,65,138
./benchmark_tests/original/Biere/bitcell_16_2/pec_bit_cell_arbiter_2_298.dqdimacs,66,138
./benchmark_tests/original/Biere/bitcell_16_2/pec_bit_cell_arbiter_2_298.dqdimacs,67,138
./benchmark_tests/original/Biere/bitcell_16_2/pec_bit_cell_arbiter_2_298.dqdimacs,68,138
./benchmark_tests/original/Biere/bitcell_16_2/pec_bit_cell_arbiter_2_298.dqdimacs,69,138
./benchmark_tests/original/Biere/bitcell_16_2/pec_bit_cell_arbiter_2_298.dqdimacs,70,138
./benchmark_tests/original/Biere/bitcell_16_2/pec_bit_cell_arbiter_2_298.dqdimacs,71,138
./benchmark_tests/original/Biere/bitcell_16_2/pec_bit_cell_arbiter_2_298.dqdimacs,72,138
./benchmark_tests/original/Biere/bitcell_16_2/pec_bit_cell_arbiter_2_298.dqdimacs,73,137
./benchmark_tests/original/Biere/bitcell_16_2/pec_bit_cell_arbiter_2_298.dqdimacs,74,138
./benchmark_tests/original/Biere/bitcell_16_2/pec_bit_cell_arbiter_2_298.dqdimacs,75,137
./benchmark_tests/original/Biere/bitcell_16_2/pec_bit_cell_arbiter_2_298.dqdimacs,76,138
./benchmark_tests/original/Biere/bitcell_16_2/pec_bit_cell_arbiter_2_298.dqdimacs,77,138
./benchmark_tests/original/Biere/bitcell_16_2/pec_bit_cell_arbiter_2_298.dqdimacs,78,137
./benchmark_tests/original/Biere/bitcell_16_2/pec_bit_cell_arbiter_2_298.dqdimacs,79,137
./benchmark_tests/original/Biere/bitcell_16_2/pec_bit_cell_arbiter_2_298.dqdimacs,80,138
./benchmark_tests/original/Biere/bitcell_16_2/pec_bit_cell_arbiter_2_298.dqdimacs,81,138
./benchmark_tests/original/Biere/bitcell_16_2/pec_bit_cell_arbiter_2_298.dqdimacs,82,138
./benchmark_tests/original/Biere/bitcell_16_2/pec_bit_cell_arbiter_2_298.dqdimacs,83,138
./benchmark_tests/original/Biere/bitcell_16_2/pec_bit_cell_arbiter_2_298.dqdimacs,84,138
./benchmark_tests/original/Biere/bitcell_16_2/pec_bit_cell_arbiter_2_298.dqdimacs,85,137
./benchmark_tests/original/Biere/bitcell_16_2/pec_bit_cell_arbiter_2_298.dqdimacs,86,138
./benchmark_tests/original/Biere/bitcell_16_2/pec_bit_cell_arbiter_2_298.dqdimacs,87,138
./benchmark_tests/original/Biere/bitcell_16_2/pec_bit_cell_arbiter_2_298.dqdimacs,88,138
./benchmark_tests/original/Biere/bitcell_16_2/pec_bit_cell_arbiter_2_298.dqdimacs,89,138
./benchmark_tests/original/Biere/bitcell_16_2/pec_bit_cell_arbiter_2_298.dqdimacs,90,138
./benchmark_tests/original/Biere/bitcell_16_2/pec_bit_cell_arbiter_2_298.dqdimacs,91,139
./benchmark_tests/original/Biere/bitcell_16_2/pec_bit_cell_arbiter_2_298.dqdimacs,92,138
./benchmark_tests/original/Biere/bitcell_16_2/pec_bit_cell_arbiter_2_298.dqdimacs,93,138
./benchmark_tests/original/Biere/bitcell_16_2/pec_bit_cell_arbiter_2_298.dqdimacs,94,138
./benchmark_tests/original/Biere/bitcell_16_2/pec_bit_cell_arbiter_2_298.dqdimacs,95,138
./benchmark_tests/original/Biere/bitcell_16_2/pec_bit_cell_arbiter_2_298.dqdimacs,96,139
./benchmark_tests/original/Biere/bitcell_16_2/pec_bit_cell_arbiter_2_298.dqdimacs,97,138
./benchmark_tests/original/Biere/bitcell_16_2/pec_bit_cell_arbiter_2_298.dqdimacs,98,139
./benchmark_tests/original/Biere/bitcell_16_2/pec_bit_cell_arbiter_2_298.dqdimacs,99,138
./benchmark_tests/original/Biere/bitcell_16_2/pec_bit_cell_arbiter_2_298.dqdimacs,100,138
./benchmark_tests/original/Biere/bitcell_16_2/pec_bit_cell_arbiter_2_298.dqdimacs,101,139
./benchmark_tests/original/Biere/bitcell_16_2/pec_bit_cell_arbiter_2_298.dqdimacs,102,139
./benchmark_tests/original/Biere/bitcell_16_2/pec_bit_cell_arbiter_2_298.dqdimacs,103,139
./benchmark_tests/original/Biere/bitcell_16_2/pec_bit_cell_arbiter_2_298.dqdimacs,104,138
./benchmark_tests/original/Biere/bitcell_16_2/pec_bit_cell_arbiter_2_298.dqdimacs,105,139
./benchmark_tests/original/Biere/bitcell_16_2/pec_bit_cell_arbiter_2_298.dqdimacs,106,139
./benchmark_tests/original/Biere/bitcell_16_2/pec_bit_cell_arbiter_2_298.dqdimacs,107,139
./benchmark_tests/original/Biere/bitcell_16_2/pec_bit_cell_arbiter_2_298.dqdimacs,108,138
./benchmark_tests/original/Biere/bitcell_16_2/pec_bit_cell_arbiter_2_298.dqdimacs,110,139
./benchmark_tests/original/Biere/bitcell_16_2/pec_bit_cell_arbiter_2_298.dqdimacs,111,139
./benchmark_tests/original/Biere/bitcell_16_2/pec_bit_cell_arbiter_2_298.dqdimacs,112,138
./benchmark_tests/original/Biere/bitcell_16_2/pec_bit_cell_arbiter_2_298.dqdimacs,113,140
./benchmark_tests/original/Biere/bitcell_16_2/pec_bit_cell_arbiter_2_298.dqdimacs,115,138
./benchmark_tests/original/Biere/bitcell_16_2/pec_bit_cell_arbiter_2_298.dqdimacs,116,139
./benchmark_tests/original/Biere/bitcell_16_2/pec_bit_cell_arbiter_2_298.dqdimacs,117,139
./benchmark_tests/original/Biere/bitcell_16_2/pec_bit_cell_arbiter_2_298.dqdimacs,118,139
./benchmark_tests/original/Biere/bitcell_16_2/pec_bit_cell_arbiter_2_298.dqdimacs,119,139
./benchmark_tests/original/Biere/bitcell_16_2/pec_bit_cell_arbiter_2_298.dqdimacs,120,139
./benchmark_tests/original/Biere/bitcell_16_2/pec_bit_cell_arbiter_2_298.dqdimacs,121,140
./benchmark_tests/original/Biere/bitcell_16_2/pec_bit_cell_arbiter_2_298.dqdimacs,123,138
./benchmark_tests/original/Biere/bitcell_16_2/pec_bit_cell_arbiter_2_298.dqdimacs,124,139
./benchmark_tests/original/Biere/bitcell_16_2/pec_bit_cell_arbiter_2_298.dqdimacs,125,139
./benchmark_tests/original/Biere/bitcell_16_2/pec_bit_cell_arbiter_2_298.dqdimacs,126,140
./benchmark_tests/original/Biere/bitcell_16_2/pec_bit_cell_arbiter_2_298.dqdimacs,127,139
./benchmark_tests/original/Biere/bitcell_16_2/pec_bit_cell_arbiter_2_298.dqdimacs,128,140
./benchmark_tests/original/Biere/bitcell_16_2/pec_bit_cell_arbiter_2_298.dqdimacs,129,140
./benchmark_tests/original/Biere/bitcell_16_2/pec_bit_cell_arbiter_2_298.dqdimacs,131,138
./benchmark_tests/original/Biere/bitcell_16_2/pec_bit_cell_arbiter_2_298.dqdimacs,132,138
./benchmark_tests/original/Biere/bitcell_16_2/pec_bit_cell_arbiter_2_298.dqdimacs,133,139
./benchmark_tests/original/Biere/bitcell_16_2/pec_bit_cell_arbiter_2_298.dqdimacs,134,139
./benchmark_tests/original/Biere/bitcell_16_2/pec_bit_cell_arbiter_2_298.dqdimacs,135,139
./benchmark_tests/original/Biere/bitcell_16_2/pec_bit_cell_arbiter_2_298.dqdimacs,136,139
./benchmark_tests/original/Biere/bitcell_16_2/pec_bit_cell_arbiter_2_298.dqdimacs,137,139
./benchmark_tests/original/Biere/bitcell_16_2/pec_bit_cell_arbiter_2_298.dqdimacs,138,138
./benchmark_tests/original/Biere/bitcell_16_2/pec_bit_cell_arbiter_2_298.dqdimacs,139,138
./benchmark_tests/original/Biere/bitcell_16_2/pec_bit_cell_arbiter_2_298.dqdimacs,140,139
./benchmark_tests/original/Biere/bitcell_16_2/pec_bit_cell_arbiter_2_298.dqdimacs,141,139
./benchmark_tests/original/Biere/bitcell_16_2/pec_bit_cell_arbiter_2_298.dqdimacs,142,139
./benchmark_tests/original/Biere/bitcell_16_2/pec_bit_cell_arbiter_2_298.dqdimacs,143,139
./benchmark_tests/original/Biere/bitcell_16_2/pec_bit_cell_arbiter_2_2.dqdimacs,3,133
./benchmark_tests/original/Biere/bitcell_16_2/pec_bit_cell_arbiter_2_2.dqdimacs,5,122
./benchmark_tests/original/Biere/bitcell_16_2/pec_bit_cell_arbiter_2_2.dqdimacs,7,117
./benchmark_tests/original/Biere/bitcell_16_2/pec_bit_cell_arbiter_2_2.dqdimacs,9,97
./benchmark_tests/original/Biere/bitcell_16_2/pec_bit_cell_arbiter_2_2.dqdimacs,11,97
./benchmark_tests/original/Biere/bitcell_16_2/pec_bit_cell_arbiter_2_2.dqdimacs,12,97
./benchmark_tests/original/Biere/bitcell_16_2/pec_bit_cell_arbiter_2_2.dqdimacs,13,97
./benchmark_tests/original/Biere/bitcell_16_2/pec_bit_cell_arbiter_2_2.dqdimacs,14,97
./benchmark_tests/original/Biere/bitcell_16_2/pec_bit_cell_arbiter_2_2.dqdimacs,15,96
./benchmark_tests/original/Biere/bitcell_16_2/pec_bit_cell_arbiter_2_2.dqdimacs,16,96
./benchmark_tests/original/Biere/bitcell_16_2/pec_bit_cell_arbiter_2_2.dqdimacs,17,96
./benchmark_tests/original/Biere/bitcell_16_2/pec_bit_cell_arbiter_2_2.dqdimacs,18,142
./benchmark_tests/original/Biere/bitcell_16_2/pec_bit_cell_arbiter_2_2.dqdimacs,19,96
./benchmark_tests/original/Biere/bitcell_16_2/pec_bit_cell_arbiter_2_2.dqdimacs,22,96
./benchmark_tests/original/Biere/bitcell_16_2/pec_bit_cell_arbiter_2_2.dqdimacs,24,95
./benchmark_tests/original/Biere/bitcell_16_2/pec_bit_cell_arbiter_2_2.dqdimacs,26,93
./benchmark_tests/original/Biere/bitcell_16_2/pec_bit_cell_arbiter_2_2.dqdimacs,28,90
./benchmark_tests/original/Biere/bitcell_16_2/pec_bit_cell_arbiter_2_2.dqdimacs,30,87
./benchmark_tests/original/Biere/bitcell_16_2/pec_bit_cell_arbiter_2_2.dqdimacs,32,82
./benchmark_tests/original/Biere/bitcell_16_2/pec_bit_cell_arbiter_2_2.dqdimacs,34,79
./benchmark_tests/original/Biere/bitcell_16_2/pec_bit_cell_arbiter_2_2.dqdimacs,36,74
./benchmark_tests/original/Biere/bitcell_16_2/pec_bit_cell_arbiter_2_2.dqdimacs,37,71
./benchmark_tests/original/Biere/bitcell_16_2/pec_bit_cell_arbiter_2_2.dqdimacs,38,67
./benchmark_tests/original/Biere/bitcell_16_2/pec_bit_cell_arbiter_2_2.dqdimacs,39,64
./benchmark_tests/original/Biere/bitcell_16_2/pec_bit_cell_arbiter_2_2.dqdimacs,40,62
./benchmark_tests/original/Biere/bitcell_16_2/pec_bit_cell_arbiter_2_2.dqdimacs,41,59
./benchmark_tests/original/Biere/bitcell_16_2/pec_bit_cell_arbiter_2_2.dqdimacs,42,57
./benchmark_tests/original/Biere/bitcell_16_2/pec_bit_cell_arbiter_2_2.dqdimacs,43,59
./benchmark_tests/original/Biere/bitcell_16_2/pec_bit_cell_arbiter_2_2.dqdimacs,44,52
./benchmark_tests/original/Biere/bitcell_16_2/pec_bit_cell_arbiter_2_2.dqdimacs,45,52
./benchmark_tests/original/Biere/bitcell_16_2/pec_bit_cell_arbiter_2_2.dqdimacs,46,52
./benchmark_tests/original/Biere/bitcell_16_2/pec_bit_cell_arbiter_2_2.dqdimacs,47,52
./benchmark_tests/original/Biere/bitcell_16_2/pec_bit_cell_arbiter_2_2.dqdimacs,48,51
./benchmark_tests/original/Biere/bitcell_16_2/pec_bit_cell_arbiter_2_2.dqdimacs,49,51
./benchmark_tests/original/Biere/bitcell_16_2/pec_bit_cell_arbiter_2_2.dqdimacs,50,51
./benchmark_tests/original/Biere/bitcell_16_2/pec_bit_cell_arbiter_2_2.dqdimacs,51,52
./benchmark_tests/original/Biere/bitcell_16_2/pec_bit_cell_arbiter_2_2.dqdimacs,52,51
./benchmark_tests/original/Biere/bitcell_16_2/pec_bit_cell_arbiter_2_2.dqdimacs,53,51
./benchmark_tests/original/Biere/bitcell_16_2/pec_bit_cell_arbiter_2_2.dqdimacs,54,51
./benchmark_tests/original/Biere/bitcell_16_2/pec_bit_cell_arbiter_2_2.dqdimacs,55,51
./benchmark_tests/original/Biere/bitcell_16_2/pec_bit_cell_arbiter_2_2.dqdimacs,56,52
./benchmark_tests/original/Biere/bitcell_16_2/pec_bit_cell_arbiter_2_2.dqdimacs,57,52
./benchmark_tests/original/Biere/bitcell_16_2/pec_bit_cell_arbiter_2_2.dqdimacs,58,51
./benchmark_tests/original/Biere/bitcell_16_2/pec_bit_cell_arbiter_2_2.dqdimacs,59,52
./benchmark_tests/original/Biere/bitcell_16_2/pec_bit_cell_arbiter_2_2.dqdimacs,60,52
./benchmark_tests/original/Biere/bitcell_16_2/pec_bit_cell_arbiter_2_2.dqdimacs,61,52
./benchmark_tests/original/Biere/bitcell_16_2/pec_bit_cell_arbiter_2_2.dqdimacs,62,51
./benchmark_tests/original/Biere/bitcell_16_2/pec_bit_cell_arbiter_2_2.dqdimacs,63,51
./benchmark_tests/original/Biere/bitcell_16_2/pec_bit_cell_arbiter_2_2.dqdimacs,64,52
./benchmark_tests/original/Biere/bitcell_16_2/pec_bit_cell_arbiter_2_2.dqdimacs,65,52
./benchmark_tests/original/Biere/bitcell_16_2/pec_bit_cell_arbiter_2_2.dqdimacs,66,51
./benchmark_tests/original/Biere/bitcell_16_2/pec_bit_cell_arbiter_2_2.dqdimacs,67,51
./benchmark_tests/original/Biere/bitcell_16_2/pec_bit_cell_arbiter_2_2.dqdimacs,68,52
./benchmark_tests/original/Biere/bitcell_16_2/pec_bit_cell_arbiter_2_2.dqdimacs,69,51
./benchmark_tests/original/Biere/bitcell_16_2/pec_bit_cell_arbiter_2_2.dqdimacs,70,52
./benchmark_tests/original/Biere/bitcell_16_2/pec_bit_cell_arbiter_2_2.dqdimacs,71,52
./benchmark_tests/original/Biere/bitcell_16_2/pec_bit_cell_arbiter_2_2.dqdimacs,72,52
./benchmark_tests/original/Biere/bitcell_16_2/pec_bit_cell_arbiter_2_2.dqdimacs,73,52
./benchmark_tests/original/Biere/bitcell_16_2/pec_bit_cell_arbiter_2_2.dqdimacs,74,52
./benchmark_tests/original/Biere/bitcell_16_2/pec_bit_cell_arbiter_2_2.dqdimacs,75,52
./benchmark_tests/original/Biere/bitcell_16_2/pec_bit_cell_arbiter_2_2.dqdimacs,76,52
./benchmark_tests/original/Biere/bitcell_16_2/pec_bit_cell_arbiter_2_2.dqdimacs,77,52
./benchmark_tests/original/Biere/bitcell_16_2/pec_bit_cell_arbiter_2_2.dqdimacs,78,52
./benchmark_tests/original/Biere/bitcell_16_2/pec_bit_cell_arbiter_2_2.dqdimacs,79,52
./benchmark_tests/original/Biere/bitcell_16_2/pec_bit_cell_arbiter_2_2.dqdimacs,80,52
./benchmark_tests/original/Biere/bitcell_16_2/pec_bit_cell_arbiter_2_2.dqdimacs,81,52
./benchmark_tests/original/Biere/bitcell_16_2/pec_bit_cell_arbiter_2_2.dqdimacs,82,52
./benchmark_tests/original/Biere/bitcell_16_2/pec_bit_cell_arbiter_2_2.dqdimacs,83,52
./benchmark_tests/original/Biere/bitcell_16_2/pec_bit_cell_arbiter_2_2.dqdimacs,84,52
./benchmark_tests/original/Biere/bitcell_16_2/pec_bit_cell_arbiter_2_2.dqdimacs,85,52
./benchmark_tests/original/Biere/bitcell_16_2/pec_bit_cell_arbiter_2_2.dqdimacs,86,53
./benchmark_tests/original/Biere/bitcell_16_2/pec_bit_cell_arbiter_2_2.dqdimacs,87,52
./benchmark_tests/original/Biere/bitcell_16_2/pec_bit_cell_arbiter_2_2.dqdimacs,88,52
./benchmark_tests/original/Biere/bitcell_16_2/pec_bit_cell_arbiter_2_2.dqdimacs,89,52
./benchmark_tests/original/Biere/bitcell_16_2/pec_bit_cell_arbiter_2_2.dqdimacs,91,52
./benchmark_tests/original/Biere/bitcell_16_2/pec_bit_cell_arbiter_2_2.dqdimacs,92,52
./benchmark_tests/original/Biere/bitcell_16_2/pec_bit_cell_arbiter_2_2.dqdimacs,93,53
./benchmark_tests/original/Biere/bitcell_16_2/pec_bit_cell_arbiter_2_2.dqdimacs,95,52
./benchmark_tests/original/Biere/bitcell_16_2/pec_bit_cell_arbiter_2_2.dqdimacs,96,52
./benchmark_tests/original/Biere/bitcell_16_2/pec_bit_cell_arbiter_2_2.dqdimacs,97,52
./benchmark_tests/original/Biere/bitcell_16_2/pec_bit_cell_arbiter_2_2.dqdimacs,98,52
./benchmark_tests/original/Biere/bitcell_16_2/pec_bit_cell_arbiter_2_2.dqdimacs,99,53
./benchmark_tests/original/Biere/bitcell_16_2/pec_bit_cell_arbiter_2_2.dqdimacs,101,51
./benchmark_tests/original/Biere/bitcell_16_2/pec_bit_cell_arbiter_2_2.dqdimacs,102,53
./benchmark_tests/original/Biere/bitcell_16_2/pec_bit_cell_arbiter_2_2.dqdimacs,103,52
./benchmark_tests/original/Biere/bitcell_16_2/pec_bit_cell_arbiter_2_2.dqdimacs,104,52
./benchmark_tests/original/Biere/bitcell_16_2/pec_bit_cell_arbiter_2_2.dqdimacs,105,52
./benchmark_tests/original/Biere/bitcell_16_2/pec_bit_cell_arbiter_2_2.dqdimacs,107,51
./benchmark_tests/original/Biere/bitcell_16_2/pec_bit_cell_arbiter_2_2.dqdimacs,108,52
./benchmark_tests/original/Biere/bitcell_16_2/pec_bit_cell_arbiter_2_2.dqdimacs,109,52
./benchmark_tests/original/Biere/bitcell_16_2/pec_bit_cell_arbiter_2_2.dqdimacs,110,52
./benchmark_tests/original/Biere/bitcell_16_2/pec_bit_cell_arbiter_2_2.dqdimacs,111,53
./benchmark_tests/original/Biere/bitcell_16_2/pec_bit_cell_arbiter_2_2.dqdimacs,112,52
./benchmark_tests/original/Biere/bitcell_16_2/pec_bit_cell_arbiter_2_2.dqdimacs,113,53
./benchmark_tests/original/Biere/bitcell_16_2/pec_bit_cell_arbiter_2_2.dqdimacs,114,52
./benchmark_tests/original/Biere/bitcell_16_2/pec_bit_cell_arbiter_2_2.dqdimacs,115,52
./benchmark_tests/original/Biere/bitcell_16_2/pec_bit_cell_arbiter_2_2.dqdimacs,116,52
./benchmark_tests/original/Biere/bitcell_16_2/pec_bit_cell_arbiter_2_302.dqdimacs,3,118
./benchmark_tests/original/Biere/bitcell_16_2/pec_bit_cell_arbiter_2_302.dqdimacs,5,110
./benchmark_tests/original/Biere/bitcell_16_2/pec_bit_cell_arbiter_2_302.dqdimacs,7,88
./benchmark_tests/original/Biere/bitcell_16_2/pec_bit_cell_arbiter_2_302.dqdimacs,9,88
./benchmark_tests/original/Biere/bitcell_16_2/pec_bit_cell_arbiter_2_302.dqdimacs,11,91
./benchmark_tests/original/Biere/bitcell_16_2/pec_bit_cell_arbiter_2_302.dqdimacs,13,91
./benchmark_tests/original/Biere/bitcell_16_2/pec_bit_cell_arbiter_2_302.dqdimacs,15,91
./benchmark_tests/original/Biere/bitcell_16_2/pec_bit_cell_arbiter_2_302.dqdimacs,16,91
./benchmark_tests/original/Biere/bitcell_16_2/pec_bit_cell_arbiter_2_302.dqdimacs,17,90
./benchmark_tests/original/Biere/bitcell_16_2/pec_bit_cell_arbiter_2_302.dqdimacs,18,90
./benchmark_tests/original/Biere/bitcell_16_2/pec_bit_cell_arbiter_2_302.dqdimacs,19,90
./benchmark_tests/original/Biere/bitcell_16_2/pec_bit_cell_arbiter_2_302.dqdimacs,20,90
./benchmark_tests/original/Biere/bitcell_16_2/pec_bit_cell_arbiter_2_302.dqdimacs,21,102
./benchmark_tests/original/Biere/bitcell_16_2/pec_bit_cell_arbiter_2_302.dqdimacs,22,115
./benchmark_tests/original/Biere/bitcell_16_2/pec_bit_cell_arbiter_2_302.dqdimacs,23,114
./benchmark_tests/original/Biere/bitcell_16_2/pec_bit_cell_arbiter_2_302.dqdimacs,24,153
./benchmark_tests/original/Biere/bitcell_16_2/pec_bit_cell_arbiter_2_302.dqdimacs,25,103
./benchmark_tests/original/Biere/bitcell_16_2/pec_bit_cell_arbiter_2_302.dqdimacs,28,99
./benchmark_tests/original/Biere/bitcell_16_2/pec_bit_cell_arbiter_2_302.dqdimacs,30,92
./benchmark_tests/original/Biere/bitcell_16_2/pec_bit_cell_arbiter_2_302.dqdimacs,32,87
./benchmark_tests/original/Biere/bitcell_16_2/pec_bit_cell_arbiter_2_302.dqdimacs,34,81
./benchmark_tests/original/Biere/bitcell_16_2/pec_bit_cell_arbiter_2_302.dqdimacs,36,77
./benchmark_tests/original/Biere/bitcell_16_2/pec_bit_cell_arbiter_2_302.dqdimacs,38,72
./benchmark_tests/original/Biere/bitcell_16_2/pec_bit_cell_arbiter_2_302.dqdimacs,40,69
./benchmark_tests/original/Biere/bitcell_16_2/pec_bit_cell_arbiter_2_302.dqdimacs,42,66
./benchmark_tests/original/Biere/bitcell_16_2/pec_bit_cell_arbiter_2_302.dqdimacs,44,63
./benchmark_tests/original/Biere/bitcell_16_2/pec_bit_cell_arbiter_2_302.dqdimacs,45,62
./benchmark_tests/original/Biere/bitcell_16_2/pec_bit_cell_arbiter_2_302.dqdimacs,46,61
./benchmark_tests/original/Biere/bitcell_16_2/pec_bit_cell_arbiter_2_302.dqdimacs,47,62
./benchmark_tests/original/Biere/bitcell_16_2/pec_bit_cell_arbiter_2_302.dqdimacs,48,62
./benchmark_tests/original/Biere/bitcell_16_2/pec_bit_cell_arbiter_2_302.dqdimacs,49,62
./benchmark_tests/original/Biere/bitcell_16_2/pec_bit_cell_arbiter_2_302.dqdimacs,50,62
./benchmark_tests/original/Biere/bitcell_16_2/pec_bit_cell_arbiter_2_302.dqdimacs,51,62
./benchmark_tests/original/Biere/bitcell_16_2/pec_bit_cell_arbiter_2_302.dqdimacs,52,62
./benchmark_tests/original/Biere/bitcell_16_2/pec_bit_cell_arbiter_2_302.dqdimacs,53,63
./benchmark_tests/original/Biere/bitcell_16_2/pec_bit_cell_arbiter_2_302.dqdimacs,54,63
./benchmark_tests/original/Biere/bitcell_16_2/pec_bit_cell_arbiter_2_302.dqdimacs,55,63
./benchmark_tests/original/Biere/bitcell_16_2/pec_bit_cell_arbiter_2_302.dqdimacs,56,63
./benchmark_tests/original/Biere/bitcell_16_2/pec_bit_cell_arbiter_2_302.dqdimacs,57,62
./benchmark_tests/original/Biere/bitcell_16_2/pec_bit_cell_arbiter_2_302.dqdimacs,58,62
./benchmark_tests/original/Biere/bitcell_16_2/pec_bit_cell_arbiter_2_302.dqdimacs,59,62
./benchmark_tests/original/Biere/bitcell_16_2/pec_bit_cell_arbiter_2_302.dqdimacs,60,62
./benchmark_tests/original/Biere/bitcell_16_2/pec_bit_cell_arbiter_2_302.dqdimacs,61,62
./benchmark_tests/original/Biere/bitcell_16_2/pec_bit_cell_arbiter_2_302.dqdimacs,62,62
./benchmark_tests/original/Biere/bitcell_16_2/pec_bit_cell_arbiter_2_302.dqdimacs,63,62
./benchmark_tests/original/Biere/bitcell_16_2/pec_bit_cell_arbiter_2_302.dqdimacs,64,62
./benchmark_tests/original/Biere/bitcell_16_2/pec_bit_cell_arbiter_2_302.dqdimacs,65,62
./benchmark_tests/original/Biere/bitcell_16_2/pec_bit_cell_arbiter_2_302.dqdimacs,66,62
./benchmark_tests/original/Biere/bitcell_16_2/pec_bit_cell_arbiter_2_302.dqdimacs,67,62
./benchmark_tests/original/Biere/bitcell_16_2/pec_bit_cell_arbiter_2_302.dqdimacs,68,61
./benchmark_tests/original/Biere/bitcell_16_2/pec_bit_cell_arbiter_2_302.dqdimacs,69,62
./benchmark_tests/original/Biere/bitcell_16_2/pec_bit_cell_arbiter_2_302.dqdimacs,70,61
./benchmark_tests/original/Biere/bitcell_16_2/pec_bit_cell_arbiter_2_302.dqdimacs,71,62
./benchmark_tests/original/Biere/bitcell_16_2/pec_bit_cell_arbiter_2_302.dqdimacs,72,62
./benchmark_tests/original/Biere/bitcell_16_2/pec_bit_cell_arbiter_2_302.dqdimacs,73,61
./benchmark_tests/original/Biere/bitcell_16_2/pec_bit_cell_arbiter_2_302.dqdimacs,74,61
./benchmark_tests/original/Biere/bitcell_16_2/pec_bit_cell_arbiter_2_302.dqdimacs,75,62
./benchmark_tests/original/Biere/bitcell_16_2/pec_bit_cell_arbiter_2_302.dqdimacs,76,61
./benchmark_tests/original/Biere/bitcell_16_2/pec_bit_cell_arbiter_2_302.dqdimacs,77,61
./benchmark_tests/original/Biere/bitcell_16_2/pec_bit_cell_arbiter_2_302.dqdimacs,78,61
./benchmark_tests/original/Biere/bitcell_16_2/pec_bit_cell_arbiter_2_302.dqdimacs,79,62
./benchmark_tests/original/Biere/bitcell_16_2/pec_bit_cell_arbiter_2_302.dqdimacs,80,62
./benchmark_tests/original/Biere/bitcell_16_2/pec_bit_cell_arbiter_2_302.dqdimacs,81,62
./benchmark_tests/original/Biere/bitcell_16_2/pec_bit_cell_arbiter_2_302.dqdimacs,82,62
./benchmark_tests/original/Biere/bitcell_16_2/pec_bit_cell_arbiter_2_302.dqdimacs,83,61
./benchmark_tests/original/Biere/bitcell_16_2/pec_bit_cell_arbiter_2_302.dqdimacs,84,62
./benchmark_tests/original/Biere/bitcell_16_2/pec_bit_cell_arbiter_2_302.dqdimacs,85,61
./benchmark_tests/original/Biere/bitcell_16_2/pec_bit_cell_arbiter_2_302.dqdimacs,86,62
./benchmark_tests/original/Biere/bitcell_16_2/pec_bit_cell_arbiter_2_302.dqdimacs,87,62
./benchmark_tests/original/Biere/bitcell_16_2/pec_bit_cell_arbiter_2_302.dqdimacs,88,62
./benchmark_tests/original/Biere/bitcell_16_2/pec_bit_cell_arbiter_2_302.dqdimacs,89,61
./benchmark_tests/original/Biere/bitcell_16_2/pec_bit_cell_arbiter_2_302.dqdimacs,90,62
./benchmark_tests/original/Biere/bitcell_16_2/pec_bit_cell_arbiter_2_302.dqdimacs,91,62
./benchmark_tests/original/Biere/bitcell_16_2/pec_bit_cell_arbiter_2_302.dqdimacs,92,61
./benchmark_tests/original/Biere/bitcell_16_2/pec_bit_cell_arbiter_2_302.dqdimacs,93,61
./benchmark_tests/original/Biere/bitcell_16_2/pec_bit_cell_arbiter_2_302.dqdimacs,94,62
./benchmark_tests/original/Biere/bitcell_16_2/pec_bit_cell_arbiter_2_302.dqdimacs,95,61
./benchmark_tests/original/Biere/bitcell_16_2/pec_bit_cell_arbiter_2_302.dqdimacs,96,62
./benchmark_tests/original/Biere/bitcell_16_2/pec_bit_cell_arbiter_2_302.dqdimacs,97,62
./benchmark_tests/original/Biere/bitcell_16_2/pec_bit_cell_arbiter_2_302.dqdimacs,98,62
./benchmark_tests/original/Biere/bitcell_16_2/pec_bit_cell_arbiter_2_302.dqdimacs,99,62
./benchmark_tests/original/Biere/bitcell_16_2/pec_bit_cell_arbiter_2_302.dqdimacs,100,61
./benchmark_tests/original/Biere/bitcell_16_2/pec_bit_cell_arbiter_2_302.dqdimacs,101,61
./benchmark_tests/original/Biere/bitcell_16_2/pec_bit_cell_arbiter_2_302.dqdimacs,102,62
./benchmark_tests/original/Biere/bitcell_16_2/pec_bit_cell_arbiter_2_302.dqdimacs,103,61
./benchmark_tests/original/Biere/bitcell_16_2/pec_bit_cell_arbiter_2_302.dqdimacs,104,61
./benchmark_tests/original/Biere/bitcell_16_2/pec_bit_cell_arbiter_2_302.dqdimacs,105,62
./benchmark_tests/original/Biere/bitcell_16_2/pec_bit_cell_arbiter_2_302.dqdimacs,106,62
./benchmark_tests/original/Biere/bitcell_16_2/pec_bit_cell_arbiter_2_302.dqdimacs,108,62
./benchmark_tests/original/Biere/bitcell_16_2/pec_bit_cell_arbiter_2_302.dqdimacs,109,63
./benchmark_tests/original/Biere/bitcell_16_2/pec_bit_cell_arbiter_2_302.dqdimacs,110,63
./benchmark_tests/original/Biere/bitcell_16_2/pec_bit_cell_arbiter_2_302.dqdimacs,111,61
./benchmark_tests/original/Biere/bitcell_16_2/pec_bit_cell_arbiter_2_302.dqdimacs,112,61
./benchmark_tests/original/Biere/bitcell_16_2/pec_bit_cell_arbiter_2_302.dqdimacs,113,62
./benchmark_tests/original/Biere/bitcell_16_2/pec_bit_cell_arbiter_2_302.dqdimacs,114,62
./benchmark_tests/original/Biere/bitcell_16_2/pec_bit_cell_arbiter_2_302.dqdimacs,115,62
./benchmark_tests/original/Biere/bitcell_16_2/pec_bit_cell_arbiter_2_310.dqdimacs,3,399
./benchmark_tests/original/Biere/bitcell_16_2/pec_bit_cell_arbiter_2_310.dqdimacs,5,391
./benchmark_tests/original/Biere/bitcell_16_2/pec_bit_cell_arbiter_2_310.dqdimacs,7,392
./benchmark_tests/original/Biere/bitcell_16_2/pec_bit_cell_arbiter_2_310.dqdimacs,9,390
./benchmark_tests/original/Biere/bitcell_16_2/pec_bit_cell_arbiter_2_310.dqdimacs,11,338
./benchmark_tests/original/Biere/bitcell_16_2/pec_bit_cell_arbiter_2_310.dqdimacs,14,275
./benchmark_tests/original/Biere/bitcell_16_2/pec_bit_cell_arbiter_2_310.dqdimacs,16,227
./benchmark_tests/original/Biere/bitcell_16_2/pec_bit_cell_arbiter_2_310.dqdimacs,18,209
./benchmark_tests/original/Biere/bitcell_16_2/pec_bit_cell_arbiter_2_310.dqdimacs,20,209
./benchmark_tests/original/Biere/bitcell_16_2/pec_bit_cell_arbiter_2_310.dqdimacs,21,209
./benchmark_tests/original/Biere/bitcell_16_2/pec_bit_cell_arbiter_2_310.dqdimacs,22,208
./benchmark_tests/original/Biere/bitcell_16_2/pec_bit_cell_arbiter_2_310.dqdimacs,23,209
./benchmark_tests/original/Biere/bitcell_16_2/pec_bit_cell_arbiter_2_310.dqdimacs,24,210
./benchmark_tests/original/Biere/bitcell_16_2/pec_bit_cell_arbiter_2_310.dqdimacs,25,208
./benchmark_tests/original/Biere/bitcell_16_2/pec_bit_cell_arbiter_2_310.dqdimacs,26,210
./benchmark_tests/original/Biere/bitcell_16_2/pec_bit_cell_arbiter_2_310.dqdimacs,27,209
./benchmark_tests/original/Biere/bitcell_16_2/pec_bit_cell_arbiter_2_310.dqdimacs,28,209
./benchmark_tests/original/Biere/bitcell_16_2/pec_bit_cell_arbiter_2_310.dqdimacs,29,209
./benchmark_tests/original/Biere/bitcell_16_2/pec_bit_cell_arbiter_2_310.dqdimacs,30,211
./benchmark_tests/original/Biere/bitcell_16_2/pec_bit_cell_arbiter_2_310.dqdimacs,31,210
./benchmark_tests/original/Biere/bitcell_16_2/pec_bit_cell_arbiter_2_310.dqdimacs,32,208
./benchmark_tests/original/Biere/bitcell_16_2/pec_bit_cell_arbiter_2_310.dqdimacs,33,230
./benchmark_tests/original/Biere/bitcell_16_2/pec_bit_cell_arbiter_2_310.dqdimacs,34,196
./benchmark_tests/original/Biere/bitcell_16_2/pec_bit_cell_arbiter_2_310.dqdimacs,37,196
./benchmark_tests/original/Biere/bitcell_16_2/pec_bit_cell_arbiter_2_310.dqdimacs,39,195
./benchmark_tests/original/Biere/bitcell_16_2/pec_bit_cell_arbiter_2_310.dqdimacs,41,194
./benchmark_tests/original/Biere/bitcell_16_2/pec_bit_cell_arbiter_2_310.dqdimacs,43,194
./benchmark_tests/original/Biere/bitcell_16_2/pec_bit_cell_arbiter_2_310.dqdimacs,45,194
./benchmark_tests/original/Biere/bitcell_16_2/pec_bit_cell_arbiter_2_310.dqdimacs,47,195
./benchmark_tests/original/Biere/bitcell_16_2/pec_bit_cell_arbiter_2_310.dqdimacs,48,196
./benchmark_tests/original/Biere/bitcell_16_2/pec_bit_cell_arbiter_2_310.dqdimacs,49,195
./benchmark_tests/original/Biere/bitcell_16_2/pec_bit_cell_arbiter_2_310.dqdimacs,50,194
./benchmark_tests/original/Biere/bitcell_16_2/pec_bit_cell_arbiter_2_310.dqdimacs,51,201
./benchmark_tests/original/Biere/bitcell_16_2/pec_bit_cell_arbiter_2_310.dqdimacs,52,210
./benchmark_tests/original/Biere/bitcell_16_2/pec_bit_cell_arbiter_2_310.dqdimacs,53,211
./benchmark_tests/original/Biere/bitcell_16_2/pec_bit_cell_arbiter_2_310.dqdimacs,54,209
./benchmark_tests/original/Biere/bitcell_16_2/pec_bit_cell_arbiter_2_310.dqdimacs,55,208
./benchmark_tests/original/Biere/bitcell_16_2/pec_bit_cell_arbiter_2_310.dqdimacs,56,209
./benchmark_tests/original/Biere/bitcell_16_2/pec_bit_cell_arbiter_2_310.dqdimacs,57,209
./benchmark_tests/original/Biere/bitcell_16_2/pec_bit_cell_arbiter_2_310.dqdimacs,58,208
./benchmark_tests/original/Biere/bitcell_16_2/pec_bit_cell_arbiter_2_310.dqdimacs,59,209
./benchmark_tests/original/Biere/bitcell_16_2/pec_bit_cell_arbiter_2_310.dqdimacs,60,208
./benchmark_tests/original/Biere/bitcell_16_2/pec_bit_cell_arbiter_2_310.dqdimacs,61,209
./benchmark_tests/original/Biere/bitcell_16_2/pec_bit_cell_arbiter_2_310.dqdimacs,62,209
./benchmark_tests/original/Biere/bitcell_16_2/pec_bit_cell_arbiter_2_310.dqdimacs,63,209
./benchmark_tests/original/Biere/bitcell_16_2/pec_bit_cell_arbiter_2_310.dqdimacs,64,209
./benchmark_tests/original/Biere/bitcell_16_2/pec_bit_cell_arbiter_2_310.dqdimacs,65,209
./benchmark_tests/original/Biere/bitcell_16_2/pec_bit_cell_arbiter_2_310.dqdimacs,66,207
./benchmark_tests/original/Biere/bitcell_16_2/pec_bit_cell_arbiter_2_310.dqdimacs,67,208
./benchmark_tests/original/Biere/bitcell_16_2/pec_bit_cell_arbiter_2_310.dqdimacs,68,208
./benchmark_tests/original/Biere/bitcell_16_2/pec_bit_cell_arbiter_2_310.dqdimacs,69,208
./benchmark_tests/original/Biere/bitcell_16_2/pec_bit_cell_arbiter_2_310.dqdimacs,70,208
./benchmark_tests/original/Biere/bitcell_16_2/pec_bit_cell_arbiter_2_310.dqdimacs,71,208
./benchmark_tests/original/Biere/bitcell_16_2/pec_bit_cell_arbiter_2_310.dqdimacs,72,208
./benchmark_tests/original/Biere/bitcell_16_2/pec_bit_cell_arbiter_2_310.dqdimacs,73,209
./benchmark_tests/original/Biere/bitcell_16_2/pec_bit_cell_arbiter_2_310.dqdimacs,74,208
./benchmark_tests/original/Biere/bitcell_16_2/pec_bit_cell_arbiter_2_310.dqdimacs,75,209
./benchmark_tests/original/Biere/bitcell_16_2/pec_bit_cell_arbiter_2_310.dqdimacs,76,209
./benchmark_tests/original/Biere/bitcell_16_2/pec_bit_cell_arbiter_2_310.dqdimacs,77,208
./benchmark_tests/original/Biere/bitcell_16_2/pec_bit_cell_arbiter_2_310.dqdimacs,78,209
./benchmark_tests/original/Biere/bitcell_16_2/pec_bit_cell_arbiter_2_310.dqdimacs,79,209
./benchmark_tests/original/Biere/bitcell_16_2/pec_bit_cell_arbiter_2_310.dqdimacs,80,207
./benchmark_tests/original/Biere/bitcell_16_2/pec_bit_cell_arbiter_2_310.dqdimacs,81,209
./benchmark_tests/original/Biere/bitcell_16_2/pec_bit_cell_arbiter_2_310.dqdimacs,82,209
./benchmark_tests/original/Biere/bitcell_16_2/pec_bit_cell_arbiter_2_310.dqdimacs,83,208
./benchmark_tests/original/Biere/bitcell_16_2/pec_bit_cell_arbiter_2_310.dqdimacs,84,208
./benchmark_tests/original/Biere/bitcell_16_2/pec_bit_cell_arbiter_2_310.dqdimacs,85,209
./benchmark_tests/original/Biere/bitcell_16_2/pec_bit_cell_arbiter_2_310.dqdimacs,86,209
./benchmark_tests/original/Biere/bitcell_16_2/pec_bit_cell_arbiter_2_310.dqdimacs,87,209
./benchmark_tests/original/Biere/bitcell_16_2/pec_bit_cell_arbiter_2_310.dqdimacs,88,208
./benchmark_tests/original/Biere/bitcell_16_2/pec_bit_cell_arbiter_2_310.dqdimacs,89,208
./benchmark_tests/original/Biere/bitcell_16_2/pec_bit_cell_arbiter_2_310.dqdimacs,90,208
./benchmark_tests/original/Biere/bitcell_16_2/pec_bit_cell_arbiter_2_310.dqdimacs,91,209
./benchmark_tests/original/Biere/bitcell_16_2/pec_bit_cell_arbiter_2_310.dqdimacs,92,208
./benchmark_tests/original/Biere/bitcell_16_2/pec_bit_cell_arbiter_2_310.dqdimacs,93,209
./benchmark_tests/original/Biere/bitcell_16_2/pec_bit_cell_arbiter_2_310.dqdimacs,94,208
./benchmark_tests/original/Biere/bitcell_16_2/pec_bit_cell_arbiter_2_310.dqdimacs,95,207
./benchmark_tests/original/Biere/bitcell_16_2/pec_bit_cell_arbiter_2_310.dqdimacs,96,208
./benchmark_tests/original/Biere/bitcell_16_2/pec_bit_cell_arbiter_2_310.dqdimacs,97,210
./benchmark_tests/original/Biere/bitcell_16_2/pec_bit_cell_arbiter_2_310.dqdimacs,98,207
./benchmark_tests/original/Biere/bitcell_16_2/pec_bit_cell_arbiter_2_310.dqdimacs,99,208
./benchmark_tests/original/Biere/bitcell_16_2/pec_bit_cell_arbiter_2_310.dqdimacs,100,209
./benchmark_tests/original/Biere/bitcell_16_2/pec_bit_cell_arbiter_2_310.dqdimacs,101,210
./benchmark_tests/original/Biere/bitcell_16_2/pec_bit_cell_arbiter_2_310.dqdimacs,102,210
./benchmark_tests/original/Biere/bitcell_16_2/pec_bit_cell_arbiter_2_310.dqdimacs,103,210
./benchmark_tests/original/Biere/bitcell_16_2/pec_bit_cell_arbiter_2_310.dqdimacs,104,210
./benchmark_tests/original/Biere/bitcell_16_2/pec_bit_cell_arbiter_2_310.dqdimacs,105,209
./benchmark_tests/original/Biere/bitcell_16_2/pec_bit_cell_arbiter_2_310.dqdimacs,106,208
./benchmark_tests/original/Biere/bitcell_16_2/pec_bit_cell_arbiter_2_310.dqdimacs,107,210
./benchmark_tests/original/Biere/bitcell_16_2/pec_bit_cell_arbiter_2_310.dqdimacs,108,209
./benchmark_tests/original/Biere/bitcell_16_2/pec_bit_cell_arbiter_2_310.dqdimacs,109,208
./benchmark_tests/original/Biere/bitcell_16_2/pec_bit_cell_arbiter_2_310.dqdimacs,110,208
./benchmark_tests/original/Biere/bitcell_16_2/pec_bit_cell_arbiter_2_310.dqdimacs,111,209
./benchmark_tests/original/Biere/bitcell_16_2/pec_bit_cell_arbiter_2_310.dqdimacs,112,208
./benchmark_tests/original/Biere/bitcell_16_2/pec_bit_cell_arbiter_2_310.dqdimacs,113,209
./benchmark_tests/original/Biere/bitcell_16_2/pec_bit_cell_arbiter_2_310.dqdimacs,114,209
./benchmark_tests/original/Biere/bitcell_16_2/pec_bit_cell_arbiter_2_310.dqdimacs,115,209
./benchmark_tests/original/Biere/bitcell_16_2/pec_bit_cell_arbiter_2_310.dqdimacs,116,209
./benchmark_tests/original/Biere/bitcell_16_2/pec_bit_cell_arbiter_2_310.dqdimacs,117,209
./benchmark_tests/original/Biere/bitcell_16_2/pec_bit_cell_arbiter_2_310.dqdimacs,118,209
./benchmark_tests/original/Biere/bitcell_16_2/pec_bit_cell_arbiter_2_310.dqdimacs,119,209
./benchmark_tests/original/Biere/bitcell_16_2/pec_bit_cell_arbiter_2_310.dqdimacs,120,207
./benchmark_tests/original/Biere/bitcell_16_2/pec_bit_cell_arbiter_2_310.dqdimacs,121,209
./benchmark_tests/original/Biere/bitcell_16_2/pec_bit_cell_arbiter_2_310.dqdimacs,122,210
./benchmark_tests/original/Biere/bitcell_16_2/pec_bit_cell_arbiter_2_310.dqdimacs,123,207
./benchmark_tests/original/Biere/bitcell_16_2/pec_bit_cell_arbiter_2_310.dqdimacs,124,208
./benchmark_tests/original/Biere/bitcell_16_2/pec_bit_cell_arbiter_2_310.dqdimacs,125,207
./benchmark_tests/original/Biere/bitcell_16_2/pec_bit_cell_arbiter_2_310.dqdimacs,126,209
./benchmark_tests/original/Biere/bitcell_16_2/pec_bit_cell_arbiter_2_310.dqdimacs,128,207
./benchmark_tests/original/Biere/bitcell_16_2/pec_bit_cell_arbiter_2_310.dqdimacs,129,209
./benchmark_tests/original/Biere/bitcell_16_2/pec_bit_cell_arbiter_2_310.dqdimacs,130,207
./benchmark_tests/original/Biere/bitcell_16_2/pec_bit_cell_arbiter_2_310.dqdimacs,131,210
./benchmark_tests/original/Biere/bitcell_16_2/pec_bit_cell_arbiter_2_310.dqdimacs,132,208
./benchmark_tests/original/Biere/bitcell_16_2/pec_bit_cell_arbiter_2_310.dqdimacs,133,209
./benchmark_tests/original/Biere/bitcell_16_2/pec_bit_cell_arbiter_2_310.dqdimacs,134,208
./benchmark_tests/original/Biere/bitcell_16_2/pec_bit_cell_arbiter_2_310.dqdimacs,135,208
./benchmark_tests/original/Biere/bitcell_16_2/pec_bit_cell_arbiter_2_310.dqdimacs,136,209
./benchmark_tests/original/Biere/bitcell_16_2/pec_bit_cell_arbiter_2_310.dqdimacs,137,210
./benchmark_tests/original/Biere/bitcell_16_2/pec_bit_cell_arbiter_2_310.dqdimacs,138,209
./benchmark_tests/original/Biere/bitcell_16_2/pec_bit_cell_arbiter_2_313.dqdimacs,3,176
./benchmark_tests/original/Biere/bitcell_16_2/pec_bit_cell_arbiter_2_313.dqdimacs,5,165
./benchmark_tests/original/Biere/bitcell_16_2/pec_bit_cell_arbiter_2_313.dqdimacs,7,143
./benchmark_tests/original/Biere/bitcell_16_2/pec_bit_cell_arbiter_2_313.dqdimacs,8,145
./benchmark_tests/original/Biere/bitcell_16_2/pec_bit_cell_arbiter_2_313.dqdimacs,9,143
./benchmark_tests/original/Biere/bitcell_16_2/pec_bit_cell_arbiter_2_313.dqdimacs,10,143
./benchmark_tests/original/Biere/bitcell_16_2/pec_bit_cell_arbiter_2_313.dqdimacs,11,144
./benchmark_tests/original/Biere/bitcell_16_2/pec_bit_cell_arbiter_2_313.dqdimacs,12,189
./benchmark_tests/original/Biere/bitcell_16_2/pec_bit_cell_arbiter_2_313.dqdimacs,13,144
./benchmark_tests/original/Biere/bitcell_16_2/pec_bit_cell_arbiter_2_313.dqdimacs,16,141
./benchmark_tests/original/Biere/bitcell_16_2/pec_bit_cell_arbiter_2_313.dqdimacs,18,134
./benchmark_tests/original/Biere/bitcell_16_2/pec_bit_cell_arbiter_2_313.dqdimacs,20,126
./benchmark_tests/original/Biere/bitcell_16_2/pec_bit_cell_arbiter_2_313.dqdimacs,22,115
./benchmark_tests/original/Biere/bitcell_16_2/pec_bit_cell_arbiter_2_313.dqdimacs,24,108
./benchmark_tests/original/Biere/bitcell_16_2/pec_bit_cell_arbiter_2_313.dqdimacs,26,99
./benchmark_tests/original/Biere/bitcell_16_2/pec_bit_cell_arbiter_2_313.dqdimacs,27,92
./benchmark_tests/original/Biere/bitcell_16_2/pec_bit_cell_arbiter_2_313.dqdimacs,28,86
./benchmark_tests/original/Biere/bitcell_16_2/pec_bit_cell_arbiter_2_313.dqdimacs,29,82
./benchmark_tests/original/Biere/bitcell_16_2/pec_bit_cell_arbiter_2_313.dqdimacs,30,79
./benchmark_tests/original/Biere/bitcell_16_2/pec_bit_cell_arbiter_2_313.dqdimacs,31,78
./benchmark_tests/original/Biere/bitcell_16_2/pec_bit_cell_arbiter_2_313.dqdimacs,32,79
./benchmark_tests/original/Biere/bitcell_16_2/pec_bit_cell_arbiter_2_313.dqdimacs,33,78
./benchmark_tests/original/Biere/bitcell_16_2/pec_bit_cell_arbiter_2_313.dqdimacs,34,78
./benchmark_tests/original/Biere/bitcell_16_2/pec_bit_cell_arbiter_2_313.dqdimacs,35,79
./benchmark_tests/original/Biere/bitcell_16_2/pec_bit_cell_arbiter_2_313.dqdimacs,36,77
./benchmark_tests/original/Biere/bitcell_16_2/pec_bit_cell_arbiter_2_313.dqdimacs,37,78
./benchmark_tests/original/Biere/bitcell_16_2/pec_bit_cell_arbiter_2_313.dqdimacs,38,82
./benchmark_tests/original/Biere/bitcell_16_2/pec_bit_cell_arbiter_2_313.dqdimacs,39,77
./benchmark_tests/original/Biere/bitcell_16_2/pec_bit_cell_arbiter_2_313.dqdimacs,40,77
./benchmark_tests/original/Biere/bitcell_16_2/pec_bit_cell_arbiter_2_313.dqdimacs,41,77
./benchmark_tests/original/Biere/bitcell_16_2/pec_bit_cell_arbiter_2_313.dqdimacs,42,77
./benchmark_tests/original/Biere/bitcell_16_2/pec_bit_cell_arbiter_2_313.dqdimacs,43,77
./benchmark_tests/original/Biere/bitcell_16_2/pec_bit_cell_arbiter_2_313.dqdimacs,44,77
./benchmark_tests/original/Biere/bitcell_16_2/pec_bit_cell_arbiter_2_313.dqdimacs,45,78
./benchmark_tests/original/Biere/bitcell_16_2/pec_bit_cell_arbiter_2_313.dqdimacs,46,77
./benchmark_tests/original/Biere/bitcell_16_2/pec_bit_cell_arbiter_2_313.dqdimacs,47,78
./benchmark_tests/original/Biere/bitcell_16_2/pec_bit_cell_arbiter_2_313.dqdimacs,48,77
./benchmark_tests/original/Biere/bitcell_16_2/pec_bit_cell_arbiter_2_313.dqdimacs,49,77
./benchmark_tests/original/Biere/bitcell_16_2/pec_bit_cell_arbiter_2_313.dqdimacs,50,77
./benchmark_tests/original/Biere/bitcell_16_2/pec_bit_cell_arbiter_2_313.dqdimacs,51,78
./benchmark_tests/original/Biere/bitcell_16_2/pec_bit_cell_arbiter_2_313.dqdimacs,52,78
./benchmark_tests/original/Biere/bitcell_16_2/pec_bit_cell_arbiter_2_313.dqdimacs,53,78
./benchmark_tests/original/Biere/bitcell_16_2/pec_bit_cell_arbiter_2_313.dqdimacs,54,78
./benchmark_tests/original/Biere/bitcell_16_2/pec_bit_cell_arbiter_2_313.dqdimacs,55,78
./benchmark_tests/original/Biere/bitcell_16_2/pec_bit_cell_arbiter_2_313.dqdimacs,56,78
./benchmark_tests/original/Biere/bitcell_16_2/pec_bit_cell_arbiter_2_313.dqdimacs,57,78
./benchmark_tests/original/Biere/bitcell_16_2/pec_bit_cell_arbiter_2_313.dqdimacs,58,78
./benchmark_tests/original/Biere/bitcell_16_2/pec_bit_cell_arbiter_2_313.dqdimacs,59,78
./benchmark_tests/original/Biere/bitcell_16_2/pec_bit_cell_arbiter_2_313.dqdimacs,60,78
./benchmark_tests/original/Biere/bitcell_16_2/pec_bit_cell_arbiter_2_313.dqdimacs,61,78
./benchmark_tests/original/Biere/bitcell_16_2/pec_bit_cell_arbiter_2_313.dqdimacs,62,78
./benchmark_tests/original/Biere/bitcell_16_2/pec_bit_cell_arbiter_2_313.dqdimacs,63,78
./benchmark_tests/original/Biere/bitcell_16_2/pec_bit_cell_arbiter_2_313.dqdimacs,64,78
./benchmark_tests/original/Biere/bitcell_16_2/pec_bit_cell_arbiter_2_313.dqdimacs,66,78
./benchmark_tests/original/Biere/bitcell_16_2/pec_bit_cell_arbiter_2_313.dqdimacs,67,78
./benchmark_tests/original/Biere/bitcell_16_2/pec_bit_cell_arbiter_2_313.dqdimacs,68,78
./benchmark_tests/original/Biere/bitcell_16_2/pec_bit_cell_arbiter_2_313.dqdimacs,70,78
./benchmark_tests/original/Biere/bitcell_16_2/pec_bit_cell_arbiter_2_313.dqdimacs,71,78
./benchmark_tests/original/Biere/bitcell_16_2/pec_bit_cell_arbiter_2_313.dqdimacs,72,78
./benchmark_tests/original/Biere/bitcell_16_2/pec_bit_cell_arbiter_2_313.dqdimacs,73,78
./benchmark_tests/original/Biere/bitcell_16_2/pec_bit_cell_arbiter_2_313.dqdimacs,74,78
./benchmark_tests/original/Biere/bitcell_16_2/pec_bit_cell_arbiter_2_313.dqdimacs,75,78
./benchmark_tests/original/Biere/bitcell_16_2/pec_bit_cell_arbiter_2_313.dqdimacs,76,78
./benchmark_tests/original/Biere/bitcell_16_2/pec_bit_cell_arbiter_2_313.dqdimacs,78,78
./benchmark_tests/original/Biere/bitcell_16_2/pec_bit_cell_arbiter_2_313.dqdimacs,79,79
./benchmark_tests/original/Biere/bitcell_16_2/pec_bit_cell_arbiter_2_313.dqdimacs,80,78
./benchmark_tests/original/Biere/bitcell_16_2/pec_bit_cell_arbiter_2_313.dqdimacs,81,78
./benchmark_tests/original/Biere/bitcell_16_2/pec_bit_cell_arbiter_2_313.dqdimacs,82,78
./benchmark_tests/original/Biere/bitcell_16_2/pec_bit_cell_arbiter_2_313.dqdimacs,83,78
./benchmark_tests/original/Biere/bitcell_16_2/pec_bit_cell_arbiter_2_313.dqdimacs,84,78
./benchmark_tests/original/Biere/bitcell_16_2/pec_bit_cell_arbiter_2_313.dqdimacs,86,77
./benchmark_tests/original/Biere/bitcell_16_2/pec_bit_cell_arbiter_2_313.dqdimacs,87,77
./benchmark_tests/original/Biere/bitcell_16_2/pec_bit_cell_arbiter_2_313.dqdimacs,88,78
./benchmark_tests/original/Biere/bitcell_16_2/pec_bit_cell_arbiter_2_313.dqdimacs,89,78
./benchmark_tests/original/Biere/bitcell_16_2/pec_bit_cell_arbiter_2_313.dqdimacs,90,78
./benchmark_tests/original/Biere/bitcell_16_2/pec_bit_cell_arbiter_2_313.dqdimacs,91,79
./benchmark_tests/original/Biere/bitcell_16_2/pec_bit_cell_arbiter_2_313.dqdimacs,92,79
./benchmark_tests/original/Biere/bitcell_16_2/pec_bit_cell_arbiter_2_313.dqdimacs,94,77
./benchmark_tests/original/Biere/bitcell_16_2/pec_bit_cell_arbiter_2_313.dqdimacs,95,78
./benchmark_tests/original/Biere/bitcell_16_2/pec_bit_cell_arbiter_2_313.dqdimacs,96,78
./benchmark_tests/original/Biere/bitcell_16_2/pec_bit_cell_arbiter_2_313.dqdimacs,97,78
./benchmark_tests/original/Biere/bitcell_16_2/pec_bit_cell_arbiter_2_313.dqdimacs,98,78
./benchmark_tests/original/Biere/bitcell_16_2/pec_bit_cell_arbiter_2_313.dqdimacs,99,78
./benchmark_tests/original/Biere/bitcell_16_2/pec_bit_cell_arbiter_2_313.dqdimacs,100,79
./benchmark_tests/original/Biere/bitcell_16_2/pec_bit_cell_arbiter_2_313.dqdimacs,102,78
./benchmark_tests/original/Biere/bitcell_16_2/pec_bit_cell_arbiter_2_313.dqdimacs,103,78
./benchmark_tests/original/Biere/bitcell_16_2/pec_bit_cell_arbiter_2_313.dqdimacs,104,78
./benchmark_tests/original/Biere/bitcell_16_2/pec_bit_cell_arbiter_2_313.dqdimacs,105,78
./benchmark_tests/original/Biere/bitcell_16_2/pec_bit_cell_arbiter_2_313.dqdimacs,106,78
./benchmark_tests/original/Biere/bitcell_16_2/pec_bit_cell_arbiter_2_313.dqdimacs,107,79
./benchmark_tests/original/Biere/bitcell_16_2/pec_bit_cell_arbiter_2_313.dqdimacs,108,78
./benchmark_tests/original/Biere/bitcell_16_2/pec_bit_cell_arbiter_2_313.dqdimacs,110,78
./benchmark_tests/original/Biere/bitcell_16_2/pec_bit_cell_arbiter_2_313.dqdimacs,111,78
./benchmark_tests/original/Biere/bitcell_16_2/pec_bit_cell_arbiter_2_313.dqdimacs,112,78
./benchmark_tests/original/Biere/bitcell_16_2/pec_bit_cell_arbiter_2_313.dqdimacs,113,78
./benchmark_tests/original/Biere/bitcell_16_2/pec_bit_cell_arbiter_2_313.dqdimacs,114,78
./benchmark_tests/original/Biere/bitcell_16_2/pec_bit_cell_arbiter_2_313.dqdimacs,115,79
./benchmark_tests/original/Biere/bitcell_16_2/pec_bit_cell_arbiter_2_313.dqdimacs,116,79
./benchmark_tests/original/Biere/bitcell_16_2/pec_bit_cell_arbiter_2_313.dqdimacs,118,78
./benchmark_tests/original/Biere/bitcell_16_2/pec_bit_cell_arbiter_2_313.dqdimacs,119,78
./benchmark_tests/original/Biere/bitcell_16_2/pec_bit_cell_arbiter_2_313.dqdimacs,120,78
./benchmark_tests/original/Biere/bitcell_16_2/pec_bit_cell_arbiter_2_313.dqdimacs,121,79
./benchmark_tests/original/Biere/bitcell_16_2/pec_bit_cell_arbiter_2_313.dqdimacs,122,79
./benchmark_tests/original/Biere/bitcell_16_2/pec_bit_cell_arbiter_2_313.dqdimacs,123,79
./benchmark_tests/original/Biere/bitcell_16_2/pec_bit_cell_arbiter_2_313.dqdimacs,124,79
./benchmark_tests/original/Biere/bitcell_16_2/pec_bit_cell_arbiter_2_313.dqdimacs,125,77
./benchmark_tests/original/Biere/bitcell_16_2/pec_bit_cell_arbiter_2_313.dqdimacs,126,78
./benchmark_tests/original/Biere/bitcell_16_2/pec_bit_cell_arbiter_2_313.dqdimacs,127,78
./benchmark_tests/original/Biere/bitcell_16_2/pec_bit_cell_arbiter_2_313.dqdimacs,128,78
./benchmark_tests/original/Biere/bitcell_16_2/pec_bit_cell_arbiter_2_313.dqdimacs,129,78
./benchmark_tests/original/Biere/bitcell_16_2/pec_bit_cell_arbiter_2_313.dqdimacs,130,78
./benchmark_tests/original/Biere/bitcell_16_2/pec_bit_cell_arbiter_2_314.dqdimacs,3,185
./benchmark_tests/original/Biere/bitcell_16_2/pec_bit_cell_arbiter_2_314.dqdimacs,5,174
./benchmark_tests/original/Biere/bitcell_16_2/pec_bit_cell_arbiter_2_314.dqdimacs,7,153
./benchmark_tests/original/Biere/bitcell_16_2/pec_bit_cell_arbiter_2_314.dqdimacs,9,153
./benchmark_tests/original/Biere/bitcell_16_2/pec_bit_cell_arbiter_2_314.dqdimacs,10,159
./benchmark_tests/original/Biere/bitcell_16_2/pec_bit_cell_arbiter_2_314.dqdimacs,11,177
./benchmark_tests/original/Biere/bitcell_16_2/pec_bit_cell_arbiter_2_314.dqdimacs,12,154
./benchmark_tests/original/Biere/bitcell_16_2/pec_bit_cell_arbiter_2_314.dqdimacs,13,153
./benchmark_tests/original/Biere/bitcell_16_2/pec_bit_cell_arbiter_2_314.dqdimacs,14,153
./benchmark_tests/original/Biere/bitcell_16_2/pec_bit_cell_arbiter_2_314.dqdimacs,15,189
./benchmark_tests/original/Biere/bitcell_16_2/pec_bit_cell_arbiter_2_314.dqdimacs,16,136
./benchmark_tests/original/Biere/bitcell_16_2/pec_bit_cell_arbiter_2_314.dqdimacs,19,125
./benchmark_tests/original/Biere/bitcell_16_2/pec_bit_cell_arbiter_2_314.dqdimacs,21,116
./benchmark_tests/original/Biere/bitcell_16_2/pec_bit_cell_arbiter_2_314.dqdimacs,22,106
./benchmark_tests/original/Biere/bitcell_16_2/pec_bit_cell_arbiter_2_314.dqdimacs,23,98
./benchmark_tests/original/Biere/bitcell_16_2/pec_bit_cell_arbiter_2_314.dqdimacs,24,92
./benchmark_tests/original/Biere/bitcell_16_2/pec_bit_cell_arbiter_2_314.dqdimacs,25,86
./benchmark_tests/original/Biere/bitcell_16_2/pec_bit_cell_arbiter_2_314.dqdimacs,26,84
./benchmark_tests/original/Biere/bitcell_16_2/pec_bit_cell_arbiter_2_314.dqdimacs,27,84
./benchmark_tests/original/Biere/bitcell_16_2/pec_bit_cell_arbiter_2_314.dqdimacs,28,83
./benchmark_tests/original/Biere/bitcell_16_2/pec_bit_cell_arbiter_2_314.dqdimacs,29,83
./benchmark_tests/original/Biere/bitcell_16_2/pec_bit_cell_arbiter_2_314.dqdimacs,30,83
./benchmark_tests/original/Biere/bitcell_16_2/pec_bit_cell_arbiter_2_314.dqdimacs,31,83
./benchmark_tests/original/Biere/bitcell_16_2/pec_bit_cell_arbiter_2_314.dqdimacs,32,84
./benchmark_tests/original/Biere/bitcell_16_2/pec_bit_cell_arbiter_2_314.dqdimacs,33,84
./benchmark_tests/original/Biere/bitcell_16_2/pec_bit_cell_arbiter_2_314.dqdimacs,34,83
./benchmark_tests/original/Biere/bitcell_16_2/pec_bit_cell_arbiter_2_314.dqdimacs,35,83
./benchmark_tests/original/Biere/bitcell_16_2/pec_bit_cell_arbiter_2_314.dqdimacs,36,83
./benchmark_tests/original/Biere/bitcell_16_2/pec_bit_cell_arbiter_2_314.dqdimacs,37,88
./benchmark_tests/original/Biere/bitcell_16_2/pec_bit_cell_arbiter_2_314.dqdimacs,38,84
./benchmark_tests/original/Biere/bitcell_16_2/pec_bit_cell_arbiter_2_314.dqdimacs,40,83
./benchmark_tests/original/Biere/bitcell_16_2/pec_bit_cell_arbiter_2_314.dqdimacs,41,83
./benchmark_tests/original/Biere/bitcell_16_2/pec_bit_cell_arbiter_2_314.dqdimacs,42,83
./benchmark_tests/original/Biere/bitcell_16_2/pec_bit_cell_arbiter_2_314.dqdimacs,43,84
./benchmark_tests/original/Biere/bitcell_16_2/pec_bit_cell_arbiter_2_314.dqdimacs,44,84
./benchmark_tests/original/Biere/bitcell_16_2/pec_bit_cell_arbiter_2_314.dqdimacs,45,84
./benchmark_tests/original/Biere/bitcell_16_2/pec_bit_cell_arbiter_2_314.dqdimacs,46,83
./benchmark_tests/original/Biere/bitcell_16_2/pec_bit_cell_arbiter_2_314.dqdimacs,47,84
./benchmark_tests/original/Biere/bitcell_16_2/pec_bit_cell_arbiter_2_314.dqdimacs,48,84
./benchmark_tests/original/Biere/bitcell_16_2/pec_bit_cell_arbiter_2_314.dqdimacs,49,84
./benchmark_tests/original/Biere/bitcell_16_2/pec_bit_cell_arbiter_2_314.dqdimacs,50,84
./benchmark_tests/original/Biere/bitcell_16_2/pec_bit_cell_arbiter_2_314.dqdimacs,51,84
./benchmark_tests/original/Biere/bitcell_16_2/pec_bit_cell_arbiter_2_314.dqdimacs,52,84
./benchmark_tests/original/Biere/bitcell_16_2/pec_bit_cell_arbiter_2_314.dqdimacs,53,84
./benchmark_tests/original/Biere/bitcell_16_2/pec_bit_cell_arbiter_2_314.dqdimacs,54,83
./benchmark_tests/original/Biere/bitcell_16_2/pec_bit_cell_arbiter_2_314.dqdimacs,56,84
./benchmark_tests/original/Biere/bitcell_16_2/pec_bit_cell_arbiter_2_314.dqdimacs,57,84
./benchmark_tests/original/Biere/bitcell_16_2/pec_bit_cell_arbiter_2_314.dqdimacs,58,83
./benchmark_tests/original/Biere/bitcell_16_2/pec_bit_cell_arbiter_2_314.dqdimacs,59,84
./benchmark_tests/original/Biere/bitcell_16_2/pec_bit_cell_arbiter_2_314.dqdimacs,61,83
./benchmark_tests/original/Biere/bitcell_16_2/pec_bit_cell_arbiter_2_314.dqdimacs,62,84
./benchmark_tests/original/Biere/bitcell_16_2/pec_bit_cell_arbiter_2_314.dqdimacs,63,84
./benchmark_tests/original/Biere/bitcell_16_2/pec_bit_cell_arbiter_2_314.dqdimacs,64,84
./benchmark_tests/original/Biere/bitcell_16_2/pec_bit_cell_arbiter_2_314.dqdimacs,65,84
./benchmark_tests/original/Biere/bitcell_16_2/pec_bit_cell_arbiter_2_314.dqdimacs,66,84
./benchmark_tests/original/Biere/bitcell_16_2/pec_bit_cell_arbiter_2_314.dqdimacs,67,84
./benchmark_tests/original/Biere/bitcell_16_2/pec_bit_cell_arbiter_2_314.dqdimacs,69,83
./benchmark_tests/original/Biere/bitcell_16_2/pec_bit_cell_arbiter_2_314.dqdimacs,70,84
./benchmark_tests/original/Biere/bitcell_16_2/pec_bit_cell_arbiter_2_314.dqdimacs,71,83
./benchmark_tests/original/Biere/bitcell_16_2/pec_bit_cell_arbiter_2_314.dqdimacs,72,85
./benchmark_tests/original/Biere/bitcell_16_2/pec_bit_cell_arbiter_2_314.dqdimacs,73,84
./benchmark_tests/original/Biere/bitcell_16_2/pec_bit_cell_arbiter_2_314.dqdimacs,74,84
./benchmark_tests/original/Biere/bitcell_16_2/pec_bit_cell_arbiter_2_314.dqdimacs,75,84
./benchmark_tests/original/Biere/bitcell_16_2/pec_bit_cell_arbiter_2_314.dqdimacs,77,84
./benchmark_tests/original/Biere/bitcell_16_2/pec_bit_cell_arbiter_2_314.dqdimacs,78,84
./benchmark_tests/original/Biere/bitcell_16_2/pec_bit_cell_arbiter_2_314.dqdimacs,79,84
./benchmark_tests/original/Biere/bitcell_16_2/pec_bit_cell_arbiter_2_314.dqdimacs,80,85
./benchmark_tests/original/Biere/bitcell_16_2/pec_bit_cell_arbiter_2_314.dqdimacs,81,84
./benchmark_tests/original/Biere/bitcell_16_2/pec_bit_cell_arbiter_2_314.dqdimacs,82,84
./benchmark_tests/original/Biere/bitcell_16_2/pec_bit_cell_arbiter_2_314.dqdimacs,83,85
./benchmark_tests/original/Biere/bitcell_16_2/pec_bit_cell_arbiter_2_314.dqdimacs,85,84
./benchmark_tests/original/Biere/bitcell_16_2/pec_bit_cell_arbiter_2_314.dqdimacs,86,84
./benchmark_tests/original/Biere/bitcell_16_2/pec_bit_cell_arbiter_2_314.dqdimacs,87,85
./benchmark_tests/original/Biere/bitcell_16_2/pec_bit_cell_arbiter_2_314.dqdimacs,88,84
./benchmark_tests/original/Biere/bitcell_16_2/pec_bit_cell_arbiter_2_314.dqdimacs,89,84
./benchmark_tests/original/Biere/bitcell_16_2/pec_bit_cell_arbiter_2_314.dqdimacs,90,85
./benchmark_tests/original/Biere/bitcell_16_2/pec_bit_cell_arbiter_2_314.dqdimacs,91,85
./benchmark_tests/original/Biere/bitcell_16_2/pec_bit_cell_arbiter_2_314.dqdimacs,93,85
./benchmark_tests/original/Biere/bitcell_16_2/pec_bit_cell_arbiter_2_314.dqdimacs,94,84
./benchmark_tests/original/Biere/bitcell_16_2/pec_bit_cell_arbiter_2_314.dqdimacs,95,83
./benchmark_tests/original/Biere/bitcell_16_2/pec_bit_cell_arbiter_2_314.dqdimacs,96,84
./benchmark_tests/original/Biere/bitcell_16_2/pec_bit_cell_arbiter_2_314.dqdimacs,97,84
./benchmark_tests/original/Biere/bitcell_16_2/pec_bit_cell_arbiter_2_314.dqdimacs,98,85
./benchmark_tests/original/Biere/bitcell_16_2/pec_bit_cell_arbiter_2_314.dqdimacs,99,85
./benchmark_tests/original/Biere/bitcell_16_2/pec_bit_cell_arbiter_2_314.dqdimacs,101,84
./benchmark_tests/original/Biere/bitcell_16_2/pec_bit_cell_arbiter_2_314.dqdimacs,102,85
./benchmark_tests/original/Biere/bitcell_16_2/pec_bit_cell_arbiter_2_314.dqdimacs,103,84
./benchmark_tests/original/Biere/bitcell_16_2/pec_bit_cell_arbiter_2_314.dqdimacs,104,84
./benchmark_tests/original/Biere/bitcell_16_2/pec_bit_cell_arbiter_2_314.dqdimacs,105,85
./benchmark_tests/original/Biere/bitcell_16_2/pec_bit_cell_arbiter_2_314.dqdimacs,106,85
./benchmark_tests/original/Biere/bitcell_16_2/pec_bit_cell_arbiter_2_314.dqdimacs,107,85
./benchmark_tests/original/Biere/bitcell_16_2/pec_bit_cell_arbiter_2_314.dqdimacs,109,84
./benchmark_tests/original/Biere/bitcell_16_2/pec_bit_cell_arbiter_2_314.dqdimacs,110,85
./benchmark_tests/original/Biere/bitcell_16_2/pec_bit_cell_arbiter_2_314.dqdimacs,111,84
./benchmark_tests/original/Biere/bitcell_16_2/pec_bit_cell_arbiter_2_314.dqdimacs,112,85
./benchmark_tests/original/Biere/bitcell_16_2/pec_bit_cell_arbiter_2_314.dqdimacs,113,85
./benchmark_tests/original/Biere/bitcell_16_2/pec_bit_cell_arbiter_2_314.dqdimacs,114,85
./benchmark_tests/original/Biere/bitcell_16_2/pec_bit_cell_arbiter_2_314.dqdimacs,115,85
./benchmark_tests/original/Biere/bitcell_16_2/pec_bit_cell_arbiter_2_314.dqdimacs,117,84
./benchmark_tests/original/Biere/bitcell_16_2/pec_bit_cell_arbiter_2_314.dqdimacs,118,85
./benchmark_tests/original/Biere/bitcell_16_2/pec_bit_cell_arbiter_2_314.dqdimacs,119,85
./benchmark_tests/original/Biere/bitcell_16_2/pec_bit_cell_arbiter_2_314.dqdimacs,120,84
./benchmark_tests/original/Biere/bitcell_16_2/pec_bit_cell_arbiter_2_314.dqdimacs,121,85
./benchmark_tests/original/Biere/bitcell_16_2/pec_bit_cell_arbiter_2_314.dqdimacs,122,85
./benchmark_tests/original/Biere/bitcell_16_2/pec_bit_cell_arbiter_2_314.dqdimacs,123,85
./benchmark_tests/original/Biere/bitcell_16_2/pec_bit_cell_arbiter_2_314.dqdimacs,125,84
./benchmark_tests/original/Biere/bitcell_16_2/pec_bit_cell_arbiter_2_314.dqdimacs,126,85
./benchmark_tests/original/Biere/bitcell_16_2/pec_bit_cell_arbiter_2_314.dqdimacs,127,84
./benchmark_tests/original/Biere/bitcell_16_2/pec_bit_cell_arbiter_2_314.dqdimacs,128,84
./benchmark_tests/original/Biere/bitcell_16_2/pec_bit_cell_arbiter_2_314.dqdimacs,129,84
./benchmark_tests/original/Biere/bitcell_16_2/pec_bit_cell_arbiter_2_314.dqdimacs,130,85
./benchmark_tests/original/Biere/bitcell_16_2/pec_bit_cell_arbiter_2_314.dqdimacs,131,85
./benchmark_tests/original/Biere/bitcell_16_2/pec_bit_cell_arbiter_2_314.dqdimacs,132,84
./benchmark_tests/original/Biere/bitcell_16_2/pec_bit_cell_arbiter_2_314.dqdimacs,133,85
./benchmark_tests/original/Biere/bitcell_16_2/pec_bit_cell_arbiter_2_314.dqdimacs,134,85
./benchmark_tests/original/Biere/bitcell_16_2/pec_bit_cell_arbiter_2_314.dqdimacs,135,85
./benchmark_tests/original/Biere/bitcell_16_2/pec_bit_cell_arbiter_2_314.dqdimacs,136,85
./benchmark_tests/original/Biere/bitcell_16_2/pec_bit_cell_arbiter_2_314.dqdimacs,137,84
./benchmark_tests/original/Biere/bitcell_16_2/pec_bit_cell_arbiter_2_315.dqdimacs,3,349
./benchmark_tests/original/Biere/bitcell_16_2/pec_bit_cell_arbiter_2_315.dqdimacs,5,341
./benchmark_tests/original/Biere/bitcell_16_2/pec_bit_cell_arbiter_2_315.dqdimacs,7,327
./benchmark_tests/original/Biere/bitcell_16_2/pec_bit_cell_arbiter_2_315.dqdimacs,9,346
./benchmark_tests/original/Biere/bitcell_16_2/pec_bit_cell_arbiter_2_315.dqdimacs,11,332
./benchmark_tests/original/Biere/bitcell_16_2/pec_bit_cell_arbiter_2_315.dqdimacs,12,283
./benchmark_tests/original/Biere/bitcell_16_2/pec_bit_cell_arbiter_2_315.dqdimacs,13,234
./benchmark_tests/original/Biere/bitcell_16_2/pec_bit_cell_arbiter_2_315.dqdimacs,14,199
./benchmark_tests/original/Biere/bitcell_16_2/pec_bit_cell_arbiter_2_315.dqdimacs,15,205
./benchmark_tests/original/Biere/bitcell_16_2/pec_bit_cell_arbiter_2_315.dqdimacs,16,171
./benchmark_tests/original/Biere/bitcell_16_2/pec_bit_cell_arbiter_2_315.dqdimacs,17,171
./benchmark_tests/original/Biere/bitcell_16_2/pec_bit_cell_arbiter_2_315.dqdimacs,18,171
./benchmark_tests/original/Biere/bitcell_16_2/pec_bit_cell_arbiter_2_315.dqdimacs,19,170
./benchmark_tests/original/Biere/bitcell_16_2/pec_bit_cell_arbiter_2_315.dqdimacs,22,170
./benchmark_tests/original/Biere/bitcell_16_2/pec_bit_cell_arbiter_2_315.dqdimacs,24,170
./benchmark_tests/original/Biere/bitcell_16_2/pec_bit_cell_arbiter_2_315.dqdimacs,26,170
./benchmark_tests/original/Biere/bitcell_16_2/pec_bit_cell_arbiter_2_315.dqdimacs,28,171
./benchmark_tests/original/Biere/bitcell_16_2/pec_bit_cell_arbiter_2_315.dqdimacs,30,171
./benchmark_tests/original/Biere/bitcell_16_2/pec_bit_cell_arbiter_2_315.dqdimacs,32,171
./benchmark_tests/original/Biere/bitcell_16_2/pec_bit_cell_arbiter_2_315.dqdimacs,33,171
./benchmark_tests/original/Biere/bitcell_16_2/pec_bit_cell_arbiter_2_315.dqdimacs,34,170
./benchmark_tests/original/Biere/bitcell_16_2/pec_bit_cell_arbiter_2_315.dqdimacs,35,170
./benchmark_tests/original/Biere/bitcell_16_2/pec_bit_cell_arbiter_2_315.dqdimacs,36,175
./benchmark_tests/original/Biere/bitcell_16_2/pec_bit_cell_arbiter_2_315.dqdimacs,37,171
./benchmark_tests/original/Biere/bitcell_16_2/pec_bit_cell_arbiter_2_315.dqdimacs,38,170
./benchmark_tests/original/Biere/bitcell_16_2/pec_bit_cell_arbiter_2_315.dqdimacs,39,170
./benchmark_tests/original/Biere/bitcell_16_2/pec_bit_cell_arbiter_2_315.dqdimacs,40,171
./benchmark_tests/original/Biere/bitcell_16_2/pec_bit_cell_arbiter_2_315.dqdimacs,41,171
./benchmark_tests/original/Biere/bitcell_16_2/pec_bit_cell_arbiter_2_315.dqdimacs,42,171
./benchmark_tests/original/Biere/bitcell_16_2/pec_bit_cell_arbiter_2_315.dqdimacs,43,170
./benchmark_tests/original/Biere/bitcell_16_2/pec_bit_cell_arbiter_2_315.dqdimacs,44,170
./benchmark_tests/original/Biere/bitcell_16_2/pec_bit_cell_arbiter_2_315.dqdimacs,45,169
./benchmark_tests/original/Biere/bitcell_16_2/pec_bit_cell_arbiter_2_315.dqdimacs,46,170
./benchmark_tests/original/Biere/bitcell_16_2/pec_bit_cell_arbiter_2_315.dqdimacs,47,170
./benchmark_tests/original/Biere/bitcell_16_2/pec_bit_cell_arbiter_2_315.dqdimacs,48,171
./benchmark_tests/original/Biere/bitcell_16_2/pec_bit_cell_arbiter_2_315.dqdimacs,49,170
./benchmark_tests/original/Biere/bitcell_16_2/pec_bit_cell_arbiter_2_315.dqdimacs,50,171
./benchmark_tests/original/Biere/bitcell_16_2/pec_bit_cell_arbiter_2_315.dqdimacs,51,170
./benchmark_tests/original/Biere/bitcell_16_2/pec_bit_cell_arbiter_2_315.dqdimacs,52,170
./benchmark_tests/original/Biere/bitcell_16_2/pec_bit_cell_arbiter_2_315.dqdimacs,53,171
./benchmark_tests/original/Biere/bitcell_16_2/pec_bit_cell_arbiter_2_315.dqdimacs,54,170
./benchmark_tests/original/Biere/bitcell_16_2/pec_bit_cell_arbiter_2_315.dqdimacs,55,170
./benchmark_tests/original/Biere/bitcell_16_2/pec_bit_cell_arbiter_2_315.dqdimacs,56,170
./benchmark_tests/original/Biere/bitcell_16_2/pec_bit_cell_arbiter_2_315.dqdimacs,57,170
./benchmark_tests/original/Biere/bitcell_16_2/pec_bit_cell_arbiter_2_315.dqdimacs,58,171
./benchmark_tests/original/Biere/bitcell_16_2/pec_bit_cell_arbiter_2_315.dqdimacs,60,171
./benchmark_tests/original/Biere/bitcell_16_2/pec_bit_cell_arbiter_2_315.dqdimacs,61,169
./benchmark_tests/original/Biere/bitcell_16_2/pec_bit_cell_arbiter_2_315.dqdimacs,62,170
./benchmark_tests/original/Biere/bitcell_16_2/pec_bit_cell_arbiter_2_315.dqdimacs,63,170
./benchmark_tests/original/Biere/bitcell_16_2/pec_bit_cell_arbiter_2_315.dqdimacs,64,170
./benchmark_tests/original/Biere/bitcell_16_2/pec_bit_cell_arbiter_2_315.dqdimacs,65,171
./benchmark_tests/original/Biere/bitcell_16_2/pec_bit_cell_arbiter_2_315.dqdimacs,66,171
./benchmark_tests/original/Biere/bitcell_16_2/pec_bit_cell_arbiter_2_315.dqdimacs,67,171
./benchmark_tests/original/Biere/bitcell_16_2/pec_bit_cell_arbiter_2_315.dqdimacs,68,171
./benchmark_tests/original/Biere/bitcell_16_2/pec_bit_cell_arbiter_2_315.dqdimacs,69,172
./benchmark_tests/original/Biere/bitcell_16_2/pec_bit_cell_arbiter_2_315.dqdimacs,70,171
./benchmark_tests/original/Biere/bitcell_16_2/pec_bit_cell_arbiter_2_315.dqdimacs,71,170
./benchmark_tests/original/Biere/bitcell_16_2/pec_bit_cell_arbiter_2_315.dqdimacs,72,171
./benchmark_tests/original/Biere/bitcell_16_2/pec_bit_cell_arbiter_2_315.dqdimacs,73,171
./benchmark_tests/original/Biere/bitcell_16_2/pec_bit_cell_arbiter_2_315.dqdimacs,74,171
./benchmark_tests/original/Biere/bitcell_16_2/pec_bit_cell_arbiter_2_315.dqdimacs,75,171
./benchmark_tests/original/Biere/bitcell_16_2/pec_bit_cell_arbiter_2_315.dqdimacs,76,171
./benchmark_tests/original/Biere/bitcell_16_2/pec_bit_cell_arbiter_2_315.dqdimacs,77,171
./benchmark_tests/original/Biere/bitcell_16_2/pec_bit_cell_arbiter_2_315.dqdimacs,78,171
./benchmark_tests/original/Biere/bitcell_16_2/pec_bit_cell_arbiter_2_315.dqdimacs,79,170
./benchmark_tests/original/Biere/bitcell_16_2/pec_bit_cell_arbiter_2_315.dqdimacs,80,171
./benchmark_tests/original/Biere/bitcell_16_2/pec_bit_cell_arbiter_2_315.dqdimacs,81,171
./benchmark_tests/original/Biere/bitcell_16_2/pec_bit_cell_arbiter_2_315.dqdimacs,82,170
./benchmark_tests/original/Biere/bitcell_16_2/pec_bit_cell_arbiter_2_315.dqdimacs,83,171
./benchmark_tests/original/Biere/bitcell_16_2/pec_bit_cell_arbiter_2_315.dqdimacs,84,170
./benchmark_tests/original/Biere/bitcell_16_2/pec_bit_cell_arbiter_2_315.dqdimacs,85,170
./benchmark_tests/original/Biere/bitcell_16_2/pec_bit_cell_arbiter_2_315.dqdimacs,86,171
./benchmark_tests/original/Biere/bitcell_16_2/pec_bit_cell_arbiter_2_315.dqdimacs,87,171
./benchmark_tests/original/Biere/bitcell_16_2/pec_bit_cell_arbiter_2_315.dqdimacs,88,170
./benchmark_tests/original/Biere/bitcell_16_2/pec_bit_cell_arbiter_2_315.dqdimacs,89,170
./benchmark_tests/original/Biere/bitcell_16_2/pec_bit_cell_arbiter_2_315.dqdimacs,90,171
./benchmark_tests/original/Biere/bitcell_16_2/pec_bit_cell_arbiter_2_315.dqdimacs,91,171
./benchmark_tests/original/Biere/bitcell_16_2/pec_bit_cell_arbiter_2_315.dqdimacs,92,171
./benchmark_tests/original/Biere/bitcell_16_2/pec_bit_cell_arbiter_2_315.dqdimacs,93,171
./benchmark_tests/original/Biere/bitcell_16_2/pec_bit_cell_arbiter_2_315.dqdimacs,94,170
./benchmark_tests/original/Biere/bitcell_16_2/pec_bit_cell_arbiter_2_315.dqdimacs,96,171
./benchmark_tests/original/Biere/bitcell_16_2/pec_bit_cell_arbiter_2_315.dqdimacs,97,171
./benchmark_tests/original/Biere/bitcell_16_2/pec_bit_cell_arbiter_2_315.dqdimacs,98,171
./benchmark_tests/original/Biere/bitcell_16_2/pec_bit_cell_arbiter_2_315.dqdimacs,99,171
./benchmark_tests/original/Biere/bitcell_16_2/pec_bit_cell_arbiter_2_315.dqdimacs,101,172
./benchmark_tests/original/Biere/bitcell_16_2/pec_bit_cell_arbiter_2_315.dqdimacs,102,170
./benchmark_tests/original/Biere/bitcell_16_2/pec_bit_cell_arbiter_2_315.dqdimacs,103,171
./benchmark_tests/original/Biere/bitcell_16_2/pec_bit_cell_arbiter_2_315.dqdimacs,104,171
./benchmark_tests/original/Biere/bitcell_16_2/pec_bit_cell_arbiter_2_315.dqdimacs,105,172
./benchmark_tests/original/Biere/bitcell_16_2/pec_bit_cell_arbiter_2_315.dqdimacs,106,171
./benchmark_tests/original/Biere/bitcell_16_2/pec_bit_cell_arbiter_2_315.dqdimacs,107,170
./benchmark_tests/original/Biere/bitcell_16_2/pec_bit_cell_arbiter_2_315.dqdimacs,109,170
./benchmark_tests/original/Biere/bitcell_16_2/pec_bit_cell_arbiter_2_315.dqdimacs,110,171
./benchmark_tests/original/Biere/bitcell_16_2/pec_bit_cell_arbiter_2_315.dqdimacs,111,170
./benchmark_tests/original/Biere/bitcell_16_2/pec_bit_cell_arbiter_2_315.dqdimacs,112,171
./benchmark_tests/original/Biere/bitcell_16_2/pec_bit_cell_arbiter_2_315.dqdimacs,113,171
./benchmark_tests/original/Biere/bitcell_16_2/pec_bit_cell_arbiter_2_315.dqdimacs,114,171
./benchmark_tests/original/Biere/bitcell_16_2/pec_bit_cell_arbiter_2_315.dqdimacs,115,171
./benchmark_tests/original/Biere/bitcell_16_2/pec_bit_cell_arbiter_2_315.dqdimacs,117,171
./benchmark_tests/original/Biere/bitcell_16_2/pec_bit_cell_arbiter_2_315.dqdimacs,118,171
./benchmark_tests/original/Biere/bitcell_16_2/pec_bit_cell_arbiter_2_315.dqdimacs,119,171
./benchmark_tests/original/Biere/bitcell_16_2/pec_bit_cell_arbiter_2_315.dqdimacs,120,171
./benchmark_tests/original/Biere/bitcell_16_2/pec_bit_cell_arbiter_2_315.dqdimacs,121,170
./benchmark_tests/original/Biere/bitcell_16_2/pec_bit_cell_arbiter_2_315.dqdimacs,122,171
./benchmark_tests/original/Biere/bitcell_16_2/pec_bit_cell_arbiter_2_315.dqdimacs,123,171
./benchmark_tests/original/Biere/bitcell_16_2/pec_bit_cell_arbiter_2_315.dqdimacs,125,170
./benchmark_tests/original/Biere/bitcell_16_2/pec_bit_cell_arbiter_2_315.dqdimacs,126,170
./benchmark_tests/original/Biere/bitcell_16_2/pec_bit_cell_arbiter_2_315.dqdimacs,127,171
./benchmark_tests/original/Biere/bitcell_16_2/pec_bit_cell_arbiter_2_315.dqdimacs,128,171
./benchmark_tests/original/Biere/bitcell_16_2/pec_bit_cell_arbiter_2_315.dqdimacs,129,171
./benchmark_tests/original/Biere/bitcell_16_2/pec_bit_cell_arbiter_2_315.dqdimacs,130,171
./benchmark_tests/original/Biere/bitcell_16_2/pec_bit_cell_arbiter_2_315.dqdimacs,131,171
./benchmark_tests/original/Biere/bitcell_16_2/pec_bit_cell_arbiter_2_315.dqdimacs,132,169
./benchmark_tests/original/Biere/bitcell_16_2/pec_bit_cell_arbiter_2_315.dqdimacs,133,171
./benchmark_tests/original/Biere/bitcell_16_2/pec_bit_cell_arbiter_2_315.dqdimacs,134,171
./benchmark_tests/original/Biere/bitcell_16_2/pec_bit_cell_arbiter_2_315.dqdimacs,135,172
./benchmark_tests/original/Biere/bitcell_16_2/pec_bit_cell_arbiter_2_315.dqdimacs,136,171
./benchmark_tests/original/Biere/bitcell_16_2/pec_bit_cell_arbiter_2_315.dqdimacs,137,172
./benchmark_tests/original/Biere/bitcell_16_2/pec_bit_cell_arbiter_2_324.dqdimacs,3,156
./benchmark_tests/original/Biere/bitcell_16_2/pec_bit_cell_arbiter_2_324.dqdimacs,5,151
./benchmark_tests/original/Biere/bitcell_16_2/pec_bit_cell_arbiter_2_324.dqdimacs,7,146
./benchmark_tests/original/Biere/bitcell_16_2/pec_bit_cell_arbiter_2_324.dqdimacs,9,124
./benchmark_tests/original/Biere/bitcell_16_2/pec_bit_cell_arbiter_2_324.dqdimacs,11,125
./benchmark_tests/original/Biere/bitcell_16_2/pec_bit_cell_arbiter_2_324.dqdimacs,12,124
./benchmark_tests/original/Biere/bitcell_16_2/pec_bit_cell_arbiter_2_324.dqdimacs,13,125
./benchmark_tests/original/Biere/bitcell_16_2/pec_bit_cell_arbiter_2_324.dqdimacs,14,124
./benchmark_tests/original/Biere/bitcell_16_2/pec_bit_cell_arbiter_2_324.dqdimacs,15,124
./benchmark_tests/original/Biere/bitcell_16_2/pec_bit_cell_arbiter_2_324.dqdimacs,16,126
./benchmark_tests/original/Biere/bitcell_16_2/pec_bit_cell_arbiter_2_324.dqdimacs,17,124
./benchmark_tests/original/Biere/bitcell_16_2/pec_bit_cell_arbiter_2_324.dqdimacs,18,164
./benchmark_tests/original/Biere/bitcell_16_2/pec_bit_cell_arbiter_2_324.dqdimacs,19,113
./benchmark_tests/original/Biere/bitcell_16_2/pec_bit_cell_arbiter_2_324.dqdimacs,22,105
./benchmark_tests/original/Biere/bitcell_16_2/pec_bit_cell_arbiter_2_324.dqdimacs,24,98
./benchmark_tests/original/Biere/bitcell_16_2/pec_bit_cell_arbiter_2_324.dqdimacs,26,93
./benchmark_tests/original/Biere/bitcell_16_2/pec_bit_cell_arbiter_2_324.dqdimacs,28,86
./benchmark_tests/original/Biere/bitcell_16_2/pec_bit_cell_arbiter_2_324.dqdimacs,30,80
./benchmark_tests/original/Biere/bitcell_16_2/pec_bit_cell_arbiter_2_324.dqdimacs,32,76
./benchmark_tests/original/Biere/bitcell_16_2/pec_bit_cell_arbiter_2_324.dqdimacs,34,72
./benchmark_tests/original/Biere/bitcell_16_2/pec_bit_cell_arbiter_2_324.dqdimacs,36,69
./benchmark_tests/original/Biere/bitcell_16_2/pec_bit_cell_arbiter_2_324.dqdimacs,38,67
./benchmark_tests/original/Biere/bitcell_16_2/pec_bit_cell_arbiter_2_324.dqdimacs,39,67
./benchmark_tests/original/Biere/bitcell_16_2/pec_bit_cell_arbiter_2_324.dqdimacs,40,67
./benchmark_tests/original/Biere/bitcell_16_2/pec_bit_cell_arbiter_2_324.dqdimacs,41,67
./benchmark_tests/original/Biere/bitcell_16_2/pec_bit_cell_arbiter_2_324.dqdimacs,42,67
./benchmark_tests/original/Biere/bitcell_16_2/pec_bit_cell_arbiter_2_324.dqdimacs,43,67
./benchmark_tests/original/Biere/bitcell_16_2/pec_bit_cell_arbiter_2_324.dqdimacs,44,67
./benchmark_tests/original/Biere/bitcell_16_2/pec_bit_cell_arbiter_2_324.dqdimacs,45,72
./benchmark_tests/original/Biere/bitcell_16_2/pec_bit_cell_arbiter_2_324.dqdimacs,46,69
./benchmark_tests/original/Biere/bitcell_16_2/pec_bit_cell_arbiter_2_324.dqdimacs,47,67
./benchmark_tests/original/Biere/bitcell_16_2/pec_bit_cell_arbiter_2_324.dqdimacs,48,67
./benchmark_tests/original/Biere/bitcell_16_2/pec_bit_cell_arbiter_2_324.dqdimacs,49,66
./benchmark_tests/original/Biere/bitcell_16_2/pec_bit_cell_arbiter_2_324.dqdimacs,50,68
./benchmark_tests/original/Biere/bitcell_16_2/pec_bit_cell_arbiter_2_324.dqdimacs,51,67
./benchmark_tests/original/Biere/bitcell_16_2/pec_bit_cell_arbiter_2_324.dqdimacs,52,67
./benchmark_tests/original/Biere/bitcell_16_2/pec_bit_cell_arbiter_2_324.dqdimacs,53,67
./benchmark_tests/original/Biere/bitcell_16_2/pec_bit_cell_arbiter_2_324.dqdimacs,54,68
./benchmark_tests/original/Biere/bitcell_16_2/pec_bit_cell_arbiter_2_324.dqdimacs,55,67
./benchmark_tests/original/Biere/bitcell_16_2/pec_bit_cell_arbiter_2_324.dqdimacs,56,67
./benchmark_tests/original/Biere/bitcell_16_2/pec_bit_cell_arbiter_2_324.dqdimacs,57,67
./benchmark_tests/original/Biere/bitcell_16_2/pec_bit_cell_arbiter_2_324.dqdimacs,58,67
./benchmark_tests/original/Biere/bitcell_16_2/pec_bit_cell_arbiter_2_324.dqdimacs,59,67
./benchmark_tests/original/Biere/bitcell_16_2/pec_bit_cell_arbiter_2_324.dqdimacs,60,68
./benchmark_tests/original/Biere/bitcell_16_2/pec_bit_cell_arbiter_2_324.dqdimacs,61,68
./benchmark_tests/original/Biere/bitcell_16_2/pec_bit_cell_arbiter_2_324.dqdimacs,62,68
./benchmark_tests/original/Biere/bitcell_16_2/pec_bit_cell_arbiter_2_324.dqdimacs,63,68
./benchmark_tests/original/Biere/bitcell_16_2/pec_bit_cell_arbiter_2_324.dqdimacs,64,67
./benchmark_tests/original/Biere/bitcell_16_2/pec_bit_cell_arbiter_2_324.dqdimacs,65,68
./benchmark_tests/original/Biere/bitcell_16_2/pec_bit_cell_arbiter_2_324.dqdimacs,66,67
./benchmark_tests/original/Biere/bitcell_16_2/pec_bit_cell_arbiter_2_324.dqdimacs,67,68
./benchmark_tests/original/Biere/bitcell_16_2/pec_bit_cell_arbiter_2_324.dqdimacs,68,68
./benchmark_tests/original/Biere/bitcell_16_2/pec_bit_cell_arbiter_2_324.dqdimacs,69,68
./benchmark_tests/original/Biere/bitcell_16_2/pec_bit_cell_arbiter_2_324.dqdimacs,70,68
./benchmark_tests/original/Biere/bitcell_16_2/pec_bit_cell_arbiter_2_324.dqdimacs,71,68
./benchmark_tests/original/Biere/bitcell_16_2/pec_bit_cell_arbiter_2_324.dqdimacs,72,68
./benchmark_tests/original/Biere/bitcell_16_2/pec_bit_cell_arbiter_2_324.dqdimacs,73,68
./benchmark_tests/original/Biere/bitcell_16_2/pec_bit_cell_arbiter_2_324.dqdimacs,74,68
./benchmark_tests/original/Biere/bitcell_16_2/pec_bit_cell_arbiter_2_324.dqdimacs,75,68
./benchmark_tests/original/Biere/bitcell_16_2/pec_bit_cell_arbiter_2_324.dqdimacs,76,68
./benchmark_tests/original/Biere/bitcell_16_2/pec_bit_cell_arbiter_2_324.dqdimacs,77,68
./benchmark_tests/original/Biere/bitcell_16_2/pec_bit_cell_arbiter_2_324.dqdimacs,78,68
./benchmark_tests/original/Biere/bitcell_16_2/pec_bit_cell_arbiter_2_324.dqdimacs,79,67
./benchmark_tests/original/Biere/bitcell_16_2/pec_bit_cell_arbiter_2_324.dqdimacs,80,68
./benchmark_tests/original/Biere/bitcell_16_2/pec_bit_cell_arbiter_2_324.dqdimacs,81,68
./benchmark_tests/original/Biere/bitcell_16_2/pec_bit_cell_arbiter_2_324.dqdimacs,82,68
./benchmark_tests/original/Biere/bitcell_16_2/pec_bit_cell_arbiter_2_324.dqdimacs,83,68
./benchmark_tests/original/Biere/bitcell_16_2/pec_bit_cell_arbiter_2_324.dqdimacs,84,68
./benchmark_tests/original/Biere/bitcell_16_2/pec_bit_cell_arbiter_2_324.dqdimacs,85,67
./benchmark_tests/original/Biere/bitcell_16_2/pec_bit_cell_arbiter_2_324.dqdimacs,86,68
./benchmark_tests/original/Biere/bitcell_16_2/pec_bit_cell_arbiter_2_324.dqdimacs,87,67
./benchmark_tests/original/Biere/bitcell_16_2/pec_bit_cell_arbiter_2_324.dqdimacs,88,68
./benchmark_tests/original/Biere/bitcell_16_2/pec_bit_cell_arbiter_2_324.dqdimacs,89,67
./benchmark_tests/original/Biere/bitcell_16_2/pec_bit_cell_arbiter_2_324.dqdimacs,90,68
./benchmark_tests/original/Biere/bitcell_16_2/pec_bit_cell_arbiter_2_324.dqdimacs,91,67
./benchmark_tests/original/Biere/bitcell_16_2/pec_bit_cell_arbiter_2_324.dqdimacs,92,68
./benchmark_tests/original/Biere/bitcell_16_2/pec_bit_cell_arbiter_2_324.dqdimacs,94,68
./benchmark_tests/original/Biere/bitcell_16_2/pec_bit_cell_arbiter_2_324.dqdimacs,95,67
./benchmark_tests/original/Biere/bitcell_16_2/pec_bit_cell_arbiter_2_324.dqdimacs,96,68
./benchmark_tests/original/Biere/bitcell_16_2/pec_bit_cell_arbiter_2_324.dqdimacs,98,67
./benchmark_tests/original/Biere/bitcell_16_2/pec_bit_cell_arbiter_2_324.dqdimacs,99,67
./benchmark_tests/original/Biere/bitcell_16_2/pec_bit_cell_arbiter_2_324.dqdimacs,100,67
./benchmark_tests/original/Biere/bitcell_16_2/pec_bit_cell_arbiter_2_324.dqdimacs,101,68
./benchmark_tests/original/Biere/bitcell_16_2/pec_bit_cell_arbiter_2_324.dqdimacs,102,67
./benchmark_tests/original/Biere/bitcell_16_2/pec_bit_cell_arbiter_2_324.dqdimacs,103,68
./benchmark_tests/original/Biere/bitcell_16_2/pec_bit_cell_arbiter_2_324.dqdimacs,104,68
./benchmark_tests/original/Biere/bitcell_16_2/pec_bit_cell_arbiter_2_324.dqdimacs,106,67
./benchmark_tests/original/Biere/bitcell_16_2/pec_bit_cell_arbiter_2_324.dqdimacs,107,67
./benchmark_tests/original/Biere/bitcell_16_2/pec_bit_cell_arbiter_2_324.dqdimacs,108,67
./benchmark_tests/original/Biere/bitcell_16_2/pec_bit_cell_arbiter_2_324.dqdimacs,109,67
./benchmark_tests/original/Biere/bitcell_16_2/pec_bit_cell_arbiter_2_324.dqdimacs,110,68
./benchmark_tests/original/Biere/bitcell_16_2/pec_bit_cell_arbiter_2_324.dqdimacs,111,68
./benchmark_tests/original/Biere/bitcell_16_2/pec_bit_cell_arbiter_2_324.dqdimacs,112,69
./benchmark_tests/original/Biere/bitcell_16_2/pec_bit_cell_arbiter_2_324.dqdimacs,113,68
./benchmark_tests/original/Biere/bitcell_16_2/pec_bit_cell_arbiter_2_324.dqdimacs,114,68
./benchmark_tests/original/Biere/bitcell_16_2/pec_bit_cell_arbiter_2_324.dqdimacs,115,68
./benchmark_tests/original/Biere/bitcell_16_2/pec_bit_cell_arbiter_2_324.dqdimacs,116,68
./benchmark_tests/original/Biere/bitcell_16_2/pec_bit_cell_arbiter_2_324.dqdimacs,117,68
./benchmark_tests/original/Biere/bitcell_16_2/pec_bit_cell_arbiter_2_324.dqdimacs,118,68
./benchmark_tests/original/Biere/bitcell_16_2/pec_bit_cell_arbiter_2_325.dqdimacs,3,282
./benchmark_tests/original/Biere/bitcell_16_2/pec_bit_cell_arbiter_2_325.dqdimacs,5,281
./benchmark_tests/original/Biere/bitcell_16_2/pec_bit_cell_arbiter_2_325.dqdimacs,7,279
./benchmark_tests/original/Biere/bitcell_16_2/pec_bit_cell_arbiter_2_325.dqdimacs,9,274
./benchmark_tests/original/Biere/bitcell_16_2/pec_bit_cell_arbiter_2_325.dqdimacs,11,275
./benchmark_tests/original/Biere/bitcell_16_2/pec_bit_cell_arbiter_2_325.dqdimacs,13,267
./benchmark_tests/original/Biere/bitcell_16_2/pec_bit_cell_arbiter_2_325.dqdimacs,15,234
./benchmark_tests/original/Biere/bitcell_16_2/pec_bit_cell_arbiter_2_325.dqdimacs,17,199
./benchmark_tests/original/Biere/bitcell_16_2/pec_bit_cell_arbiter_2_325.dqdimacs,18,173
./benchmark_tests/original/Biere/bitcell_16_2/pec_bit_cell_arbiter_2_325.dqdimacs,19,156
./benchmark_tests/original/Biere/bitcell_16_2/pec_bit_cell_arbiter_2_325.dqdimacs,20,147
./benchmark_tests/original/Biere/bitcell_16_2/pec_bit_cell_arbiter_2_325.dqdimacs,21,147
./benchmark_tests/original/Biere/bitcell_16_2/pec_bit_cell_arbiter_2_325.dqdimacs,22,145
./benchmark_tests/original/Biere/bitcell_16_2/pec_bit_cell_arbiter_2_325.dqdimacs,23,146
./benchmark_tests/original/Biere/bitcell_16_2/pec_bit_cell_arbiter_2_325.dqdimacs,24,145
./benchmark_tests/original/Biere/bitcell_16_2/pec_bit_cell_arbiter_2_325.dqdimacs,25,148
./benchmark_tests/original/Biere/bitcell_16_2/pec_bit_cell_arbiter_2_325.dqdimacs,26,147
./benchmark_tests/original/Biere/bitcell_16_2/pec_bit_cell_arbiter_2_325.dqdimacs,27,169
./benchmark_tests/original/Biere/bitcell_16_2/pec_bit_cell_arbiter_2_325.dqdimacs,28,146
./benchmark_tests/original/Biere/bitcell_16_2/pec_bit_cell_arbiter_2_325.dqdimacs,31,146
./benchmark_tests/original/Biere/bitcell_16_2/pec_bit_cell_arbiter_2_325.dqdimacs,33,145
./benchmark_tests/original/Biere/bitcell_16_2/pec_bit_cell_arbiter_2_325.dqdimacs,35,147
./benchmark_tests/original/Biere/bitcell_16_2/pec_bit_cell_arbiter_2_325.dqdimacs,37,148
./benchmark_tests/original/Biere/bitcell_16_2/pec_bit_cell_arbiter_2_325.dqdimacs,39,146
./benchmark_tests/original/Biere/bitcell_16_2/pec_bit_cell_arbiter_2_325.dqdimacs,41,148
./benchmark_tests/original/Biere/bitcell_16_2/pec_bit_cell_arbiter_2_325.dqdimacs,43,147
./benchmark_tests/original/Biere/bitcell_16_2/pec_bit_cell_arbiter_2_325.dqdimacs,44,146
./benchmark_tests/original/Biere/bitcell_16_2/pec_bit_cell_arbiter_2_325.dqdimacs,45,147
./benchmark_tests/original/Biere/bitcell_16_2/pec_bit_cell_arbiter_2_325.dqdimacs,46,147
./benchmark_tests/original/Biere/bitcell_16_2/pec_bit_cell_arbiter_2_325.dqdimacs,47,147
./benchmark_tests/original/Biere/bitcell_16_2/pec_bit_cell_arbiter_2_325.dqdimacs,48,145
./benchmark_tests/original/Biere/bitcell_16_2/pec_bit_cell_arbiter_2_325.dqdimacs,49,146
./benchmark_tests/original/Biere/bitcell_16_2/pec_bit_cell_arbiter_2_325.dqdimacs,50,146
./benchmark_tests/original/Biere/bitcell_16_2/pec_bit_cell_arbiter_2_325.dqdimacs,51,148
./benchmark_tests/original/Biere/bitcell_16_2/pec_bit_cell_arbiter_2_325.dqdimacs,52,146
./benchmark_tests/original/Biere/bitcell_16_2/pec_bit_cell_arbiter_2_325.dqdimacs,53,147
./benchmark_tests/original/Biere/bitcell_16_2/pec_bit_cell_arbiter_2_325.dqdimacs,54,146
./benchmark_tests/original/Biere/bitcell_16_2/pec_bit_cell_arbiter_2_325.dqdimacs,55,145
./benchmark_tests/original/Biere/bitcell_16_2/pec_bit_cell_arbiter_2_325.dqdimacs,56,145
./benchmark_tests/original/Biere/bitcell_16_2/pec_bit_cell_arbiter_2_325.dqdimacs,57,145
./benchmark_tests/original/Biere/bitcell_16_2/pec_bit_cell_arbiter_2_325.dqdimacs,58,145
./benchmark_tests/original/Biere/bitcell_16_2/pec_bit_cell_arbiter_2_325.dqdimacs,59,148
./benchmark_tests/original/Biere/bitcell_16_2/pec_bit_cell_arbiter_2_325.dqdimacs,60,146
./benchmark_tests/original/Biere/bitcell_16_2/pec_bit_cell_arbiter_2_325.dqdimacs,61,146
./benchmark_tests/original/Biere/bitcell_16_2/pec_bit_cell_arbiter_2_325.dqdimacs,62,146
./benchmark_tests/original/Biere/bitcell_16_2/pec_bit_cell_arbiter_2_325.dqdimacs,63,149
./benchmark_tests/original/Biere/bitcell_16_2/pec_bit_cell_arbiter_2_325.dqdimacs,64,146
./benchmark_tests/original/Biere/bitcell_16_2/pec_bit_cell_arbiter_2_325.dqdimacs,65,146
./benchmark_tests/original/Biere/bitcell_16_2/pec_bit_cell_arbiter_2_325.dqdimacs,66,146
./benchmark_tests/original/Biere/bitcell_16_2/pec_bit_cell_arbiter_2_325.dqdimacs,67,146
./benchmark_tests/original/Biere/bitcell_16_2/pec_bit_cell_arbiter_2_325.dqdimacs,68,146
./benchmark_tests/original/Biere/bitcell_16_2/pec_bit_cell_arbiter_2_325.dqdimacs,69,146
./benchmark_tests/original/Biere/bitcell_16_2/pec_bit_cell_arbiter_2_325.dqdimacs,70,146
./benchmark_tests/original/Biere/bitcell_16_2/pec_bit_cell_arbiter_2_325.dqdimacs,71,147
./benchmark_tests/original/Biere/bitcell_16_2/pec_bit_cell_arbiter_2_325.dqdimacs,72,146
./benchmark_tests/original/Biere/bitcell_16_2/pec_bit_cell_arbiter_2_325.dqdimacs,73,146
./benchmark_tests/original/Biere/bitcell_16_2/pec_bit_cell_arbiter_2_325.dqdimacs,74,147
./benchmark_tests/original/Biere/bitcell_16_2/pec_bit_cell_arbiter_2_325.dqdimacs,75,147
./benchmark_tests/original/Biere/bitcell_16_2/pec_bit_cell_arbiter_2_325.dqdimacs,76,147
./benchmark_tests/original/Biere/bitcell_16_2/pec_bit_cell_arbiter_2_325.dqdimacs,77,148
./benchmark_tests/original/Biere/bitcell_16_2/pec_bit_cell_arbiter_2_325.dqdimacs,79,147
./benchmark_tests/original/Biere/bitcell_16_2/pec_bit_cell_arbiter_2_325.dqdimacs,80,146
./benchmark_tests/original/Biere/bitcell_16_2/pec_bit_cell_arbiter_2_325.dqdimacs,81,146
./benchmark_tests/original/Biere/bitcell_16_2/pec_bit_cell_arbiter_2_325.dqdimacs,82,147
./benchmark_tests/original/Biere/bitcell_16_2/pec_bit_cell_arbiter_2_325.dqdimacs,83,146
./benchmark_tests/original/Biere/bitcell_16_2/pec_bit_cell_arbiter_2_325.dqdimacs,84,147
./benchmark_tests/original/Biere/bitcell_16_2/pec_bit_cell_arbiter_2_325.dqdimacs,85,147
./benchmark_tests/original/Biere/bitcell_16_2/pec_bit_cell_arbiter_2_325.dqdimacs,86,149
./benchmark_tests/original/Biere/bitcell_16_2/pec_bit_cell_arbiter_2_325.dqdimacs,87,150
./benchmark_tests/original/Biere/bitcell_16_2/pec_bit_cell_arbiter_2_325.dqdimacs,88,147
./benchmark_tests/original/Biere/bitcell_16_2/pec_bit_cell_arbiter_2_325.dqdimacs,89,147
./benchmark_tests/original/Biere/bitcell_16_2/pec_bit_cell_arbiter_2_325.dqdimacs,90,148
./benchmark_tests/original/Biere/bitcell_16_2/pec_bit_cell_arbiter_2_325.dqdimacs,91,147
./benchmark_tests/original/Biere/bitcell_16_2/pec_bit_cell_arbiter_2_325.dqdimacs,92,146
./benchmark_tests/original/Biere/bitcell_16_2/pec_bit_cell_arbiter_2_325.dqdimacs,93,146
./benchmark_tests/original/Biere/bitcell_16_2/pec_bit_cell_arbiter_2_325.dqdimacs,94,147
./benchmark_tests/original/Biere/bitcell_16_2/pec_bit_cell_arbiter_2_325.dqdimacs,95,147
./benchmark_tests/original/Biere/bitcell_16_2/pec_bit_cell_arbiter_2_325.dqdimacs,96,148
./benchmark_tests/original/Biere/bitcell_16_2/pec_bit_cell_arbiter_2_325.dqdimacs,97,147
./benchmark_tests/original/Biere/bitcell_16_2/pec_bit_cell_arbiter_2_325.dqdimacs,98,147
./benchmark_tests/original/Biere/bitcell_16_2/pec_bit_cell_arbiter_2_325.dqdimacs,99,146
./benchmark_tests/original/Biere/bitcell_16_2/pec_bit_cell_arbiter_2_325.dqdimacs,100,147
./benchmark_tests/original/Biere/bitcell_16_2/pec_bit_cell_arbiter_2_325.dqdimacs,101,148
./benchmark_tests/original/Biere/bitcell_16_2/pec_bit_cell_arbiter_2_325.dqdimacs,102,148
./benchmark_tests/original/Biere/bitcell_16_2/pec_bit_cell_arbiter_2_325.dqdimacs,103,148
./benchmark_tests/original/Biere/bitcell_16_2/pec_bit_cell_arbiter_2_325.dqdimacs,104,149
./benchmark_tests/original/Biere/bitcell_16_2/pec_bit_cell_arbiter_2_325.dqdimacs,105,147
./benchmark_tests/original/Biere/bitcell_16_2/pec_bit_cell_arbiter_2_325.dqdimacs,106,148
./benchmark_tests/original/Biere/bitcell_16_2/pec_bit_cell_arbiter_2_325.dqdimacs,107,149
./benchmark_tests/original/Biere/bitcell_16_2/pec_bit_cell_arbiter_2_325.dqdimacs,108,148
./benchmark_tests/original/Biere/bitcell_16_2/pec_bit_cell_arbiter_2_325.dqdimacs,109,148
./benchmark_tests/original/Biere/bitcell_16_2/pec_bit_cell_arbiter_2_325.dqdimacs,110,148
./benchmark_tests/original/Biere/bitcell_16_2/pec_bit_cell_arbiter_2_325.dqdimacs,111,148
./benchmark_tests/original/Biere/bitcell_16_2/pec_bit_cell_arbiter_2_325.dqdimacs,112,146
./benchmark_tests/original/Biere/bitcell_16_2/pec_bit_cell_arbiter_2_325.dqdimacs,113,146
./benchmark_tests/original/Biere/bitcell_16_2/pec_bit_cell_arbiter_2_325.dqdimacs,114,146
./benchmark_tests/original/Biere/bitcell_16_2/pec_bit_cell_arbiter_2_325.dqdimacs,115,147
./benchmark_tests/original/Biere/bitcell_16_2/pec_bit_cell_arbiter_2_325.dqdimacs,116,147
./benchmark_tests/original/Biere/bitcell_16_2/pec_bit_cell_arbiter_2_325.dqdimacs,117,147
./benchmark_tests/original/Biere/bitcell_16_2/pec_bit_cell_arbiter_2_325.dqdimacs,118,147
./benchmark_tests/original/Biere/bitcell_16_2/pec_bit_cell_arbiter_2_325.dqdimacs,120,148
./benchmark_tests/original/Biere/bitcell_16_2/pec_bit_cell_arbiter_2_325.dqdimacs,121,147
./benchmark_tests/original/Biere/bitcell_16_2/pec_bit_cell_arbiter_2_325.dqdimacs,122,148
./benchmark_tests/original/Biere/bitcell_16_2/pec_bit_cell_arbiter_2_325.dqdimacs,123,149
./benchmark_tests/original/Biere/bitcell_16_2/pec_bit_cell_arbiter_2_325.dqdimacs,124,147
./benchmark_tests/original/Biere/bitcell_16_2/pec_bit_cell_arbiter_2_325.dqdimacs,125,146
./benchmark_tests/original/Biere/bitcell_16_2/pec_bit_cell_arbiter_2_325.dqdimacs,126,149
./benchmark_tests/original/Biere/bitcell_16_2/pec_bit_cell_arbiter_2_325.dqdimacs,127,148
./benchmark_tests/original/Biere/bitcell_16_2/pec_bit_cell_arbiter_2_325.dqdimacs,128,148
./benchmark_tests/original/Biere/bitcell_16_2/pec_bit_cell_arbiter_2_325.dqdimacs,129,147
./benchmark_tests/original/Biere/bitcell_16_2/pec_bit_cell_arbiter_2_332.dqdimacs,3,83
./benchmark_tests/original/Biere/bitcell_16_2/pec_bit_cell_arbiter_2_332.dqdimacs,5,78
./benchmark_tests/original/Biere/bitcell_16_2/pec_bit_cell_arbiter_2_332.dqdimacs,7,76
./benchmark_tests/original/Biere/bitcell_16_2/pec_bit_cell_arbiter_2_332.dqdimacs,9,58
./benchmark_tests/original/Biere/bitcell_16_2/pec_bit_cell_arbiter_2_332.dqdimacs,10,76
./benchmark_tests/original/Biere/bitcell_16_2/pec_bit_cell_arbiter_2_332.dqdimacs,11,54
./benchmark_tests/original/Biere/bitcell_16_2/pec_bit_cell_arbiter_2_332.dqdimacs,12,54
./benchmark_tests/original/Biere/bitcell_16_2/pec_bit_cell_arbiter_2_332.dqdimacs,13,53
./benchmark_tests/original/Biere/bitcell_16_2/pec_bit_cell_arbiter_2_332.dqdimacs,14,54
./benchmark_tests/original/Biere/bitcell_16_2/pec_bit_cell_arbiter_2_332.dqdimacs,15,99
./benchmark_tests/original/Biere/bitcell_16_2/pec_bit_cell_arbiter_2_332.dqdimacs,16,55
./benchmark_tests/original/Biere/bitcell_16_2/pec_bit_cell_arbiter_2_332.dqdimacs,19,53
./benchmark_tests/original/Biere/bitcell_16_2/pec_bit_cell_arbiter_2_332.dqdimacs,21,53
./benchmark_tests/original/Biere/bitcell_16_2/pec_bit_cell_arbiter_2_332.dqdimacs,23,53
./benchmark_tests/original/Biere/bitcell_16_2/pec_bit_cell_arbiter_2_332.dqdimacs,25,55
./benchmark_tests/original/Biere/bitcell_16_2/pec_bit_cell_arbiter_2_332.dqdimacs,26,54
./benchmark_tests/original/Biere/bitcell_16_2/pec_bit_cell_arbiter_2_332.dqdimacs,27,53
./benchmark_tests/original/Biere/bitcell_16_2/pec_bit_cell_arbiter_2_332.dqdimacs,28,54
./benchmark_tests/original/Biere/bitcell_16_2/pec_bit_cell_arbiter_2_332.dqdimacs,29,54
./benchmark_tests/original/Biere/bitcell_16_2/pec_bit_cell_arbiter_2_332.dqdimacs,30,54
./benchmark_tests/original/Biere/bitcell_16_2/pec_bit_cell_arbiter_2_332.dqdimacs,31,55
./benchmark_tests/original/Biere/bitcell_16_2/pec_bit_cell_arbiter_2_332.dqdimacs,32,55
./benchmark_tests/original/Biere/bitcell_16_2/pec_bit_cell_arbiter_2_332.dqdimacs,33,54
./benchmark_tests/original/Biere/bitcell_16_2/pec_bit_cell_arbiter_2_332.dqdimacs,34,53
./benchmark_tests/original/Biere/bitcell_16_2/pec_bit_cell_arbiter_2_332.dqdimacs,35,52
./benchmark_tests/original/Biere/bitcell_16_2/pec_bit_cell_arbiter_2_332.dqdimacs,36,51
./benchmark_tests/original/Biere/bitcell_16_2/pec_bit_cell_arbiter_2_332.dqdimacs,37,50
./benchmark_tests/original/Biere/bitcell_16_2/pec_bit_cell_arbiter_2_332.dqdimacs,38,49
./benchmark_tests/original/Biere/bitcell_16_2/pec_bit_cell_arbiter_2_332.dqdimacs,39,55
./benchmark_tests/original/Biere/bitcell_16_2/pec_bit_cell_arbiter_2_332.dqdimacs,40,47
./benchmark_tests/original/Biere/bitcell_16_2/pec_bit_cell_arbiter_2_332.dqdimacs,41,45
./benchmark_tests/original/Biere/bitcell_16_2/pec_bit_cell_arbiter_2_332.dqdimacs,42,44
./benchmark_tests/original/Biere/bitcell_16_2/pec_bit_cell_arbiter_2_332.dqdimacs,43,42
./benchmark_tests/original/Biere/bitcell_16_2/pec_bit_cell_arbiter_2_332.dqdimacs,44,41
./benchmark_tests/original/Biere/bitcell_16_2/pec_bit_cell_arbiter_2_332.dqdimacs,45,42
./benchmark_tests/original/Biere/bitcell_16_2/pec_bit_cell_arbiter_2_332.dqdimacs,46,39
./benchmark_tests/original/Biere/bitcell_16_2/pec_bit_cell_arbiter_2_332.dqdimacs,47,39
./benchmark_tests/original/Biere/bitcell_16_2/pec_bit_cell_arbiter_2_332.dqdimacs,48,38
./benchmark_tests/original/Biere/bitcell_16_2/pec_bit_cell_arbiter_2_332.dqdimacs,49,37
./benchmark_tests/original/Biere/bitcell_16_2/pec_bit_cell_arbiter_2_332.dqdimacs,50,36
./benchmark_tests/original/Biere/bitcell_16_2/pec_bit_cell_arbiter_2_332.dqdimacs,51,35
./benchmark_tests/original/Biere/bitcell_16_2/pec_bit_cell_arbiter_2_332.dqdimacs,52,34
./benchmark_tests/original/Biere/bitcell_16_2/pec_bit_cell_arbiter_2_332.dqdimacs,53,33
./benchmark_tests/original/Biere/bitcell_16_2/pec_bit_cell_arbiter_2_332.dqdimacs,54,33
./benchmark_tests/original/Biere/bitcell_16_2/pec_bit_cell_arbiter_2_332.dqdimacs,55,32
./benchmark_tests/original/Biere/bitcell_16_2/pec_bit_cell_arbiter_2_332.dqdimacs,56,31
./benchmark_tests/original/Biere/bitcell_16_2/pec_bit_cell_arbiter_2_332.dqdimacs,57,30
./benchmark_tests/original/Biere/bitcell_16_2/pec_bit_cell_arbiter_2_332.dqdimacs,59,30
./benchmark_tests/original/Biere/bitcell_16_2/pec_bit_cell_arbiter_2_332.dqdimacs,60,30
./benchmark_tests/original/Biere/bitcell_16_2/pec_bit_cell_arbiter_2_332.dqdimacs,61,30
./benchmark_tests/original/Biere/bitcell_16_2/pec_bit_cell_arbiter_2_332.dqdimacs,63,30
./benchmark_tests/original/Biere/bitcell_16_2/pec_bit_cell_arbiter_2_332.dqdimacs,64,30
./benchmark_tests/original/Biere/bitcell_16_2/pec_bit_cell_arbiter_2_332.dqdimacs,65,30
./benchmark_tests/original/Biere/bitcell_16_2/pec_bit_cell_arbiter_2_332.dqdimacs,66,30
./benchmark_tests/original/Biere/bitcell_16_2/pec_bit_cell_arbiter_2_332.dqdimacs,67,31
./benchmark_tests/original/Biere/bitcell_16_2/pec_bit_cell_arbiter_2_332.dqdimacs,69,30
./benchmark_tests/original/Biere/bitcell_16_2/pec_bit_cell_arbiter_2_332.dqdimacs,70,30
./benchmark_tests/original/Biere/bitcell_16_2/pec_bit_cell_arbiter_2_332.dqdimacs,71,30
./benchmark_tests/original/Biere/bitcell_16_2/pec_bit_cell_arbiter_2_332.dqdimacs,72,30
./benchmark_tests/original/Biere/bitcell_16_2/pec_bit_cell_arbiter_2_332.dqdimacs,73,30
./benchmark_tests/original/Biere/bitcell_16_2/pec_bit_cell_arbiter_2_332.dqdimacs,75,30
./benchmark_tests/original/Biere/bitcell_16_2/pec_bit_cell_arbiter_2_332.dqdimacs,76,30
./benchmark_tests/original/Biere/bitcell_16_2/pec_bit_cell_arbiter_2_332.dqdimacs,77,30
./benchmark_tests/original/Biere/bitcell_16_2/pec_bit_cell_arbiter_2_332.dqdimacs,78,30
./benchmark_tests/original/Biere/bitcell_16_2/pec_bit_cell_arbiter_2_332.dqdimacs,79,30
./benchmark_tests/original/Biere/bitcell_16_2/pec_bit_cell_arbiter_2_332.dqdimacs,81,30
./benchmark_tests/original/Biere/bitcell_16_2/pec_bit_cell_arbiter_2_332.dqdimacs,82,31
./benchmark_tests/original/Biere/bitcell_16_2/pec_bit_cell_arbiter_2_332.dqdimacs,83,30
./benchmark_tests/original/Biere/bitcell_16_2/pec_bit_cell_arbiter_2_332.dqdimacs,84,30
./benchmark_tests/original/Biere/bitcell_16_2/pec_bit_cell_arbiter_2_332.dqdimacs,85,31
./benchmark_tests/original/Biere/bitcell_16_2/pec_bit_cell_arbiter_2_332.dqdimacs,87,30
./benchmark_tests/original/Biere/bitcell_16_2/pec_bit_cell_arbiter_2_332.dqdimacs,88,30
./benchmark_tests/original/Biere/bitcell_16_2/pec_bit_cell_arbiter_2_332.dqdimacs,89,31
./benchmark_tests/original/Biere/bitcell_16_2/pec_bit_cell_arbiter_2_332.dqdimacs,90,31
./benchmark_tests/original/Biere/bitcell_16_2/pec_bit_cell_arbiter_2_332.dqdimacs,91,30
./benchmark_tests/original/Biere/bitcell_16_2/pec_bit_cell_arbiter_2_332.dqdimacs,92,31
./benchmark_tests/original/Biere/bitcell_16_2/pec_bit_cell_arbiter_2_332.dqdimacs,94,30
./benchmark_tests/original/Biere/bitcell_16_2/pec_bit_cell_arbiter_2_332.dqdimacs,95,30
./benchmark_tests/original/Biere/bitcell_16_2/pec_bit_cell_arbiter_2_332.dqdimacs,96,30
./benchmark_tests/original/Biere/bitcell_16_2/pec_bit_cell_arbiter_2_332.dqdimacs,97,30
./benchmark_tests/original/Biere/bitcell_16_2/pec_bit_cell_arbiter_2_332.dqdimacs,98,31
./benchmark_tests/original/Biere/bitcell_16_2/pec_bit_cell_arbiter_2_332.dqdimacs,100,30
./benchmark_tests/original/Biere/bitcell_16_2/pec_bit_cell_arbiter_2_332.dqdimacs,101,30
./benchmark_tests/original/Biere/bitcell_16_2/pec_bit_cell_arbiter_2_332.dqdimacs,102,31
./benchmark_tests/original/Biere/bitcell_16_2/pec_bit_cell_arbiter_2_332.dqdimacs,103,30
./benchmark_tests/original/Biere/bitcell_16_2/pec_bit_cell_arbiter_2_332.dqdimacs,104,31
./benchmark_tests/original/Biere/bitcell_16_2/pec_bit_cell_arbiter_2_332.dqdimacs,106,30
./benchmark_tests/original/Biere/bitcell_16_2/pec_bit_cell_arbiter_2_332.dqdimacs,107,31
./benchmark_tests/original/Biere/bitcell_16_2/pec_bit_cell_arbiter_2_332.dqdimacs,108,31
./benchmark_tests/original/Biere/bitcell_16_2/pec_bit_cell_arbiter_2_332.dqdimacs,109,30
./benchmark_tests/original/Biere/bitcell_16_2/pec_bit_cell_arbiter_2_332.dqdimacs,110,31
./benchmark_tests/original/Biere/bitcell_16_2/pec_bit_cell_arbiter_2_332.dqdimacs,111,30
./benchmark_tests/original/Biere/bitcell_16_2/pec_bit_cell_arbiter_2_332.dqdimacs,112,30
./benchmark_tests/original/Biere/bitcell_16_2/pec_bit_cell_arbiter_2_332.dqdimacs,113,30
./benchmark_tests/original/Biere/bitcell_16_2/pec_bit_cell_arbiter_2_332.dqdimacs,114,31
./benchmark_tests/original/Biere/bitcell_16_2/pec_bit_cell_arbiter_2_332.dqdimacs,115,29
./benchmark_tests/original/Biere/bitcell_16_2/pec_bit_cell_arbiter_2_356.dqdimacs,3,161
./benchmark_tests/original/Biere/bitcell_16_2/pec_bit_cell_arbiter_2_356.dqdimacs,5,157
./benchmark_tests/original/Biere/bitcell_16_2/pec_bit_cell_arbiter_2_356.dqdimacs,7,157
./benchmark_tests/original/Biere/bitcell_16_2/pec_bit_cell_arbiter_2_356.dqdimacs,9,156
./benchmark_tests/original/Biere/bitcell_16_2/pec_bit_cell_arbiter_2_356.dqdimacs,11,153
./benchmark_tests/original/Biere/bitcell_16_2/pec_bit_cell_arbiter_2_356.dqdimacs,13,132
./benchmark_tests/original/Biere/bitcell_16_2/pec_bit_cell_arbiter_2_356.dqdimacs,15,133
./benchmark_tests/original/Biere/bitcell_16_2/pec_bit_cell_arbiter_2_356.dqdimacs,17,133
./benchmark_tests/original/Biere/bitcell_16_2/pec_bit_cell_arbiter_2_356.dqdimacs,19,132
./benchmark_tests/original/Biere/bitcell_16_2/pec_bit_cell_arbiter_2_356.dqdimacs,21,133
./benchmark_tests/original/Biere/bitcell_16_2/pec_bit_cell_arbiter_2_356.dqdimacs,23,130
./benchmark_tests/original/Biere/bitcell_16_2/pec_bit_cell_arbiter_2_356.dqdimacs,25,122
./benchmark_tests/original/Biere/bitcell_16_2/pec_bit_cell_arbiter_2_356.dqdimacs,27,114
./benchmark_tests/original/Biere/bitcell_16_2/pec_bit_cell_arbiter_2_356.dqdimacs,28,106
./benchmark_tests/original/Biere/bitcell_16_2/pec_bit_cell_arbiter_2_356.dqdimacs,29,100
./benchmark_tests/original/Biere/bitcell_16_2/pec_bit_cell_arbiter_2_356.dqdimacs,30,92
./benchmark_tests/original/Biere/bitcell_16_2/pec_bit_cell_arbiter_2_356.dqdimacs,31,93
./benchmark_tests/original/Biere/bitcell_16_2/pec_bit_cell_arbiter_2_356.dqdimacs,32,94
./benchmark_tests/original/Biere/bitcell_16_2/pec_bit_cell_arbiter_2_356.dqdimacs,33,88
./benchmark_tests/original/Biere/bitcell_16_2/pec_bit_cell_arbiter_2_356.dqdimacs,34,83
./benchmark_tests/original/Biere/bitcell_16_2/pec_bit_cell_arbiter_2_356.dqdimacs,35,83
./benchmark_tests/original/Biere/bitcell_16_2/pec_bit_cell_arbiter_2_356.dqdimacs,36,84
./benchmark_tests/original/Biere/bitcell_16_2/pec_bit_cell_arbiter_2_356.dqdimacs,37,84
./benchmark_tests/original/Biere/bitcell_16_2/pec_bit_cell_arbiter_2_356.dqdimacs,38,84
./benchmark_tests/original/Biere/bitcell_16_2/pec_bit_cell_arbiter_2_356.dqdimacs,39,84
./benchmark_tests/original/Biere/bitcell_16_2/pec_bit_cell_arbiter_2_356.dqdimacs,40,84
./benchmark_tests/original/Biere/bitcell_16_2/pec_bit_cell_arbiter_2_356.dqdimacs,41,84
./benchmark_tests/original/Biere/bitcell_16_2/pec_bit_cell_arbiter_2_356.dqdimacs,42,108
./benchmark_tests/original/Biere/bitcell_16_2/pec_bit_cell_arbiter_2_356.dqdimacs,43,86
./benchmark_tests/original/Biere/bitcell_16_2/pec_bit_cell_arbiter_2_356.dqdimacs,46,84
./benchmark_tests/original/Biere/bitcell_16_2/pec_bit_cell_arbiter_2_356.dqdimacs,49,84
./benchmark_tests/original/Biere/bitcell_16_2/pec_bit_cell_arbiter_2_356.dqdimacs,50,84
./benchmark_tests/original/Biere/bitcell_16_2/pec_bit_cell_arbiter_2_356.dqdimacs,51,85
./benchmark_tests/original/Biere/bitcell_16_2/pec_bit_cell_arbiter_2_356.dqdimacs,52,85
./benchmark_tests/original/Biere/bitcell_16_2/pec_bit_cell_arbiter_2_356.dqdimacs,53,85
./benchmark_tests/original/Biere/bitcell_16_2/pec_bit_cell_arbiter_2_356.dqdimacs,54,85
./benchmark_tests/original/Biere/bitcell_16_2/pec_bit_cell_arbiter_2_356.dqdimacs,55,86
./benchmark_tests/original/Biere/bitcell_16_2/pec_bit_cell_arbiter_2_356.dqdimacs,56,84
./benchmark_tests/original/Biere/bitcell_16_2/pec_bit_cell_arbiter_2_356.dqdimacs,57,84
./benchmark_tests/original/Biere/bitcell_16_2/pec_bit_cell_arbiter_2_356.dqdimacs,58,83
./benchmark_tests/original/Biere/bitcell_16_2/pec_bit_cell_arbiter_2_356.dqdimacs,59,84
./benchmark_tests/original/Biere/bitcell_16_2/pec_bit_cell_arbiter_2_356.dqdimacs,60,83
./benchmark_tests/original/Biere/bitcell_16_2/pec_bit_cell_arbiter_2_356.dqdimacs,61,84
./benchmark_tests/original/Biere/bitcell_16_2/pec_bit_cell_arbiter_2_356.dqdimacs,62,83
./benchmark_tests/original/Biere/bitcell_16_2/pec_bit_cell_arbiter_2_356.dqdimacs,63,84
./benchmark_tests/original/Biere/bitcell_16_2/pec_bit_cell_arbiter_2_356.dqdimacs,64,83
./benchmark_tests/original/Biere/bitcell_16_2/pec_bit_cell_arbiter_2_356.dqdimacs,65,83
./benchmark_tests/original/Biere/bitcell_16_2/pec_bit_cell_arbiter_2_356.dqdimacs,66,83
./benchmark_tests/original/Biere/bitcell_16_2/pec_bit_cell_arbiter_2_356.dqdimacs,67,84
./benchmark_tests/original/Biere/bitcell_16_2/pec_bit_cell_arbiter_2_356.dqdimacs,68,83
./benchmark_tests/original/Biere/bitcell_16_2/pec_bit_cell_arbiter_2_356.dqdimacs,69,84
./benchmark_tests/original/Biere/bitcell_16_2/pec_bit_cell_arbiter_2_356.dqdimacs,70,83
./benchmark_tests/original/Biere/bitcell_16_2/pec_bit_cell_arbiter_2_356.dqdimacs,71,84
./benchmark_tests/original/Biere/bitcell_16_2/pec_bit_cell_arbiter_2_356.dqdimacs,72,83
./benchmark_tests/original/Biere/bitcell_16_2/pec_bit_cell_arbiter_2_356.dqdimacs,73,83
./benchmark_tests/original/Biere/bitcell_16_2/pec_bit_cell_arbiter_2_356.dqdimacs,74,83
./benchmark_tests/original/Biere/bitcell_16_2/pec_bit_cell_arbiter_2_356.dqdimacs,75,84
./benchmark_tests/original/Biere/bitcell_16_2/pec_bit_cell_arbiter_2_356.dqdimacs,76,83
./benchmark_tests/original/Biere/bitcell_16_2/pec_bit_cell_arbiter_2_356.dqdimacs,77,84
./benchmark_tests/original/Biere/bitcell_16_2/pec_bit_cell_arbiter_2_356.dqdimacs,78,83
./benchmark_tests/original/Biere/bitcell_16_2/pec_bit_cell_arbiter_2_356.dqdimacs,79,83
./benchmark_tests/original/Biere/bitcell_16_2/pec_bit_cell_arbiter_2_356.dqdimacs,80,83
./benchmark_tests/original/Biere/bitcell_16_2/pec_bit_cell_arbiter_2_356.dqdimacs,81,84
./benchmark_tests/original/Biere/bitcell_16_2/pec_bit_cell_arbiter_2_356.dqdimacs,82,83
./benchmark_tests/original/Biere/bitcell_16_2/pec_bit_cell_arbiter_2_356.dqdimacs,83,84
./benchmark_tests/original/Biere/bitcell_16_2/pec_bit_cell_arbiter_2_356.dqdimacs,84,83
./benchmark_tests/original/Biere/bitcell_16_2/pec_bit_cell_arbiter_2_356.dqdimacs,85,84
./benchmark_tests/original/Biere/bitcell_16_2/pec_bit_cell_arbiter_2_356.dqdimacs,86,84
./benchmark_tests/original/Biere/bitcell_16_2/pec_bit_cell_arbiter_2_356.dqdimacs,87,83
./benchmark_tests/original/Biere/bitcell_16_2/pec_bit_cell_arbiter_2_356.dqdimacs,88,84
./benchmark_tests/original/Biere/bitcell_16_2/pec_bit_cell_arbiter_2_356.dqdimacs,89,83
./benchmark_tests/original/Biere/bitcell_16_2/pec_bit_cell_arbiter_2_356.dqdimacs,90,83
./benchmark_tests/original/Biere/bitcell_16_2/pec_bit_cell_arbiter_2_356.dqdimacs,91,83
./benchmark_tests/original/Biere/bitcell_16_2/pec_bit_cell_arbiter_2_356.dqdimacs,92,83
./benchmark_tests/original/Biere/bitcell_16_2/pec_bit_cell_arbiter_2_356.dqdimacs,93,83
./benchmark_tests/original/Biere/bitcell_16_2/pec_bit_cell_arbiter_2_356.dqdimacs,94,83
./benchmark_tests/original/Biere/bitcell_16_2/pec_bit_cell_arbiter_2_356.dqdimacs,95,83
./benchmark_tests/original/Biere/bitcell_16_2/pec_bit_cell_arbiter_2_356.dqdimacs,96,84
./benchmark_tests/original/Biere/bitcell_16_2/pec_bit_cell_arbiter_2_356.dqdimacs,97,84
./benchmark_tests/original/Biere/bitcell_16_2/pec_bit_cell_arbiter_2_356.dqdimacs,98,83
./benchmark_tests/original/Biere/bitcell_16_2/pec_bit_cell_arbiter_2_356.dqdimacs,99,83
./benchmark_tests/original/Biere/bitcell_16_2/pec_bit_cell_arbiter_2_356.dqdimacs,100,84
./benchmark_tests/original/Biere/bitcell_16_2/pec_bit_cell_arbiter_2_356.dqdimacs,101,85
./benchmark_tests/original/Biere/bitcell_16_2/pec_bit_cell_arbiter_2_356.dqdimacs,102,83
./benchmark_tests/original/Biere/bitcell_16_2/pec_bit_cell_arbiter_2_356.dqdimacs,103,85
./benchmark_tests/original/Biere/bitcell_16_2/pec_bit_cell_arbiter_2_356.dqdimacs,104,85
./benchmark_tests/original/Biere/bitcell_16_2/pec_bit_cell_arbiter_2_356.dqdimacs,105,83
./benchmark_tests/original/Biere/bitcell_16_2/pec_bit_cell_arbiter_2_356.dqdimacs,106,85
./benchmark_tests/original/Biere/bitcell_16_2/pec_bit_cell_arbiter_2_356.dqdimacs,108,85
./benchmark_tests/original/Biere/bitcell_16_2/pec_bit_cell_arbiter_2_356.dqdimacs,109,84
./benchmark_tests/original/Biere/bitcell_16_2/pec_bit_cell_arbiter_2_356.dqdimacs,110,84
./benchmark_tests/original/Biere/bitcell_16_2/pec_bit_cell_arbiter_2_356.dqdimacs,111,84
./benchmark_tests/original/Biere/bitcell_16_2/pec_bit_cell_arbiter_2_356.dqdimacs,112,85
./benchmark_tests/original/Biere/bitcell_16_2/pec_bit_cell_arbiter_2_356.dqdimacs,113,84
./benchmark_tests/original/Biere/bitcell_16_2/pec_bit_cell_arbiter_2_356.dqdimacs,114,84
./benchmark_tests/original/Biere/bitcell_16_2/pec_bit_cell_arbiter_2_356.dqdimacs,115,85
./benchmark_tests/original/Biere/bitcell_16_2/pec_bit_cell_arbiter_2_356.dqdimacs,116,85
./benchmark_tests/original/Biere/bitcell_16_2/pec_bit_cell_arbiter_2_356.dqdimacs,117,85
./benchmark_tests/original/Biere/bitcell_16_2/pec_bit_cell_arbiter_2_356.dqdimacs,118,85
./benchmark_tests/original/Biere/bitcell_16_2/pec_bit_cell_arbiter_2_367.dqdimacs,3,221
./benchmark_tests/original/Biere/bitcell_16_2/pec_bit_cell_arbiter_2_367.dqdimacs,5,209
./benchmark_tests/original/Biere/bitcell_16_2/pec_bit_cell_arbiter_2_367.dqdimacs,7,187
./benchmark_tests/original/Biere/bitcell_16_2/pec_bit_cell_arbiter_2_367.dqdimacs,8,187
./benchmark_tests/original/Biere/bitcell_16_2/pec_bit_cell_arbiter_2_367.dqdimacs,9,188
./benchmark_tests/original/Biere/bitcell_16_2/pec_bit_cell_arbiter_2_367.dqdimacs,10,232
./benchmark_tests/original/Biere/bitcell_16_2/pec_bit_cell_arbiter_2_367.dqdimacs,11,188
./benchmark_tests/original/Biere/bitcell_16_2/pec_bit_cell_arbiter_2_367.dqdimacs,12,183
./benchmark_tests/original/Biere/bitcell_16_2/pec_bit_cell_arbiter_2_367.dqdimacs,13,171
./benchmark_tests/original/Biere/bitcell_16_2/pec_bit_cell_arbiter_2_367.dqdimacs,16,154
./benchmark_tests/original/Biere/bitcell_16_2/pec_bit_cell_arbiter_2_367.dqdimacs,18,139
./benchmark_tests/original/Biere/bitcell_16_2/pec_bit_cell_arbiter_2_367.dqdimacs,20,125
./benchmark_tests/original/Biere/bitcell_16_2/pec_bit_cell_arbiter_2_367.dqdimacs,22,114
./benchmark_tests/original/Biere/bitcell_16_2/pec_bit_cell_arbiter_2_367.dqdimacs,24,106
./benchmark_tests/original/Biere/bitcell_16_2/pec_bit_cell_arbiter_2_367.dqdimacs,26,102
./benchmark_tests/original/Biere/bitcell_16_2/pec_bit_cell_arbiter_2_367.dqdimacs,28,102
./benchmark_tests/original/Biere/bitcell_16_2/pec_bit_cell_arbiter_2_367.dqdimacs,30,102
./benchmark_tests/original/Biere/bitcell_16_2/pec_bit_cell_arbiter_2_367.dqdimacs,32,102
./benchmark_tests/original/Biere/bitcell_16_2/pec_bit_cell_arbiter_2_367.dqdimacs,33,102
./benchmark_tests/original/Biere/bitcell_16_2/pec_bit_cell_arbiter_2_367.dqdimacs,34,104
./benchmark_tests/original/Biere/bitcell_16_2/pec_bit_cell_arbiter_2_367.dqdimacs,35,103
./benchmark_tests/original/Biere/bitcell_16_2/pec_bit_cell_arbiter_2_367.dqdimacs,36,103
./benchmark_tests/original/Biere/bitcell_16_2/pec_bit_cell_arbiter_2_367.dqdimacs,37,103
./benchmark_tests/original/Biere/bitcell_16_2/pec_bit_cell_arbiter_2_367.dqdimacs,38,103
./benchmark_tests/original/Biere/bitcell_16_2/pec_bit_cell_arbiter_2_367.dqdimacs,39,108
./benchmark_tests/original/Biere/bitcell_16_2/pec_bit_cell_arbiter_2_367.dqdimacs,40,103
./benchmark_tests/original/Biere/bitcell_16_2/pec_bit_cell_arbiter_2_367.dqdimacs,41,104
./benchmark_tests/original/Biere/bitcell_16_2/pec_bit_cell_arbiter_2_367.dqdimacs,42,103
./benchmark_tests/original/Biere/bitcell_16_2/pec_bit_cell_arbiter_2_367.dqdimacs,43,103
./benchmark_tests/original/Biere/bitcell_16_2/pec_bit_cell_arbiter_2_367.dqdimacs,44,103
./benchmark_tests/original/Biere/bitcell_16_2/pec_bit_cell_arbiter_2_367.dqdimacs,45,103
./benchmark_tests/original/Biere/bitcell_16_2/pec_bit_cell_arbiter_2_367.dqdimacs,46,102
./benchmark_tests/original/Biere/bitcell_16_2/pec_bit_cell_arbiter_2_367.dqdimacs,47,102
./benchmark_tests/original/Biere/bitcell_16_2/pec_bit_cell_arbiter_2_367.dqdimacs,48,102
./benchmark_tests/original/Biere/bitcell_16_2/pec_bit_cell_arbiter_2_367.dqdimacs,49,102
./benchmark_tests/original/Biere/bitcell_16_2/pec_bit_cell_arbiter_2_367.dqdimacs,50,102
./benchmark_tests/original/Biere/bitcell_16_2/pec_bit_cell_arbiter_2_367.dqdimacs,51,102
./benchmark_tests/original/Biere/bitcell_16_2/pec_bit_cell_arbiter_2_367.dqdimacs,52,102
./benchmark_tests/original/Biere/bitcell_16_2/pec_bit_cell_arbiter_2_367.dqdimacs,53,102
./benchmark_tests/original/Biere/bitcell_16_2/pec_bit_cell_arbiter_2_367.dqdimacs,54,103
./benchmark_tests/original/Biere/bitcell_16_2/pec_bit_cell_arbiter_2_367.dqdimacs,55,103
./benchmark_tests/original/Biere/bitcell_16_2/pec_bit_cell_arbiter_2_367.dqdimacs,56,103
./benchmark_tests/original/Biere/bitcell_16_2/pec_bit_cell_arbiter_2_367.dqdimacs,57,104
./benchmark_tests/original/Biere/bitcell_16_2/pec_bit_cell_arbiter_2_367.dqdimacs,58,103
./benchmark_tests/original/Biere/bitcell_16_2/pec_bit_cell_arbiter_2_367.dqdimacs,59,102
./benchmark_tests/original/Biere/bitcell_16_2/pec_bit_cell_arbiter_2_367.dqdimacs,60,104
./benchmark_tests/original/Biere/bitcell_16_2/pec_bit_cell_arbiter_2_367.dqdimacs,61,103
./benchmark_tests/original/Biere/bitcell_16_2/pec_bit_cell_arbiter_2_367.dqdimacs,62,102
./benchmark_tests/original/Biere/bitcell_16_2/pec_bit_cell_arbiter_2_367.dqdimacs,63,104
./benchmark_tests/original/Biere/bitcell_16_2/pec_bit_cell_arbiter_2_367.dqdimacs,64,103
./benchmark_tests/original/Biere/bitcell_16_2/pec_bit_cell_arbiter_2_367.dqdimacs,65,103
./benchmark_tests/original/Biere/bitcell_16_2/pec_bit_cell_arbiter_2_367.dqdimacs,66,103
./benchmark_tests/original/Biere/bitcell_16_2/pec_bit_cell_arbiter_2_367.dqdimacs,67,104
./benchmark_tests/original/Biere/bitcell_16_2/pec_bit_cell_arbiter_2_367.dqdimacs,68,102
./benchmark_tests/original/Biere/bitcell_16_2/pec_bit_cell_arbiter_2_367.dqdimacs,69,103
./benchmark_tests/original/Biere/bitcell_16_2/pec_bit_cell_arbiter_2_367.dqdimacs,70,103
./benchmark_tests/original/Biere/bitcell_16_2/pec_bit_cell_arbiter_2_367.dqdimacs,71,102
./benchmark_tests/original/Biere/bitcell_16_2/pec_bit_cell_arbiter_2_367.dqdimacs,72,103
./benchmark_tests/original/Biere/bitcell_16_2/pec_bit_cell_arbiter_2_367.dqdimacs,73,103
./benchmark_tests/original/Biere/bitcell_16_2/pec_bit_cell_arbiter_2_367.dqdimacs,74,103
./benchmark_tests/original/Biere/bitcell_16_2/pec_bit_cell_arbiter_2_367.dqdimacs,75,103
./benchmark_tests/original/Biere/bitcell_16_2/pec_bit_cell_arbiter_2_367.dqdimacs,76,103
./benchmark_tests/original/Biere/bitcell_16_2/pec_bit_cell_arbiter_2_367.dqdimacs,77,103
./benchmark_tests/original/Biere/bitcell_16_2/pec_bit_cell_arbiter_2_367.dqdimacs,78,103
./benchmark_tests/original/Biere/bitcell_16_2/pec_bit_cell_arbiter_2_367.dqdimacs,79,103
./benchmark_tests/original/Biere/bitcell_16_2/pec_bit_cell_arbiter_2_367.dqdimacs,80,103
./benchmark_tests/original/Biere/bitcell_16_2/pec_bit_cell_arbiter_2_367.dqdimacs,81,103
./benchmark_tests/original/Biere/bitcell_16_2/pec_bit_cell_arbiter_2_367.dqdimacs,83,103
./benchmark_tests/original/Biere/bitcell_16_2/pec_bit_cell_arbiter_2_367.dqdimacs,84,103
./benchmark_tests/original/Biere/bitcell_16_2/pec_bit_cell_arbiter_2_367.dqdimacs,85,102
./benchmark_tests/original/Biere/bitcell_16_2/pec_bit_cell_arbiter_2_367.dqdimacs,87,102
./benchmark_tests/original/Biere/bitcell_16_2/pec_bit_cell_arbiter_2_367.dqdimacs,88,103
./benchmark_tests/original/Biere/bitcell_16_2/pec_bit_cell_arbiter_2_367.dqdimacs,89,103
./benchmark_tests/original/Biere/bitcell_16_2/pec_bit_cell_arbiter_2_367.dqdimacs,90,103
./benchmark_tests/original/Biere/bitcell_16_2/pec_bit_cell_arbiter_2_367.dqdimacs,91,103
./benchmark_tests/original/Biere/bitcell_16_2/pec_bit_cell_arbiter_2_367.dqdimacs,92,103
./benchmark_tests/original/Biere/bitcell_16_2/pec_bit_cell_arbiter_2_367.dqdimacs,93,103
./benchmark_tests/original/Biere/bitcell_16_2/pec_bit_cell_arbiter_2_367.dqdimacs,95,103
./benchmark_tests/original/Biere/bitcell_16_2/pec_bit_cell_arbiter_2_367.dqdimacs,96,103
./benchmark_tests/original/Biere/bitcell_16_2/pec_bit_cell_arbiter_2_367.dqdimacs,97,103
./benchmark_tests/original/Biere/bitcell_16_2/pec_bit_cell_arbiter_2_367.dqdimacs,98,103
./benchmark_tests/original/Biere/bitcell_16_2/pec_bit_cell_arbiter_2_367.dqdimacs,99,103
./benchmark_tests/original/Biere/bitcell_16_2/pec_bit_cell_arbiter_2_367.dqdimacs,100,103
./benchmark_tests/original/Biere/bitcell_16_2/pec_bit_cell_arbiter_2_367.dqdimacs,101,103
./benchmark_tests/original/Biere/bitcell_16_2/pec_bit_cell_arbiter_2_367.dqdimacs,103,102
./benchmark_tests/original/Biere/bitcell_16_2/pec_bit_cell_arbiter_2_367.dqdimacs,104,102
./benchmark_tests/original/Biere/bitcell_16_2/pec_bit_cell_arbiter_2_367.dqdimacs,105,102
./benchmark_tests/original/Biere/bitcell_16_2/pec_bit_cell_arbiter_2_367.dqdimacs,106,103
./benchmark_tests/original/Biere/bitcell_16_2/pec_bit_cell_arbiter_2_367.dqdimacs,107,103
./benchmark_tests/original/Biere/bitcell_16_2/pec_bit_cell_arbiter_2_367.dqdimacs,108,103
./benchmark_tests/original/Biere/bitcell_16_2/pec_bit_cell_arbiter_2_367.dqdimacs,109,103
./benchmark_tests/original/Biere/bitcell_16_2/pec_bit_cell_arbiter_2_367.dqdimacs,111,102
./benchmark_tests/original/Biere/bitcell_16_2/pec_bit_cell_arbiter_2_367.dqdimacs,112,102
./benchmark_tests/original/Biere/bitcell_16_2/pec_bit_cell_arbiter_2_367.dqdimacs,113,102
./benchmark_tests/original/Biere/bitcell_16_2/pec_bit_cell_arbiter_2_367.dqdimacs,114,103
./benchmark_tests/original/Biere/bitcell_16_2/pec_bit_cell_arbiter_2_367.dqdimacs,115,103
./benchmark_tests/original/Biere/bitcell_16_2/pec_bit_cell_arbiter_2_367.dqdimacs,116,103
./benchmark_tests/original/Biere/bitcell_16_2/pec_bit_cell_arbiter_2_367.dqdimacs,117,103
./benchmark_tests/original/Biere/bitcell_16_2/pec_bit_cell_arbiter_2_367.dqdimacs,118,102
./benchmark_tests/original/Biere/bitcell_16_2/pec_bit_cell_arbiter_2_367.dqdimacs,119,102
./benchmark_tests/original/Biere/bitcell_16_2/pec_bit_cell_arbiter_2_367.dqdimacs,120,103
./benchmark_tests/original/Biere/bitcell_16_2/pec_bit_cell_arbiter_2_367.dqdimacs,121,103
./benchmark_tests/original/Biere/bitcell_16_2/pec_bit_cell_arbiter_2_367.dqdimacs,122,103
./benchmark_tests/original/Biere/bitcell_16_2/pec_bit_cell_arbiter_2_367.dqdimacs,123,102
./benchmark_tests/original/Biere/bitcell_16_2/pec_bit_cell_arbiter_2_369.dqdimacs,3,208
./benchmark_tests/original/Biere/bitcell_16_2/pec_bit_cell_arbiter_2_369.dqdimacs,5,204
./benchmark_tests/original/Biere/bitcell_16_2/pec_bit_cell_arbiter_2_369.dqdimacs,7,204
./benchmark_tests/original/Biere/bitcell_16_2/pec_bit_cell_arbiter_2_369.dqdimacs,9,205
./benchmark_tests/original/Biere/bitcell_16_2/pec_bit_cell_arbiter_2_369.dqdimacs,11,201
./benchmark_tests/original/Biere/bitcell_16_2/pec_bit_cell_arbiter_2_369.dqdimacs,13,201
./benchmark_tests/original/Biere/bitcell_16_2/pec_bit_cell_arbiter_2_369.dqdimacs,14,201
./benchmark_tests/original/Biere/bitcell_16_2/pec_bit_cell_arbiter_2_369.dqdimacs,15,193
./benchmark_tests/original/Biere/bitcell_16_2/pec_bit_cell_arbiter_2_369.dqdimacs,16,178
./benchmark_tests/original/Biere/bitcell_16_2/pec_bit_cell_arbiter_2_369.dqdimacs,17,159
./benchmark_tests/original/Biere/bitcell_16_2/pec_bit_cell_arbiter_2_369.dqdimacs,18,144
./benchmark_tests/original/Biere/bitcell_16_2/pec_bit_cell_arbiter_2_369.dqdimacs,19,130
./benchmark_tests/original/Biere/bitcell_16_2/pec_bit_cell_arbiter_2_369.dqdimacs,20,119
./benchmark_tests/original/Biere/bitcell_16_2/pec_bit_cell_arbiter_2_369.dqdimacs,21,130
./benchmark_tests/original/Biere/bitcell_16_2/pec_bit_cell_arbiter_2_369.dqdimacs,22,95
./benchmark_tests/original/Biere/bitcell_16_2/pec_bit_cell_arbiter_2_369.dqdimacs,25,94
./benchmark_tests/original/Biere/bitcell_16_2/pec_bit_cell_arbiter_2_369.dqdimacs,28,95
./benchmark_tests/original/Biere/bitcell_16_2/pec_bit_cell_arbiter_2_369.dqdimacs,30,93
./benchmark_tests/original/Biere/bitcell_16_2/pec_bit_cell_arbiter_2_369.dqdimacs,32,94
./benchmark_tests/original/Biere/bitcell_16_2/pec_bit_cell_arbiter_2_369.dqdimacs,34,94
./benchmark_tests/original/Biere/bitcell_16_2/pec_bit_cell_arbiter_2_369.dqdimacs,36,94
./benchmark_tests/original/Biere/bitcell_16_2/pec_bit_cell_arbiter_2_369.dqdimacs,38,94
./benchmark_tests/original/Biere/bitcell_16_2/pec_bit_cell_arbiter_2_369.dqdimacs,40,95
./benchmark_tests/original/Biere/bitcell_16_2/pec_bit_cell_arbiter_2_369.dqdimacs,41,94
./benchmark_tests/original/Biere/bitcell_16_2/pec_bit_cell_arbiter_2_369.dqdimacs,42,94
./benchmark_tests/original/Biere/bitcell_16_2/pec_bit_cell_arbiter_2_369.dqdimacs,43,102
./benchmark_tests/original/Biere/bitcell_16_2/pec_bit_cell_arbiter_2_369.dqdimacs,44,107
./benchmark_tests/original/Biere/bitcell_16_2/pec_bit_cell_arbiter_2_369.dqdimacs,45,107
./benchmark_tests/original/Biere/bitcell_16_2/pec_bit_cell_arbiter_2_369.dqdimacs,46,107
./benchmark_tests/original/Biere/bitcell_16_2/pec_bit_cell_arbiter_2_369.dqdimacs,47,107
./benchmark_tests/original/Biere/bitcell_16_2/pec_bit_cell_arbiter_2_369.dqdimacs,48,109
./benchmark_tests/original/Biere/bitcell_16_2/pec_bit_cell_arbiter_2_369.dqdimacs,49,109
./benchmark_tests/original/Biere/bitcell_16_2/pec_bit_cell_arbiter_2_369.dqdimacs,50,108
./benchmark_tests/original/Biere/bitcell_16_2/pec_bit_cell_arbiter_2_369.dqdimacs,51,108
./benchmark_tests/original/Biere/bitcell_16_2/pec_bit_cell_arbiter_2_369.dqdimacs,52,110
./benchmark_tests/original/Biere/bitcell_16_2/pec_bit_cell_arbiter_2_369.dqdimacs,53,107
./benchmark_tests/original/Biere/bitcell_16_2/pec_bit_cell_arbiter_2_369.dqdimacs,54,108
./benchmark_tests/original/Biere/bitcell_16_2/pec_bit_cell_arbiter_2_369.dqdimacs,55,107
./benchmark_tests/original/Biere/bitcell_16_2/pec_bit_cell_arbiter_2_369.dqdimacs,56,107
./benchmark_tests/original/Biere/bitcell_16_2/pec_bit_cell_arbiter_2_369.dqdimacs,57,108
./benchmark_tests/original/Biere/bitcell_16_2/pec_bit_cell_arbiter_2_369.dqdimacs,58,107
./benchmark_tests/original/Biere/bitcell_16_2/pec_bit_cell_arbiter_2_369.dqdimacs,59,107
./benchmark_tests/original/Biere/bitcell_16_2/pec_bit_cell_arbiter_2_369.dqdimacs,60,107
./benchmark_tests/original/Biere/bitcell_16_2/pec_bit_cell_arbiter_2_369.dqdimacs,61,107
./benchmark_tests/original/Biere/bitcell_16_2/pec_bit_cell_arbiter_2_369.dqdimacs,62,107
./benchmark_tests/original/Biere/bitcell_16_2/pec_bit_cell_arbiter_2_369.dqdimacs,63,107
./benchmark_tests/original/Biere/bitcell_16_2/pec_bit_cell_arbiter_2_369.dqdimacs,64,108
./benchmark_tests/original/Biere/bitcell_16_2/pec_bit_cell_arbiter_2_369.dqdimacs,65,107
./benchmark_tests/original/Biere/bitcell_16_2/pec_bit_cell_arbiter_2_369.dqdimacs,66,108
./benchmark_tests/original/Biere/bitcell_16_2/pec_bit_cell_arbiter_2_369.dqdimacs,67,107
./benchmark_tests/original/Biere/bitcell_16_2/pec_bit_cell_arbiter_2_369.dqdimacs,68,108
./benchmark_tests/original/Biere/bitcell_16_2/pec_bit_cell_arbiter_2_369.dqdimacs,69,111
./benchmark_tests/original/Biere/bitcell_16_2/pec_bit_cell_arbiter_2_369.dqdimacs,70,107
./benchmark_tests/original/Biere/bitcell_16_2/pec_bit_cell_arbiter_2_369.dqdimacs,71,107
./benchmark_tests/original/Biere/bitcell_16_2/pec_bit_cell_arbiter_2_369.dqdimacs,72,107
./benchmark_tests/original/Biere/bitcell_16_2/pec_bit_cell_arbiter_2_369.dqdimacs,73,108
./benchmark_tests/original/Biere/bitcell_16_2/pec_bit_cell_arbiter_2_369.dqdimacs,74,108
./benchmark_tests/original/Biere/bitcell_16_2/pec_bit_cell_arbiter_2_369.dqdimacs,75,108
./benchmark_tests/original/Biere/bitcell_16_2/pec_bit_cell_arbiter_2_369.dqdimacs,76,108
./benchmark_tests/original/Biere/bitcell_16_2/pec_bit_cell_arbiter_2_369.dqdimacs,77,108
./benchmark_tests/original/Biere/bitcell_16_2/pec_bit_cell_arbiter_2_369.dqdimacs,78,107
./benchmark_tests/original/Biere/bitcell_16_2/pec_bit_cell_arbiter_2_369.dqdimacs,79,107
./benchmark_tests/original/Biere/bitcell_16_2/pec_bit_cell_arbiter_2_369.dqdimacs,80,107
./benchmark_tests/original/Biere/bitcell_16_2/pec_bit_cell_arbiter_2_369.dqdimacs,81,107
./benchmark_tests/original/Biere/bitcell_16_2/pec_bit_cell_arbiter_2_369.dqdimacs,82,108
./benchmark_tests/original/Biere/bitcell_16_2/pec_bit_cell_arbiter_2_369.dqdimacs,83,108
./benchmark_tests/original/Biere/bitcell_16_2/pec_bit_cell_arbiter_2_369.dqdimacs,84,108
./benchmark_tests/original/Biere/bitcell_16_2/pec_bit_cell_arbiter_2_369.dqdimacs,85,109
./benchmark_tests/original/Biere/bitcell_16_2/pec_bit_cell_arbiter_2_369.dqdimacs,86,107
./benchmark_tests/original/Biere/bitcell_16_2/pec_bit_cell_arbiter_2_369.dqdimacs,87,107
./benchmark_tests/original/Biere/bitcell_16_2/pec_bit_cell_arbiter_2_369.dqdimacs,88,108
./benchmark_tests/original/Biere/bitcell_16_2/pec_bit_cell_arbiter_2_369.dqdimacs,89,107
./benchmark_tests/original/Biere/bitcell_16_2/pec_bit_cell_arbiter_2_369.dqdimacs,90,107
./benchmark_tests/original/Biere/bitcell_16_2/pec_bit_cell_arbiter_2_369.dqdimacs,91,108
./benchmark_tests/original/Biere/bitcell_16_2/pec_bit_cell_arbiter_2_369.dqdimacs,92,108
./benchmark_tests/original/Biere/bitcell_16_2/pec_bit_cell_arbiter_2_369.dqdimacs,93,109
./benchmark_tests/original/Biere/bitcell_16_2/pec_bit_cell_arbiter_2_369.dqdimacs,94,107
./benchmark_tests/original/Biere/bitcell_16_2/pec_bit_cell_arbiter_2_369.dqdimacs,95,108
./benchmark_tests/original/Biere/bitcell_16_2/pec_bit_cell_arbiter_2_369.dqdimacs,96,108
./benchmark_tests/original/Biere/bitcell_16_2/pec_bit_cell_arbiter_2_369.dqdimacs,97,108
./benchmark_tests/original/Biere/bitcell_16_2/pec_bit_cell_arbiter_2_369.dqdimacs,98,110
./benchmark_tests/original/Biere/bitcell_16_2/pec_bit_cell_arbiter_2_369.dqdimacs,99,108
./benchmark_tests/original/Biere/bitcell_16_2/pec_bit_cell_arbiter_2_369.dqdimacs,100,107
./benchmark_tests/original/Biere/bitcell_16_2/pec_bit_cell_arbiter_2_369.dqdimacs,102,108
./benchmark_tests/original/Biere/bitcell_16_2/pec_bit_cell_arbiter_2_369.dqdimacs,103,108
./benchmark_tests/original/Biere/bitcell_16_2/pec_bit_cell_arbiter_2_369.dqdimacs,104,109
./benchmark_tests/original/Biere/bitcell_16_2/pec_bit_cell_arbiter_2_369.dqdimacs,105,109
./benchmark_tests/original/Biere/bitcell_16_2/pec_bit_cell_arbiter_2_369.dqdimacs,106,108
./benchmark_tests/original/Biere/bitcell_16_2/pec_bit_cell_arbiter_2_369.dqdimacs,108,107
./benchmark_tests/original/Biere/bitcell_16_2/pec_bit_cell_arbiter_2_369.dqdimacs,109,108
./benchmark_tests/original/Biere/bitcell_16_2/pec_bit_cell_arbiter_2_369.dqdimacs,110,107
./benchmark_tests/original/Biere/bitcell_16_2/pec_bit_cell_arbiter_2_369.dqdimacs,111,109
./benchmark_tests/original/Biere/bitcell_16_2/pec_bit_cell_arbiter_2_369.dqdimacs,112,108
./benchmark_tests/original/Biere/bitcell_16_2/pec_bit_cell_arbiter_2_369.dqdimacs,113,109
./benchmark_tests/original/Biere/bitcell_16_2/pec_bit_cell_arbiter_2_369.dqdimacs,114,108
./benchmark_tests/original/Biere/bitcell_16_2/pec_bit_cell_arbiter_2_369.dqdimacs,115,108
./benchmark_tests/original/Biere/bitcell_16_2/pec_bit_cell_arbiter_2_369.dqdimacs,116,108
./benchmark_tests/original/Biere/bitcell_16_2/pec_bit_cell_arbiter_2_369.dqdimacs,117,109
./benchmark_tests/original/Biere/bitcell_16_2/pec_bit_cell_arbiter_2_369.dqdimacs,118,109
./benchmark_tests/original/Biere/bitcell_16_2/pec_bit_cell_arbiter_2_369.dqdimacs,119,110
./benchmark_tests/original/Biere/bitcell_16_2/pec_bit_cell_arbiter_2_369.dqdimacs,120,107
./benchmark_tests/original/Biere/bitcell_16_2/pec_bit_cell_arbiter_2_374.dqdimacs,3,203
./benchmark_tests/original/Biere/bitcell_16_2/pec_bit_cell_arbiter_2_374.dqdimacs,5,198
./benchmark_tests/original/Biere/bitcell_16_2/pec_bit_cell_arbiter_2_374.dqdimacs,7,197
./benchmark_tests/original/Biere/bitcell_16_2/pec_bit_cell_arbiter_2_374.dqdimacs,9,196
./benchmark_tests/original/Biere/bitcell_16_2/pec_bit_cell_arbiter_2_374.dqdimacs,11,197
./benchmark_tests/original/Biere/bitcell_16_2/pec_bit_cell_arbiter_2_374.dqdimacs,13,197
./benchmark_tests/original/Biere/bitcell_16_2/pec_bit_cell_arbiter_2_374.dqdimacs,14,196
./benchmark_tests/original/Biere/bitcell_16_2/pec_bit_cell_arbiter_2_374.dqdimacs,15,193
./benchmark_tests/original/Biere/bitcell_16_2/pec_bit_cell_arbiter_2_374.dqdimacs,16,179
./benchmark_tests/original/Biere/bitcell_16_2/pec_bit_cell_arbiter_2_374.dqdimacs,17,160
./benchmark_tests/original/Biere/bitcell_16_2/pec_bit_cell_arbiter_2_374.dqdimacs,18,146
./benchmark_tests/original/Biere/bitcell_16_2/pec_bit_cell_arbiter_2_374.dqdimacs,19,130
./benchmark_tests/original/Biere/bitcell_16_2/pec_bit_cell_arbiter_2_374.dqdimacs,20,120
./benchmark_tests/original/Biere/bitcell_16_2/pec_bit_cell_arbiter_2_374.dqdimacs,21,132
./benchmark_tests/original/Biere/bitcell_16_2/pec_bit_cell_arbiter_2_374.dqdimacs,22,94
./benchmark_tests/original/Biere/bitcell_16_2/pec_bit_cell_arbiter_2_374.dqdimacs,25,92
./benchmark_tests/original/Biere/bitcell_16_2/pec_bit_cell_arbiter_2_374.dqdimacs,28,91
./benchmark_tests/original/Biere/bitcell_16_2/pec_bit_cell_arbiter_2_374.dqdimacs,30,91
./benchmark_tests/original/Biere/bitcell_16_2/pec_bit_cell_arbiter_2_374.dqdimacs,32,91
./benchmark_tests/original/Biere/bitcell_16_2/pec_bit_cell_arbiter_2_374.dqdimacs,33,92
./benchmark_tests/original/Biere/bitcell_16_2/pec_bit_cell_arbiter_2_374.dqdimacs,34,91
./benchmark_tests/original/Biere/bitcell_16_2/pec_bit_cell_arbiter_2_374.dqdimacs,35,91
./benchmark_tests/original/Biere/bitcell_16_2/pec_bit_cell_arbiter_2_374.dqdimacs,36,92
./benchmark_tests/original/Biere/bitcell_16_2/pec_bit_cell_arbiter_2_374.dqdimacs,37,92
./benchmark_tests/original/Biere/bitcell_16_2/pec_bit_cell_arbiter_2_374.dqdimacs,38,92
./benchmark_tests/original/Biere/bitcell_16_2/pec_bit_cell_arbiter_2_374.dqdimacs,39,92
./benchmark_tests/original/Biere/bitcell_16_2/pec_bit_cell_arbiter_2_374.dqdimacs,40,93
./benchmark_tests/original/Biere/bitcell_16_2/pec_bit_cell_arbiter_2_374.dqdimacs,41,93
./benchmark_tests/original/Biere/bitcell_16_2/pec_bit_cell_arbiter_2_374.dqdimacs,42,92
./benchmark_tests/original/Biere/bitcell_16_2/pec_bit_cell_arbiter_2_374.dqdimacs,43,97
./benchmark_tests/original/Biere/bitcell_16_2/pec_bit_cell_arbiter_2_374.dqdimacs,44,93
./benchmark_tests/original/Biere/bitcell_16_2/pec_bit_cell_arbiter_2_374.dqdimacs,45,91
./benchmark_tests/original/Biere/bitcell_16_2/pec_bit_cell_arbiter_2_374.dqdimacs,46,91
./benchmark_tests/original/Biere/bitcell_16_2/pec_bit_cell_arbiter_2_374.dqdimacs,47,92
./benchmark_tests/original/Biere/bitcell_16_2/pec_bit_cell_arbiter_2_374.dqdimacs,48,91
./benchmark_tests/original/Biere/bitcell_16_2/pec_bit_cell_arbiter_2_374.dqdimacs,49,92
./benchmark_tests/original/Biere/bitcell_16_2/pec_bit_cell_arbiter_2_374.dqdimacs,50,92
./benchmark_tests/original/Biere/bitcell_16_2/pec_bit_cell_arbiter_2_374.dqdimacs,51,92
./benchmark_tests/original/Biere/bitcell_16_2/pec_bit_cell_arbiter_2_374.dqdimacs,52,92
./benchmark_tests/original/Biere/bitcell_16_2/pec_bit_cell_arbiter_2_374.dqdimacs,53,92
./benchmark_tests/original/Biere/bitcell_16_2/pec_bit_cell_arbiter_2_374.dqdimacs,54,92
./benchmark_tests/original/Biere/bitcell_16_2/pec_bit_cell_arbiter_2_374.dqdimacs,55,92
./benchmark_tests/original/Biere/bitcell_16_2/pec_bit_cell_arbiter_2_374.dqdimacs,56,92
./benchmark_tests/original/Biere/bitcell_16_2/pec_bit_cell_arbiter_2_374.dqdimacs,57,92
./benchmark_tests/original/Biere/bitcell_16_2/pec_bit_cell_arbiter_2_374.dqdimacs,58,92
./benchmark_tests/original/Biere/bitcell_16_2/pec_bit_cell_arbiter_2_374.dqdimacs,59,92
./benchmark_tests/original/Biere/bitcell_16_2/pec_bit_cell_arbiter_2_374.dqdimacs,60,92
./benchmark_tests/original/Biere/bitcell_16_2/pec_bit_cell_arbiter_2_374.dqdimacs,61,92
./benchmark_tests/original/Biere/bitcell_16_2/pec_bit_cell_arbiter_2_374.dqdimacs,62,92
./benchmark_tests/original/Biere/bitcell_16_2/pec_bit_cell_arbiter_2_374.dqdimacs,63,92
./benchmark_tests/original/Biere/bitcell_16_2/pec_bit_cell_arbiter_2_374.dqdimacs,64,91
./benchmark_tests/original/Biere/bitcell_16_2/pec_bit_cell_arbiter_2_374.dqdimacs,65,92
./benchmark_tests/original/Biere/bitcell_16_2/pec_bit_cell_arbiter_2_374.dqdimacs,66,92
./benchmark_tests/original/Biere/bitcell_16_2/pec_bit_cell_arbiter_2_374.dqdimacs,67,91
./benchmark_tests/original/Biere/bitcell_16_2/pec_bit_cell_arbiter_2_374.dqdimacs,68,92
./benchmark_tests/original/Biere/bitcell_16_2/pec_bit_cell_arbiter_2_374.dqdimacs,69,91
./benchmark_tests/original/Biere/bitcell_16_2/pec_bit_cell_arbiter_2_374.dqdimacs,70,91
./benchmark_tests/original/Biere/bitcell_16_2/pec_bit_cell_arbiter_2_374.dqdimacs,71,92
./benchmark_tests/original/Biere/bitcell_16_2/pec_bit_cell_arbiter_2_374.dqdimacs,72,92
./benchmark_tests/original/Biere/bitcell_16_2/pec_bit_cell_arbiter_2_374.dqdimacs,73,92
./benchmark_tests/original/Biere/bitcell_16_2/pec_bit_cell_arbiter_2_374.dqdimacs,74,92
./benchmark_tests/original/Biere/bitcell_16_2/pec_bit_cell_arbiter_2_374.dqdimacs,75,92
./benchmark_tests/original/Biere/bitcell_16_2/pec_bit_cell_arbiter_2_374.dqdimacs,76,92
./benchmark_tests/original/Biere/bitcell_16_2/pec_bit_cell_arbiter_2_374.dqdimacs,77,93
./benchmark_tests/original/Biere/bitcell_16_2/pec_bit_cell_arbiter_2_374.dqdimacs,78,92
./benchmark_tests/original/Biere/bitcell_16_2/pec_bit_cell_arbiter_2_374.dqdimacs,80,92
./benchmark_tests/original/Biere/bitcell_16_2/pec_bit_cell_arbiter_2_374.dqdimacs,81,93
./benchmark_tests/original/Biere/bitcell_16_2/pec_bit_cell_arbiter_2_374.dqdimacs,82,93
./benchmark_tests/original/Biere/bitcell_16_2/pec_bit_cell_arbiter_2_374.dqdimacs,83,93
./benchmark_tests/original/Biere/bitcell_16_2/pec_bit_cell_arbiter_2_374.dqdimacs,85,92
./benchmark_tests/original/Biere/bitcell_16_2/pec_bit_cell_arbiter_2_374.dqdimacs,86,92
./benchmark_tests/original/Biere/bitcell_16_2/pec_bit_cell_arbiter_2_374.dqdimacs,87,91
./benchmark_tests/original/Biere/bitcell_16_2/pec_bit_cell_arbiter_2_374.dqdimacs,88,92
./benchmark_tests/original/Biere/bitcell_16_2/pec_bit_cell_arbiter_2_374.dqdimacs,89,92
./benchmark_tests/original/Biere/bitcell_16_2/pec_bit_cell_arbiter_2_374.dqdimacs,90,92
./benchmark_tests/original/Biere/bitcell_16_2/pec_bit_cell_arbiter_2_374.dqdimacs,91,93
./benchmark_tests/original/Biere/bitcell_16_2/pec_bit_cell_arbiter_2_374.dqdimacs,93,91
./benchmark_tests/original/Biere/bitcell_16_2/pec_bit_cell_arbiter_2_374.dqdimacs,94,92
./benchmark_tests/original/Biere/bitcell_16_2/pec_bit_cell_arbiter_2_374.dqdimacs,95,91
./benchmark_tests/original/Biere/bitcell_16_2/pec_bit_cell_arbiter_2_374.dqdimacs,96,91
./benchmark_tests/original/Biere/bitcell_16_2/pec_bit_cell_arbiter_2_374.dqdimacs,97,92
./benchmark_tests/original/Biere/bitcell_16_2/pec_bit_cell_arbiter_2_374.dqdimacs,98,92
./benchmark_tests/original/Biere/bitcell_16_2/pec_bit_cell_arbiter_2_374.dqdimacs,99,93
./benchmark_tests/original/Biere/bitcell_16_2/pec_bit_cell_arbiter_2_374.dqdimacs,101,92
./benchmark_tests/original/Biere/bitcell_16_2/pec_bit_cell_arbiter_2_374.dqdimacs,102,92
./benchmark_tests/original/Biere/bitcell_16_2/pec_bit_cell_arbiter_2_374.dqdimacs,103,91
./benchmark_tests/original/Biere/bitcell_16_2/pec_bit_cell_arbiter_2_374.dqdimacs,104,91
./benchmark_tests/original/Biere/bitcell_16_2/pec_bit_cell_arbiter_2_374.dqdimacs,105,91
./benchmark_tests/original/Biere/bitcell_16_2/pec_bit_cell_arbiter_2_374.dqdimacs,106,92
./benchmark_tests/original/Biere/bitcell_16_2/pec_bit_cell_arbiter_2_374.dqdimacs,107,93
./benchmark_tests/original/Biere/bitcell_16_2/pec_bit_cell_arbiter_2_374.dqdimacs,109,92
./benchmark_tests/original/Biere/bitcell_16_2/pec_bit_cell_arbiter_2_374.dqdimacs,110,92
./benchmark_tests/original/Biere/bitcell_16_2/pec_bit_cell_arbiter_2_374.dqdimacs,111,92
./benchmark_tests/original/Biere/bitcell_16_2/pec_bit_cell_arbiter_2_374.dqdimacs,112,91
./benchmark_tests/original/Biere/bitcell_16_2/pec_bit_cell_arbiter_2_374.dqdimacs,113,91
./benchmark_tests/original/Biere/bitcell_16_2/pec_bit_cell_arbiter_2_374.dqdimacs,114,91
./benchmark_tests/original/Biere/bitcell_16_2/pec_bit_cell_arbiter_2_374.dqdimacs,115,93
./benchmark_tests/original/Biere/bitcell_16_2/pec_bit_cell_arbiter_2_374.dqdimacs,117,92
./benchmark_tests/original/Biere/bitcell_16_2/pec_bit_cell_arbiter_2_374.dqdimacs,118,92
./benchmark_tests/original/Biere/bitcell_16_2/pec_bit_cell_arbiter_2_374.dqdimacs,119,91
./benchmark_tests/original/Biere/bitcell_16_2/pec_bit_cell_arbiter_2_374.dqdimacs,120,91
./benchmark_tests/original/Biere/bitcell_16_2/pec_bit_cell_arbiter_2_374.dqdimacs,121,92
./benchmark_tests/original/Biere/bitcell_16_2/pec_bit_cell_arbiter_2_374.dqdimacs,122,92
./benchmark_tests/original/Biere/bitcell_16_2/pec_bit_cell_arbiter_2_374.dqdimacs,123,93
./benchmark_tests/original/Biere/bitcell_16_2/pec_bit_cell_arbiter_2_374.dqdimacs,124,92
./benchmark_tests/original/Biere/bitcell_16_2/pec_bit_cell_arbiter_2_374.dqdimacs,125,92
./benchmark_tests/original/Biere/bitcell_16_2/pec_bit_cell_arbiter_2_374.dqdimacs,126,91
./benchmark_tests/original/Biere/bitcell_16_2/pec_bit_cell_arbiter_2_374.dqdimacs,127,91
./benchmark_tests/original/Biere/bitcell_16_2/pec_bit_cell_arbiter_2_374.dqdimacs,128,93
./benchmark_tests/original/Biere/bitcell_16_2/pec_bit_cell_arbiter_2_374.dqdimacs,129,93
./benchmark_tests/original/Biere/bitcell_16_2/pec_bit_cell_arbiter_2_376.dqdimacs,3,358
./benchmark_tests/original/Biere/bitcell_16_2/pec_bit_cell_arbiter_2_376.dqdimacs,5,354
./benchmark_tests/original/Biere/bitcell_16_2/pec_bit_cell_arbiter_2_376.dqdimacs,6,353
./benchmark_tests/original/Biere/bitcell_16_2/pec_bit_cell_arbiter_2_376.dqdimacs,7,353
./benchmark_tests/original/Biere/bitcell_16_2/pec_bit_cell_arbiter_2_376.dqdimacs,8,331
./benchmark_tests/original/Biere/bitcell_16_2/pec_bit_cell_arbiter_2_376.dqdimacs,9,305
./benchmark_tests/original/Biere/bitcell_16_2/pec_bit_cell_arbiter_2_376.dqdimacs,10,212
./benchmark_tests/original/Biere/bitcell_16_2/pec_bit_cell_arbiter_2_376.dqdimacs,13,190
./benchmark_tests/original/Biere/bitcell_16_2/pec_bit_cell_arbiter_2_376.dqdimacs,15,187
./benchmark_tests/original/Biere/bitcell_16_2/pec_bit_cell_arbiter_2_376.dqdimacs,17,187
./benchmark_tests/original/Biere/bitcell_16_2/pec_bit_cell_arbiter_2_376.dqdimacs,19,187
./benchmark_tests/original/Biere/bitcell_16_2/pec_bit_cell_arbiter_2_376.dqdimacs,21,187
./benchmark_tests/original/Biere/bitcell_16_2/pec_bit_cell_arbiter_2_376.dqdimacs,23,187
./benchmark_tests/original/Biere/bitcell_16_2/pec_bit_cell_arbiter_2_376.dqdimacs,25,187
./benchmark_tests/original/Biere/bitcell_16_2/pec_bit_cell_arbiter_2_376.dqdimacs,28,187
./benchmark_tests/original/Biere/bitcell_16_2/pec_bit_cell_arbiter_2_376.dqdimacs,30,188
./benchmark_tests/original/Biere/bitcell_16_2/pec_bit_cell_arbiter_2_376.dqdimacs,32,187
./benchmark_tests/original/Biere/bitcell_16_2/pec_bit_cell_arbiter_2_376.dqdimacs,34,188
./benchmark_tests/original/Biere/bitcell_16_2/pec_bit_cell_arbiter_2_376.dqdimacs,36,187
./benchmark_tests/original/Biere/bitcell_16_2/pec_bit_cell_arbiter_2_376.dqdimacs,37,187
./benchmark_tests/original/Biere/bitcell_16_2/pec_bit_cell_arbiter_2_376.dqdimacs,38,187
./benchmark_tests/original/Biere/bitcell_16_2/pec_bit_cell_arbiter_2_376.dqdimacs,39,187
./benchmark_tests/original/Biere/bitcell_16_2/pec_bit_cell_arbiter_2_376.dqdimacs,40,187
./benchmark_tests/original/Biere/bitcell_16_2/pec_bit_cell_arbiter_2_376.dqdimacs,41,187
./benchmark_tests/original/Biere/bitcell_16_2/pec_bit_cell_arbiter_2_376.dqdimacs,42,188
./benchmark_tests/original/Biere/bitcell_16_2/pec_bit_cell_arbiter_2_376.dqdimacs,43,187
./benchmark_tests/original/Biere/bitcell_16_2/pec_bit_cell_arbiter_2_376.dqdimacs,44,187
./benchmark_tests/original/Biere/bitcell_16_2/pec_bit_cell_arbiter_2_376.dqdimacs,45,187
./benchmark_tests/original/Biere/bitcell_16_2/pec_bit_cell_arbiter_2_376.dqdimacs,46,188
./benchmark_tests/original/Biere/bitcell_16_2/pec_bit_cell_arbiter_2_376.dqdimacs,47,188
./benchmark_tests/original/Biere/bitcell_16_2/pec_bit_cell_arbiter_2_376.dqdimacs,48,188
./benchmark_tests/original/Biere/bitcell_16_2/pec_bit_cell_arbiter_2_376.dqdimacs,49,191
./benchmark_tests/original/Biere/bitcell_16_2/pec_bit_cell_arbiter_2_376.dqdimacs,50,188
./benchmark_tests/original/Biere/bitcell_16_2/pec_bit_cell_arbiter_2_376.dqdimacs,51,189
./benchmark_tests/original/Biere/bitcell_16_2/pec_bit_cell_arbiter_2_376.dqdimacs,52,189
./benchmark_tests/original/Biere/bitcell_16_2/pec_bit_cell_arbiter_2_376.dqdimacs,53,187
./benchmark_tests/original/Biere/bitcell_16_2/pec_bit_cell_arbiter_2_376.dqdimacs,54,187
./benchmark_tests/original/Biere/bitcell_16_2/pec_bit_cell_arbiter_2_376.dqdimacs,55,187
./benchmark_tests/original/Biere/bitcell_16_2/pec_bit_cell_arbiter_2_376.dqdimacs,56,188
./benchmark_tests/original/Biere/bitcell_16_2/pec_bit_cell_arbiter_2_376.dqdimacs,57,187
./benchmark_tests/original/Biere/bitcell_16_2/pec_bit_cell_arbiter_2_376.dqdimacs,58,187
./benchmark_tests/original/Biere/bitcell_16_2/pec_bit_cell_arbiter_2_376.dqdimacs,59,187
./benchmark_tests/original/Biere/bitcell_16_2/pec_bit_cell_arbiter_2_376.dqdimacs,60,188
./benchmark_tests/original/Biere/bitcell_16_2/pec_bit_cell_arbiter_2_376.dqdimacs,61,187
./benchmark_tests/original/Biere/bitcell_16_2/pec_bit_cell_arbiter_2_376.dqdimacs,62,187
./benchmark_tests/original/Biere/bitcell_16_2/pec_bit_cell_arbiter_2_376.dqdimacs,63,187
./benchmark_tests/original/Biere/bitcell_16_2/pec_bit_cell_arbiter_2_376.dqdimacs,64,187
./benchmark_tests/original/Biere/bitcell_16_2/pec_bit_cell_arbiter_2_376.dqdimacs,65,187
./benchmark_tests/original/Biere/bitcell_16_2/pec_bit_cell_arbiter_2_376.dqdimacs,66,187
./benchmark_tests/original/Biere/bitcell_16_2/pec_bit_cell_arbiter_2_376.dqdimacs,67,187
./benchmark_tests/original/Biere/bitcell_16_2/pec_bit_cell_arbiter_2_376.dqdimacs,68,187
./benchmark_tests/original/Biere/bitcell_16_2/pec_bit_cell_arbiter_2_376.dqdimacs,69,187
./benchmark_tests/original/Biere/bitcell_16_2/pec_bit_cell_arbiter_2_376.dqdimacs,70,187
./benchmark_tests/original/Biere/bitcell_16_2/pec_bit_cell_arbiter_2_376.dqdimacs,71,186
./benchmark_tests/original/Biere/bitcell_16_2/pec_bit_cell_arbiter_2_376.dqdimacs,72,187
./benchmark_tests/original/Biere/bitcell_16_2/pec_bit_cell_arbiter_2_376.dqdimacs,73,187
./benchmark_tests/original/Biere/bitcell_16_2/pec_bit_cell_arbiter_2_376.dqdimacs,74,187
./benchmark_tests/original/Biere/bitcell_16_2/pec_bit_cell_arbiter_2_376.dqdimacs,75,187
./benchmark_tests/original/Biere/bitcell_16_2/pec_bit_cell_arbiter_2_376.dqdimacs,76,188
./benchmark_tests/original/Biere/bitcell_16_2/pec_bit_cell_arbiter_2_376.dqdimacs,77,188
./benchmark_tests/original/Biere/bitcell_16_2/pec_bit_cell_arbiter_2_376.dqdimacs,78,188
./benchmark_tests/original/Biere/bitcell_16_2/pec_bit_cell_arbiter_2_376.dqdimacs,79,187
./benchmark_tests/original/Biere/bitcell_16_2/pec_bit_cell_arbiter_2_376.dqdimacs,80,188
./benchmark_tests/original/Biere/bitcell_16_2/pec_bit_cell_arbiter_2_376.dqdimacs,81,187
./benchmark_tests/original/Biere/bitcell_16_2/pec_bit_cell_arbiter_2_376.dqdimacs,82,188
./benchmark_tests/original/Biere/bitcell_16_2/pec_bit_cell_arbiter_2_376.dqdimacs,83,188
./benchmark_tests/original/Biere/bitcell_16_2/pec_bit_cell_arbiter_2_376.dqdimacs,84,189
./benchmark_tests/original/Biere/bitcell_16_2/pec_bit_cell_arbiter_2_376.dqdimacs,85,188
./benchmark_tests/original/Biere/bitcell_16_2/pec_bit_cell_arbiter_2_376.dqdimacs,86,186
./benchmark_tests/original/Biere/bitcell_16_2/pec_bit_cell_arbiter_2_376.dqdimacs,87,186
./benchmark_tests/original/Biere/bitcell_16_2/pec_bit_cell_arbiter_2_376.dqdimacs,88,187
./benchmark_tests/original/Biere/bitcell_16_2/pec_bit_cell_arbiter_2_376.dqdimacs,89,187
./benchmark_tests/original/Biere/bitcell_16_2/pec_bit_cell_arbiter_2_376.dqdimacs,90,186
./benchmark_tests/original/Biere/bitcell_16_2/pec_bit_cell_arbiter_2_376.dqdimacs,91,186
./benchmark_tests/original/Biere/bitcell_16_2/pec_bit_cell_arbiter_2_376.dqdimacs,92,186
./benchmark_tests/original/Biere/bitcell_16_2/pec_bit_cell_arbiter_2_376.dqdimacs,93,187
./benchmark_tests/original/Biere/bitcell_16_2/pec_bit_cell_arbiter_2_376.dqdimacs,94,187
./benchmark_tests/original/Biere/bitcell_16_2/pec_bit_cell_arbiter_2_376.dqdimacs,95,187
./benchmark_tests/original/Biere/bitcell_16_2/pec_bit_cell_arbiter_2_376.dqdimacs,96,186
./benchmark_tests/original/Biere/bitcell_16_2/pec_bit_cell_arbiter_2_376.dqdimacs,97,187
./benchmark_tests/original/Biere/bitcell_16_2/pec_bit_cell_arbiter_2_376.dqdimacs,98,187
./benchmark_tests/original/Biere/bitcell_16_2/pec_bit_cell_arbiter_2_376.dqdimacs,99,187
./benchmark_tests/original/Biere/bitcell_16_2/pec_bit_cell_arbiter_2_376.dqdimacs,100,187
./benchmark_tests/original/Biere/bitcell_16_2/pec_bit_cell_arbiter_2_376.dqdimacs,101,186
./benchmark_tests/original/Biere/bitcell_16_2/pec_bit_cell_arbiter_2_376.dqdimacs,102,186
./benchmark_tests/original/Biere/bitcell_16_2/pec_bit_cell_arbiter_2_376.dqdimacs,103,186
./benchmark_tests/original/Biere/bitcell_16_2/pec_bit_cell_arbiter_2_376.dqdimacs,104,187
./benchmark_tests/original/Biere/bitcell_16_2/pec_bit_cell_arbiter_2_376.dqdimacs,105,188
./benchmark_tests/original/Biere/bitcell_16_2/pec_bit_cell_arbiter_2_376.dqdimacs,106,185
./benchmark_tests/original/Biere/bitcell_16_2/pec_bit_cell_arbiter_2_376.dqdimacs,107,186
./benchmark_tests/original/Biere/bitcell_16_2/pec_bit_cell_arbiter_2_376.dqdimacs,108,187
./benchmark_tests/original/Biere/bitcell_16_2/pec_bit_cell_arbiter_2_376.dqdimacs,109,186
./benchmark_tests/original/Biere/bitcell_16_2/pec_bit_cell_arbiter_2_376.dqdimacs,110,186
./benchmark_tests/original/Biere/bitcell_16_2/pec_bit_cell_arbiter_2_376.dqdimacs,111,186
./benchmark_tests/original/Biere/bitcell_16_2/pec_bit_cell_arbiter_2_376.dqdimacs,112,187
./benchmark_tests/original/Biere/bitcell_16_2/pec_bit_cell_arbiter_2_376.dqdimacs,113,186
./benchmark_tests/original/Biere/bitcell_16_2/pec_bit_cell_arbiter_2_376.dqdimacs,115,187
./benchmark_tests/original/Biere/bitcell_16_2/pec_bit_cell_arbiter_2_376.dqdimacs,116,187
./benchmark_tests/original/Biere/bitcell_16_2/pec_bit_cell_arbiter_2_376.dqdimacs,117,187
./benchmark_tests/original/Biere/bitcell_16_2/pec_bit_cell_arbiter_2_376.dqdimacs,118,187
./benchmark_tests/original/Biere/bitcell_16_2/pec_bit_cell_arbiter_2_376.dqdimacs,120,186
./benchmark_tests/original/Biere/bitcell_16_2/pec_bit_cell_arbiter_2_376.dqdimacs,121,187
./benchmark_tests/original/Biere/bitcell_16_2/pec_bit_cell_arbiter_2_376.dqdimacs,122,187
./benchmark_tests/original/Biere/bitcell_16_2/pec_bit_cell_arbiter_2_376.dqdimacs,123,187
./benchmark_tests/original/Biere/bitcell_16_2/pec_bit_cell_arbiter_2_376.dqdimacs,124,187
./benchmark_tests/original/Biere/bitcell_16_2/pec_bit_cell_arbiter_2_376.dqdimacs,125,186
./benchmark_tests/original/Biere/bitcell_16_2/pec_bit_cell_arbiter_2_376.dqdimacs,126,187
./benchmark_tests/original/Biere/bitcell_16_2/pec_bit_cell_arbiter_2_376.dqdimacs,127,186
./benchmark_tests/original/Biere/bitcell_16_2/pec_bit_cell_arbiter_2_376.dqdimacs,128,187
./benchmark_tests/original/Biere/bitcell_16_2/pec_bit_cell_arbiter_2_376.dqdimacs,129,187
./benchmark_tests/original/Biere/bitcell_16_2/pec_bit_cell_arbiter_2_376.dqdimacs,130,187
./benchmark_tests/original/Biere/bitcell_16_2/pec_bit_cell_arbiter_2_376.dqdimacs,131,187
./benchmark_tests/original/Biere/bitcell_16_2/pec_bit_cell_arbiter_2_376.dqdimacs,132,187
./benchmark_tests/original/Biere/bitcell_16_2/pec_bit_cell_arbiter_2_385.dqdimacs,3,160
./benchmark_tests/original/Biere/bitcell_16_2/pec_bit_cell_arbiter_2_385.dqdimacs,5,155
./benchmark_tests/original/Biere/bitcell_16_2/pec_bit_cell_arbiter_2_385.dqdimacs,7,154
./benchmark_tests/original/Biere/bitcell_16_2/pec_bit_cell_arbiter_2_385.dqdimacs,9,154
./benchmark_tests/original/Biere/bitcell_16_2/pec_bit_cell_arbiter_2_385.dqdimacs,11,153
./benchmark_tests/original/Biere/bitcell_16_2/pec_bit_cell_arbiter_2_385.dqdimacs,14,154
./benchmark_tests/original/Biere/bitcell_16_2/pec_bit_cell_arbiter_2_385.dqdimacs,16,154
./benchmark_tests/original/Biere/bitcell_16_2/pec_bit_cell_arbiter_2_385.dqdimacs,18,154
./benchmark_tests/original/Biere/bitcell_16_2/pec_bit_cell_arbiter_2_385.dqdimacs,20,154
./benchmark_tests/original/Biere/bitcell_16_2/pec_bit_cell_arbiter_2_385.dqdimacs,22,151
./benchmark_tests/original/Biere/bitcell_16_2/pec_bit_cell_arbiter_2_385.dqdimacs,24,143
./benchmark_tests/original/Biere/bitcell_16_2/pec_bit_cell_arbiter_2_385.dqdimacs,26,132
./benchmark_tests/original/Biere/bitcell_16_2/pec_bit_cell_arbiter_2_385.dqdimacs,27,121
./benchmark_tests/original/Biere/bitcell_16_2/pec_bit_cell_arbiter_2_385.dqdimacs,28,112
./benchmark_tests/original/Biere/bitcell_16_2/pec_bit_cell_arbiter_2_385.dqdimacs,29,103
./benchmark_tests/original/Biere/bitcell_16_2/pec_bit_cell_arbiter_2_385.dqdimacs,30,96
./benchmark_tests/original/Biere/bitcell_16_2/pec_bit_cell_arbiter_2_385.dqdimacs,31,90
./benchmark_tests/original/Biere/bitcell_16_2/pec_bit_cell_arbiter_2_385.dqdimacs,32,84
./benchmark_tests/original/Biere/bitcell_16_2/pec_bit_cell_arbiter_2_385.dqdimacs,33,82
./benchmark_tests/original/Biere/bitcell_16_2/pec_bit_cell_arbiter_2_385.dqdimacs,34,82
./benchmark_tests/original/Biere/bitcell_16_2/pec_bit_cell_arbiter_2_385.dqdimacs,35,107
./benchmark_tests/original/Biere/bitcell_16_2/pec_bit_cell_arbiter_2_385.dqdimacs,36,84
./benchmark_tests/original/Biere/bitcell_16_2/pec_bit_cell_arbiter_2_385.dqdimacs,37,83
./benchmark_tests/original/Biere/bitcell_16_2/pec_bit_cell_arbiter_2_385.dqdimacs,38,83
./benchmark_tests/original/Biere/bitcell_16_2/pec_bit_cell_arbiter_2_385.dqdimacs,39,83
./benchmark_tests/original/Biere/bitcell_16_2/pec_bit_cell_arbiter_2_385.dqdimacs,40,83
./benchmark_tests/original/Biere/bitcell_16_2/pec_bit_cell_arbiter_2_385.dqdimacs,41,83
./benchmark_tests/original/Biere/bitcell_16_2/pec_bit_cell_arbiter_2_385.dqdimacs,42,84
./benchmark_tests/original/Biere/bitcell_16_2/pec_bit_cell_arbiter_2_385.dqdimacs,44,83
./benchmark_tests/original/Biere/bitcell_16_2/pec_bit_cell_arbiter_2_385.dqdimacs,45,84
./benchmark_tests/original/Biere/bitcell_16_2/pec_bit_cell_arbiter_2_385.dqdimacs,46,84
./benchmark_tests/original/Biere/bitcell_16_2/pec_bit_cell_arbiter_2_385.dqdimacs,47,83
./benchmark_tests/original/Biere/bitcell_16_2/pec_bit_cell_arbiter_2_385.dqdimacs,48,83
./benchmark_tests/original/Biere/bitcell_16_2/pec_bit_cell_arbiter_2_385.dqdimacs,49,83
./benchmark_tests/original/Biere/bitcell_16_2/pec_bit_cell_arbiter_2_385.dqdimacs,50,83
./benchmark_tests/original/Biere/bitcell_16_2/pec_bit_cell_arbiter_2_385.dqdimacs,51,83
./benchmark_tests/original/Biere/bitcell_16_2/pec_bit_cell_arbiter_2_385.dqdimacs,52,83
./benchmark_tests/original/Biere/bitcell_16_2/pec_bit_cell_arbiter_2_385.dqdimacs,53,83
./benchmark_tests/original/Biere/bitcell_16_2/pec_bit_cell_arbiter_2_385.dqdimacs,54,83
./benchmark_tests/original/Biere/bitcell_16_2/pec_bit_cell_arbiter_2_385.dqdimacs,55,83
./benchmark_tests/original/Biere/bitcell_16_2/pec_bit_cell_arbiter_2_385.dqdimacs,56,83
./benchmark_tests/original/Biere/bitcell_16_2/pec_bit_cell_arbiter_2_385.dqdimacs,57,83
./benchmark_tests/original/Biere/bitcell_16_2/pec_bit_cell_arbiter_2_385.dqdimacs,58,83
./benchmark_tests/original/Biere/bitcell_16_2/pec_bit_cell_arbiter_2_385.dqdimacs,59,83
./benchmark_tests/original/Biere/bitcell_16_2/pec_bit_cell_arbiter_2_385.dqdimacs,60,83
./benchmark_tests/original/Biere/bitcell_16_2/pec_bit_cell_arbiter_2_385.dqdimacs,61,83
./benchmark_tests/original/Biere/bitcell_16_2/pec_bit_cell_arbiter_2_385.dqdimacs,62,83
./benchmark_tests/original/Biere/bitcell_16_2/pec_bit_cell_arbiter_2_385.dqdimacs,63,83
./benchmark_tests/original/Biere/bitcell_16_2/pec_bit_cell_arbiter_2_385.dqdimacs,64,83
./benchmark_tests/original/Biere/bitcell_16_2/pec_bit_cell_arbiter_2_385.dqdimacs,65,83
./benchmark_tests/original/Biere/bitcell_16_2/pec_bit_cell_arbiter_2_385.dqdimacs,66,83
./benchmark_tests/original/Biere/bitcell_16_2/pec_bit_cell_arbiter_2_385.dqdimacs,67,83
./benchmark_tests/original/Biere/bitcell_16_2/pec_bit_cell_arbiter_2_385.dqdimacs,68,84
./benchmark_tests/original/Biere/bitcell_16_2/pec_bit_cell_arbiter_2_385.dqdimacs,69,84
./benchmark_tests/original/Biere/bitcell_16_2/pec_bit_cell_arbiter_2_385.dqdimacs,70,83
./benchmark_tests/original/Biere/bitcell_16_2/pec_bit_cell_arbiter_2_385.dqdimacs,71,82
./benchmark_tests/original/Biere/bitcell_16_2/pec_bit_cell_arbiter_2_385.dqdimacs,72,83
./benchmark_tests/original/Biere/bitcell_16_2/pec_bit_cell_arbiter_2_385.dqdimacs,73,84
./benchmark_tests/original/Biere/bitcell_16_2/pec_bit_cell_arbiter_2_385.dqdimacs,74,83
./benchmark_tests/original/Biere/bitcell_16_2/pec_bit_cell_arbiter_2_385.dqdimacs,75,83
./benchmark_tests/original/Biere/bitcell_16_2/pec_bit_cell_arbiter_2_385.dqdimacs,76,83
./benchmark_tests/original/Biere/bitcell_16_2/pec_bit_cell_arbiter_2_385.dqdimacs,77,84
./benchmark_tests/original/Biere/bitcell_16_2/pec_bit_cell_arbiter_2_385.dqdimacs,78,84
./benchmark_tests/original/Biere/bitcell_16_2/pec_bit_cell_arbiter_2_385.dqdimacs,79,83
./benchmark_tests/original/Biere/bitcell_16_2/pec_bit_cell_arbiter_2_385.dqdimacs,80,85
./benchmark_tests/original/Biere/bitcell_16_2/pec_bit_cell_arbiter_2_385.dqdimacs,81,84
./benchmark_tests/original/Biere/bitcell_16_2/pec_bit_cell_arbiter_2_385.dqdimacs,82,84
./benchmark_tests/original/Biere/bitcell_16_2/pec_bit_cell_arbiter_2_385.dqdimacs,83,83
./benchmark_tests/original/Biere/bitcell_16_2/pec_bit_cell_arbiter_2_385.dqdimacs,84,83
./benchmark_tests/original/Biere/bitcell_16_2/pec_bit_cell_arbiter_2_385.dqdimacs,85,82
./benchmark_tests/original/Biere/bitcell_16_2/pec_bit_cell_arbiter_2_385.dqdimacs,86,82
./benchmark_tests/original/Biere/bitcell_16_2/pec_bit_cell_arbiter_2_385.dqdimacs,87,82
./benchmark_tests/original/Biere/bitcell_16_2/pec_bit_cell_arbiter_2_385.dqdimacs,88,83
./benchmark_tests/original/Biere/bitcell_16_2/pec_bit_cell_arbiter_2_385.dqdimacs,89,83
./benchmark_tests/original/Biere/bitcell_16_2/pec_bit_cell_arbiter_2_385.dqdimacs,90,83
./benchmark_tests/original/Biere/bitcell_16_2/pec_bit_cell_arbiter_2_385.dqdimacs,91,83
./benchmark_tests/original/Biere/bitcell_16_2/pec_bit_cell_arbiter_2_385.dqdimacs,92,83
./benchmark_tests/original/Biere/bitcell_16_2/pec_bit_cell_arbiter_2_385.dqdimacs,93,83
./benchmark_tests/original/Biere/bitcell_16_2/pec_bit_cell_arbiter_2_385.dqdimacs,94,83
./benchmark_tests/original/Biere/bitcell_16_2/pec_bit_cell_arbiter_2_385.dqdimacs,95,83
./benchmark_tests/original/Biere/bitcell_16_2/pec_bit_cell_arbiter_2_385.dqdimacs,96,83
./benchmark_tests/original/Biere/bitcell_16_2/pec_bit_cell_arbiter_2_385.dqdimacs,98,83
./benchmark_tests/original/Biere/bitcell_16_2/pec_bit_cell_arbiter_2_385.dqdimacs,99,83
./benchmark_tests/original/Biere/bitcell_16_2/pec_bit_cell_arbiter_2_385.dqdimacs,100,84
./benchmark_tests/original/Biere/bitcell_16_2/pec_bit_cell_arbiter_2_385.dqdimacs,101,84
./benchmark_tests/original/Biere/bitcell_16_2/pec_bit_cell_arbiter_2_385.dqdimacs,103,83
./benchmark_tests/original/Biere/bitcell_16_2/pec_bit_cell_arbiter_2_385.dqdimacs,104,83
./benchmark_tests/original/Biere/bitcell_16_2/pec_bit_cell_arbiter_2_385.dqdimacs,105,82
./benchmark_tests/original/Biere/bitcell_16_2/pec_bit_cell_arbiter_2_385.dqdimacs,106,83
./benchmark_tests/original/Biere/bitcell_16_2/pec_bit_cell_arbiter_2_385.dqdimacs,107,84
./benchmark_tests/original/Biere/bitcell_16_2/pec_bit_cell_arbiter_2_385.dqdimacs,108,84
./benchmark_tests/original/Biere/bitcell_16_2/pec_bit_cell_arbiter_2_385.dqdimacs,109,84
./benchmark_tests/original/Biere/bitcell_16_2/pec_bit_cell_arbiter_2_385.dqdimacs,111,83
./benchmark_tests/original/Biere/bitcell_16_2/pec_bit_cell_arbiter_2_385.dqdimacs,112,83
./benchmark_tests/original/Biere/bitcell_16_2/pec_bit_cell_arbiter_2_385.dqdimacs,113,83
./benchmark_tests/original/Biere/bitcell_16_2/pec_bit_cell_arbiter_2_385.dqdimacs,114,83
./benchmark_tests/original/Biere/bitcell_16_2/pec_bit_cell_arbiter_2_385.dqdimacs,115,84
./benchmark_tests/original/Biere/bitcell_16_2/pec_bit_cell_arbiter_2_385.dqdimacs,116,84
./benchmark_tests/original/Biere/bitcell_16_2/pec_bit_cell_arbiter_2_385.dqdimacs,117,84
./benchmark_tests/original/Biere/bitcell_16_2/pec_bit_cell_arbiter_2_385.dqdimacs,119,83
./benchmark_tests/original/Biere/bitcell_16_2/pec_bit_cell_arbiter_2_385.dqdimacs,120,83
./benchmark_tests/original/Biere/bitcell_16_2/pec_bit_cell_arbiter_2_385.dqdimacs,121,83
./benchmark_tests/original/Biere/bitcell_16_2/pec_bit_cell_arbiter_2_385.dqdimacs,122,84
./benchmark_tests/original/Biere/bitcell_16_2/pec_bit_cell_arbiter_2_385.dqdimacs,123,84
./benchmark_tests/original/Biere/bitcell_16_2/pec_bit_cell_arbiter_2_385.dqdimacs,124,84
./benchmark_tests/original/Biere/bitcell_16_2/pec_bit_cell_arbiter_2_385.dqdimacs,125,84
./benchmark_tests/original/Biere/bitcell_16_2/pec_bit_cell_arbiter_2_385.dqdimacs,126,83
./benchmark_tests/original/Biere/bitcell_16_2/pec_bit_cell_arbiter_2_385.dqdimacs,127,83
./benchmark_tests/original/Biere/bitcell_16_2/pec_bit_cell_arbiter_2_385.dqdimacs,128,84
./benchmark_tests/original/Biere/bitcell_16_2/pec_bit_cell_arbiter_2_385.dqdimacs,129,81
./benchmark_tests/original/Biere/bitcell_16_2/pec_bit_cell_arbiter_2_385.dqdimacs,130,70
./benchmark_tests/original/Biere/bitcell_16_2/pec_bit_cell_arbiter_2_385.dqdimacs,131,70
./benchmark_tests/original/Biere/bitcell_16_2/pec_bit_cell_arbiter_2_389.dqdimacs,3,111
./benchmark_tests/original/Biere/bitcell_16_2/pec_bit_cell_arbiter_2_389.dqdimacs,5,107
./benchmark_tests/original/Biere/bitcell_16_2/pec_bit_cell_arbiter_2_389.dqdimacs,7,106
./benchmark_tests/original/Biere/bitcell_16_2/pec_bit_cell_arbiter_2_389.dqdimacs,9,106
./benchmark_tests/original/Biere/bitcell_16_2/pec_bit_cell_arbiter_2_389.dqdimacs,11,101
./benchmark_tests/original/Biere/bitcell_16_2/pec_bit_cell_arbiter_2_389.dqdimacs,13,79
./benchmark_tests/original/Biere/bitcell_16_2/pec_bit_cell_arbiter_2_389.dqdimacs,15,78
./benchmark_tests/original/Biere/bitcell_16_2/pec_bit_cell_arbiter_2_389.dqdimacs,16,79
./benchmark_tests/original/Biere/bitcell_16_2/pec_bit_cell_arbiter_2_389.dqdimacs,17,78
./benchmark_tests/original/Biere/bitcell_16_2/pec_bit_cell_arbiter_2_389.dqdimacs,18,78
./benchmark_tests/original/Biere/bitcell_16_2/pec_bit_cell_arbiter_2_389.dqdimacs,19,78
./benchmark_tests/original/Biere/bitcell_16_2/pec_bit_cell_arbiter_2_389.dqdimacs,20,77
./benchmark_tests/original/Biere/bitcell_16_2/pec_bit_cell_arbiter_2_389.dqdimacs,21,78
./benchmark_tests/original/Biere/bitcell_16_2/pec_bit_cell_arbiter_2_389.dqdimacs,22,77
./benchmark_tests/original/Biere/bitcell_16_2/pec_bit_cell_arbiter_2_389.dqdimacs,23,77
./benchmark_tests/original/Biere/bitcell_16_2/pec_bit_cell_arbiter_2_389.dqdimacs,24,134
./benchmark_tests/original/Biere/bitcell_16_2/pec_bit_cell_arbiter_2_389.dqdimacs,25,101
./benchmark_tests/original/Biere/bitcell_16_2/pec_bit_cell_arbiter_2_389.dqdimacs,28,97
./benchmark_tests/original/Biere/bitcell_16_2/pec_bit_cell_arbiter_2_389.dqdimacs,30,92
./benchmark_tests/original/Biere/bitcell_16_2/pec_bit_cell_arbiter_2_389.dqdimacs,32,87
./benchmark_tests/original/Biere/bitcell_16_2/pec_bit_cell_arbiter_2_389.dqdimacs,33,83
./benchmark_tests/original/Biere/bitcell_16_2/pec_bit_cell_arbiter_2_389.dqdimacs,34,79
./benchmark_tests/original/Biere/bitcell_16_2/pec_bit_cell_arbiter_2_389.dqdimacs,35,74
./benchmark_tests/original/Biere/bitcell_16_2/pec_bit_cell_arbiter_2_389.dqdimacs,36,71
./benchmark_tests/original/Biere/bitcell_16_2/pec_bit_cell_arbiter_2_389.dqdimacs,37,68
./benchmark_tests/original/Biere/bitcell_16_2/pec_bit_cell_arbiter_2_389.dqdimacs,38,65
./benchmark_tests/original/Biere/bitcell_16_2/pec_bit_cell_arbiter_2_389.dqdimacs,39,61
./benchmark_tests/original/Biere/bitcell_16_2/pec_bit_cell_arbiter_2_389.dqdimacs,40,58
./benchmark_tests/original/Biere/bitcell_16_2/pec_bit_cell_arbiter_2_389.dqdimacs,41,56
./benchmark_tests/original/Biere/bitcell_16_2/pec_bit_cell_arbiter_2_389.dqdimacs,42,56
./benchmark_tests/original/Biere/bitcell_16_2/pec_bit_cell_arbiter_2_389.dqdimacs,43,57
./benchmark_tests/original/Biere/bitcell_16_2/pec_bit_cell_arbiter_2_389.dqdimacs,44,57
./benchmark_tests/original/Biere/bitcell_16_2/pec_bit_cell_arbiter_2_389.dqdimacs,45,57
./benchmark_tests/original/Biere/bitcell_16_2/pec_bit_cell_arbiter_2_389.dqdimacs,46,56
./benchmark_tests/original/Biere/bitcell_16_2/pec_bit_cell_arbiter_2_389.dqdimacs,47,56
./benchmark_tests/original/Biere/bitcell_16_2/pec_bit_cell_arbiter_2_389.dqdimacs,48,57
./benchmark_tests/original/Biere/bitcell_16_2/pec_bit_cell_arbiter_2_389.dqdimacs,49,56
./benchmark_tests/original/Biere/bitcell_16_2/pec_bit_cell_arbiter_2_389.dqdimacs,50,57
./benchmark_tests/original/Biere/bitcell_16_2/pec_bit_cell_arbiter_2_389.dqdimacs,51,57
./benchmark_tests/original/Biere/bitcell_16_2/pec_bit_cell_arbiter_2_389.dqdimacs,52,57
./benchmark_tests/original/Biere/bitcell_16_2/pec_bit_cell_arbiter_2_389.dqdimacs,53,56
./benchmark_tests/original/Biere/bitcell_16_2/pec_bit_cell_arbiter_2_389.dqdimacs,54,57
./benchmark_tests/original/Biere/bitcell_16_2/pec_bit_cell_arbiter_2_389.dqdimacs,55,56
./benchmark_tests/original/Biere/bitcell_16_2/pec_bit_cell_arbiter_2_389.dqdimacs,56,56
./benchmark_tests/original/Biere/bitcell_16_2/pec_bit_cell_arbiter_2_389.dqdimacs,57,57
./benchmark_tests/original/Biere/bitcell_16_2/pec_bit_cell_arbiter_2_389.dqdimacs,58,56
./benchmark_tests/original/Biere/bitcell_16_2/pec_bit_cell_arbiter_2_389.dqdimacs,59,57
./benchmark_tests/original/Biere/bitcell_16_2/pec_bit_cell_arbiter_2_389.dqdimacs,60,57
./benchmark_tests/original/Biere/bitcell_16_2/pec_bit_cell_arbiter_2_389.dqdimacs,61,57
./benchmark_tests/original/Biere/bitcell_16_2/pec_bit_cell_arbiter_2_389.dqdimacs,62,58
./benchmark_tests/original/Biere/bitcell_16_2/pec_bit_cell_arbiter_2_389.dqdimacs,63,57
./benchmark_tests/original/Biere/bitcell_16_2/pec_bit_cell_arbiter_2_389.dqdimacs,64,57
./benchmark_tests/original/Biere/bitcell_16_2/pec_bit_cell_arbiter_2_389.dqdimacs,65,58
./benchmark_tests/original/Biere/bitcell_16_2/pec_bit_cell_arbiter_2_389.dqdimacs,66,57
./benchmark_tests/original/Biere/bitcell_16_2/pec_bit_cell_arbiter_2_389.dqdimacs,67,57
./benchmark_tests/original/Biere/bitcell_16_2/pec_bit_cell_arbiter_2_389.dqdimacs,68,57
./benchmark_tests/original/Biere/bitcell_16_2/pec_bit_cell_arbiter_2_389.dqdimacs,69,57
./benchmark_tests/original/Biere/bitcell_16_2/pec_bit_cell_arbiter_2_389.dqdimacs,71,57
./benchmark_tests/original/Biere/bitcell_16_2/pec_bit_cell_arbiter_2_389.dqdimacs,72,57
./benchmark_tests/original/Biere/bitcell_16_2/pec_bit_cell_arbiter_2_389.dqdimacs,73,57
./benchmark_tests/original/Biere/bitcell_16_2/pec_bit_cell_arbiter_2_389.dqdimacs,75,57
./benchmark_tests/original/Biere/bitcell_16_2/pec_bit_cell_arbiter_2_389.dqdimacs,76,57
./benchmark_tests/original/Biere/bitcell_16_2/pec_bit_cell_arbiter_2_389.dqdimacs,77,57
./benchmark_tests/original/Biere/bitcell_16_2/pec_bit_cell_arbiter_2_389.dqdimacs,78,57
./benchmark_tests/original/Biere/bitcell_16_2/pec_bit_cell_arbiter_2_389.dqdimacs,79,56
./benchmark_tests/original/Biere/bitcell_16_2/pec_bit_cell_arbiter_2_389.dqdimacs,80,57
./benchmark_tests/original/Biere/bitcell_16_2/pec_bit_cell_arbiter_2_389.dqdimacs,81,57
./benchmark_tests/original/Biere/bitcell_16_2/pec_bit_cell_arbiter_2_389.dqdimacs,82,57
./benchmark_tests/original/Biere/bitcell_16_2/pec_bit_cell_arbiter_2_389.dqdimacs,84,57
./benchmark_tests/original/Biere/bitcell_16_2/pec_bit_cell_arbiter_2_389.dqdimacs,85,56
./benchmark_tests/original/Biere/bitcell_16_2/pec_bit_cell_arbiter_2_389.dqdimacs,86,56
./benchmark_tests/original/Biere/bitcell_16_2/pec_bit_cell_arbiter_2_389.dqdimacs,87,56
./benchmark_tests/original/Biere/bitcell_16_2/pec_bit_cell_arbiter_2_389.dqdimacs,88,57
./benchmark_tests/original/Biere/bitcell_16_2/pec_bit_cell_arbiter_2_389.dqdimacs,89,57
./benchmark_tests/original/Biere/bitcell_16_2/pec_bit_cell_arbiter_2_389.dqdimacs,90,58
./benchmark_tests/original/Biere/bitcell_16_2/pec_bit_cell_arbiter_2_389.dqdimacs,92,57
./benchmark_tests/original/Biere/bitcell_16_2/pec_bit_cell_arbiter_2_389.dqdimacs,93,57
./benchmark_tests/original/Biere/bitcell_16_2/pec_bit_cell_arbiter_2_389.dqdimacs,94,56
./benchmark_tests/original/Biere/bitcell_16_2/pec_bit_cell_arbiter_2_389.dqdimacs,95,56
./benchmark_tests/original/Biere/bitcell_16_2/pec_bit_cell_arbiter_2_389.dqdimacs,96,56
./benchmark_tests/original/Biere/bitcell_16_2/pec_bit_cell_arbiter_2_389.dqdimacs,97,56
./benchmark_tests/original/Biere/bitcell_16_2/pec_bit_cell_arbiter_2_389.dqdimacs,98,58
./benchmark_tests/original/Biere/bitcell_16_2/pec_bit_cell_arbiter_2_389.dqdimacs,100,57
./benchmark_tests/original/Biere/bitcell_16_2/pec_bit_cell_arbiter_2_389.dqdimacs,101,56
./benchmark_tests/original/Biere/bitcell_16_2/pec_bit_cell_arbiter_2_389.dqdimacs,102,57
./benchmark_tests/original/Biere/bitcell_16_2/pec_bit_cell_arbiter_2_389.dqdimacs,103,56
./benchmark_tests/original/Biere/bitcell_16_2/pec_bit_cell_arbiter_2_389.dqdimacs,104,56
./benchmark_tests/original/Biere/bitcell_16_2/pec_bit_cell_arbiter_2_389.dqdimacs,105,56
./benchmark_tests/original/Biere/bitcell_16_2/pec_bit_cell_arbiter_2_389.dqdimacs,106,57
./benchmark_tests/original/Biere/bitcell_16_2/pec_bit_cell_arbiter_2_389.dqdimacs,108,57
./benchmark_tests/original/Biere/bitcell_16_2/pec_bit_cell_arbiter_2_389.dqdimacs,109,56
./benchmark_tests/original/Biere/bitcell_16_2/pec_bit_cell_arbiter_2_389.dqdimacs,110,56
./benchmark_tests/original/Biere/bitcell_16_2/pec_bit_cell_arbiter_2_389.dqdimacs,111,55
./benchmark_tests/original/Biere/bitcell_16_2/pec_bit_cell_arbiter_2_389.dqdimacs,112,58
./benchmark_tests/original/Biere/bitcell_16_2/pec_bit_cell_arbiter_2_389.dqdimacs,113,58
./benchmark_tests/original/Biere/bitcell_16_2/pec_bit_cell_arbiter_2_389.dqdimacs,114,59
./benchmark_tests/original/Biere/bitcell_16_2/pec_bit_cell_arbiter_2_389.dqdimacs,116,58
./benchmark_tests/original/Biere/bitcell_16_2/pec_bit_cell_arbiter_2_389.dqdimacs,117,59
./benchmark_tests/original/Biere/bitcell_16_2/pec_bit_cell_arbiter_2_389.dqdimacs,118,58
./benchmark_tests/original/Biere/bitcell_16_2/pec_bit_cell_arbiter_2_389.dqdimacs,119,57
./benchmark_tests/original/Biere/bitcell_16_2/pec_bit_cell_arbiter_2_389.dqdimacs,120,58
./benchmark_tests/original/Biere/bitcell_16_2/pec_bit_cell_arbiter_2_389.dqdimacs,121,58
./benchmark_tests/original/Biere/bitcell_16_2/pec_bit_cell_arbiter_2_389.dqdimacs,122,59
./benchmark_tests/original/Biere/bitcell_16_2/pec_bit_cell_arbiter_2_389.dqdimacs,123,58
./benchmark_tests/original/Biere/bitcell_16_2/pec_bit_cell_arbiter_2_389.dqdimacs,124,58
./benchmark_tests/original/Biere/bitcell_16_2/pec_bit_cell_arbiter_2_389.dqdimacs,125,58
./benchmark_tests/original/Biere/bitcell_16_2/pec_bit_cell_arbiter_2_389.dqdimacs,126,58
./benchmark_tests/original/Biere/bitcell_16_2/pec_bit_cell_arbiter_2_389.dqdimacs,127,59
./benchmark_tests/original/Biere/bitcell_16_2/pec_bit_cell_arbiter_2_389.dqdimacs,128,59
./benchmark_tests/original/Biere/bitcell_16_2/pec_bit_cell_arbiter_2_412.dqdimacs,3,234
./benchmark_tests/original/Biere/bitcell_16_2/pec_bit_cell_arbiter_2_412.dqdimacs,5,229
./benchmark_tests/original/Biere/bitcell_16_2/pec_bit_cell_arbiter_2_412.dqdimacs,7,228
./benchmark_tests/original/Biere/bitcell_16_2/pec_bit_cell_arbiter_2_412.dqdimacs,9,228
./benchmark_tests/original/Biere/bitcell_16_2/pec_bit_cell_arbiter_2_412.dqdimacs,11,226
./benchmark_tests/original/Biere/bitcell_16_2/pec_bit_cell_arbiter_2_412.dqdimacs,13,228
./benchmark_tests/original/Biere/bitcell_16_2/pec_bit_cell_arbiter_2_412.dqdimacs,15,223
./benchmark_tests/original/Biere/bitcell_16_2/pec_bit_cell_arbiter_2_412.dqdimacs,17,202
./benchmark_tests/original/Biere/bitcell_16_2/pec_bit_cell_arbiter_2_412.dqdimacs,19,180
./benchmark_tests/original/Biere/bitcell_16_2/pec_bit_cell_arbiter_2_412.dqdimacs,21,158
./benchmark_tests/original/Biere/bitcell_16_2/pec_bit_cell_arbiter_2_412.dqdimacs,23,142
./benchmark_tests/original/Biere/bitcell_16_2/pec_bit_cell_arbiter_2_412.dqdimacs,24,128
./benchmark_tests/original/Biere/bitcell_16_2/pec_bit_cell_arbiter_2_412.dqdimacs,25,121
./benchmark_tests/original/Biere/bitcell_16_2/pec_bit_cell_arbiter_2_412.dqdimacs,26,121
./benchmark_tests/original/Biere/bitcell_16_2/pec_bit_cell_arbiter_2_412.dqdimacs,27,122
./benchmark_tests/original/Biere/bitcell_16_2/pec_bit_cell_arbiter_2_412.dqdimacs,28,121
./benchmark_tests/original/Biere/bitcell_16_2/pec_bit_cell_arbiter_2_412.dqdimacs,29,122
./benchmark_tests/original/Biere/bitcell_16_2/pec_bit_cell_arbiter_2_412.dqdimacs,30,121
./benchmark_tests/original/Biere/bitcell_16_2/pec_bit_cell_arbiter_2_412.dqdimacs,31,121
./benchmark_tests/original/Biere/bitcell_16_2/pec_bit_cell_arbiter_2_412.dqdimacs,32,121
./benchmark_tests/original/Biere/bitcell_16_2/pec_bit_cell_arbiter_2_412.dqdimacs,33,121
./benchmark_tests/original/Biere/bitcell_16_2/pec_bit_cell_arbiter_2_412.dqdimacs,34,121
./benchmark_tests/original/Biere/bitcell_16_2/pec_bit_cell_arbiter_2_412.dqdimacs,35,121
./benchmark_tests/original/Biere/bitcell_16_2/pec_bit_cell_arbiter_2_412.dqdimacs,36,143
./benchmark_tests/original/Biere/bitcell_16_2/pec_bit_cell_arbiter_2_412.dqdimacs,37,109
./benchmark_tests/original/Biere/bitcell_16_2/pec_bit_cell_arbiter_2_412.dqdimacs,40,107
./benchmark_tests/original/Biere/bitcell_16_2/pec_bit_cell_arbiter_2_412.dqdimacs,42,107
./benchmark_tests/original/Biere/bitcell_16_2/pec_bit_cell_arbiter_2_412.dqdimacs,44,108
./benchmark_tests/original/Biere/bitcell_16_2/pec_bit_cell_arbiter_2_412.dqdimacs,47,107
./benchmark_tests/original/Biere/bitcell_16_2/pec_bit_cell_arbiter_2_412.dqdimacs,48,107
./benchmark_tests/original/Biere/bitcell_16_2/pec_bit_cell_arbiter_2_412.dqdimacs,49,108
./benchmark_tests/original/Biere/bitcell_16_2/pec_bit_cell_arbiter_2_412.dqdimacs,50,108
./benchmark_tests/original/Biere/bitcell_16_2/pec_bit_cell_arbiter_2_412.dqdimacs,51,107
./benchmark_tests/original/Biere/bitcell_16_2/pec_bit_cell_arbiter_2_412.dqdimacs,52,109
./benchmark_tests/original/Biere/bitcell_16_2/pec_bit_cell_arbiter_2_412.dqdimacs,53,108
./benchmark_tests/original/Biere/bitcell_16_2/pec_bit_cell_arbiter_2_412.dqdimacs,54,115
./benchmark_tests/original/Biere/bitcell_16_2/pec_bit_cell_arbiter_2_412.dqdimacs,55,122
./benchmark_tests/original/Biere/bitcell_16_2/pec_bit_cell_arbiter_2_412.dqdimacs,56,121
./benchmark_tests/original/Biere/bitcell_16_2/pec_bit_cell_arbiter_2_412.dqdimacs,57,120
./benchmark_tests/original/Biere/bitcell_16_2/pec_bit_cell_arbiter_2_412.dqdimacs,58,121
./benchmark_tests/original/Biere/bitcell_16_2/pec_bit_cell_arbiter_2_412.dqdimacs,59,121
./benchmark_tests/original/Biere/bitcell_16_2/pec_bit_cell_arbiter_2_412.dqdimacs,60,120
./benchmark_tests/original/Biere/bitcell_16_2/pec_bit_cell_arbiter_2_412.dqdimacs,61,120
./benchmark_tests/original/Biere/bitcell_16_2/pec_bit_cell_arbiter_2_412.dqdimacs,62,120
./benchmark_tests/original/Biere/bitcell_16_2/pec_bit_cell_arbiter_2_412.dqdimacs,63,119
./benchmark_tests/original/Biere/bitcell_16_2/pec_bit_cell_arbiter_2_412.dqdimacs,64,120
./benchmark_tests/original/Biere/bitcell_16_2/pec_bit_cell_arbiter_2_412.dqdimacs,65,120
./benchmark_tests/original/Biere/bitcell_16_2/pec_bit_cell_arbiter_2_412.dqdimacs,66,120
./benchmark_tests/original/Biere/bitcell_16_2/pec_bit_cell_arbiter_2_412.dqdimacs,67,121
./benchmark_tests/original/Biere/bitcell_16_2/pec_bit_cell_arbiter_2_412.dqdimacs,68,121
./benchmark_tests/original/Biere/bitcell_16_2/pec_bit_cell_arbiter_2_412.dqdimacs,69,120
./benchmark_tests/original/Biere/bitcell_16_2/pec_bit_cell_arbiter_2_412.dqdimacs,70,120
./benchmark_tests/original/Biere/bitcell_16_2/pec_bit_cell_arbiter_2_412.dqdimacs,71,121
./benchmark_tests/original/Biere/bitcell_16_2/pec_bit_cell_arbiter_2_412.dqdimacs,72,120
./benchmark_tests/original/Biere/bitcell_16_2/pec_bit_cell_arbiter_2_412.dqdimacs,73,120
./benchmark_tests/original/Biere/bitcell_16_2/pec_bit_cell_arbiter_2_412.dqdimacs,74,120
./benchmark_tests/original/Biere/bitcell_16_2/pec_bit_cell_arbiter_2_412.dqdimacs,75,120
./benchmark_tests/original/Biere/bitcell_16_2/pec_bit_cell_arbiter_2_412.dqdimacs,76,120
./benchmark_tests/original/Biere/bitcell_16_2/pec_bit_cell_arbiter_2_412.dqdimacs,77,120
./benchmark_tests/original/Biere/bitcell_16_2/pec_bit_cell_arbiter_2_412.dqdimacs,78,120
./benchmark_tests/original/Biere/bitcell_16_2/pec_bit_cell_arbiter_2_412.dqdimacs,79,120
./benchmark_tests/original/Biere/bitcell_16_2/pec_bit_cell_arbiter_2_412.dqdimacs,80,121
./benchmark_tests/original/Biere/bitcell_16_2/pec_bit_cell_arbiter_2_412.dqdimacs,81,120
./benchmark_tests/original/Biere/bitcell_16_2/pec_bit_cell_arbiter_2_412.dqdimacs,82,120
./benchmark_tests/original/Biere/bitcell_16_2/pec_bit_cell_arbiter_2_412.dqdimacs,83,119
./benchmark_tests/original/Biere/bitcell_16_2/pec_bit_cell_arbiter_2_412.dqdimacs,84,120
./benchmark_tests/original/Biere/bitcell_16_2/pec_bit_cell_arbiter_2_412.dqdimacs,85,120
./benchmark_tests/original/Biere/bitcell_16_2/pec_bit_cell_arbiter_2_412.dqdimacs,86,120
./benchmark_tests/original/Biere/bitcell_16_2/pec_bit_cell_arbiter_2_412.dqdimacs,87,120
./benchmark_tests/original/Biere/bitcell_16_2/pec_bit_cell_arbiter_2_412.dqdimacs,88,121
./benchmark_tests/original/Biere/bitcell_16_2/pec_bit_cell_arbiter_2_412.dqdimacs,89,120
./benchmark_tests/original/Biere/bitcell_16_2/pec_bit_cell_arbiter_2_412.dqdimacs,90,121
./benchmark_tests/original/Biere/bitcell_16_2/pec_bit_cell_arbiter_2_412.dqdimacs,91,121
./benchmark_tests/original/Biere/bitcell_16_2/pec_bit_cell_arbiter_2_412.dqdimacs,92,121
./benchmark_tests/original/Biere/bitcell_16_2/pec_bit_cell_arbiter_2_412.dqdimacs,93,122
./benchmark_tests/original/Biere/bitcell_16_2/pec_bit_cell_arbiter_2_412.dqdimacs,94,122
./benchmark_tests/original/Biere/bitcell_16_2/pec_bit_cell_arbiter_2_412.dqdimacs,95,121
./benchmark_tests/original/Biere/bitcell_16_2/pec_bit_cell_arbiter_2_412.dqdimacs,96,120
./benchmark_tests/original/Biere/bitcell_16_2/pec_bit_cell_arbiter_2_412.dqdimacs,97,120
./benchmark_tests/original/Biere/bitcell_16_2/pec_bit_cell_arbiter_2_412.dqdimacs,98,120
./benchmark_tests/original/Biere/bitcell_16_2/pec_bit_cell_arbiter_2_412.dqdimacs,99,121
./benchmark_tests/original/Biere/bitcell_16_2/pec_bit_cell_arbiter_2_412.dqdimacs,100,121
./benchmark_tests/original/Biere/bitcell_16_2/pec_bit_cell_arbiter_2_412.dqdimacs,101,120
./benchmark_tests/original/Biere/bitcell_16_2/pec_bit_cell_arbiter_2_412.dqdimacs,102,119
./benchmark_tests/original/Biere/bitcell_16_2/pec_bit_cell_arbiter_2_412.dqdimacs,103,121
./benchmark_tests/original/Biere/bitcell_16_2/pec_bit_cell_arbiter_2_412.dqdimacs,104,120
./benchmark_tests/original/Biere/bitcell_16_2/pec_bit_cell_arbiter_2_412.dqdimacs,105,121
./benchmark_tests/original/Biere/bitcell_16_2/pec_bit_cell_arbiter_2_412.dqdimacs,106,121
./benchmark_tests/original/Biere/bitcell_16_2/pec_bit_cell_arbiter_2_412.dqdimacs,107,121
./benchmark_tests/original/Biere/bitcell_16_2/pec_bit_cell_arbiter_2_412.dqdimacs,108,121
./benchmark_tests/original/Biere/bitcell_16_2/pec_bit_cell_arbiter_2_412.dqdimacs,109,121
./benchmark_tests/original/Biere/bitcell_16_2/pec_bit_cell_arbiter_2_412.dqdimacs,110,120
./benchmark_tests/original/Biere/bitcell_16_2/pec_bit_cell_arbiter_2_412.dqdimacs,111,120
./benchmark_tests/original/Biere/bitcell_16_2/pec_bit_cell_arbiter_2_412.dqdimacs,113,121
./benchmark_tests/original/Biere/bitcell_16_2/pec_bit_cell_arbiter_2_412.dqdimacs,114,122
./benchmark_tests/original/Biere/bitcell_16_2/pec_bit_cell_arbiter_2_412.dqdimacs,115,122
./benchmark_tests/original/Biere/bitcell_16_2/pec_bit_cell_arbiter_2_412.dqdimacs,116,122
./benchmark_tests/original/Biere/bitcell_16_2/pec_bit_cell_arbiter_2_412.dqdimacs,117,120
./benchmark_tests/original/Biere/bitcell_16_2/pec_bit_cell_arbiter_2_412.dqdimacs,118,121
./benchmark_tests/original/Biere/bitcell_16_2/pec_bit_cell_arbiter_2_412.dqdimacs,119,121
./benchmark_tests/original/Biere/bitcell_16_2/pec_bit_cell_arbiter_2_412.dqdimacs,120,120
./benchmark_tests/original/Biere/bitcell_16_2/pec_bit_cell_arbiter_2_412.dqdimacs,121,122
./benchmark_tests/original/Biere/bitcell_16_2/pec_bit_cell_arbiter_2_412.dqdimacs,122,122
./benchmark_tests/original/Biere/bitcell_16_2/pec_bit_cell_arbiter_2_417.dqdimacs,3,448
./benchmark_tests/original/Biere/bitcell_16_2/pec_bit_cell_arbiter_2_417.dqdimacs,5,443
./benchmark_tests/original/Biere/bitcell_16_2/pec_bit_cell_arbiter_2_417.dqdimacs,7,442
./benchmark_tests/original/Biere/bitcell_16_2/pec_bit_cell_arbiter_2_417.dqdimacs,9,419
./benchmark_tests/original/Biere/bitcell_16_2/pec_bit_cell_arbiter_2_417.dqdimacs,11,333
./benchmark_tests/original/Biere/bitcell_16_2/pec_bit_cell_arbiter_2_417.dqdimacs,12,267
./benchmark_tests/original/Biere/bitcell_16_2/pec_bit_cell_arbiter_2_417.dqdimacs,13,232
./benchmark_tests/original/Biere/bitcell_16_2/pec_bit_cell_arbiter_2_417.dqdimacs,14,234
./benchmark_tests/original/Biere/bitcell_16_2/pec_bit_cell_arbiter_2_417.dqdimacs,15,230
./benchmark_tests/original/Biere/bitcell_16_2/pec_bit_cell_arbiter_2_417.dqdimacs,16,234
./benchmark_tests/original/Biere/bitcell_16_2/pec_bit_cell_arbiter_2_417.dqdimacs,17,230
./benchmark_tests/original/Biere/bitcell_16_2/pec_bit_cell_arbiter_2_417.dqdimacs,18,253
./benchmark_tests/original/Biere/bitcell_16_2/pec_bit_cell_arbiter_2_417.dqdimacs,19,218
./benchmark_tests/original/Biere/bitcell_16_2/pec_bit_cell_arbiter_2_417.dqdimacs,22,216
./benchmark_tests/original/Biere/bitcell_16_2/pec_bit_cell_arbiter_2_417.dqdimacs,24,217
./benchmark_tests/original/Biere/bitcell_16_2/pec_bit_cell_arbiter_2_417.dqdimacs,26,221
./benchmark_tests/original/Biere/bitcell_16_2/pec_bit_cell_arbiter_2_417.dqdimacs,28,216
./benchmark_tests/original/Biere/bitcell_16_2/pec_bit_cell_arbiter_2_417.dqdimacs,30,221
./benchmark_tests/original/Biere/bitcell_16_2/pec_bit_cell_arbiter_2_417.dqdimacs,32,225
./benchmark_tests/original/Biere/bitcell_16_2/pec_bit_cell_arbiter_2_417.dqdimacs,34,222
./benchmark_tests/original/Biere/bitcell_16_2/pec_bit_cell_arbiter_2_417.dqdimacs,36,217
./benchmark_tests/original/Biere/bitcell_16_2/pec_bit_cell_arbiter_2_417.dqdimacs,38,216
./benchmark_tests/original/Biere/bitcell_16_2/pec_bit_cell_arbiter_2_417.dqdimacs,40,220
./benchmark_tests/original/Biere/bitcell_16_2/pec_bit_cell_arbiter_2_417.dqdimacs,41,216
./benchmark_tests/original/Biere/bitcell_16_2/pec_bit_cell_arbiter_2_417.dqdimacs,42,225
./benchmark_tests/original/Biere/bitcell_16_2/pec_bit_cell_arbiter_2_417.dqdimacs,43,230
./benchmark_tests/original/Biere/bitcell_16_2/pec_bit_cell_arbiter_2_417.dqdimacs,44,231
./benchmark_tests/original/Biere/bitcell_16_2/pec_bit_cell_arbiter_2_417.dqdimacs,45,229
./benchmark_tests/original/Biere/bitcell_16_2/pec_bit_cell_arbiter_2_417.dqdimacs,46,235
./benchmark_tests/original/Biere/bitcell_16_2/pec_bit_cell_arbiter_2_417.dqdimacs,47,229
./benchmark_tests/original/Biere/bitcell_16_2/pec_bit_cell_arbiter_2_417.dqdimacs,48,230
./benchmark_tests/original/Biere/bitcell_16_2/pec_bit_cell_arbiter_2_417.dqdimacs,49,231
./benchmark_tests/original/Biere/bitcell_16_2/pec_bit_cell_arbiter_2_417.dqdimacs,50,230
./benchmark_tests/original/Biere/bitcell_16_2/pec_bit_cell_arbiter_2_417.dqdimacs,51,235
./benchmark_tests/original/Biere/bitcell_16_2/pec_bit_cell_arbiter_2_417.dqdimacs,52,234
./benchmark_tests/original/Biere/bitcell_16_2/pec_bit_cell_arbiter_2_417.dqdimacs,53,231
./benchmark_tests/original/Biere/bitcell_16_2/pec_bit_cell_arbiter_2_417.dqdimacs,54,230
./benchmark_tests/original/Biere/bitcell_16_2/pec_bit_cell_arbiter_2_417.dqdimacs,55,234
./benchmark_tests/original/Biere/bitcell_16_2/pec_bit_cell_arbiter_2_417.dqdimacs,56,233
./benchmark_tests/original/Biere/bitcell_16_2/pec_bit_cell_arbiter_2_417.dqdimacs,57,230
./benchmark_tests/original/Biere/bitcell_16_2/pec_bit_cell_arbiter_2_417.dqdimacs,58,230
./benchmark_tests/original/Biere/bitcell_16_2/pec_bit_cell_arbiter_2_417.dqdimacs,59,235
./benchmark_tests/original/Biere/bitcell_16_2/pec_bit_cell_arbiter_2_417.dqdimacs,60,232
./benchmark_tests/original/Biere/bitcell_16_2/pec_bit_cell_arbiter_2_417.dqdimacs,61,231
./benchmark_tests/original/Biere/bitcell_16_2/pec_bit_cell_arbiter_2_417.dqdimacs,62,229
./benchmark_tests/original/Biere/bitcell_16_2/pec_bit_cell_arbiter_2_417.dqdimacs,63,229
./benchmark_tests/original/Biere/bitcell_16_2/pec_bit_cell_arbiter_2_417.dqdimacs,64,229
./benchmark_tests/original/Biere/bitcell_16_2/pec_bit_cell_arbiter_2_417.dqdimacs,65,234
./benchmark_tests/original/Biere/bitcell_16_2/pec_bit_cell_arbiter_2_417.dqdimacs,66,231
./benchmark_tests/original/Biere/bitcell_16_2/pec_bit_cell_arbiter_2_417.dqdimacs,67,234
./benchmark_tests/original/Biere/bitcell_16_2/pec_bit_cell_arbiter_2_417.dqdimacs,68,230
./benchmark_tests/original/Biere/bitcell_16_2/pec_bit_cell_arbiter_2_417.dqdimacs,70,230
./benchmark_tests/original/Biere/bitcell_16_2/pec_bit_cell_arbiter_2_417.dqdimacs,71,235
./benchmark_tests/original/Biere/bitcell_16_2/pec_bit_cell_arbiter_2_417.dqdimacs,72,233
./benchmark_tests/original/Biere/bitcell_16_2/pec_bit_cell_arbiter_2_417.dqdimacs,73,229
./benchmark_tests/original/Biere/bitcell_16_2/pec_bit_cell_arbiter_2_417.dqdimacs,74,230
./benchmark_tests/original/Biere/bitcell_16_2/pec_bit_cell_arbiter_2_417.dqdimacs,75,233
./benchmark_tests/original/Biere/bitcell_16_2/pec_bit_cell_arbiter_2_417.dqdimacs,76,230
./benchmark_tests/original/Biere/bitcell_16_2/pec_bit_cell_arbiter_2_417.dqdimacs,77,230
./benchmark_tests/original/Biere/bitcell_16_2/pec_bit_cell_arbiter_2_417.dqdimacs,78,230
./benchmark_tests/original/Biere/bitcell_16_2/pec_bit_cell_arbiter_2_417.dqdimacs,79,230
./benchmark_tests/original/Biere/bitcell_16_2/pec_bit_cell_arbiter_2_417.dqdimacs,80,233
./benchmark_tests/original/Biere/bitcell_16_2/pec_bit_cell_arbiter_2_417.dqdimacs,81,230
./benchmark_tests/original/Biere/bitcell_16_2/pec_bit_cell_arbiter_2_417.dqdimacs,82,233
./benchmark_tests/original/Biere/bitcell_16_2/pec_bit_cell_arbiter_2_417.dqdimacs,83,230
./benchmark_tests/original/Biere/bitcell_16_2/pec_bit_cell_arbiter_2_417.dqdimacs,84,230
./benchmark_tests/original/Biere/bitcell_16_2/pec_bit_cell_arbiter_2_417.dqdimacs,85,233
./benchmark_tests/original/Biere/bitcell_16_2/pec_bit_cell_arbiter_2_417.dqdimacs,86,231
./benchmark_tests/original/Biere/bitcell_16_2/pec_bit_cell_arbiter_2_417.dqdimacs,87,233
./benchmark_tests/original/Biere/bitcell_16_2/pec_bit_cell_arbiter_2_417.dqdimacs,88,231
./benchmark_tests/original/Biere/bitcell_16_2/pec_bit_cell_arbiter_2_417.dqdimacs,89,230
./benchmark_tests/original/Biere/bitcell_16_2/pec_bit_cell_arbiter_2_417.dqdimacs,90,231
./benchmark_tests/original/Biere/bitcell_16_2/pec_bit_cell_arbiter_2_417.dqdimacs,91,234
./benchmark_tests/original/Biere/bitcell_16_2/pec_bit_cell_arbiter_2_417.dqdimacs,92,234
./benchmark_tests/original/Biere/bitcell_16_2/pec_bit_cell_arbiter_2_417.dqdimacs,93,234
./benchmark_tests/original/Biere/bitcell_16_2/pec_bit_cell_arbiter_2_417.dqdimacs,94,234
./benchmark_tests/original/Biere/bitcell_16_2/pec_bit_cell_arbiter_2_417.dqdimacs,95,232
./benchmark_tests/original/Biere/bitcell_16_2/pec_bit_cell_arbiter_2_417.dqdimacs,96,234
./benchmark_tests/original/Biere/bitcell_16_2/pec_bit_cell_arbiter_2_417.dqdimacs,97,236
./benchmark_tests/original/Biere/bitcell_16_2/pec_bit_cell_arbiter_2_417.dqdimacs,98,234
./benchmark_tests/original/Biere/bitcell_16_2/pec_bit_cell_arbiter_2_417.dqdimacs,99,232
./benchmark_tests/original/Biere/bitcell_16_2/pec_bit_cell_arbiter_2_417.dqdimacs,100,232
./benchmark_tests/original/Biere/bitcell_16_2/pec_bit_cell_arbiter_2_417.dqdimacs,101,233
./benchmark_tests/original/Biere/bitcell_16_2/pec_bit_cell_arbiter_2_417.dqdimacs,102,232
./benchmark_tests/original/Biere/bitcell_16_2/pec_bit_cell_arbiter_2_417.dqdimacs,103,234
./benchmark_tests/original/Biere/bitcell_16_2/pec_bit_cell_arbiter_2_417.dqdimacs,104,235
./benchmark_tests/original/Biere/bitcell_16_2/pec_bit_cell_arbiter_2_417.dqdimacs,105,234
./benchmark_tests/original/Biere/bitcell_16_2/pec_bit_cell_arbiter_2_417.dqdimacs,106,230
./benchmark_tests/original/Biere/bitcell_16_2/pec_bit_cell_arbiter_2_417.dqdimacs,107,231
./benchmark_tests/original/Biere/bitcell_16_2/pec_bit_cell_arbiter_2_417.dqdimacs,108,233
./benchmark_tests/original/Biere/bitcell_16_2/pec_bit_cell_arbiter_2_417.dqdimacs,109,230
./benchmark_tests/original/Biere/bitcell_16_2/pec_bit_cell_arbiter_2_417.dqdimacs,110,234
./benchmark_tests/original/Biere/bitcell_16_2/pec_bit_cell_arbiter_2_417.dqdimacs,111,231
./benchmark_tests/original/Biere/bitcell_16_2/pec_bit_cell_arbiter_2_417.dqdimacs,112,234
./benchmark_tests/original/Biere/bitcell_16_2/pec_bit_cell_arbiter_2_417.dqdimacs,113,229
./benchmark_tests/original/Biere/bitcell_16_2/pec_bit_cell_arbiter_2_417.dqdimacs,114,229
./benchmark_tests/original/Biere/bitcell_16_2/pec_bit_cell_arbiter_2_417.dqdimacs,115,230
./benchmark_tests/original/Biere/bitcell_16_2/pec_bit_cell_arbiter_2_417.dqdimacs,116,234
./benchmark_tests/original/Biere/bitcell_16_2/pec_bit_cell_arbiter_2_417.dqdimacs,117,235
./benchmark_tests/original/Biere/bitcell_16_2/pec_bit_cell_arbiter_2_417.dqdimacs,118,235
./benchmark_tests/original/Biere/bitcell_16_2/pec_bit_cell_arbiter_2_417.dqdimacs,119,234
./benchmark_tests/original/Biere/bitcell_16_2/pec_bit_cell_arbiter_2_417.dqdimacs,120,230
./benchmark_tests/original/Biere/bitcell_16_2/pec_bit_cell_arbiter_2_417.dqdimacs,121,232
./benchmark_tests/original/Biere/bitcell_16_2/pec_bit_cell_arbiter_2_417.dqdimacs,122,229
./benchmark_tests/original/Biere/bitcell_16_2/pec_bit_cell_arbiter_2_417.dqdimacs,123,229
./benchmark_tests/original/Biere/bitcell_16_2/pec_bit_cell_arbiter_2_417.dqdimacs,125,234
./benchmark_tests/original/Biere/bitcell_16_2/pec_bit_cell_arbiter_2_417.dqdimacs,126,233
./benchmark_tests/original/Biere/bitcell_16_2/pec_bit_cell_arbiter_2_417.dqdimacs,127,238
./benchmark_tests/original/Biere/bitcell_16_2/pec_bit_cell_arbiter_2_417.dqdimacs,128,234
./benchmark_tests/original/Biere/bitcell_16_2/pec_bit_cell_arbiter_2_417.dqdimacs,129,231
./benchmark_tests/original/Biere/bitcell_16_2/pec_bit_cell_arbiter_2_417.dqdimacs,130,234
./benchmark_tests/original/Biere/bitcell_16_2/pec_bit_cell_arbiter_2_417.dqdimacs,131,230
./benchmark_tests/original/Biere/bitcell_16_2/pec_bit_cell_arbiter_2_417.dqdimacs,132,237
./benchmark_tests/original/Biere/bitcell_16_2/pec_bit_cell_arbiter_2_417.dqdimacs,133,234
./benchmark_tests/original/Biere/bitcell_16_2/pec_bit_cell_arbiter_2_417.dqdimacs,134,236
./benchmark_tests/original/Biere/bitcell_16_2/pec_bit_cell_arbiter_2_417.dqdimacs,135,231
./benchmark_tests/original/Biere/bitcell_16_2/pec_bit_cell_arbiter_2_420.dqdimacs,3,368
./benchmark_tests/original/Biere/bitcell_16_2/pec_bit_cell_arbiter_2_420.dqdimacs,5,361
./benchmark_tests/original/Biere/bitcell_16_2/pec_bit_cell_arbiter_2_420.dqdimacs,7,358
./benchmark_tests/original/Biere/bitcell_16_2/pec_bit_cell_arbiter_2_420.dqdimacs,9,360
./benchmark_tests/original/Biere/bitcell_16_2/pec_bit_cell_arbiter_2_420.dqdimacs,11,330
./benchmark_tests/original/Biere/bitcell_16_2/pec_bit_cell_arbiter_2_420.dqdimacs,12,262
./benchmark_tests/original/Biere/bitcell_16_2/pec_bit_cell_arbiter_2_420.dqdimacs,13,218
./benchmark_tests/original/Biere/bitcell_16_2/pec_bit_cell_arbiter_2_420.dqdimacs,14,187
./benchmark_tests/original/Biere/bitcell_16_2/pec_bit_cell_arbiter_2_420.dqdimacs,15,178
./benchmark_tests/original/Biere/bitcell_16_2/pec_bit_cell_arbiter_2_420.dqdimacs,16,178
./benchmark_tests/original/Biere/bitcell_16_2/pec_bit_cell_arbiter_2_420.dqdimacs,17,180
./benchmark_tests/original/Biere/bitcell_16_2/pec_bit_cell_arbiter_2_420.dqdimacs,18,202
./benchmark_tests/original/Biere/bitcell_16_2/pec_bit_cell_arbiter_2_420.dqdimacs,19,180
./benchmark_tests/original/Biere/bitcell_16_2/pec_bit_cell_arbiter_2_420.dqdimacs,22,178
./benchmark_tests/original/Biere/bitcell_16_2/pec_bit_cell_arbiter_2_420.dqdimacs,24,178
./benchmark_tests/original/Biere/bitcell_16_2/pec_bit_cell_arbiter_2_420.dqdimacs,26,178
./benchmark_tests/original/Biere/bitcell_16_2/pec_bit_cell_arbiter_2_420.dqdimacs,28,175
./benchmark_tests/original/Biere/bitcell_16_2/pec_bit_cell_arbiter_2_420.dqdimacs,30,177
./benchmark_tests/original/Biere/bitcell_16_2/pec_bit_cell_arbiter_2_420.dqdimacs,32,177
./benchmark_tests/original/Biere/bitcell_16_2/pec_bit_cell_arbiter_2_420.dqdimacs,34,177
./benchmark_tests/original/Biere/bitcell_16_2/pec_bit_cell_arbiter_2_420.dqdimacs,35,177
./benchmark_tests/original/Biere/bitcell_16_2/pec_bit_cell_arbiter_2_420.dqdimacs,36,178
./benchmark_tests/original/Biere/bitcell_16_2/pec_bit_cell_arbiter_2_420.dqdimacs,37,177
./benchmark_tests/original/Biere/bitcell_16_2/pec_bit_cell_arbiter_2_420.dqdimacs,38,177
./benchmark_tests/original/Biere/bitcell_16_2/pec_bit_cell_arbiter_2_420.dqdimacs,39,178
./benchmark_tests/original/Biere/bitcell_16_2/pec_bit_cell_arbiter_2_420.dqdimacs,40,181
./benchmark_tests/original/Biere/bitcell_16_2/pec_bit_cell_arbiter_2_420.dqdimacs,41,175
./benchmark_tests/original/Biere/bitcell_16_2/pec_bit_cell_arbiter_2_420.dqdimacs,42,179
./benchmark_tests/original/Biere/bitcell_16_2/pec_bit_cell_arbiter_2_420.dqdimacs,43,176
./benchmark_tests/original/Biere/bitcell_16_2/pec_bit_cell_arbiter_2_420.dqdimacs,44,178
./benchmark_tests/original/Biere/bitcell_16_2/pec_bit_cell_arbiter_2_420.dqdimacs,45,178
./benchmark_tests/original/Biere/bitcell_16_2/pec_bit_cell_arbiter_2_420.dqdimacs,46,177
./benchmark_tests/original/Biere/bitcell_16_2/pec_bit_cell_arbiter_2_420.dqdimacs,47,177
./benchmark_tests/original/Biere/bitcell_16_2/pec_bit_cell_arbiter_2_420.dqdimacs,48,176
./benchmark_tests/original/Biere/bitcell_16_2/pec_bit_cell_arbiter_2_420.dqdimacs,49,177
./benchmark_tests/original/Biere/bitcell_16_2/pec_bit_cell_arbiter_2_420.dqdimacs,50,176
./benchmark_tests/original/Biere/bitcell_16_2/pec_bit_cell_arbiter_2_420.dqdimacs,51,176
./benchmark_tests/original/Biere/bitcell_16_2/pec_bit_cell_arbiter_2_420.dqdimacs,52,176
./benchmark_tests/original/Biere/bitcell_16_2/pec_bit_cell_arbiter_2_420.dqdimacs,53,176
./benchmark_tests/original/Biere/bitcell_16_2/pec_bit_cell_arbiter_2_420.dqdimacs,54,177
./benchmark_tests/original/Biere/bitcell_16_2/pec_bit_cell_arbiter_2_420.dqdimacs,55,178
./benchmark_tests/original/Biere/bitcell_16_2/pec_bit_cell_arbiter_2_420.dqdimacs,56,176
./benchmark_tests/original/Biere/bitcell_16_2/pec_bit_cell_arbiter_2_420.dqdimacs,57,177
./benchmark_tests/original/Biere/bitcell_16_2/pec_bit_cell_arbiter_2_420.dqdimacs,58,177
./benchmark_tests/original/Biere/bitcell_16_2/pec_bit_cell_arbiter_2_420.dqdimacs,59,176
./benchmark_tests/original/Biere/bitcell_16_2/pec_bit_cell_arbiter_2_420.dqdimacs,61,176
./benchmark_tests/original/Biere/bitcell_16_2/pec_bit_cell_arbiter_2_420.dqdimacs,62,177
./benchmark_tests/original/Biere/bitcell_16_2/pec_bit_cell_arbiter_2_420.dqdimacs,63,177
./benchmark_tests/original/Biere/bitcell_16_2/pec_bit_cell_arbiter_2_420.dqdimacs,64,177
./benchmark_tests/original/Biere/bitcell_16_2/pec_bit_cell_arbiter_2_420.dqdimacs,65,177
./benchmark_tests/original/Biere/bitcell_16_2/pec_bit_cell_arbiter_2_420.dqdimacs,66,178
./benchmark_tests/original/Biere/bitcell_16_2/pec_bit_cell_arbiter_2_420.dqdimacs,67,177
./benchmark_tests/original/Biere/bitcell_16_2/pec_bit_cell_arbiter_2_420.dqdimacs,68,177
./benchmark_tests/original/Biere/bitcell_16_2/pec_bit_cell_arbiter_2_420.dqdimacs,69,177
./benchmark_tests/original/Biere/bitcell_16_2/pec_bit_cell_arbiter_2_420.dqdimacs,70,177
./benchmark_tests/original/Biere/bitcell_16_2/pec_bit_cell_arbiter_2_420.dqdimacs,71,177
./benchmark_tests/original/Biere/bitcell_16_2/pec_bit_cell_arbiter_2_420.dqdimacs,72,176
./benchmark_tests/original/Biere/bitcell_16_2/pec_bit_cell_arbiter_2_420.dqdimacs,73,177
./benchmark_tests/original/Biere/bitcell_16_2/pec_bit_cell_arbiter_2_420.dqdimacs,74,176
./benchmark_tests/original/Biere/bitcell_16_2/pec_bit_cell_arbiter_2_420.dqdimacs,75,177
./benchmark_tests/original/Biere/bitcell_16_2/pec_bit_cell_arbiter_2_420.dqdimacs,76,177
./benchmark_tests/original/Biere/bitcell_16_2/pec_bit_cell_arbiter_2_420.dqdimacs,77,178
./benchmark_tests/original/Biere/bitcell_16_2/pec_bit_cell_arbiter_2_420.dqdimacs,78,177
./benchmark_tests/original/Biere/bitcell_16_2/pec_bit_cell_arbiter_2_420.dqdimacs,79,177
./benchmark_tests/original/Biere/bitcell_16_2/pec_bit_cell_arbiter_2_420.dqdimacs,80,177
./benchmark_tests/original/Biere/bitcell_16_2/pec_bit_cell_arbiter_2_420.dqdimacs,81,177
./benchmark_tests/original/Biere/bitcell_16_2/pec_bit_cell_arbiter_2_420.dqdimacs,82,178
./benchmark_tests/original/Biere/bitcell_16_2/pec_bit_cell_arbiter_2_420.dqdimacs,83,179
./benchmark_tests/original/Biere/bitcell_16_2/pec_bit_cell_arbiter_2_420.dqdimacs,84,177
./benchmark_tests/original/Biere/bitcell_16_2/pec_bit_cell_arbiter_2_420.dqdimacs,85,178
./benchmark_tests/original/Biere/bitcell_16_2/pec_bit_cell_arbiter_2_420.dqdimacs,86,178
./benchmark_tests/original/Biere/bitcell_16_2/pec_bit_cell_arbiter_2_420.dqdimacs,87,177
./benchmark_tests/original/Biere/bitcell_16_2/pec_bit_cell_arbiter_2_420.dqdimacs,88,177
./benchmark_tests/original/Biere/bitcell_16_2/pec_bit_cell_arbiter_2_420.dqdimacs,89,177
./benchmark_tests/original/Biere/bitcell_16_2/pec_bit_cell_arbiter_2_420.dqdimacs,90,177
./benchmark_tests/original/Biere/bitcell_16_2/pec_bit_cell_arbiter_2_420.dqdimacs,91,178
./benchmark_tests/original/Biere/bitcell_16_2/pec_bit_cell_arbiter_2_420.dqdimacs,92,178
./benchmark_tests/original/Biere/bitcell_16_2/pec_bit_cell_arbiter_2_420.dqdimacs,93,177
./benchmark_tests/original/Biere/bitcell_16_2/pec_bit_cell_arbiter_2_420.dqdimacs,94,177
./benchmark_tests/original/Biere/bitcell_16_2/pec_bit_cell_arbiter_2_420.dqdimacs,95,177
./benchmark_tests/original/Biere/bitcell_16_2/pec_bit_cell_arbiter_2_420.dqdimacs,96,177
./benchmark_tests/original/Biere/bitcell_16_2/pec_bit_cell_arbiter_2_420.dqdimacs,97,177
./benchmark_tests/original/Biere/bitcell_16_2/pec_bit_cell_arbiter_2_420.dqdimacs,98,178
./benchmark_tests/original/Biere/bitcell_16_2/pec_bit_cell_arbiter_2_420.dqdimacs,99,177
./benchmark_tests/original/Biere/bitcell_16_2/pec_bit_cell_arbiter_2_420.dqdimacs,100,177
./benchmark_tests/original/Biere/bitcell_16_2/pec_bit_cell_arbiter_2_420.dqdimacs,102,177
./benchmark_tests/original/Biere/bitcell_16_2/pec_bit_cell_arbiter_2_420.dqdimacs,103,177
./benchmark_tests/original/Biere/bitcell_16_2/pec_bit_cell_arbiter_2_420.dqdimacs,104,176
./benchmark_tests/original/Biere/bitcell_16_2/pec_bit_cell_arbiter_2_420.dqdimacs,105,177
./benchmark_tests/original/Biere/bitcell_16_2/pec_bit_cell_arbiter_2_420.dqdimacs,107,178
./benchmark_tests/original/Biere/bitcell_16_2/pec_bit_cell_arbiter_2_420.dqdimacs,108,177
./benchmark_tests/original/Biere/bitcell_16_2/pec_bit_cell_arbiter_2_420.dqdimacs,109,177
./benchmark_tests/original/Biere/bitcell_16_2/pec_bit_cell_arbiter_2_420.dqdimacs,110,177
./benchmark_tests/original/Biere/bitcell_16_2/pec_bit_cell_arbiter_2_420.dqdimacs,111,177
./benchmark_tests/original/Biere/bitcell_16_2/pec_bit_cell_arbiter_2_420.dqdimacs,112,178
./benchmark_tests/original/Biere/bitcell_16_2/pec_bit_cell_arbiter_2_420.dqdimacs,113,177
./benchmark_tests/original/Biere/bitcell_16_2/pec_bit_cell_arbiter_2_420.dqdimacs,115,176
./benchmark_tests/original/Biere/bitcell_16_2/pec_bit_cell_arbiter_2_420.dqdimacs,116,176
./benchmark_tests/original/Biere/bitcell_16_2/pec_bit_cell_arbiter_2_420.dqdimacs,117,178
./benchmark_tests/original/Biere/bitcell_16_2/pec_bit_cell_arbiter_2_420.dqdimacs,118,178
./benchmark_tests/original/Biere/bitcell_16_2/pec_bit_cell_arbiter_2_420.dqdimacs,119,179
./benchmark_tests/original/Biere/bitcell_16_2/pec_bit_cell_arbiter_2_420.dqdimacs,120,179
./benchmark_tests/original/Biere/bitcell_16_2/pec_bit_cell_arbiter_2_420.dqdimacs,121,177
./benchmark_tests/original/Biere/bitcell_16_2/pec_bit_cell_arbiter_2_420.dqdimacs,123,176
./benchmark_tests/original/Biere/bitcell_16_2/pec_bit_cell_arbiter_2_420.dqdimacs,124,177
./benchmark_tests/original/Biere/bitcell_16_2/pec_bit_cell_arbiter_2_420.dqdimacs,125,176
./benchmark_tests/original/Biere/bitcell_16_2/pec_bit_cell_arbiter_2_420.dqdimacs,126,177
./benchmark_tests/original/Biere/bitcell_16_2/pec_bit_cell_arbiter_2_420.dqdimacs,127,176
./benchmark_tests/original/Biere/bitcell_16_2/pec_bit_cell_arbiter_2_420.dqdimacs,128,177
./benchmark_tests/original/Biere/bitcell_16_2/pec_bit_cell_arbiter_2_420.dqdimacs,129,177
./benchmark_tests/original/Biere/bitcell_16_2/pec_bit_cell_arbiter_2_420.dqdimacs,130,177
./benchmark_tests/original/Biere/bitcell_16_2/pec_bit_cell_arbiter_2_420.dqdimacs,131,176
./benchmark_tests/original/Biere/bitcell_16_2/pec_bit_cell_arbiter_2_420.dqdimacs,132,176
./benchmark_tests/original/Biere/bitcell_16_2/pec_bit_cell_arbiter_2_420.dqdimacs,133,178
./benchmark_tests/original/Biere/bitcell_16_2/pec_bit_cell_arbiter_2_420.dqdimacs,134,176
./benchmark_tests/original/Biere/bitcell_16_2/pec_bit_cell_arbiter_2_420.dqdimacs,135,176
./benchmark_tests/original/Biere/bitcell_16_2/pec_bit_cell_arbiter_2_439.dqdimacs,3,107
./benchmark_tests/original/Biere/bitcell_16_2/pec_bit_cell_arbiter_2_439.dqdimacs,5,102
./benchmark_tests/original/Biere/bitcell_16_2/pec_bit_cell_arbiter_2_439.dqdimacs,7,102
./benchmark_tests/original/Biere/bitcell_16_2/pec_bit_cell_arbiter_2_439.dqdimacs,9,103
./benchmark_tests/original/Biere/bitcell_16_2/pec_bit_cell_arbiter_2_439.dqdimacs,11,104
./benchmark_tests/original/Biere/bitcell_16_2/pec_bit_cell_arbiter_2_439.dqdimacs,13,103
./benchmark_tests/original/Biere/bitcell_16_2/pec_bit_cell_arbiter_2_439.dqdimacs,15,104
./benchmark_tests/original/Biere/bitcell_16_2/pec_bit_cell_arbiter_2_439.dqdimacs,17,104
./benchmark_tests/original/Biere/bitcell_16_2/pec_bit_cell_arbiter_2_439.dqdimacs,19,105
./benchmark_tests/original/Biere/bitcell_16_2/pec_bit_cell_arbiter_2_439.dqdimacs,21,100
./benchmark_tests/original/Biere/bitcell_16_2/pec_bit_cell_arbiter_2_439.dqdimacs,23,83
./benchmark_tests/original/Biere/bitcell_16_2/pec_bit_cell_arbiter_2_439.dqdimacs,25,103
./benchmark_tests/original/Biere/bitcell_16_2/pec_bit_cell_arbiter_2_439.dqdimacs,27,105
./benchmark_tests/original/Biere/bitcell_16_2/pec_bit_cell_arbiter_2_439.dqdimacs,29,104
./benchmark_tests/original/Biere/bitcell_16_2/pec_bit_cell_arbiter_2_439.dqdimacs,30,103
./benchmark_tests/original/Biere/bitcell_16_2/pec_bit_cell_arbiter_2_439.dqdimacs,31,99
./benchmark_tests/original/Biere/bitcell_16_2/pec_bit_cell_arbiter_2_439.dqdimacs,32,94
./benchmark_tests/original/Biere/bitcell_16_2/pec_bit_cell_arbiter_2_439.dqdimacs,33,87
./benchmark_tests/original/Biere/bitcell_16_2/pec_bit_cell_arbiter_2_439.dqdimacs,34,85
./benchmark_tests/original/Biere/bitcell_16_2/pec_bit_cell_arbiter_2_439.dqdimacs,35,79
./benchmark_tests/original/Biere/bitcell_16_2/pec_bit_cell_arbiter_2_439.dqdimacs,36,75
./benchmark_tests/original/Biere/bitcell_16_2/pec_bit_cell_arbiter_2_439.dqdimacs,37,72
./benchmark_tests/original/Biere/bitcell_16_2/pec_bit_cell_arbiter_2_439.dqdimacs,38,68
./benchmark_tests/original/Biere/bitcell_16_2/pec_bit_cell_arbiter_2_439.dqdimacs,39,65
./benchmark_tests/original/Biere/bitcell_16_2/pec_bit_cell_arbiter_2_439.dqdimacs,40,61
./benchmark_tests/original/Biere/bitcell_16_2/pec_bit_cell_arbiter_2_439.dqdimacs,41,60
./benchmark_tests/original/Biere/bitcell_16_2/pec_bit_cell_arbiter_2_439.dqdimacs,42,55
./benchmark_tests/original/Biere/bitcell_16_2/pec_bit_cell_arbiter_2_439.dqdimacs,43,42
./benchmark_tests/original/Biere/bitcell_16_2/pec_bit_cell_arbiter_2_439.dqdimacs,44,41
./benchmark_tests/original/Biere/bitcell_16_2/pec_bit_cell_arbiter_2_439.dqdimacs,45,66
./benchmark_tests/original/Biere/bitcell_16_2/pec_bit_cell_arbiter_2_439.dqdimacs,46,43
./benchmark_tests/original/Biere/bitcell_16_2/pec_bit_cell_arbiter_2_439.dqdimacs,49,42
./benchmark_tests/original/Biere/bitcell_16_2/pec_bit_cell_arbiter_2_439.dqdimacs,50,42
./benchmark_tests/original/Biere/bitcell_16_2/pec_bit_cell_arbiter_2_439.dqdimacs,51,42
./benchmark_tests/original/Biere/bitcell_16_2/pec_bit_cell_arbiter_2_439.dqdimacs,52,42
./benchmark_tests/original/Biere/bitcell_16_2/pec_bit_cell_arbiter_2_439.dqdimacs,53,43
./benchmark_tests/original/Biere/bitcell_16_2/pec_bit_cell_arbiter_2_439.dqdimacs,54,42
./benchmark_tests/original/Biere/bitcell_16_2/pec_bit_cell_arbiter_2_439.dqdimacs,55,41
./benchmark_tests/original/Biere/bitcell_16_2/pec_bit_cell_arbiter_2_439.dqdimacs,56,42
./benchmark_tests/original/Biere/bitcell_16_2/pec_bit_cell_arbiter_2_439.dqdimacs,57,42
./benchmark_tests/original/Biere/bitcell_16_2/pec_bit_cell_arbiter_2_439.dqdimacs,58,43
./benchmark_tests/original/Biere/bitcell_16_2/pec_bit_cell_arbiter_2_439.dqdimacs,59,42
./benchmark_tests/original/Biere/bitcell_16_2/pec_bit_cell_arbiter_2_439.dqdimacs,60,42
./benchmark_tests/original/Biere/bitcell_16_2/pec_bit_cell_arbiter_2_439.dqdimacs,61,43
./benchmark_tests/original/Biere/bitcell_16_2/pec_bit_cell_arbiter_2_439.dqdimacs,62,42
./benchmark_tests/original/Biere/bitcell_16_2/pec_bit_cell_arbiter_2_439.dqdimacs,63,42
./benchmark_tests/original/Biere/bitcell_16_2/pec_bit_cell_arbiter_2_439.dqdimacs,64,42
./benchmark_tests/original/Biere/bitcell_16_2/pec_bit_cell_arbiter_2_439.dqdimacs,65,41
./benchmark_tests/original/Biere/bitcell_16_2/pec_bit_cell_arbiter_2_439.dqdimacs,66,41
./benchmark_tests/original/Biere/bitcell_16_2/pec_bit_cell_arbiter_2_439.dqdimacs,67,42
./benchmark_tests/original/Biere/bitcell_16_2/pec_bit_cell_arbiter_2_439.dqdimacs,68,42
./benchmark_tests/original/Biere/bitcell_16_2/pec_bit_cell_arbiter_2_439.dqdimacs,69,43
./benchmark_tests/original/Biere/bitcell_16_2/pec_bit_cell_arbiter_2_439.dqdimacs,70,42
./benchmark_tests/original/Biere/bitcell_16_2/pec_bit_cell_arbiter_2_439.dqdimacs,71,47
./benchmark_tests/original/Biere/bitcell_16_2/pec_bit_cell_arbiter_2_439.dqdimacs,72,42
./benchmark_tests/original/Biere/bitcell_16_2/pec_bit_cell_arbiter_2_439.dqdimacs,73,42
./benchmark_tests/original/Biere/bitcell_16_2/pec_bit_cell_arbiter_2_439.dqdimacs,74,42
./benchmark_tests/original/Biere/bitcell_16_2/pec_bit_cell_arbiter_2_439.dqdimacs,75,42
./benchmark_tests/original/Biere/bitcell_16_2/pec_bit_cell_arbiter_2_439.dqdimacs,76,41
./benchmark_tests/original/Biere/bitcell_16_2/pec_bit_cell_arbiter_2_439.dqdimacs,77,41
./benchmark_tests/original/Biere/bitcell_16_2/pec_bit_cell_arbiter_2_439.dqdimacs,78,42
./benchmark_tests/original/Biere/bitcell_16_2/pec_bit_cell_arbiter_2_439.dqdimacs,79,44
./benchmark_tests/original/Biere/bitcell_16_2/pec_bit_cell_arbiter_2_439.dqdimacs,80,42
./benchmark_tests/original/Biere/bitcell_16_2/pec_bit_cell_arbiter_2_439.dqdimacs,81,42
./benchmark_tests/original/Biere/bitcell_16_2/pec_bit_cell_arbiter_2_439.dqdimacs,82,42
./benchmark_tests/original/Biere/bitcell_16_2/pec_bit_cell_arbiter_2_439.dqdimacs,83,43
./benchmark_tests/original/Biere/bitcell_16_2/pec_bit_cell_arbiter_2_439.dqdimacs,84,43
./benchmark_tests/original/Biere/bitcell_16_2/pec_bit_cell_arbiter_2_439.dqdimacs,85,43
./benchmark_tests/original/Biere/bitcell_16_2/pec_bit_cell_arbiter_2_439.dqdimacs,86,42
./benchmark_tests/original/Biere/bitcell_16_2/pec_bit_cell_arbiter_2_439.dqdimacs,87,43
./benchmark_tests/original/Biere/bitcell_16_2/pec_bit_cell_arbiter_2_439.dqdimacs,88,42
./benchmark_tests/original/Biere/bitcell_16_2/pec_bit_cell_arbiter_2_439.dqdimacs,89,41
./benchmark_tests/original/Biere/bitcell_16_2/pec_bit_cell_arbiter_2_439.dqdimacs,90,42
./benchmark_tests/original/Biere/bitcell_16_2/pec_bit_cell_arbiter_2_439.dqdimacs,91,42
./benchmark_tests/original/Biere/bitcell_16_2/pec_bit_cell_arbiter_2_439.dqdimacs,92,43
./benchmark_tests/original/Biere/bitcell_16_2/pec_bit_cell_arbiter_2_439.dqdimacs,93,43
./benchmark_tests/original/Biere/bitcell_16_2/pec_bit_cell_arbiter_2_439.dqdimacs,94,43
./benchmark_tests/original/Biere/bitcell_16_2/pec_bit_cell_arbiter_2_439.dqdimacs,95,43
./benchmark_tests/original/Biere/bitcell_16_2/pec_bit_cell_arbiter_2_439.dqdimacs,96,42
./benchmark_tests/original/Biere/bitcell_16_2/pec_bit_cell_arbiter_2_439.dqdimacs,97,44
./benchmark_tests/original/Biere/bitcell_16_2/pec_bit_cell_arbiter_2_439.dqdimacs,98,43
./benchmark_tests/original/Biere/bitcell_16_2/pec_bit_cell_arbiter_2_439.dqdimacs,99,43
./benchmark_tests/original/Biere/bitcell_16_2/pec_bit_cell_arbiter_2_439.dqdimacs,101,42
./benchmark_tests/original/Biere/bitcell_16_2/pec_bit_cell_arbiter_2_439.dqdimacs,102,42
./benchmark_tests/original/Biere/bitcell_16_2/pec_bit_cell_arbiter_2_439.dqdimacs,103,43
./benchmark_tests/original/Biere/bitcell_16_2/pec_bit_cell_arbiter_2_439.dqdimacs,105,43
./benchmark_tests/original/Biere/bitcell_16_2/pec_bit_cell_arbiter_2_439.dqdimacs,106,42
./benchmark_tests/original/Biere/bitcell_16_2/pec_bit_cell_arbiter_2_439.dqdimacs,107,43
./benchmark_tests/original/Biere/bitcell_16_2/pec_bit_cell_arbiter_2_439.dqdimacs,108,43
./benchmark_tests/original/Biere/bitcell_16_2/pec_bit_cell_arbiter_2_439.dqdimacs,109,43
./benchmark_tests/original/Biere/bitcell_16_2/pec_bit_cell_arbiter_2_439.dqdimacs,110,43
./benchmark_tests/original/Biere/bitcell_16_2/pec_bit_cell_arbiter_2_439.dqdimacs,111,42
./benchmark_tests/original/Biere/bitcell_16_2/pec_bit_cell_arbiter_2_439.dqdimacs,112,42
./benchmark_tests/original/Biere/bitcell_16_2/pec_bit_cell_arbiter_2_439.dqdimacs,113,43
./benchmark_tests/original/Biere/bitcell_16_2/pec_bit_cell_arbiter_2_439.dqdimacs,114,42
./benchmark_tests/original/Biere/bitcell_16_2/pec_bit_cell_arbiter_2_439.dqdimacs,115,42
./benchmark_tests/original/Biere/bitcell_16_2/pec_bit_cell_arbiter_2_463.dqdimacs,3,158
./benchmark_tests/original/Biere/bitcell_16_2/pec_bit_cell_arbiter_2_463.dqdimacs,5,152
./benchmark_tests/original/Biere/bitcell_16_2/pec_bit_cell_arbiter_2_463.dqdimacs,7,148
./benchmark_tests/original/Biere/bitcell_16_2/pec_bit_cell_arbiter_2_463.dqdimacs,9,127
./benchmark_tests/original/Biere/bitcell_16_2/pec_bit_cell_arbiter_2_463.dqdimacs,11,127
./benchmark_tests/original/Biere/bitcell_16_2/pec_bit_cell_arbiter_2_463.dqdimacs,13,126
./benchmark_tests/original/Biere/bitcell_16_2/pec_bit_cell_arbiter_2_463.dqdimacs,15,126
./benchmark_tests/original/Biere/bitcell_16_2/pec_bit_cell_arbiter_2_463.dqdimacs,17,126
./benchmark_tests/original/Biere/bitcell_16_2/pec_bit_cell_arbiter_2_463.dqdimacs,19,126
./benchmark_tests/original/Biere/bitcell_16_2/pec_bit_cell_arbiter_2_463.dqdimacs,21,126
./benchmark_tests/original/Biere/bitcell_16_2/pec_bit_cell_arbiter_2_463.dqdimacs,23,125
./benchmark_tests/original/Biere/bitcell_16_2/pec_bit_cell_arbiter_2_463.dqdimacs,25,121
./benchmark_tests/original/Biere/bitcell_16_2/pec_bit_cell_arbiter_2_463.dqdimacs,26,115
./benchmark_tests/original/Biere/bitcell_16_2/pec_bit_cell_arbiter_2_463.dqdimacs,27,108
./benchmark_tests/original/Biere/bitcell_16_2/pec_bit_cell_arbiter_2_463.dqdimacs,28,101
./benchmark_tests/original/Biere/bitcell_16_2/pec_bit_cell_arbiter_2_463.dqdimacs,29,95
./benchmark_tests/original/Biere/bitcell_16_2/pec_bit_cell_arbiter_2_463.dqdimacs,30,89
./benchmark_tests/original/Biere/bitcell_16_2/pec_bit_cell_arbiter_2_463.dqdimacs,31,89
./benchmark_tests/original/Biere/bitcell_16_2/pec_bit_cell_arbiter_2_463.dqdimacs,32,93
./benchmark_tests/original/Biere/bitcell_16_2/pec_bit_cell_arbiter_2_463.dqdimacs,33,87
./benchmark_tests/original/Biere/bitcell_16_2/pec_bit_cell_arbiter_2_463.dqdimacs,34,82
./benchmark_tests/original/Biere/bitcell_16_2/pec_bit_cell_arbiter_2_463.dqdimacs,35,81
./benchmark_tests/original/Biere/bitcell_16_2/pec_bit_cell_arbiter_2_463.dqdimacs,36,81
./benchmark_tests/original/Biere/bitcell_16_2/pec_bit_cell_arbiter_2_463.dqdimacs,37,80
./benchmark_tests/original/Biere/bitcell_16_2/pec_bit_cell_arbiter_2_463.dqdimacs,38,81
./benchmark_tests/original/Biere/bitcell_16_2/pec_bit_cell_arbiter_2_463.dqdimacs,39,106
./benchmark_tests/original/Biere/bitcell_16_2/pec_bit_cell_arbiter_2_463.dqdimacs,40,81
./benchmark_tests/original/Biere/bitcell_16_2/pec_bit_cell_arbiter_2_463.dqdimacs,43,82
./benchmark_tests/original/Biere/bitcell_16_2/pec_bit_cell_arbiter_2_463.dqdimacs,44,83
./benchmark_tests/original/Biere/bitcell_16_2/pec_bit_cell_arbiter_2_463.dqdimacs,45,83
./benchmark_tests/original/Biere/bitcell_16_2/pec_bit_cell_arbiter_2_463.dqdimacs,46,82
./benchmark_tests/original/Biere/bitcell_16_2/pec_bit_cell_arbiter_2_463.dqdimacs,47,82
./benchmark_tests/original/Biere/bitcell_16_2/pec_bit_cell_arbiter_2_463.dqdimacs,48,83
./benchmark_tests/original/Biere/bitcell_16_2/pec_bit_cell_arbiter_2_463.dqdimacs,49,82
./benchmark_tests/original/Biere/bitcell_16_2/pec_bit_cell_arbiter_2_463.dqdimacs,50,82
./benchmark_tests/original/Biere/bitcell_16_2/pec_bit_cell_arbiter_2_463.dqdimacs,51,82
./benchmark_tests/original/Biere/bitcell_16_2/pec_bit_cell_arbiter_2_463.dqdimacs,52,82
./benchmark_tests/original/Biere/bitcell_16_2/pec_bit_cell_arbiter_2_463.dqdimacs,53,82
./benchmark_tests/original/Biere/bitcell_16_2/pec_bit_cell_arbiter_2_463.dqdimacs,54,82
./benchmark_tests/original/Biere/bitcell_16_2/pec_bit_cell_arbiter_2_463.dqdimacs,55,82
./benchmark_tests/original/Biere/bitcell_16_2/pec_bit_cell_arbiter_2_463.dqdimacs,56,82
./benchmark_tests/original/Biere/bitcell_16_2/pec_bit_cell_arbiter_2_463.dqdimacs,57,80
./benchmark_tests/original/Biere/bitcell_16_2/pec_bit_cell_arbiter_2_463.dqdimacs,58,82
./benchmark_tests/original/Biere/bitcell_16_2/pec_bit_cell_arbiter_2_463.dqdimacs,59,82
./benchmark_tests/original/Biere/bitcell_16_2/pec_bit_cell_arbiter_2_463.dqdimacs,60,82
./benchmark_tests/original/Biere/bitcell_16_2/pec_bit_cell_arbiter_2_463.dqdimacs,61,82
./benchmark_tests/original/Biere/bitcell_16_2/pec_bit_cell_arbiter_2_463.dqdimacs,62,82
./benchmark_tests/original/Biere/bitcell_16_2/pec_bit_cell_arbiter_2_463.dqdimacs,63,82
./benchmark_tests/original/Biere/bitcell_16_2/pec_bit_cell_arbiter_2_463.dqdimacs,64,82
./benchmark_tests/original/Biere/bitcell_16_2/pec_bit_cell_arbiter_2_463.dqdimacs,65,82
./benchmark_tests/original/Biere/bitcell_16_2/pec_bit_cell_arbiter_2_463.dqdimacs,66,82
./benchmark_tests/original/Biere/bitcell_16_2/pec_bit_cell_arbiter_2_463.dqdimacs,67,82
./benchmark_tests/original/Biere/bitcell_16_2/pec_bit_cell_arbiter_2_463.dqdimacs,68,82
./benchmark_tests/original/Biere/bitcell_16_2/pec_bit_cell_arbiter_2_463.dqdimacs,69,82
./benchmark_tests/original/Biere/bitcell_16_2/pec_bit_cell_arbiter_2_463.dqdimacs,70,81
./benchmark_tests/original/Biere/bitcell_16_2/pec_bit_cell_arbiter_2_463.dqdimacs,71,82
./benchmark_tests/original/Biere/bitcell_16_2/pec_bit_cell_arbiter_2_463.dqdimacs,72,81
./benchmark_tests/original/Biere/bitcell_16_2/pec_bit_cell_arbiter_2_463.dqdimacs,73,81
./benchmark_tests/original/Biere/bitcell_16_2/pec_bit_cell_arbiter_2_463.dqdimacs,74,82
./benchmark_tests/original/Biere/bitcell_16_2/pec_bit_cell_arbiter_2_463.dqdimacs,75,81
./benchmark_tests/original/Biere/bitcell_16_2/pec_bit_cell_arbiter_2_463.dqdimacs,76,82
./benchmark_tests/original/Biere/bitcell_16_2/pec_bit_cell_arbiter_2_463.dqdimacs,77,81
./benchmark_tests/original/Biere/bitcell_16_2/pec_bit_cell_arbiter_2_463.dqdimacs,78,81
./benchmark_tests/original/Biere/bitcell_16_2/pec_bit_cell_arbiter_2_463.dqdimacs,79,82
./benchmark_tests/original/Biere/bitcell_16_2/pec_bit_cell_arbiter_2_463.dqdimacs,80,81
./benchmark_tests/original/Biere/bitcell_16_2/pec_bit_cell_arbiter_2_463.dqdimacs,81,81
./benchmark_tests/original/Biere/bitcell_16_2/pec_bit_cell_arbiter_2_463.dqdimacs,82,80
./benchmark_tests/original/Biere/bitcell_16_2/pec_bit_cell_arbiter_2_463.dqdimacs,83,80
./benchmark_tests/original/Biere/bitcell_16_2/pec_bit_cell_arbiter_2_463.dqdimacs,84,81
./benchmark_tests/original/Biere/bitcell_16_2/pec_bit_cell_arbiter_2_463.dqdimacs,86,82
./benchmark_tests/original/Biere/bitcell_16_2/pec_bit_cell_arbiter_2_463.dqdimacs,87,82
./benchmark_tests/original/Biere/bitcell_16_2/pec_bit_cell_arbiter_2_463.dqdimacs,88,82
./benchmark_tests/original/Biere/bitcell_16_2/pec_bit_cell_arbiter_2_463.dqdimacs,89,82
./benchmark_tests/original/Biere/bitcell_16_2/pec_bit_cell_arbiter_2_463.dqdimacs,90,81
./benchmark_tests/original/Biere/bitcell_16_2/pec_bit_cell_arbiter_2_463.dqdimacs,91,82
./benchmark_tests/original/Biere/bitcell_16_2/pec_bit_cell_arbiter_2_463.dqdimacs,92,81
./benchmark_tests/original/Biere/bitcell_16_2/pec_bit_cell_arbiter_2_463.dqdimacs,93,82
./benchmark_tests/original/Biere/bitcell_16_2/pec_bit_cell_arbiter_2_463.dqdimacs,94,82
./benchmark_tests/original/Biere/bitcell_16_2/pec_bit_cell_arbiter_2_463.dqdimacs,95,82
./benchmark_tests/original/Biere/bitcell_16_2/pec_bit_cell_arbiter_2_463.dqdimacs,97,82
./benchmark_tests/original/Biere/bitcell_16_2/pec_bit_cell_arbiter_2_463.dqdimacs,98,82
./benchmark_tests/original/Biere/bitcell_16_2/pec_bit_cell_arbiter_2_463.dqdimacs,99,81
./benchmark_tests/original/Biere/bitcell_16_2/pec_bit_cell_arbiter_2_463.dqdimacs,100,82
./benchmark_tests/original/Biere/bitcell_16_2/pec_bit_cell_arbiter_2_463.dqdimacs,102,81
./benchmark_tests/original/Biere/bitcell_16_2/pec_bit_cell_arbiter_2_463.dqdimacs,103,82
./benchmark_tests/original/Biere/bitcell_16_2/pec_bit_cell_arbiter_2_463.dqdimacs,104,82
./benchmark_tests/original/Biere/bitcell_16_2/pec_bit_cell_arbiter_2_463.dqdimacs,105,82
./benchmark_tests/original/Biere/bitcell_16_2/pec_bit_cell_arbiter_2_463.dqdimacs,106,82
./benchmark_tests/original/Biere/bitcell_16_2/pec_bit_cell_arbiter_2_463.dqdimacs,107,83
./benchmark_tests/original/Biere/bitcell_16_2/pec_bit_cell_arbiter_2_463.dqdimacs,108,82
./benchmark_tests/original/Biere/bitcell_16_2/pec_bit_cell_arbiter_2_463.dqdimacs,110,80
./benchmark_tests/original/Biere/bitcell_16_2/pec_bit_cell_arbiter_2_463.dqdimacs,111,82
./benchmark_tests/original/Biere/bitcell_16_2/pec_bit_cell_arbiter_2_463.dqdimacs,112,82
./benchmark_tests/original/Biere/bitcell_16_2/pec_bit_cell_arbiter_2_463.dqdimacs,113,81
./benchmark_tests/original/Biere/bitcell_16_2/pec_bit_cell_arbiter_2_463.dqdimacs,114,82
./benchmark_tests/original/Biere/bitcell_16_2/pec_bit_cell_arbiter_2_463.dqdimacs,115,81
./benchmark_tests/original/Biere/bitcell_16_2/pec_bit_cell_arbiter_2_463.dqdimacs,116,83
./benchmark_tests/original/Biere/bitcell_16_2/pec_bit_cell_arbiter_2_463.dqdimacs,117,81
./benchmark_tests/original/Biere/bitcell_16_2/pec_bit_cell_arbiter_2_463.dqdimacs,118,82
./benchmark_tests/original/Biere/bitcell_16_2/pec_bit_cell_arbiter_2_463.dqdimacs,119,83
./benchmark_tests/original/Biere/bitcell_16_2/pec_bit_cell_arbiter_2_463.dqdimacs,120,83
./benchmark_tests/original/Biere/bitcell_16_2/pec_bit_cell_arbiter_2_463.dqdimacs,121,83
./benchmark_tests/original/Biere/bitcell_16_2/pec_bit_cell_arbiter_2_463.dqdimacs,122,83
./benchmark_tests/original/Biere/bitcell_16_2/pec_bit_cell_arbiter_2_469.dqdimacs,4,533
./benchmark_tests/original/Biere/bitcell_16_2/pec_bit_cell_arbiter_2_469.dqdimacs,6,531
./benchmark_tests/original/Biere/bitcell_16_2/pec_bit_cell_arbiter_2_469.dqdimacs,7,516
./benchmark_tests/original/Biere/bitcell_16_2/pec_bit_cell_arbiter_2_469.dqdimacs,8,416
./benchmark_tests/original/Biere/bitcell_16_2/pec_bit_cell_arbiter_2_469.dqdimacs,9,346
./benchmark_tests/original/Biere/bitcell_16_2/pec_bit_cell_arbiter_2_469.dqdimacs,10,574
./benchmark_tests/original/Biere/bitcell_16_2/pec_bit_cell_arbiter_2_469.dqdimacs,11,527
./benchmark_tests/original/Biere/bitcell_16_2/pec_bit_cell_arbiter_2_469.dqdimacs,12,515
./benchmark_tests/original/Biere/bitcell_16_2/pec_bit_cell_arbiter_2_469.dqdimacs,15,424
./benchmark_tests/original/Biere/bitcell_16_2/pec_bit_cell_arbiter_2_469.dqdimacs,17,324
./benchmark_tests/original/Biere/bitcell_16_2/pec_bit_cell_arbiter_2_469.dqdimacs,19,278
./benchmark_tests/original/Biere/bitcell_16_2/pec_bit_cell_arbiter_2_469.dqdimacs,21,277
./benchmark_tests/original/Biere/bitcell_16_2/pec_bit_cell_arbiter_2_469.dqdimacs,23,277
./benchmark_tests/original/Biere/bitcell_16_2/pec_bit_cell_arbiter_2_469.dqdimacs,25,277
./benchmark_tests/original/Biere/bitcell_16_2/pec_bit_cell_arbiter_2_469.dqdimacs,27,277
./benchmark_tests/original/Biere/bitcell_16_2/pec_bit_cell_arbiter_2_469.dqdimacs,29,276
./benchmark_tests/original/Biere/bitcell_16_2/pec_bit_cell_arbiter_2_469.dqdimacs,31,277
./benchmark_tests/original/Biere/bitcell_16_2/pec_bit_cell_arbiter_2_469.dqdimacs,33,276
./benchmark_tests/original/Biere/bitcell_16_2/pec_bit_cell_arbiter_2_469.dqdimacs,35,276
./benchmark_tests/original/Biere/bitcell_16_2/pec_bit_cell_arbiter_2_469.dqdimacs,37,277
./benchmark_tests/original/Biere/bitcell_16_2/pec_bit_cell_arbiter_2_469.dqdimacs,38,277
./benchmark_tests/original/Biere/bitcell_16_2/pec_bit_cell_arbiter_2_469.dqdimacs,39,277
./benchmark_tests/original/Biere/bitcell_16_2/pec_bit_cell_arbiter_2_469.dqdimacs,40,276
./benchmark_tests/original/Biere/bitcell_16_2/pec_bit_cell_arbiter_2_469.dqdimacs,41,276
./benchmark_tests/original/Biere/bitcell_16_2/pec_bit_cell_arbiter_2_469.dqdimacs,42,277
./benchmark_tests/original/Biere/bitcell_16_2/pec_bit_cell_arbiter_2_469.dqdimacs,43,276
./benchmark_tests/original/Biere/bitcell_16_2/pec_bit_cell_arbiter_2_469.dqdimacs,44,276
./benchmark_tests/original/Biere/bitcell_16_2/pec_bit_cell_arbiter_2_469.dqdimacs,45,276
./benchmark_tests/original/Biere/bitcell_16_2/pec_bit_cell_arbiter_2_469.dqdimacs,46,276
./benchmark_tests/original/Biere/bitcell_16_2/pec_bit_cell_arbiter_2_469.dqdimacs,47,278
./benchmark_tests/original/Biere/bitcell_16_2/pec_bit_cell_arbiter_2_469.dqdimacs,48,276
./benchmark_tests/original/Biere/bitcell_16_2/pec_bit_cell_arbiter_2_469.dqdimacs,49,277
./benchmark_tests/original/Biere/bitcell_16_2/pec_bit_cell_arbiter_2_469.dqdimacs,50,278
./benchmark_tests/original/Biere/bitcell_16_2/pec_bit_cell_arbiter_2_469.dqdimacs,51,278
./benchmark_tests/original/Biere/bitcell_16_2/pec_bit_cell_arbiter_2_469.dqdimacs,52,277
./benchmark_tests/original/Biere/bitcell_16_2/pec_bit_cell_arbiter_2_469.dqdimacs,53,277
./benchmark_tests/original/Biere/bitcell_16_2/pec_bit_cell_arbiter_2_469.dqdimacs,54,277
./benchmark_tests/original/Biere/bitcell_16_2/pec_bit_cell_arbiter_2_469.dqdimacs,55,277
./benchmark_tests/original/Biere/bitcell_16_2/pec_bit_cell_arbiter_2_469.dqdimacs,56,277
./benchmark_tests/original/Biere/bitcell_16_2/pec_bit_cell_arbiter_2_469.dqdimacs,57,277
./benchmark_tests/original/Biere/bitcell_16_2/pec_bit_cell_arbiter_2_469.dqdimacs,58,278
./benchmark_tests/original/Biere/bitcell_16_2/pec_bit_cell_arbiter_2_469.dqdimacs,59,277
./benchmark_tests/original/Biere/bitcell_16_2/pec_bit_cell_arbiter_2_469.dqdimacs,60,278
./benchmark_tests/original/Biere/bitcell_16_2/pec_bit_cell_arbiter_2_469.dqdimacs,61,277
./benchmark_tests/original/Biere/bitcell_16_2/pec_bit_cell_arbiter_2_469.dqdimacs,62,276
./benchmark_tests/original/Biere/bitcell_16_2/pec_bit_cell_arbiter_2_469.dqdimacs,63,277
./benchmark_tests/original/Biere/bitcell_16_2/pec_bit_cell_arbiter_2_469.dqdimacs,64,278
./benchmark_tests/original/Biere/bitcell_16_2/pec_bit_cell_arbiter_2_469.dqdimacs,65,278
./benchmark_tests/original/Biere/bitcell_16_2/pec_bit_cell_arbiter_2_469.dqdimacs,66,277
./benchmark_tests/original/Biere/bitcell_16_2/pec_bit_cell_arbiter_2_469.dqdimacs,67,277
./benchmark_tests/original/Biere/bitcell_16_2/pec_bit_cell_arbiter_2_469.dqdimacs,68,276
./benchmark_tests/original/Biere/bitcell_16_2/pec_bit_cell_arbiter_2_469.dqdimacs,69,277
./benchmark_tests/original/Biere/bitcell_16_2/pec_bit_cell_arbiter_2_469.dqdimacs,70,276
./benchmark_tests/original/Biere/bitcell_16_2/pec_bit_cell_arbiter_2_469.dqdimacs,71,277
./benchmark_tests/original/Biere/bitcell_16_2/pec_bit_cell_arbiter_2_469.dqdimacs,72,278
./benchmark_tests/original/Biere/bitcell_16_2/pec_bit_cell_arbiter_2_469.dqdimacs,73,277
./benchmark_tests/original/Biere/bitcell_16_2/pec_bit_cell_arbiter_2_469.dqdimacs,74,278
./benchmark_tests/original/Biere/bitcell_16_2/pec_bit_cell_arbiter_2_469.dqdimacs,75,278
./benchmark_tests/original/Biere/bitcell_16_2/pec_bit_cell_arbiter_2_469.dqdimacs,76,277
./benchmark_tests/original/Biere/bitcell_16_2/pec_bit_cell_arbiter_2_469.dqdimacs,77,277
./benchmark_tests/original/Biere/bitcell_16_2/pec_bit_cell_arbiter_2_469.dqdimacs,78,277
./benchmark_tests/original/Biere/bitcell_16_2/pec_bit_cell_arbiter_2_469.dqdimacs,79,277
./benchmark_tests/original/Biere/bitcell_16_2/pec_bit_cell_arbiter_2_469.dqdimacs,80,277
./benchmark_tests/original/Biere/bitcell_16_2/pec_bit_cell_arbiter_2_469.dqdimacs,81,278
./benchmark_tests/original/Biere/bitcell_16_2/pec_bit_cell_arbiter_2_469.dqdimacs,82,277
./benchmark_tests/original/Biere/bitcell_16_2/pec_bit_cell_arbiter_2_469.dqdimacs,83,278
./benchmark_tests/original/Biere/bitcell_16_2/pec_bit_cell_arbiter_2_469.dqdimacs,84,277
./benchmark_tests/original/Biere/bitcell_16_2/pec_bit_cell_arbiter_2_469.dqdimacs,85,277
./benchmark_tests/original/Biere/bitcell_16_2/pec_bit_cell_arbiter_2_469.dqdimacs,86,277
./benchmark_tests/original/Biere/bitcell_16_2/pec_bit_cell_arbiter_2_469.dqdimacs,87,276
./benchmark_tests/original/Biere/bitcell_16_2/pec_bit_cell_arbiter_2_469.dqdimacs,88,277
./benchmark_tests/original/Biere/bitcell_16_2/pec_bit_cell_arbiter_2_469.dqdimacs,89,277
./benchmark_tests/original/Biere/bitcell_16_2/pec_bit_cell_arbiter_2_469.dqdimacs,90,277
./benchmark_tests/original/Biere/bitcell_16_2/pec_bit_cell_arbiter_2_469.dqdimacs,91,278
./benchmark_tests/original/Biere/bitcell_16_2/pec_bit_cell_arbiter_2_469.dqdimacs,92,277
./benchmark_tests/original/Biere/bitcell_16_2/pec_bit_cell_arbiter_2_469.dqdimacs,93,277
./benchmark_tests/original/Biere/bitcell_16_2/pec_bit_cell_arbiter_2_469.dqdimacs,94,277
./benchmark_tests/original/Biere/bitcell_16_2/pec_bit_cell_arbiter_2_469.dqdimacs,95,276
./benchmark_tests/original/Biere/bitcell_16_2/pec_bit_cell_arbiter_2_469.dqdimacs,96,277
./benchmark_tests/original/Biere/bitcell_16_2/pec_bit_cell_arbiter_2_469.dqdimacs,97,277
./benchmark_tests/original/Biere/bitcell_16_2/pec_bit_cell_arbiter_2_469.dqdimacs,98,277
./benchmark_tests/original/Biere/bitcell_16_2/pec_bit_cell_arbiter_2_469.dqdimacs,99,278
./benchmark_tests/original/Biere/bitcell_16_2/pec_bit_cell_arbiter_2_469.dqdimacs,100,278
./benchmark_tests/original/Biere/bitcell_16_2/pec_bit_cell_arbiter_2_469.dqdimacs,101,278
./benchmark_tests/original/Biere/bitcell_16_2/pec_bit_cell_arbiter_2_469.dqdimacs,102,276
./benchmark_tests/original/Biere/bitcell_16_2/pec_bit_cell_arbiter_2_469.dqdimacs,103,277
./benchmark_tests/original/Biere/bitcell_16_2/pec_bit_cell_arbiter_2_469.dqdimacs,104,278
./benchmark_tests/original/Biere/bitcell_16_2/pec_bit_cell_arbiter_2_469.dqdimacs,105,278
./benchmark_tests/original/Biere/bitcell_16_2/pec_bit_cell_arbiter_2_469.dqdimacs,106,277
./benchmark_tests/original/Biere/bitcell_16_2/pec_bit_cell_arbiter_2_469.dqdimacs,107,277
./benchmark_tests/original/Biere/bitcell_16_2/pec_bit_cell_arbiter_2_469.dqdimacs,108,277
./benchmark_tests/original/Biere/bitcell_16_2/pec_bit_cell_arbiter_2_469.dqdimacs,109,276
./benchmark_tests/original/Biere/bitcell_16_2/pec_bit_cell_arbiter_2_469.dqdimacs,110,279
./benchmark_tests/original/Biere/bitcell_16_2/pec_bit_cell_arbiter_2_469.dqdimacs,111,278
./benchmark_tests/original/Biere/bitcell_16_2/pec_bit_cell_arbiter_2_469.dqdimacs,112,277
./benchmark_tests/original/Biere/bitcell_16_2/pec_bit_cell_arbiter_2_469.dqdimacs,113,276
./benchmark_tests/original/Biere/bitcell_16_2/pec_bit_cell_arbiter_2_469.dqdimacs,114,277
./benchmark_tests/original/Biere/bitcell_16_2/pec_bit_cell_arbiter_2_469.dqdimacs,115,278
./benchmark_tests/original/Biere/bitcell_16_2/pec_bit_cell_arbiter_2_469.dqdimacs,116,278
./benchmark_tests/original/Biere/bitcell_16_2/pec_bit_cell_arbiter_2_469.dqdimacs,117,277
./benchmark_tests/original/Biere/bitcell_16_2/pec_bit_cell_arbiter_2_469.dqdimacs,118,276
./benchmark_tests/original/Biere/bitcell_16_2/pec_bit_cell_arbiter_2_469.dqdimacs,119,278
./benchmark_tests/original/Biere/bitcell_16_2/pec_bit_cell_arbiter_2_469.dqdimacs,120,277
./benchmark_tests/original/Biere/bitcell_16_2/pec_bit_cell_arbiter_2_469.dqdimacs,121,277
./benchmark_tests/original/Biere/bitcell_16_2/pec_bit_cell_arbiter_2_469.dqdimacs,123,277
./benchmark_tests/original/Biere/bitcell_16_2/pec_bit_cell_arbiter_2_469.dqdimacs,124,277
./benchmark_tests/original/Biere/bitcell_16_2/pec_bit_cell_arbiter_2_469.dqdimacs,125,277
./benchmark_tests/original/Biere/bitcell_16_2/pec_bit_cell_arbiter_2_469.dqdimacs,126,277
./benchmark_tests/original/Biere/bitcell_16_2/pec_bit_cell_arbiter_2_469.dqdimacs,127,277
./benchmark_tests/original/Biere/bitcell_16_2/pec_bit_cell_arbiter_2_469.dqdimacs,129,276
./benchmark_tests/original/Biere/bitcell_16_2/pec_bit_cell_arbiter_2_469.dqdimacs,130,278
./benchmark_tests/original/Biere/bitcell_16_2/pec_bit_cell_arbiter_2_469.dqdimacs,131,277
./benchmark_tests/original/Biere/bitcell_16_2/pec_bit_cell_arbiter_2_469.dqdimacs,132,278
./benchmark_tests/original/Biere/bitcell_16_2/pec_bit_cell_arbiter_2_469.dqdimacs,133,278
./benchmark_tests/original/Biere/bitcell_16_2/pec_bit_cell_arbiter_2_469.dqdimacs,134,278
./benchmark_tests/original/Biere/bitcell_16_2/pec_bit_cell_arbiter_2_469.dqdimacs,135,278
./benchmark_tests/original/Biere/bitcell_16_2/pec_bit_cell_arbiter_2_469.dqdimacs,136,277
./benchmark_tests/original/Biere/bitcell_16_2/pec_bit_cell_arbiter_2_469.dqdimacs,137,277
./benchmark_tests/original/Biere/bitcell_16_2/pec_bit_cell_arbiter_2_469.dqdimacs,138,278
./benchmark_tests/original/Biere/bitcell_16_2/pec_bit_cell_arbiter_2_469.dqdimacs,139,279
./benchmark_tests/original/Biere/bitcell_16_2/pec_bit_cell_arbiter_2_469.dqdimacs,140,278
./benchmark_tests/original/Biere/bitcell_16_2/pec_bit_cell_arbiter_2_469.dqdimacs,141,277
./benchmark_tests/original/Biere/bitcell_16_2/pec_bit_cell_arbiter_2_499.dqdimacs,3,243
./benchmark_tests/original/Biere/bitcell_16_2/pec_bit_cell_arbiter_2_499.dqdimacs,5,237
./benchmark_tests/original/Biere/bitcell_16_2/pec_bit_cell_arbiter_2_499.dqdimacs,7,232
./benchmark_tests/original/Biere/bitcell_16_2/pec_bit_cell_arbiter_2_499.dqdimacs,9,210
./benchmark_tests/original/Biere/bitcell_16_2/pec_bit_cell_arbiter_2_499.dqdimacs,11,210
./benchmark_tests/original/Biere/bitcell_16_2/pec_bit_cell_arbiter_2_499.dqdimacs,13,210
./benchmark_tests/original/Biere/bitcell_16_2/pec_bit_cell_arbiter_2_499.dqdimacs,15,206
./benchmark_tests/original/Biere/bitcell_16_2/pec_bit_cell_arbiter_2_499.dqdimacs,17,193
./benchmark_tests/original/Biere/bitcell_16_2/pec_bit_cell_arbiter_2_499.dqdimacs,19,172
./benchmark_tests/original/Biere/bitcell_16_2/pec_bit_cell_arbiter_2_499.dqdimacs,21,154
./benchmark_tests/original/Biere/bitcell_16_2/pec_bit_cell_arbiter_2_499.dqdimacs,23,138
./benchmark_tests/original/Biere/bitcell_16_2/pec_bit_cell_arbiter_2_499.dqdimacs,25,126
./benchmark_tests/original/Biere/bitcell_16_2/pec_bit_cell_arbiter_2_499.dqdimacs,26,115
./benchmark_tests/original/Biere/bitcell_16_2/pec_bit_cell_arbiter_2_499.dqdimacs,27,112
./benchmark_tests/original/Biere/bitcell_16_2/pec_bit_cell_arbiter_2_499.dqdimacs,28,113
./benchmark_tests/original/Biere/bitcell_16_2/pec_bit_cell_arbiter_2_499.dqdimacs,29,113
./benchmark_tests/original/Biere/bitcell_16_2/pec_bit_cell_arbiter_2_499.dqdimacs,30,113
./benchmark_tests/original/Biere/bitcell_16_2/pec_bit_cell_arbiter_2_499.dqdimacs,31,114
./benchmark_tests/original/Biere/bitcell_16_2/pec_bit_cell_arbiter_2_499.dqdimacs,32,113
./benchmark_tests/original/Biere/bitcell_16_2/pec_bit_cell_arbiter_2_499.dqdimacs,33,113
./benchmark_tests/original/Biere/bitcell_16_2/pec_bit_cell_arbiter_2_499.dqdimacs,34,113
./benchmark_tests/original/Biere/bitcell_16_2/pec_bit_cell_arbiter_2_499.dqdimacs,35,113
./benchmark_tests/original/Biere/bitcell_16_2/pec_bit_cell_arbiter_2_499.dqdimacs,36,113
./benchmark_tests/original/Biere/bitcell_16_2/pec_bit_cell_arbiter_2_499.dqdimacs,37,113
./benchmark_tests/original/Biere/bitcell_16_2/pec_bit_cell_arbiter_2_499.dqdimacs,38,113
./benchmark_tests/original/Biere/bitcell_16_2/pec_bit_cell_arbiter_2_499.dqdimacs,39,137
./benchmark_tests/original/Biere/bitcell_16_2/pec_bit_cell_arbiter_2_499.dqdimacs,40,114
./benchmark_tests/original/Biere/bitcell_16_2/pec_bit_cell_arbiter_2_499.dqdimacs,42,113
./benchmark_tests/original/Biere/bitcell_16_2/pec_bit_cell_arbiter_2_499.dqdimacs,43,113
./benchmark_tests/original/Biere/bitcell_16_2/pec_bit_cell_arbiter_2_499.dqdimacs,44,113
./benchmark_tests/original/Biere/bitcell_16_2/pec_bit_cell_arbiter_2_499.dqdimacs,45,113
./benchmark_tests/original/Biere/bitcell_16_2/pec_bit_cell_arbiter_2_499.dqdimacs,46,113
./benchmark_tests/original/Biere/bitcell_16_2/pec_bit_cell_arbiter_2_499.dqdimacs,47,113
./benchmark_tests/original/Biere/bitcell_16_2/pec_bit_cell_arbiter_2_499.dqdimacs,48,113
./benchmark_tests/original/Biere/bitcell_16_2/pec_bit_cell_arbiter_2_499.dqdimacs,49,114
./benchmark_tests/original/Biere/bitcell_16_2/pec_bit_cell_arbiter_2_499.dqdimacs,50,113
./benchmark_tests/original/Biere/bitcell_16_2/pec_bit_cell_arbiter_2_499.dqdimacs,51,113
./benchmark_tests/original/Biere/bitcell_16_2/pec_bit_cell_arbiter_2_499.dqdimacs,52,113
./benchmark_tests/original/Biere/bitcell_16_2/pec_bit_cell_arbiter_2_499.dqdimacs,53,113
./benchmark_tests/original/Biere/bitcell_16_2/pec_bit_cell_arbiter_2_499.dqdimacs,54,113
./benchmark_tests/original/Biere/bitcell_16_2/pec_bit_cell_arbiter_2_499.dqdimacs,55,113
./benchmark_tests/original/Biere/bitcell_16_2/pec_bit_cell_arbiter_2_499.dqdimacs,56,118
./benchmark_tests/original/Biere/bitcell_16_2/pec_bit_cell_arbiter_2_499.dqdimacs,57,113
./benchmark_tests/original/Biere/bitcell_16_2/pec_bit_cell_arbiter_2_499.dqdimacs,58,113
./benchmark_tests/original/Biere/bitcell_16_2/pec_bit_cell_arbiter_2_499.dqdimacs,59,114
./benchmark_tests/original/Biere/bitcell_16_2/pec_bit_cell_arbiter_2_499.dqdimacs,60,112
./benchmark_tests/original/Biere/bitcell_16_2/pec_bit_cell_arbiter_2_499.dqdimacs,61,112
./benchmark_tests/original/Biere/bitcell_16_2/pec_bit_cell_arbiter_2_499.dqdimacs,62,112
./benchmark_tests/original/Biere/bitcell_16_2/pec_bit_cell_arbiter_2_499.dqdimacs,63,113
./benchmark_tests/original/Biere/bitcell_16_2/pec_bit_cell_arbiter_2_499.dqdimacs,64,113
./benchmark_tests/original/Biere/bitcell_16_2/pec_bit_cell_arbiter_2_499.dqdimacs,65,113
./benchmark_tests/original/Biere/bitcell_16_2/pec_bit_cell_arbiter_2_499.dqdimacs,66,114
./benchmark_tests/original/Biere/bitcell_16_2/pec_bit_cell_arbiter_2_499.dqdimacs,67,114
./benchmark_tests/original/Biere/bitcell_16_2/pec_bit_cell_arbiter_2_499.dqdimacs,68,114
./benchmark_tests/original/Biere/bitcell_16_2/pec_bit_cell_arbiter_2_499.dqdimacs,69,114
./benchmark_tests/original/Biere/bitcell_16_2/pec_bit_cell_arbiter_2_499.dqdimacs,70,114
./benchmark_tests/original/Biere/bitcell_16_2/pec_bit_cell_arbiter_2_499.dqdimacs,71,114
./benchmark_tests/original/Biere/bitcell_16_2/pec_bit_cell_arbiter_2_499.dqdimacs,72,114
./benchmark_tests/original/Biere/bitcell_16_2/pec_bit_cell_arbiter_2_499.dqdimacs,73,114
./benchmark_tests/original/Biere/bitcell_16_2/pec_bit_cell_arbiter_2_499.dqdimacs,74,114
./benchmark_tests/original/Biere/bitcell_16_2/pec_bit_cell_arbiter_2_499.dqdimacs,75,114
./benchmark_tests/original/Biere/bitcell_16_2/pec_bit_cell_arbiter_2_499.dqdimacs,76,114
./benchmark_tests/original/Biere/bitcell_16_2/pec_bit_cell_arbiter_2_499.dqdimacs,77,114
./benchmark_tests/original/Biere/bitcell_16_2/pec_bit_cell_arbiter_2_499.dqdimacs,78,114
./benchmark_tests/original/Biere/bitcell_16_2/pec_bit_cell_arbiter_2_499.dqdimacs,79,114
./benchmark_tests/original/Biere/bitcell_16_2/pec_bit_cell_arbiter_2_499.dqdimacs,80,114
./benchmark_tests/original/Biere/bitcell_16_2/pec_bit_cell_arbiter_2_499.dqdimacs,81,114
./benchmark_tests/original/Biere/bitcell_16_2/pec_bit_cell_arbiter_2_499.dqdimacs,82,114
./benchmark_tests/original/Biere/bitcell_16_2/pec_bit_cell_arbiter_2_499.dqdimacs,83,113
./benchmark_tests/original/Biere/bitcell_16_2/pec_bit_cell_arbiter_2_499.dqdimacs,84,113
./benchmark_tests/original/Biere/bitcell_16_2/pec_bit_cell_arbiter_2_499.dqdimacs,85,114
./benchmark_tests/original/Biere/bitcell_16_2/pec_bit_cell_arbiter_2_499.dqdimacs,86,113
./benchmark_tests/original/Biere/bitcell_16_2/pec_bit_cell_arbiter_2_499.dqdimacs,87,113
./benchmark_tests/original/Biere/bitcell_16_2/pec_bit_cell_arbiter_2_499.dqdimacs,88,113
./benchmark_tests/original/Biere/bitcell_16_2/pec_bit_cell_arbiter_2_499.dqdimacs,89,113
./benchmark_tests/original/Biere/bitcell_16_2/pec_bit_cell_arbiter_2_499.dqdimacs,90,113
./benchmark_tests/original/Biere/bitcell_16_2/pec_bit_cell_arbiter_2_499.dqdimacs,91,113
./benchmark_tests/original/Biere/bitcell_16_2/pec_bit_cell_arbiter_2_499.dqdimacs,92,113
./benchmark_tests/original/Biere/bitcell_16_2/pec_bit_cell_arbiter_2_499.dqdimacs,93,113
./benchmark_tests/original/Biere/bitcell_16_2/pec_bit_cell_arbiter_2_499.dqdimacs,94,113
./benchmark_tests/original/Biere/bitcell_16_2/pec_bit_cell_arbiter_2_499.dqdimacs,95,114
./benchmark_tests/original/Biere/bitcell_16_2/pec_bit_cell_arbiter_2_499.dqdimacs,96,113
./benchmark_tests/original/Biere/bitcell_16_2/pec_bit_cell_arbiter_2_499.dqdimacs,97,113
./benchmark_tests/original/Biere/bitcell_16_2/pec_bit_cell_arbiter_2_499.dqdimacs,98,113
./benchmark_tests/original/Biere/bitcell_16_2/pec_bit_cell_arbiter_2_499.dqdimacs,99,114
./benchmark_tests/original/Biere/bitcell_16_2/pec_bit_cell_arbiter_2_499.dqdimacs,100,113
./benchmark_tests/original/Biere/bitcell_16_2/pec_bit_cell_arbiter_2_499.dqdimacs,101,113
./benchmark_tests/original/Biere/bitcell_16_2/pec_bit_cell_arbiter_2_499.dqdimacs,102,113
./benchmark_tests/original/Biere/bitcell_16_2/pec_bit_cell_arbiter_2_499.dqdimacs,103,113
./benchmark_tests/original/Biere/bitcell_16_2/pec_bit_cell_arbiter_2_499.dqdimacs,104,113
./benchmark_tests/original/Biere/bitcell_16_2/pec_bit_cell_arbiter_2_499.dqdimacs,105,114
./benchmark_tests/original/Biere/bitcell_16_2/pec_bit_cell_arbiter_2_499.dqdimacs,106,114
./benchmark_tests/original/Biere/bitcell_16_2/pec_bit_cell_arbiter_2_499.dqdimacs,107,113
./benchmark_tests/original/Biere/bitcell_16_2/pec_bit_cell_arbiter_2_499.dqdimacs,109,114
./benchmark_tests/original/Biere/bitcell_16_2/pec_bit_cell_arbiter_2_499.dqdimacs,110,114
./benchmark_tests/original/Biere/bitcell_16_2/pec_bit_cell_arbiter_2_499.dqdimacs,111,113
./benchmark_tests/original/Biere/bitcell_16_2/pec_bit_cell_arbiter_2_499.dqdimacs,112,114
./benchmark_tests/original/Biere/bitcell_16_2/pec_bit_cell_arbiter_2_499.dqdimacs,114,113
./benchmark_tests/original/Biere/bitcell_16_2/pec_bit_cell_arbiter_2_499.dqdimacs,115,113
./benchmark_tests/original/Biere/bitcell_16_2/pec_bit_cell_arbiter_2_499.dqdimacs,116,114
./benchmark_tests/original/Biere/bitcell_16_2/pec_bit_cell_arbiter_2_499.dqdimacs,117,114
./benchmark_tests/original/Biere/bitcell_16_2/pec_bit_cell_arbiter_2_499.dqdimacs,118,113
./benchmark_tests/original/Biere/bitcell_16_2/pec_bit_cell_arbiter_2_499.dqdimacs,119,113
./benchmark_tests/original/Biere/bitcell_16_2/pec_bit_cell_arbiter_2_499.dqdimacs,120,113
./benchmark_tests/original/Biere/bitcell_16_2/pec_bit_cell_arbiter_2_499.dqdimacs,122,113
./benchmark_tests/original/Biere/bitcell_16_2/pec_bit_cell_arbiter_2_499.dqdimacs,123,114
./benchmark_tests/original/Biere/bitcell_16_2/pec_bit_cell_arbiter_2_499.dqdimacs,124,113
./benchmark_tests/original/Biere/bitcell_16_2/pec_bit_cell_arbiter_2_499.dqdimacs,125,113
./benchmark_tests/original/Biere/bitcell_16_2/pec_bit_cell_arbiter_2_499.dqdimacs,126,113
./benchmark_tests/original/Biere/bitcell_16_2/pec_bit_cell_arbiter_2_499.dqdimacs,127,113
./benchmark_tests/original/Biere/bitcell_16_2/pec_bit_cell_arbiter_2_499.dqdimacs,128,112
./benchmark_tests/original/Biere/bitcell_16_2/pec_bit_cell_arbiter_2_499.dqdimacs,130,112
./benchmark_tests/original/Biere/bitcell_16_2/pec_bit_cell_arbiter_2_499.dqdimacs,131,112
./benchmark_tests/original/Biere/bitcell_16_2/pec_bit_cell_arbiter_2_499.dqdimacs,132,113
./benchmark_tests/original/Biere/bitcell_16_2/pec_bit_cell_arbiter_2_499.dqdimacs,133,113
./benchmark_tests/original/Biere/bitcell_16_2/pec_bit_cell_arbiter_2_499.dqdimacs,134,113
./benchmark_tests/original/Biere/bitcell_16_2/pec_bit_cell_arbiter_2_499.dqdimacs,135,113
./benchmark_tests/original/Biere/bitcell_16_2/pec_bit_cell_arbiter_2_499.dqdimacs,136,113
./benchmark_tests/original/Biere/bitcell_16_2/pec_bit_cell_arbiter_2_499.dqdimacs,137,113
./benchmark_tests/original/Biere/bitcell_16_2/pec_bit_cell_arbiter_2_499.dqdimacs,138,113
./benchmark_tests/original/Biere/bitcell_16_2/pec_bit_cell_arbiter_2_499.dqdimacs,139,113
./benchmark_tests/original/Biere/bitcell_16_2/pec_bit_cell_arbiter_2_499.dqdimacs,140,113
./benchmark_tests/original/Biere/bitcell_16_2/pec_bit_cell_arbiter_2_499.dqdimacs,141,113
./benchmark_tests/original/Biere/bitcell_16_2/pec_bit_cell_arbiter_2_499.dqdimacs,142,113
./benchmark_tests/original/Biere/bitcell_16_2/pec_bit_cell_arbiter_2_506.dqdimacs,3,187
./benchmark_tests/original/Biere/bitcell_16_2/pec_bit_cell_arbiter_2_506.dqdimacs,6,184
./benchmark_tests/original/Biere/bitcell_16_2/pec_bit_cell_arbiter_2_506.dqdimacs,8,183
./benchmark_tests/original/Biere/bitcell_16_2/pec_bit_cell_arbiter_2_506.dqdimacs,10,184
./benchmark_tests/original/Biere/bitcell_16_2/pec_bit_cell_arbiter_2_506.dqdimacs,12,179
./benchmark_tests/original/Biere/bitcell_16_2/pec_bit_cell_arbiter_2_506.dqdimacs,14,154
./benchmark_tests/original/Biere/bitcell_16_2/pec_bit_cell_arbiter_2_506.dqdimacs,16,157
./benchmark_tests/original/Biere/bitcell_16_2/pec_bit_cell_arbiter_2_506.dqdimacs,18,161
./benchmark_tests/original/Biere/bitcell_16_2/pec_bit_cell_arbiter_2_506.dqdimacs,20,156
./benchmark_tests/original/Biere/bitcell_16_2/pec_bit_cell_arbiter_2_506.dqdimacs,21,147
./benchmark_tests/original/Biere/bitcell_16_2/pec_bit_cell_arbiter_2_506.dqdimacs,22,136
./benchmark_tests/original/Biere/bitcell_16_2/pec_bit_cell_arbiter_2_506.dqdimacs,23,159
./benchmark_tests/original/Biere/bitcell_16_2/pec_bit_cell_arbiter_2_506.dqdimacs,24,112
./benchmark_tests/original/Biere/bitcell_16_2/pec_bit_cell_arbiter_2_506.dqdimacs,25,103
./benchmark_tests/original/Biere/bitcell_16_2/pec_bit_cell_arbiter_2_506.dqdimacs,26,159
./benchmark_tests/original/Biere/bitcell_16_2/pec_bit_cell_arbiter_2_506.dqdimacs,27,159
./benchmark_tests/original/Biere/bitcell_16_2/pec_bit_cell_arbiter_2_506.dqdimacs,28,159
./benchmark_tests/original/Biere/bitcell_16_2/pec_bit_cell_arbiter_2_506.dqdimacs,29,158
./benchmark_tests/original/Biere/bitcell_16_2/pec_bit_cell_arbiter_2_506.dqdimacs,30,160
./benchmark_tests/original/Biere/bitcell_16_2/pec_bit_cell_arbiter_2_506.dqdimacs,31,159
./benchmark_tests/original/Biere/bitcell_16_2/pec_bit_cell_arbiter_2_506.dqdimacs,32,158
./benchmark_tests/original/Biere/bitcell_16_2/pec_bit_cell_arbiter_2_506.dqdimacs,33,159
./benchmark_tests/original/Biere/bitcell_16_2/pec_bit_cell_arbiter_2_506.dqdimacs,36,156
./benchmark_tests/original/Biere/bitcell_16_2/pec_bit_cell_arbiter_2_506.dqdimacs,38,149
./benchmark_tests/original/Biere/bitcell_16_2/pec_bit_cell_arbiter_2_506.dqdimacs,40,138
./benchmark_tests/original/Biere/bitcell_16_2/pec_bit_cell_arbiter_2_506.dqdimacs,41,126
./benchmark_tests/original/Biere/bitcell_16_2/pec_bit_cell_arbiter_2_506.dqdimacs,42,117
./benchmark_tests/original/Biere/bitcell_16_2/pec_bit_cell_arbiter_2_506.dqdimacs,43,107
./benchmark_tests/original/Biere/bitcell_16_2/pec_bit_cell_arbiter_2_506.dqdimacs,44,99
./benchmark_tests/original/Biere/bitcell_16_2/pec_bit_cell_arbiter_2_506.dqdimacs,45,92
./benchmark_tests/original/Biere/bitcell_16_2/pec_bit_cell_arbiter_2_506.dqdimacs,46,90
./benchmark_tests/original/Biere/bitcell_16_2/pec_bit_cell_arbiter_2_506.dqdimacs,47,85
./benchmark_tests/original/Biere/bitcell_16_2/pec_bit_cell_arbiter_2_506.dqdimacs,48,82
./benchmark_tests/original/Biere/bitcell_16_2/pec_bit_cell_arbiter_2_506.dqdimacs,49,84
./benchmark_tests/original/Biere/bitcell_16_2/pec_bit_cell_arbiter_2_506.dqdimacs,50,84
./benchmark_tests/original/Biere/bitcell_16_2/pec_bit_cell_arbiter_2_506.dqdimacs,51,85
./benchmark_tests/original/Biere/bitcell_16_2/pec_bit_cell_arbiter_2_506.dqdimacs,52,85
./benchmark_tests/original/Biere/bitcell_16_2/pec_bit_cell_arbiter_2_506.dqdimacs,53,85
./benchmark_tests/original/Biere/bitcell_16_2/pec_bit_cell_arbiter_2_506.dqdimacs,54,85
./benchmark_tests/original/Biere/bitcell_16_2/pec_bit_cell_arbiter_2_506.dqdimacs,55,85
./benchmark_tests/original/Biere/bitcell_16_2/pec_bit_cell_arbiter_2_506.dqdimacs,56,85
./benchmark_tests/original/Biere/bitcell_16_2/pec_bit_cell_arbiter_2_506.dqdimacs,57,85
./benchmark_tests/original/Biere/bitcell_16_2/pec_bit_cell_arbiter_2_506.dqdimacs,58,85
./benchmark_tests/original/Biere/bitcell_16_2/pec_bit_cell_arbiter_2_506.dqdimacs,59,84
./benchmark_tests/original/Biere/bitcell_16_2/pec_bit_cell_arbiter_2_506.dqdimacs,60,85
./benchmark_tests/original/Biere/bitcell_16_2/pec_bit_cell_arbiter_2_506.dqdimacs,61,85
./benchmark_tests/original/Biere/bitcell_16_2/pec_bit_cell_arbiter_2_506.dqdimacs,62,83
./benchmark_tests/original/Biere/bitcell_16_2/pec_bit_cell_arbiter_2_506.dqdimacs,63,85
./benchmark_tests/original/Biere/bitcell_16_2/pec_bit_cell_arbiter_2_506.dqdimacs,64,86
./benchmark_tests/original/Biere/bitcell_16_2/pec_bit_cell_arbiter_2_506.dqdimacs,65,85
./benchmark_tests/original/Biere/bitcell_16_2/pec_bit_cell_arbiter_2_506.dqdimacs,66,83
./benchmark_tests/original/Biere/bitcell_16_2/pec_bit_cell_arbiter_2_506.dqdimacs,67,83
./benchmark_tests/original/Biere/bitcell_16_2/pec_bit_cell_arbiter_2_506.dqdimacs,68,83
./benchmark_tests/original/Biere/bitcell_16_2/pec_bit_cell_arbiter_2_506.dqdimacs,69,85
./benchmark_tests/original/Biere/bitcell_16_2/pec_bit_cell_arbiter_2_506.dqdimacs,70,85
./benchmark_tests/original/Biere/bitcell_16_2/pec_bit_cell_arbiter_2_506.dqdimacs,71,85
./benchmark_tests/original/Biere/bitcell_16_2/pec_bit_cell_arbiter_2_506.dqdimacs,72,84
./benchmark_tests/original/Biere/bitcell_16_2/pec_bit_cell_arbiter_2_506.dqdimacs,73,85
./benchmark_tests/original/Biere/bitcell_16_2/pec_bit_cell_arbiter_2_506.dqdimacs,74,84
./benchmark_tests/original/Biere/bitcell_16_2/pec_bit_cell_arbiter_2_506.dqdimacs,75,85
./benchmark_tests/original/Biere/bitcell_16_2/pec_bit_cell_arbiter_2_506.dqdimacs,76,85
./benchmark_tests/original/Biere/bitcell_16_2/pec_bit_cell_arbiter_2_506.dqdimacs,77,84
./benchmark_tests/original/Biere/bitcell_16_2/pec_bit_cell_arbiter_2_506.dqdimacs,78,84
./benchmark_tests/original/Biere/bitcell_16_2/pec_bit_cell_arbiter_2_506.dqdimacs,80,84
./benchmark_tests/original/Biere/bitcell_16_2/pec_bit_cell_arbiter_2_506.dqdimacs,81,84
./benchmark_tests/original/Biere/bitcell_16_2/pec_bit_cell_arbiter_2_506.dqdimacs,82,84
./benchmark_tests/original/Biere/bitcell_16_2/pec_bit_cell_arbiter_2_506.dqdimacs,83,84
./benchmark_tests/original/Biere/bitcell_16_2/pec_bit_cell_arbiter_2_506.dqdimacs,84,84
./benchmark_tests/original/Biere/bitcell_16_2/pec_bit_cell_arbiter_2_506.dqdimacs,85,84
./benchmark_tests/original/Biere/bitcell_16_2/pec_bit_cell_arbiter_2_506.dqdimacs,86,84
./benchmark_tests/original/Biere/bitcell_16_2/pec_bit_cell_arbiter_2_506.dqdimacs,87,85
./benchmark_tests/original/Biere/bitcell_16_2/pec_bit_cell_arbiter_2_506.dqdimacs,88,83
./benchmark_tests/original/Biere/bitcell_16_2/pec_bit_cell_arbiter_2_506.dqdimacs,89,83
./benchmark_tests/original/Biere/bitcell_16_2/pec_bit_cell_arbiter_2_506.dqdimacs,90,85
./benchmark_tests/original/Biere/bitcell_16_2/pec_bit_cell_arbiter_2_506.dqdimacs,91,84
./benchmark_tests/original/Biere/bitcell_16_2/pec_bit_cell_arbiter_2_506.dqdimacs,92,84
./benchmark_tests/original/Biere/bitcell_16_2/pec_bit_cell_arbiter_2_506.dqdimacs,93,84
./benchmark_tests/original/Biere/bitcell_16_2/pec_bit_cell_arbiter_2_506.dqdimacs,94,85
./benchmark_tests/original/Biere/bitcell_16_2/pec_bit_cell_arbiter_2_506.dqdimacs,95,83
./benchmark_tests/original/Biere/bitcell_16_2/pec_bit_cell_arbiter_2_506.dqdimacs,96,84
./benchmark_tests/original/Biere/bitcell_16_2/pec_bit_cell_arbiter_2_506.dqdimacs,97,85
./benchmark_tests/original/Biere/bitcell_16_2/pec_bit_cell_arbiter_2_506.dqdimacs,98,85
./benchmark_tests/original/Biere/bitcell_16_2/pec_bit_cell_arbiter_2_506.dqdimacs,99,83
./benchmark_tests/original/Biere/bitcell_16_2/pec_bit_cell_arbiter_2_506.dqdimacs,100,83
./benchmark_tests/original/Biere/bitcell_16_2/pec_bit_cell_arbiter_2_506.dqdimacs,101,82
./benchmark_tests/original/Biere/bitcell_16_2/pec_bit_cell_arbiter_2_506.dqdimacs,103,83
./benchmark_tests/original/Biere/bitcell_16_2/pec_bit_cell_arbiter_2_506.dqdimacs,104,83
./benchmark_tests/original/Biere/bitcell_16_2/pec_bit_cell_arbiter_2_506.dqdimacs,105,83
./benchmark_tests/original/Biere/bitcell_16_2/pec_bit_cell_arbiter_2_506.dqdimacs,106,84
./benchmark_tests/original/Biere/bitcell_16_2/pec_bit_cell_arbiter_2_506.dqdimacs,108,84
./benchmark_tests/original/Biere/bitcell_16_2/pec_bit_cell_arbiter_2_506.dqdimacs,109,85
./benchmark_tests/original/Biere/bitcell_16_2/pec_bit_cell_arbiter_2_506.dqdimacs,110,83
./benchmark_tests/original/Biere/bitcell_16_2/pec_bit_cell_arbiter_2_506.dqdimacs,111,85
./benchmark_tests/original/Biere/bitcell_16_2/pec_bit_cell_arbiter_2_506.dqdimacs,112,86
./benchmark_tests/original/Biere/bitcell_16_2/pec_bit_cell_arbiter_2_506.dqdimacs,113,86
./benchmark_tests/original/Biere/bitcell_16_2/pec_bit_cell_arbiter_2_506.dqdimacs,114,86
./benchmark_tests/original/Biere/bitcell_16_2/pec_bit_cell_arbiter_2_506.dqdimacs,116,84
./benchmark_tests/original/Biere/bitcell_16_2/pec_bit_cell_arbiter_2_506.dqdimacs,117,84
./benchmark_tests/original/Biere/bitcell_16_2/pec_bit_cell_arbiter_2_506.dqdimacs,118,84
./benchmark_tests/original/Biere/bitcell_16_2/pec_bit_cell_arbiter_2_506.dqdimacs,119,85
./benchmark_tests/original/Biere/bitcell_16_2/pec_bit_cell_arbiter_2_506.dqdimacs,120,85
./benchmark_tests/original/Biere/bitcell_16_2/pec_bit_cell_arbiter_2_506.dqdimacs,121,85
./benchmark_tests/original/Biere/bitcell_16_2/pec_bit_cell_arbiter_2_506.dqdimacs,122,85
./benchmark_tests/original/Biere/bitcell_16_2/pec_bit_cell_arbiter_2_506.dqdimacs,123,84
./benchmark_tests/original/Biere/bitcell_16_2/pec_bit_cell_arbiter_2_506.dqdimacs,124,84
./benchmark_tests/original/Biere/bitcell_16_2/pec_bit_cell_arbiter_2_506.dqdimacs,125,85
./benchmark_tests/original/Biere/bitcell_16_2/pec_bit_cell_arbiter_2_506.dqdimacs,126,85
./benchmark_tests/original/Biere/bitcell_16_2/pec_bit_cell_arbiter_2_506.dqdimacs,127,85
./benchmark_tests/original/Biere/bitcell_16_2/pec_bit_cell_arbiter_2_506.dqdimacs,128,85
./benchmark_tests/original/Biere/bitcell_16_2/pec_bit_cell_arbiter_2_512.dqdimacs,3,179
./benchmark_tests/original/Biere/bitcell_16_2/pec_bit_cell_arbiter_2_512.dqdimacs,5,170
./benchmark_tests/original/Biere/bitcell_16_2/pec_bit_cell_arbiter_2_512.dqdimacs,7,149
./benchmark_tests/original/Biere/bitcell_16_2/pec_bit_cell_arbiter_2_512.dqdimacs,9,149
./benchmark_tests/original/Biere/bitcell_16_2/pec_bit_cell_arbiter_2_512.dqdimacs,11,148
./benchmark_tests/original/Biere/bitcell_16_2/pec_bit_cell_arbiter_2_512.dqdimacs,12,148
./benchmark_tests/original/Biere/bitcell_16_2/pec_bit_cell_arbiter_2_512.dqdimacs,13,150
./benchmark_tests/original/Biere/bitcell_16_2/pec_bit_cell_arbiter_2_512.dqdimacs,14,151
./benchmark_tests/original/Biere/bitcell_16_2/pec_bit_cell_arbiter_2_512.dqdimacs,15,149
./benchmark_tests/original/Biere/bitcell_16_2/pec_bit_cell_arbiter_2_512.dqdimacs,16,148
./benchmark_tests/original/Biere/bitcell_16_2/pec_bit_cell_arbiter_2_512.dqdimacs,17,180
./benchmark_tests/original/Biere/bitcell_16_2/pec_bit_cell_arbiter_2_512.dqdimacs,18,127
./benchmark_tests/original/Biere/bitcell_16_2/pec_bit_cell_arbiter_2_512.dqdimacs,19,117
./benchmark_tests/original/Biere/bitcell_16_2/pec_bit_cell_arbiter_2_512.dqdimacs,22,107
./benchmark_tests/original/Biere/bitcell_16_2/pec_bit_cell_arbiter_2_512.dqdimacs,24,99
./benchmark_tests/original/Biere/bitcell_16_2/pec_bit_cell_arbiter_2_512.dqdimacs,25,93
./benchmark_tests/original/Biere/bitcell_16_2/pec_bit_cell_arbiter_2_512.dqdimacs,26,86
./benchmark_tests/original/Biere/bitcell_16_2/pec_bit_cell_arbiter_2_512.dqdimacs,27,82
./benchmark_tests/original/Biere/bitcell_16_2/pec_bit_cell_arbiter_2_512.dqdimacs,28,79
./benchmark_tests/original/Biere/bitcell_16_2/pec_bit_cell_arbiter_2_512.dqdimacs,29,80
./benchmark_tests/original/Biere/bitcell_16_2/pec_bit_cell_arbiter_2_512.dqdimacs,30,80
./benchmark_tests/original/Biere/bitcell_16_2/pec_bit_cell_arbiter_2_512.dqdimacs,31,80
./benchmark_tests/original/Biere/bitcell_16_2/pec_bit_cell_arbiter_2_512.dqdimacs,32,80
./benchmark_tests/original/Biere/bitcell_16_2/pec_bit_cell_arbiter_2_512.dqdimacs,33,80
./benchmark_tests/original/Biere/bitcell_16_2/pec_bit_cell_arbiter_2_512.dqdimacs,34,81
./benchmark_tests/original/Biere/bitcell_16_2/pec_bit_cell_arbiter_2_512.dqdimacs,35,85
./benchmark_tests/original/Biere/bitcell_16_2/pec_bit_cell_arbiter_2_512.dqdimacs,36,81
./benchmark_tests/original/Biere/bitcell_16_2/pec_bit_cell_arbiter_2_512.dqdimacs,37,80
./benchmark_tests/original/Biere/bitcell_16_2/pec_bit_cell_arbiter_2_512.dqdimacs,38,80
./benchmark_tests/original/Biere/bitcell_16_2/pec_bit_cell_arbiter_2_512.dqdimacs,39,80
./benchmark_tests/original/Biere/bitcell_16_2/pec_bit_cell_arbiter_2_512.dqdimacs,40,81
./benchmark_tests/original/Biere/bitcell_16_2/pec_bit_cell_arbiter_2_512.dqdimacs,41,80
./benchmark_tests/original/Biere/bitcell_16_2/pec_bit_cell_arbiter_2_512.dqdimacs,42,81
./benchmark_tests/original/Biere/bitcell_16_2/pec_bit_cell_arbiter_2_512.dqdimacs,43,81
./benchmark_tests/original/Biere/bitcell_16_2/pec_bit_cell_arbiter_2_512.dqdimacs,44,81
./benchmark_tests/original/Biere/bitcell_16_2/pec_bit_cell_arbiter_2_512.dqdimacs,45,81
./benchmark_tests/original/Biere/bitcell_16_2/pec_bit_cell_arbiter_2_512.dqdimacs,47,81
./benchmark_tests/original/Biere/bitcell_16_2/pec_bit_cell_arbiter_2_512.dqdimacs,48,81
./benchmark_tests/original/Biere/bitcell_16_2/pec_bit_cell_arbiter_2_512.dqdimacs,49,81
./benchmark_tests/original/Biere/bitcell_16_2/pec_bit_cell_arbiter_2_512.dqdimacs,50,80
./benchmark_tests/original/Biere/bitcell_16_2/pec_bit_cell_arbiter_2_512.dqdimacs,51,81
./benchmark_tests/original/Biere/bitcell_16_2/pec_bit_cell_arbiter_2_512.dqdimacs,52,81
./benchmark_tests/original/Biere/bitcell_16_2/pec_bit_cell_arbiter_2_512.dqdimacs,53,81
./benchmark_tests/original/Biere/bitcell_16_2/pec_bit_cell_arbiter_2_512.dqdimacs,54,81
./benchmark_tests/original/Biere/bitcell_16_2/pec_bit_cell_arbiter_2_512.dqdimacs,55,81
./benchmark_tests/original/Biere/bitcell_16_2/pec_bit_cell_arbiter_2_512.dqdimacs,56,81
./benchmark_tests/original/Biere/bitcell_16_2/pec_bit_cell_arbiter_2_512.dqdimacs,57,81
./benchmark_tests/original/Biere/bitcell_16_2/pec_bit_cell_arbiter_2_512.dqdimacs,58,81
./benchmark_tests/original/Biere/bitcell_16_2/pec_bit_cell_arbiter_2_512.dqdimacs,59,81
./benchmark_tests/original/Biere/bitcell_16_2/pec_bit_cell_arbiter_2_512.dqdimacs,60,81
./benchmark_tests/original/Biere/bitcell_16_2/pec_bit_cell_arbiter_2_512.dqdimacs,62,81
./benchmark_tests/original/Biere/bitcell_16_2/pec_bit_cell_arbiter_2_512.dqdimacs,63,81
./benchmark_tests/original/Biere/bitcell_16_2/pec_bit_cell_arbiter_2_512.dqdimacs,64,81
./benchmark_tests/original/Biere/bitcell_16_2/pec_bit_cell_arbiter_2_512.dqdimacs,65,81
./benchmark_tests/original/Biere/bitcell_16_2/pec_bit_cell_arbiter_2_512.dqdimacs,66,81
./benchmark_tests/original/Biere/bitcell_16_2/pec_bit_cell_arbiter_2_512.dqdimacs,68,80
./benchmark_tests/original/Biere/bitcell_16_2/pec_bit_cell_arbiter_2_512.dqdimacs,69,81
./benchmark_tests/original/Biere/bitcell_16_2/pec_bit_cell_arbiter_2_512.dqdimacs,70,81
./benchmark_tests/original/Biere/bitcell_16_2/pec_bit_cell_arbiter_2_512.dqdimacs,71,81
./benchmark_tests/original/Biere/bitcell_16_2/pec_bit_cell_arbiter_2_512.dqdimacs,72,81
./benchmark_tests/original/Biere/bitcell_16_2/pec_bit_cell_arbiter_2_512.dqdimacs,73,81
./benchmark_tests/original/Biere/bitcell_16_2/pec_bit_cell_arbiter_2_512.dqdimacs,74,82
./benchmark_tests/original/Biere/bitcell_16_2/pec_bit_cell_arbiter_2_512.dqdimacs,76,80
./benchmark_tests/original/Biere/bitcell_16_2/pec_bit_cell_arbiter_2_512.dqdimacs,77,80
./benchmark_tests/original/Biere/bitcell_16_2/pec_bit_cell_arbiter_2_512.dqdimacs,78,80
./benchmark_tests/original/Biere/bitcell_16_2/pec_bit_cell_arbiter_2_512.dqdimacs,79,81
./benchmark_tests/original/Biere/bitcell_16_2/pec_bit_cell_arbiter_2_512.dqdimacs,80,81
./benchmark_tests/original/Biere/bitcell_16_2/pec_bit_cell_arbiter_2_512.dqdimacs,81,81
./benchmark_tests/original/Biere/bitcell_16_2/pec_bit_cell_arbiter_2_512.dqdimacs,82,81
./benchmark_tests/original/Biere/bitcell_16_2/pec_bit_cell_arbiter_2_512.dqdimacs,84,80
./benchmark_tests/original/Biere/bitcell_16_2/pec_bit_cell_arbiter_2_512.dqdimacs,85,80
./benchmark_tests/original/Biere/bitcell_16_2/pec_bit_cell_arbiter_2_512.dqdimacs,86,80
./benchmark_tests/original/Biere/bitcell_16_2/pec_bit_cell_arbiter_2_512.dqdimacs,87,81
./benchmark_tests/original/Biere/bitcell_16_2/pec_bit_cell_arbiter_2_512.dqdimacs,88,81
./benchmark_tests/original/Biere/bitcell_16_2/pec_bit_cell_arbiter_2_512.dqdimacs,89,81
./benchmark_tests/original/Biere/bitcell_16_2/pec_bit_cell_arbiter_2_512.dqdimacs,90,81
./benchmark_tests/original/Biere/bitcell_16_2/pec_bit_cell_arbiter_2_512.dqdimacs,92,80
./benchmark_tests/original/Biere/bitcell_16_2/pec_bit_cell_arbiter_2_512.dqdimacs,93,80
./benchmark_tests/original/Biere/bitcell_16_2/pec_bit_cell_arbiter_2_512.dqdimacs,94,80
./benchmark_tests/original/Biere/bitcell_16_2/pec_bit_cell_arbiter_2_512.dqdimacs,95,82
./benchmark_tests/original/Biere/bitcell_16_2/pec_bit_cell_arbiter_2_512.dqdimacs,96,81
./benchmark_tests/original/Biere/bitcell_16_2/pec_bit_cell_arbiter_2_512.dqdimacs,97,81
./benchmark_tests/original/Biere/bitcell_16_2/pec_bit_cell_arbiter_2_512.dqdimacs,98,81
./benchmark_tests/original/Biere/bitcell_16_2/pec_bit_cell_arbiter_2_512.dqdimacs,100,80
./benchmark_tests/original/Biere/bitcell_16_2/pec_bit_cell_arbiter_2_512.dqdimacs,101,80
./benchmark_tests/original/Biere/bitcell_16_2/pec_bit_cell_arbiter_2_512.dqdimacs,102,80
./benchmark_tests/original/Biere/bitcell_16_2/pec_bit_cell_arbiter_2_512.dqdimacs,103,81
./benchmark_tests/original/Biere/bitcell_16_2/pec_bit_cell_arbiter_2_512.dqdimacs,104,81
./benchmark_tests/original/Biere/bitcell_16_2/pec_bit_cell_arbiter_2_512.dqdimacs,105,81
./benchmark_tests/original/Biere/bitcell_16_2/pec_bit_cell_arbiter_2_512.dqdimacs,106,81
./benchmark_tests/original/Biere/bitcell_16_2/pec_bit_cell_arbiter_2_512.dqdimacs,108,81
./benchmark_tests/original/Biere/bitcell_16_2/pec_bit_cell_arbiter_2_512.dqdimacs,109,81
./benchmark_tests/original/Biere/bitcell_16_2/pec_bit_cell_arbiter_2_512.dqdimacs,110,81
./benchmark_tests/original/Biere/bitcell_16_2/pec_bit_cell_arbiter_2_512.dqdimacs,111,81
./benchmark_tests/original/Biere/bitcell_16_2/pec_bit_cell_arbiter_2_512.dqdimacs,112,81
./benchmark_tests/original/Biere/bitcell_16_2/pec_bit_cell_arbiter_2_512.dqdimacs,113,81
./benchmark_tests/original/Biere/bitcell_16_2/pec_bit_cell_arbiter_2_512.dqdimacs,114,81
./benchmark_tests/original/Biere/bitcell_16_2/pec_bit_cell_arbiter_2_512.dqdimacs,116,80
./benchmark_tests/original/Biere/bitcell_16_2/pec_bit_cell_arbiter_2_512.dqdimacs,117,80
./benchmark_tests/original/Biere/bitcell_16_2/pec_bit_cell_arbiter_2_512.dqdimacs,118,80
./benchmark_tests/original/Biere/bitcell_16_2/pec_bit_cell_arbiter_2_512.dqdimacs,119,81
./benchmark_tests/original/Biere/bitcell_16_2/pec_bit_cell_arbiter_2_512.dqdimacs,120,81
./benchmark_tests/original/Biere/bitcell_16_2/pec_bit_cell_arbiter_2_512.dqdimacs,121,80
./benchmark_tests/original/Biere/bitcell_16_2/pec_bit_cell_arbiter_2_512.dqdimacs,122,81
./benchmark_tests/original/Biere/bitcell_16_2/pec_bit_cell_arbiter_2_512.dqdimacs,124,80
./benchmark_tests/original/Biere/bitcell_16_2/pec_bit_cell_arbiter_2_512.dqdimacs,125,80
./benchmark_tests/original/Biere/bitcell_16_2/pec_bit_cell_arbiter_2_512.dqdimacs,126,80
./benchmark_tests/original/Biere/bitcell_16_2/pec_bit_cell_arbiter_2_512.dqdimacs,127,81
./benchmark_tests/original/Biere/bitcell_16_2/pec_bit_cell_arbiter_2_512.dqdimacs,128,81
./benchmark_tests/original/Biere/bitcell_16_2/pec_bit_cell_arbiter_2_512.dqdimacs,129,80
./benchmark_tests/original/Biere/bitcell_16_2/pec_bit_cell_arbiter_2_512.dqdimacs,130,81
./benchmark_tests/original/Biere/bitcell_16_2/pec_bit_cell_arbiter_2_512.dqdimacs,131,80
./benchmark_tests/original/Biere/bitcell_16_2/pec_bit_cell_arbiter_2_512.dqdimacs,132,80
./benchmark_tests/original/Biere/bitcell_16_2/pec_bit_cell_arbiter_2_512.dqdimacs,133,81
./benchmark_tests/original/Biere/bitcell_16_2/pec_bit_cell_arbiter_2_512.dqdimacs,134,80
./benchmark_tests/original/Biere/bitcell_16_2/pec_bit_cell_arbiter_2_512.dqdimacs,135,80
./benchmark_tests/original/Biere/bitcell_16_2/pec_bit_cell_arbiter_2_512.dqdimacs,136,81
./benchmark_tests/original/Biere/bitcell_16_2/pec_bit_cell_arbiter_2_530.dqdimacs,3,252
./benchmark_tests/original/Biere/bitcell_16_2/pec_bit_cell_arbiter_2_530.dqdimacs,4,242
./benchmark_tests/original/Biere/bitcell_16_2/pec_bit_cell_arbiter_2_530.dqdimacs,5,221
./benchmark_tests/original/Biere/bitcell_16_2/pec_bit_cell_arbiter_2_530.dqdimacs,6,266
./benchmark_tests/original/Biere/bitcell_16_2/pec_bit_cell_arbiter_2_530.dqdimacs,7,223
./benchmark_tests/original/Biere/bitcell_16_2/pec_bit_cell_arbiter_2_530.dqdimacs,10,223
./benchmark_tests/original/Biere/bitcell_16_2/pec_bit_cell_arbiter_2_530.dqdimacs,12,213
./benchmark_tests/original/Biere/bitcell_16_2/pec_bit_cell_arbiter_2_530.dqdimacs,14,193
./benchmark_tests/original/Biere/bitcell_16_2/pec_bit_cell_arbiter_2_530.dqdimacs,16,172
./benchmark_tests/original/Biere/bitcell_16_2/pec_bit_cell_arbiter_2_530.dqdimacs,18,152
./benchmark_tests/original/Biere/bitcell_16_2/pec_bit_cell_arbiter_2_530.dqdimacs,20,137
./benchmark_tests/original/Biere/bitcell_16_2/pec_bit_cell_arbiter_2_530.dqdimacs,22,124
./benchmark_tests/original/Biere/bitcell_16_2/pec_bit_cell_arbiter_2_530.dqdimacs,24,119
./benchmark_tests/original/Biere/bitcell_16_2/pec_bit_cell_arbiter_2_530.dqdimacs,26,119
./benchmark_tests/original/Biere/bitcell_16_2/pec_bit_cell_arbiter_2_530.dqdimacs,28,119
./benchmark_tests/original/Biere/bitcell_16_2/pec_bit_cell_arbiter_2_530.dqdimacs,29,119
./benchmark_tests/original/Biere/bitcell_16_2/pec_bit_cell_arbiter_2_530.dqdimacs,30,120
./benchmark_tests/original/Biere/bitcell_16_2/pec_bit_cell_arbiter_2_530.dqdimacs,31,119
./benchmark_tests/original/Biere/bitcell_16_2/pec_bit_cell_arbiter_2_530.dqdimacs,32,119
./benchmark_tests/original/Biere/bitcell_16_2/pec_bit_cell_arbiter_2_530.dqdimacs,33,118
./benchmark_tests/original/Biere/bitcell_16_2/pec_bit_cell_arbiter_2_530.dqdimacs,34,118
./benchmark_tests/original/Biere/bitcell_16_2/pec_bit_cell_arbiter_2_530.dqdimacs,35,123
./benchmark_tests/original/Biere/bitcell_16_2/pec_bit_cell_arbiter_2_530.dqdimacs,36,119
./benchmark_tests/original/Biere/bitcell_16_2/pec_bit_cell_arbiter_2_530.dqdimacs,37,118
./benchmark_tests/original/Biere/bitcell_16_2/pec_bit_cell_arbiter_2_530.dqdimacs,38,119
./benchmark_tests/original/Biere/bitcell_16_2/pec_bit_cell_arbiter_2_530.dqdimacs,39,119
./benchmark_tests/original/Biere/bitcell_16_2/pec_bit_cell_arbiter_2_530.dqdimacs,40,119
./benchmark_tests/original/Biere/bitcell_16_2/pec_bit_cell_arbiter_2_530.dqdimacs,41,120
./benchmark_tests/original/Biere/bitcell_16_2/pec_bit_cell_arbiter_2_530.dqdimacs,42,120
./benchmark_tests/original/Biere/bitcell_16_2/pec_bit_cell_arbiter_2_530.dqdimacs,43,119
./benchmark_tests/original/Biere/bitcell_16_2/pec_bit_cell_arbiter_2_530.dqdimacs,44,119
./benchmark_tests/original/Biere/bitcell_16_2/pec_bit_cell_arbiter_2_530.dqdimacs,46,119
./benchmark_tests/original/Biere/bitcell_16_2/pec_bit_cell_arbiter_2_530.dqdimacs,47,119
./benchmark_tests/original/Biere/bitcell_16_2/pec_bit_cell_arbiter_2_530.dqdimacs,48,119
./benchmark_tests/original/Biere/bitcell_16_2/pec_bit_cell_arbiter_2_530.dqdimacs,49,119
./benchmark_tests/original/Biere/bitcell_16_2/pec_bit_cell_arbiter_2_530.dqdimacs,50,119
./benchmark_tests/original/Biere/bitcell_16_2/pec_bit_cell_arbiter_2_530.dqdimacs,51,119
./benchmark_tests/original/Biere/bitcell_16_2/pec_bit_cell_arbiter_2_530.dqdimacs,52,118
./benchmark_tests/original/Biere/bitcell_16_2/pec_bit_cell_arbiter_2_530.dqdimacs,53,119
./benchmark_tests/original/Biere/bitcell_16_2/pec_bit_cell_arbiter_2_530.dqdimacs,54,118
./benchmark_tests/original/Biere/bitcell_16_2/pec_bit_cell_arbiter_2_530.dqdimacs,55,118
./benchmark_tests/original/Biere/bitcell_16_2/pec_bit_cell_arbiter_2_530.dqdimacs,56,118
./benchmark_tests/original/Biere/bitcell_16_2/pec_bit_cell_arbiter_2_530.dqdimacs,57,120
./benchmark_tests/original/Biere/bitcell_16_2/pec_bit_cell_arbiter_2_530.dqdimacs,58,119
./benchmark_tests/original/Biere/bitcell_16_2/pec_bit_cell_arbiter_2_530.dqdimacs,59,118
./benchmark_tests/original/Biere/bitcell_16_2/pec_bit_cell_arbiter_2_530.dqdimacs,60,118
./benchmark_tests/original/Biere/bitcell_16_2/pec_bit_cell_arbiter_2_530.dqdimacs,61,118
./benchmark_tests/original/Biere/bitcell_16_2/pec_bit_cell_arbiter_2_530.dqdimacs,62,118
./benchmark_tests/original/Biere/bitcell_16_2/pec_bit_cell_arbiter_2_530.dqdimacs,63,119
./benchmark_tests/original/Biere/bitcell_16_2/pec_bit_cell_arbiter_2_530.dqdimacs,64,119
./benchmark_tests/original/Biere/bitcell_16_2/pec_bit_cell_arbiter_2_530.dqdimacs,65,119
./benchmark_tests/original/Biere/bitcell_16_2/pec_bit_cell_arbiter_2_530.dqdimacs,66,118
./benchmark_tests/original/Biere/bitcell_16_2/pec_bit_cell_arbiter_2_530.dqdimacs,67,118
./benchmark_tests/original/Biere/bitcell_16_2/pec_bit_cell_arbiter_2_530.dqdimacs,68,118
./benchmark_tests/original/Biere/bitcell_16_2/pec_bit_cell_arbiter_2_530.dqdimacs,69,118
./benchmark_tests/original/Biere/bitcell_16_2/pec_bit_cell_arbiter_2_530.dqdimacs,70,118
./benchmark_tests/original/Biere/bitcell_16_2/pec_bit_cell_arbiter_2_530.dqdimacs,71,118
./benchmark_tests/original/Biere/bitcell_16_2/pec_bit_cell_arbiter_2_530.dqdimacs,72,118
./benchmark_tests/original/Biere/bitcell_16_2/pec_bit_cell_arbiter_2_530.dqdimacs,73,118
./benchmark_tests/original/Biere/bitcell_16_2/pec_bit_cell_arbiter_2_530.dqdimacs,74,119
./benchmark_tests/original/Biere/bitcell_16_2/pec_bit_cell_arbiter_2_530.dqdimacs,75,119
./benchmark_tests/original/Biere/bitcell_16_2/pec_bit_cell_arbiter_2_530.dqdimacs,76,118
./benchmark_tests/original/Biere/bitcell_16_2/pec_bit_cell_arbiter_2_530.dqdimacs,77,118
./benchmark_tests/original/Biere/bitcell_16_2/pec_bit_cell_arbiter_2_530.dqdimacs,78,119
./benchmark_tests/original/Biere/bitcell_16_2/pec_bit_cell_arbiter_2_530.dqdimacs,79,119
./benchmark_tests/original/Biere/bitcell_16_2/pec_bit_cell_arbiter_2_530.dqdimacs,80,118
./benchmark_tests/original/Biere/bitcell_16_2/pec_bit_cell_arbiter_2_530.dqdimacs,81,118
./benchmark_tests/original/Biere/bitcell_16_2/pec_bit_cell_arbiter_2_530.dqdimacs,82,118
./benchmark_tests/original/Biere/bitcell_16_2/pec_bit_cell_arbiter_2_530.dqdimacs,83,118
./benchmark_tests/original/Biere/bitcell_16_2/pec_bit_cell_arbiter_2_530.dqdimacs,84,118
./benchmark_tests/original/Biere/bitcell_16_2/pec_bit_cell_arbiter_2_530.dqdimacs,85,118
./benchmark_tests/original/Biere/bitcell_16_2/pec_bit_cell_arbiter_2_530.dqdimacs,86,118
./benchmark_tests/original/Biere/bitcell_16_2/pec_bit_cell_arbiter_2_530.dqdimacs,87,118
./benchmark_tests/original/Biere/bitcell_16_2/pec_bit_cell_arbiter_2_530.dqdimacs,88,117
./benchmark_tests/original/Biere/bitcell_16_2/pec_bit_cell_arbiter_2_530.dqdimacs,89,118
./benchmark_tests/original/Biere/bitcell_16_2/pec_bit_cell_arbiter_2_530.dqdimacs,90,118
./benchmark_tests/original/Biere/bitcell_16_2/pec_bit_cell_arbiter_2_530.dqdimacs,91,118
./benchmark_tests/original/Biere/bitcell_16_2/pec_bit_cell_arbiter_2_530.dqdimacs,92,118
./benchmark_tests/original/Biere/bitcell_16_2/pec_bit_cell_arbiter_2_530.dqdimacs,93,118
./benchmark_tests/original/Biere/bitcell_16_2/pec_bit_cell_arbiter_2_530.dqdimacs,94,118
./benchmark_tests/original/Biere/bitcell_16_2/pec_bit_cell_arbiter_2_530.dqdimacs,95,118
./benchmark_tests/original/Biere/bitcell_16_2/pec_bit_cell_arbiter_2_530.dqdimacs,96,118
./benchmark_tests/original/Biere/bitcell_16_2/pec_bit_cell_arbiter_2_530.dqdimacs,97,118
./benchmark_tests/original/Biere/bitcell_16_2/pec_bit_cell_arbiter_2_530.dqdimacs,98,118
./benchmark_tests/original/Biere/bitcell_16_2/pec_bit_cell_arbiter_2_530.dqdimacs,99,118
./benchmark_tests/original/Biere/bitcell_16_2/pec_bit_cell_arbiter_2_530.dqdimacs,100,118
./benchmark_tests/original/Biere/bitcell_16_2/pec_bit_cell_arbiter_2_530.dqdimacs,101,117
./benchmark_tests/original/Biere/bitcell_16_2/pec_bit_cell_arbiter_2_530.dqdimacs,103,118
./benchmark_tests/original/Biere/bitcell_16_2/pec_bit_cell_arbiter_2_530.dqdimacs,104,118
./benchmark_tests/original/Biere/bitcell_16_2/pec_bit_cell_arbiter_2_530.dqdimacs,105,118
./benchmark_tests/original/Biere/bitcell_16_2/pec_bit_cell_arbiter_2_530.dqdimacs,106,118
./benchmark_tests/original/Biere/bitcell_16_2/pec_bit_cell_arbiter_2_530.dqdimacs,108,118
./benchmark_tests/original/Biere/bitcell_16_2/pec_bit_cell_arbiter_2_530.dqdimacs,109,118
./benchmark_tests/original/Biere/bitcell_16_2/pec_bit_cell_arbiter_2_530.dqdimacs,110,118
./benchmark_tests/original/Biere/bitcell_16_2/pec_bit_cell_arbiter_2_530.dqdimacs,111,118
./benchmark_tests/original/Biere/bitcell_16_2/pec_bit_cell_arbiter_2_530.dqdimacs,112,118
./benchmark_tests/original/Biere/bitcell_16_2/pec_bit_cell_arbiter_2_530.dqdimacs,113,118
./benchmark_tests/original/Biere/bitcell_16_2/pec_bit_cell_arbiter_2_530.dqdimacs,114,118
./benchmark_tests/original/Biere/bitcell_16_2/pec_bit_cell_arbiter_2_530.dqdimacs,116,118
./benchmark_tests/original/Biere/bitcell_16_2/pec_bit_cell_arbiter_2_530.dqdimacs,117,118
./benchmark_tests/original/Biere/bitcell_16_2/pec_bit_cell_arbiter_2_530.dqdimacs,118,118
./benchmark_tests/original/Biere/bitcell_16_2/pec_bit_cell_arbiter_2_530.dqdimacs,119,118
./benchmark_tests/original/Biere/bitcell_16_2/pec_bit_cell_arbiter_2_530.dqdimacs,120,118
./benchmark_tests/original/Biere/bitcell_16_2/pec_bit_cell_arbiter_2_530.dqdimacs,121,118
./benchmark_tests/original/Biere/bitcell_16_2/pec_bit_cell_arbiter_2_530.dqdimacs,122,119
./benchmark_tests/original/Biere/bitcell_16_2/pec_bit_cell_arbiter_2_530.dqdimacs,124,118
./benchmark_tests/original/Biere/bitcell_16_2/pec_bit_cell_arbiter_2_530.dqdimacs,125,118
./benchmark_tests/original/Biere/bitcell_16_2/pec_bit_cell_arbiter_2_530.dqdimacs,126,118
./benchmark_tests/original/Biere/bitcell_16_2/pec_bit_cell_arbiter_2_530.dqdimacs,127,118
./benchmark_tests/original/Biere/bitcell_16_2/pec_bit_cell_arbiter_2_530.dqdimacs,128,118
./benchmark_tests/original/Biere/bitcell_16_2/pec_bit_cell_arbiter_2_530.dqdimacs,129,119
./benchmark_tests/original/Biere/bitcell_16_2/pec_bit_cell_arbiter_2_530.dqdimacs,130,119
./benchmark_tests/original/Biere/bitcell_16_2/pec_bit_cell_arbiter_2_530.dqdimacs,132,118
./benchmark_tests/original/Biere/bitcell_16_2/pec_bit_cell_arbiter_2_530.dqdimacs,133,118
./benchmark_tests/original/Biere/bitcell_16_2/pec_bit_cell_arbiter_2_530.dqdimacs,134,118
./benchmark_tests/original/Biere/bitcell_16_2/pec_bit_cell_arbiter_2_530.dqdimacs,135,118
./benchmark_tests/original/Biere/bitcell_16_2/pec_bit_cell_arbiter_2_530.dqdimacs,136,119
./benchmark_tests/original/Biere/bitcell_16_2/pec_bit_cell_arbiter_2_530.dqdimacs,137,118
./benchmark_tests/original/Biere/bitcell_16_2/pec_bit_cell_arbiter_2_530.dqdimacs,138,119
./benchmark_tests/original/Biere/bitcell_16_2/pec_bit_cell_arbiter_2_530.dqdimacs,139,118
./benchmark_tests/original/Biere/bitcell_16_2/pec_bit_cell_arbiter_2_530.dqdimacs,140,118
./benchmark_tests/original/Biere/bitcell_16_2/pec_bit_cell_arbiter_2_530.dqdimacs,141,119
./benchmark_tests/original/Biere/bitcell_16_2/pec_bit_cell_arbiter_2_530.dqdimacs,142,119
./benchmark_tests/original/Biere/bitcell_16_2/pec_bit_cell_arbiter_2_530.dqdimacs,143,118
./benchmark_tests/original/Biere/bitcell_16_2/pec_bit_cell_arbiter_2_530.dqdimacs,144,119
./benchmark_tests/original/Biere/bitcell_16_2/pec_bit_cell_arbiter_2_535.dqdimacs,3,266
./benchmark_tests/original/Biere/bitcell_16_2/pec_bit_cell_arbiter_2_535.dqdimacs,5,263
./benchmark_tests/original/Biere/bitcell_16_2/pec_bit_cell_arbiter_2_535.dqdimacs,7,263
./benchmark_tests/original/Biere/bitcell_16_2/pec_bit_cell_arbiter_2_535.dqdimacs,9,264
./benchmark_tests/original/Biere/bitcell_16_2/pec_bit_cell_arbiter_2_535.dqdimacs,11,259
./benchmark_tests/original/Biere/bitcell_16_2/pec_bit_cell_arbiter_2_535.dqdimacs,13,235
./benchmark_tests/original/Biere/bitcell_16_2/pec_bit_cell_arbiter_2_535.dqdimacs,15,216
./benchmark_tests/original/Biere/bitcell_16_2/pec_bit_cell_arbiter_2_535.dqdimacs,18,190
./benchmark_tests/original/Biere/bitcell_16_2/pec_bit_cell_arbiter_2_535.dqdimacs,20,167
./benchmark_tests/original/Biere/bitcell_16_2/pec_bit_cell_arbiter_2_535.dqdimacs,22,149
./benchmark_tests/original/Biere/bitcell_16_2/pec_bit_cell_arbiter_2_535.dqdimacs,24,134
./benchmark_tests/original/Biere/bitcell_16_2/pec_bit_cell_arbiter_2_535.dqdimacs,26,127
./benchmark_tests/original/Biere/bitcell_16_2/pec_bit_cell_arbiter_2_535.dqdimacs,28,133
./benchmark_tests/original/Biere/bitcell_16_2/pec_bit_cell_arbiter_2_535.dqdimacs,29,139
./benchmark_tests/original/Biere/bitcell_16_2/pec_bit_cell_arbiter_2_535.dqdimacs,30,140
./benchmark_tests/original/Biere/bitcell_16_2/pec_bit_cell_arbiter_2_535.dqdimacs,31,163
./benchmark_tests/original/Biere/bitcell_16_2/pec_bit_cell_arbiter_2_535.dqdimacs,32,139
./benchmark_tests/original/Biere/bitcell_16_2/pec_bit_cell_arbiter_2_535.dqdimacs,33,139
./benchmark_tests/original/Biere/bitcell_16_2/pec_bit_cell_arbiter_2_535.dqdimacs,34,139
./benchmark_tests/original/Biere/bitcell_16_2/pec_bit_cell_arbiter_2_535.dqdimacs,35,139
./benchmark_tests/original/Biere/bitcell_16_2/pec_bit_cell_arbiter_2_535.dqdimacs,36,139
./benchmark_tests/original/Biere/bitcell_16_2/pec_bit_cell_arbiter_2_535.dqdimacs,37,139
./benchmark_tests/original/Biere/bitcell_16_2/pec_bit_cell_arbiter_2_535.dqdimacs,38,140
./benchmark_tests/original/Biere/bitcell_16_2/pec_bit_cell_arbiter_2_535.dqdimacs,39,139
./benchmark_tests/original/Biere/bitcell_16_2/pec_bit_cell_arbiter_2_535.dqdimacs,40,139
./benchmark_tests/original/Biere/bitcell_16_2/pec_bit_cell_arbiter_2_535.dqdimacs,41,139
./benchmark_tests/original/Biere/bitcell_16_2/pec_bit_cell_arbiter_2_535.dqdimacs,42,140
./benchmark_tests/original/Biere/bitcell_16_2/pec_bit_cell_arbiter_2_535.dqdimacs,43,140
./benchmark_tests/original/Biere/bitcell_16_2/pec_bit_cell_arbiter_2_535.dqdimacs,44,141
./benchmark_tests/original/Biere/bitcell_16_2/pec_bit_cell_arbiter_2_535.dqdimacs,45,140
./benchmark_tests/original/Biere/bitcell_16_2/pec_bit_cell_arbiter_2_535.dqdimacs,47,139
./benchmark_tests/original/Biere/bitcell_16_2/pec_bit_cell_arbiter_2_535.dqdimacs,48,139
./benchmark_tests/original/Biere/bitcell_16_2/pec_bit_cell_arbiter_2_535.dqdimacs,49,139
./benchmark_tests/original/Biere/bitcell_16_2/pec_bit_cell_arbiter_2_535.dqdimacs,50,140
./benchmark_tests/original/Biere/bitcell_16_2/pec_bit_cell_arbiter_2_535.dqdimacs,51,139
./benchmark_tests/original/Biere/bitcell_16_2/pec_bit_cell_arbiter_2_535.dqdimacs,52,139
./benchmark_tests/original/Biere/bitcell_16_2/pec_bit_cell_arbiter_2_535.dqdimacs,53,139
./benchmark_tests/original/Biere/bitcell_16_2/pec_bit_cell_arbiter_2_535.dqdimacs,54,139
./benchmark_tests/original/Biere/bitcell_16_2/pec_bit_cell_arbiter_2_535.dqdimacs,55,138
./benchmark_tests/original/Biere/bitcell_16_2/pec_bit_cell_arbiter_2_535.dqdimacs,56,139
./benchmark_tests/original/Biere/bitcell_16_2/pec_bit_cell_arbiter_2_535.dqdimacs,57,138
./benchmark_tests/original/Biere/bitcell_16_2/pec_bit_cell_arbiter_2_535.dqdimacs,58,139
./benchmark_tests/original/Biere/bitcell_16_2/pec_bit_cell_arbiter_2_535.dqdimacs,59,139
./benchmark_tests/original/Biere/bitcell_16_2/pec_bit_cell_arbiter_2_535.dqdimacs,60,139
./benchmark_tests/original/Biere/bitcell_16_2/pec_bit_cell_arbiter_2_535.dqdimacs,61,138
./benchmark_tests/original/Biere/bitcell_16_2/pec_bit_cell_arbiter_2_535.dqdimacs,62,138
./benchmark_tests/original/Biere/bitcell_16_2/pec_bit_cell_arbiter_2_535.dqdimacs,63,139
./benchmark_tests/original/Biere/bitcell_16_2/pec_bit_cell_arbiter_2_535.dqdimacs,64,138
./benchmark_tests/original/Biere/bitcell_16_2/pec_bit_cell_arbiter_2_535.dqdimacs,65,139
./benchmark_tests/original/Biere/bitcell_16_2/pec_bit_cell_arbiter_2_535.dqdimacs,66,139
./benchmark_tests/original/Biere/bitcell_16_2/pec_bit_cell_arbiter_2_535.dqdimacs,67,139
./benchmark_tests/original/Biere/bitcell_16_2/pec_bit_cell_arbiter_2_535.dqdimacs,68,139
./benchmark_tests/original/Biere/bitcell_16_2/pec_bit_cell_arbiter_2_535.dqdimacs,69,139
./benchmark_tests/original/Biere/bitcell_16_2/pec_bit_cell_arbiter_2_535.dqdimacs,70,138
./benchmark_tests/original/Biere/bitcell_16_2/pec_bit_cell_arbiter_2_535.dqdimacs,71,139
./benchmark_tests/original/Biere/bitcell_16_2/pec_bit_cell_arbiter_2_535.dqdimacs,72,139
./benchmark_tests/original/Biere/bitcell_16_2/pec_bit_cell_arbiter_2_535.dqdimacs,73,139
./benchmark_tests/original/Biere/bitcell_16_2/pec_bit_cell_arbiter_2_535.dqdimacs,74,139
./benchmark_tests/original/Biere/bitcell_16_2/pec_bit_cell_arbiter_2_535.dqdimacs,75,139
./benchmark_tests/original/Biere/bitcell_16_2/pec_bit_cell_arbiter_2_535.dqdimacs,76,139
./benchmark_tests/original/Biere/bitcell_16_2/pec_bit_cell_arbiter_2_535.dqdimacs,77,139
./benchmark_tests/original/Biere/bitcell_16_2/pec_bit_cell_arbiter_2_535.dqdimacs,78,139
./benchmark_tests/original/Biere/bitcell_16_2/pec_bit_cell_arbiter_2_535.dqdimacs,79,139
./benchmark_tests/original/Biere/bitcell_16_2/pec_bit_cell_arbiter_2_535.dqdimacs,80,139
./benchmark_tests/original/Biere/bitcell_16_2/pec_bit_cell_arbiter_2_535.dqdimacs,81,139
./benchmark_tests/original/Biere/bitcell_16_2/pec_bit_cell_arbiter_2_535.dqdimacs,82,139
./benchmark_tests/original/Biere/bitcell_16_2/pec_bit_cell_arbiter_2_535.dqdimacs,83,139
./benchmark_tests/original/Biere/bitcell_16_2/pec_bit_cell_arbiter_2_535.dqdimacs,84,139
./benchmark_tests/original/Biere/bitcell_16_2/pec_bit_cell_arbiter_2_535.dqdimacs,85,139
./benchmark_tests/original/Biere/bitcell_16_2/pec_bit_cell_arbiter_2_535.dqdimacs,86,139
./benchmark_tests/original/Biere/bitcell_16_2/pec_bit_cell_arbiter_2_535.dqdimacs,87,139
./benchmark_tests/original/Biere/bitcell_16_2/pec_bit_cell_arbiter_2_535.dqdimacs,88,139
./benchmark_tests/original/Biere/bitcell_16_2/pec_bit_cell_arbiter_2_535.dqdimacs,89,140
./benchmark_tests/original/Biere/bitcell_16_2/pec_bit_cell_arbiter_2_535.dqdimacs,90,139
./benchmark_tests/original/Biere/bitcell_16_2/pec_bit_cell_arbiter_2_535.dqdimacs,91,139
./benchmark_tests/original/Biere/bitcell_16_2/pec_bit_cell_arbiter_2_535.dqdimacs,92,139
./benchmark_tests/original/Biere/bitcell_16_2/pec_bit_cell_arbiter_2_535.dqdimacs,93,139
./benchmark_tests/original/Biere/bitcell_16_2/pec_bit_cell_arbiter_2_535.dqdimacs,94,139
./benchmark_tests/original/Biere/bitcell_16_2/pec_bit_cell_arbiter_2_535.dqdimacs,95,140
./benchmark_tests/original/Biere/bitcell_16_2/pec_bit_cell_arbiter_2_535.dqdimacs,96,140
./benchmark_tests/original/Biere/bitcell_16_2/pec_bit_cell_arbiter_2_535.dqdimacs,97,139
./benchmark_tests/original/Biere/bitcell_16_2/pec_bit_cell_arbiter_2_535.dqdimacs,98,139
./benchmark_tests/original/Biere/bitcell_16_2/pec_bit_cell_arbiter_2_535.dqdimacs,99,140
./benchmark_tests/original/Biere/bitcell_16_2/pec_bit_cell_arbiter_2_535.dqdimacs,100,139
./benchmark_tests/original/Biere/bitcell_16_2/pec_bit_cell_arbiter_2_535.dqdimacs,101,139
./benchmark_tests/original/Biere/bitcell_16_2/pec_bit_cell_arbiter_2_535.dqdimacs,102,139
./benchmark_tests/original/Biere/bitcell_16_2/pec_bit_cell_arbiter_2_535.dqdimacs,103,139
./benchmark_tests/original/Biere/bitcell_16_2/pec_bit_cell_arbiter_2_535.dqdimacs,104,139
./benchmark_tests/original/Biere/bitcell_16_2/pec_bit_cell_arbiter_2_535.dqdimacs,105,139
./benchmark_tests/original/Biere/bitcell_16_2/pec_bit_cell_arbiter_2_535.dqdimacs,106,139
./benchmark_tests/original/Biere/bitcell_16_2/pec_bit_cell_arbiter_2_535.dqdimacs,108,140
./benchmark_tests/original/Biere/bitcell_16_2/pec_bit_cell_arbiter_2_535.dqdimacs,109,139
./benchmark_tests/original/Biere/bitcell_16_2/pec_bit_cell_arbiter_2_535.dqdimacs,110,139
./benchmark_tests/original/Biere/bitcell_16_2/pec_bit_cell_arbiter_2_535.dqdimacs,111,139
./benchmark_tests/original/Biere/bitcell_16_2/pec_bit_cell_arbiter_2_535.dqdimacs,112,140
./benchmark_tests/original/Biere/bitcell_16_2/pec_bit_cell_arbiter_2_535.dqdimacs,114,139
./benchmark_tests/original/Biere/bitcell_16_2/pec_bit_cell_arbiter_2_535.dqdimacs,115,140
./benchmark_tests/original/Biere/bitcell_16_2/pec_bit_cell_arbiter_2_535.dqdimacs,116,140
./benchmark_tests/original/Biere/bitcell_16_2/pec_bit_cell_arbiter_2_535.dqdimacs,117,140
./benchmark_tests/original/Biere/bitcell_16_2/pec_bit_cell_arbiter_2_535.dqdimacs,118,140
./benchmark_tests/original/Biere/bitcell_16_2/pec_bit_cell_arbiter_2_535.dqdimacs,119,141
./benchmark_tests/original/Biere/bitcell_16_2/pec_bit_cell_arbiter_2_535.dqdimacs,121,139
./benchmark_tests/original/Biere/bitcell_16_2/pec_bit_cell_arbiter_2_535.dqdimacs,122,139
./benchmark_tests/original/Biere/bitcell_16_2/pec_bit_cell_arbiter_2_535.dqdimacs,123,140
./benchmark_tests/original/Biere/bitcell_16_2/pec_bit_cell_arbiter_2_535.dqdimacs,124,140
./benchmark_tests/original/Biere/bitcell_16_2/pec_bit_cell_arbiter_2_535.dqdimacs,125,140
./benchmark_tests/original/Biere/bitcell_16_2/pec_bit_cell_arbiter_2_535.dqdimacs,126,139
./benchmark_tests/original/Biere/bitcell_16_2/pec_bit_cell_arbiter_2_535.dqdimacs,127,140
./benchmark_tests/original/Biere/bitcell_16_2/pec_bit_cell_arbiter_2_535.dqdimacs,128,139
./benchmark_tests/original/Biere/bitcell_16_2/pec_bit_cell_arbiter_2_535.dqdimacs,129,139
./benchmark_tests/original/Biere/bitcell_16_2/pec_bit_cell_arbiter_2_535.dqdimacs,130,140
./benchmark_tests/original/Biere/bitcell_16_2/pec_bit_cell_arbiter_2_535.dqdimacs,131,139
./benchmark_tests/original/Biere/bitcell_16_2/pec_bit_cell_arbiter_2_535.dqdimacs,132,140
./benchmark_tests/original/Biere/bitcell_16_2/pec_bit_cell_arbiter_2_535.dqdimacs,133,139
./benchmark_tests/original/Biere/bitcell_16_2/pec_bit_cell_arbiter_2_545.dqdimacs,3,118
./benchmark_tests/original/Biere/bitcell_16_2/pec_bit_cell_arbiter_2_545.dqdimacs,5,106
./benchmark_tests/original/Biere/bitcell_16_2/pec_bit_cell_arbiter_2_545.dqdimacs,7,85
./benchmark_tests/original/Biere/bitcell_16_2/pec_bit_cell_arbiter_2_545.dqdimacs,9,86
./benchmark_tests/original/Biere/bitcell_16_2/pec_bit_cell_arbiter_2_545.dqdimacs,11,84
./benchmark_tests/original/Biere/bitcell_16_2/pec_bit_cell_arbiter_2_545.dqdimacs,12,87
./benchmark_tests/original/Biere/bitcell_16_2/pec_bit_cell_arbiter_2_545.dqdimacs,13,89
./benchmark_tests/original/Biere/bitcell_16_2/pec_bit_cell_arbiter_2_545.dqdimacs,14,86
./benchmark_tests/original/Biere/bitcell_16_2/pec_bit_cell_arbiter_2_545.dqdimacs,15,86
./benchmark_tests/original/Biere/bitcell_16_2/pec_bit_cell_arbiter_2_545.dqdimacs,16,87
./benchmark_tests/original/Biere/bitcell_16_2/pec_bit_cell_arbiter_2_545.dqdimacs,17,98
./benchmark_tests/original/Biere/bitcell_16_2/pec_bit_cell_arbiter_2_545.dqdimacs,18,157
./benchmark_tests/original/Biere/bitcell_16_2/pec_bit_cell_arbiter_2_545.dqdimacs,19,112
./benchmark_tests/original/Biere/bitcell_16_2/pec_bit_cell_arbiter_2_545.dqdimacs,22,112
./benchmark_tests/original/Biere/bitcell_16_2/pec_bit_cell_arbiter_2_545.dqdimacs,24,111
./benchmark_tests/original/Biere/bitcell_16_2/pec_bit_cell_arbiter_2_545.dqdimacs,26,106
./benchmark_tests/original/Biere/bitcell_16_2/pec_bit_cell_arbiter_2_545.dqdimacs,28,102
./benchmark_tests/original/Biere/bitcell_16_2/pec_bit_cell_arbiter_2_545.dqdimacs,30,96
./benchmark_tests/original/Biere/bitcell_16_2/pec_bit_cell_arbiter_2_545.dqdimacs,32,90
./benchmark_tests/original/Biere/bitcell_16_2/pec_bit_cell_arbiter_2_545.dqdimacs,34,87
./benchmark_tests/original/Biere/bitcell_16_2/pec_bit_cell_arbiter_2_545.dqdimacs,36,80
./benchmark_tests/original/Biere/bitcell_16_2/pec_bit_cell_arbiter_2_545.dqdimacs,38,76
./benchmark_tests/original/Biere/bitcell_16_2/pec_bit_cell_arbiter_2_545.dqdimacs,40,72
./benchmark_tests/original/Biere/bitcell_16_2/pec_bit_cell_arbiter_2_545.dqdimacs,41,68
./benchmark_tests/original/Biere/bitcell_16_2/pec_bit_cell_arbiter_2_545.dqdimacs,42,65
./benchmark_tests/original/Biere/bitcell_16_2/pec_bit_cell_arbiter_2_545.dqdimacs,43,63
./benchmark_tests/original/Biere/bitcell_16_2/pec_bit_cell_arbiter_2_545.dqdimacs,44,61
./benchmark_tests/original/Biere/bitcell_16_2/pec_bit_cell_arbiter_2_545.dqdimacs,45,61
./benchmark_tests/original/Biere/bitcell_16_2/pec_bit_cell_arbiter_2_545.dqdimacs,46,61
./benchmark_tests/original/Biere/bitcell_16_2/pec_bit_cell_arbiter_2_545.dqdimacs,47,61
./benchmark_tests/original/Biere/bitcell_16_2/pec_bit_cell_arbiter_2_545.dqdimacs,48,61
./benchmark_tests/original/Biere/bitcell_16_2/pec_bit_cell_arbiter_2_545.dqdimacs,49,61
./benchmark_tests/original/Biere/bitcell_16_2/pec_bit_cell_arbiter_2_545.dqdimacs,50,61
./benchmark_tests/original/Biere/bitcell_16_2/pec_bit_cell_arbiter_2_545.dqdimacs,51,62
./benchmark_tests/original/Biere/bitcell_16_2/pec_bit_cell_arbiter_2_545.dqdimacs,52,62
./benchmark_tests/original/Biere/bitcell_16_2/pec_bit_cell_arbiter_2_545.dqdimacs,53,62
./benchmark_tests/original/Biere/bitcell_16_2/pec_bit_cell_arbiter_2_545.dqdimacs,54,60
./benchmark_tests/original/Biere/bitcell_16_2/pec_bit_cell_arbiter_2_545.dqdimacs,55,61
./benchmark_tests/original/Biere/bitcell_16_2/pec_bit_cell_arbiter_2_545.dqdimacs,56,61
./benchmark_tests/original/Biere/bitcell_16_2/pec_bit_cell_arbiter_2_545.dqdimacs,57,61
./benchmark_tests/original/Biere/bitcell_16_2/pec_bit_cell_arbiter_2_545.dqdimacs,58,61
./benchmark_tests/original/Biere/bitcell_16_2/pec_bit_cell_arbiter_2_545.dqdimacs,59,61
./benchmark_tests/original/Biere/bitcell_16_2/pec_bit_cell_arbiter_2_545.dqdimacs,60,61
./benchmark_tests/original/Biere/bitcell_16_2/pec_bit_cell_arbiter_2_545.dqdimacs,61,60
./benchmark_tests/original/Biere/bitcell_16_2/pec_bit_cell_arbiter_2_545.dqdimacs,62,61
./benchmark_tests/original/Biere/bitcell_16_2/pec_bit_cell_arbiter_2_545.dqdimacs,63,61
./benchmark_tests/original/Biere/bitcell_16_2/pec_bit_cell_arbiter_2_545.dqdimacs,64,60
./benchmark_tests/original/Biere/bitcell_16_2/pec_bit_cell_arbiter_2_545.dqdimacs,65,61
./benchmark_tests/original/Biere/bitcell_16_2/pec_bit_cell_arbiter_2_545.dqdimacs,66,60
./benchmark_tests/original/Biere/bitcell_16_2/pec_bit_cell_arbiter_2_545.dqdimacs,67,61
./benchmark_tests/original/Biere/bitcell_16_2/pec_bit_cell_arbiter_2_545.dqdimacs,68,61
./benchmark_tests/original/Biere/bitcell_16_2/pec_bit_cell_arbiter_2_545.dqdimacs,69,60
./benchmark_tests/original/Biere/bitcell_16_2/pec_bit_cell_arbiter_2_545.dqdimacs,70,61
./benchmark_tests/original/Biere/bitcell_16_2/pec_bit_cell_arbiter_2_545.dqdimacs,71,61
./benchmark_tests/original/Biere/bitcell_16_2/pec_bit_cell_arbiter_2_545.dqdimacs,72,60
./benchmark_tests/original/Biere/bitcell_16_2/pec_bit_cell_arbiter_2_545.dqdimacs,73,60
./benchmark_tests/original/Biere/bitcell_16_2/pec_bit_cell_arbiter_2_545.dqdimacs,74,61
./benchmark_tests/original/Biere/bitcell_16_2/pec_bit_cell_arbiter_2_545.dqdimacs,75,61
./benchmark_tests/original/Biere/bitcell_16_2/pec_bit_cell_arbiter_2_545.dqdimacs,76,61
./benchmark_tests/original/Biere/bitcell_16_2/pec_bit_cell_arbiter_2_545.dqdimacs,77,61
./benchmark_tests/original/Biere/bitcell_16_2/pec_bit_cell_arbiter_2_545.dqdimacs,78,61
./benchmark_tests/original/Biere/bitcell_16_2/pec_bit_cell_arbiter_2_545.dqdimacs,79,60
./benchmark_tests/original/Biere/bitcell_16_2/pec_bit_cell_arbiter_2_545.dqdimacs,80,60
./benchmark_tests/original/Biere/bitcell_16_2/pec_bit_cell_arbiter_2_545.dqdimacs,81,60
./benchmark_tests/original/Biere/bitcell_16_2/pec_bit_cell_arbiter_2_545.dqdimacs,82,60
./benchmark_tests/original/Biere/bitcell_16_2/pec_bit_cell_arbiter_2_545.dqdimacs,83,61
./benchmark_tests/original/Biere/bitcell_16_2/pec_bit_cell_arbiter_2_545.dqdimacs,84,60
./benchmark_tests/original/Biere/bitcell_16_2/pec_bit_cell_arbiter_2_545.dqdimacs,85,60
./benchmark_tests/original/Biere/bitcell_16_2/pec_bit_cell_arbiter_2_545.dqdimacs,86,61
./benchmark_tests/original/Biere/bitcell_16_2/pec_bit_cell_arbiter_2_545.dqdimacs,87,61
./benchmark_tests/original/Biere/bitcell_16_2/pec_bit_cell_arbiter_2_545.dqdimacs,88,61
./benchmark_tests/original/Biere/bitcell_16_2/pec_bit_cell_arbiter_2_545.dqdimacs,89,61
./benchmark_tests/original/Biere/bitcell_16_2/pec_bit_cell_arbiter_2_545.dqdimacs,90,61
./benchmark_tests/original/Biere/bitcell_16_2/pec_bit_cell_arbiter_2_545.dqdimacs,91,60
./benchmark_tests/original/Biere/bitcell_16_2/pec_bit_cell_arbiter_2_545.dqdimacs,92,60
./benchmark_tests/original/Biere/bitcell_16_2/pec_bit_cell_arbiter_2_545.dqdimacs,93,61
./benchmark_tests/original/Biere/bitcell_16_2/pec_bit_cell_arbiter_2_545.dqdimacs,94,61
./benchmark_tests/original/Biere/bitcell_16_2/pec_bit_cell_arbiter_2_545.dqdimacs,95,60
./benchmark_tests/original/Biere/bitcell_16_2/pec_bit_cell_arbiter_2_545.dqdimacs,96,61
./benchmark_tests/original/Biere/bitcell_16_2/pec_bit_cell_arbiter_2_545.dqdimacs,97,60
./benchmark_tests/original/Biere/bitcell_16_2/pec_bit_cell_arbiter_2_545.dqdimacs,98,60
./benchmark_tests/original/Biere/bitcell_16_2/pec_bit_cell_arbiter_2_545.dqdimacs,99,61
./benchmark_tests/original/Biere/bitcell_16_2/pec_bit_cell_arbiter_2_545.dqdimacs,100,60
./benchmark_tests/original/Biere/bitcell_16_2/pec_bit_cell_arbiter_2_545.dqdimacs,102,61
./benchmark_tests/original/Biere/bitcell_16_2/pec_bit_cell_arbiter_2_545.dqdimacs,103,61
./benchmark_tests/original/Biere/bitcell_16_2/pec_bit_cell_arbiter_2_545.dqdimacs,104,61
./benchmark_tests/original/Biere/bitcell_16_2/pec_bit_cell_arbiter_2_545.dqdimacs,106,60
./benchmark_tests/original/Biere/bitcell_16_2/pec_bit_cell_arbiter_2_545.dqdimacs,107,60
./benchmark_tests/original/Biere/bitcell_16_2/pec_bit_cell_arbiter_2_545.dqdimacs,108,60
./benchmark_tests/original/Biere/bitcell_16_2/pec_bit_cell_arbiter_2_545.dqdimacs,109,60
./benchmark_tests/original/Biere/bitcell_16_2/pec_bit_cell_arbiter_2_545.dqdimacs,110,61
./benchmark_tests/original/Biere/bitcell_16_2/pec_bit_cell_arbiter_2_545.dqdimacs,111,60
./benchmark_tests/original/Biere/bitcell_16_2/pec_bit_cell_arbiter_2_545.dqdimacs,112,60
./benchmark_tests/original/Biere/bitcell_16_2/pec_bit_cell_arbiter_2_545.dqdimacs,113,61
./benchmark_tests/original/Biere/bitcell_16_2/pec_bit_cell_arbiter_2_545.dqdimacs,114,61
./benchmark_tests/original/Biere/bitcell_16_2/pec_bit_cell_arbiter_2_545.dqdimacs,115,61
./benchmark_tests/original/Biere/bitcell_16_2/pec_bit_cell_arbiter_2_556.dqdimacs,3,193
./benchmark_tests/original/Biere/bitcell_16_2/pec_bit_cell_arbiter_2_556.dqdimacs,5,180
./benchmark_tests/original/Biere/bitcell_16_2/pec_bit_cell_arbiter_2_556.dqdimacs,7,157
./benchmark_tests/original/Biere/bitcell_16_2/pec_bit_cell_arbiter_2_556.dqdimacs,8,158
./benchmark_tests/original/Biere/bitcell_16_2/pec_bit_cell_arbiter_2_556.dqdimacs,9,159
./benchmark_tests/original/Biere/bitcell_16_2/pec_bit_cell_arbiter_2_556.dqdimacs,10,158
./benchmark_tests/original/Biere/bitcell_16_2/pec_bit_cell_arbiter_2_556.dqdimacs,11,159
./benchmark_tests/original/Biere/bitcell_16_2/pec_bit_cell_arbiter_2_556.dqdimacs,12,204
./benchmark_tests/original/Biere/bitcell_16_2/pec_bit_cell_arbiter_2_556.dqdimacs,13,157
./benchmark_tests/original/Biere/bitcell_16_2/pec_bit_cell_arbiter_2_556.dqdimacs,17,148
./benchmark_tests/original/Biere/bitcell_16_2/pec_bit_cell_arbiter_2_556.dqdimacs,18,138
./benchmark_tests/original/Biere/bitcell_16_2/pec_bit_cell_arbiter_2_556.dqdimacs,19,126
./benchmark_tests/original/Biere/bitcell_16_2/pec_bit_cell_arbiter_2_556.dqdimacs,20,117
./benchmark_tests/original/Biere/bitcell_16_2/pec_bit_cell_arbiter_2_556.dqdimacs,21,107
./benchmark_tests/original/Biere/bitcell_16_2/pec_bit_cell_arbiter_2_556.dqdimacs,22,100
./benchmark_tests/original/Biere/bitcell_16_2/pec_bit_cell_arbiter_2_556.dqdimacs,23,94
./benchmark_tests/original/Biere/bitcell_16_2/pec_bit_cell_arbiter_2_556.dqdimacs,24,88
./benchmark_tests/original/Biere/bitcell_16_2/pec_bit_cell_arbiter_2_556.dqdimacs,25,87
./benchmark_tests/original/Biere/bitcell_16_2/pec_bit_cell_arbiter_2_556.dqdimacs,26,87
./benchmark_tests/original/Biere/bitcell_16_2/pec_bit_cell_arbiter_2_556.dqdimacs,27,87
./benchmark_tests/original/Biere/bitcell_16_2/pec_bit_cell_arbiter_2_556.dqdimacs,28,87
./benchmark_tests/original/Biere/bitcell_16_2/pec_bit_cell_arbiter_2_556.dqdimacs,29,87
./benchmark_tests/original/Biere/bitcell_16_2/pec_bit_cell_arbiter_2_556.dqdimacs,30,87
./benchmark_tests/original/Biere/bitcell_16_2/pec_bit_cell_arbiter_2_556.dqdimacs,31,88
./benchmark_tests/original/Biere/bitcell_16_2/pec_bit_cell_arbiter_2_556.dqdimacs,32,87
./benchmark_tests/original/Biere/bitcell_16_2/pec_bit_cell_arbiter_2_556.dqdimacs,33,87
./benchmark_tests/original/Biere/bitcell_16_2/pec_bit_cell_arbiter_2_556.dqdimacs,34,91
./benchmark_tests/original/Biere/bitcell_16_2/pec_bit_cell_arbiter_2_556.dqdimacs,35,86
./benchmark_tests/original/Biere/bitcell_16_2/pec_bit_cell_arbiter_2_556.dqdimacs,36,87
./benchmark_tests/original/Biere/bitcell_16_2/pec_bit_cell_arbiter_2_556.dqdimacs,37,86
./benchmark_tests/original/Biere/bitcell_16_2/pec_bit_cell_arbiter_2_556.dqdimacs,38,87
./benchmark_tests/original/Biere/bitcell_16_2/pec_bit_cell_arbiter_2_556.dqdimacs,40,86
./benchmark_tests/original/Biere/bitcell_16_2/pec_bit_cell_arbiter_2_556.dqdimacs,41,86
./benchmark_tests/original/Biere/bitcell_16_2/pec_bit_cell_arbiter_2_556.dqdimacs,42,86
./benchmark_tests/original/Biere/bitcell_16_2/pec_bit_cell_arbiter_2_556.dqdimacs,43,86
./benchmark_tests/original/Biere/bitcell_16_2/pec_bit_cell_arbiter_2_556.dqdimacs,44,87
./benchmark_tests/original/Biere/bitcell_16_2/pec_bit_cell_arbiter_2_556.dqdimacs,45,87
./benchmark_tests/original/Biere/bitcell_16_2/pec_bit_cell_arbiter_2_556.dqdimacs,47,86
./benchmark_tests/original/Biere/bitcell_16_2/pec_bit_cell_arbiter_2_556.dqdimacs,48,87
./benchmark_tests/original/Biere/bitcell_16_2/pec_bit_cell_arbiter_2_556.dqdimacs,49,86
./benchmark_tests/original/Biere/bitcell_16_2/pec_bit_cell_arbiter_2_556.dqdimacs,50,87
./benchmark_tests/original/Biere/bitcell_16_2/pec_bit_cell_arbiter_2_556.dqdimacs,51,87
./benchmark_tests/original/Biere/bitcell_16_2/pec_bit_cell_arbiter_2_556.dqdimacs,52,86
./benchmark_tests/original/Biere/bitcell_16_2/pec_bit_cell_arbiter_2_556.dqdimacs,53,86
./benchmark_tests/original/Biere/bitcell_16_2/pec_bit_cell_arbiter_2_556.dqdimacs,55,86
./benchmark_tests/original/Biere/bitcell_16_2/pec_bit_cell_arbiter_2_556.dqdimacs,56,87
./benchmark_tests/original/Biere/bitcell_16_2/pec_bit_cell_arbiter_2_556.dqdimacs,57,86
./benchmark_tests/original/Biere/bitcell_16_2/pec_bit_cell_arbiter_2_556.dqdimacs,58,87
./benchmark_tests/original/Biere/bitcell_16_2/pec_bit_cell_arbiter_2_556.dqdimacs,59,87
./benchmark_tests/original/Biere/bitcell_16_2/pec_bit_cell_arbiter_2_556.dqdimacs,60,87
./benchmark_tests/original/Biere/bitcell_16_2/pec_bit_cell_arbiter_2_556.dqdimacs,61,87
./benchmark_tests/original/Biere/bitcell_16_2/pec_bit_cell_arbiter_2_556.dqdimacs,63,86
./benchmark_tests/original/Biere/bitcell_16_2/pec_bit_cell_arbiter_2_556.dqdimacs,64,87
./benchmark_tests/original/Biere/bitcell_16_2/pec_bit_cell_arbiter_2_556.dqdimacs,65,86
./benchmark_tests/original/Biere/bitcell_16_2/pec_bit_cell_arbiter_2_556.dqdimacs,66,87
./benchmark_tests/original/Biere/bitcell_16_2/pec_bit_cell_arbiter_2_556.dqdimacs,67,87
./benchmark_tests/original/Biere/bitcell_16_2/pec_bit_cell_arbiter_2_556.dqdimacs,68,87
./benchmark_tests/original/Biere/bitcell_16_2/pec_bit_cell_arbiter_2_556.dqdimacs,69,88
./benchmark_tests/original/Biere/bitcell_16_2/pec_bit_cell_arbiter_2_556.dqdimacs,71,87
./benchmark_tests/original/Biere/bitcell_16_2/pec_bit_cell_arbiter_2_556.dqdimacs,72,87
./benchmark_tests/original/Biere/bitcell_16_2/pec_bit_cell_arbiter_2_556.dqdimacs,73,86
./benchmark_tests/original/Biere/bitcell_16_2/pec_bit_cell_arbiter_2_556.dqdimacs,74,87
./benchmark_tests/original/Biere/bitcell_16_2/pec_bit_cell_arbiter_2_556.dqdimacs,75,87
./benchmark_tests/original/Biere/bitcell_16_2/pec_bit_cell_arbiter_2_556.dqdimacs,76,87
./benchmark_tests/original/Biere/bitcell_16_2/pec_bit_cell_arbiter_2_556.dqdimacs,77,87
./benchmark_tests/original/Biere/bitcell_16_2/pec_bit_cell_arbiter_2_556.dqdimacs,79,86
./benchmark_tests/original/Biere/bitcell_16_2/pec_bit_cell_arbiter_2_556.dqdimacs,80,86
./benchmark_tests/original/Biere/bitcell_16_2/pec_bit_cell_arbiter_2_556.dqdimacs,81,87
./benchmark_tests/original/Biere/bitcell_16_2/pec_bit_cell_arbiter_2_556.dqdimacs,82,87
./benchmark_tests/original/Biere/bitcell_16_2/pec_bit_cell_arbiter_2_556.dqdimacs,83,87
./benchmark_tests/original/Biere/bitcell_16_2/pec_bit_cell_arbiter_2_556.dqdimacs,84,88
./benchmark_tests/original/Biere/bitcell_16_2/pec_bit_cell_arbiter_2_556.dqdimacs,85,88
./benchmark_tests/original/Biere/bitcell_16_2/pec_bit_cell_arbiter_2_556.dqdimacs,87,87
./benchmark_tests/original/Biere/bitcell_16_2/pec_bit_cell_arbiter_2_556.dqdimacs,88,87
./benchmark_tests/original/Biere/bitcell_16_2/pec_bit_cell_arbiter_2_556.dqdimacs,89,87
./benchmark_tests/original/Biere/bitcell_16_2/pec_bit_cell_arbiter_2_556.dqdimacs,90,88
./benchmark_tests/original/Biere/bitcell_16_2/pec_bit_cell_arbiter_2_556.dqdimacs,91,88
./benchmark_tests/original/Biere/bitcell_16_2/pec_bit_cell_arbiter_2_556.dqdimacs,92,88
./benchmark_tests/original/Biere/bitcell_16_2/pec_bit_cell_arbiter_2_556.dqdimacs,93,87
./benchmark_tests/original/Biere/bitcell_16_2/pec_bit_cell_arbiter_2_556.dqdimacs,95,87
./benchmark_tests/original/Biere/bitcell_16_2/pec_bit_cell_arbiter_2_556.dqdimacs,96,87
./benchmark_tests/original/Biere/bitcell_16_2/pec_bit_cell_arbiter_2_556.dqdimacs,97,87
./benchmark_tests/original/Biere/bitcell_16_2/pec_bit_cell_arbiter_2_556.dqdimacs,98,87
./benchmark_tests/original/Biere/bitcell_16_2/pec_bit_cell_arbiter_2_556.dqdimacs,99,87
./benchmark_tests/original/Biere/bitcell_16_2/pec_bit_cell_arbiter_2_556.dqdimacs,100,87
./benchmark_tests/original/Biere/bitcell_16_2/pec_bit_cell_arbiter_2_556.dqdimacs,101,87
./benchmark_tests/original/Biere/bitcell_16_2/pec_bit_cell_arbiter_2_556.dqdimacs,103,86
./benchmark_tests/original/Biere/bitcell_16_2/pec_bit_cell_arbiter_2_556.dqdimacs,104,87
./benchmark_tests/original/Biere/bitcell_16_2/pec_bit_cell_arbiter_2_556.dqdimacs,105,87
./benchmark_tests/original/Biere/bitcell_16_2/pec_bit_cell_arbiter_2_556.dqdimacs,106,87
./benchmark_tests/original/Biere/bitcell_16_2/pec_bit_cell_arbiter_2_556.dqdimacs,107,87
./benchmark_tests/original/Biere/bitcell_16_2/pec_bit_cell_arbiter_2_556.dqdimacs,108,87
./benchmark_tests/original/Biere/bitcell_16_2/pec_bit_cell_arbiter_2_556.dqdimacs,109,87
./benchmark_tests/original/Biere/bitcell_16_2/pec_bit_cell_arbiter_2_556.dqdimacs,111,86
./benchmark_tests/original/Biere/bitcell_16_2/pec_bit_cell_arbiter_2_556.dqdimacs,112,87
./benchmark_tests/original/Biere/bitcell_16_2/pec_bit_cell_arbiter_2_556.dqdimacs,113,87
./benchmark_tests/original/Biere/bitcell_16_2/pec_bit_cell_arbiter_2_556.dqdimacs,114,87
./benchmark_tests/original/Biere/bitcell_16_2/pec_bit_cell_arbiter_2_556.dqdimacs,115,87
./benchmark_tests/original/Biere/bitcell_16_2/pec_bit_cell_arbiter_2_556.dqdimacs,116,87
./benchmark_tests/original/Biere/bitcell_16_2/pec_bit_cell_arbiter_2_556.dqdimacs,117,87
./benchmark_tests/original/Biere/bitcell_16_2/pec_bit_cell_arbiter_2_556.dqdimacs,119,86
./benchmark_tests/original/Biere/bitcell_16_2/pec_bit_cell_arbiter_2_556.dqdimacs,120,87
./benchmark_tests/original/Biere/bitcell_16_2/pec_bit_cell_arbiter_2_556.dqdimacs,121,87
./benchmark_tests/original/Biere/bitcell_16_2/pec_bit_cell_arbiter_2_556.dqdimacs,122,87
./benchmark_tests/original/Biere/bitcell_16_2/pec_bit_cell_arbiter_2_556.dqdimacs,123,87
./benchmark_tests/original/Biere/bitcell_16_2/pec_bit_cell_arbiter_2_556.dqdimacs,124,87
./benchmark_tests/original/Biere/bitcell_16_2/pec_bit_cell_arbiter_2_556.dqdimacs,125,87
./benchmark_tests/original/Biere/bitcell_16_2/pec_bit_cell_arbiter_2_556.dqdimacs,127,86
./benchmark_tests/original/Biere/bitcell_16_2/pec_bit_cell_arbiter_2_556.dqdimacs,128,87
./benchmark_tests/original/Biere/bitcell_16_2/pec_bit_cell_arbiter_2_556.dqdimacs,129,87
./benchmark_tests/original/Biere/bitcell_16_2/pec_bit_cell_arbiter_2_556.dqdimacs,130,87
./benchmark_tests/original/Biere/bitcell_16_2/pec_bit_cell_arbiter_2_556.dqdimacs,131,87
./benchmark_tests/original/Biere/bitcell_16_2/pec_bit_cell_arbiter_2_556.dqdimacs,132,87
./benchmark_tests/original/Biere/bitcell_16_2/pec_bit_cell_arbiter_2_556.dqdimacs,133,87
./benchmark_tests/original/Biere/bitcell_16_2/pec_bit_cell_arbiter_2_556.dqdimacs,134,86
./benchmark_tests/original/Biere/bitcell_16_2/pec_bit_cell_arbiter_2_556.dqdimacs,135,87
./benchmark_tests/original/Biere/bitcell_16_2/pec_bit_cell_arbiter_2_556.dqdimacs,136,87
./benchmark_tests/original/Biere/bitcell_16_2/pec_bit_cell_arbiter_2_556.dqdimacs,137,87
./benchmark_tests/original/Biere/bitcell_16_2/pec_bit_cell_arbiter_2_556.dqdimacs,138,87
./benchmark_tests/original/Biere/bitcell_16_2/pec_bit_cell_arbiter_2_556.dqdimacs,139,87
./benchmark_tests/original/Biere/bitcell_16_2/pec_bit_cell_arbiter_2_567.dqdimacs,3,218
./benchmark_tests/original/Biere/bitcell_16_2/pec_bit_cell_arbiter_2_567.dqdimacs,5,208
./benchmark_tests/original/Biere/bitcell_16_2/pec_bit_cell_arbiter_2_567.dqdimacs,7,188
./benchmark_tests/original/Biere/bitcell_16_2/pec_bit_cell_arbiter_2_567.dqdimacs,9,187
./benchmark_tests/original/Biere/bitcell_16_2/pec_bit_cell_arbiter_2_567.dqdimacs,11,186
./benchmark_tests/original/Biere/bitcell_16_2/pec_bit_cell_arbiter_2_567.dqdimacs,13,187
./benchmark_tests/original/Biere/bitcell_16_2/pec_bit_cell_arbiter_2_567.dqdimacs,14,188
./benchmark_tests/original/Biere/bitcell_16_2/pec_bit_cell_arbiter_2_567.dqdimacs,15,185
./benchmark_tests/original/Biere/bitcell_16_2/pec_bit_cell_arbiter_2_567.dqdimacs,16,172
./benchmark_tests/original/Biere/bitcell_16_2/pec_bit_cell_arbiter_2_567.dqdimacs,17,157
./benchmark_tests/original/Biere/bitcell_16_2/pec_bit_cell_arbiter_2_567.dqdimacs,18,143
./benchmark_tests/original/Biere/bitcell_16_2/pec_bit_cell_arbiter_2_567.dqdimacs,19,129
./benchmark_tests/original/Biere/bitcell_16_2/pec_bit_cell_arbiter_2_567.dqdimacs,20,124
./benchmark_tests/original/Biere/bitcell_16_2/pec_bit_cell_arbiter_2_567.dqdimacs,21,145
./benchmark_tests/original/Biere/bitcell_16_2/pec_bit_cell_arbiter_2_567.dqdimacs,22,114
./benchmark_tests/original/Biere/bitcell_16_2/pec_bit_cell_arbiter_2_567.dqdimacs,25,114
./benchmark_tests/original/Biere/bitcell_16_2/pec_bit_cell_arbiter_2_567.dqdimacs,27,114
./benchmark_tests/original/Biere/bitcell_16_2/pec_bit_cell_arbiter_2_567.dqdimacs,29,114
./benchmark_tests/original/Biere/bitcell_16_2/pec_bit_cell_arbiter_2_567.dqdimacs,30,114
./benchmark_tests/original/Biere/bitcell_16_2/pec_bit_cell_arbiter_2_567.dqdimacs,31,114
./benchmark_tests/original/Biere/bitcell_16_2/pec_bit_cell_arbiter_2_567.dqdimacs,32,114
./benchmark_tests/original/Biere/bitcell_16_2/pec_bit_cell_arbiter_2_567.dqdimacs,33,114
./benchmark_tests/original/Biere/bitcell_16_2/pec_bit_cell_arbiter_2_567.dqdimacs,34,114
./benchmark_tests/original/Biere/bitcell_16_2/pec_bit_cell_arbiter_2_567.dqdimacs,35,115
./benchmark_tests/original/Biere/bitcell_16_2/pec_bit_cell_arbiter_2_567.dqdimacs,36,115
./benchmark_tests/original/Biere/bitcell_16_2/pec_bit_cell_arbiter_2_567.dqdimacs,37,114
./benchmark_tests/original/Biere/bitcell_16_2/pec_bit_cell_arbiter_2_567.dqdimacs,38,114
./benchmark_tests/original/Biere/bitcell_16_2/pec_bit_cell_arbiter_2_567.dqdimacs,39,114
./benchmark_tests/original/Biere/bitcell_16_2/pec_bit_cell_arbiter_2_567.dqdimacs,40,114
./benchmark_tests/original/Biere/bitcell_16_2/pec_bit_cell_arbiter_2_567.dqdimacs,41,114
./benchmark_tests/original/Biere/bitcell_16_2/pec_bit_cell_arbiter_2_567.dqdimacs,42,114
./benchmark_tests/original/Biere/bitcell_16_2/pec_bit_cell_arbiter_2_567.dqdimacs,43,114
./benchmark_tests/original/Biere/bitcell_16_2/pec_bit_cell_arbiter_2_567.dqdimacs,44,114
./benchmark_tests/original/Biere/bitcell_16_2/pec_bit_cell_arbiter_2_567.dqdimacs,45,114
./benchmark_tests/original/Biere/bitcell_16_2/pec_bit_cell_arbiter_2_567.dqdimacs,46,113
./benchmark_tests/original/Biere/bitcell_16_2/pec_bit_cell_arbiter_2_567.dqdimacs,47,114
./benchmark_tests/original/Biere/bitcell_16_2/pec_bit_cell_arbiter_2_567.dqdimacs,48,113
./benchmark_tests/original/Biere/bitcell_16_2/pec_bit_cell_arbiter_2_567.dqdimacs,49,113
./benchmark_tests/original/Biere/bitcell_16_2/pec_bit_cell_arbiter_2_567.dqdimacs,50,113
./benchmark_tests/original/Biere/bitcell_16_2/pec_bit_cell_arbiter_2_567.dqdimacs,51,114
./benchmark_tests/original/Biere/bitcell_16_2/pec_bit_cell_arbiter_2_567.dqdimacs,52,114
./benchmark_tests/original/Biere/bitcell_16_2/pec_bit_cell_arbiter_2_567.dqdimacs,53,114
./benchmark_tests/original/Biere/bitcell_16_2/pec_bit_cell_arbiter_2_567.dqdimacs,55,114
./benchmark_tests/original/Biere/bitcell_16_2/pec_bit_cell_arbiter_2_567.dqdimacs,56,113
./benchmark_tests/original/Biere/bitcell_16_2/pec_bit_cell_arbiter_2_567.dqdimacs,57,135
./benchmark_tests/original/Biere/bitcell_16_2/pec_bit_cell_arbiter_2_567.dqdimacs,58,222
./benchmark_tests/original/Biere/bitcell_16_2/pec_bit_cell_arbiter_2_567.dqdimacs,59,210
./benchmark_tests/original/Biere/bitcell_16_2/pec_bit_cell_arbiter_2_567.dqdimacs,60,209
./benchmark_tests/original/Biere/bitcell_16_2/pec_bit_cell_arbiter_2_567.dqdimacs,61,210
./benchmark_tests/original/Biere/bitcell_16_2/pec_bit_cell_arbiter_2_567.dqdimacs,62,210
./benchmark_tests/original/Biere/bitcell_16_2/pec_bit_cell_arbiter_2_567.dqdimacs,63,211
./benchmark_tests/original/Biere/bitcell_16_2/pec_bit_cell_arbiter_2_567.dqdimacs,64,210
./benchmark_tests/original/Biere/bitcell_16_2/pec_bit_cell_arbiter_2_567.dqdimacs,65,201
./benchmark_tests/original/Biere/bitcell_16_2/pec_bit_cell_arbiter_2_567.dqdimacs,66,182
./benchmark_tests/original/Biere/bitcell_16_2/pec_bit_cell_arbiter_2_567.dqdimacs,67,163
./benchmark_tests/original/Biere/bitcell_16_2/pec_bit_cell_arbiter_2_567.dqdimacs,68,146
./benchmark_tests/original/Biere/bitcell_16_2/pec_bit_cell_arbiter_2_567.dqdimacs,69,132
./benchmark_tests/original/Biere/bitcell_16_2/pec_bit_cell_arbiter_2_567.dqdimacs,70,120
./benchmark_tests/original/Biere/bitcell_16_2/pec_bit_cell_arbiter_2_567.dqdimacs,71,113
./benchmark_tests/original/Biere/bitcell_16_2/pec_bit_cell_arbiter_2_567.dqdimacs,72,114
./benchmark_tests/original/Biere/bitcell_16_2/pec_bit_cell_arbiter_2_567.dqdimacs,73,114
./benchmark_tests/original/Biere/bitcell_16_2/pec_bit_cell_arbiter_2_567.dqdimacs,74,113
./benchmark_tests/original/Biere/bitcell_16_2/pec_bit_cell_arbiter_2_567.dqdimacs,76,114
./benchmark_tests/original/Biere/bitcell_16_2/pec_bit_cell_arbiter_2_567.dqdimacs,77,114
./benchmark_tests/original/Biere/bitcell_16_2/pec_bit_cell_arbiter_2_567.dqdimacs,78,113
./benchmark_tests/original/Biere/bitcell_16_2/pec_bit_cell_arbiter_2_567.dqdimacs,79,116
./benchmark_tests/original/Biere/bitcell_16_2/pec_bit_cell_arbiter_2_567.dqdimacs,81,114
./benchmark_tests/original/Biere/bitcell_16_2/pec_bit_cell_arbiter_2_567.dqdimacs,82,114
./benchmark_tests/original/Biere/bitcell_16_2/pec_bit_cell_arbiter_2_567.dqdimacs,83,114
./benchmark_tests/original/Biere/bitcell_16_2/pec_bit_cell_arbiter_2_567.dqdimacs,84,113
./benchmark_tests/original/Biere/bitcell_16_2/pec_bit_cell_arbiter_2_567.dqdimacs,85,114
./benchmark_tests/original/Biere/bitcell_16_2/pec_bit_cell_arbiter_2_567.dqdimacs,86,114
./benchmark_tests/original/Biere/bitcell_16_2/pec_bit_cell_arbiter_2_567.dqdimacs,87,114
./benchmark_tests/original/Biere/bitcell_16_2/pec_bit_cell_arbiter_2_567.dqdimacs,89,113
./benchmark_tests/original/Biere/bitcell_16_2/pec_bit_cell_arbiter_2_567.dqdimacs,90,114
./benchmark_tests/original/Biere/bitcell_16_2/pec_bit_cell_arbiter_2_567.dqdimacs,91,113
./benchmark_tests/original/Biere/bitcell_16_2/pec_bit_cell_arbiter_2_567.dqdimacs,92,114
./benchmark_tests/original/Biere/bitcell_16_2/pec_bit_cell_arbiter_2_567.dqdimacs,93,114
./benchmark_tests/original/Biere/bitcell_16_2/pec_bit_cell_arbiter_2_567.dqdimacs,94,114
./benchmark_tests/original/Biere/bitcell_16_2/pec_bit_cell_arbiter_2_567.dqdimacs,95,114
./benchmark_tests/original/Biere/bitcell_16_2/pec_bit_cell_arbiter_2_567.dqdimacs,97,113
./benchmark_tests/original/Biere/bitcell_16_2/pec_bit_cell_arbiter_2_567.dqdimacs,98,114
./benchmark_tests/original/Biere/bitcell_16_2/pec_bit_cell_arbiter_2_567.dqdimacs,99,113
./benchmark_tests/original/Biere/bitcell_16_2/pec_bit_cell_arbiter_2_567.dqdimacs,100,114
./benchmark_tests/original/Biere/bitcell_16_2/pec_bit_cell_arbiter_2_567.dqdimacs,101,114
./benchmark_tests/original/Biere/bitcell_16_2/pec_bit_cell_arbiter_2_567.dqdimacs,102,114
./benchmark_tests/original/Biere/bitcell_16_2/pec_bit_cell_arbiter_2_567.dqdimacs,103,114
./benchmark_tests/original/Biere/bitcell_16_2/pec_bit_cell_arbiter_2_567.dqdimacs,105,114
./benchmark_tests/original/Biere/bitcell_16_2/pec_bit_cell_arbiter_2_567.dqdimacs,106,114
./benchmark_tests/original/Biere/bitcell_16_2/pec_bit_cell_arbiter_2_567.dqdimacs,107,114
./benchmark_tests/original/Biere/bitcell_16_2/pec_bit_cell_arbiter_2_567.dqdimacs,108,114
./benchmark_tests/original/Biere/bitcell_16_2/pec_bit_cell_arbiter_2_567.dqdimacs,109,114
./benchmark_tests/original/Biere/bitcell_16_2/pec_bit_cell_arbiter_2_567.dqdimacs,110,114
./benchmark_tests/original/Biere/bitcell_16_2/pec_bit_cell_arbiter_2_567.dqdimacs,111,115
./benchmark_tests/original/Biere/bitcell_16_2/pec_bit_cell_arbiter_2_567.dqdimacs,113,114
./benchmark_tests/original/Biere/bitcell_16_2/pec_bit_cell_arbiter_2_567.dqdimacs,114,114
./benchmark_tests/original/Biere/bitcell_16_2/pec_bit_cell_arbiter_2_567.dqdimacs,115,114
./benchmark_tests/original/Biere/bitcell_16_2/pec_bit_cell_arbiter_2_567.dqdimacs,116,115
./benchmark_tests/original/Biere/bitcell_16_2/pec_bit_cell_arbiter_2_567.dqdimacs,117,115
./benchmark_tests/original/Biere/bitcell_16_2/pec_bit_cell_arbiter_2_567.dqdimacs,118,116
./benchmark_tests/original/Biere/bitcell_16_2/pec_bit_cell_arbiter_2_567.dqdimacs,119,116
./benchmark_tests/original/Biere/bitcell_16_2/pec_bit_cell_arbiter_2_567.dqdimacs,120,116
./benchmark_tests/original/Biere/bitcell_16_2/pec_bit_cell_arbiter_2_567.dqdimacs,122,115
./benchmark_tests/original/Biere/bitcell_16_2/pec_bit_cell_arbiter_2_567.dqdimacs,123,116
./benchmark_tests/original/Biere/bitcell_16_2/pec_bit_cell_arbiter_2_567.dqdimacs,124,115
./benchmark_tests/original/Biere/bitcell_16_2/pec_bit_cell_arbiter_2_567.dqdimacs,125,115
./benchmark_tests/original/Biere/bitcell_16_2/pec_bit_cell_arbiter_2_567.dqdimacs,126,115
./benchmark_tests/original/Biere/bitcell_16_2/pec_bit_cell_arbiter_2_567.dqdimacs,127,116
./benchmark_tests/original/Biere/bitcell_16_2/pec_bit_cell_arbiter_2_567.dqdimacs,128,116
./benchmark_tests/original/Biere/bitcell_16_2/pec_bit_cell_arbiter_2_567.dqdimacs,129,115
./benchmark_tests/original/Biere/bitcell_16_2/pec_bit_cell_arbiter_2_567.dqdimacs,130,115
./benchmark_tests/original/Biere/bitcell_16_2/pec_bit_cell_arbiter_2_567.dqdimacs,131,115
./benchmark_tests/original/Biere/bitcell_16_2/pec_bit_cell_arbiter_2_567.dqdimacs,132,116
./benchmark_tests/original/Biere/bitcell_16_2/pec_bit_cell_arbiter_2_567.dqdimacs,133,116
./benchmark_tests/original/Biere/bitcell_16_2/pec_bit_cell_arbiter_2_567.dqdimacs,134,115
./benchmark_tests/original/Biere/bitcell_16_2/pec_bit_cell_arbiter_2_577.dqdimacs,3,88
./benchmark_tests/original/Biere/bitcell_16_2/pec_bit_cell_arbiter_2_577.dqdimacs,5,77
./benchmark_tests/original/Biere/bitcell_16_2/pec_bit_cell_arbiter_2_577.dqdimacs,6,56
./benchmark_tests/original/Biere/bitcell_16_2/pec_bit_cell_arbiter_2_577.dqdimacs,7,57
./benchmark_tests/original/Biere/bitcell_16_2/pec_bit_cell_arbiter_2_577.dqdimacs,8,56
./benchmark_tests/original/Biere/bitcell_16_2/pec_bit_cell_arbiter_2_577.dqdimacs,9,103
./benchmark_tests/original/Biere/bitcell_16_2/pec_bit_cell_arbiter_2_577.dqdimacs,10,57
./benchmark_tests/original/Biere/bitcell_16_2/pec_bit_cell_arbiter_2_577.dqdimacs,13,56
./benchmark_tests/original/Biere/bitcell_16_2/pec_bit_cell_arbiter_2_577.dqdimacs,15,55
./benchmark_tests/original/Biere/bitcell_16_2/pec_bit_cell_arbiter_2_577.dqdimacs,17,56
./benchmark_tests/original/Biere/bitcell_16_2/pec_bit_cell_arbiter_2_577.dqdimacs,19,56
./benchmark_tests/original/Biere/bitcell_16_2/pec_bit_cell_arbiter_2_577.dqdimacs,21,56
./benchmark_tests/original/Biere/bitcell_16_2/pec_bit_cell_arbiter_2_577.dqdimacs,23,56
./benchmark_tests/original/Biere/bitcell_16_2/pec_bit_cell_arbiter_2_577.dqdimacs,24,57
./benchmark_tests/original/Biere/bitcell_16_2/pec_bit_cell_arbiter_2_577.dqdimacs,25,57
./benchmark_tests/original/Biere/bitcell_16_2/pec_bit_cell_arbiter_2_577.dqdimacs,26,57
./benchmark_tests/original/Biere/bitcell_16_2/pec_bit_cell_arbiter_2_577.dqdimacs,27,57
./benchmark_tests/original/Biere/bitcell_16_2/pec_bit_cell_arbiter_2_577.dqdimacs,28,57
./benchmark_tests/original/Biere/bitcell_16_2/pec_bit_cell_arbiter_2_577.dqdimacs,29,57
./benchmark_tests/original/Biere/bitcell_16_2/pec_bit_cell_arbiter_2_577.dqdimacs,30,57
./benchmark_tests/original/Biere/bitcell_16_2/pec_bit_cell_arbiter_2_577.dqdimacs,31,57
./benchmark_tests/original/Biere/bitcell_16_2/pec_bit_cell_arbiter_2_577.dqdimacs,32,58
./benchmark_tests/original/Biere/bitcell_16_2/pec_bit_cell_arbiter_2_577.dqdimacs,33,57
./benchmark_tests/original/Biere/bitcell_16_2/pec_bit_cell_arbiter_2_577.dqdimacs,34,57
./benchmark_tests/original/Biere/bitcell_16_2/pec_bit_cell_arbiter_2_577.dqdimacs,35,56
./benchmark_tests/original/Biere/bitcell_16_2/pec_bit_cell_arbiter_2_577.dqdimacs,36,56
./benchmark_tests/original/Biere/bitcell_16_2/pec_bit_cell_arbiter_2_577.dqdimacs,37,53
./benchmark_tests/original/Biere/bitcell_16_2/pec_bit_cell_arbiter_2_577.dqdimacs,38,52
./benchmark_tests/original/Biere/bitcell_16_2/pec_bit_cell_arbiter_2_577.dqdimacs,39,51
./benchmark_tests/original/Biere/bitcell_16_2/pec_bit_cell_arbiter_2_577.dqdimacs,40,57
./benchmark_tests/original/Biere/bitcell_16_2/pec_bit_cell_arbiter_2_577.dqdimacs,41,48
./benchmark_tests/original/Biere/bitcell_16_2/pec_bit_cell_arbiter_2_577.dqdimacs,42,46
./benchmark_tests/original/Biere/bitcell_16_2/pec_bit_cell_arbiter_2_577.dqdimacs,43,45
./benchmark_tests/original/Biere/bitcell_16_2/pec_bit_cell_arbiter_2_577.dqdimacs,44,45
./benchmark_tests/original/Biere/bitcell_16_2/pec_bit_cell_arbiter_2_577.dqdimacs,45,42
./benchmark_tests/original/Biere/bitcell_16_2/pec_bit_cell_arbiter_2_577.dqdimacs,46,41
./benchmark_tests/original/Biere/bitcell_16_2/pec_bit_cell_arbiter_2_577.dqdimacs,47,40
./benchmark_tests/original/Biere/bitcell_16_2/pec_bit_cell_arbiter_2_577.dqdimacs,48,38
./benchmark_tests/original/Biere/bitcell_16_2/pec_bit_cell_arbiter_2_577.dqdimacs,49,37
./benchmark_tests/original/Biere/bitcell_16_2/pec_bit_cell_arbiter_2_577.dqdimacs,50,37
./benchmark_tests/original/Biere/bitcell_16_2/pec_bit_cell_arbiter_2_577.dqdimacs,51,36
./benchmark_tests/original/Biere/bitcell_16_2/pec_bit_cell_arbiter_2_577.dqdimacs,52,36
./benchmark_tests/original/Biere/bitcell_16_2/pec_bit_cell_arbiter_2_577.dqdimacs,53,35
./benchmark_tests/original/Biere/bitcell_16_2/pec_bit_cell_arbiter_2_577.dqdimacs,54,34
./benchmark_tests/original/Biere/bitcell_16_2/pec_bit_cell_arbiter_2_577.dqdimacs,55,33
./benchmark_tests/original/Biere/bitcell_16_2/pec_bit_cell_arbiter_2_577.dqdimacs,56,33
./benchmark_tests/original/Biere/bitcell_16_2/pec_bit_cell_arbiter_2_577.dqdimacs,57,32
./benchmark_tests/original/Biere/bitcell_16_2/pec_bit_cell_arbiter_2_577.dqdimacs,59,32
./benchmark_tests/original/Biere/bitcell_16_2/pec_bit_cell_arbiter_2_577.dqdimacs,60,33
./benchmark_tests/original/Biere/bitcell_16_2/pec_bit_cell_arbiter_2_577.dqdimacs,61,33
./benchmark_tests/original/Biere/bitcell_16_2/pec_bit_cell_arbiter_2_577.dqdimacs,63,32
./benchmark_tests/original/Biere/bitcell_16_2/pec_bit_cell_arbiter_2_577.dqdimacs,64,32
./benchmark_tests/original/Biere/bitcell_16_2/pec_bit_cell_arbiter_2_577.dqdimacs,65,32
./benchmark_tests/original/Biere/bitcell_16_2/pec_bit_cell_arbiter_2_577.dqdimacs,66,32
./benchmark_tests/original/Biere/bitcell_16_2/pec_bit_cell_arbiter_2_577.dqdimacs,67,33
./benchmark_tests/original/Biere/bitcell_16_2/pec_bit_cell_arbiter_2_577.dqdimacs,69,33
./benchmark_tests/original/Biere/bitcell_16_2/pec_bit_cell_arbiter_2_577.dqdimacs,70,32
./benchmark_tests/original/Biere/bitcell_16_2/pec_bit_cell_arbiter_2_577.dqdimacs,71,33
./benchmark_tests/original/Biere/bitcell_16_2/pec_bit_cell_arbiter_2_577.dqdimacs,72,33
./benchmark_tests/original/Biere/bitcell_16_2/pec_bit_cell_arbiter_2_577.dqdimacs,73,33
./benchmark_tests/original/Biere/bitcell_16_2/pec_bit_cell_arbiter_2_577.dqdimacs,74,33
./benchmark_tests/original/Biere/bitcell_16_2/pec_bit_cell_arbiter_2_577.dqdimacs,75,33
./benchmark_tests/original/Biere/bitcell_16_2/pec_bit_cell_arbiter_2_577.dqdimacs,77,33
./benchmark_tests/original/Biere/bitcell_16_2/pec_bit_cell_arbiter_2_577.dqdimacs,78,33
./benchmark_tests/original/Biere/bitcell_16_2/pec_bit_cell_arbiter_2_577.dqdimacs,79,33
./benchmark_tests/original/Biere/bitcell_16_2/pec_bit_cell_arbiter_2_577.dqdimacs,80,32
./benchmark_tests/original/Biere/bitcell_16_2/pec_bit_cell_arbiter_2_577.dqdimacs,81,33
./benchmark_tests/original/Biere/bitcell_16_2/pec_bit_cell_arbiter_2_577.dqdimacs,83,32
./benchmark_tests/original/Biere/bitcell_16_2/pec_bit_cell_arbiter_2_577.dqdimacs,84,33
./benchmark_tests/original/Biere/bitcell_16_2/pec_bit_cell_arbiter_2_577.dqdimacs,85,33
./benchmark_tests/original/Biere/bitcell_16_2/pec_bit_cell_arbiter_2_577.dqdimacs,86,33
./benchmark_tests/original/Biere/bitcell_16_2/pec_bit_cell_arbiter_2_577.dqdimacs,87,33
./benchmark_tests/original/Biere/bitcell_16_2/pec_bit_cell_arbiter_2_577.dqdimacs,89,32
./benchmark_tests/original/Biere/bitcell_16_2/pec_bit_cell_arbiter_2_577.dqdimacs,90,33
./benchmark_tests/original/Biere/bitcell_16_2/pec_bit_cell_arbiter_2_577.dqdimacs,91,32
./benchmark_tests/original/Biere/bitcell_16_2/pec_bit_cell_arbiter_2_577.dqdimacs,92,32
./benchmark_tests/original/Biere/bitcell_16_2/pec_bit_cell_arbiter_2_577.dqdimacs,93,33
./benchmark_tests/original/Biere/bitcell_16_2/pec_bit_cell_arbiter_2_577.dqdimacs,95,32
./benchmark_tests/original/Biere/bitcell_16_2/pec_bit_cell_arbiter_2_577.dqdimacs,96,32
./benchmark_tests/original/Biere/bitcell_16_2/pec_bit_cell_arbiter_2_577.dqdimacs,97,32
./benchmark_tests/original/Biere/bitcell_16_2/pec_bit_cell_arbiter_2_577.dqdimacs,98,32
./benchmark_tests/original/Biere/bitcell_16_2/pec_bit_cell_arbiter_2_577.dqdimacs,99,33
./benchmark_tests/original/Biere/bitcell_16_2/pec_bit_cell_arbiter_2_577.dqdimacs,101,32
./benchmark_tests/original/Biere/bitcell_16_2/pec_bit_cell_arbiter_2_577.dqdimacs,102,32
./benchmark_tests/original/Biere/bitcell_16_2/pec_bit_cell_arbiter_2_577.dqdimacs,103,33
./benchmark_tests/original/Biere/bitcell_16_2/pec_bit_cell_arbiter_2_577.dqdimacs,104,32
./benchmark_tests/original/Biere/bitcell_16_2/pec_bit_cell_arbiter_2_577.dqdimacs,105,32
./benchmark_tests/original/Biere/bitcell_16_2/pec_bit_cell_arbiter_2_577.dqdimacs,107,31
./benchmark_tests/original/Biere/bitcell_16_2/pec_bit_cell_arbiter_2_577.dqdimacs,108,32
./benchmark_tests/original/Biere/bitcell_16_2/pec_bit_cell_arbiter_2_577.dqdimacs,109,32
./benchmark_tests/original/Biere/bitcell_16_2/pec_bit_cell_arbiter_2_577.dqdimacs,110,32
./benchmark_tests/original/Biere/bitcell_16_2/pec_bit_cell_arbiter_2_577.dqdimacs,111,32
./benchmark_tests/original/Biere/bitcell_16_2/pec_bit_cell_arbiter_2_577.dqdimacs,112,31
./benchmark_tests/original/Biere/bitcell_16_2/pec_bit_cell_arbiter_2_577.dqdimacs,113,32
./benchmark_tests/original/Biere/bitcell_16_2/pec_bit_cell_arbiter_2_577.dqdimacs,114,32
./benchmark_tests/original/Biere/bitcell_16_2/pec_bit_cell_arbiter_2_577.dqdimacs,115,32
./benchmark_tests/original/Biere/bitcell_16_2/pec_bit_cell_arbiter_2_577.dqdimacs,116,32
./benchmark_tests/original/Biere/bitcell_16_2/pec_bit_cell_arbiter_2_588.dqdimacs,3,88
./benchmark_tests/original/Biere/bitcell_16_2/pec_bit_cell_arbiter_2_588.dqdimacs,4,81
./benchmark_tests/original/Biere/bitcell_16_2/pec_bit_cell_arbiter_2_588.dqdimacs,5,81
./benchmark_tests/original/Biere/bitcell_16_2/pec_bit_cell_arbiter_2_588.dqdimacs,6,123
./benchmark_tests/original/Biere/bitcell_16_2/pec_bit_cell_arbiter_2_588.dqdimacs,7,56
./benchmark_tests/original/Biere/bitcell_16_2/pec_bit_cell_arbiter_2_588.dqdimacs,10,56
./benchmark_tests/original/Biere/bitcell_16_2/pec_bit_cell_arbiter_2_588.dqdimacs,12,55
./benchmark_tests/original/Biere/bitcell_16_2/pec_bit_cell_arbiter_2_588.dqdimacs,14,55
./benchmark_tests/original/Biere/bitcell_16_2/pec_bit_cell_arbiter_2_588.dqdimacs,16,55
./benchmark_tests/original/Biere/bitcell_16_2/pec_bit_cell_arbiter_2_588.dqdimacs,18,55
./benchmark_tests/original/Biere/bitcell_16_2/pec_bit_cell_arbiter_2_588.dqdimacs,19,55
./benchmark_tests/original/Biere/bitcell_16_2/pec_bit_cell_arbiter_2_588.dqdimacs,20,56
./benchmark_tests/original/Biere/bitcell_16_2/pec_bit_cell_arbiter_2_588.dqdimacs,21,56
./benchmark_tests/original/Biere/bitcell_16_2/pec_bit_cell_arbiter_2_588.dqdimacs,22,56
./benchmark_tests/original/Biere/bitcell_16_2/pec_bit_cell_arbiter_2_588.dqdimacs,23,56
./benchmark_tests/original/Biere/bitcell_16_2/pec_bit_cell_arbiter_2_588.dqdimacs,24,56
./benchmark_tests/original/Biere/bitcell_16_2/pec_bit_cell_arbiter_2_588.dqdimacs,25,56
./benchmark_tests/original/Biere/bitcell_16_2/pec_bit_cell_arbiter_2_588.dqdimacs,26,56
./benchmark_tests/original/Biere/bitcell_16_2/pec_bit_cell_arbiter_2_588.dqdimacs,27,55
./benchmark_tests/original/Biere/bitcell_16_2/pec_bit_cell_arbiter_2_588.dqdimacs,28,55
./benchmark_tests/original/Biere/bitcell_16_2/pec_bit_cell_arbiter_2_588.dqdimacs,29,55
./benchmark_tests/original/Biere/bitcell_16_2/pec_bit_cell_arbiter_2_588.dqdimacs,30,55
./benchmark_tests/original/Biere/bitcell_16_2/pec_bit_cell_arbiter_2_588.dqdimacs,31,55
./benchmark_tests/original/Biere/bitcell_16_2/pec_bit_cell_arbiter_2_588.dqdimacs,32,63
./benchmark_tests/original/Biere/bitcell_16_2/pec_bit_cell_arbiter_2_588.dqdimacs,33,53
./benchmark_tests/original/Biere/bitcell_16_2/pec_bit_cell_arbiter_2_588.dqdimacs,34,52
./benchmark_tests/original/Biere/bitcell_16_2/pec_bit_cell_arbiter_2_588.dqdimacs,35,51
./benchmark_tests/original/Biere/bitcell_16_2/pec_bit_cell_arbiter_2_588.dqdimacs,36,50
./benchmark_tests/original/Biere/bitcell_16_2/pec_bit_cell_arbiter_2_588.dqdimacs,37,48
./benchmark_tests/original/Biere/bitcell_16_2/pec_bit_cell_arbiter_2_588.dqdimacs,38,47
./benchmark_tests/original/Biere/bitcell_16_2/pec_bit_cell_arbiter_2_588.dqdimacs,39,46
./benchmark_tests/original/Biere/bitcell_16_2/pec_bit_cell_arbiter_2_588.dqdimacs,40,45
./benchmark_tests/original/Biere/bitcell_16_2/pec_bit_cell_arbiter_2_588.dqdimacs,41,45
./benchmark_tests/original/Biere/bitcell_16_2/pec_bit_cell_arbiter_2_588.dqdimacs,42,42
./benchmark_tests/original/Biere/bitcell_16_2/pec_bit_cell_arbiter_2_588.dqdimacs,43,41
./benchmark_tests/original/Biere/bitcell_16_2/pec_bit_cell_arbiter_2_588.dqdimacs,44,40
./benchmark_tests/original/Biere/bitcell_16_2/pec_bit_cell_arbiter_2_588.dqdimacs,45,39
./benchmark_tests/original/Biere/bitcell_16_2/pec_bit_cell_arbiter_2_588.dqdimacs,47,38
./benchmark_tests/original/Biere/bitcell_16_2/pec_bit_cell_arbiter_2_588.dqdimacs,48,37
./benchmark_tests/original/Biere/bitcell_16_2/pec_bit_cell_arbiter_2_588.dqdimacs,49,36
./benchmark_tests/original/Biere/bitcell_16_2/pec_bit_cell_arbiter_2_588.dqdimacs,51,35
./benchmark_tests/original/Biere/bitcell_16_2/pec_bit_cell_arbiter_2_588.dqdimacs,52,35
./benchmark_tests/original/Biere/bitcell_16_2/pec_bit_cell_arbiter_2_588.dqdimacs,53,34
./benchmark_tests/original/Biere/bitcell_16_2/pec_bit_cell_arbiter_2_588.dqdimacs,54,33
./benchmark_tests/original/Biere/bitcell_16_2/pec_bit_cell_arbiter_2_588.dqdimacs,55,33
./benchmark_tests/original/Biere/bitcell_16_2/pec_bit_cell_arbiter_2_588.dqdimacs,57,31
./benchmark_tests/original/Biere/bitcell_16_2/pec_bit_cell_arbiter_2_588.dqdimacs,58,31
./benchmark_tests/original/Biere/bitcell_16_2/pec_bit_cell_arbiter_2_588.dqdimacs,59,31
./benchmark_tests/original/Biere/bitcell_16_2/pec_bit_cell_arbiter_2_588.dqdimacs,60,31
./benchmark_tests/original/Biere/bitcell_16_2/pec_bit_cell_arbiter_2_588.dqdimacs,61,32
./benchmark_tests/original/Biere/bitcell_16_2/pec_bit_cell_arbiter_2_588.dqdimacs,63,31
./benchmark_tests/original/Biere/bitcell_16_2/pec_bit_cell_arbiter_2_588.dqdimacs,64,31
./benchmark_tests/original/Biere/bitcell_16_2/pec_bit_cell_arbiter_2_588.dqdimacs,65,32
./benchmark_tests/original/Biere/bitcell_16_2/pec_bit_cell_arbiter_2_588.dqdimacs,66,31
./benchmark_tests/original/Biere/bitcell_16_2/pec_bit_cell_arbiter_2_588.dqdimacs,67,32
./benchmark_tests/original/Biere/bitcell_16_2/pec_bit_cell_arbiter_2_588.dqdimacs,69,31
./benchmark_tests/original/Biere/bitcell_16_2/pec_bit_cell_arbiter_2_588.dqdimacs,70,31
./benchmark_tests/original/Biere/bitcell_16_2/pec_bit_cell_arbiter_2_588.dqdimacs,71,32
./benchmark_tests/original/Biere/bitcell_16_2/pec_bit_cell_arbiter_2_588.dqdimacs,72,32
./benchmark_tests/original/Biere/bitcell_16_2/pec_bit_cell_arbiter_2_588.dqdimacs,73,32
./benchmark_tests/original/Biere/bitcell_16_2/pec_bit_cell_arbiter_2_588.dqdimacs,75,31
./benchmark_tests/original/Biere/bitcell_16_2/pec_bit_cell_arbiter_2_588.dqdimacs,76,31
./benchmark_tests/original/Biere/bitcell_16_2/pec_bit_cell_arbiter_2_588.dqdimacs,77,31
./benchmark_tests/original/Biere/bitcell_16_2/pec_bit_cell_arbiter_2_588.dqdimacs,78,33
./benchmark_tests/original/Biere/bitcell_16_2/pec_bit_cell_arbiter_2_588.dqdimacs,79,32
./benchmark_tests/original/Biere/bitcell_16_2/pec_bit_cell_arbiter_2_588.dqdimacs,81,31
./benchmark_tests/original/Biere/bitcell_16_2/pec_bit_cell_arbiter_2_588.dqdimacs,82,31
./benchmark_tests/original/Biere/bitcell_16_2/pec_bit_cell_arbiter_2_588.dqdimacs,83,32
./benchmark_tests/original/Biere/bitcell_16_2/pec_bit_cell_arbiter_2_588.dqdimacs,84,31
./benchmark_tests/original/Biere/bitcell_16_2/pec_bit_cell_arbiter_2_588.dqdimacs,85,32
./benchmark_tests/original/Biere/bitcell_16_2/pec_bit_cell_arbiter_2_588.dqdimacs,87,31
./benchmark_tests/original/Biere/bitcell_16_2/pec_bit_cell_arbiter_2_588.dqdimacs,88,31
./benchmark_tests/original/Biere/bitcell_16_2/pec_bit_cell_arbiter_2_588.dqdimacs,89,31
./benchmark_tests/original/Biere/bitcell_16_2/pec_bit_cell_arbiter_2_588.dqdimacs,90,31
./benchmark_tests/original/Biere/bitcell_16_2/pec_bit_cell_arbiter_2_588.dqdimacs,91,32
./benchmark_tests/original/Biere/bitcell_16_2/pec_bit_cell_arbiter_2_588.dqdimacs,93,31
./benchmark_tests/original/Biere/bitcell_16_2/pec_bit_cell_arbiter_2_588.dqdimacs,94,31
./benchmark_tests/original/Biere/bitcell_16_2/pec_bit_cell_arbiter_2_588.dqdimacs,95,32
./benchmark_tests/original/Biere/bitcell_16_2/pec_bit_cell_arbiter_2_588.dqdimacs,96,31
./benchmark_tests/original/Biere/bitcell_16_2/pec_bit_cell_arbiter_2_588.dqdimacs,97,32
./benchmark_tests/original/Biere/bitcell_16_2/pec_bit_cell_arbiter_2_588.dqdimacs,99,31
./benchmark_tests/original/Biere/bitcell_16_2/pec_bit_cell_arbiter_2_588.dqdimacs,100,32
./benchmark_tests/original/Biere/bitcell_16_2/pec_bit_cell_arbiter_2_588.dqdimacs,101,31
./benchmark_tests/original/Biere/bitcell_16_2/pec_bit_cell_arbiter_2_588.dqdimacs,102,32
./benchmark_tests/original/Biere/bitcell_16_2/pec_bit_cell_arbiter_2_588.dqdimacs,103,32
./benchmark_tests/original/Biere/bitcell_16_2/pec_bit_cell_arbiter_2_588.dqdimacs,105,31
./benchmark_tests/original/Biere/bitcell_16_2/pec_bit_cell_arbiter_2_588.dqdimacs,106,31
./benchmark_tests/original/Biere/bitcell_16_2/pec_bit_cell_arbiter_2_588.dqdimacs,107,31
./benchmark_tests/original/Biere/bitcell_16_2/pec_bit_cell_arbiter_2_588.dqdimacs,108,32
./benchmark_tests/original/Biere/bitcell_16_2/pec_bit_cell_arbiter_2_588.dqdimacs,109,31
./benchmark_tests/original/Biere/bitcell_16_2/pec_bit_cell_arbiter_2_588.dqdimacs,110,32
./benchmark_tests/original/Biere/bitcell_16_2/pec_bit_cell_arbiter_2_588.dqdimacs,111,31
./benchmark_tests/original/Biere/bitcell_16_2/pec_bit_cell_arbiter_2_588.dqdimacs,112,31
./benchmark_tests/original/Biere/bitcell_16_2/pec_bit_cell_arbiter_2_588.dqdimacs,113,31
./benchmark_tests/original/Biere/bitcell_16_2/pec_bit_cell_arbiter_2_588.dqdimacs,114,31
./benchmark_tests/original/Biere/bitcell_16_2/pec_bit_cell_arbiter_2_588.dqdimacs,115,32
./benchmark_tests/original/Biere/bitcell_16_2/pec_bit_cell_arbiter_2_588.dqdimacs,116,31
./benchmark_tests/original/Biere/bitcell_16_2/pec_bit_cell_arbiter_2_589.dqdimacs,3,202
./benchmark_tests/original/Biere/bitcell_16_2/pec_bit_cell_arbiter_2_589.dqdimacs,5,192
./benchmark_tests/original/Biere/bitcell_16_2/pec_bit_cell_arbiter_2_589.dqdimacs,7,172
./benchmark_tests/original/Biere/bitcell_16_2/pec_bit_cell_arbiter_2_589.dqdimacs,8,172
./benchmark_tests/original/Biere/bitcell_16_2/pec_bit_cell_arbiter_2_589.dqdimacs,9,171
./benchmark_tests/original/Biere/bitcell_16_2/pec_bit_cell_arbiter_2_589.dqdimacs,10,171
./benchmark_tests/original/Biere/bitcell_16_2/pec_bit_cell_arbiter_2_589.dqdimacs,11,173
./benchmark_tests/original/Biere/bitcell_16_2/pec_bit_cell_arbiter_2_589.dqdimacs,12,218
./benchmark_tests/original/Biere/bitcell_16_2/pec_bit_cell_arbiter_2_589.dqdimacs,13,165
./benchmark_tests/original/Biere/bitcell_16_2/pec_bit_cell_arbiter_2_589.dqdimacs,15,152
./benchmark_tests/original/Biere/bitcell_16_2/pec_bit_cell_arbiter_2_589.dqdimacs,16,138
./benchmark_tests/original/Biere/bitcell_16_2/pec_bit_cell_arbiter_2_589.dqdimacs,17,127
./benchmark_tests/original/Biere/bitcell_16_2/pec_bit_cell_arbiter_2_589.dqdimacs,18,116
./benchmark_tests/original/Biere/bitcell_16_2/pec_bit_cell_arbiter_2_589.dqdimacs,19,106
./benchmark_tests/original/Biere/bitcell_16_2/pec_bit_cell_arbiter_2_589.dqdimacs,20,100
./benchmark_tests/original/Biere/bitcell_16_2/pec_bit_cell_arbiter_2_589.dqdimacs,21,94
./benchmark_tests/original/Biere/bitcell_16_2/pec_bit_cell_arbiter_2_589.dqdimacs,22,93
./benchmark_tests/original/Biere/bitcell_16_2/pec_bit_cell_arbiter_2_589.dqdimacs,23,93
./benchmark_tests/original/Biere/bitcell_16_2/pec_bit_cell_arbiter_2_589.dqdimacs,24,94
./benchmark_tests/original/Biere/bitcell_16_2/pec_bit_cell_arbiter_2_589.dqdimacs,25,94
./benchmark_tests/original/Biere/bitcell_16_2/pec_bit_cell_arbiter_2_589.dqdimacs,26,95
./benchmark_tests/original/Biere/bitcell_16_2/pec_bit_cell_arbiter_2_589.dqdimacs,27,93
./benchmark_tests/original/Biere/bitcell_16_2/pec_bit_cell_arbiter_2_589.dqdimacs,28,93
./benchmark_tests/original/Biere/bitcell_16_2/pec_bit_cell_arbiter_2_589.dqdimacs,29,94
./benchmark_tests/original/Biere/bitcell_16_2/pec_bit_cell_arbiter_2_589.dqdimacs,30,95
./benchmark_tests/original/Biere/bitcell_16_2/pec_bit_cell_arbiter_2_589.dqdimacs,31,95
./benchmark_tests/original/Biere/bitcell_16_2/pec_bit_cell_arbiter_2_589.dqdimacs,32,98
./benchmark_tests/original/Biere/bitcell_16_2/pec_bit_cell_arbiter_2_589.dqdimacs,33,94
./benchmark_tests/original/Biere/bitcell_16_2/pec_bit_cell_arbiter_2_589.dqdimacs,34,94
./benchmark_tests/original/Biere/bitcell_16_2/pec_bit_cell_arbiter_2_589.dqdimacs,36,93
./benchmark_tests/original/Biere/bitcell_16_2/pec_bit_cell_arbiter_2_589.dqdimacs,37,94
./benchmark_tests/original/Biere/bitcell_16_2/pec_bit_cell_arbiter_2_589.dqdimacs,38,94
./benchmark_tests/original/Biere/bitcell_16_2/pec_bit_cell_arbiter_2_589.dqdimacs,39,94
./benchmark_tests/original/Biere/bitcell_16_2/pec_bit_cell_arbiter_2_589.dqdimacs,41,93
./benchmark_tests/original/Biere/bitcell_16_2/pec_bit_cell_arbiter_2_589.dqdimacs,42,93
./benchmark_tests/original/Biere/bitcell_16_2/pec_bit_cell_arbiter_2_589.dqdimacs,43,94
./benchmark_tests/original/Biere/bitcell_16_2/pec_bit_cell_arbiter_2_589.dqdimacs,44,94
./benchmark_tests/original/Biere/bitcell_16_2/pec_bit_cell_arbiter_2_589.dqdimacs,45,94
./benchmark_tests/original/Biere/bitcell_16_2/pec_bit_cell_arbiter_2_589.dqdimacs,46,93
./benchmark_tests/original/Biere/bitcell_16_2/pec_bit_cell_arbiter_2_589.dqdimacs,47,94
./benchmark_tests/original/Biere/bitcell_16_2/pec_bit_cell_arbiter_2_589.dqdimacs,49,94
./benchmark_tests/original/Biere/bitcell_16_2/pec_bit_cell_arbiter_2_589.dqdimacs,50,93
./benchmark_tests/original/Biere/bitcell_16_2/pec_bit_cell_arbiter_2_589.dqdimacs,51,94
./benchmark_tests/original/Biere/bitcell_16_2/pec_bit_cell_arbiter_2_589.dqdimacs,52,94
./benchmark_tests/original/Biere/bitcell_16_2/pec_bit_cell_arbiter_2_589.dqdimacs,53,93
./benchmark_tests/original/Biere/bitcell_16_2/pec_bit_cell_arbiter_2_589.dqdimacs,54,93
./benchmark_tests/original/Biere/bitcell_16_2/pec_bit_cell_arbiter_2_589.dqdimacs,55,94
./benchmark_tests/original/Biere/bitcell_16_2/pec_bit_cell_arbiter_2_589.dqdimacs,57,93
./benchmark_tests/original/Biere/bitcell_16_2/pec_bit_cell_arbiter_2_589.dqdimacs,58,93
./benchmark_tests/original/Biere/bitcell_16_2/pec_bit_cell_arbiter_2_589.dqdimacs,59,93
./benchmark_tests/original/Biere/bitcell_16_2/pec_bit_cell_arbiter_2_589.dqdimacs,60,93
./benchmark_tests/original/Biere/bitcell_16_2/pec_bit_cell_arbiter_2_589.dqdimacs,61,93
./benchmark_tests/original/Biere/bitcell_16_2/pec_bit_cell_arbiter_2_589.dqdimacs,62,94
./benchmark_tests/original/Biere/bitcell_16_2/pec_bit_cell_arbiter_2_589.dqdimacs,63,93
./benchmark_tests/original/Biere/bitcell_16_2/pec_bit_cell_arbiter_2_589.dqdimacs,65,92
./benchmark_tests/original/Biere/bitcell_16_2/pec_bit_cell_arbiter_2_589.dqdimacs,66,93
./benchmark_tests/original/Biere/bitcell_16_2/pec_bit_cell_arbiter_2_589.dqdimacs,67,93
./benchmark_tests/original/Biere/bitcell_16_2/pec_bit_cell_arbiter_2_589.dqdimacs,68,94
./benchmark_tests/original/Biere/bitcell_16_2/pec_bit_cell_arbiter_2_589.dqdimacs,69,93
./benchmark_tests/original/Biere/bitcell_16_2/pec_bit_cell_arbiter_2_589.dqdimacs,70,93
./benchmark_tests/original/Biere/bitcell_16_2/pec_bit_cell_arbiter_2_589.dqdimacs,71,93
./benchmark_tests/original/Biere/bitcell_16_2/pec_bit_cell_arbiter_2_589.dqdimacs,73,93
./benchmark_tests/original/Biere/bitcell_16_2/pec_bit_cell_arbiter_2_589.dqdimacs,74,93
./benchmark_tests/original/Biere/bitcell_16_2/pec_bit_cell_arbiter_2_589.dqdimacs,75,93
./benchmark_tests/original/Biere/bitcell_16_2/pec_bit_cell_arbiter_2_589.dqdimacs,76,93
./benchmark_tests/original/Biere/bitcell_16_2/pec_bit_cell_arbiter_2_589.dqdimacs,77,93
./benchmark_tests/original/Biere/bitcell_16_2/pec_bit_cell_arbiter_2_589.dqdimacs,78,93
./benchmark_tests/original/Biere/bitcell_16_2/pec_bit_cell_arbiter_2_589.dqdimacs,79,93
./benchmark_tests/original/Biere/bitcell_16_2/pec_bit_cell_arbiter_2_589.dqdimacs,81,93
./benchmark_tests/original/Biere/bitcell_16_2/pec_bit_cell_arbiter_2_589.dqdimacs,82,93
./benchmark_tests/original/Biere/bitcell_16_2/pec_bit_cell_arbiter_2_589.dqdimacs,83,93
./benchmark_tests/original/Biere/bitcell_16_2/pec_bit_cell_arbiter_2_589.dqdimacs,84,93
./benchmark_tests/original/Biere/bitcell_16_2/pec_bit_cell_arbiter_2_589.dqdimacs,85,93
./benchmark_tests/original/Biere/bitcell_16_2/pec_bit_cell_arbiter_2_589.dqdimacs,86,93
./benchmark_tests/original/Biere/bitcell_16_2/pec_bit_cell_arbiter_2_589.dqdimacs,87,93
./benchmark_tests/original/Biere/bitcell_16_2/pec_bit_cell_arbiter_2_589.dqdimacs,89,93
./benchmark_tests/original/Biere/bitcell_16_2/pec_bit_cell_arbiter_2_589.dqdimacs,90,93
./benchmark_tests/original/Biere/bitcell_16_2/pec_bit_cell_arbiter_2_589.dqdimacs,91,93
./benchmark_tests/original/Biere/bitcell_16_2/pec_bit_cell_arbiter_2_589.dqdimacs,92,94
./benchmark_tests/original/Biere/bitcell_16_2/pec_bit_cell_arbiter_2_589.dqdimacs,93,94
./benchmark_tests/original/Biere/bitcell_16_2/pec_bit_cell_arbiter_2_589.dqdimacs,94,93
./benchmark_tests/original/Biere/bitcell_16_2/pec_bit_cell_arbiter_2_589.dqdimacs,95,93
./benchmark_tests/original/Biere/bitcell_16_2/pec_bit_cell_arbiter_2_589.dqdimacs,97,93
./benchmark_tests/original/Biere/bitcell_16_2/pec_bit_cell_arbiter_2_589.dqdimacs,98,93
./benchmark_tests/original/Biere/bitcell_16_2/pec_bit_cell_arbiter_2_589.dqdimacs,99,93
./benchmark_tests/original/Biere/bitcell_16_2/pec_bit_cell_arbiter_2_589.dqdimacs,100,93
./benchmark_tests/original/Biere/bitcell_16_2/pec_bit_cell_arbiter_2_589.dqdimacs,101,93
./benchmark_tests/original/Biere/bitcell_16_2/pec_bit_cell_arbiter_2_589.dqdimacs,102,94
./benchmark_tests/original/Biere/bitcell_16_2/pec_bit_cell_arbiter_2_589.dqdimacs,103,93
./benchmark_tests/original/Biere/bitcell_16_2/pec_bit_cell_arbiter_2_589.dqdimacs,105,93
./benchmark_tests/original/Biere/bitcell_16_2/pec_bit_cell_arbiter_2_589.dqdimacs,106,93
./benchmark_tests/original/Biere/bitcell_16_2/pec_bit_cell_arbiter_2_589.dqdimacs,107,93
./benchmark_tests/original/Biere/bitcell_16_2/pec_bit_cell_arbiter_2_589.dqdimacs,108,93
./benchmark_tests/original/Biere/bitcell_16_2/pec_bit_cell_arbiter_2_589.dqdimacs,109,94
./benchmark_tests/original/Biere/bitcell_16_2/pec_bit_cell_arbiter_2_589.dqdimacs,110,93
./benchmark_tests/original/Biere/bitcell_16_2/pec_bit_cell_arbiter_2_589.dqdimacs,111,93
./benchmark_tests/original/Biere/bitcell_16_2/pec_bit_cell_arbiter_2_589.dqdimacs,113,93
./benchmark_tests/original/Biere/bitcell_16_2/pec_bit_cell_arbiter_2_589.dqdimacs,114,94
./benchmark_tests/original/Biere/bitcell_16_2/pec_bit_cell_arbiter_2_589.dqdimacs,115,94
./benchmark_tests/original/Biere/bitcell_16_2/pec_bit_cell_arbiter_2_589.dqdimacs,116,94
./benchmark_tests/original/Biere/bitcell_16_2/pec_bit_cell_arbiter_2_589.dqdimacs,117,94
./benchmark_tests/original/Biere/bitcell_16_2/pec_bit_cell_arbiter_2_589.dqdimacs,118,93
./benchmark_tests/original/Biere/bitcell_16_2/pec_bit_cell_arbiter_2_589.dqdimacs,119,94
./benchmark_tests/original/Biere/bitcell_16_2/pec_bit_cell_arbiter_2_589.dqdimacs,121,94
./benchmark_tests/original/Biere/bitcell_16_2/pec_bit_cell_arbiter_2_589.dqdimacs,122,94
./benchmark_tests/original/Biere/bitcell_16_2/pec_bit_cell_arbiter_2_589.dqdimacs,123,93
./benchmark_tests/original/Biere/bitcell_16_2/pec_bit_cell_arbiter_2_589.dqdimacs,124,94
./benchmark_tests/original/Biere/bitcell_16_2/pec_bit_cell_arbiter_2_589.dqdimacs,125,94
./benchmark_tests/original/Biere/bitcell_16_2/pec_bit_cell_arbiter_2_589.dqdimacs,126,94
./benchmark_tests/original/Biere/bitcell_16_2/pec_bit_cell_arbiter_2_589.dqdimacs,127,94
./benchmark_tests/original/Biere/bitcell_16_2/pec_bit_cell_arbiter_2_589.dqdimacs,129,94
./benchmark_tests/original/Biere/bitcell_16_2/pec_bit_cell_arbiter_2_589.dqdimacs,130,95
./benchmark_tests/original/Biere/bitcell_16_2/pec_bit_cell_arbiter_2_589.dqdimacs,131,94
./benchmark_tests/original/Biere/bitcell_16_2/pec_bit_cell_arbiter_2_589.dqdimacs,132,94
./benchmark_tests/original/Biere/bitcell_16_2/pec_bit_cell_arbiter_2_589.dqdimacs,133,94
./benchmark_tests/original/Biere/bitcell_16_2/pec_bit_cell_arbiter_2_589.dqdimacs,134,94
./benchmark_tests/original/Biere/bitcell_16_2/pec_bit_cell_arbiter_2_589.dqdimacs,135,94
./benchmark_tests/original/Biere/bitcell_16_2/pec_bit_cell_arbiter_2_589.dqdimacs,136,93
./benchmark_tests/original/Biere/bitcell_16_2/pec_bit_cell_arbiter_2_589.dqdimacs,137,95
./benchmark_tests/original/Biere/bitcell_16_2/pec_bit_cell_arbiter_2_589.dqdimacs,138,94
./benchmark_tests/original/Biere/bitcell_16_2/pec_bit_cell_arbiter_2_589.dqdimacs,139,94
./benchmark_tests/original/Biere/bitcell_16_2/pec_bit_cell_arbiter_2_589.dqdimacs,140,95
./benchmark_tests/original/Biere/bitcell_16_2/pec_bit_cell_arbiter_2_589.dqdimacs,141,93
./benchmark_tests/original/Biere/bitcell_16_2/pec_bit_cell_arbiter_2_612.dqdimacs,3,219
./benchmark_tests/original/Biere/bitcell_16_2/pec_bit_cell_arbiter_2_612.dqdimacs,5,216
./benchmark_tests/original/Biere/bitcell_16_2/pec_bit_cell_arbiter_2_612.dqdimacs,7,213
./benchmark_tests/original/Biere/bitcell_16_2/pec_bit_cell_arbiter_2_612.dqdimacs,9,189
./benchmark_tests/original/Biere/bitcell_16_2/pec_bit_cell_arbiter_2_612.dqdimacs,11,191
./benchmark_tests/original/Biere/bitcell_16_2/pec_bit_cell_arbiter_2_612.dqdimacs,13,194
./benchmark_tests/original/Biere/bitcell_16_2/pec_bit_cell_arbiter_2_612.dqdimacs,15,193
./benchmark_tests/original/Biere/bitcell_16_2/pec_bit_cell_arbiter_2_612.dqdimacs,17,188
./benchmark_tests/original/Biere/bitcell_16_2/pec_bit_cell_arbiter_2_612.dqdimacs,19,172
./benchmark_tests/original/Biere/bitcell_16_2/pec_bit_cell_arbiter_2_612.dqdimacs,21,155
./benchmark_tests/original/Biere/bitcell_16_2/pec_bit_cell_arbiter_2_612.dqdimacs,24,140
./benchmark_tests/original/Biere/bitcell_16_2/pec_bit_cell_arbiter_2_612.dqdimacs,25,127
./benchmark_tests/original/Biere/bitcell_16_2/pec_bit_cell_arbiter_2_612.dqdimacs,26,116
./benchmark_tests/original/Biere/bitcell_16_2/pec_bit_cell_arbiter_2_612.dqdimacs,27,106
./benchmark_tests/original/Biere/bitcell_16_2/pec_bit_cell_arbiter_2_612.dqdimacs,28,103
./benchmark_tests/original/Biere/bitcell_16_2/pec_bit_cell_arbiter_2_612.dqdimacs,29,103
./benchmark_tests/original/Biere/bitcell_16_2/pec_bit_cell_arbiter_2_612.dqdimacs,30,102
./benchmark_tests/original/Biere/bitcell_16_2/pec_bit_cell_arbiter_2_612.dqdimacs,31,102
./benchmark_tests/original/Biere/bitcell_16_2/pec_bit_cell_arbiter_2_612.dqdimacs,32,102
./benchmark_tests/original/Biere/bitcell_16_2/pec_bit_cell_arbiter_2_612.dqdimacs,33,102
./benchmark_tests/original/Biere/bitcell_16_2/pec_bit_cell_arbiter_2_612.dqdimacs,34,101
./benchmark_tests/original/Biere/bitcell_16_2/pec_bit_cell_arbiter_2_612.dqdimacs,35,102
./benchmark_tests/original/Biere/bitcell_16_2/pec_bit_cell_arbiter_2_612.dqdimacs,36,101
./benchmark_tests/original/Biere/bitcell_16_2/pec_bit_cell_arbiter_2_612.dqdimacs,37,102
./benchmark_tests/original/Biere/bitcell_16_2/pec_bit_cell_arbiter_2_612.dqdimacs,38,127
./benchmark_tests/original/Biere/bitcell_16_2/pec_bit_cell_arbiter_2_612.dqdimacs,39,104
./benchmark_tests/original/Biere/bitcell_16_2/pec_bit_cell_arbiter_2_612.dqdimacs,42,102
./benchmark_tests/original/Biere/bitcell_16_2/pec_bit_cell_arbiter_2_612.dqdimacs,44,101
./benchmark_tests/original/Biere/bitcell_16_2/pec_bit_cell_arbiter_2_612.dqdimacs,45,101
./benchmark_tests/original/Biere/bitcell_16_2/pec_bit_cell_arbiter_2_612.dqdimacs,46,101
./benchmark_tests/original/Biere/bitcell_16_2/pec_bit_cell_arbiter_2_612.dqdimacs,47,102
./benchmark_tests/original/Biere/bitcell_16_2/pec_bit_cell_arbiter_2_612.dqdimacs,48,102
./benchmark_tests/original/Biere/bitcell_16_2/pec_bit_cell_arbiter_2_612.dqdimacs,49,103
./benchmark_tests/original/Biere/bitcell_16_2/pec_bit_cell_arbiter_2_612.dqdimacs,50,100
./benchmark_tests/original/Biere/bitcell_16_2/pec_bit_cell_arbiter_2_612.dqdimacs,51,101
./benchmark_tests/original/Biere/bitcell_16_2/pec_bit_cell_arbiter_2_612.dqdimacs,52,102
./benchmark_tests/original/Biere/bitcell_16_2/pec_bit_cell_arbiter_2_612.dqdimacs,53,102
./benchmark_tests/original/Biere/bitcell_16_2/pec_bit_cell_arbiter_2_612.dqdimacs,54,102
./benchmark_tests/original/Biere/bitcell_16_2/pec_bit_cell_arbiter_2_612.dqdimacs,55,101
./benchmark_tests/original/Biere/bitcell_16_2/pec_bit_cell_arbiter_2_612.dqdimacs,56,106
./benchmark_tests/original/Biere/bitcell_16_2/pec_bit_cell_arbiter_2_612.dqdimacs,57,100
./benchmark_tests/original/Biere/bitcell_16_2/pec_bit_cell_arbiter_2_612.dqdimacs,58,101
./benchmark_tests/original/Biere/bitcell_16_2/pec_bit_cell_arbiter_2_612.dqdimacs,59,102
./benchmark_tests/original/Biere/bitcell_16_2/pec_bit_cell_arbiter_2_612.dqdimacs,60,100
./benchmark_tests/original/Biere/bitcell_16_2/pec_bit_cell_arbiter_2_612.dqdimacs,61,101
./benchmark_tests/original/Biere/bitcell_16_2/pec_bit_cell_arbiter_2_612.dqdimacs,62,102
./benchmark_tests/original/Biere/bitcell_16_2/pec_bit_cell_arbiter_2_612.dqdimacs,63,102
./benchmark_tests/original/Biere/bitcell_16_2/pec_bit_cell_arbiter_2_612.dqdimacs,64,102
./benchmark_tests/original/Biere/bitcell_16_2/pec_bit_cell_arbiter_2_612.dqdimacs,65,103
./benchmark_tests/original/Biere/bitcell_16_2/pec_bit_cell_arbiter_2_612.dqdimacs,66,102
./benchmark_tests/original/Biere/bitcell_16_2/pec_bit_cell_arbiter_2_612.dqdimacs,67,103
./benchmark_tests/original/Biere/bitcell_16_2/pec_bit_cell_arbiter_2_612.dqdimacs,68,103
./benchmark_tests/original/Biere/bitcell_16_2/pec_bit_cell_arbiter_2_612.dqdimacs,69,102
./benchmark_tests/original/Biere/bitcell_16_2/pec_bit_cell_arbiter_2_612.dqdimacs,70,103
./benchmark_tests/original/Biere/bitcell_16_2/pec_bit_cell_arbiter_2_612.dqdimacs,71,102
./benchmark_tests/original/Biere/bitcell_16_2/pec_bit_cell_arbiter_2_612.dqdimacs,72,103
./benchmark_tests/original/Biere/bitcell_16_2/pec_bit_cell_arbiter_2_612.dqdimacs,73,103
./benchmark_tests/original/Biere/bitcell_16_2/pec_bit_cell_arbiter_2_612.dqdimacs,74,101
./benchmark_tests/original/Biere/bitcell_16_2/pec_bit_cell_arbiter_2_612.dqdimacs,75,102
./benchmark_tests/original/Biere/bitcell_16_2/pec_bit_cell_arbiter_2_612.dqdimacs,76,101
./benchmark_tests/original/Biere/bitcell_16_2/pec_bit_cell_arbiter_2_612.dqdimacs,77,102
./benchmark_tests/original/Biere/bitcell_16_2/pec_bit_cell_arbiter_2_612.dqdimacs,78,103
./benchmark_tests/original/Biere/bitcell_16_2/pec_bit_cell_arbiter_2_612.dqdimacs,79,102
./benchmark_tests/original/Biere/bitcell_16_2/pec_bit_cell_arbiter_2_612.dqdimacs,80,103
./benchmark_tests/original/Biere/bitcell_16_2/pec_bit_cell_arbiter_2_612.dqdimacs,81,103
./benchmark_tests/original/Biere/bitcell_16_2/pec_bit_cell_arbiter_2_612.dqdimacs,82,102
./benchmark_tests/original/Biere/bitcell_16_2/pec_bit_cell_arbiter_2_612.dqdimacs,83,102
./benchmark_tests/original/Biere/bitcell_16_2/pec_bit_cell_arbiter_2_612.dqdimacs,84,102
./benchmark_tests/original/Biere/bitcell_16_2/pec_bit_cell_arbiter_2_612.dqdimacs,85,102
./benchmark_tests/original/Biere/bitcell_16_2/pec_bit_cell_arbiter_2_612.dqdimacs,86,103
./benchmark_tests/original/Biere/bitcell_16_2/pec_bit_cell_arbiter_2_612.dqdimacs,87,102
./benchmark_tests/original/Biere/bitcell_16_2/pec_bit_cell_arbiter_2_612.dqdimacs,88,102
./benchmark_tests/original/Biere/bitcell_16_2/pec_bit_cell_arbiter_2_612.dqdimacs,89,102
./benchmark_tests/original/Biere/bitcell_16_2/pec_bit_cell_arbiter_2_612.dqdimacs,90,105
./benchmark_tests/original/Biere/bitcell_16_2/pec_bit_cell_arbiter_2_612.dqdimacs,91,102
./benchmark_tests/original/Biere/bitcell_16_2/pec_bit_cell_arbiter_2_612.dqdimacs,92,103
./benchmark_tests/original/Biere/bitcell_16_2/pec_bit_cell_arbiter_2_612.dqdimacs,93,102
./benchmark_tests/original/Biere/bitcell_16_2/pec_bit_cell_arbiter_2_612.dqdimacs,94,103
./benchmark_tests/original/Biere/bitcell_16_2/pec_bit_cell_arbiter_2_612.dqdimacs,95,103
./benchmark_tests/original/Biere/bitcell_16_2/pec_bit_cell_arbiter_2_612.dqdimacs,96,102
./benchmark_tests/original/Biere/bitcell_16_2/pec_bit_cell_arbiter_2_612.dqdimacs,97,103
./benchmark_tests/original/Biere/bitcell_16_2/pec_bit_cell_arbiter_2_612.dqdimacs,98,102
./benchmark_tests/original/Biere/bitcell_16_2/pec_bit_cell_arbiter_2_612.dqdimacs,99,102
./benchmark_tests/original/Biere/bitcell_16_2/pec_bit_cell_arbiter_2_612.dqdimacs,100,104
./benchmark_tests/original/Biere/bitcell_16_2/pec_bit_cell_arbiter_2_612.dqdimacs,101,103
./benchmark_tests/original/Biere/bitcell_16_2/pec_bit_cell_arbiter_2_612.dqdimacs,102,102
./benchmark_tests/original/Biere/bitcell_16_2/pec_bit_cell_arbiter_2_612.dqdimacs,103,103
./benchmark_tests/original/Biere/bitcell_16_2/pec_bit_cell_arbiter_2_612.dqdimacs,104,103
./benchmark_tests/original/Biere/bitcell_16_2/pec_bit_cell_arbiter_2_612.dqdimacs,105,103
./benchmark_tests/original/Biere/bitcell_16_2/pec_bit_cell_arbiter_2_612.dqdimacs,106,104
./benchmark_tests/original/Biere/bitcell_16_2/pec_bit_cell_arbiter_2_612.dqdimacs,107,103
./benchmark_tests/original/Biere/bitcell_16_2/pec_bit_cell_arbiter_2_612.dqdimacs,108,104
./benchmark_tests/original/Biere/bitcell_16_2/pec_bit_cell_arbiter_2_612.dqdimacs,109,105
./benchmark_tests/original/Biere/bitcell_16_2/pec_bit_cell_arbiter_2_612.dqdimacs,110,104
./benchmark_tests/original/Biere/bitcell_16_2/pec_bit_cell_arbiter_2_612.dqdimacs,111,103
./benchmark_tests/original/Biere/bitcell_16_2/pec_bit_cell_arbiter_2_612.dqdimacs,112,103
./benchmark_tests/original/Biere/bitcell_16_2/pec_bit_cell_arbiter_2_612.dqdimacs,113,103
./benchmark_tests/original/Biere/bitcell_16_2/pec_bit_cell_arbiter_2_612.dqdimacs,114,104
./benchmark_tests/original/Biere/bitcell_16_2/pec_bit_cell_arbiter_2_612.dqdimacs,116,103
./benchmark_tests/original/Biere/bitcell_16_2/pec_bit_cell_arbiter_2_612.dqdimacs,117,103
./benchmark_tests/original/Biere/bitcell_16_2/pec_bit_cell_arbiter_2_612.dqdimacs,118,102
./benchmark_tests/original/Biere/bitcell_16_2/pec_bit_cell_arbiter_2_612.dqdimacs,119,103
./benchmark_tests/original/Biere/bitcell_16_2/pec_bit_cell_arbiter_2_612.dqdimacs,120,102
./benchmark_tests/original/Biere/bitcell_16_2/pec_bit_cell_arbiter_2_612.dqdimacs,122,102
./benchmark_tests/original/Biere/bitcell_16_2/pec_bit_cell_arbiter_2_612.dqdimacs,123,102
./benchmark_tests/original/Biere/bitcell_16_2/pec_bit_cell_arbiter_2_612.dqdimacs,124,102
./benchmark_tests/original/Biere/bitcell_16_2/pec_bit_cell_arbiter_2_612.dqdimacs,125,102
./benchmark_tests/original/Biere/bitcell_16_2/pec_bit_cell_arbiter_2_612.dqdimacs,126,102
./benchmark_tests/original/Biere/bitcell_16_2/pec_bit_cell_arbiter_2_612.dqdimacs,127,102
./benchmark_tests/original/Biere/bitcell_16_2/pec_bit_cell_arbiter_2_612.dqdimacs,128,103
./benchmark_tests/original/Biere/bitcell_16_2/pec_bit_cell_arbiter_2_612.dqdimacs,130,101
./benchmark_tests/original/Biere/bitcell_16_2/pec_bit_cell_arbiter_2_612.dqdimacs,131,101
./benchmark_tests/original/Biere/bitcell_16_2/pec_bit_cell_arbiter_2_612.dqdimacs,132,102
./benchmark_tests/original/Biere/bitcell_16_2/pec_bit_cell_arbiter_2_612.dqdimacs,133,102
./benchmark_tests/original/Biere/bitcell_16_2/pec_bit_cell_arbiter_2_612.dqdimacs,134,102
./benchmark_tests/original/Biere/bitcell_16_2/pec_bit_cell_arbiter_2_612.dqdimacs,135,102
./benchmark_tests/original/Biere/bitcell_16_2/pec_bit_cell_arbiter_2_612.dqdimacs,136,103
./benchmark_tests/original/Biere/bitcell_16_2/pec_bit_cell_arbiter_2_612.dqdimacs,137,101
./benchmark_tests/original/Biere/bitcell_16_2/pec_bit_cell_arbiter_2_612.dqdimacs,138,103
./benchmark_tests/original/Biere/bitcell_16_2/pec_bit_cell_arbiter_2_612.dqdimacs,139,102
./benchmark_tests/original/Biere/bitcell_16_2/pec_bit_cell_arbiter_2_612.dqdimacs,140,103
./benchmark_tests/original/Biere/bitcell_16_2/pec_bit_cell_arbiter_2_612.dqdimacs,141,103
./benchmark_tests/original/Biere/bitcell_16_2/pec_bit_cell_arbiter_2_612.dqdimacs,142,102
./benchmark_tests/original/Biere/bitcell_16_2/pec_bit_cell_arbiter_2_632.dqdimacs,3,218
./benchmark_tests/original/Biere/bitcell_16_2/pec_bit_cell_arbiter_2_632.dqdimacs,5,212
./benchmark_tests/original/Biere/bitcell_16_2/pec_bit_cell_arbiter_2_632.dqdimacs,7,213
./benchmark_tests/original/Biere/bitcell_16_2/pec_bit_cell_arbiter_2_632.dqdimacs,9,209
./benchmark_tests/original/Biere/bitcell_16_2/pec_bit_cell_arbiter_2_632.dqdimacs,10,192
./benchmark_tests/original/Biere/bitcell_16_2/pec_bit_cell_arbiter_2_632.dqdimacs,11,213
./benchmark_tests/original/Biere/bitcell_16_2/pec_bit_cell_arbiter_2_632.dqdimacs,12,212
./benchmark_tests/original/Biere/bitcell_16_2/pec_bit_cell_arbiter_2_632.dqdimacs,13,202
./benchmark_tests/original/Biere/bitcell_16_2/pec_bit_cell_arbiter_2_632.dqdimacs,14,182
./benchmark_tests/original/Biere/bitcell_16_2/pec_bit_cell_arbiter_2_632.dqdimacs,15,191
./benchmark_tests/original/Biere/bitcell_16_2/pec_bit_cell_arbiter_2_632.dqdimacs,16,126
./benchmark_tests/original/Biere/bitcell_16_2/pec_bit_cell_arbiter_2_632.dqdimacs,19,114
./benchmark_tests/original/Biere/bitcell_16_2/pec_bit_cell_arbiter_2_632.dqdimacs,22,104
./benchmark_tests/original/Biere/bitcell_16_2/pec_bit_cell_arbiter_2_632.dqdimacs,24,99
./benchmark_tests/original/Biere/bitcell_16_2/pec_bit_cell_arbiter_2_632.dqdimacs,26,99
./benchmark_tests/original/Biere/bitcell_16_2/pec_bit_cell_arbiter_2_632.dqdimacs,27,100
./benchmark_tests/original/Biere/bitcell_16_2/pec_bit_cell_arbiter_2_632.dqdimacs,28,100
./benchmark_tests/original/Biere/bitcell_16_2/pec_bit_cell_arbiter_2_632.dqdimacs,29,99
./benchmark_tests/original/Biere/bitcell_16_2/pec_bit_cell_arbiter_2_632.dqdimacs,30,101
./benchmark_tests/original/Biere/bitcell_16_2/pec_bit_cell_arbiter_2_632.dqdimacs,31,100
./benchmark_tests/original/Biere/bitcell_16_2/pec_bit_cell_arbiter_2_632.dqdimacs,32,106
./benchmark_tests/original/Biere/bitcell_16_2/pec_bit_cell_arbiter_2_632.dqdimacs,33,100
./benchmark_tests/original/Biere/bitcell_16_2/pec_bit_cell_arbiter_2_632.dqdimacs,34,99
./benchmark_tests/original/Biere/bitcell_16_2/pec_bit_cell_arbiter_2_632.dqdimacs,35,100
./benchmark_tests/original/Biere/bitcell_16_2/pec_bit_cell_arbiter_2_632.dqdimacs,36,99
./benchmark_tests/original/Biere/bitcell_16_2/pec_bit_cell_arbiter_2_632.dqdimacs,37,99
./benchmark_tests/original/Biere/bitcell_16_2/pec_bit_cell_arbiter_2_632.dqdimacs,38,100
./benchmark_tests/original/Biere/bitcell_16_2/pec_bit_cell_arbiter_2_632.dqdimacs,39,98
./benchmark_tests/original/Biere/bitcell_16_2/pec_bit_cell_arbiter_2_632.dqdimacs,40,100
./benchmark_tests/original/Biere/bitcell_16_2/pec_bit_cell_arbiter_2_632.dqdimacs,41,98
./benchmark_tests/original/Biere/bitcell_16_2/pec_bit_cell_arbiter_2_632.dqdimacs,42,100
./benchmark_tests/original/Biere/bitcell_16_2/pec_bit_cell_arbiter_2_632.dqdimacs,43,100
./benchmark_tests/original/Biere/bitcell_16_2/pec_bit_cell_arbiter_2_632.dqdimacs,44,100
./benchmark_tests/original/Biere/bitcell_16_2/pec_bit_cell_arbiter_2_632.dqdimacs,45,100
./benchmark_tests/original/Biere/bitcell_16_2/pec_bit_cell_arbiter_2_632.dqdimacs,46,99
./benchmark_tests/original/Biere/bitcell_16_2/pec_bit_cell_arbiter_2_632.dqdimacs,48,99
./benchmark_tests/original/Biere/bitcell_16_2/pec_bit_cell_arbiter_2_632.dqdimacs,49,99
./benchmark_tests/original/Biere/bitcell_16_2/pec_bit_cell_arbiter_2_632.dqdimacs,50,99
./benchmark_tests/original/Biere/bitcell_16_2/pec_bit_cell_arbiter_2_632.dqdimacs,51,99
./benchmark_tests/original/Biere/bitcell_16_2/pec_bit_cell_arbiter_2_632.dqdimacs,52,99
./benchmark_tests/original/Biere/bitcell_16_2/pec_bit_cell_arbiter_2_632.dqdimacs,53,100
./benchmark_tests/original/Biere/bitcell_16_2/pec_bit_cell_arbiter_2_632.dqdimacs,54,98
./benchmark_tests/original/Biere/bitcell_16_2/pec_bit_cell_arbiter_2_632.dqdimacs,55,98
./benchmark_tests/original/Biere/bitcell_16_2/pec_bit_cell_arbiter_2_632.dqdimacs,56,99
./benchmark_tests/original/Biere/bitcell_16_2/pec_bit_cell_arbiter_2_632.dqdimacs,57,100
./benchmark_tests/original/Biere/bitcell_16_2/pec_bit_cell_arbiter_2_632.dqdimacs,58,99
./benchmark_tests/original/Biere/bitcell_16_2/pec_bit_cell_arbiter_2_632.dqdimacs,59,99
./benchmark_tests/original/Biere/bitcell_16_2/pec_bit_cell_arbiter_2_632.dqdimacs,60,100
./benchmark_tests/original/Biere/bitcell_16_2/pec_bit_cell_arbiter_2_632.dqdimacs,61,100
./benchmark_tests/original/Biere/bitcell_16_2/pec_bit_cell_arbiter_2_632.dqdimacs,62,99
./benchmark_tests/original/Biere/bitcell_16_2/pec_bit_cell_arbiter_2_632.dqdimacs,63,99
./benchmark_tests/original/Biere/bitcell_16_2/pec_bit_cell_arbiter_2_632.dqdimacs,64,100
./benchmark_tests/original/Biere/bitcell_16_2/pec_bit_cell_arbiter_2_632.dqdimacs,65,101
./benchmark_tests/original/Biere/bitcell_16_2/pec_bit_cell_arbiter_2_632.dqdimacs,66,100
./benchmark_tests/original/Biere/bitcell_16_2/pec_bit_cell_arbiter_2_632.dqdimacs,67,100
./benchmark_tests/original/Biere/bitcell_16_2/pec_bit_cell_arbiter_2_632.dqdimacs,68,99
./benchmark_tests/original/Biere/bitcell_16_2/pec_bit_cell_arbiter_2_632.dqdimacs,69,99
./benchmark_tests/original/Biere/bitcell_16_2/pec_bit_cell_arbiter_2_632.dqdimacs,70,100
./benchmark_tests/original/Biere/bitcell_16_2/pec_bit_cell_arbiter_2_632.dqdimacs,71,100
./benchmark_tests/original/Biere/bitcell_16_2/pec_bit_cell_arbiter_2_632.dqdimacs,72,99
./benchmark_tests/original/Biere/bitcell_16_2/pec_bit_cell_arbiter_2_632.dqdimacs,73,99
./benchmark_tests/original/Biere/bitcell_16_2/pec_bit_cell_arbiter_2_632.dqdimacs,74,100
./benchmark_tests/original/Biere/bitcell_16_2/pec_bit_cell_arbiter_2_632.dqdimacs,75,100
./benchmark_tests/original/Biere/bitcell_16_2/pec_bit_cell_arbiter_2_632.dqdimacs,76,100
./benchmark_tests/original/Biere/bitcell_16_2/pec_bit_cell_arbiter_2_632.dqdimacs,77,99
./benchmark_tests/original/Biere/bitcell_16_2/pec_bit_cell_arbiter_2_632.dqdimacs,78,99
./benchmark_tests/original/Biere/bitcell_16_2/pec_bit_cell_arbiter_2_632.dqdimacs,80,99
./benchmark_tests/original/Biere/bitcell_16_2/pec_bit_cell_arbiter_2_632.dqdimacs,81,99
./benchmark_tests/original/Biere/bitcell_16_2/pec_bit_cell_arbiter_2_632.dqdimacs,82,100
./benchmark_tests/original/Biere/bitcell_16_2/pec_bit_cell_arbiter_2_632.dqdimacs,83,100
./benchmark_tests/original/Biere/bitcell_16_2/pec_bit_cell_arbiter_2_632.dqdimacs,85,99
./benchmark_tests/original/Biere/bitcell_16_2/pec_bit_cell_arbiter_2_632.dqdimacs,86,100
./benchmark_tests/original/Biere/bitcell_16_2/pec_bit_cell_arbiter_2_632.dqdimacs,87,100
./benchmark_tests/original/Biere/bitcell_16_2/pec_bit_cell_arbiter_2_632.dqdimacs,88,100
./benchmark_tests/original/Biere/bitcell_16_2/pec_bit_cell_arbiter_2_632.dqdimacs,89,99
./benchmark_tests/original/Biere/bitcell_16_2/pec_bit_cell_arbiter_2_632.dqdimacs,90,99
./benchmark_tests/original/Biere/bitcell_16_2/pec_bit_cell_arbiter_2_632.dqdimacs,91,100
./benchmark_tests/original/Biere/bitcell_16_2/pec_bit_cell_arbiter_2_632.dqdimacs,93,99
./benchmark_tests/original/Biere/bitcell_16_2/pec_bit_cell_arbiter_2_632.dqdimacs,94,100
./benchmark_tests/original/Biere/bitcell_16_2/pec_bit_cell_arbiter_2_632.dqdimacs,95,100
./benchmark_tests/original/Biere/bitcell_16_2/pec_bit_cell_arbiter_2_632.dqdimacs,96,99
./benchmark_tests/original/Biere/bitcell_16_2/pec_bit_cell_arbiter_2_632.dqdimacs,97,99
./benchmark_tests/original/Biere/bitcell_16_2/pec_bit_cell_arbiter_2_632.dqdimacs,98,100
./benchmark_tests/original/Biere/bitcell_16_2/pec_bit_cell_arbiter_2_632.dqdimacs,99,101
./benchmark_tests/original/Biere/bitcell_16_2/pec_bit_cell_arbiter_2_632.dqdimacs,101,100
./benchmark_tests/original/Biere/bitcell_16_2/pec_bit_cell_arbiter_2_632.dqdimacs,102,99
./benchmark_tests/original/Biere/bitcell_16_2/pec_bit_cell_arbiter_2_632.dqdimacs,103,101
./benchmark_tests/original/Biere/bitcell_16_2/pec_bit_cell_arbiter_2_632.dqdimacs,104,100
./benchmark_tests/original/Biere/bitcell_16_2/pec_bit_cell_arbiter_2_632.dqdimacs,105,100
./benchmark_tests/original/Biere/bitcell_16_2/pec_bit_cell_arbiter_2_632.dqdimacs,106,100
./benchmark_tests/original/Biere/bitcell_16_2/pec_bit_cell_arbiter_2_632.dqdimacs,107,99
./benchmark_tests/original/Biere/bitcell_16_2/pec_bit_cell_arbiter_2_632.dqdimacs,109,100
./benchmark_tests/original/Biere/bitcell_16_2/pec_bit_cell_arbiter_2_632.dqdimacs,110,99
./benchmark_tests/original/Biere/bitcell_16_2/pec_bit_cell_arbiter_2_632.dqdimacs,111,99
./benchmark_tests/original/Biere/bitcell_16_2/pec_bit_cell_arbiter_2_632.dqdimacs,112,99
./benchmark_tests/original/Biere/bitcell_16_2/pec_bit_cell_arbiter_2_632.dqdimacs,113,99
./benchmark_tests/original/Biere/bitcell_16_2/pec_bit_cell_arbiter_2_632.dqdimacs,114,100
./benchmark_tests/original/Biere/bitcell_16_2/pec_bit_cell_arbiter_2_632.dqdimacs,115,100
./benchmark_tests/original/Biere/bitcell_16_2/pec_bit_cell_arbiter_2_632.dqdimacs,117,99
./benchmark_tests/original/Biere/bitcell_16_2/pec_bit_cell_arbiter_2_632.dqdimacs,118,100
./benchmark_tests/original/Biere/bitcell_16_2/pec_bit_cell_arbiter_2_632.dqdimacs,119,99
./benchmark_tests/original/Biere/bitcell_16_2/pec_bit_cell_arbiter_2_632.dqdimacs,120,99
./benchmark_tests/original/Biere/bitcell_16_2/pec_bit_cell_arbiter_2_632.dqdimacs,121,101
./benchmark_tests/original/Biere/bitcell_16_2/pec_bit_cell_arbiter_2_632.dqdimacs,122,101
./benchmark_tests/original/Biere/bitcell_16_2/pec_bit_cell_arbiter_2_632.dqdimacs,123,100
./benchmark_tests/original/Biere/bitcell_16_2/pec_bit_cell_arbiter_2_632.dqdimacs,125,99
./benchmark_tests/original/Biere/bitcell_16_2/pec_bit_cell_arbiter_2_632.dqdimacs,126,99
./benchmark_tests/original/Biere/bitcell_16_2/pec_bit_cell_arbiter_2_632.dqdimacs,127,103
./benchmark_tests/original/Biere/bitcell_16_2/pec_bit_cell_arbiter_2_632.dqdimacs,128,100
./benchmark_tests/original/Biere/bitcell_16_2/pec_bit_cell_arbiter_2_632.dqdimacs,129,100
./benchmark_tests/original/Biere/bitcell_16_2/pec_bit_cell_arbiter_2_632.dqdimacs,130,100
./benchmark_tests/original/Biere/bitcell_16_2/pec_bit_cell_arbiter_2_632.dqdimacs,131,100
./benchmark_tests/original/Biere/bitcell_16_2/pec_bit_cell_arbiter_2_632.dqdimacs,132,99
./benchmark_tests/original/Biere/bitcell_16_2/pec_bit_cell_arbiter_2_632.dqdimacs,133,100
./benchmark_tests/original/Biere/bitcell_16_2/pec_bit_cell_arbiter_2_632.dqdimacs,134,100
./benchmark_tests/original/Biere/bitcell_16_2/pec_bit_cell_arbiter_2_632.dqdimacs,135,100
./benchmark_tests/original/Biere/bitcell_16_2/pec_bit_cell_arbiter_2_632.dqdimacs,136,100
./benchmark_tests/original/Biere/bitcell_16_2/pec_bit_cell_arbiter_2_632.dqdimacs,137,100
./benchmark_tests/original/Biere/bitcell_16_2/pec_bit_cell_arbiter_2_634.dqdimacs,3,195
./benchmark_tests/original/Biere/bitcell_16_2/pec_bit_cell_arbiter_2_634.dqdimacs,6,183
./benchmark_tests/original/Biere/bitcell_16_2/pec_bit_cell_arbiter_2_634.dqdimacs,8,162
./benchmark_tests/original/Biere/bitcell_16_2/pec_bit_cell_arbiter_2_634.dqdimacs,9,162
./benchmark_tests/original/Biere/bitcell_16_2/pec_bit_cell_arbiter_2_634.dqdimacs,10,162
./benchmark_tests/original/Biere/bitcell_16_2/pec_bit_cell_arbiter_2_634.dqdimacs,11,161
./benchmark_tests/original/Biere/bitcell_16_2/pec_bit_cell_arbiter_2_634.dqdimacs,12,206
./benchmark_tests/original/Biere/bitcell_16_2/pec_bit_cell_arbiter_2_634.dqdimacs,13,163
./benchmark_tests/original/Biere/bitcell_16_2/pec_bit_cell_arbiter_2_634.dqdimacs,14,160
./benchmark_tests/original/Biere/bitcell_16_2/pec_bit_cell_arbiter_2_634.dqdimacs,15,150
./benchmark_tests/original/Biere/bitcell_16_2/pec_bit_cell_arbiter_2_634.dqdimacs,17,138
./benchmark_tests/original/Biere/bitcell_16_2/pec_bit_cell_arbiter_2_634.dqdimacs,18,128
./benchmark_tests/original/Biere/bitcell_16_2/pec_bit_cell_arbiter_2_634.dqdimacs,19,116
./benchmark_tests/original/Biere/bitcell_16_2/pec_bit_cell_arbiter_2_634.dqdimacs,20,106
./benchmark_tests/original/Biere/bitcell_16_2/pec_bit_cell_arbiter_2_634.dqdimacs,21,99
./benchmark_tests/original/Biere/bitcell_16_2/pec_bit_cell_arbiter_2_634.dqdimacs,22,92
./benchmark_tests/original/Biere/bitcell_16_2/pec_bit_cell_arbiter_2_634.dqdimacs,23,88
./benchmark_tests/original/Biere/bitcell_16_2/pec_bit_cell_arbiter_2_634.dqdimacs,24,87
./benchmark_tests/original/Biere/bitcell_16_2/pec_bit_cell_arbiter_2_634.dqdimacs,25,87
./benchmark_tests/original/Biere/bitcell_16_2/pec_bit_cell_arbiter_2_634.dqdimacs,26,88
./benchmark_tests/original/Biere/bitcell_16_2/pec_bit_cell_arbiter_2_634.dqdimacs,27,87
./benchmark_tests/original/Biere/bitcell_16_2/pec_bit_cell_arbiter_2_634.dqdimacs,28,87
./benchmark_tests/original/Biere/bitcell_16_2/pec_bit_cell_arbiter_2_634.dqdimacs,29,88
./benchmark_tests/original/Biere/bitcell_16_2/pec_bit_cell_arbiter_2_634.dqdimacs,30,93
./benchmark_tests/original/Biere/bitcell_16_2/pec_bit_cell_arbiter_2_634.dqdimacs,31,87
./benchmark_tests/original/Biere/bitcell_16_2/pec_bit_cell_arbiter_2_634.dqdimacs,32,87
./benchmark_tests/original/Biere/bitcell_16_2/pec_bit_cell_arbiter_2_634.dqdimacs,33,87
./benchmark_tests/original/Biere/bitcell_16_2/pec_bit_cell_arbiter_2_634.dqdimacs,34,87
./benchmark_tests/original/Biere/bitcell_16_2/pec_bit_cell_arbiter_2_634.dqdimacs,36,88
./benchmark_tests/original/Biere/bitcell_16_2/pec_bit_cell_arbiter_2_634.dqdimacs,37,87
./benchmark_tests/original/Biere/bitcell_16_2/pec_bit_cell_arbiter_2_634.dqdimacs,38,88
./benchmark_tests/original/Biere/bitcell_16_2/pec_bit_cell_arbiter_2_634.dqdimacs,39,88
./benchmark_tests/original/Biere/bitcell_16_2/pec_bit_cell_arbiter_2_634.dqdimacs,41,88
./benchmark_tests/original/Biere/bitcell_16_2/pec_bit_cell_arbiter_2_634.dqdimacs,42,88
./benchmark_tests/original/Biere/bitcell_16_2/pec_bit_cell_arbiter_2_634.dqdimacs,43,87
./benchmark_tests/original/Biere/bitcell_16_2/pec_bit_cell_arbiter_2_634.dqdimacs,44,88
./benchmark_tests/original/Biere/bitcell_16_2/pec_bit_cell_arbiter_2_634.dqdimacs,45,88
./benchmark_tests/original/Biere/bitcell_16_2/pec_bit_cell_arbiter_2_634.dqdimacs,46,88
./benchmark_tests/original/Biere/bitcell_16_2/pec_bit_cell_arbiter_2_634.dqdimacs,47,88
./benchmark_tests/original/Biere/bitcell_16_2/pec_bit_cell_arbiter_2_634.dqdimacs,49,87
./benchmark_tests/original/Biere/bitcell_16_2/pec_bit_cell_arbiter_2_634.dqdimacs,50,87
./benchmark_tests/original/Biere/bitcell_16_2/pec_bit_cell_arbiter_2_634.dqdimacs,51,87
./benchmark_tests/original/Biere/bitcell_16_2/pec_bit_cell_arbiter_2_634.dqdimacs,52,88
./benchmark_tests/original/Biere/bitcell_16_2/pec_bit_cell_arbiter_2_634.dqdimacs,53,88
./benchmark_tests/original/Biere/bitcell_16_2/pec_bit_cell_arbiter_2_634.dqdimacs,54,88
./benchmark_tests/original/Biere/bitcell_16_2/pec_bit_cell_arbiter_2_634.dqdimacs,55,88
./benchmark_tests/original/Biere/bitcell_16_2/pec_bit_cell_arbiter_2_634.dqdimacs,57,87
./benchmark_tests/original/Biere/bitcell_16_2/pec_bit_cell_arbiter_2_634.dqdimacs,58,87
./benchmark_tests/original/Biere/bitcell_16_2/pec_bit_cell_arbiter_2_634.dqdimacs,59,87
./benchmark_tests/original/Biere/bitcell_16_2/pec_bit_cell_arbiter_2_634.dqdimacs,60,88
./benchmark_tests/original/Biere/bitcell_16_2/pec_bit_cell_arbiter_2_634.dqdimacs,61,88
./benchmark_tests/original/Biere/bitcell_16_2/pec_bit_cell_arbiter_2_634.dqdimacs,62,88
./benchmark_tests/original/Biere/bitcell_16_2/pec_bit_cell_arbiter_2_634.dqdimacs,63,88
./benchmark_tests/original/Biere/bitcell_16_2/pec_bit_cell_arbiter_2_634.dqdimacs,65,88
./benchmark_tests/original/Biere/bitcell_16_2/pec_bit_cell_arbiter_2_634.dqdimacs,66,87
./benchmark_tests/original/Biere/bitcell_16_2/pec_bit_cell_arbiter_2_634.dqdimacs,67,87
./benchmark_tests/original/Biere/bitcell_16_2/pec_bit_cell_arbiter_2_634.dqdimacs,68,88
./benchmark_tests/original/Biere/bitcell_16_2/pec_bit_cell_arbiter_2_634.dqdimacs,69,89
./benchmark_tests/original/Biere/bitcell_16_2/pec_bit_cell_arbiter_2_634.dqdimacs,70,88
./benchmark_tests/original/Biere/bitcell_16_2/pec_bit_cell_arbiter_2_634.dqdimacs,71,88
./benchmark_tests/original/Biere/bitcell_16_2/pec_bit_cell_arbiter_2_634.dqdimacs,73,87
./benchmark_tests/original/Biere/bitcell_16_2/pec_bit_cell_arbiter_2_634.dqdimacs,74,87
./benchmark_tests/original/Biere/bitcell_16_2/pec_bit_cell_arbiter_2_634.dqdimacs,75,87
./benchmark_tests/original/Biere/bitcell_16_2/pec_bit_cell_arbiter_2_634.dqdimacs,76,87
./benchmark_tests/original/Biere/bitcell_16_2/pec_bit_cell_arbiter_2_634.dqdimacs,77,88
./benchmark_tests/original/Biere/bitcell_16_2/pec_bit_cell_arbiter_2_634.dqdimacs,78,88
./benchmark_tests/original/Biere/bitcell_16_2/pec_bit_cell_arbiter_2_634.dqdimacs,79,88
./benchmark_tests/original/Biere/bitcell_16_2/pec_bit_cell_arbiter_2_634.dqdimacs,81,87
./benchmark_tests/original/Biere/bitcell_16_2/pec_bit_cell_arbiter_2_634.dqdimacs,82,87
./benchmark_tests/original/Biere/bitcell_16_2/pec_bit_cell_arbiter_2_634.dqdimacs,83,87
./benchmark_tests/original/Biere/bitcell_16_2/pec_bit_cell_arbiter_2_634.dqdimacs,84,87
./benchmark_tests/original/Biere/bitcell_16_2/pec_bit_cell_arbiter_2_634.dqdimacs,85,88
./benchmark_tests/original/Biere/bitcell_16_2/pec_bit_cell_arbiter_2_634.dqdimacs,86,88
./benchmark_tests/original/Biere/bitcell_16_2/pec_bit_cell_arbiter_2_634.dqdimacs,87,87
./benchmark_tests/original/Biere/bitcell_16_2/pec_bit_cell_arbiter_2_634.dqdimacs,89,87
./benchmark_tests/original/Biere/bitcell_16_2/pec_bit_cell_arbiter_2_634.dqdimacs,90,87
./benchmark_tests/original/Biere/bitcell_16_2/pec_bit_cell_arbiter_2_634.dqdimacs,91,87
./benchmark_tests/original/Biere/bitcell_16_2/pec_bit_cell_arbiter_2_634.dqdimacs,92,88
./benchmark_tests/original/Biere/bitcell_16_2/pec_bit_cell_arbiter_2_634.dqdimacs,93,88
./benchmark_tests/original/Biere/bitcell_16_2/pec_bit_cell_arbiter_2_634.dqdimacs,94,88
./benchmark_tests/original/Biere/bitcell_16_2/pec_bit_cell_arbiter_2_634.dqdimacs,95,88
./benchmark_tests/original/Biere/bitcell_16_2/pec_bit_cell_arbiter_2_634.dqdimacs,97,87
./benchmark_tests/original/Biere/bitcell_16_2/pec_bit_cell_arbiter_2_634.dqdimacs,98,87
./benchmark_tests/original/Biere/bitcell_16_2/pec_bit_cell_arbiter_2_634.dqdimacs,99,87
./benchmark_tests/original/Biere/bitcell_16_2/pec_bit_cell_arbiter_2_634.dqdimacs,100,88
./benchmark_tests/original/Biere/bitcell_16_2/pec_bit_cell_arbiter_2_634.dqdimacs,101,88
./benchmark_tests/original/Biere/bitcell_16_2/pec_bit_cell_arbiter_2_634.dqdimacs,102,88
./benchmark_tests/original/Biere/bitcell_16_2/pec_bit_cell_arbiter_2_634.dqdimacs,103,88
./benchmark_tests/original/Biere/bitcell_16_2/pec_bit_cell_arbiter_2_634.dqdimacs,105,87
./benchmark_tests/original/Biere/bitcell_16_2/pec_bit_cell_arbiter_2_634.dqdimacs,106,87
./benchmark_tests/original/Biere/bitcell_16_2/pec_bit_cell_arbiter_2_634.dqdimacs,107,88
./benchmark_tests/original/Biere/bitcell_16_2/pec_bit_cell_arbiter_2_634.dqdimacs,108,88
./benchmark_tests/original/Biere/bitcell_16_2/pec_bit_cell_arbiter_2_634.dqdimacs,109,88
./benchmark_tests/original/Biere/bitcell_16_2/pec_bit_cell_arbiter_2_634.dqdimacs,110,88
./benchmark_tests/original/Biere/bitcell_16_2/pec_bit_cell_arbiter_2_634.dqdimacs,111,88
./benchmark_tests/original/Biere/bitcell_16_2/pec_bit_cell_arbiter_2_634.dqdimacs,113,87
./benchmark_tests/original/Biere/bitcell_16_2/pec_bit_cell_arbiter_2_634.dqdimacs,114,87
./benchmark_tests/original/Biere/bitcell_16_2/pec_bit_cell_arbiter_2_634.dqdimacs,115,87
./benchmark_tests/original/Biere/bitcell_16_2/pec_bit_cell_arbiter_2_634.dqdimacs,116,88
./benchmark_tests/original/Biere/bitcell_16_2/pec_bit_cell_arbiter_2_634.dqdimacs,117,88
./benchmark_tests/original/Biere/bitcell_16_2/pec_bit_cell_arbiter_2_634.dqdimacs,118,89
./benchmark_tests/original/Biere/bitcell_16_2/pec_bit_cell_arbiter_2_634.dqdimacs,119,88
./benchmark_tests/original/Biere/bitcell_16_2/pec_bit_cell_arbiter_2_634.dqdimacs,121,88
./benchmark_tests/original/Biere/bitcell_16_2/pec_bit_cell_arbiter_2_634.dqdimacs,122,88
./benchmark_tests/original/Biere/bitcell_16_2/pec_bit_cell_arbiter_2_634.dqdimacs,123,88
./benchmark_tests/original/Biere/bitcell_16_2/pec_bit_cell_arbiter_2_634.dqdimacs,124,88
./benchmark_tests/original/Biere/bitcell_16_2/pec_bit_cell_arbiter_2_634.dqdimacs,125,88
./benchmark_tests/original/Biere/bitcell_16_2/pec_bit_cell_arbiter_2_634.dqdimacs,126,88
./benchmark_tests/original/Biere/bitcell_16_2/pec_bit_cell_arbiter_2_634.dqdimacs,127,88
./benchmark_tests/original/Biere/bitcell_16_2/pec_bit_cell_arbiter_2_634.dqdimacs,129,87
./benchmark_tests/original/Biere/bitcell_16_2/pec_bit_cell_arbiter_2_634.dqdimacs,130,87
./benchmark_tests/original/Biere/bitcell_16_2/pec_bit_cell_arbiter_2_634.dqdimacs,131,87
./benchmark_tests/original/Biere/bitcell_16_2/pec_bit_cell_arbiter_2_634.dqdimacs,132,87
./benchmark_tests/original/Biere/bitcell_16_2/pec_bit_cell_arbiter_2_634.dqdimacs,133,88
./benchmark_tests/original/Biere/bitcell_16_2/pec_bit_cell_arbiter_2_634.dqdimacs,134,88
./benchmark_tests/original/Biere/bitcell_16_2/pec_bit_cell_arbiter_2_634.dqdimacs,135,88
./benchmark_tests/original/Biere/bitcell_16_2/pec_bit_cell_arbiter_2_634.dqdimacs,136,87
./benchmark_tests/original/Biere/bitcell_16_2/pec_bit_cell_arbiter_2_634.dqdimacs,137,86
./benchmark_tests/original/Biere/bitcell_16_2/pec_bit_cell_arbiter_2_634.dqdimacs,138,88
./benchmark_tests/original/Biere/bitcell_16_2/pec_bit_cell_arbiter_2_634.dqdimacs,139,89
./benchmark_tests/original/Biere/bitcell_16_2/pec_bit_cell_arbiter_2_634.dqdimacs,140,88
./benchmark_tests/original/Biere/bitcell_16_2/pec_bit_cell_arbiter_2_634.dqdimacs,141,87
./benchmark_tests/original/Biere/bitcell_16_2/pec_bit_cell_arbiter_2_637.dqdimacs,3,271
./benchmark_tests/original/Biere/bitcell_16_2/pec_bit_cell_arbiter_2_637.dqdimacs,5,259
./benchmark_tests/original/Biere/bitcell_16_2/pec_bit_cell_arbiter_2_637.dqdimacs,7,239
./benchmark_tests/original/Biere/bitcell_16_2/pec_bit_cell_arbiter_2_637.dqdimacs,8,238
./benchmark_tests/original/Biere/bitcell_16_2/pec_bit_cell_arbiter_2_637.dqdimacs,9,241
./benchmark_tests/original/Biere/bitcell_16_2/pec_bit_cell_arbiter_2_637.dqdimacs,10,240
./benchmark_tests/original/Biere/bitcell_16_2/pec_bit_cell_arbiter_2_637.dqdimacs,11,225
./benchmark_tests/original/Biere/bitcell_16_2/pec_bit_cell_arbiter_2_637.dqdimacs,12,235
./benchmark_tests/original/Biere/bitcell_16_2/pec_bit_cell_arbiter_2_637.dqdimacs,13,171
./benchmark_tests/original/Biere/bitcell_16_2/pec_bit_cell_arbiter_2_637.dqdimacs,16,151
./benchmark_tests/original/Biere/bitcell_16_2/pec_bit_cell_arbiter_2_637.dqdimacs,18,136
./benchmark_tests/original/Biere/bitcell_16_2/pec_bit_cell_arbiter_2_637.dqdimacs,20,128
./benchmark_tests/original/Biere/bitcell_16_2/pec_bit_cell_arbiter_2_637.dqdimacs,22,129
./benchmark_tests/original/Biere/bitcell_16_2/pec_bit_cell_arbiter_2_637.dqdimacs,24,128
./benchmark_tests/original/Biere/bitcell_16_2/pec_bit_cell_arbiter_2_637.dqdimacs,26,128
./benchmark_tests/original/Biere/bitcell_16_2/pec_bit_cell_arbiter_2_637.dqdimacs,28,129
./benchmark_tests/original/Biere/bitcell_16_2/pec_bit_cell_arbiter_2_637.dqdimacs,30,128
./benchmark_tests/original/Biere/bitcell_16_2/pec_bit_cell_arbiter_2_637.dqdimacs,32,128
./benchmark_tests/original/Biere/bitcell_16_2/pec_bit_cell_arbiter_2_637.dqdimacs,34,128
./benchmark_tests/original/Biere/bitcell_16_2/pec_bit_cell_arbiter_2_637.dqdimacs,35,128
./benchmark_tests/original/Biere/bitcell_16_2/pec_bit_cell_arbiter_2_637.dqdimacs,36,127
./benchmark_tests/original/Biere/bitcell_16_2/pec_bit_cell_arbiter_2_637.dqdimacs,37,127
./benchmark_tests/original/Biere/bitcell_16_2/pec_bit_cell_arbiter_2_637.dqdimacs,38,127
./benchmark_tests/original/Biere/bitcell_16_2/pec_bit_cell_arbiter_2_637.dqdimacs,39,127
./benchmark_tests/original/Biere/bitcell_16_2/pec_bit_cell_arbiter_2_637.dqdimacs,40,132
./benchmark_tests/original/Biere/bitcell_16_2/pec_bit_cell_arbiter_2_637.dqdimacs,41,127
./benchmark_tests/original/Biere/bitcell_16_2/pec_bit_cell_arbiter_2_637.dqdimacs,42,127
./benchmark_tests/original/Biere/bitcell_16_2/pec_bit_cell_arbiter_2_637.dqdimacs,43,127
./benchmark_tests/original/Biere/bitcell_16_2/pec_bit_cell_arbiter_2_637.dqdimacs,44,127
./benchmark_tests/original/Biere/bitcell_16_2/pec_bit_cell_arbiter_2_637.dqdimacs,45,128
./benchmark_tests/original/Biere/bitcell_16_2/pec_bit_cell_arbiter_2_637.dqdimacs,46,128
./benchmark_tests/original/Biere/bitcell_16_2/pec_bit_cell_arbiter_2_637.dqdimacs,47,128
./benchmark_tests/original/Biere/bitcell_16_2/pec_bit_cell_arbiter_2_637.dqdimacs,48,128
./benchmark_tests/original/Biere/bitcell_16_2/pec_bit_cell_arbiter_2_637.dqdimacs,49,128
./benchmark_tests/original/Biere/bitcell_16_2/pec_bit_cell_arbiter_2_637.dqdimacs,50,128
./benchmark_tests/original/Biere/bitcell_16_2/pec_bit_cell_arbiter_2_637.dqdimacs,51,127
./benchmark_tests/original/Biere/bitcell_16_2/pec_bit_cell_arbiter_2_637.dqdimacs,52,128
./benchmark_tests/original/Biere/bitcell_16_2/pec_bit_cell_arbiter_2_637.dqdimacs,53,128
./benchmark_tests/original/Biere/bitcell_16_2/pec_bit_cell_arbiter_2_637.dqdimacs,54,128
./benchmark_tests/original/Biere/bitcell_16_2/pec_bit_cell_arbiter_2_637.dqdimacs,55,129
./benchmark_tests/original/Biere/bitcell_16_2/pec_bit_cell_arbiter_2_637.dqdimacs,56,128
./benchmark_tests/original/Biere/bitcell_16_2/pec_bit_cell_arbiter_2_637.dqdimacs,57,127
./benchmark_tests/original/Biere/bitcell_16_2/pec_bit_cell_arbiter_2_637.dqdimacs,58,128
./benchmark_tests/original/Biere/bitcell_16_2/pec_bit_cell_arbiter_2_637.dqdimacs,59,128
./benchmark_tests/original/Biere/bitcell_16_2/pec_bit_cell_arbiter_2_637.dqdimacs,60,127
./benchmark_tests/original/Biere/bitcell_16_2/pec_bit_cell_arbiter_2_637.dqdimacs,61,127
./benchmark_tests/original/Biere/bitcell_16_2/pec_bit_cell_arbiter_2_637.dqdimacs,62,128
./benchmark_tests/original/Biere/bitcell_16_2/pec_bit_cell_arbiter_2_637.dqdimacs,63,128
./benchmark_tests/original/Biere/bitcell_16_2/pec_bit_cell_arbiter_2_637.dqdimacs,64,128
./benchmark_tests/original/Biere/bitcell_16_2/pec_bit_cell_arbiter_2_637.dqdimacs,65,128
./benchmark_tests/original/Biere/bitcell_16_2/pec_bit_cell_arbiter_2_637.dqdimacs,66,128
./benchmark_tests/original/Biere/bitcell_16_2/pec_bit_cell_arbiter_2_637.dqdimacs,67,128
./benchmark_tests/original/Biere/bitcell_16_2/pec_bit_cell_arbiter_2_637.dqdimacs,68,128
./benchmark_tests/original/Biere/bitcell_16_2/pec_bit_cell_arbiter_2_637.dqdimacs,69,128
./benchmark_tests/original/Biere/bitcell_16_2/pec_bit_cell_arbiter_2_637.dqdimacs,70,128
./benchmark_tests/original/Biere/bitcell_16_2/pec_bit_cell_arbiter_2_637.dqdimacs,71,128
./benchmark_tests/original/Biere/bitcell_16_2/pec_bit_cell_arbiter_2_637.dqdimacs,72,128
./benchmark_tests/original/Biere/bitcell_16_2/pec_bit_cell_arbiter_2_637.dqdimacs,73,128
./benchmark_tests/original/Biere/bitcell_16_2/pec_bit_cell_arbiter_2_637.dqdimacs,74,128
./benchmark_tests/original/Biere/bitcell_16_2/pec_bit_cell_arbiter_2_637.dqdimacs,75,128
./benchmark_tests/original/Biere/bitcell_16_2/pec_bit_cell_arbiter_2_637.dqdimacs,76,127
./benchmark_tests/original/Biere/bitcell_16_2/pec_bit_cell_arbiter_2_637.dqdimacs,77,128
./benchmark_tests/original/Biere/bitcell_16_2/pec_bit_cell_arbiter_2_637.dqdimacs,78,128
./benchmark_tests/original/Biere/bitcell_16_2/pec_bit_cell_arbiter_2_637.dqdimacs,79,128
./benchmark_tests/original/Biere/bitcell_16_2/pec_bit_cell_arbiter_2_637.dqdimacs,80,129
./benchmark_tests/original/Biere/bitcell_16_2/pec_bit_cell_arbiter_2_637.dqdimacs,81,128
./benchmark_tests/original/Biere/bitcell_16_2/pec_bit_cell_arbiter_2_637.dqdimacs,82,128
./benchmark_tests/original/Biere/bitcell_16_2/pec_bit_cell_arbiter_2_637.dqdimacs,83,129
./benchmark_tests/original/Biere/bitcell_16_2/pec_bit_cell_arbiter_2_637.dqdimacs,84,128
./benchmark_tests/original/Biere/bitcell_16_2/pec_bit_cell_arbiter_2_637.dqdimacs,85,129
./benchmark_tests/original/Biere/bitcell_16_2/pec_bit_cell_arbiter_2_637.dqdimacs,86,129
./benchmark_tests/original/Biere/bitcell_16_2/pec_bit_cell_arbiter_2_637.dqdimacs,88,129
./benchmark_tests/original/Biere/bitcell_16_2/pec_bit_cell_arbiter_2_637.dqdimacs,89,128
./benchmark_tests/original/Biere/bitcell_16_2/pec_bit_cell_arbiter_2_637.dqdimacs,90,129
./benchmark_tests/original/Biere/bitcell_16_2/pec_bit_cell_arbiter_2_637.dqdimacs,92,129
./benchmark_tests/original/Biere/bitcell_16_2/pec_bit_cell_arbiter_2_637.dqdimacs,93,129
./benchmark_tests/original/Biere/bitcell_16_2/pec_bit_cell_arbiter_2_637.dqdimacs,94,129
./benchmark_tests/original/Biere/bitcell_16_2/pec_bit_cell_arbiter_2_637.dqdimacs,95,129
./benchmark_tests/original/Biere/bitcell_16_2/pec_bit_cell_arbiter_2_637.dqdimacs,96,129
./benchmark_tests/original/Biere/bitcell_16_2/pec_bit_cell_arbiter_2_637.dqdimacs,97,130
./benchmark_tests/original/Biere/bitcell_16_2/pec_bit_cell_arbiter_2_637.dqdimacs,98,130
./benchmark_tests/original/Biere/bitcell_16_2/pec_bit_cell_arbiter_2_637.dqdimacs,100,129
./benchmark_tests/original/Biere/bitcell_16_2/pec_bit_cell_arbiter_2_637.dqdimacs,101,129
./benchmark_tests/original/Biere/bitcell_16_2/pec_bit_cell_arbiter_2_637.dqdimacs,102,129
./benchmark_tests/original/Biere/bitcell_16_2/pec_bit_cell_arbiter_2_637.dqdimacs,103,129
./benchmark_tests/original/Biere/bitcell_16_2/pec_bit_cell_arbiter_2_637.dqdimacs,104,129
./benchmark_tests/original/Biere/bitcell_16_2/pec_bit_cell_arbiter_2_637.dqdimacs,105,129
./benchmark_tests/original/Biere/bitcell_16_2/pec_bit_cell_arbiter_2_637.dqdimacs,106,129
./benchmark_tests/original/Biere/bitcell_16_2/pec_bit_cell_arbiter_2_637.dqdimacs,108,129
./benchmark_tests/original/Biere/bitcell_16_2/pec_bit_cell_arbiter_2_637.dqdimacs,109,129
./benchmark_tests/original/Biere/bitcell_16_2/pec_bit_cell_arbiter_2_637.dqdimacs,110,129
./benchmark_tests/original/Biere/bitcell_16_2/pec_bit_cell_arbiter_2_637.dqdimacs,111,129
./benchmark_tests/original/Biere/bitcell_16_2/pec_bit_cell_arbiter_2_637.dqdimacs,112,129
./benchmark_tests/original/Biere/bitcell_16_2/pec_bit_cell_arbiter_2_637.dqdimacs,113,129
./benchmark_tests/original/Biere/bitcell_16_2/pec_bit_cell_arbiter_2_637.dqdimacs,114,130
./benchmark_tests/original/Biere/bitcell_16_2/pec_bit_cell_arbiter_2_637.dqdimacs,115,130
./benchmark_tests/original/Biere/bitcell_16_2/pec_bit_cell_arbiter_2_637.dqdimacs,116,129
./benchmark_tests/original/Biere/bitcell_16_2/pec_bit_cell_arbiter_2_637.dqdimacs,117,129
./benchmark_tests/original/Biere/bitcell_16_2/pec_bit_cell_arbiter_2_637.dqdimacs,118,130
./benchmark_tests/original/Biere/bitcell_16_2/pec_bit_cell_arbiter_2_637.dqdimacs,119,130
./benchmark_tests/original/Biere/bitcell_16_2/pec_bit_cell_arbiter_2_637.dqdimacs,120,130
./benchmark_tests/original/Biere/bitcell_16_2/pec_bit_cell_arbiter_2_637.dqdimacs,121,130
./benchmark_tests/original/Biere/bitcell_16_2/pec_bit_cell_arbiter_2_651.dqdimacs,3,108
./benchmark_tests/original/Biere/bitcell_16_2/pec_bit_cell_arbiter_2_651.dqdimacs,5,97
./benchmark_tests/original/Biere/bitcell_16_2/pec_bit_cell_arbiter_2_651.dqdimacs,7,76
./benchmark_tests/original/Biere/bitcell_16_2/pec_bit_cell_arbiter_2_651.dqdimacs,9,76
./benchmark_tests/original/Biere/bitcell_16_2/pec_bit_cell_arbiter_2_651.dqdimacs,11,76
./benchmark_tests/original/Biere/bitcell_16_2/pec_bit_cell_arbiter_2_651.dqdimacs,13,77
./benchmark_tests/original/Biere/bitcell_16_2/pec_bit_cell_arbiter_2_651.dqdimacs,14,76
./benchmark_tests/original/Biere/bitcell_16_2/pec_bit_cell_arbiter_2_651.dqdimacs,15,76
./benchmark_tests/original/Biere/bitcell_16_2/pec_bit_cell_arbiter_2_651.dqdimacs,16,77
./benchmark_tests/original/Biere/bitcell_16_2/pec_bit_cell_arbiter_2_651.dqdimacs,17,76
./benchmark_tests/original/Biere/bitcell_16_2/pec_bit_cell_arbiter_2_651.dqdimacs,18,77
./benchmark_tests/original/Biere/bitcell_16_2/pec_bit_cell_arbiter_2_651.dqdimacs,19,77
./benchmark_tests/original/Biere/bitcell_16_2/pec_bit_cell_arbiter_2_651.dqdimacs,20,77
./benchmark_tests/original/Biere/bitcell_16_2/pec_bit_cell_arbiter_2_651.dqdimacs,21,122
./benchmark_tests/original/Biere/bitcell_16_2/pec_bit_cell_arbiter_2_651.dqdimacs,22,77
./benchmark_tests/original/Biere/bitcell_16_2/pec_bit_cell_arbiter_2_651.dqdimacs,25,76
./benchmark_tests/original/Biere/bitcell_16_2/pec_bit_cell_arbiter_2_651.dqdimacs,26,77
./benchmark_tests/original/Biere/bitcell_16_2/pec_bit_cell_arbiter_2_651.dqdimacs,27,76
./benchmark_tests/original/Biere/bitcell_16_2/pec_bit_cell_arbiter_2_651.dqdimacs,28,75
./benchmark_tests/original/Biere/bitcell_16_2/pec_bit_cell_arbiter_2_651.dqdimacs,29,73
./benchmark_tests/original/Biere/bitcell_16_2/pec_bit_cell_arbiter_2_651.dqdimacs,30,70
./benchmark_tests/original/Biere/bitcell_16_2/pec_bit_cell_arbiter_2_651.dqdimacs,31,67
./benchmark_tests/original/Biere/bitcell_16_2/pec_bit_cell_arbiter_2_651.dqdimacs,32,64
./benchmark_tests/original/Biere/bitcell_16_2/pec_bit_cell_arbiter_2_651.dqdimacs,33,62
./benchmark_tests/original/Biere/bitcell_16_2/pec_bit_cell_arbiter_2_651.dqdimacs,34,60
./benchmark_tests/original/Biere/bitcell_16_2/pec_bit_cell_arbiter_2_651.dqdimacs,35,57
./benchmark_tests/original/Biere/bitcell_16_2/pec_bit_cell_arbiter_2_651.dqdimacs,36,55
./benchmark_tests/original/Biere/bitcell_16_2/pec_bit_cell_arbiter_2_651.dqdimacs,37,53
./benchmark_tests/original/Biere/bitcell_16_2/pec_bit_cell_arbiter_2_651.dqdimacs,38,51
./benchmark_tests/original/Biere/bitcell_16_2/pec_bit_cell_arbiter_2_651.dqdimacs,39,49
./benchmark_tests/original/Biere/bitcell_16_2/pec_bit_cell_arbiter_2_651.dqdimacs,40,48
./benchmark_tests/original/Biere/bitcell_16_2/pec_bit_cell_arbiter_2_651.dqdimacs,41,46
./benchmark_tests/original/Biere/bitcell_16_2/pec_bit_cell_arbiter_2_651.dqdimacs,42,45
./benchmark_tests/original/Biere/bitcell_16_2/pec_bit_cell_arbiter_2_651.dqdimacs,43,48
./benchmark_tests/original/Biere/bitcell_16_2/pec_bit_cell_arbiter_2_651.dqdimacs,44,42
./benchmark_tests/original/Biere/bitcell_16_2/pec_bit_cell_arbiter_2_651.dqdimacs,45,42
./benchmark_tests/original/Biere/bitcell_16_2/pec_bit_cell_arbiter_2_651.dqdimacs,46,42
./benchmark_tests/original/Biere/bitcell_16_2/pec_bit_cell_arbiter_2_651.dqdimacs,47,42
./benchmark_tests/original/Biere/bitcell_16_2/pec_bit_cell_arbiter_2_651.dqdimacs,48,42
./benchmark_tests/original/Biere/bitcell_16_2/pec_bit_cell_arbiter_2_651.dqdimacs,49,42
./benchmark_tests/original/Biere/bitcell_16_2/pec_bit_cell_arbiter_2_651.dqdimacs,50,42
./benchmark_tests/original/Biere/bitcell_16_2/pec_bit_cell_arbiter_2_651.dqdimacs,52,42
./benchmark_tests/original/Biere/bitcell_16_2/pec_bit_cell_arbiter_2_651.dqdimacs,53,42
./benchmark_tests/original/Biere/bitcell_16_2/pec_bit_cell_arbiter_2_651.dqdimacs,54,42
./benchmark_tests/original/Biere/bitcell_16_2/pec_bit_cell_arbiter_2_651.dqdimacs,55,42
./benchmark_tests/original/Biere/bitcell_16_2/pec_bit_cell_arbiter_2_651.dqdimacs,57,42
./benchmark_tests/original/Biere/bitcell_16_2/pec_bit_cell_arbiter_2_651.dqdimacs,58,42
./benchmark_tests/original/Biere/bitcell_16_2/pec_bit_cell_arbiter_2_651.dqdimacs,59,44
./benchmark_tests/original/Biere/bitcell_16_2/pec_bit_cell_arbiter_2_651.dqdimacs,60,42
./benchmark_tests/original/Biere/bitcell_16_2/pec_bit_cell_arbiter_2_651.dqdimacs,61,42
./benchmark_tests/original/Biere/bitcell_16_2/pec_bit_cell_arbiter_2_651.dqdimacs,62,42
./benchmark_tests/original/Biere/bitcell_16_2/pec_bit_cell_arbiter_2_651.dqdimacs,63,42
./benchmark_tests/original/Biere/bitcell_16_2/pec_bit_cell_arbiter_2_651.dqdimacs,65,41
./benchmark_tests/original/Biere/bitcell_16_2/pec_bit_cell_arbiter_2_651.dqdimacs,66,42
./benchmark_tests/original/Biere/bitcell_16_2/pec_bit_cell_arbiter_2_651.dqdimacs,67,42
./benchmark_tests/original/Biere/bitcell_16_2/pec_bit_cell_arbiter_2_651.dqdimacs,68,42
./benchmark_tests/original/Biere/bitcell_16_2/pec_bit_cell_arbiter_2_651.dqdimacs,69,42
./benchmark_tests/original/Biere/bitcell_16_2/pec_bit_cell_arbiter_2_651.dqdimacs,70,42
./benchmark_tests/original/Biere/bitcell_16_2/pec_bit_cell_arbiter_2_651.dqdimacs,71,42
./benchmark_tests/original/Biere/bitcell_16_2/pec_bit_cell_arbiter_2_651.dqdimacs,73,42
./benchmark_tests/original/Biere/bitcell_16_2/pec_bit_cell_arbiter_2_651.dqdimacs,74,42
./benchmark_tests/original/Biere/bitcell_16_2/pec_bit_cell_arbiter_2_651.dqdimacs,75,42
./benchmark_tests/original/Biere/bitcell_16_2/pec_bit_cell_arbiter_2_651.dqdimacs,76,42
./benchmark_tests/original/Biere/bitcell_16_2/pec_bit_cell_arbiter_2_651.dqdimacs,77,42
./benchmark_tests/original/Biere/bitcell_16_2/pec_bit_cell_arbiter_2_651.dqdimacs,78,43
./benchmark_tests/original/Biere/bitcell_16_2/pec_bit_cell_arbiter_2_651.dqdimacs,79,43
./benchmark_tests/original/Biere/bitcell_16_2/pec_bit_cell_arbiter_2_651.dqdimacs,81,42
./benchmark_tests/original/Biere/bitcell_16_2/pec_bit_cell_arbiter_2_651.dqdimacs,82,42
./benchmark_tests/original/Biere/bitcell_16_2/pec_bit_cell_arbiter_2_651.dqdimacs,83,42
./benchmark_tests/original/Biere/bitcell_16_2/pec_bit_cell_arbiter_2_651.dqdimacs,84,42
./benchmark_tests/original/Biere/bitcell_16_2/pec_bit_cell_arbiter_2_651.dqdimacs,85,43
./benchmark_tests/original/Biere/bitcell_16_2/pec_bit_cell_arbiter_2_651.dqdimacs,86,43
./benchmark_tests/original/Biere/bitcell_16_2/pec_bit_cell_arbiter_2_651.dqdimacs,87,43
./benchmark_tests/original/Biere/bitcell_16_2/pec_bit_cell_arbiter_2_651.dqdimacs,89,42
./benchmark_tests/original/Biere/bitcell_16_2/pec_bit_cell_arbiter_2_651.dqdimacs,90,43
./benchmark_tests/original/Biere/bitcell_16_2/pec_bit_cell_arbiter_2_651.dqdimacs,91,43
./benchmark_tests/original/Biere/bitcell_16_2/pec_bit_cell_arbiter_2_651.dqdimacs,92,43
./benchmark_tests/original/Biere/bitcell_16_2/pec_bit_cell_arbiter_2_651.dqdimacs,93,43
./benchmark_tests/original/Biere/bitcell_16_2/pec_bit_cell_arbiter_2_651.dqdimacs,94,43
./benchmark_tests/original/Biere/bitcell_16_2/pec_bit_cell_arbiter_2_651.dqdimacs,95,43
./benchmark_tests/original/Biere/bitcell_16_2/pec_bit_cell_arbiter_2_651.dqdimacs,97,42
./benchmark_tests/original/Biere/bitcell_16_2/pec_bit_cell_arbiter_2_651.dqdimacs,98,42
./benchmark_tests/original/Biere/bitcell_16_2/pec_bit_cell_arbiter_2_651.dqdimacs,99,42
./benchmark_tests/original/Biere/bitcell_16_2/pec_bit_cell_arbiter_2_651.dqdimacs,100,43
./benchmark_tests/original/Biere/bitcell_16_2/pec_bit_cell_arbiter_2_651.dqdimacs,101,43
./benchmark_tests/original/Biere/bitcell_16_2/pec_bit_cell_arbiter_2_651.dqdimacs,102,43
./benchmark_tests/original/Biere/bitcell_16_2/pec_bit_cell_arbiter_2_651.dqdimacs,103,43
./benchmark_tests/original/Biere/bitcell_16_2/pec_bit_cell_arbiter_2_651.dqdimacs,105,43
./benchmark_tests/original/Biere/bitcell_16_2/pec_bit_cell_arbiter_2_651.dqdimacs,106,43
./benchmark_tests/original/Biere/bitcell_16_2/pec_bit_cell_arbiter_2_651.dqdimacs,107,43
./benchmark_tests/original/Biere/bitcell_16_2/pec_bit_cell_arbiter_2_651.dqdimacs,108,43
./benchmark_tests/original/Biere/bitcell_16_2/pec_bit_cell_arbiter_2_651.dqdimacs,109,43
./benchmark_tests/original/Biere/bitcell_16_2/pec_bit_cell_arbiter_2_651.dqdimacs,110,43
./benchmark_tests/original/Biere/bitcell_16_2/pec_bit_cell_arbiter_2_651.dqdimacs,111,43
./benchmark_tests/original/Biere/bitcell_16_2/pec_bit_cell_arbiter_2_651.dqdimacs,113,42
./benchmark_tests/original/Biere/bitcell_16_2/pec_bit_cell_arbiter_2_651.dqdimacs,114,43
./benchmark_tests/original/Biere/bitcell_16_2/pec_bit_cell_arbiter_2_651.dqdimacs,115,42
./benchmark_tests/original/Biere/bitcell_16_2/pec_bit_cell_arbiter_2_651.dqdimacs,116,43
./benchmark_tests/original/Biere/bitcell_16_2/pec_bit_cell_arbiter_2_651.dqdimacs,117,42
./benchmark_tests/original/Biere/bitcell_16_2/pec_bit_cell_arbiter_2_651.dqdimacs,118,43
./benchmark_tests/original/Biere/bitcell_16_2/pec_bit_cell_arbiter_2_651.dqdimacs,119,42
./benchmark_tests/original/Biere/bitcell_16_2/pec_bit_cell_arbiter_2_651.dqdimacs,121,42
./benchmark_tests/original/Biere/bitcell_16_2/pec_bit_cell_arbiter_2_651.dqdimacs,122,43
./benchmark_tests/original/Biere/bitcell_16_2/pec_bit_cell_arbiter_2_651.dqdimacs,123,43
./benchmark_tests/original/Biere/bitcell_16_2/pec_bit_cell_arbiter_2_651.dqdimacs,124,43
./benchmark_tests/original/Biere/bitcell_16_2/pec_bit_cell_arbiter_2_651.dqdimacs,125,43
./benchmark_tests/original/Biere/bitcell_16_2/pec_bit_cell_arbiter_2_651.dqdimacs,126,43
./benchmark_tests/original/Biere/bitcell_16_2/pec_bit_cell_arbiter_2_651.dqdimacs,127,43
./benchmark_tests/original/Biere/bitcell_16_2/pec_bit_cell_arbiter_2_651.dqdimacs,128,42
./benchmark_tests/original/Biere/bitcell_16_2/pec_bit_cell_arbiter_2_651.dqdimacs,129,43
./benchmark_tests/original/Biere/bitcell_16_2/pec_bit_cell_arbiter_2_651.dqdimacs,130,43
./benchmark_tests/original/Biere/bitcell_16_2/pec_bit_cell_arbiter_2_651.dqdimacs,131,43
./benchmark_tests/original/Biere/bitcell_16_2/pec_bit_cell_arbiter_2_651.dqdimacs,132,43
./benchmark_tests/original/Biere/bitcell_16_2/pec_bit_cell_arbiter_2_651.dqdimacs,133,43
./benchmark_tests/original/Biere/bitcell_16_2/pec_bit_cell_arbiter_2_684.dqdimacs,3,392
./benchmark_tests/original/Biere/bitcell_16_2/pec_bit_cell_arbiter_2_684.dqdimacs,5,387
./benchmark_tests/original/Biere/bitcell_16_2/pec_bit_cell_arbiter_2_684.dqdimacs,7,368
./benchmark_tests/original/Biere/bitcell_16_2/pec_bit_cell_arbiter_2_684.dqdimacs,9,378
./benchmark_tests/original/Biere/bitcell_16_2/pec_bit_cell_arbiter_2_684.dqdimacs,11,376
./benchmark_tests/original/Biere/bitcell_16_2/pec_bit_cell_arbiter_2_684.dqdimacs,13,388
./benchmark_tests/original/Biere/bitcell_16_2/pec_bit_cell_arbiter_2_684.dqdimacs,14,388
./benchmark_tests/original/Biere/bitcell_16_2/pec_bit_cell_arbiter_2_684.dqdimacs,15,389
./benchmark_tests/original/Biere/bitcell_16_2/pec_bit_cell_arbiter_2_684.dqdimacs,16,359
./benchmark_tests/original/Biere/bitcell_16_2/pec_bit_cell_arbiter_2_684.dqdimacs,17,295
./benchmark_tests/original/Biere/bitcell_16_2/pec_bit_cell_arbiter_2_684.dqdimacs,18,239
./benchmark_tests/original/Biere/bitcell_16_2/pec_bit_cell_arbiter_2_684.dqdimacs,19,209
./benchmark_tests/original/Biere/bitcell_16_2/pec_bit_cell_arbiter_2_684.dqdimacs,20,206
./benchmark_tests/original/Biere/bitcell_16_2/pec_bit_cell_arbiter_2_684.dqdimacs,21,229
./benchmark_tests/original/Biere/bitcell_16_2/pec_bit_cell_arbiter_2_684.dqdimacs,22,193
./benchmark_tests/original/Biere/bitcell_16_2/pec_bit_cell_arbiter_2_684.dqdimacs,25,192
./benchmark_tests/original/Biere/bitcell_16_2/pec_bit_cell_arbiter_2_684.dqdimacs,27,193
./benchmark_tests/original/Biere/bitcell_16_2/pec_bit_cell_arbiter_2_684.dqdimacs,29,195
./benchmark_tests/original/Biere/bitcell_16_2/pec_bit_cell_arbiter_2_684.dqdimacs,31,192
./benchmark_tests/original/Biere/bitcell_16_2/pec_bit_cell_arbiter_2_684.dqdimacs,33,192
./benchmark_tests/original/Biere/bitcell_16_2/pec_bit_cell_arbiter_2_684.dqdimacs,35,193
./benchmark_tests/original/Biere/bitcell_16_2/pec_bit_cell_arbiter_2_684.dqdimacs,37,193
./benchmark_tests/original/Biere/bitcell_16_2/pec_bit_cell_arbiter_2_684.dqdimacs,39,199
./benchmark_tests/original/Biere/bitcell_16_2/pec_bit_cell_arbiter_2_684.dqdimacs,41,206
./benchmark_tests/original/Biere/bitcell_16_2/pec_bit_cell_arbiter_2_684.dqdimacs,42,205
./benchmark_tests/original/Biere/bitcell_16_2/pec_bit_cell_arbiter_2_684.dqdimacs,43,206
./benchmark_tests/original/Biere/bitcell_16_2/pec_bit_cell_arbiter_2_684.dqdimacs,44,209
./benchmark_tests/original/Biere/bitcell_16_2/pec_bit_cell_arbiter_2_684.dqdimacs,45,209
./benchmark_tests/original/Biere/bitcell_16_2/pec_bit_cell_arbiter_2_684.dqdimacs,46,205
./benchmark_tests/original/Biere/bitcell_16_2/pec_bit_cell_arbiter_2_684.dqdimacs,47,206
./benchmark_tests/original/Biere/bitcell_16_2/pec_bit_cell_arbiter_2_684.dqdimacs,48,205
./benchmark_tests/original/Biere/bitcell_16_2/pec_bit_cell_arbiter_2_684.dqdimacs,49,206
./benchmark_tests/original/Biere/bitcell_16_2/pec_bit_cell_arbiter_2_684.dqdimacs,50,206
./benchmark_tests/original/Biere/bitcell_16_2/pec_bit_cell_arbiter_2_684.dqdimacs,51,206
./benchmark_tests/original/Biere/bitcell_16_2/pec_bit_cell_arbiter_2_684.dqdimacs,52,209
./benchmark_tests/original/Biere/bitcell_16_2/pec_bit_cell_arbiter_2_684.dqdimacs,53,207
./benchmark_tests/original/Biere/bitcell_16_2/pec_bit_cell_arbiter_2_684.dqdimacs,54,207
./benchmark_tests/original/Biere/bitcell_16_2/pec_bit_cell_arbiter_2_684.dqdimacs,55,393
./benchmark_tests/original/Biere/bitcell_16_2/pec_bit_cell_arbiter_2_684.dqdimacs,56,388
./benchmark_tests/original/Biere/bitcell_16_2/pec_bit_cell_arbiter_2_684.dqdimacs,57,387
./benchmark_tests/original/Biere/bitcell_16_2/pec_bit_cell_arbiter_2_684.dqdimacs,58,387
./benchmark_tests/original/Biere/bitcell_16_2/pec_bit_cell_arbiter_2_684.dqdimacs,59,349
./benchmark_tests/original/Biere/bitcell_16_2/pec_bit_cell_arbiter_2_684.dqdimacs,60,284
./benchmark_tests/original/Biere/bitcell_16_2/pec_bit_cell_arbiter_2_684.dqdimacs,61,235
./benchmark_tests/original/Biere/bitcell_16_2/pec_bit_cell_arbiter_2_684.dqdimacs,62,206
./benchmark_tests/original/Biere/bitcell_16_2/pec_bit_cell_arbiter_2_684.dqdimacs,63,205
./benchmark_tests/original/Biere/bitcell_16_2/pec_bit_cell_arbiter_2_684.dqdimacs,64,205
./benchmark_tests/original/Biere/bitcell_16_2/pec_bit_cell_arbiter_2_684.dqdimacs,65,205
./benchmark_tests/original/Biere/bitcell_16_2/pec_bit_cell_arbiter_2_684.dqdimacs,66,205
./benchmark_tests/original/Biere/bitcell_16_2/pec_bit_cell_arbiter_2_684.dqdimacs,67,206
./benchmark_tests/original/Biere/bitcell_16_2/pec_bit_cell_arbiter_2_684.dqdimacs,68,205
./benchmark_tests/original/Biere/bitcell_16_2/pec_bit_cell_arbiter_2_684.dqdimacs,69,206
./benchmark_tests/original/Biere/bitcell_16_2/pec_bit_cell_arbiter_2_684.dqdimacs,70,205
./benchmark_tests/original/Biere/bitcell_16_2/pec_bit_cell_arbiter_2_684.dqdimacs,71,204
./benchmark_tests/original/Biere/bitcell_16_2/pec_bit_cell_arbiter_2_684.dqdimacs,73,205
./benchmark_tests/original/Biere/bitcell_16_2/pec_bit_cell_arbiter_2_684.dqdimacs,74,205
./benchmark_tests/original/Biere/bitcell_16_2/pec_bit_cell_arbiter_2_684.dqdimacs,75,205
./benchmark_tests/original/Biere/bitcell_16_2/pec_bit_cell_arbiter_2_684.dqdimacs,76,206
./benchmark_tests/original/Biere/bitcell_16_2/pec_bit_cell_arbiter_2_684.dqdimacs,77,206
./benchmark_tests/original/Biere/bitcell_16_2/pec_bit_cell_arbiter_2_684.dqdimacs,78,206
./benchmark_tests/original/Biere/bitcell_16_2/pec_bit_cell_arbiter_2_684.dqdimacs,79,205
./benchmark_tests/original/Biere/bitcell_16_2/pec_bit_cell_arbiter_2_684.dqdimacs,80,204
./benchmark_tests/original/Biere/bitcell_16_2/pec_bit_cell_arbiter_2_684.dqdimacs,81,206
./benchmark_tests/original/Biere/bitcell_16_2/pec_bit_cell_arbiter_2_684.dqdimacs,82,206
./benchmark_tests/original/Biere/bitcell_16_2/pec_bit_cell_arbiter_2_684.dqdimacs,83,206
./benchmark_tests/original/Biere/bitcell_16_2/pec_bit_cell_arbiter_2_684.dqdimacs,84,205
./benchmark_tests/original/Biere/bitcell_16_2/pec_bit_cell_arbiter_2_684.dqdimacs,85,205
./benchmark_tests/original/Biere/bitcell_16_2/pec_bit_cell_arbiter_2_684.dqdimacs,86,206
./benchmark_tests/original/Biere/bitcell_16_2/pec_bit_cell_arbiter_2_684.dqdimacs,87,207
./benchmark_tests/original/Biere/bitcell_16_2/pec_bit_cell_arbiter_2_684.dqdimacs,88,207
./benchmark_tests/original/Biere/bitcell_16_2/pec_bit_cell_arbiter_2_684.dqdimacs,89,206
./benchmark_tests/original/Biere/bitcell_16_2/pec_bit_cell_arbiter_2_684.dqdimacs,90,205
./benchmark_tests/original/Biere/bitcell_16_2/pec_bit_cell_arbiter_2_684.dqdimacs,91,205
./benchmark_tests/original/Biere/bitcell_16_2/pec_bit_cell_arbiter_2_684.dqdimacs,92,206
./benchmark_tests/original/Biere/bitcell_16_2/pec_bit_cell_arbiter_2_684.dqdimacs,93,206
./benchmark_tests/original/Biere/bitcell_16_2/pec_bit_cell_arbiter_2_684.dqdimacs,94,205
./benchmark_tests/original/Biere/bitcell_16_2/pec_bit_cell_arbiter_2_684.dqdimacs,95,206
./benchmark_tests/original/Biere/bitcell_16_2/pec_bit_cell_arbiter_2_684.dqdimacs,96,206
./benchmark_tests/original/Biere/bitcell_16_2/pec_bit_cell_arbiter_2_684.dqdimacs,97,206
./benchmark_tests/original/Biere/bitcell_16_2/pec_bit_cell_arbiter_2_684.dqdimacs,98,206
./benchmark_tests/original/Biere/bitcell_16_2/pec_bit_cell_arbiter_2_684.dqdimacs,99,205
./benchmark_tests/original/Biere/bitcell_16_2/pec_bit_cell_arbiter_2_684.dqdimacs,100,205
./benchmark_tests/original/Biere/bitcell_16_2/pec_bit_cell_arbiter_2_684.dqdimacs,101,206
./benchmark_tests/original/Biere/bitcell_16_2/pec_bit_cell_arbiter_2_684.dqdimacs,102,205
./benchmark_tests/original/Biere/bitcell_16_2/pec_bit_cell_arbiter_2_684.dqdimacs,103,205
./benchmark_tests/original/Biere/bitcell_16_2/pec_bit_cell_arbiter_2_684.dqdimacs,104,205
./benchmark_tests/original/Biere/bitcell_16_2/pec_bit_cell_arbiter_2_684.dqdimacs,105,205
./benchmark_tests/original/Biere/bitcell_16_2/pec_bit_cell_arbiter_2_684.dqdimacs,106,206
./benchmark_tests/original/Biere/bitcell_16_2/pec_bit_cell_arbiter_2_684.dqdimacs,107,206
./benchmark_tests/original/Biere/bitcell_16_2/pec_bit_cell_arbiter_2_684.dqdimacs,108,205
./benchmark_tests/original/Biere/bitcell_16_2/pec_bit_cell_arbiter_2_684.dqdimacs,109,206
./benchmark_tests/original/Biere/bitcell_16_2/pec_bit_cell_arbiter_2_684.dqdimacs,110,205
./benchmark_tests/original/Biere/bitcell_16_2/pec_bit_cell_arbiter_2_684.dqdimacs,111,206
./benchmark_tests/original/Biere/bitcell_16_2/pec_bit_cell_arbiter_2_684.dqdimacs,112,206
./benchmark_tests/original/Biere/bitcell_16_2/pec_bit_cell_arbiter_2_684.dqdimacs,113,205
./benchmark_tests/original/Biere/bitcell_16_2/pec_bit_cell_arbiter_2_684.dqdimacs,114,205
./benchmark_tests/original/Biere/bitcell_16_2/pec_bit_cell_arbiter_2_684.dqdimacs,115,204
./benchmark_tests/original/Biere/bitcell_16_2/pec_bit_cell_arbiter_2_684.dqdimacs,116,205
./benchmark_tests/original/Biere/bitcell_16_2/pec_bit_cell_arbiter_2_684.dqdimacs,117,205
./benchmark_tests/original/Biere/bitcell_16_2/pec_bit_cell_arbiter_2_684.dqdimacs,118,205
./benchmark_tests/original/Biere/bitcell_16_2/pec_bit_cell_arbiter_2_684.dqdimacs,119,205
./benchmark_tests/original/Biere/bitcell_16_2/pec_bit_cell_arbiter_2_684.dqdimacs,120,205
./benchmark_tests/original/Biere/bitcell_16_2/pec_bit_cell_arbiter_2_684.dqdimacs,121,206
./benchmark_tests/original/Biere/bitcell_16_2/pec_bit_cell_arbiter_2_684.dqdimacs,122,206
./benchmark_tests/original/Biere/bitcell_16_2/pec_bit_cell_arbiter_2_684.dqdimacs,123,206
./benchmark_tests/original/Biere/bitcell_16_2/pec_bit_cell_arbiter_2_684.dqdimacs,125,206
./benchmark_tests/original/Biere/bitcell_16_2/pec_bit_cell_arbiter_2_684.dqdimacs,126,206
./benchmark_tests/original/Biere/bitcell_16_2/pec_bit_cell_arbiter_2_684.dqdimacs,127,205
./benchmark_tests/original/Biere/bitcell_16_2/pec_bit_cell_arbiter_2_684.dqdimacs,128,205
./benchmark_tests/original/Biere/bitcell_16_2/pec_bit_cell_arbiter_2_684.dqdimacs,129,205
./benchmark_tests/original/Biere/bitcell_16_2/pec_bit_cell_arbiter_2_684.dqdimacs,130,205
./benchmark_tests/original/Biere/bitcell_16_2/pec_bit_cell_arbiter_2_684.dqdimacs,131,206
./benchmark_tests/original/Biere/bitcell_16_2/pec_bit_cell_arbiter_2_684.dqdimacs,132,207
./benchmark_tests/original/Biere/bitcell_16_2/pec_bit_cell_arbiter_2_684.dqdimacs,133,205
./benchmark_tests/original/Biere/bitcell_16_2/pec_bit_cell_arbiter_2_684.dqdimacs,134,206
./benchmark_tests/original/Biere/bitcell_16_2/pec_bit_cell_arbiter_2_686.dqdimacs,3,125
./benchmark_tests/original/Biere/bitcell_16_2/pec_bit_cell_arbiter_2_686.dqdimacs,5,120
./benchmark_tests/original/Biere/bitcell_16_2/pec_bit_cell_arbiter_2_686.dqdimacs,7,119
./benchmark_tests/original/Biere/bitcell_16_2/pec_bit_cell_arbiter_2_686.dqdimacs,9,119
./benchmark_tests/original/Biere/bitcell_16_2/pec_bit_cell_arbiter_2_686.dqdimacs,11,118
./benchmark_tests/original/Biere/bitcell_16_2/pec_bit_cell_arbiter_2_686.dqdimacs,13,121
./benchmark_tests/original/Biere/bitcell_16_2/pec_bit_cell_arbiter_2_686.dqdimacs,15,121
./benchmark_tests/original/Biere/bitcell_16_2/pec_bit_cell_arbiter_2_686.dqdimacs,17,122
./benchmark_tests/original/Biere/bitcell_16_2/pec_bit_cell_arbiter_2_686.dqdimacs,19,121
./benchmark_tests/original/Biere/bitcell_16_2/pec_bit_cell_arbiter_2_686.dqdimacs,21,121
./benchmark_tests/original/Biere/bitcell_16_2/pec_bit_cell_arbiter_2_686.dqdimacs,23,121
./benchmark_tests/original/Biere/bitcell_16_2/pec_bit_cell_arbiter_2_686.dqdimacs,25,122
./benchmark_tests/original/Biere/bitcell_16_2/pec_bit_cell_arbiter_2_686.dqdimacs,26,118
./benchmark_tests/original/Biere/bitcell_16_2/pec_bit_cell_arbiter_2_686.dqdimacs,27,113
./benchmark_tests/original/Biere/bitcell_16_2/pec_bit_cell_arbiter_2_686.dqdimacs,28,106
./benchmark_tests/original/Biere/bitcell_16_2/pec_bit_cell_arbiter_2_686.dqdimacs,29,99
./benchmark_tests/original/Biere/bitcell_16_2/pec_bit_cell_arbiter_2_686.dqdimacs,30,91
./benchmark_tests/original/Biere/bitcell_16_2/pec_bit_cell_arbiter_2_686.dqdimacs,31,85
./benchmark_tests/original/Biere/bitcell_16_2/pec_bit_cell_arbiter_2_686.dqdimacs,32,80
./benchmark_tests/original/Biere/bitcell_16_2/pec_bit_cell_arbiter_2_686.dqdimacs,33,76
./benchmark_tests/original/Biere/bitcell_16_2/pec_bit_cell_arbiter_2_686.dqdimacs,34,73
./benchmark_tests/original/Biere/bitcell_16_2/pec_bit_cell_arbiter_2_686.dqdimacs,35,70
./benchmark_tests/original/Biere/bitcell_16_2/pec_bit_cell_arbiter_2_686.dqdimacs,36,66
./benchmark_tests/original/Biere/bitcell_16_2/pec_bit_cell_arbiter_2_686.dqdimacs,37,66
./benchmark_tests/original/Biere/bitcell_16_2/pec_bit_cell_arbiter_2_686.dqdimacs,38,87
./benchmark_tests/original/Biere/bitcell_16_2/pec_bit_cell_arbiter_2_686.dqdimacs,39,53
./benchmark_tests/original/Biere/bitcell_16_2/pec_bit_cell_arbiter_2_686.dqdimacs,40,51
./benchmark_tests/original/Biere/bitcell_16_2/pec_bit_cell_arbiter_2_686.dqdimacs,43,51
./benchmark_tests/original/Biere/bitcell_16_2/pec_bit_cell_arbiter_2_686.dqdimacs,45,50
./benchmark_tests/original/Biere/bitcell_16_2/pec_bit_cell_arbiter_2_686.dqdimacs,47,51
./benchmark_tests/original/Biere/bitcell_16_2/pec_bit_cell_arbiter_2_686.dqdimacs,49,51
./benchmark_tests/original/Biere/bitcell_16_2/pec_bit_cell_arbiter_2_686.dqdimacs,50,51
./benchmark_tests/original/Biere/bitcell_16_2/pec_bit_cell_arbiter_2_686.dqdimacs,51,51
./benchmark_tests/original/Biere/bitcell_16_2/pec_bit_cell_arbiter_2_686.dqdimacs,52,51
./benchmark_tests/original/Biere/bitcell_16_2/pec_bit_cell_arbiter_2_686.dqdimacs,53,51
./benchmark_tests/original/Biere/bitcell_16_2/pec_bit_cell_arbiter_2_686.dqdimacs,54,52
./benchmark_tests/original/Biere/bitcell_16_2/pec_bit_cell_arbiter_2_686.dqdimacs,55,52
./benchmark_tests/original/Biere/bitcell_16_2/pec_bit_cell_arbiter_2_686.dqdimacs,56,52
./benchmark_tests/original/Biere/bitcell_16_2/pec_bit_cell_arbiter_2_686.dqdimacs,57,55
./benchmark_tests/original/Biere/bitcell_16_2/pec_bit_cell_arbiter_2_686.dqdimacs,58,51
./benchmark_tests/original/Biere/bitcell_16_2/pec_bit_cell_arbiter_2_686.dqdimacs,59,50
./benchmark_tests/original/Biere/bitcell_16_2/pec_bit_cell_arbiter_2_686.dqdimacs,60,50
./benchmark_tests/original/Biere/bitcell_16_2/pec_bit_cell_arbiter_2_686.dqdimacs,61,51
./benchmark_tests/original/Biere/bitcell_16_2/pec_bit_cell_arbiter_2_686.dqdimacs,62,51
./benchmark_tests/original/Biere/bitcell_16_2/pec_bit_cell_arbiter_2_686.dqdimacs,63,50
./benchmark_tests/original/Biere/bitcell_16_2/pec_bit_cell_arbiter_2_686.dqdimacs,64,50
./benchmark_tests/original/Biere/bitcell_16_2/pec_bit_cell_arbiter_2_686.dqdimacs,65,50
./benchmark_tests/original/Biere/bitcell_16_2/pec_bit_cell_arbiter_2_686.dqdimacs,66,51
./benchmark_tests/original/Biere/bitcell_16_2/pec_bit_cell_arbiter_2_686.dqdimacs,67,50
./benchmark_tests/original/Biere/bitcell_16_2/pec_bit_cell_arbiter_2_686.dqdimacs,68,51
./benchmark_tests/original/Biere/bitcell_16_2/pec_bit_cell_arbiter_2_686.dqdimacs,69,51
./benchmark_tests/original/Biere/bitcell_16_2/pec_bit_cell_arbiter_2_686.dqdimacs,70,52
./benchmark_tests/original/Biere/bitcell_16_2/pec_bit_cell_arbiter_2_686.dqdimacs,71,51
./benchmark_tests/original/Biere/bitcell_16_2/pec_bit_cell_arbiter_2_686.dqdimacs,72,50
./benchmark_tests/original/Biere/bitcell_16_2/pec_bit_cell_arbiter_2_686.dqdimacs,73,51
./benchmark_tests/original/Biere/bitcell_16_2/pec_bit_cell_arbiter_2_686.dqdimacs,74,51
./benchmark_tests/original/Biere/bitcell_16_2/pec_bit_cell_arbiter_2_686.dqdimacs,75,51
./benchmark_tests/original/Biere/bitcell_16_2/pec_bit_cell_arbiter_2_686.dqdimacs,76,50
./benchmark_tests/original/Biere/bitcell_16_2/pec_bit_cell_arbiter_2_686.dqdimacs,77,51
./benchmark_tests/original/Biere/bitcell_16_2/pec_bit_cell_arbiter_2_686.dqdimacs,78,50
./benchmark_tests/original/Biere/bitcell_16_2/pec_bit_cell_arbiter_2_686.dqdimacs,79,51
./benchmark_tests/original/Biere/bitcell_16_2/pec_bit_cell_arbiter_2_686.dqdimacs,80,50
./benchmark_tests/original/Biere/bitcell_16_2/pec_bit_cell_arbiter_2_686.dqdimacs,81,51
./benchmark_tests/original/Biere/bitcell_16_2/pec_bit_cell_arbiter_2_686.dqdimacs,82,51
./benchmark_tests/original/Biere/bitcell_16_2/pec_bit_cell_arbiter_2_686.dqdimacs,83,51
./benchmark_tests/original/Biere/bitcell_16_2/pec_bit_cell_arbiter_2_686.dqdimacs,84,51
./benchmark_tests/original/Biere/bitcell_16_2/pec_bit_cell_arbiter_2_686.dqdimacs,85,51
./benchmark_tests/original/Biere/bitcell_16_2/pec_bit_cell_arbiter_2_686.dqdimacs,86,49
./benchmark_tests/original/Biere/bitcell_16_2/pec_bit_cell_arbiter_2_686.dqdimacs,87,50
./benchmark_tests/original/Biere/bitcell_16_2/pec_bit_cell_arbiter_2_686.dqdimacs,88,51
./benchmark_tests/original/Biere/bitcell_16_2/pec_bit_cell_arbiter_2_686.dqdimacs,89,51
./benchmark_tests/original/Biere/bitcell_16_2/pec_bit_cell_arbiter_2_686.dqdimacs,90,51
./benchmark_tests/original/Biere/bitcell_16_2/pec_bit_cell_arbiter_2_686.dqdimacs,91,51
./benchmark_tests/original/Biere/bitcell_16_2/pec_bit_cell_arbiter_2_686.dqdimacs,92,51
./benchmark_tests/original/Biere/bitcell_16_2/pec_bit_cell_arbiter_2_686.dqdimacs,93,50
./benchmark_tests/original/Biere/bitcell_16_2/pec_bit_cell_arbiter_2_686.dqdimacs,94,51
./benchmark_tests/original/Biere/bitcell_16_2/pec_bit_cell_arbiter_2_686.dqdimacs,95,52
./benchmark_tests/original/Biere/bitcell_16_2/pec_bit_cell_arbiter_2_686.dqdimacs,96,52
./benchmark_tests/original/Biere/bitcell_16_2/pec_bit_cell_arbiter_2_686.dqdimacs,97,52
./benchmark_tests/original/Biere/bitcell_16_2/pec_bit_cell_arbiter_2_686.dqdimacs,98,50
./benchmark_tests/original/Biere/bitcell_16_2/pec_bit_cell_arbiter_2_686.dqdimacs,99,50
./benchmark_tests/original/Biere/bitcell_16_2/pec_bit_cell_arbiter_2_686.dqdimacs,100,51
./benchmark_tests/original/Biere/bitcell_16_2/pec_bit_cell_arbiter_2_686.dqdimacs,101,50
./benchmark_tests/original/Biere/bitcell_16_2/pec_bit_cell_arbiter_2_686.dqdimacs,102,51
./benchmark_tests/original/Biere/bitcell_16_2/pec_bit_cell_arbiter_2_686.dqdimacs,103,51
./benchmark_tests/original/Biere/bitcell_16_2/pec_bit_cell_arbiter_2_686.dqdimacs,104,51
./benchmark_tests/original/Biere/bitcell_16_2/pec_bit_cell_arbiter_2_686.dqdimacs,105,52
./benchmark_tests/original/Biere/bitcell_16_2/pec_bit_cell_arbiter_2_686.dqdimacs,107,50
./benchmark_tests/original/Biere/bitcell_16_2/pec_bit_cell_arbiter_2_686.dqdimacs,108,51
./benchmark_tests/original/Biere/bitcell_16_2/pec_bit_cell_arbiter_2_686.dqdimacs,109,52
./benchmark_tests/original/Biere/bitcell_16_2/pec_bit_cell_arbiter_2_686.dqdimacs,110,50
./benchmark_tests/original/Biere/bitcell_16_2/pec_bit_cell_arbiter_2_686.dqdimacs,111,50
./benchmark_tests/original/Biere/bitcell_16_2/pec_bit_cell_arbiter_2_686.dqdimacs,112,50
./benchmark_tests/original/Biere/bitcell_16_2/pec_bit_cell_arbiter_2_686.dqdimacs,113,51
./benchmark_tests/original/Biere/bitcell_16_2/pec_bit_cell_arbiter_2_686.dqdimacs,114,52
./benchmark_tests/original/Biere/bitcell_16_2/pec_bit_cell_arbiter_2_686.dqdimacs,115,52
./benchmark_tests/original/Biere/bitcell_16_2/pec_bit_cell_arbiter_2_711.dqdimacs,3,103
./benchmark_tests/original/Biere/bitcell_16_2/pec_bit_cell_arbiter_2_711.dqdimacs,5,91
./benchmark_tests/original/Biere/bitcell_16_2/pec_bit_cell_arbiter_2_711.dqdimacs,7,71
./benchmark_tests/original/Biere/bitcell_16_2/pec_bit_cell_arbiter_2_711.dqdimacs,9,71
./benchmark_tests/original/Biere/bitcell_16_2/pec_bit_cell_arbiter_2_711.dqdimacs,11,72
./benchmark_tests/original/Biere/bitcell_16_2/pec_bit_cell_arbiter_2_711.dqdimacs,13,72
./benchmark_tests/original/Biere/bitcell_16_2/pec_bit_cell_arbiter_2_711.dqdimacs,15,72
./benchmark_tests/original/Biere/bitcell_16_2/pec_bit_cell_arbiter_2_711.dqdimacs,17,72
./benchmark_tests/original/Biere/bitcell_16_2/pec_bit_cell_arbiter_2_711.dqdimacs,19,71
./benchmark_tests/original/Biere/bitcell_16_2/pec_bit_cell_arbiter_2_711.dqdimacs,21,72
./benchmark_tests/original/Biere/bitcell_16_2/pec_bit_cell_arbiter_2_711.dqdimacs,23,72
./benchmark_tests/original/Biere/bitcell_16_2/pec_bit_cell_arbiter_2_711.dqdimacs,24,71
./benchmark_tests/original/Biere/bitcell_16_2/pec_bit_cell_arbiter_2_711.dqdimacs,25,72
./benchmark_tests/original/Biere/bitcell_16_2/pec_bit_cell_arbiter_2_711.dqdimacs,26,117
./benchmark_tests/original/Biere/bitcell_16_2/pec_bit_cell_arbiter_2_711.dqdimacs,27,72
./benchmark_tests/original/Biere/bitcell_16_2/pec_bit_cell_arbiter_2_711.dqdimacs,28,71
./benchmark_tests/original/Biere/bitcell_16_2/pec_bit_cell_arbiter_2_711.dqdimacs,29,72
./benchmark_tests/original/Biere/bitcell_16_2/pec_bit_cell_arbiter_2_711.dqdimacs,30,72
./benchmark_tests/original/Biere/bitcell_16_2/pec_bit_cell_arbiter_2_711.dqdimacs,31,72
./benchmark_tests/original/Biere/bitcell_16_2/pec_bit_cell_arbiter_2_711.dqdimacs,32,70
./benchmark_tests/original/Biere/bitcell_16_2/pec_bit_cell_arbiter_2_711.dqdimacs,33,68
./benchmark_tests/original/Biere/bitcell_16_2/pec_bit_cell_arbiter_2_711.dqdimacs,34,66
./benchmark_tests/original/Biere/bitcell_16_2/pec_bit_cell_arbiter_2_711.dqdimacs,35,64
./benchmark_tests/original/Biere/bitcell_16_2/pec_bit_cell_arbiter_2_711.dqdimacs,36,62
./benchmark_tests/original/Biere/bitcell_16_2/pec_bit_cell_arbiter_2_711.dqdimacs,37,60
./benchmark_tests/original/Biere/bitcell_16_2/pec_bit_cell_arbiter_2_711.dqdimacs,39,57
./benchmark_tests/original/Biere/bitcell_16_2/pec_bit_cell_arbiter_2_711.dqdimacs,40,56
./benchmark_tests/original/Biere/bitcell_16_2/pec_bit_cell_arbiter_2_711.dqdimacs,41,53
./benchmark_tests/original/Biere/bitcell_16_2/pec_bit_cell_arbiter_2_711.dqdimacs,42,52
./benchmark_tests/original/Biere/bitcell_16_2/pec_bit_cell_arbiter_2_711.dqdimacs,43,49
./benchmark_tests/original/Biere/bitcell_16_2/pec_bit_cell_arbiter_2_711.dqdimacs,44,48
./benchmark_tests/original/Biere/bitcell_16_2/pec_bit_cell_arbiter_2_711.dqdimacs,45,46
./benchmark_tests/original/Biere/bitcell_16_2/pec_bit_cell_arbiter_2_711.dqdimacs,46,45
./benchmark_tests/original/Biere/bitcell_16_2/pec_bit_cell_arbiter_2_711.dqdimacs,47,49
./benchmark_tests/original/Biere/bitcell_16_2/pec_bit_cell_arbiter_2_711.dqdimacs,48,42
./benchmark_tests/original/Biere/bitcell_16_2/pec_bit_cell_arbiter_2_711.dqdimacs,49,41
./benchmark_tests/original/Biere/bitcell_16_2/pec_bit_cell_arbiter_2_711.dqdimacs,50,40
./benchmark_tests/original/Biere/bitcell_16_2/pec_bit_cell_arbiter_2_711.dqdimacs,51,40
./benchmark_tests/original/Biere/bitcell_16_2/pec_bit_cell_arbiter_2_711.dqdimacs,52,40
./benchmark_tests/original/Biere/bitcell_16_2/pec_bit_cell_arbiter_2_711.dqdimacs,53,40
./benchmark_tests/original/Biere/bitcell_16_2/pec_bit_cell_arbiter_2_711.dqdimacs,54,40
./benchmark_tests/original/Biere/bitcell_16_2/pec_bit_cell_arbiter_2_711.dqdimacs,55,40
./benchmark_tests/original/Biere/bitcell_16_2/pec_bit_cell_arbiter_2_711.dqdimacs,56,40
./benchmark_tests/original/Biere/bitcell_16_2/pec_bit_cell_arbiter_2_711.dqdimacs,57,40
./benchmark_tests/original/Biere/bitcell_16_2/pec_bit_cell_arbiter_2_711.dqdimacs,58,40
./benchmark_tests/original/Biere/bitcell_16_2/pec_bit_cell_arbiter_2_711.dqdimacs,59,40
./benchmark_tests/original/Biere/bitcell_16_2/pec_bit_cell_arbiter_2_711.dqdimacs,60,40
./benchmark_tests/original/Biere/bitcell_16_2/pec_bit_cell_arbiter_2_711.dqdimacs,61,40
./benchmark_tests/original/Biere/bitcell_16_2/pec_bit_cell_arbiter_2_711.dqdimacs,62,39
./benchmark_tests/original/Biere/bitcell_16_2/pec_bit_cell_arbiter_2_711.dqdimacs,63,40
./benchmark_tests/original/Biere/bitcell_16_2/pec_bit_cell_arbiter_2_711.dqdimacs,64,41
./benchmark_tests/original/Biere/bitcell_16_2/pec_bit_cell_arbiter_2_711.dqdimacs,65,40
./benchmark_tests/original/Biere/bitcell_16_2/pec_bit_cell_arbiter_2_711.dqdimacs,66,40
./benchmark_tests/original/Biere/bitcell_16_2/pec_bit_cell_arbiter_2_711.dqdimacs,67,40
./benchmark_tests/original/Biere/bitcell_16_2/pec_bit_cell_arbiter_2_711.dqdimacs,68,40
./benchmark_tests/original/Biere/bitcell_16_2/pec_bit_cell_arbiter_2_711.dqdimacs,69,39
./benchmark_tests/original/Biere/bitcell_16_2/pec_bit_cell_arbiter_2_711.dqdimacs,70,40
./benchmark_tests/original/Biere/bitcell_16_2/pec_bit_cell_arbiter_2_711.dqdimacs,71,39
./benchmark_tests/original/Biere/bitcell_16_2/pec_bit_cell_arbiter_2_711.dqdimacs,72,40
./benchmark_tests/original/Biere/bitcell_16_2/pec_bit_cell_arbiter_2_711.dqdimacs,73,40
./benchmark_tests/original/Biere/bitcell_16_2/pec_bit_cell_arbiter_2_711.dqdimacs,74,39
./benchmark_tests/original/Biere/bitcell_16_2/pec_bit_cell_arbiter_2_711.dqdimacs,75,40
./benchmark_tests/original/Biere/bitcell_16_2/pec_bit_cell_arbiter_2_711.dqdimacs,77,40
./benchmark_tests/original/Biere/bitcell_16_2/pec_bit_cell_arbiter_2_711.dqdimacs,78,39
./benchmark_tests/original/Biere/bitcell_16_2/pec_bit_cell_arbiter_2_711.dqdimacs,79,39
./benchmark_tests/original/Biere/bitcell_16_2/pec_bit_cell_arbiter_2_711.dqdimacs,81,39
./benchmark_tests/original/Biere/bitcell_16_2/pec_bit_cell_arbiter_2_711.dqdimacs,82,40
./benchmark_tests/original/Biere/bitcell_16_2/pec_bit_cell_arbiter_2_711.dqdimacs,83,40
./benchmark_tests/original/Biere/bitcell_16_2/pec_bit_cell_arbiter_2_711.dqdimacs,84,40
./benchmark_tests/original/Biere/bitcell_16_2/pec_bit_cell_arbiter_2_711.dqdimacs,85,40
./benchmark_tests/original/Biere/bitcell_16_2/pec_bit_cell_arbiter_2_711.dqdimacs,86,39
./benchmark_tests/original/Biere/bitcell_16_2/pec_bit_cell_arbiter_2_711.dqdimacs,88,40
./benchmark_tests/original/Biere/bitcell_16_2/pec_bit_cell_arbiter_2_711.dqdimacs,89,39
./benchmark_tests/original/Biere/bitcell_16_2/pec_bit_cell_arbiter_2_711.dqdimacs,90,40
./benchmark_tests/original/Biere/bitcell_16_2/pec_bit_cell_arbiter_2_711.dqdimacs,91,40
./benchmark_tests/original/Biere/bitcell_16_2/pec_bit_cell_arbiter_2_711.dqdimacs,92,40
./benchmark_tests/original/Biere/bitcell_16_2/pec_bit_cell_arbiter_2_711.dqdimacs,93,40
./benchmark_tests/original/Biere/bitcell_16_2/pec_bit_cell_arbiter_2_711.dqdimacs,94,39
./benchmark_tests/original/Biere/bitcell_16_2/pec_bit_cell_arbiter_2_711.dqdimacs,96,40
./benchmark_tests/original/Biere/bitcell_16_2/pec_bit_cell_arbiter_2_711.dqdimacs,97,40
./benchmark_tests/original/Biere/bitcell_16_2/pec_bit_cell_arbiter_2_711.dqdimacs,98,40
./benchmark_tests/original/Biere/bitcell_16_2/pec_bit_cell_arbiter_2_711.dqdimacs,99,40
./benchmark_tests/original/Biere/bitcell_16_2/pec_bit_cell_arbiter_2_711.dqdimacs,100,40
./benchmark_tests/original/Biere/bitcell_16_2/pec_bit_cell_arbiter_2_711.dqdimacs,101,40
./benchmark_tests/original/Biere/bitcell_16_2/pec_bit_cell_arbiter_2_711.dqdimacs,102,39
./benchmark_tests/original/Biere/bitcell_16_2/pec_bit_cell_arbiter_2_711.dqdimacs,104,39
./benchmark_tests/original/Biere/bitcell_16_2/pec_bit_cell_arbiter_2_711.dqdimacs,105,39
./benchmark_tests/original/Biere/bitcell_16_2/pec_bit_cell_arbiter_2_711.dqdimacs,106,39
./benchmark_tests/original/Biere/bitcell_16_2/pec_bit_cell_arbiter_2_711.dqdimacs,107,40
./benchmark_tests/original/Biere/bitcell_16_2/pec_bit_cell_arbiter_2_711.dqdimacs,108,40
./benchmark_tests/original/Biere/bitcell_16_2/pec_bit_cell_arbiter_2_711.dqdimacs,109,39
./benchmark_tests/original/Biere/bitcell_16_2/pec_bit_cell_arbiter_2_711.dqdimacs,110,39
./benchmark_tests/original/Biere/bitcell_16_2/pec_bit_cell_arbiter_2_711.dqdimacs,112,39
./benchmark_tests/original/Biere/bitcell_16_2/pec_bit_cell_arbiter_2_711.dqdimacs,113,40
./benchmark_tests/original/Biere/bitcell_16_2/pec_bit_cell_arbiter_2_711.dqdimacs,114,40
./benchmark_tests/original/Biere/bitcell_16_2/pec_bit_cell_arbiter_2_711.dqdimacs,115,40
./benchmark_tests/original/Biere/bitcell_16_2/pec_bit_cell_arbiter_2_711.dqdimacs,116,40
./benchmark_tests/original/Biere/bitcell_16_2/pec_bit_cell_arbiter_2_711.dqdimacs,117,39
./benchmark_tests/original/Biere/bitcell_16_2/pec_bit_cell_arbiter_2_711.dqdimacs,118,40
./benchmark_tests/original/Biere/bitcell_16_2/pec_bit_cell_arbiter_2_711.dqdimacs,119,39
./benchmark_tests/original/Biere/bitcell_16_2/pec_bit_cell_arbiter_2_711.dqdimacs,120,40
./benchmark_tests/original/Biere/bitcell_16_2/pec_bit_cell_arbiter_2_711.dqdimacs,121,40
./benchmark_tests/original/Biere/bitcell_16_2/pec_bit_cell_arbiter_2_711.dqdimacs,122,40
./benchmark_tests/original/Biere/bitcell_16_2/pec_bit_cell_arbiter_2_711.dqdimacs,123,39
./benchmark_tests/original/Biere/bitcell_16_2/pec_bit_cell_arbiter_2_711.dqdimacs,124,39
./benchmark_tests/original/Biere/bitcell_16_2/pec_bit_cell_arbiter_2_717.dqdimacs,3,180
./benchmark_tests/original/Biere/bitcell_16_2/pec_bit_cell_arbiter_2_717.dqdimacs,5,173
./benchmark_tests/original/Biere/bitcell_16_2/pec_bit_cell_arbiter_2_717.dqdimacs,7,170
./benchmark_tests/original/Biere/bitcell_16_2/pec_bit_cell_arbiter_2_717.dqdimacs,9,147
./benchmark_tests/original/Biere/bitcell_16_2/pec_bit_cell_arbiter_2_717.dqdimacs,11,147
./benchmark_tests/original/Biere/bitcell_16_2/pec_bit_cell_arbiter_2_717.dqdimacs,13,147
./benchmark_tests/original/Biere/bitcell_16_2/pec_bit_cell_arbiter_2_717.dqdimacs,14,147
./benchmark_tests/original/Biere/bitcell_16_2/pec_bit_cell_arbiter_2_717.dqdimacs,15,147
./benchmark_tests/original/Biere/bitcell_16_2/pec_bit_cell_arbiter_2_717.dqdimacs,16,146
./benchmark_tests/original/Biere/bitcell_16_2/pec_bit_cell_arbiter_2_717.dqdimacs,17,144
./benchmark_tests/original/Biere/bitcell_16_2/pec_bit_cell_arbiter_2_717.dqdimacs,18,136
./benchmark_tests/original/Biere/bitcell_16_2/pec_bit_cell_arbiter_2_717.dqdimacs,19,127
./benchmark_tests/original/Biere/bitcell_16_2/pec_bit_cell_arbiter_2_717.dqdimacs,20,118
./benchmark_tests/original/Biere/bitcell_16_2/pec_bit_cell_arbiter_2_717.dqdimacs,21,141
./benchmark_tests/original/Biere/bitcell_16_2/pec_bit_cell_arbiter_2_717.dqdimacs,22,99
./benchmark_tests/original/Biere/bitcell_16_2/pec_bit_cell_arbiter_2_717.dqdimacs,25,92
./benchmark_tests/original/Biere/bitcell_16_2/pec_bit_cell_arbiter_2_717.dqdimacs,27,86
./benchmark_tests/original/Biere/bitcell_16_2/pec_bit_cell_arbiter_2_717.dqdimacs,28,82
./benchmark_tests/original/Biere/bitcell_16_2/pec_bit_cell_arbiter_2_717.dqdimacs,29,80
./benchmark_tests/original/Biere/bitcell_16_2/pec_bit_cell_arbiter_2_717.dqdimacs,30,81
./benchmark_tests/original/Biere/bitcell_16_2/pec_bit_cell_arbiter_2_717.dqdimacs,31,80
./benchmark_tests/original/Biere/bitcell_16_2/pec_bit_cell_arbiter_2_717.dqdimacs,32,81
./benchmark_tests/original/Biere/bitcell_16_2/pec_bit_cell_arbiter_2_717.dqdimacs,33,80
./benchmark_tests/original/Biere/bitcell_16_2/pec_bit_cell_arbiter_2_717.dqdimacs,34,80
./benchmark_tests/original/Biere/bitcell_16_2/pec_bit_cell_arbiter_2_717.dqdimacs,35,81
./benchmark_tests/original/Biere/bitcell_16_2/pec_bit_cell_arbiter_2_717.dqdimacs,36,80
./benchmark_tests/original/Biere/bitcell_16_2/pec_bit_cell_arbiter_2_717.dqdimacs,37,80
./benchmark_tests/original/Biere/bitcell_16_2/pec_bit_cell_arbiter_2_717.dqdimacs,38,79
./benchmark_tests/original/Biere/bitcell_16_2/pec_bit_cell_arbiter_2_717.dqdimacs,39,79
./benchmark_tests/original/Biere/bitcell_16_2/pec_bit_cell_arbiter_2_717.dqdimacs,40,80
./benchmark_tests/original/Biere/bitcell_16_2/pec_bit_cell_arbiter_2_717.dqdimacs,41,79
./benchmark_tests/original/Biere/bitcell_16_2/pec_bit_cell_arbiter_2_717.dqdimacs,42,80
./benchmark_tests/original/Biere/bitcell_16_2/pec_bit_cell_arbiter_2_717.dqdimacs,43,80
./benchmark_tests/original/Biere/bitcell_16_2/pec_bit_cell_arbiter_2_717.dqdimacs,44,84
./benchmark_tests/original/Biere/bitcell_16_2/pec_bit_cell_arbiter_2_717.dqdimacs,45,79
./benchmark_tests/original/Biere/bitcell_16_2/pec_bit_cell_arbiter_2_717.dqdimacs,46,79
./benchmark_tests/original/Biere/bitcell_16_2/pec_bit_cell_arbiter_2_717.dqdimacs,47,79
./benchmark_tests/original/Biere/bitcell_16_2/pec_bit_cell_arbiter_2_717.dqdimacs,48,79
./benchmark_tests/original/Biere/bitcell_16_2/pec_bit_cell_arbiter_2_717.dqdimacs,49,79
./benchmark_tests/original/Biere/bitcell_16_2/pec_bit_cell_arbiter_2_717.dqdimacs,50,80
./benchmark_tests/original/Biere/bitcell_16_2/pec_bit_cell_arbiter_2_717.dqdimacs,51,80
./benchmark_tests/original/Biere/bitcell_16_2/pec_bit_cell_arbiter_2_717.dqdimacs,52,80
./benchmark_tests/original/Biere/bitcell_16_2/pec_bit_cell_arbiter_2_717.dqdimacs,53,80
./benchmark_tests/original/Biere/bitcell_16_2/pec_bit_cell_arbiter_2_717.dqdimacs,54,79
./benchmark_tests/original/Biere/bitcell_16_2/pec_bit_cell_arbiter_2_717.dqdimacs,55,80
./benchmark_tests/original/Biere/bitcell_16_2/pec_bit_cell_arbiter_2_717.dqdimacs,56,80
./benchmark_tests/original/Biere/bitcell_16_2/pec_bit_cell_arbiter_2_717.dqdimacs,57,80
./benchmark_tests/original/Biere/bitcell_16_2/pec_bit_cell_arbiter_2_717.dqdimacs,58,80
./benchmark_tests/original/Biere/bitcell_16_2/pec_bit_cell_arbiter_2_717.dqdimacs,59,80
./benchmark_tests/original/Biere/bitcell_16_2/pec_bit_cell_arbiter_2_717.dqdimacs,61,80
./benchmark_tests/original/Biere/bitcell_16_2/pec_bit_cell_arbiter_2_717.dqdimacs,62,80
./benchmark_tests/original/Biere/bitcell_16_2/pec_bit_cell_arbiter_2_717.dqdimacs,63,80
./benchmark_tests/original/Biere/bitcell_16_2/pec_bit_cell_arbiter_2_717.dqdimacs,64,80
./benchmark_tests/original/Biere/bitcell_16_2/pec_bit_cell_arbiter_2_717.dqdimacs,65,81
./benchmark_tests/original/Biere/bitcell_16_2/pec_bit_cell_arbiter_2_717.dqdimacs,67,80
./benchmark_tests/original/Biere/bitcell_16_2/pec_bit_cell_arbiter_2_717.dqdimacs,68,80
./benchmark_tests/original/Biere/bitcell_16_2/pec_bit_cell_arbiter_2_717.dqdimacs,69,80
./benchmark_tests/original/Biere/bitcell_16_2/pec_bit_cell_arbiter_2_717.dqdimacs,70,81
./benchmark_tests/original/Biere/bitcell_16_2/pec_bit_cell_arbiter_2_717.dqdimacs,71,81
./benchmark_tests/original/Biere/bitcell_16_2/pec_bit_cell_arbiter_2_717.dqdimacs,72,81
./benchmark_tests/original/Biere/bitcell_16_2/pec_bit_cell_arbiter_2_717.dqdimacs,73,81
./benchmark_tests/original/Biere/bitcell_16_2/pec_bit_cell_arbiter_2_717.dqdimacs,75,80
./benchmark_tests/original/Biere/bitcell_16_2/pec_bit_cell_arbiter_2_717.dqdimacs,76,81
./benchmark_tests/original/Biere/bitcell_16_2/pec_bit_cell_arbiter_2_717.dqdimacs,77,80
./benchmark_tests/original/Biere/bitcell_16_2/pec_bit_cell_arbiter_2_717.dqdimacs,78,81
./benchmark_tests/original/Biere/bitcell_16_2/pec_bit_cell_arbiter_2_717.dqdimacs,79,81
./benchmark_tests/original/Biere/bitcell_16_2/pec_bit_cell_arbiter_2_717.dqdimacs,80,81
./benchmark_tests/original/Biere/bitcell_16_2/pec_bit_cell_arbiter_2_717.dqdimacs,81,81
./benchmark_tests/original/Biere/bitcell_16_2/pec_bit_cell_arbiter_2_717.dqdimacs,83,80
./benchmark_tests/original/Biere/bitcell_16_2/pec_bit_cell_arbiter_2_717.dqdimacs,84,81
./benchmark_tests/original/Biere/bitcell_16_2/pec_bit_cell_arbiter_2_717.dqdimacs,85,80
./benchmark_tests/original/Biere/bitcell_16_2/pec_bit_cell_arbiter_2_717.dqdimacs,86,81
./benchmark_tests/original/Biere/bitcell_16_2/pec_bit_cell_arbiter_2_717.dqdimacs,87,81
./benchmark_tests/original/Biere/bitcell_16_2/pec_bit_cell_arbiter_2_717.dqdimacs,88,81
./benchmark_tests/original/Biere/bitcell_16_2/pec_bit_cell_arbiter_2_717.dqdimacs,89,81
./benchmark_tests/original/Biere/bitcell_16_2/pec_bit_cell_arbiter_2_717.dqdimacs,91,80
./benchmark_tests/original/Biere/bitcell_16_2/pec_bit_cell_arbiter_2_717.dqdimacs,92,80
./benchmark_tests/original/Biere/bitcell_16_2/pec_bit_cell_arbiter_2_717.dqdimacs,93,81
./benchmark_tests/original/Biere/bitcell_16_2/pec_bit_cell_arbiter_2_717.dqdimacs,94,81
./benchmark_tests/original/Biere/bitcell_16_2/pec_bit_cell_arbiter_2_717.dqdimacs,95,81
./benchmark_tests/original/Biere/bitcell_16_2/pec_bit_cell_arbiter_2_717.dqdimacs,96,81
./benchmark_tests/original/Biere/bitcell_16_2/pec_bit_cell_arbiter_2_717.dqdimacs,97,81
./benchmark_tests/original/Biere/bitcell_16_2/pec_bit_cell_arbiter_2_717.dqdimacs,99,80
./benchmark_tests/original/Biere/bitcell_16_2/pec_bit_cell_arbiter_2_717.dqdimacs,100,80
./benchmark_tests/original/Biere/bitcell_16_2/pec_bit_cell_arbiter_2_717.dqdimacs,101,80
./benchmark_tests/original/Biere/bitcell_16_2/pec_bit_cell_arbiter_2_717.dqdimacs,102,81
./benchmark_tests/original/Biere/bitcell_16_2/pec_bit_cell_arbiter_2_717.dqdimacs,103,81
./benchmark_tests/original/Biere/bitcell_16_2/pec_bit_cell_arbiter_2_717.dqdimacs,104,81
./benchmark_tests/original/Biere/bitcell_16_2/pec_bit_cell_arbiter_2_717.dqdimacs,105,81
./benchmark_tests/original/Biere/bitcell_16_2/pec_bit_cell_arbiter_2_717.dqdimacs,107,80
./benchmark_tests/original/Biere/bitcell_16_2/pec_bit_cell_arbiter_2_717.dqdimacs,108,81
./benchmark_tests/original/Biere/bitcell_16_2/pec_bit_cell_arbiter_2_717.dqdimacs,109,80
./benchmark_tests/original/Biere/bitcell_16_2/pec_bit_cell_arbiter_2_717.dqdimacs,110,81
./benchmark_tests/original/Biere/bitcell_16_2/pec_bit_cell_arbiter_2_717.dqdimacs,111,81
./benchmark_tests/original/Biere/bitcell_16_2/pec_bit_cell_arbiter_2_717.dqdimacs,112,81
./benchmark_tests/original/Biere/bitcell_16_2/pec_bit_cell_arbiter_2_717.dqdimacs,113,81
./benchmark_tests/original/Biere/bitcell_16_2/pec_bit_cell_arbiter_2_717.dqdimacs,115,80
./benchmark_tests/original/Biere/bitcell_16_2/pec_bit_cell_arbiter_2_717.dqdimacs,116,80
./benchmark_tests/original/Biere/bitcell_16_2/pec_bit_cell_arbiter_2_717.dqdimacs,117,80
./benchmark_tests/original/Biere/bitcell_16_2/pec_bit_cell_arbiter_2_717.dqdimacs,118,81
./benchmark_tests/original/Biere/bitcell_16_2/pec_bit_cell_arbiter_2_717.dqdimacs,119,81
./benchmark_tests/original/Biere/bitcell_16_2/pec_bit_cell_arbiter_2_717.dqdimacs,120,81
./benchmark_tests/original/Biere/bitcell_16_2/pec_bit_cell_arbiter_2_717.dqdimacs,121,82
./benchmark_tests/original/Biere/bitcell_16_2/pec_bit_cell_arbiter_2_717.dqdimacs,123,80
./benchmark_tests/original/Biere/bitcell_16_2/pec_bit_cell_arbiter_2_717.dqdimacs,124,80
./benchmark_tests/original/Biere/bitcell_16_2/pec_bit_cell_arbiter_2_717.dqdimacs,125,80
./benchmark_tests/original/Biere/bitcell_16_2/pec_bit_cell_arbiter_2_717.dqdimacs,126,81
./benchmark_tests/original/Biere/bitcell_16_2/pec_bit_cell_arbiter_2_717.dqdimacs,127,81
./benchmark_tests/original/Biere/bitcell_16_2/pec_bit_cell_arbiter_2_717.dqdimacs,128,81
./benchmark_tests/original/Biere/bitcell_16_2/pec_bit_cell_arbiter_2_717.dqdimacs,129,81
./benchmark_tests/original/Biere/bitcell_16_2/pec_bit_cell_arbiter_2_717.dqdimacs,130,80
./benchmark_tests/original/Biere/bitcell_16_2/pec_bit_cell_arbiter_2_717.dqdimacs,131,81
./benchmark_tests/original/Biere/bitcell_16_2/pec_bit_cell_arbiter_2_717.dqdimacs,132,81
./benchmark_tests/original/Biere/bitcell_16_2/pec_bit_cell_arbiter_2_717.dqdimacs,133,82
./benchmark_tests/original/Biere/bitcell_16_2/pec_bit_cell_arbiter_2_717.dqdimacs,134,81
./benchmark_tests/original/Biere/bitcell_16_2/pec_bit_cell_arbiter_2_717.dqdimacs,135,81
./benchmark_tests/original/Biere/bitcell_16_2/pec_bit_cell_arbiter_2_723.dqdimacs,3,226
./benchmark_tests/original/Biere/bitcell_16_2/pec_bit_cell_arbiter_2_723.dqdimacs,4,216
./benchmark_tests/original/Biere/bitcell_16_2/pec_bit_cell_arbiter_2_723.dqdimacs,5,197
./benchmark_tests/original/Biere/bitcell_16_2/pec_bit_cell_arbiter_2_723.dqdimacs,6,242
./benchmark_tests/original/Biere/bitcell_16_2/pec_bit_cell_arbiter_2_723.dqdimacs,7,198
./benchmark_tests/original/Biere/bitcell_16_2/pec_bit_cell_arbiter_2_723.dqdimacs,10,200
./benchmark_tests/original/Biere/bitcell_16_2/pec_bit_cell_arbiter_2_723.dqdimacs,12,198
./benchmark_tests/original/Biere/bitcell_16_2/pec_bit_cell_arbiter_2_723.dqdimacs,14,190
./benchmark_tests/original/Biere/bitcell_16_2/pec_bit_cell_arbiter_2_723.dqdimacs,16,172
./benchmark_tests/original/Biere/bitcell_16_2/pec_bit_cell_arbiter_2_723.dqdimacs,18,155
./benchmark_tests/original/Biere/bitcell_16_2/pec_bit_cell_arbiter_2_723.dqdimacs,20,138
./benchmark_tests/original/Biere/bitcell_16_2/pec_bit_cell_arbiter_2_723.dqdimacs,22,125
./benchmark_tests/original/Biere/bitcell_16_2/pec_bit_cell_arbiter_2_723.dqdimacs,24,115
./benchmark_tests/original/Biere/bitcell_16_2/pec_bit_cell_arbiter_2_723.dqdimacs,26,107
./benchmark_tests/original/Biere/bitcell_16_2/pec_bit_cell_arbiter_2_723.dqdimacs,27,107
./benchmark_tests/original/Biere/bitcell_16_2/pec_bit_cell_arbiter_2_723.dqdimacs,28,106
./benchmark_tests/original/Biere/bitcell_16_2/pec_bit_cell_arbiter_2_723.dqdimacs,29,106
./benchmark_tests/original/Biere/bitcell_16_2/pec_bit_cell_arbiter_2_723.dqdimacs,30,106
./benchmark_tests/original/Biere/bitcell_16_2/pec_bit_cell_arbiter_2_723.dqdimacs,31,111
./benchmark_tests/original/Biere/bitcell_16_2/pec_bit_cell_arbiter_2_723.dqdimacs,32,106
./benchmark_tests/original/Biere/bitcell_16_2/pec_bit_cell_arbiter_2_723.dqdimacs,33,106
./benchmark_tests/original/Biere/bitcell_16_2/pec_bit_cell_arbiter_2_723.dqdimacs,34,106
./benchmark_tests/original/Biere/bitcell_16_2/pec_bit_cell_arbiter_2_723.dqdimacs,35,105
./benchmark_tests/original/Biere/bitcell_16_2/pec_bit_cell_arbiter_2_723.dqdimacs,36,106
./benchmark_tests/original/Biere/bitcell_16_2/pec_bit_cell_arbiter_2_723.dqdimacs,37,106
./benchmark_tests/original/Biere/bitcell_16_2/pec_bit_cell_arbiter_2_723.dqdimacs,38,106
./benchmark_tests/original/Biere/bitcell_16_2/pec_bit_cell_arbiter_2_723.dqdimacs,39,106
./benchmark_tests/original/Biere/bitcell_16_2/pec_bit_cell_arbiter_2_723.dqdimacs,40,106
./benchmark_tests/original/Biere/bitcell_16_2/pec_bit_cell_arbiter_2_723.dqdimacs,41,107
./benchmark_tests/original/Biere/bitcell_16_2/pec_bit_cell_arbiter_2_723.dqdimacs,43,106
./benchmark_tests/original/Biere/bitcell_16_2/pec_bit_cell_arbiter_2_723.dqdimacs,44,106
./benchmark_tests/original/Biere/bitcell_16_2/pec_bit_cell_arbiter_2_723.dqdimacs,45,106
./benchmark_tests/original/Biere/bitcell_16_2/pec_bit_cell_arbiter_2_723.dqdimacs,46,106
./benchmark_tests/original/Biere/bitcell_16_2/pec_bit_cell_arbiter_2_723.dqdimacs,47,106
./benchmark_tests/original/Biere/bitcell_16_2/pec_bit_cell_arbiter_2_723.dqdimacs,48,106
./benchmark_tests/original/Biere/bitcell_16_2/pec_bit_cell_arbiter_2_723.dqdimacs,49,106
./benchmark_tests/original/Biere/bitcell_16_2/pec_bit_cell_arbiter_2_723.dqdimacs,50,106
./benchmark_tests/original/Biere/bitcell_16_2/pec_bit_cell_arbiter_2_723.dqdimacs,51,106
./benchmark_tests/original/Biere/bitcell_16_2/pec_bit_cell_arbiter_2_723.dqdimacs,52,106
./benchmark_tests/original/Biere/bitcell_16_2/pec_bit_cell_arbiter_2_723.dqdimacs,53,107
./benchmark_tests/original/Biere/bitcell_16_2/pec_bit_cell_arbiter_2_723.dqdimacs,54,106
./benchmark_tests/original/Biere/bitcell_16_2/pec_bit_cell_arbiter_2_723.dqdimacs,55,106
./benchmark_tests/original/Biere/bitcell_16_2/pec_bit_cell_arbiter_2_723.dqdimacs,56,106
./benchmark_tests/original/Biere/bitcell_16_2/pec_bit_cell_arbiter_2_723.dqdimacs,57,105
./benchmark_tests/original/Biere/bitcell_16_2/pec_bit_cell_arbiter_2_723.dqdimacs,58,106
./benchmark_tests/original/Biere/bitcell_16_2/pec_bit_cell_arbiter_2_723.dqdimacs,59,106
./benchmark_tests/original/Biere/bitcell_16_2/pec_bit_cell_arbiter_2_723.dqdimacs,60,107
./benchmark_tests/original/Biere/bitcell_16_2/pec_bit_cell_arbiter_2_723.dqdimacs,61,107
./benchmark_tests/original/Biere/bitcell_16_2/pec_bit_cell_arbiter_2_723.dqdimacs,62,107
./benchmark_tests/original/Biere/bitcell_16_2/pec_bit_cell_arbiter_2_723.dqdimacs,63,107
./benchmark_tests/original/Biere/bitcell_16_2/pec_bit_cell_arbiter_2_723.dqdimacs,64,106
./benchmark_tests/original/Biere/bitcell_16_2/pec_bit_cell_arbiter_2_723.dqdimacs,65,106
./benchmark_tests/original/Biere/bitcell_16_2/pec_bit_cell_arbiter_2_723.dqdimacs,66,106
./benchmark_tests/original/Biere/bitcell_16_2/pec_bit_cell_arbiter_2_723.dqdimacs,67,105
./benchmark_tests/original/Biere/bitcell_16_2/pec_bit_cell_arbiter_2_723.dqdimacs,68,106
./benchmark_tests/original/Biere/bitcell_16_2/pec_bit_cell_arbiter_2_723.dqdimacs,69,107
./benchmark_tests/original/Biere/bitcell_16_2/pec_bit_cell_arbiter_2_723.dqdimacs,70,106
./benchmark_tests/original/Biere/bitcell_16_2/pec_bit_cell_arbiter_2_723.dqdimacs,71,106
./benchmark_tests/original/Biere/bitcell_16_2/pec_bit_cell_arbiter_2_723.dqdimacs,72,106
./benchmark_tests/original/Biere/bitcell_16_2/pec_bit_cell_arbiter_2_723.dqdimacs,73,106
./benchmark_tests/original/Biere/bitcell_16_2/pec_bit_cell_arbiter_2_723.dqdimacs,74,106
./benchmark_tests/original/Biere/bitcell_16_2/pec_bit_cell_arbiter_2_723.dqdimacs,75,106
./benchmark_tests/original/Biere/bitcell_16_2/pec_bit_cell_arbiter_2_723.dqdimacs,76,106
./benchmark_tests/original/Biere/bitcell_16_2/pec_bit_cell_arbiter_2_723.dqdimacs,77,106
./benchmark_tests/original/Biere/bitcell_16_2/pec_bit_cell_arbiter_2_723.dqdimacs,78,106
./benchmark_tests/original/Biere/bitcell_16_2/pec_bit_cell_arbiter_2_723.dqdimacs,79,106
./benchmark_tests/original/Biere/bitcell_16_2/pec_bit_cell_arbiter_2_723.dqdimacs,80,106
./benchmark_tests/original/Biere/bitcell_16_2/pec_bit_cell_arbiter_2_723.dqdimacs,81,106
./benchmark_tests/original/Biere/bitcell_16_2/pec_bit_cell_arbiter_2_723.dqdimacs,82,106
./benchmark_tests/original/Biere/bitcell_16_2/pec_bit_cell_arbiter_2_723.dqdimacs,83,106
./benchmark_tests/original/Biere/bitcell_16_2/pec_bit_cell_arbiter_2_723.dqdimacs,84,105
./benchmark_tests/original/Biere/bitcell_16_2/pec_bit_cell_arbiter_2_723.dqdimacs,85,106
./benchmark_tests/original/Biere/bitcell_16_2/pec_bit_cell_arbiter_2_723.dqdimacs,86,106
./benchmark_tests/original/Biere/bitcell_16_2/pec_bit_cell_arbiter_2_723.dqdimacs,87,106
./benchmark_tests/original/Biere/bitcell_16_2/pec_bit_cell_arbiter_2_723.dqdimacs,88,105
./benchmark_tests/original/Biere/bitcell_16_2/pec_bit_cell_arbiter_2_723.dqdimacs,89,106
./benchmark_tests/original/Biere/bitcell_16_2/pec_bit_cell_arbiter_2_723.dqdimacs,90,106
./benchmark_tests/original/Biere/bitcell_16_2/pec_bit_cell_arbiter_2_723.dqdimacs,91,106
./benchmark_tests/original/Biere/bitcell_16_2/pec_bit_cell_arbiter_2_723.dqdimacs,92,106
./benchmark_tests/original/Biere/bitcell_16_2/pec_bit_cell_arbiter_2_723.dqdimacs,94,106
./benchmark_tests/original/Biere/bitcell_16_2/pec_bit_cell_arbiter_2_723.dqdimacs,95,105
./benchmark_tests/original/Biere/bitcell_16_2/pec_bit_cell_arbiter_2_723.dqdimacs,96,105
./benchmark_tests/original/Biere/bitcell_16_2/pec_bit_cell_arbiter_2_723.dqdimacs,97,106
./benchmark_tests/original/Biere/bitcell_16_2/pec_bit_cell_arbiter_2_723.dqdimacs,99,106
./benchmark_tests/original/Biere/bitcell_16_2/pec_bit_cell_arbiter_2_723.dqdimacs,100,106
./benchmark_tests/original/Biere/bitcell_16_2/pec_bit_cell_arbiter_2_723.dqdimacs,101,106
./benchmark_tests/original/Biere/bitcell_16_2/pec_bit_cell_arbiter_2_723.dqdimacs,102,106
./benchmark_tests/original/Biere/bitcell_16_2/pec_bit_cell_arbiter_2_723.dqdimacs,103,106
./benchmark_tests/original/Biere/bitcell_16_2/pec_bit_cell_arbiter_2_723.dqdimacs,104,106
./benchmark_tests/original/Biere/bitcell_16_2/pec_bit_cell_arbiter_2_723.dqdimacs,105,106
./benchmark_tests/original/Biere/bitcell_16_2/pec_bit_cell_arbiter_2_723.dqdimacs,107,105
./benchmark_tests/original/Biere/bitcell_16_2/pec_bit_cell_arbiter_2_723.dqdimacs,108,106
./benchmark_tests/original/Biere/bitcell_16_2/pec_bit_cell_arbiter_2_723.dqdimacs,109,106
./benchmark_tests/original/Biere/bitcell_16_2/pec_bit_cell_arbiter_2_723.dqdimacs,110,106
./benchmark_tests/original/Biere/bitcell_16_2/pec_bit_cell_arbiter_2_723.dqdimacs,111,106
./benchmark_tests/original/Biere/bitcell_16_2/pec_bit_cell_arbiter_2_723.dqdimacs,112,106
./benchmark_tests/original/Biere/bitcell_16_2/pec_bit_cell_arbiter_2_723.dqdimacs,113,106
./benchmark_tests/original/Biere/bitcell_16_2/pec_bit_cell_arbiter_2_723.dqdimacs,115,106
./benchmark_tests/original/Biere/bitcell_16_2/pec_bit_cell_arbiter_2_723.dqdimacs,116,106
./benchmark_tests/original/Biere/bitcell_16_2/pec_bit_cell_arbiter_2_723.dqdimacs,117,105
./benchmark_tests/original/Biere/bitcell_16_2/pec_bit_cell_arbiter_2_723.dqdimacs,118,105
./benchmark_tests/original/Biere/bitcell_16_2/pec_bit_cell_arbiter_2_723.dqdimacs,119,105
./benchmark_tests/original/Biere/bitcell_16_2/pec_bit_cell_arbiter_2_723.dqdimacs,120,106
./benchmark_tests/original/Biere/bitcell_16_2/pec_bit_cell_arbiter_2_723.dqdimacs,121,106
./benchmark_tests/original/Biere/bitcell_16_2/pec_bit_cell_arbiter_2_723.dqdimacs,123,105
./benchmark_tests/original/Biere/bitcell_16_2/pec_bit_cell_arbiter_2_723.dqdimacs,124,106
./benchmark_tests/original/Biere/bitcell_16_2/pec_bit_cell_arbiter_2_723.dqdimacs,125,106
./benchmark_tests/original/Biere/bitcell_16_2/pec_bit_cell_arbiter_2_723.dqdimacs,126,106
./benchmark_tests/original/Biere/bitcell_16_2/pec_bit_cell_arbiter_2_723.dqdimacs,127,106
./benchmark_tests/original/Biere/bitcell_16_2/pec_bit_cell_arbiter_2_723.dqdimacs,128,106
./benchmark_tests/original/Biere/bitcell_16_2/pec_bit_cell_arbiter_2_723.dqdimacs,129,106
./benchmark_tests/original/Biere/bitcell_16_2/pec_bit_cell_arbiter_2_723.dqdimacs,131,105
./benchmark_tests/original/Biere/bitcell_16_2/pec_bit_cell_arbiter_2_723.dqdimacs,132,105
./benchmark_tests/original/Biere/bitcell_16_2/pec_bit_cell_arbiter_2_723.dqdimacs,133,105
./benchmark_tests/original/Biere/bitcell_16_2/pec_bit_cell_arbiter_2_723.dqdimacs,134,106
./benchmark_tests/original/Biere/bitcell_16_2/pec_bit_cell_arbiter_2_723.dqdimacs,135,106
./benchmark_tests/original/Biere/bitcell_16_2/pec_bit_cell_arbiter_2_723.dqdimacs,136,106
./benchmark_tests/original/Biere/bitcell_16_2/pec_bit_cell_arbiter_2_723.dqdimacs,137,106
./benchmark_tests/original/Biere/bitcell_16_2/pec_bit_cell_arbiter_2_723.dqdimacs,138,106
./benchmark_tests/original/Biere/bitcell_16_2/pec_bit_cell_arbiter_2_723.dqdimacs,139,105
./benchmark_tests/original/Biere/bitcell_16_2/pec_bit_cell_arbiter_2_723.dqdimacs,140,106
./benchmark_tests/original/Biere/bitcell_16_2/pec_bit_cell_arbiter_2_723.dqdimacs,141,105
./benchmark_tests/original/Biere/bitcell_16_2/pec_bit_cell_arbiter_2_723.dqdimacs,142,105
./benchmark_tests/original/Biere/bitcell_16_2/pec_bit_cell_arbiter_2_723.dqdimacs,143,105
./benchmark_tests/original/Biere/bitcell_16_2/pec_bit_cell_arbiter_2_729.dqdimacs,3,249
./benchmark_tests/original/Biere/bitcell_16_2/pec_bit_cell_arbiter_2_729.dqdimacs,5,243
./benchmark_tests/original/Biere/bitcell_16_2/pec_bit_cell_arbiter_2_729.dqdimacs,7,241
./benchmark_tests/original/Biere/bitcell_16_2/pec_bit_cell_arbiter_2_729.dqdimacs,9,241
./benchmark_tests/original/Biere/bitcell_16_2/pec_bit_cell_arbiter_2_729.dqdimacs,11,241
./benchmark_tests/original/Biere/bitcell_16_2/pec_bit_cell_arbiter_2_729.dqdimacs,13,237
./benchmark_tests/original/Biere/bitcell_16_2/pec_bit_cell_arbiter_2_729.dqdimacs,15,206
./benchmark_tests/original/Biere/bitcell_16_2/pec_bit_cell_arbiter_2_729.dqdimacs,17,186
./benchmark_tests/original/Biere/bitcell_16_2/pec_bit_cell_arbiter_2_729.dqdimacs,19,167
./benchmark_tests/original/Biere/bitcell_16_2/pec_bit_cell_arbiter_2_729.dqdimacs,21,148
./benchmark_tests/original/Biere/bitcell_16_2/pec_bit_cell_arbiter_2_729.dqdimacs,23,132
./benchmark_tests/original/Biere/bitcell_16_2/pec_bit_cell_arbiter_2_729.dqdimacs,24,121
./benchmark_tests/original/Biere/bitcell_16_2/pec_bit_cell_arbiter_2_729.dqdimacs,25,114
./benchmark_tests/original/Biere/bitcell_16_2/pec_bit_cell_arbiter_2_729.dqdimacs,26,115
./benchmark_tests/original/Biere/bitcell_16_2/pec_bit_cell_arbiter_2_729.dqdimacs,27,115
./benchmark_tests/original/Biere/bitcell_16_2/pec_bit_cell_arbiter_2_729.dqdimacs,28,115
./benchmark_tests/original/Biere/bitcell_16_2/pec_bit_cell_arbiter_2_729.dqdimacs,29,122
./benchmark_tests/original/Biere/bitcell_16_2/pec_bit_cell_arbiter_2_729.dqdimacs,30,115
./benchmark_tests/original/Biere/bitcell_16_2/pec_bit_cell_arbiter_2_729.dqdimacs,31,114
./benchmark_tests/original/Biere/bitcell_16_2/pec_bit_cell_arbiter_2_729.dqdimacs,32,114
./benchmark_tests/original/Biere/bitcell_16_2/pec_bit_cell_arbiter_2_729.dqdimacs,33,114
./benchmark_tests/original/Biere/bitcell_16_2/pec_bit_cell_arbiter_2_729.dqdimacs,34,115
./benchmark_tests/original/Biere/bitcell_16_2/pec_bit_cell_arbiter_2_729.dqdimacs,35,115
./benchmark_tests/original/Biere/bitcell_16_2/pec_bit_cell_arbiter_2_729.dqdimacs,36,140
./benchmark_tests/original/Biere/bitcell_16_2/pec_bit_cell_arbiter_2_729.dqdimacs,37,115
./benchmark_tests/original/Biere/bitcell_16_2/pec_bit_cell_arbiter_2_729.dqdimacs,40,115
./benchmark_tests/original/Biere/bitcell_16_2/pec_bit_cell_arbiter_2_729.dqdimacs,42,115
./benchmark_tests/original/Biere/bitcell_16_2/pec_bit_cell_arbiter_2_729.dqdimacs,45,115
./benchmark_tests/original/Biere/bitcell_16_2/pec_bit_cell_arbiter_2_729.dqdimacs,46,115
./benchmark_tests/original/Biere/bitcell_16_2/pec_bit_cell_arbiter_2_729.dqdimacs,47,115
./benchmark_tests/original/Biere/bitcell_16_2/pec_bit_cell_arbiter_2_729.dqdimacs,48,115
./benchmark_tests/original/Biere/bitcell_16_2/pec_bit_cell_arbiter_2_729.dqdimacs,49,115
./benchmark_tests/original/Biere/bitcell_16_2/pec_bit_cell_arbiter_2_729.dqdimacs,50,115
./benchmark_tests/original/Biere/bitcell_16_2/pec_bit_cell_arbiter_2_729.dqdimacs,51,115
./benchmark_tests/original/Biere/bitcell_16_2/pec_bit_cell_arbiter_2_729.dqdimacs,52,115
./benchmark_tests/original/Biere/bitcell_16_2/pec_bit_cell_arbiter_2_729.dqdimacs,53,116
./benchmark_tests/original/Biere/bitcell_16_2/pec_bit_cell_arbiter_2_729.dqdimacs,54,115
./benchmark_tests/original/Biere/bitcell_16_2/pec_bit_cell_arbiter_2_729.dqdimacs,55,115
./benchmark_tests/original/Biere/bitcell_16_2/pec_bit_cell_arbiter_2_729.dqdimacs,56,115
./benchmark_tests/original/Biere/bitcell_16_2/pec_bit_cell_arbiter_2_729.dqdimacs,57,116
./benchmark_tests/original/Biere/bitcell_16_2/pec_bit_cell_arbiter_2_729.dqdimacs,58,115
./benchmark_tests/original/Biere/bitcell_16_2/pec_bit_cell_arbiter_2_729.dqdimacs,59,115
./benchmark_tests/original/Biere/bitcell_16_2/pec_bit_cell_arbiter_2_729.dqdimacs,60,116
./benchmark_tests/original/Biere/bitcell_16_2/pec_bit_cell_arbiter_2_729.dqdimacs,61,115
./benchmark_tests/original/Biere/bitcell_16_2/pec_bit_cell_arbiter_2_729.dqdimacs,62,115
./benchmark_tests/original/Biere/bitcell_16_2/pec_bit_cell_arbiter_2_729.dqdimacs,63,115
./benchmark_tests/original/Biere/bitcell_16_2/pec_bit_cell_arbiter_2_729.dqdimacs,64,114
./benchmark_tests/original/Biere/bitcell_16_2/pec_bit_cell_arbiter_2_729.dqdimacs,65,115
./benchmark_tests/original/Biere/bitcell_16_2/pec_bit_cell_arbiter_2_729.dqdimacs,66,115
./benchmark_tests/original/Biere/bitcell_16_2/pec_bit_cell_arbiter_2_729.dqdimacs,67,114
./benchmark_tests/original/Biere/bitcell_16_2/pec_bit_cell_arbiter_2_729.dqdimacs,68,114
./benchmark_tests/original/Biere/bitcell_16_2/pec_bit_cell_arbiter_2_729.dqdimacs,69,114
./benchmark_tests/original/Biere/bitcell_16_2/pec_bit_cell_arbiter_2_729.dqdimacs,70,114
./benchmark_tests/original/Biere/bitcell_16_2/pec_bit_cell_arbiter_2_729.dqdimacs,71,115
./benchmark_tests/original/Biere/bitcell_16_2/pec_bit_cell_arbiter_2_729.dqdimacs,72,115
./benchmark_tests/original/Biere/bitcell_16_2/pec_bit_cell_arbiter_2_729.dqdimacs,73,115
./benchmark_tests/original/Biere/bitcell_16_2/pec_bit_cell_arbiter_2_729.dqdimacs,74,115
./benchmark_tests/original/Biere/bitcell_16_2/pec_bit_cell_arbiter_2_729.dqdimacs,75,115
./benchmark_tests/original/Biere/bitcell_16_2/pec_bit_cell_arbiter_2_729.dqdimacs,76,115
./benchmark_tests/original/Biere/bitcell_16_2/pec_bit_cell_arbiter_2_729.dqdimacs,77,115
./benchmark_tests/original/Biere/bitcell_16_2/pec_bit_cell_arbiter_2_729.dqdimacs,78,115
./benchmark_tests/original/Biere/bitcell_16_2/pec_bit_cell_arbiter_2_729.dqdimacs,79,115
./benchmark_tests/original/Biere/bitcell_16_2/pec_bit_cell_arbiter_2_729.dqdimacs,80,115
./benchmark_tests/original/Biere/bitcell_16_2/pec_bit_cell_arbiter_2_729.dqdimacs,81,115
./benchmark_tests/original/Biere/bitcell_16_2/pec_bit_cell_arbiter_2_729.dqdimacs,82,115
./benchmark_tests/original/Biere/bitcell_16_2/pec_bit_cell_arbiter_2_729.dqdimacs,83,115
./benchmark_tests/original/Biere/bitcell_16_2/pec_bit_cell_arbiter_2_729.dqdimacs,84,115
./benchmark_tests/original/Biere/bitcell_16_2/pec_bit_cell_arbiter_2_729.dqdimacs,85,115
./benchmark_tests/original/Biere/bitcell_16_2/pec_bit_cell_arbiter_2_729.dqdimacs,87,115
./benchmark_tests/original/Biere/bitcell_16_2/pec_bit_cell_arbiter_2_729.dqdimacs,88,115
./benchmark_tests/original/Biere/bitcell_16_2/pec_bit_cell_arbiter_2_729.dqdimacs,89,115
./benchmark_tests/original/Biere/bitcell_16_2/pec_bit_cell_arbiter_2_729.dqdimacs,90,115
./benchmark_tests/original/Biere/bitcell_16_2/pec_bit_cell_arbiter_2_729.dqdimacs,91,115
./benchmark_tests/original/Biere/bitcell_16_2/pec_bit_cell_arbiter_2_729.dqdimacs,92,116
./benchmark_tests/original/Biere/bitcell_16_2/pec_bit_cell_arbiter_2_729.dqdimacs,93,115
./benchmark_tests/original/Biere/bitcell_16_2/pec_bit_cell_arbiter_2_729.dqdimacs,94,116
./benchmark_tests/original/Biere/bitcell_16_2/pec_bit_cell_arbiter_2_729.dqdimacs,95,115
./benchmark_tests/original/Biere/bitcell_16_2/pec_bit_cell_arbiter_2_729.dqdimacs,96,115
./benchmark_tests/original/Biere/bitcell_16_2/pec_bit_cell_arbiter_2_729.dqdimacs,97,115
./benchmark_tests/original/Biere/bitcell_16_2/pec_bit_cell_arbiter_2_729.dqdimacs,98,115
./benchmark_tests/original/Biere/bitcell_16_2/pec_bit_cell_arbiter_2_729.dqdimacs,99,116
./benchmark_tests/original/Biere/bitcell_16_2/pec_bit_cell_arbiter_2_729.dqdimacs,100,116
./benchmark_tests/original/Biere/bitcell_16_2/pec_bit_cell_arbiter_2_729.dqdimacs,101,115
./benchmark_tests/original/Biere/bitcell_16_2/pec_bit_cell_arbiter_2_729.dqdimacs,102,115
./benchmark_tests/original/Biere/bitcell_16_2/pec_bit_cell_arbiter_2_729.dqdimacs,103,116
./benchmark_tests/original/Biere/bitcell_16_2/pec_bit_cell_arbiter_2_729.dqdimacs,104,116
./benchmark_tests/original/Biere/bitcell_16_2/pec_bit_cell_arbiter_2_729.dqdimacs,105,116
./benchmark_tests/original/Biere/bitcell_16_2/pec_bit_cell_arbiter_2_729.dqdimacs,106,116
./benchmark_tests/original/Biere/bitcell_16_2/pec_bit_cell_arbiter_2_729.dqdimacs,107,116
./benchmark_tests/original/Biere/bitcell_16_2/pec_bit_cell_arbiter_2_729.dqdimacs,108,115
./benchmark_tests/original/Biere/bitcell_16_2/pec_bit_cell_arbiter_2_729.dqdimacs,109,116
./benchmark_tests/original/Biere/bitcell_16_2/pec_bit_cell_arbiter_2_729.dqdimacs,110,116
./benchmark_tests/original/Biere/bitcell_16_2/pec_bit_cell_arbiter_2_729.dqdimacs,111,115
./benchmark_tests/original/Biere/bitcell_16_2/pec_bit_cell_arbiter_2_729.dqdimacs,113,115
./benchmark_tests/original/Biere/bitcell_16_2/pec_bit_cell_arbiter_2_729.dqdimacs,114,116
./benchmark_tests/original/Biere/bitcell_16_2/pec_bit_cell_arbiter_2_729.dqdimacs,115,116
./benchmark_tests/original/Biere/bitcell_16_2/pec_bit_cell_arbiter_2_729.dqdimacs,116,116
./benchmark_tests/original/Biere/bitcell_16_2/pec_bit_cell_arbiter_2_729.dqdimacs,117,116
./benchmark_tests/original/Biere/bitcell_16_2/pec_bit_cell_arbiter_2_729.dqdimacs,118,115
./benchmark_tests/original/Biere/bitcell_16_2/pec_bit_cell_arbiter_2_729.dqdimacs,119,115
./benchmark_tests/original/Biere/bitcell_16_2/pec_bit_cell_arbiter_2_729.dqdimacs,120,116
./benchmark_tests/original/Biere/bitcell_16_2/pec_bit_cell_arbiter_2_729.dqdimacs,121,116
./benchmark_tests/original/Biere/bitcell_16_2/pec_bit_cell_arbiter_2_729.dqdimacs,122,116
./benchmark_tests/original/Biere/bitcell_16_2/pec_bit_cell_arbiter_2_729.dqdimacs,123,116
./benchmark_tests/original/Biere/bitcell_16_2/pec_bit_cell_arbiter_2_747.dqdimacs,3,388
./benchmark_tests/original/Biere/bitcell_16_2/pec_bit_cell_arbiter_2_747.dqdimacs,5,383
./benchmark_tests/original/Biere/bitcell_16_2/pec_bit_cell_arbiter_2_747.dqdimacs,7,379
./benchmark_tests/original/Biere/bitcell_16_2/pec_bit_cell_arbiter_2_747.dqdimacs,9,354
./benchmark_tests/original/Biere/bitcell_16_2/pec_bit_cell_arbiter_2_747.dqdimacs,11,321
./benchmark_tests/original/Biere/bitcell_16_2/pec_bit_cell_arbiter_2_747.dqdimacs,14,269
./benchmark_tests/original/Biere/bitcell_16_2/pec_bit_cell_arbiter_2_747.dqdimacs,15,223
./benchmark_tests/original/Biere/bitcell_16_2/pec_bit_cell_arbiter_2_747.dqdimacs,16,194
./benchmark_tests/original/Biere/bitcell_16_2/pec_bit_cell_arbiter_2_747.dqdimacs,17,213
./benchmark_tests/original/Biere/bitcell_16_2/pec_bit_cell_arbiter_2_747.dqdimacs,18,190
./benchmark_tests/original/Biere/bitcell_16_2/pec_bit_cell_arbiter_2_747.dqdimacs,19,191
./benchmark_tests/original/Biere/bitcell_16_2/pec_bit_cell_arbiter_2_747.dqdimacs,20,190
./benchmark_tests/original/Biere/bitcell_16_2/pec_bit_cell_arbiter_2_747.dqdimacs,21,190
./benchmark_tests/original/Biere/bitcell_16_2/pec_bit_cell_arbiter_2_747.dqdimacs,22,190
./benchmark_tests/original/Biere/bitcell_16_2/pec_bit_cell_arbiter_2_747.dqdimacs,23,191
./benchmark_tests/original/Biere/bitcell_16_2/pec_bit_cell_arbiter_2_747.dqdimacs,24,190
./benchmark_tests/original/Biere/bitcell_16_2/pec_bit_cell_arbiter_2_747.dqdimacs,27,189
./benchmark_tests/original/Biere/bitcell_16_2/pec_bit_cell_arbiter_2_747.dqdimacs,29,189
./benchmark_tests/original/Biere/bitcell_16_2/pec_bit_cell_arbiter_2_747.dqdimacs,31,190
./benchmark_tests/original/Biere/bitcell_16_2/pec_bit_cell_arbiter_2_747.dqdimacs,33,190
./benchmark_tests/original/Biere/bitcell_16_2/pec_bit_cell_arbiter_2_747.dqdimacs,35,194
./benchmark_tests/original/Biere/bitcell_16_2/pec_bit_cell_arbiter_2_747.dqdimacs,37,189
./benchmark_tests/original/Biere/bitcell_16_2/pec_bit_cell_arbiter_2_747.dqdimacs,39,189
./benchmark_tests/original/Biere/bitcell_16_2/pec_bit_cell_arbiter_2_747.dqdimacs,41,189
./benchmark_tests/original/Biere/bitcell_16_2/pec_bit_cell_arbiter_2_747.dqdimacs,42,189
./benchmark_tests/original/Biere/bitcell_16_2/pec_bit_cell_arbiter_2_747.dqdimacs,43,190
./benchmark_tests/original/Biere/bitcell_16_2/pec_bit_cell_arbiter_2_747.dqdimacs,44,191
./benchmark_tests/original/Biere/bitcell_16_2/pec_bit_cell_arbiter_2_747.dqdimacs,45,190
./benchmark_tests/original/Biere/bitcell_16_2/pec_bit_cell_arbiter_2_747.dqdimacs,46,189
./benchmark_tests/original/Biere/bitcell_16_2/pec_bit_cell_arbiter_2_747.dqdimacs,47,190
./benchmark_tests/original/Biere/bitcell_16_2/pec_bit_cell_arbiter_2_747.dqdimacs,48,190
./benchmark_tests/original/Biere/bitcell_16_2/pec_bit_cell_arbiter_2_747.dqdimacs,49,190
./benchmark_tests/original/Biere/bitcell_16_2/pec_bit_cell_arbiter_2_747.dqdimacs,50,190
./benchmark_tests/original/Biere/bitcell_16_2/pec_bit_cell_arbiter_2_747.dqdimacs,51,190
./benchmark_tests/original/Biere/bitcell_16_2/pec_bit_cell_arbiter_2_747.dqdimacs,52,192
./benchmark_tests/original/Biere/bitcell_16_2/pec_bit_cell_arbiter_2_747.dqdimacs,53,189
./benchmark_tests/original/Biere/bitcell_16_2/pec_bit_cell_arbiter_2_747.dqdimacs,54,189
./benchmark_tests/original/Biere/bitcell_16_2/pec_bit_cell_arbiter_2_747.dqdimacs,55,189
./benchmark_tests/original/Biere/bitcell_16_2/pec_bit_cell_arbiter_2_747.dqdimacs,56,190
./benchmark_tests/original/Biere/bitcell_16_2/pec_bit_cell_arbiter_2_747.dqdimacs,57,189
./benchmark_tests/original/Biere/bitcell_16_2/pec_bit_cell_arbiter_2_747.dqdimacs,58,190
./benchmark_tests/original/Biere/bitcell_16_2/pec_bit_cell_arbiter_2_747.dqdimacs,59,189
./benchmark_tests/original/Biere/bitcell_16_2/pec_bit_cell_arbiter_2_747.dqdimacs,60,190
./benchmark_tests/original/Biere/bitcell_16_2/pec_bit_cell_arbiter_2_747.dqdimacs,61,189
./benchmark_tests/original/Biere/bitcell_16_2/pec_bit_cell_arbiter_2_747.dqdimacs,62,189
./benchmark_tests/original/Biere/bitcell_16_2/pec_bit_cell_arbiter_2_747.dqdimacs,63,189
./benchmark_tests/original/Biere/bitcell_16_2/pec_bit_cell_arbiter_2_747.dqdimacs,64,189
./benchmark_tests/original/Biere/bitcell_16_2/pec_bit_cell_arbiter_2_747.dqdimacs,65,189
./benchmark_tests/original/Biere/bitcell_16_2/pec_bit_cell_arbiter_2_747.dqdimacs,66,190
./benchmark_tests/original/Biere/bitcell_16_2/pec_bit_cell_arbiter_2_747.dqdimacs,67,189
./benchmark_tests/original/Biere/bitcell_16_2/pec_bit_cell_arbiter_2_747.dqdimacs,68,189
./benchmark_tests/original/Biere/bitcell_16_2/pec_bit_cell_arbiter_2_747.dqdimacs,69,190
./benchmark_tests/original/Biere/bitcell_16_2/pec_bit_cell_arbiter_2_747.dqdimacs,70,189
./benchmark_tests/original/Biere/bitcell_16_2/pec_bit_cell_arbiter_2_747.dqdimacs,71,190
./benchmark_tests/original/Biere/bitcell_16_2/pec_bit_cell_arbiter_2_747.dqdimacs,72,190
./benchmark_tests/original/Biere/bitcell_16_2/pec_bit_cell_arbiter_2_747.dqdimacs,73,189
./benchmark_tests/original/Biere/bitcell_16_2/pec_bit_cell_arbiter_2_747.dqdimacs,74,190
./benchmark_tests/original/Biere/bitcell_16_2/pec_bit_cell_arbiter_2_747.dqdimacs,75,190
./benchmark_tests/original/Biere/bitcell_16_2/pec_bit_cell_arbiter_2_747.dqdimacs,76,190
./benchmark_tests/original/Biere/bitcell_16_2/pec_bit_cell_arbiter_2_747.dqdimacs,77,190
./benchmark_tests/original/Biere/bitcell_16_2/pec_bit_cell_arbiter_2_747.dqdimacs,78,189
./benchmark_tests/original/Biere/bitcell_16_2/pec_bit_cell_arbiter_2_747.dqdimacs,79,189
./benchmark_tests/original/Biere/bitcell_16_2/pec_bit_cell_arbiter_2_747.dqdimacs,80,189
./benchmark_tests/original/Biere/bitcell_16_2/pec_bit_cell_arbiter_2_747.dqdimacs,81,190
./benchmark_tests/original/Biere/bitcell_16_2/pec_bit_cell_arbiter_2_747.dqdimacs,82,190
./benchmark_tests/original/Biere/bitcell_16_2/pec_bit_cell_arbiter_2_747.dqdimacs,83,190
./benchmark_tests/original/Biere/bitcell_16_2/pec_bit_cell_arbiter_2_747.dqdimacs,84,189
./benchmark_tests/original/Biere/bitcell_16_2/pec_bit_cell_arbiter_2_747.dqdimacs,85,189
./benchmark_tests/original/Biere/bitcell_16_2/pec_bit_cell_arbiter_2_747.dqdimacs,86,190
./benchmark_tests/original/Biere/bitcell_16_2/pec_bit_cell_arbiter_2_747.dqdimacs,87,190
./benchmark_tests/original/Biere/bitcell_16_2/pec_bit_cell_arbiter_2_747.dqdimacs,88,190
./benchmark_tests/original/Biere/bitcell_16_2/pec_bit_cell_arbiter_2_747.dqdimacs,89,189
./benchmark_tests/original/Biere/bitcell_16_2/pec_bit_cell_arbiter_2_747.dqdimacs,90,190
./benchmark_tests/original/Biere/bitcell_16_2/pec_bit_cell_arbiter_2_747.dqdimacs,91,190
./benchmark_tests/original/Biere/bitcell_16_2/pec_bit_cell_arbiter_2_747.dqdimacs,92,190
./benchmark_tests/original/Biere/bitcell_16_2/pec_bit_cell_arbiter_2_747.dqdimacs,93,191
./benchmark_tests/original/Biere/bitcell_16_2/pec_bit_cell_arbiter_2_747.dqdimacs,94,190
./benchmark_tests/original/Biere/bitcell_16_2/pec_bit_cell_arbiter_2_747.dqdimacs,95,190
./benchmark_tests/original/Biere/bitcell_16_2/pec_bit_cell_arbiter_2_747.dqdimacs,96,190
./benchmark_tests/original/Biere/bitcell_16_2/pec_bit_cell_arbiter_2_747.dqdimacs,97,189
./benchmark_tests/original/Biere/bitcell_16_2/pec_bit_cell_arbiter_2_747.dqdimacs,98,190
./benchmark_tests/original/Biere/bitcell_16_2/pec_bit_cell_arbiter_2_747.dqdimacs,99,190
./benchmark_tests/original/Biere/bitcell_16_2/pec_bit_cell_arbiter_2_747.dqdimacs,100,190
./benchmark_tests/original/Biere/bitcell_16_2/pec_bit_cell_arbiter_2_747.dqdimacs,101,190
./benchmark_tests/original/Biere/bitcell_16_2/pec_bit_cell_arbiter_2_747.dqdimacs,102,189
./benchmark_tests/original/Biere/bitcell_16_2/pec_bit_cell_arbiter_2_747.dqdimacs,103,190
./benchmark_tests/original/Biere/bitcell_16_2/pec_bit_cell_arbiter_2_747.dqdimacs,104,190
./benchmark_tests/original/Biere/bitcell_16_2/pec_bit_cell_arbiter_2_747.dqdimacs,105,190
./benchmark_tests/original/Biere/bitcell_16_2/pec_bit_cell_arbiter_2_747.dqdimacs,106,190
./benchmark_tests/original/Biere/bitcell_16_2/pec_bit_cell_arbiter_2_747.dqdimacs,107,189
./benchmark_tests/original/Biere/bitcell_16_2/pec_bit_cell_arbiter_2_747.dqdimacs,108,190
./benchmark_tests/original/Biere/bitcell_16_2/pec_bit_cell_arbiter_2_747.dqdimacs,109,190
./benchmark_tests/original/Biere/bitcell_16_2/pec_bit_cell_arbiter_2_747.dqdimacs,110,190
./benchmark_tests/original/Biere/bitcell_16_2/pec_bit_cell_arbiter_2_747.dqdimacs,111,190
./benchmark_tests/original/Biere/bitcell_16_2/pec_bit_cell_arbiter_2_747.dqdimacs,112,189
./benchmark_tests/original/Biere/bitcell_16_2/pec_bit_cell_arbiter_2_747.dqdimacs,113,190
./benchmark_tests/original/Biere/bitcell_16_2/pec_bit_cell_arbiter_2_747.dqdimacs,114,189
./benchmark_tests/original/Biere/bitcell_16_2/pec_bit_cell_arbiter_2_747.dqdimacs,115,189
./benchmark_tests/original/Biere/bitcell_16_2/pec_bit_cell_arbiter_2_747.dqdimacs,116,190
./benchmark_tests/original/Biere/bitcell_16_2/pec_bit_cell_arbiter_2_747.dqdimacs,117,190
./benchmark_tests/original/Biere/bitcell_16_2/pec_bit_cell_arbiter_2_747.dqdimacs,118,190
./benchmark_tests/original/Biere/bitcell_16_2/pec_bit_cell_arbiter_2_747.dqdimacs,119,190
./benchmark_tests/original/Biere/bitcell_16_2/pec_bit_cell_arbiter_2_747.dqdimacs,120,190
./benchmark_tests/original/Biere/bitcell_16_2/pec_bit_cell_arbiter_2_747.dqdimacs,121,190
./benchmark_tests/original/Biere/bitcell_16_2/pec_bit_cell_arbiter_2_747.dqdimacs,122,190
./benchmark_tests/original/Biere/bitcell_16_2/pec_bit_cell_arbiter_2_747.dqdimacs,123,191
./benchmark_tests/original/Biere/bitcell_16_2/pec_bit_cell_arbiter_2_747.dqdimacs,125,191
./benchmark_tests/original/Biere/bitcell_16_2/pec_bit_cell_arbiter_2_747.dqdimacs,126,191
./benchmark_tests/original/Biere/bitcell_16_2/pec_bit_cell_arbiter_2_747.dqdimacs,127,191
./benchmark_tests/original/Biere/bitcell_16_2/pec_bit_cell_arbiter_2_747.dqdimacs,128,190
./benchmark_tests/original/Biere/bitcell_16_2/pec_bit_cell_arbiter_2_747.dqdimacs,129,191
./benchmark_tests/original/Biere/bitcell_16_2/pec_bit_cell_arbiter_2_747.dqdimacs,131,190
./benchmark_tests/original/Biere/bitcell_16_2/pec_bit_cell_arbiter_2_747.dqdimacs,132,190
./benchmark_tests/original/Biere/bitcell_16_2/pec_bit_cell_arbiter_2_747.dqdimacs,133,189
./benchmark_tests/original/Biere/bitcell_16_2/pec_bit_cell_arbiter_2_747.dqdimacs,134,191
./benchmark_tests/original/Biere/bitcell_16_2/pec_bit_cell_arbiter_2_747.dqdimacs,135,191
./benchmark_tests/original/Biere/bitcell_16_2/pec_bit_cell_arbiter_2_747.dqdimacs,136,192
./benchmark_tests/original/Biere/bitcell_16_2/pec_bit_cell_arbiter_2_747.dqdimacs,137,191
./benchmark_tests/original/Biere/bitcell_16_2/pec_bit_cell_arbiter_2_747.dqdimacs,138,189
./benchmark_tests/original/Biere/bitcell_16_2/pec_bit_cell_arbiter_2_747.dqdimacs,139,189
./benchmark_tests/original/Biere/bitcell_16_2/pec_bit_cell_arbiter_2_747.dqdimacs,140,191
./benchmark_tests/original/Biere/bitcell_16_2/pec_bit_cell_arbiter_2_747.dqdimacs,141,190
./benchmark_tests/original/Biere/bitcell_16_2/pec_bit_cell_arbiter_2_747.dqdimacs,142,191
./benchmark_tests/original/Biere/bitcell_16_2/pec_bit_cell_arbiter_2_747.dqdimacs,143,189
./benchmark_tests/original/Biere/bitcell_16_2/pec_bit_cell_arbiter_2_749.dqdimacs,3,186
./benchmark_tests/original/Biere/bitcell_16_2/pec_bit_cell_arbiter_2_749.dqdimacs,5,180
./benchmark_tests/original/Biere/bitcell_16_2/pec_bit_cell_arbiter_2_749.dqdimacs,7,179
./benchmark_tests/original/Biere/bitcell_16_2/pec_bit_cell_arbiter_2_749.dqdimacs,9,179
./benchmark_tests/original/Biere/bitcell_16_2/pec_bit_cell_arbiter_2_749.dqdimacs,11,179
./benchmark_tests/original/Biere/bitcell_16_2/pec_bit_cell_arbiter_2_749.dqdimacs,13,179
./benchmark_tests/original/Biere/bitcell_16_2/pec_bit_cell_arbiter_2_749.dqdimacs,15,180
./benchmark_tests/original/Biere/bitcell_16_2/pec_bit_cell_arbiter_2_749.dqdimacs,17,180
./benchmark_tests/original/Biere/bitcell_16_2/pec_bit_cell_arbiter_2_749.dqdimacs,19,174
./benchmark_tests/original/Biere/bitcell_16_2/pec_bit_cell_arbiter_2_749.dqdimacs,21,161
./benchmark_tests/original/Biere/bitcell_16_2/pec_bit_cell_arbiter_2_749.dqdimacs,22,147
./benchmark_tests/original/Biere/bitcell_16_2/pec_bit_cell_arbiter_2_749.dqdimacs,23,134
./benchmark_tests/original/Biere/bitcell_16_2/pec_bit_cell_arbiter_2_749.dqdimacs,24,121
./benchmark_tests/original/Biere/bitcell_16_2/pec_bit_cell_arbiter_2_749.dqdimacs,25,112
./benchmark_tests/original/Biere/bitcell_16_2/pec_bit_cell_arbiter_2_749.dqdimacs,26,103
./benchmark_tests/original/Biere/bitcell_16_2/pec_bit_cell_arbiter_2_749.dqdimacs,27,98
./benchmark_tests/original/Biere/bitcell_16_2/pec_bit_cell_arbiter_2_749.dqdimacs,28,97
./benchmark_tests/original/Biere/bitcell_16_2/pec_bit_cell_arbiter_2_749.dqdimacs,29,97
./benchmark_tests/original/Biere/bitcell_16_2/pec_bit_cell_arbiter_2_749.dqdimacs,30,98
./benchmark_tests/original/Biere/bitcell_16_2/pec_bit_cell_arbiter_2_749.dqdimacs,31,97
./benchmark_tests/original/Biere/bitcell_16_2/pec_bit_cell_arbiter_2_749.dqdimacs,32,98
./benchmark_tests/original/Biere/bitcell_16_2/pec_bit_cell_arbiter_2_749.dqdimacs,33,119
./benchmark_tests/original/Biere/bitcell_16_2/pec_bit_cell_arbiter_2_749.dqdimacs,34,84
./benchmark_tests/original/Biere/bitcell_16_2/pec_bit_cell_arbiter_2_749.dqdimacs,37,83
./benchmark_tests/original/Biere/bitcell_16_2/pec_bit_cell_arbiter_2_749.dqdimacs,39,84
./benchmark_tests/original/Biere/bitcell_16_2/pec_bit_cell_arbiter_2_749.dqdimacs,41,84
./benchmark_tests/original/Biere/bitcell_16_2/pec_bit_cell_arbiter_2_749.dqdimacs,43,84
./benchmark_tests/original/Biere/bitcell_16_2/pec_bit_cell_arbiter_2_749.dqdimacs,44,83
./benchmark_tests/original/Biere/bitcell_16_2/pec_bit_cell_arbiter_2_749.dqdimacs,45,83
./benchmark_tests/original/Biere/bitcell_16_2/pec_bit_cell_arbiter_2_749.dqdimacs,46,83
./benchmark_tests/original/Biere/bitcell_16_2/pec_bit_cell_arbiter_2_749.dqdimacs,47,84
./benchmark_tests/original/Biere/bitcell_16_2/pec_bit_cell_arbiter_2_749.dqdimacs,48,84
./benchmark_tests/original/Biere/bitcell_16_2/pec_bit_cell_arbiter_2_749.dqdimacs,49,85
./benchmark_tests/original/Biere/bitcell_16_2/pec_bit_cell_arbiter_2_749.dqdimacs,50,83
./benchmark_tests/original/Biere/bitcell_16_2/pec_bit_cell_arbiter_2_749.dqdimacs,51,83
./benchmark_tests/original/Biere/bitcell_16_2/pec_bit_cell_arbiter_2_749.dqdimacs,52,83
./benchmark_tests/original/Biere/bitcell_16_2/pec_bit_cell_arbiter_2_749.dqdimacs,53,88
./benchmark_tests/original/Biere/bitcell_16_2/pec_bit_cell_arbiter_2_749.dqdimacs,54,82
./benchmark_tests/original/Biere/bitcell_16_2/pec_bit_cell_arbiter_2_749.dqdimacs,55,82
./benchmark_tests/original/Biere/bitcell_16_2/pec_bit_cell_arbiter_2_749.dqdimacs,56,83
./benchmark_tests/original/Biere/bitcell_16_2/pec_bit_cell_arbiter_2_749.dqdimacs,57,83
./benchmark_tests/original/Biere/bitcell_16_2/pec_bit_cell_arbiter_2_749.dqdimacs,58,83
./benchmark_tests/original/Biere/bitcell_16_2/pec_bit_cell_arbiter_2_749.dqdimacs,59,83
./benchmark_tests/original/Biere/bitcell_16_2/pec_bit_cell_arbiter_2_749.dqdimacs,60,84
./benchmark_tests/original/Biere/bitcell_16_2/pec_bit_cell_arbiter_2_749.dqdimacs,61,83
./benchmark_tests/original/Biere/bitcell_16_2/pec_bit_cell_arbiter_2_749.dqdimacs,62,83
./benchmark_tests/original/Biere/bitcell_16_2/pec_bit_cell_arbiter_2_749.dqdimacs,63,83
./benchmark_tests/original/Biere/bitcell_16_2/pec_bit_cell_arbiter_2_749.dqdimacs,64,83
./benchmark_tests/original/Biere/bitcell_16_2/pec_bit_cell_arbiter_2_749.dqdimacs,65,83
./benchmark_tests/original/Biere/bitcell_16_2/pec_bit_cell_arbiter_2_749.dqdimacs,66,83
./benchmark_tests/original/Biere/bitcell_16_2/pec_bit_cell_arbiter_2_749.dqdimacs,67,83
./benchmark_tests/original/Biere/bitcell_16_2/pec_bit_cell_arbiter_2_749.dqdimacs,68,83
./benchmark_tests/original/Biere/bitcell_16_2/pec_bit_cell_arbiter_2_749.dqdimacs,69,83
./benchmark_tests/original/Biere/bitcell_16_2/pec_bit_cell_arbiter_2_749.dqdimacs,70,83
./benchmark_tests/original/Biere/bitcell_16_2/pec_bit_cell_arbiter_2_749.dqdimacs,71,83
./benchmark_tests/original/Biere/bitcell_16_2/pec_bit_cell_arbiter_2_749.dqdimacs,72,83
./benchmark_tests/original/Biere/bitcell_16_2/pec_bit_cell_arbiter_2_749.dqdimacs,73,83
./benchmark_tests/original/Biere/bitcell_16_2/pec_bit_cell_arbiter_2_749.dqdimacs,74,83
./benchmark_tests/original/Biere/bitcell_16_2/pec_bit_cell_arbiter_2_749.dqdimacs,75,83
./benchmark_tests/original/Biere/bitcell_16_2/pec_bit_cell_arbiter_2_749.dqdimacs,76,83
./benchmark_tests/original/Biere/bitcell_16_2/pec_bit_cell_arbiter_2_749.dqdimacs,77,83
./benchmark_tests/original/Biere/bitcell_16_2/pec_bit_cell_arbiter_2_749.dqdimacs,78,83
./benchmark_tests/original/Biere/bitcell_16_2/pec_bit_cell_arbiter_2_749.dqdimacs,79,83
./benchmark_tests/original/Biere/bitcell_16_2/pec_bit_cell_arbiter_2_749.dqdimacs,80,83
./benchmark_tests/original/Biere/bitcell_16_2/pec_bit_cell_arbiter_2_749.dqdimacs,81,84
./benchmark_tests/original/Biere/bitcell_16_2/pec_bit_cell_arbiter_2_749.dqdimacs,82,84
./benchmark_tests/original/Biere/bitcell_16_2/pec_bit_cell_arbiter_2_749.dqdimacs,83,84
./benchmark_tests/original/Biere/bitcell_16_2/pec_bit_cell_arbiter_2_749.dqdimacs,84,84
./benchmark_tests/original/Biere/bitcell_16_2/pec_bit_cell_arbiter_2_749.dqdimacs,85,84
./benchmark_tests/original/Biere/bitcell_16_2/pec_bit_cell_arbiter_2_749.dqdimacs,86,84
./benchmark_tests/original/Biere/bitcell_16_2/pec_bit_cell_arbiter_2_749.dqdimacs,87,84
./benchmark_tests/original/Biere/bitcell_16_2/pec_bit_cell_arbiter_2_749.dqdimacs,88,83
./benchmark_tests/original/Biere/bitcell_16_2/pec_bit_cell_arbiter_2_749.dqdimacs,89,83
./benchmark_tests/original/Biere/bitcell_16_2/pec_bit_cell_arbiter_2_749.dqdimacs,90,84
./benchmark_tests/original/Biere/bitcell_16_2/pec_bit_cell_arbiter_2_749.dqdimacs,91,84
./benchmark_tests/original/Biere/bitcell_16_2/pec_bit_cell_arbiter_2_749.dqdimacs,92,84
./benchmark_tests/original/Biere/bitcell_16_2/pec_bit_cell_arbiter_2_749.dqdimacs,93,84
./benchmark_tests/original/Biere/bitcell_16_2/pec_bit_cell_arbiter_2_749.dqdimacs,94,84
./benchmark_tests/original/Biere/bitcell_16_2/pec_bit_cell_arbiter_2_749.dqdimacs,95,84
./benchmark_tests/original/Biere/bitcell_16_2/pec_bit_cell_arbiter_2_749.dqdimacs,96,84
./benchmark_tests/original/Biere/bitcell_16_2/pec_bit_cell_arbiter_2_749.dqdimacs,97,83
./benchmark_tests/original/Biere/bitcell_16_2/pec_bit_cell_arbiter_2_749.dqdimacs,98,83
./benchmark_tests/original/Biere/bitcell_16_2/pec_bit_cell_arbiter_2_749.dqdimacs,100,84
./benchmark_tests/original/Biere/bitcell_16_2/pec_bit_cell_arbiter_2_749.dqdimacs,101,83
./benchmark_tests/original/Biere/bitcell_16_2/pec_bit_cell_arbiter_2_749.dqdimacs,102,83
./benchmark_tests/original/Biere/bitcell_16_2/pec_bit_cell_arbiter_2_749.dqdimacs,103,83
./benchmark_tests/original/Biere/bitcell_16_2/pec_bit_cell_arbiter_2_749.dqdimacs,104,84
./benchmark_tests/original/Biere/bitcell_16_2/pec_bit_cell_arbiter_2_749.dqdimacs,106,83
./benchmark_tests/original/Biere/bitcell_16_2/pec_bit_cell_arbiter_2_749.dqdimacs,107,84
./benchmark_tests/original/Biere/bitcell_16_2/pec_bit_cell_arbiter_2_749.dqdimacs,108,83
./benchmark_tests/original/Biere/bitcell_16_2/pec_bit_cell_arbiter_2_749.dqdimacs,109,84
./benchmark_tests/original/Biere/bitcell_16_2/pec_bit_cell_arbiter_2_749.dqdimacs,110,84
./benchmark_tests/original/Biere/bitcell_16_2/pec_bit_cell_arbiter_2_749.dqdimacs,111,84
./benchmark_tests/original/Biere/bitcell_16_2/pec_bit_cell_arbiter_2_749.dqdimacs,112,84
./benchmark_tests/original/Biere/bitcell_16_2/pec_bit_cell_arbiter_2_749.dqdimacs,114,83
./benchmark_tests/original/Biere/bitcell_16_2/pec_bit_cell_arbiter_2_749.dqdimacs,115,83
./benchmark_tests/original/Biere/bitcell_16_2/pec_bit_cell_arbiter_2_749.dqdimacs,116,83
./benchmark_tests/original/Biere/bitcell_16_2/pec_bit_cell_arbiter_2_749.dqdimacs,117,84
./benchmark_tests/original/Biere/bitcell_16_2/pec_bit_cell_arbiter_2_749.dqdimacs,118,84
./benchmark_tests/original/Biere/bitcell_16_2/pec_bit_cell_arbiter_2_749.dqdimacs,119,84
./benchmark_tests/original/Biere/bitcell_16_2/pec_bit_cell_arbiter_2_749.dqdimacs,120,84
./benchmark_tests/original/Biere/bitcell_16_2/pec_bit_cell_arbiter_2_749.dqdimacs,121,85
./benchmark_tests/original/Biere/bitcell_16_2/pec_bit_cell_arbiter_2_749.dqdimacs,122,83
./benchmark_tests/original/Biere/bitcell_16_2/pec_bit_cell_arbiter_2_749.dqdimacs,123,84
./benchmark_tests/original/Biere/bitcell_16_2/pec_bit_cell_arbiter_2_749.dqdimacs,124,84
./benchmark_tests/original/Biere/bitcell_16_2/pec_bit_cell_arbiter_2_749.dqdimacs,125,84
./benchmark_tests/original/Biere/bitcell_16_2/pec_bit_cell_arbiter_2_749.dqdimacs,126,84
./benchmark_tests/original/Biere/bitcell_16_2/pec_bit_cell_arbiter_2_754.dqdimacs,3,197
./benchmark_tests/original/Biere/bitcell_16_2/pec_bit_cell_arbiter_2_754.dqdimacs,5,185
./benchmark_tests/original/Biere/bitcell_16_2/pec_bit_cell_arbiter_2_754.dqdimacs,7,164
./benchmark_tests/original/Biere/bitcell_16_2/pec_bit_cell_arbiter_2_754.dqdimacs,9,163
./benchmark_tests/original/Biere/bitcell_16_2/pec_bit_cell_arbiter_2_754.dqdimacs,11,163
./benchmark_tests/original/Biere/bitcell_16_2/pec_bit_cell_arbiter_2_754.dqdimacs,12,164
./benchmark_tests/original/Biere/bitcell_16_2/pec_bit_cell_arbiter_2_754.dqdimacs,13,165
./benchmark_tests/original/Biere/bitcell_16_2/pec_bit_cell_arbiter_2_754.dqdimacs,14,166
./benchmark_tests/original/Biere/bitcell_16_2/pec_bit_cell_arbiter_2_754.dqdimacs,15,165
./benchmark_tests/original/Biere/bitcell_16_2/pec_bit_cell_arbiter_2_754.dqdimacs,16,155
./benchmark_tests/original/Biere/bitcell_16_2/pec_bit_cell_arbiter_2_754.dqdimacs,17,143
./benchmark_tests/original/Biere/bitcell_16_2/pec_bit_cell_arbiter_2_754.dqdimacs,18,164
./benchmark_tests/original/Biere/bitcell_16_2/pec_bit_cell_arbiter_2_754.dqdimacs,19,117
./benchmark_tests/original/Biere/bitcell_16_2/pec_bit_cell_arbiter_2_754.dqdimacs,23,107
./benchmark_tests/original/Biere/bitcell_16_2/pec_bit_cell_arbiter_2_754.dqdimacs,25,99
./benchmark_tests/original/Biere/bitcell_16_2/pec_bit_cell_arbiter_2_754.dqdimacs,27,92
./benchmark_tests/original/Biere/bitcell_16_2/pec_bit_cell_arbiter_2_754.dqdimacs,29,89
./benchmark_tests/original/Biere/bitcell_16_2/pec_bit_cell_arbiter_2_754.dqdimacs,31,89
./benchmark_tests/original/Biere/bitcell_16_2/pec_bit_cell_arbiter_2_754.dqdimacs,33,89
./benchmark_tests/original/Biere/bitcell_16_2/pec_bit_cell_arbiter_2_754.dqdimacs,35,89
./benchmark_tests/original/Biere/bitcell_16_2/pec_bit_cell_arbiter_2_754.dqdimacs,37,89
./benchmark_tests/original/Biere/bitcell_16_2/pec_bit_cell_arbiter_2_754.dqdimacs,38,89
./benchmark_tests/original/Biere/bitcell_16_2/pec_bit_cell_arbiter_2_754.dqdimacs,39,90
./benchmark_tests/original/Biere/bitcell_16_2/pec_bit_cell_arbiter_2_754.dqdimacs,40,89
./benchmark_tests/original/Biere/bitcell_16_2/pec_bit_cell_arbiter_2_754.dqdimacs,41,89
./benchmark_tests/original/Biere/bitcell_16_2/pec_bit_cell_arbiter_2_754.dqdimacs,42,89
./benchmark_tests/original/Biere/bitcell_16_2/pec_bit_cell_arbiter_2_754.dqdimacs,43,89
./benchmark_tests/original/Biere/bitcell_16_2/pec_bit_cell_arbiter_2_754.dqdimacs,44,89
./benchmark_tests/original/Biere/bitcell_16_2/pec_bit_cell_arbiter_2_754.dqdimacs,45,94
./benchmark_tests/original/Biere/bitcell_16_2/pec_bit_cell_arbiter_2_754.dqdimacs,46,89
./benchmark_tests/original/Biere/bitcell_16_2/pec_bit_cell_arbiter_2_754.dqdimacs,47,89
./benchmark_tests/original/Biere/bitcell_16_2/pec_bit_cell_arbiter_2_754.dqdimacs,48,89
./benchmark_tests/original/Biere/bitcell_16_2/pec_bit_cell_arbiter_2_754.dqdimacs,49,90
./benchmark_tests/original/Biere/bitcell_16_2/pec_bit_cell_arbiter_2_754.dqdimacs,50,90
./benchmark_tests/original/Biere/bitcell_16_2/pec_bit_cell_arbiter_2_754.dqdimacs,51,89
./benchmark_tests/original/Biere/bitcell_16_2/pec_bit_cell_arbiter_2_754.dqdimacs,52,89
./benchmark_tests/original/Biere/bitcell_16_2/pec_bit_cell_arbiter_2_754.dqdimacs,53,89
./benchmark_tests/original/Biere/bitcell_16_2/pec_bit_cell_arbiter_2_754.dqdimacs,54,89
./benchmark_tests/original/Biere/bitcell_16_2/pec_bit_cell_arbiter_2_754.dqdimacs,55,89
./benchmark_tests/original/Biere/bitcell_16_2/pec_bit_cell_arbiter_2_754.dqdimacs,56,89
./benchmark_tests/original/Biere/bitcell_16_2/pec_bit_cell_arbiter_2_754.dqdimacs,57,89
./benchmark_tests/original/Biere/bitcell_16_2/pec_bit_cell_arbiter_2_754.dqdimacs,58,89
./benchmark_tests/original/Biere/bitcell_16_2/pec_bit_cell_arbiter_2_754.dqdimacs,59,89
./benchmark_tests/original/Biere/bitcell_16_2/pec_bit_cell_arbiter_2_754.dqdimacs,60,89
./benchmark_tests/original/Biere/bitcell_16_2/pec_bit_cell_arbiter_2_754.dqdimacs,61,89
./benchmark_tests/original/Biere/bitcell_16_2/pec_bit_cell_arbiter_2_754.dqdimacs,62,89
./benchmark_tests/original/Biere/bitcell_16_2/pec_bit_cell_arbiter_2_754.dqdimacs,63,89
./benchmark_tests/original/Biere/bitcell_16_2/pec_bit_cell_arbiter_2_754.dqdimacs,64,89
./benchmark_tests/original/Biere/bitcell_16_2/pec_bit_cell_arbiter_2_754.dqdimacs,65,89
./benchmark_tests/original/Biere/bitcell_16_2/pec_bit_cell_arbiter_2_754.dqdimacs,66,89
./benchmark_tests/original/Biere/bitcell_16_2/pec_bit_cell_arbiter_2_754.dqdimacs,67,89
./benchmark_tests/original/Biere/bitcell_16_2/pec_bit_cell_arbiter_2_754.dqdimacs,68,89
./benchmark_tests/original/Biere/bitcell_16_2/pec_bit_cell_arbiter_2_754.dqdimacs,69,89
./benchmark_tests/original/Biere/bitcell_16_2/pec_bit_cell_arbiter_2_754.dqdimacs,70,89
./benchmark_tests/original/Biere/bitcell_16_2/pec_bit_cell_arbiter_2_754.dqdimacs,71,89
./benchmark_tests/original/Biere/bitcell_16_2/pec_bit_cell_arbiter_2_754.dqdimacs,72,89
./benchmark_tests/original/Biere/bitcell_16_2/pec_bit_cell_arbiter_2_754.dqdimacs,73,89
./benchmark_tests/original/Biere/bitcell_16_2/pec_bit_cell_arbiter_2_754.dqdimacs,74,89
./benchmark_tests/original/Biere/bitcell_16_2/pec_bit_cell_arbiter_2_754.dqdimacs,75,89
./benchmark_tests/original/Biere/bitcell_16_2/pec_bit_cell_arbiter_2_754.dqdimacs,76,89
./benchmark_tests/original/Biere/bitcell_16_2/pec_bit_cell_arbiter_2_754.dqdimacs,77,89
./benchmark_tests/original/Biere/bitcell_16_2/pec_bit_cell_arbiter_2_754.dqdimacs,78,89
./benchmark_tests/original/Biere/bitcell_16_2/pec_bit_cell_arbiter_2_754.dqdimacs,79,89
./benchmark_tests/original/Biere/bitcell_16_2/pec_bit_cell_arbiter_2_754.dqdimacs,80,89
./benchmark_tests/original/Biere/bitcell_16_2/pec_bit_cell_arbiter_2_754.dqdimacs,81,89
./benchmark_tests/original/Biere/bitcell_16_2/pec_bit_cell_arbiter_2_754.dqdimacs,82,89
./benchmark_tests/original/Biere/bitcell_16_2/pec_bit_cell_arbiter_2_754.dqdimacs,83,89
./benchmark_tests/original/Biere/bitcell_16_2/pec_bit_cell_arbiter_2_754.dqdimacs,84,89
./benchmark_tests/original/Biere/bitcell_16_2/pec_bit_cell_arbiter_2_754.dqdimacs,85,89
./benchmark_tests/original/Biere/bitcell_16_2/pec_bit_cell_arbiter_2_754.dqdimacs,86,89
./benchmark_tests/original/Biere/bitcell_16_2/pec_bit_cell_arbiter_2_754.dqdimacs,87,90
./benchmark_tests/original/Biere/bitcell_16_2/pec_bit_cell_arbiter_2_754.dqdimacs,88,89
./benchmark_tests/original/Biere/bitcell_16_2/pec_bit_cell_arbiter_2_754.dqdimacs,89,89
./benchmark_tests/original/Biere/bitcell_16_2/pec_bit_cell_arbiter_2_754.dqdimacs,90,89
./benchmark_tests/original/Biere/bitcell_16_2/pec_bit_cell_arbiter_2_754.dqdimacs,91,89
./benchmark_tests/original/Biere/bitcell_16_2/pec_bit_cell_arbiter_2_754.dqdimacs,93,89
./benchmark_tests/original/Biere/bitcell_16_2/pec_bit_cell_arbiter_2_754.dqdimacs,94,89
./benchmark_tests/original/Biere/bitcell_16_2/pec_bit_cell_arbiter_2_754.dqdimacs,95,89
./benchmark_tests/original/Biere/bitcell_16_2/pec_bit_cell_arbiter_2_754.dqdimacs,96,89
./benchmark_tests/original/Biere/bitcell_16_2/pec_bit_cell_arbiter_2_754.dqdimacs,97,89
./benchmark_tests/original/Biere/bitcell_16_2/pec_bit_cell_arbiter_2_754.dqdimacs,98,89
./benchmark_tests/original/Biere/bitcell_16_2/pec_bit_cell_arbiter_2_754.dqdimacs,100,89
./benchmark_tests/original/Biere/bitcell_16_2/pec_bit_cell_arbiter_2_754.dqdimacs,101,89
./benchmark_tests/original/Biere/bitcell_16_2/pec_bit_cell_arbiter_2_754.dqdimacs,102,89
./benchmark_tests/original/Biere/bitcell_16_2/pec_bit_cell_arbiter_2_754.dqdimacs,103,90
./benchmark_tests/original/Biere/bitcell_16_2/pec_bit_cell_arbiter_2_754.dqdimacs,104,90
./benchmark_tests/original/Biere/bitcell_16_2/pec_bit_cell_arbiter_2_754.dqdimacs,105,89
./benchmark_tests/original/Biere/bitcell_16_2/pec_bit_cell_arbiter_2_754.dqdimacs,106,90
./benchmark_tests/original/Biere/bitcell_16_2/pec_bit_cell_arbiter_2_754.dqdimacs,108,89
./benchmark_tests/original/Biere/bitcell_16_2/pec_bit_cell_arbiter_2_754.dqdimacs,109,89
./benchmark_tests/original/Biere/bitcell_16_2/pec_bit_cell_arbiter_2_754.dqdimacs,110,89
./benchmark_tests/original/Biere/bitcell_16_2/pec_bit_cell_arbiter_2_754.dqdimacs,111,89
./benchmark_tests/original/Biere/bitcell_16_2/pec_bit_cell_arbiter_2_754.dqdimacs,112,89
./benchmark_tests/original/Biere/bitcell_16_2/pec_bit_cell_arbiter_2_754.dqdimacs,113,89
./benchmark_tests/original/Biere/bitcell_16_2/pec_bit_cell_arbiter_2_754.dqdimacs,114,89
./benchmark_tests/original/Biere/bitcell_16_2/pec_bit_cell_arbiter_2_754.dqdimacs,115,89
./benchmark_tests/original/Biere/bitcell_16_2/pec_bit_cell_arbiter_2_754.dqdimacs,116,89
./benchmark_tests/original/Biere/bitcell_16_2/pec_bit_cell_arbiter_2_754.dqdimacs,117,90
./benchmark_tests/original/Biere/bitcell_16_2/pec_bit_cell_arbiter_2_754.dqdimacs,118,90
./benchmark_tests/original/Biere/bitcell_16_2/pec_bit_cell_arbiter_2_754.dqdimacs,119,90
./benchmark_tests/original/Biere/bitcell_16_2/pec_bit_cell_arbiter_2_754.dqdimacs,120,89
./benchmark_tests/original/Biere/bitcell_16_2/pec_bit_cell_arbiter_2_756.dqdimacs,3,104
./benchmark_tests/original/Biere/bitcell_16_2/pec_bit_cell_arbiter_2_756.dqdimacs,5,93
./benchmark_tests/original/Biere/bitcell_16_2/pec_bit_cell_arbiter_2_756.dqdimacs,7,71
./benchmark_tests/original/Biere/bitcell_16_2/pec_bit_cell_arbiter_2_756.dqdimacs,9,70
./benchmark_tests/original/Biere/bitcell_16_2/pec_bit_cell_arbiter_2_756.dqdimacs,11,71
./benchmark_tests/original/Biere/bitcell_16_2/pec_bit_cell_arbiter_2_756.dqdimacs,13,73
./benchmark_tests/original/Biere/bitcell_16_2/pec_bit_cell_arbiter_2_756.dqdimacs,15,73
./benchmark_tests/original/Biere/bitcell_16_2/pec_bit_cell_arbiter_2_756.dqdimacs,17,73
./benchmark_tests/original/Biere/bitcell_16_2/pec_bit_cell_arbiter_2_756.dqdimacs,19,73
./benchmark_tests/original/Biere/bitcell_16_2/pec_bit_cell_arbiter_2_756.dqdimacs,21,73
./benchmark_tests/original/Biere/bitcell_16_2/pec_bit_cell_arbiter_2_756.dqdimacs,23,73
./benchmark_tests/original/Biere/bitcell_16_2/pec_bit_cell_arbiter_2_756.dqdimacs,25,73
./benchmark_tests/original/Biere/bitcell_16_2/pec_bit_cell_arbiter_2_756.dqdimacs,26,73
./benchmark_tests/original/Biere/bitcell_16_2/pec_bit_cell_arbiter_2_756.dqdimacs,27,73
./benchmark_tests/original/Biere/bitcell_16_2/pec_bit_cell_arbiter_2_756.dqdimacs,28,129
./benchmark_tests/original/Biere/bitcell_16_2/pec_bit_cell_arbiter_2_756.dqdimacs,29,98
./benchmark_tests/original/Biere/bitcell_16_2/pec_bit_cell_arbiter_2_756.dqdimacs,30,100
./benchmark_tests/original/Biere/bitcell_16_2/pec_bit_cell_arbiter_2_756.dqdimacs,31,96
./benchmark_tests/original/Biere/bitcell_16_2/pec_bit_cell_arbiter_2_756.dqdimacs,32,96
./benchmark_tests/original/Biere/bitcell_16_2/pec_bit_cell_arbiter_2_756.dqdimacs,33,90
./benchmark_tests/original/Biere/bitcell_16_2/pec_bit_cell_arbiter_2_756.dqdimacs,34,85
./benchmark_tests/original/Biere/bitcell_16_2/pec_bit_cell_arbiter_2_756.dqdimacs,35,81
./benchmark_tests/original/Biere/bitcell_16_2/pec_bit_cell_arbiter_2_756.dqdimacs,36,77
./benchmark_tests/original/Biere/bitcell_16_2/pec_bit_cell_arbiter_2_756.dqdimacs,37,74
./benchmark_tests/original/Biere/bitcell_16_2/pec_bit_cell_arbiter_2_756.dqdimacs,38,70
./benchmark_tests/original/Biere/bitcell_16_2/pec_bit_cell_arbiter_2_756.dqdimacs,39,67
./benchmark_tests/original/Biere/bitcell_16_2/pec_bit_cell_arbiter_2_756.dqdimacs,40,64
./benchmark_tests/original/Biere/bitcell_16_2/pec_bit_cell_arbiter_2_756.dqdimacs,41,61
./benchmark_tests/original/Biere/bitcell_16_2/pec_bit_cell_arbiter_2_756.dqdimacs,42,60
./benchmark_tests/original/Biere/bitcell_16_2/pec_bit_cell_arbiter_2_756.dqdimacs,43,56
./benchmark_tests/original/Biere/bitcell_16_2/pec_bit_cell_arbiter_2_756.dqdimacs,44,54
./benchmark_tests/original/Biere/bitcell_16_2/pec_bit_cell_arbiter_2_756.dqdimacs,45,54
./benchmark_tests/original/Biere/bitcell_16_2/pec_bit_cell_arbiter_2_756.dqdimacs,46,54
./benchmark_tests/original/Biere/bitcell_16_2/pec_bit_cell_arbiter_2_756.dqdimacs,47,54
./benchmark_tests/original/Biere/bitcell_16_2/pec_bit_cell_arbiter_2_756.dqdimacs,48,54
./benchmark_tests/original/Biere/bitcell_16_2/pec_bit_cell_arbiter_2_756.dqdimacs,49,53
./benchmark_tests/original/Biere/bitcell_16_2/pec_bit_cell_arbiter_2_756.dqdimacs,50,54
./benchmark_tests/original/Biere/bitcell_16_2/pec_bit_cell_arbiter_2_756.dqdimacs,51,54
./benchmark_tests/original/Biere/bitcell_16_2/pec_bit_cell_arbiter_2_756.dqdimacs,52,54
./benchmark_tests/original/Biere/bitcell_16_2/pec_bit_cell_arbiter_2_756.dqdimacs,53,54
./benchmark_tests/original/Biere/bitcell_16_2/pec_bit_cell_arbiter_2_756.dqdimacs,54,54
./benchmark_tests/original/Biere/bitcell_16_2/pec_bit_cell_arbiter_2_756.dqdimacs,55,54
./benchmark_tests/original/Biere/bitcell_16_2/pec_bit_cell_arbiter_2_756.dqdimacs,56,54
./benchmark_tests/original/Biere/bitcell_16_2/pec_bit_cell_arbiter_2_756.dqdimacs,57,54
./benchmark_tests/original/Biere/bitcell_16_2/pec_bit_cell_arbiter_2_756.dqdimacs,58,54
./benchmark_tests/original/Biere/bitcell_16_2/pec_bit_cell_arbiter_2_756.dqdimacs,59,54
./benchmark_tests/original/Biere/bitcell_16_2/pec_bit_cell_arbiter_2_756.dqdimacs,60,54
./benchmark_tests/original/Biere/bitcell_16_2/pec_bit_cell_arbiter_2_756.dqdimacs,61,54
./benchmark_tests/original/Biere/bitcell_16_2/pec_bit_cell_arbiter_2_756.dqdimacs,62,54
./benchmark_tests/original/Biere/bitcell_16_2/pec_bit_cell_arbiter_2_756.dqdimacs,63,54
./benchmark_tests/original/Biere/bitcell_16_2/pec_bit_cell_arbiter_2_756.dqdimacs,64,54
./benchmark_tests/original/Biere/bitcell_16_2/pec_bit_cell_arbiter_2_756.dqdimacs,65,54
./benchmark_tests/original/Biere/bitcell_16_2/pec_bit_cell_arbiter_2_756.dqdimacs,66,54
./benchmark_tests/original/Biere/bitcell_16_2/pec_bit_cell_arbiter_2_756.dqdimacs,67,54
./benchmark_tests/original/Biere/bitcell_16_2/pec_bit_cell_arbiter_2_756.dqdimacs,68,54
./benchmark_tests/original/Biere/bitcell_16_2/pec_bit_cell_arbiter_2_756.dqdimacs,69,54
./benchmark_tests/original/Biere/bitcell_16_2/pec_bit_cell_arbiter_2_756.dqdimacs,70,54
./benchmark_tests/original/Biere/bitcell_16_2/pec_bit_cell_arbiter_2_756.dqdimacs,71,54
./benchmark_tests/original/Biere/bitcell_16_2/pec_bit_cell_arbiter_2_756.dqdimacs,72,54
./benchmark_tests/original/Biere/bitcell_16_2/pec_bit_cell_arbiter_2_756.dqdimacs,73,54
./benchmark_tests/original/Biere/bitcell_16_2/pec_bit_cell_arbiter_2_756.dqdimacs,74,54
./benchmark_tests/original/Biere/bitcell_16_2/pec_bit_cell_arbiter_2_756.dqdimacs,75,54
./benchmark_tests/original/Biere/bitcell_16_2/pec_bit_cell_arbiter_2_756.dqdimacs,76,54
./benchmark_tests/original/Biere/bitcell_16_2/pec_bit_cell_arbiter_2_756.dqdimacs,78,54
./benchmark_tests/original/Biere/bitcell_16_2/pec_bit_cell_arbiter_2_756.dqdimacs,79,54
./benchmark_tests/original/Biere/bitcell_16_2/pec_bit_cell_arbiter_2_756.dqdimacs,80,54
./benchmark_tests/original/Biere/bitcell_16_2/pec_bit_cell_arbiter_2_756.dqdimacs,82,54
./benchmark_tests/original/Biere/bitcell_16_2/pec_bit_cell_arbiter_2_756.dqdimacs,83,54
./benchmark_tests/original/Biere/bitcell_16_2/pec_bit_cell_arbiter_2_756.dqdimacs,84,54
./benchmark_tests/original/Biere/bitcell_16_2/pec_bit_cell_arbiter_2_756.dqdimacs,85,54
./benchmark_tests/original/Biere/bitcell_16_2/pec_bit_cell_arbiter_2_756.dqdimacs,86,54
./benchmark_tests/original/Biere/bitcell_16_2/pec_bit_cell_arbiter_2_756.dqdimacs,87,54
./benchmark_tests/original/Biere/bitcell_16_2/pec_bit_cell_arbiter_2_756.dqdimacs,88,54
./benchmark_tests/original/Biere/bitcell_16_2/pec_bit_cell_arbiter_2_756.dqdimacs,90,54
./benchmark_tests/original/Biere/bitcell_16_2/pec_bit_cell_arbiter_2_756.dqdimacs,91,54
./benchmark_tests/original/Biere/bitcell_16_2/pec_bit_cell_arbiter_2_756.dqdimacs,92,54
./benchmark_tests/original/Biere/bitcell_16_2/pec_bit_cell_arbiter_2_756.dqdimacs,93,54
./benchmark_tests/original/Biere/bitcell_16_2/pec_bit_cell_arbiter_2_756.dqdimacs,94,55
./benchmark_tests/original/Biere/bitcell_16_2/pec_bit_cell_arbiter_2_756.dqdimacs,95,55
./benchmark_tests/original/Biere/bitcell_16_2/pec_bit_cell_arbiter_2_756.dqdimacs,97,53
./benchmark_tests/original/Biere/bitcell_16_2/pec_bit_cell_arbiter_2_756.dqdimacs,98,54
./benchmark_tests/original/Biere/bitcell_16_2/pec_bit_cell_arbiter_2_756.dqdimacs,99,53
./benchmark_tests/original/Biere/bitcell_16_2/pec_bit_cell_arbiter_2_756.dqdimacs,100,54
./benchmark_tests/original/Biere/bitcell_16_2/pec_bit_cell_arbiter_2_756.dqdimacs,101,54
./benchmark_tests/original/Biere/bitcell_16_2/pec_bit_cell_arbiter_2_756.dqdimacs,102,55
./benchmark_tests/original/Biere/bitcell_16_2/pec_bit_cell_arbiter_2_756.dqdimacs,103,54
./benchmark_tests/original/Biere/bitcell_16_2/pec_bit_cell_arbiter_2_756.dqdimacs,105,54
./benchmark_tests/original/Biere/bitcell_16_2/pec_bit_cell_arbiter_2_756.dqdimacs,106,54
./benchmark_tests/original/Biere/bitcell_16_2/pec_bit_cell_arbiter_2_756.dqdimacs,107,54
./benchmark_tests/original/Biere/bitcell_16_2/pec_bit_cell_arbiter_2_756.dqdimacs,108,54
./benchmark_tests/original/Biere/bitcell_16_2/pec_bit_cell_arbiter_2_756.dqdimacs,109,54
./benchmark_tests/original/Biere/bitcell_16_2/pec_bit_cell_arbiter_2_756.dqdimacs,110,55
./benchmark_tests/original/Biere/bitcell_16_2/pec_bit_cell_arbiter_2_756.dqdimacs,111,55
./benchmark_tests/original/Biere/bitcell_16_2/pec_bit_cell_arbiter_2_756.dqdimacs,112,53
./benchmark_tests/original/Biere/bitcell_16_2/pec_bit_cell_arbiter_2_756.dqdimacs,113,54
./benchmark_tests/original/Biere/bitcell_16_2/pec_bit_cell_arbiter_2_756.dqdimacs,114,54
./benchmark_tests/original/Biere/bitcell_16_2/pec_bit_cell_arbiter_2_756.dqdimacs,115,55
./benchmark_tests/original/Biere/bitcell_16_2/pec_bit_cell_arbiter_2_756.dqdimacs,116,54
./benchmark_tests/original/Biere/bitcell_16_2/pec_bit_cell_arbiter_2_756.dqdimacs,117,55
./benchmark_tests/original/Biere/bitcell_16_2/pec_bit_cell_arbiter_2_761.dqdimacs,3,120
./benchmark_tests/original/Biere/bitcell_16_2/pec_bit_cell_arbiter_2_761.dqdimacs,5,113
./benchmark_tests/original/Biere/bitcell_16_2/pec_bit_cell_arbiter_2_761.dqdimacs,7,114
./benchmark_tests/original/Biere/bitcell_16_2/pec_bit_cell_arbiter_2_761.dqdimacs,9,113
./benchmark_tests/original/Biere/bitcell_16_2/pec_bit_cell_arbiter_2_761.dqdimacs,11,114
./benchmark_tests/original/Biere/bitcell_16_2/pec_bit_cell_arbiter_2_761.dqdimacs,13,114
./benchmark_tests/original/Biere/bitcell_16_2/pec_bit_cell_arbiter_2_761.dqdimacs,14,114
./benchmark_tests/original/Biere/bitcell_16_2/pec_bit_cell_arbiter_2_761.dqdimacs,15,114
./benchmark_tests/original/Biere/bitcell_16_2/pec_bit_cell_arbiter_2_761.dqdimacs,16,114
./benchmark_tests/original/Biere/bitcell_16_2/pec_bit_cell_arbiter_2_761.dqdimacs,17,114
./benchmark_tests/original/Biere/bitcell_16_2/pec_bit_cell_arbiter_2_761.dqdimacs,18,115
./benchmark_tests/original/Biere/bitcell_16_2/pec_bit_cell_arbiter_2_761.dqdimacs,19,115
./benchmark_tests/original/Biere/bitcell_16_2/pec_bit_cell_arbiter_2_761.dqdimacs,20,113
./benchmark_tests/original/Biere/bitcell_16_2/pec_bit_cell_arbiter_2_761.dqdimacs,21,148
./benchmark_tests/original/Biere/bitcell_16_2/pec_bit_cell_arbiter_2_761.dqdimacs,22,81
./benchmark_tests/original/Biere/bitcell_16_2/pec_bit_cell_arbiter_2_761.dqdimacs,25,77
./benchmark_tests/original/Biere/bitcell_16_2/pec_bit_cell_arbiter_2_761.dqdimacs,27,72
./benchmark_tests/original/Biere/bitcell_16_2/pec_bit_cell_arbiter_2_761.dqdimacs,29,68
./benchmark_tests/original/Biere/bitcell_16_2/pec_bit_cell_arbiter_2_761.dqdimacs,31,67
./benchmark_tests/original/Biere/bitcell_16_2/pec_bit_cell_arbiter_2_761.dqdimacs,33,62
./benchmark_tests/original/Biere/bitcell_16_2/pec_bit_cell_arbiter_2_761.dqdimacs,34,60
./benchmark_tests/original/Biere/bitcell_16_2/pec_bit_cell_arbiter_2_761.dqdimacs,35,58
./benchmark_tests/original/Biere/bitcell_16_2/pec_bit_cell_arbiter_2_761.dqdimacs,36,56
./benchmark_tests/original/Biere/bitcell_16_2/pec_bit_cell_arbiter_2_761.dqdimacs,37,53
./benchmark_tests/original/Biere/bitcell_16_2/pec_bit_cell_arbiter_2_761.dqdimacs,38,52
./benchmark_tests/original/Biere/bitcell_16_2/pec_bit_cell_arbiter_2_761.dqdimacs,39,51
./benchmark_tests/original/Biere/bitcell_16_2/pec_bit_cell_arbiter_2_761.dqdimacs,40,49
./benchmark_tests/original/Biere/bitcell_16_2/pec_bit_cell_arbiter_2_761.dqdimacs,41,50
./benchmark_tests/original/Biere/bitcell_16_2/pec_bit_cell_arbiter_2_761.dqdimacs,42,54
./benchmark_tests/original/Biere/bitcell_16_2/pec_bit_cell_arbiter_2_761.dqdimacs,43,48
./benchmark_tests/original/Biere/bitcell_16_2/pec_bit_cell_arbiter_2_761.dqdimacs,44,49
./benchmark_tests/original/Biere/bitcell_16_2/pec_bit_cell_arbiter_2_761.dqdimacs,45,48
./benchmark_tests/original/Biere/bitcell_16_2/pec_bit_cell_arbiter_2_761.dqdimacs,46,49
./benchmark_tests/original/Biere/bitcell_16_2/pec_bit_cell_arbiter_2_761.dqdimacs,47,48
./benchmark_tests/original/Biere/bitcell_16_2/pec_bit_cell_arbiter_2_761.dqdimacs,48,49
./benchmark_tests/original/Biere/bitcell_16_2/pec_bit_cell_arbiter_2_761.dqdimacs,49,48
./benchmark_tests/original/Biere/bitcell_16_2/pec_bit_cell_arbiter_2_761.dqdimacs,50,48
./benchmark_tests/original/Biere/bitcell_16_2/pec_bit_cell_arbiter_2_761.dqdimacs,51,50
./benchmark_tests/original/Biere/bitcell_16_2/pec_bit_cell_arbiter_2_761.dqdimacs,52,49
./benchmark_tests/original/Biere/bitcell_16_2/pec_bit_cell_arbiter_2_761.dqdimacs,53,48
./benchmark_tests/original/Biere/bitcell_16_2/pec_bit_cell_arbiter_2_761.dqdimacs,54,49
./benchmark_tests/original/Biere/bitcell_16_2/pec_bit_cell_arbiter_2_761.dqdimacs,55,48
./benchmark_tests/original/Biere/bitcell_16_2/pec_bit_cell_arbiter_2_761.dqdimacs,56,49
./benchmark_tests/original/Biere/bitcell_16_2/pec_bit_cell_arbiter_2_761.dqdimacs,57,48
./benchmark_tests/original/Biere/bitcell_16_2/pec_bit_cell_arbiter_2_761.dqdimacs,58,48
./benchmark_tests/original/Biere/bitcell_16_2/pec_bit_cell_arbiter_2_761.dqdimacs,59,49
./benchmark_tests/original/Biere/bitcell_16_2/pec_bit_cell_arbiter_2_761.dqdimacs,60,49
./benchmark_tests/original/Biere/bitcell_16_2/pec_bit_cell_arbiter_2_761.dqdimacs,61,49
./benchmark_tests/original/Biere/bitcell_16_2/pec_bit_cell_arbiter_2_761.dqdimacs,62,49
./benchmark_tests/original/Biere/bitcell_16_2/pec_bit_cell_arbiter_2_761.dqdimacs,63,49
./benchmark_tests/original/Biere/bitcell_16_2/pec_bit_cell_arbiter_2_761.dqdimacs,64,49
./benchmark_tests/original/Biere/bitcell_16_2/pec_bit_cell_arbiter_2_761.dqdimacs,65,49
./benchmark_tests/original/Biere/bitcell_16_2/pec_bit_cell_arbiter_2_761.dqdimacs,66,49
./benchmark_tests/original/Biere/bitcell_16_2/pec_bit_cell_arbiter_2_761.dqdimacs,67,49
./benchmark_tests/original/Biere/bitcell_16_2/pec_bit_cell_arbiter_2_761.dqdimacs,68,49
./benchmark_tests/original/Biere/bitcell_16_2/pec_bit_cell_arbiter_2_761.dqdimacs,69,49
./benchmark_tests/original/Biere/bitcell_16_2/pec_bit_cell_arbiter_2_761.dqdimacs,70,49
./benchmark_tests/original/Biere/bitcell_16_2/pec_bit_cell_arbiter_2_761.dqdimacs,71,49
./benchmark_tests/original/Biere/bitcell_16_2/pec_bit_cell_arbiter_2_761.dqdimacs,72,49
./benchmark_tests/original/Biere/bitcell_16_2/pec_bit_cell_arbiter_2_761.dqdimacs,73,49
./benchmark_tests/original/Biere/bitcell_16_2/pec_bit_cell_arbiter_2_761.dqdimacs,74,48
./benchmark_tests/original/Biere/bitcell_16_2/pec_bit_cell_arbiter_2_761.dqdimacs,75,49
./benchmark_tests/original/Biere/bitcell_16_2/pec_bit_cell_arbiter_2_761.dqdimacs,77,48
./benchmark_tests/original/Biere/bitcell_16_2/pec_bit_cell_arbiter_2_761.dqdimacs,78,49
./benchmark_tests/original/Biere/bitcell_16_2/pec_bit_cell_arbiter_2_761.dqdimacs,79,49
./benchmark_tests/original/Biere/bitcell_16_2/pec_bit_cell_arbiter_2_761.dqdimacs,81,48
./benchmark_tests/original/Biere/bitcell_16_2/pec_bit_cell_arbiter_2_761.dqdimacs,82,48
./benchmark_tests/original/Biere/bitcell_16_2/pec_bit_cell_arbiter_2_761.dqdimacs,83,48
./benchmark_tests/original/Biere/bitcell_16_2/pec_bit_cell_arbiter_2_761.dqdimacs,84,48
./benchmark_tests/original/Biere/bitcell_16_2/pec_bit_cell_arbiter_2_761.dqdimacs,85,48
./benchmark_tests/original/Biere/bitcell_16_2/pec_bit_cell_arbiter_2_761.dqdimacs,86,49
./benchmark_tests/original/Biere/bitcell_16_2/pec_bit_cell_arbiter_2_761.dqdimacs,87,49
./benchmark_tests/original/Biere/bitcell_16_2/pec_bit_cell_arbiter_2_761.dqdimacs,89,48
./benchmark_tests/original/Biere/bitcell_16_2/pec_bit_cell_arbiter_2_761.dqdimacs,90,48
./benchmark_tests/original/Biere/bitcell_16_2/pec_bit_cell_arbiter_2_761.dqdimacs,91,48
./benchmark_tests/original/Biere/bitcell_16_2/pec_bit_cell_arbiter_2_761.dqdimacs,92,49
./benchmark_tests/original/Biere/bitcell_16_2/pec_bit_cell_arbiter_2_761.dqdimacs,93,49
./benchmark_tests/original/Biere/bitcell_16_2/pec_bit_cell_arbiter_2_761.dqdimacs,94,49
./benchmark_tests/original/Biere/bitcell_16_2/pec_bit_cell_arbiter_2_761.dqdimacs,95,49
./benchmark_tests/original/Biere/bitcell_16_2/pec_bit_cell_arbiter_2_761.dqdimacs,97,48
./benchmark_tests/original/Biere/bitcell_16_2/pec_bit_cell_arbiter_2_761.dqdimacs,98,48
./benchmark_tests/original/Biere/bitcell_16_2/pec_bit_cell_arbiter_2_761.dqdimacs,99,48
./benchmark_tests/original/Biere/bitcell_16_2/pec_bit_cell_arbiter_2_761.dqdimacs,100,49
./benchmark_tests/original/Biere/bitcell_16_2/pec_bit_cell_arbiter_2_761.dqdimacs,101,48
./benchmark_tests/original/Biere/bitcell_16_2/pec_bit_cell_arbiter_2_761.dqdimacs,102,49
./benchmark_tests/original/Biere/bitcell_16_2/pec_bit_cell_arbiter_2_761.dqdimacs,103,50
./benchmark_tests/original/Biere/bitcell_16_2/pec_bit_cell_arbiter_2_761.dqdimacs,105,48
./benchmark_tests/original/Biere/bitcell_16_2/pec_bit_cell_arbiter_2_761.dqdimacs,106,49
./benchmark_tests/original/Biere/bitcell_16_2/pec_bit_cell_arbiter_2_761.dqdimacs,107,49
./benchmark_tests/original/Biere/bitcell_16_2/pec_bit_cell_arbiter_2_761.dqdimacs,108,49
./benchmark_tests/original/Biere/bitcell_16_2/pec_bit_cell_arbiter_2_761.dqdimacs,109,48
./benchmark_tests/original/Biere/bitcell_16_2/pec_bit_cell_arbiter_2_761.dqdimacs,110,48
./benchmark_tests/original/Biere/bitcell_16_2/pec_bit_cell_arbiter_2_761.dqdimacs,111,47
./benchmark_tests/original/Biere/bitcell_16_2/pec_bit_cell_arbiter_2_761.dqdimacs,113,48
./benchmark_tests/original/Biere/bitcell_16_2/pec_bit_cell_arbiter_2_761.dqdimacs,114,49
./benchmark_tests/original/Biere/bitcell_16_2/pec_bit_cell_arbiter_2_761.dqdimacs,115,49
./benchmark_tests/original/Biere/bitcell_16_2/pec_bit_cell_arbiter_2_761.dqdimacs,116,49
./benchmark_tests/original/Biere/bitcell_16_2/pec_bit_cell_arbiter_2_761.dqdimacs,117,49
./benchmark_tests/original/Biere/bitcell_16_2/pec_bit_cell_arbiter_2_761.dqdimacs,118,50
./benchmark_tests/original/Biere/bitcell_16_2/pec_bit_cell_arbiter_2_761.dqdimacs,119,51
./benchmark_tests/original/Biere/bitcell_16_2/pec_bit_cell_arbiter_2_761.dqdimacs,120,49
./benchmark_tests/original/Biere/bitcell_16_2/pec_bit_cell_arbiter_2_761.dqdimacs,121,48
./benchmark_tests/original/Biere/bitcell_16_2/pec_bit_cell_arbiter_2_761.dqdimacs,122,49
./benchmark_tests/original/Biere/bitcell_16_2/pec_bit_cell_arbiter_2_761.dqdimacs,123,49
./benchmark_tests/original/Biere/bitcell_16_2/pec_bit_cell_arbiter_2_761.dqdimacs,124,49
./benchmark_tests/original/Biere/bitcell_16_2/pec_bit_cell_arbiter_2_761.dqdimacs,125,49
./benchmark_tests/original/Biere/bitcell_16_2/pec_bit_cell_arbiter_2_765.dqdimacs,3,455
./benchmark_tests/original/Biere/bitcell_16_2/pec_bit_cell_arbiter_2_765.dqdimacs,5,450
./benchmark_tests/original/Biere/bitcell_16_2/pec_bit_cell_arbiter_2_765.dqdimacs,7,448
./benchmark_tests/original/Biere/bitcell_16_2/pec_bit_cell_arbiter_2_765.dqdimacs,9,420
./benchmark_tests/original/Biere/bitcell_16_2/pec_bit_cell_arbiter_2_765.dqdimacs,11,337
./benchmark_tests/original/Biere/bitcell_16_2/pec_bit_cell_arbiter_2_765.dqdimacs,12,269
./benchmark_tests/original/Biere/bitcell_16_2/pec_bit_cell_arbiter_2_765.dqdimacs,13,237
./benchmark_tests/original/Biere/bitcell_16_2/pec_bit_cell_arbiter_2_765.dqdimacs,14,236
./benchmark_tests/original/Biere/bitcell_16_2/pec_bit_cell_arbiter_2_765.dqdimacs,15,235
./benchmark_tests/original/Biere/bitcell_16_2/pec_bit_cell_arbiter_2_765.dqdimacs,16,235
./benchmark_tests/original/Biere/bitcell_16_2/pec_bit_cell_arbiter_2_765.dqdimacs,17,237
./benchmark_tests/original/Biere/bitcell_16_2/pec_bit_cell_arbiter_2_765.dqdimacs,18,257
./benchmark_tests/original/Biere/bitcell_16_2/pec_bit_cell_arbiter_2_765.dqdimacs,19,224
./benchmark_tests/original/Biere/bitcell_16_2/pec_bit_cell_arbiter_2_765.dqdimacs,22,223
./benchmark_tests/original/Biere/bitcell_16_2/pec_bit_cell_arbiter_2_765.dqdimacs,24,222
./benchmark_tests/original/Biere/bitcell_16_2/pec_bit_cell_arbiter_2_765.dqdimacs,26,223
./benchmark_tests/original/Biere/bitcell_16_2/pec_bit_cell_arbiter_2_765.dqdimacs,28,221
./benchmark_tests/original/Biere/bitcell_16_2/pec_bit_cell_arbiter_2_765.dqdimacs,30,223
./benchmark_tests/original/Biere/bitcell_16_2/pec_bit_cell_arbiter_2_765.dqdimacs,32,222
./benchmark_tests/original/Biere/bitcell_16_2/pec_bit_cell_arbiter_2_765.dqdimacs,34,221
./benchmark_tests/original/Biere/bitcell_16_2/pec_bit_cell_arbiter_2_765.dqdimacs,36,222
./benchmark_tests/original/Biere/bitcell_16_2/pec_bit_cell_arbiter_2_765.dqdimacs,38,222
./benchmark_tests/original/Biere/bitcell_16_2/pec_bit_cell_arbiter_2_765.dqdimacs,40,222
./benchmark_tests/original/Biere/bitcell_16_2/pec_bit_cell_arbiter_2_765.dqdimacs,41,221
./benchmark_tests/original/Biere/bitcell_16_2/pec_bit_cell_arbiter_2_765.dqdimacs,42,222
./benchmark_tests/original/Biere/bitcell_16_2/pec_bit_cell_arbiter_2_765.dqdimacs,43,223
./benchmark_tests/original/Biere/bitcell_16_2/pec_bit_cell_arbiter_2_765.dqdimacs,44,229
./benchmark_tests/original/Biere/bitcell_16_2/pec_bit_cell_arbiter_2_765.dqdimacs,45,236
./benchmark_tests/original/Biere/bitcell_16_2/pec_bit_cell_arbiter_2_765.dqdimacs,46,235
./benchmark_tests/original/Biere/bitcell_16_2/pec_bit_cell_arbiter_2_765.dqdimacs,47,236
./benchmark_tests/original/Biere/bitcell_16_2/pec_bit_cell_arbiter_2_765.dqdimacs,48,236
./benchmark_tests/original/Biere/bitcell_16_2/pec_bit_cell_arbiter_2_765.dqdimacs,49,236
./benchmark_tests/original/Biere/bitcell_16_2/pec_bit_cell_arbiter_2_765.dqdimacs,50,237
./benchmark_tests/original/Biere/bitcell_16_2/pec_bit_cell_arbiter_2_765.dqdimacs,51,236
./benchmark_tests/original/Biere/bitcell_16_2/pec_bit_cell_arbiter_2_765.dqdimacs,52,236
./benchmark_tests/original/Biere/bitcell_16_2/pec_bit_cell_arbiter_2_765.dqdimacs,53,235
./benchmark_tests/original/Biere/bitcell_16_2/pec_bit_cell_arbiter_2_765.dqdimacs,54,234
./benchmark_tests/original/Biere/bitcell_16_2/pec_bit_cell_arbiter_2_765.dqdimacs,55,235
./benchmark_tests/original/Biere/bitcell_16_2/pec_bit_cell_arbiter_2_765.dqdimacs,56,236
./benchmark_tests/original/Biere/bitcell_16_2/pec_bit_cell_arbiter_2_765.dqdimacs,57,235
./benchmark_tests/original/Biere/bitcell_16_2/pec_bit_cell_arbiter_2_765.dqdimacs,58,236
./benchmark_tests/original/Biere/bitcell_16_2/pec_bit_cell_arbiter_2_765.dqdimacs,59,236
./benchmark_tests/original/Biere/bitcell_16_2/pec_bit_cell_arbiter_2_765.dqdimacs,60,234
./benchmark_tests/original/Biere/bitcell_16_2/pec_bit_cell_arbiter_2_765.dqdimacs,61,235
./benchmark_tests/original/Biere/bitcell_16_2/pec_bit_cell_arbiter_2_765.dqdimacs,62,234
./benchmark_tests/original/Biere/bitcell_16_2/pec_bit_cell_arbiter_2_765.dqdimacs,63,235
./benchmark_tests/original/Biere/bitcell_16_2/pec_bit_cell_arbiter_2_765.dqdimacs,64,235
./benchmark_tests/original/Biere/bitcell_16_2/pec_bit_cell_arbiter_2_765.dqdimacs,65,235
./benchmark_tests/original/Biere/bitcell_16_2/pec_bit_cell_arbiter_2_765.dqdimacs,66,235
./benchmark_tests/original/Biere/bitcell_16_2/pec_bit_cell_arbiter_2_765.dqdimacs,67,235
./benchmark_tests/original/Biere/bitcell_16_2/pec_bit_cell_arbiter_2_765.dqdimacs,68,235
./benchmark_tests/original/Biere/bitcell_16_2/pec_bit_cell_arbiter_2_765.dqdimacs,69,235
./benchmark_tests/original/Biere/bitcell_16_2/pec_bit_cell_arbiter_2_765.dqdimacs,70,235
./benchmark_tests/original/Biere/bitcell_16_2/pec_bit_cell_arbiter_2_765.dqdimacs,71,236
./benchmark_tests/original/Biere/bitcell_16_2/pec_bit_cell_arbiter_2_765.dqdimacs,72,236
./benchmark_tests/original/Biere/bitcell_16_2/pec_bit_cell_arbiter_2_765.dqdimacs,73,235
./benchmark_tests/original/Biere/bitcell_16_2/pec_bit_cell_arbiter_2_765.dqdimacs,74,236
./benchmark_tests/original/Biere/bitcell_16_2/pec_bit_cell_arbiter_2_765.dqdimacs,75,235
./benchmark_tests/original/Biere/bitcell_16_2/pec_bit_cell_arbiter_2_765.dqdimacs,76,235
./benchmark_tests/original/Biere/bitcell_16_2/pec_bit_cell_arbiter_2_765.dqdimacs,77,236
./benchmark_tests/original/Biere/bitcell_16_2/pec_bit_cell_arbiter_2_765.dqdimacs,78,235
./benchmark_tests/original/Biere/bitcell_16_2/pec_bit_cell_arbiter_2_765.dqdimacs,79,235
./benchmark_tests/original/Biere/bitcell_16_2/pec_bit_cell_arbiter_2_765.dqdimacs,80,236
./benchmark_tests/original/Biere/bitcell_16_2/pec_bit_cell_arbiter_2_765.dqdimacs,81,236
./benchmark_tests/original/Biere/bitcell_16_2/pec_bit_cell_arbiter_2_765.dqdimacs,82,236
./benchmark_tests/original/Biere/bitcell_16_2/pec_bit_cell_arbiter_2_765.dqdimacs,83,236
./benchmark_tests/original/Biere/bitcell_16_2/pec_bit_cell_arbiter_2_765.dqdimacs,84,235
./benchmark_tests/original/Biere/bitcell_16_2/pec_bit_cell_arbiter_2_765.dqdimacs,85,235
./benchmark_tests/original/Biere/bitcell_16_2/pec_bit_cell_arbiter_2_765.dqdimacs,86,235
./benchmark_tests/original/Biere/bitcell_16_2/pec_bit_cell_arbiter_2_765.dqdimacs,87,236
./benchmark_tests/original/Biere/bitcell_16_2/pec_bit_cell_arbiter_2_765.dqdimacs,88,235
./benchmark_tests/original/Biere/bitcell_16_2/pec_bit_cell_arbiter_2_765.dqdimacs,89,235
./benchmark_tests/original/Biere/bitcell_16_2/pec_bit_cell_arbiter_2_765.dqdimacs,90,235
./benchmark_tests/original/Biere/bitcell_16_2/pec_bit_cell_arbiter_2_765.dqdimacs,91,235
./benchmark_tests/original/Biere/bitcell_16_2/pec_bit_cell_arbiter_2_765.dqdimacs,92,235
./benchmark_tests/original/Biere/bitcell_16_2/pec_bit_cell_arbiter_2_765.dqdimacs,93,236
./benchmark_tests/original/Biere/bitcell_16_2/pec_bit_cell_arbiter_2_765.dqdimacs,94,236
./benchmark_tests/original/Biere/bitcell_16_2/pec_bit_cell_arbiter_2_765.dqdimacs,95,235
./benchmark_tests/original/Biere/bitcell_16_2/pec_bit_cell_arbiter_2_765.dqdimacs,96,235
./benchmark_tests/original/Biere/bitcell_16_2/pec_bit_cell_arbiter_2_765.dqdimacs,97,236
./benchmark_tests/original/Biere/bitcell_16_2/pec_bit_cell_arbiter_2_765.dqdimacs,98,236
./benchmark_tests/original/Biere/bitcell_16_2/pec_bit_cell_arbiter_2_765.dqdimacs,99,235
./benchmark_tests/original/Biere/bitcell_16_2/pec_bit_cell_arbiter_2_765.dqdimacs,100,235
./benchmark_tests/original/Biere/bitcell_16_2/pec_bit_cell_arbiter_2_765.dqdimacs,101,237
./benchmark_tests/original/Biere/bitcell_16_2/pec_bit_cell_arbiter_2_765.dqdimacs,102,236
./benchmark_tests/original/Biere/bitcell_16_2/pec_bit_cell_arbiter_2_765.dqdimacs,103,236
./benchmark_tests/original/Biere/bitcell_16_2/pec_bit_cell_arbiter_2_765.dqdimacs,104,236
./benchmark_tests/original/Biere/bitcell_16_2/pec_bit_cell_arbiter_2_765.dqdimacs,105,234
./benchmark_tests/original/Biere/bitcell_16_2/pec_bit_cell_arbiter_2_765.dqdimacs,106,236
./benchmark_tests/original/Biere/bitcell_16_2/pec_bit_cell_arbiter_2_765.dqdimacs,107,236
./benchmark_tests/original/Biere/bitcell_16_2/pec_bit_cell_arbiter_2_765.dqdimacs,108,235
./benchmark_tests/original/Biere/bitcell_16_2/pec_bit_cell_arbiter_2_765.dqdimacs,109,235
./benchmark_tests/original/Biere/bitcell_16_2/pec_bit_cell_arbiter_2_765.dqdimacs,110,235
./benchmark_tests/original/Biere/bitcell_16_2/pec_bit_cell_arbiter_2_765.dqdimacs,111,235
./benchmark_tests/original/Biere/bitcell_16_2/pec_bit_cell_arbiter_2_765.dqdimacs,112,235
./benchmark_tests/original/Biere/bitcell_16_2/pec_bit_cell_arbiter_2_765.dqdimacs,113,235
./benchmark_tests/original/Biere/bitcell_16_2/pec_bit_cell_arbiter_2_765.dqdimacs,114,235
./benchmark_tests/original/Biere/bitcell_16_2/pec_bit_cell_arbiter_2_765.dqdimacs,115,235
./benchmark_tests/original/Biere/bitcell_16_2/pec_bit_cell_arbiter_2_765.dqdimacs,116,236
./benchmark_tests/original/Biere/bitcell_16_2/pec_bit_cell_arbiter_2_765.dqdimacs,117,236
./benchmark_tests/original/Biere/bitcell_16_2/pec_bit_cell_arbiter_2_765.dqdimacs,119,236
./benchmark_tests/original/Biere/bitcell_16_2/pec_bit_cell_arbiter_2_765.dqdimacs,120,236
./benchmark_tests/original/Biere/bitcell_16_2/pec_bit_cell_arbiter_2_765.dqdimacs,121,236
./benchmark_tests/original/Biere/bitcell_16_2/pec_bit_cell_arbiter_2_765.dqdimacs,122,236
./benchmark_tests/original/Biere/bitcell_16_2/pec_bit_cell_arbiter_2_765.dqdimacs,124,235
./benchmark_tests/original/Biere/bitcell_16_2/pec_bit_cell_arbiter_2_765.dqdimacs,125,235
./benchmark_tests/original/Biere/bitcell_16_2/pec_bit_cell_arbiter_2_765.dqdimacs,126,236
./benchmark_tests/original/Biere/bitcell_16_2/pec_bit_cell_arbiter_2_765.dqdimacs,127,235
./benchmark_tests/original/Biere/bitcell_16_2/pec_bit_cell_arbiter_2_765.dqdimacs,128,236
./benchmark_tests/original/Biere/bitcell_16_2/pec_bit_cell_arbiter_2_765.dqdimacs,129,236
./benchmark_tests/original/Biere/bitcell_16_2/pec_bit_cell_arbiter_2_765.dqdimacs,130,236
./benchmark_tests/original/Biere/bitcell_16_2/pec_bit_cell_arbiter_2_765.dqdimacs,131,235
./benchmark_tests/original/Biere/bitcell_16_2/pec_bit_cell_arbiter_2_765.dqdimacs,132,235
./benchmark_tests/original/Biere/bitcell_16_2/pec_bit_cell_arbiter_2_765.dqdimacs,133,235
./benchmark_tests/original/Biere/bitcell_16_2/pec_bit_cell_arbiter_2_765.dqdimacs,134,235
./benchmark_tests/original/Biere/bitcell_16_2/pec_bit_cell_arbiter_2_765.dqdimacs,135,236
./benchmark_tests/original/Biere/bitcell_16_2/pec_bit_cell_arbiter_2_765.dqdimacs,136,235
./benchmark_tests/original/Biere/bitcell_16_2/pec_bit_cell_arbiter_2_771.dqdimacs,3,359
./benchmark_tests/original/Biere/bitcell_16_2/pec_bit_cell_arbiter_2_771.dqdimacs,5,354
./benchmark_tests/original/Biere/bitcell_16_2/pec_bit_cell_arbiter_2_771.dqdimacs,7,355
./benchmark_tests/original/Biere/bitcell_16_2/pec_bit_cell_arbiter_2_771.dqdimacs,9,352
./benchmark_tests/original/Biere/bitcell_16_2/pec_bit_cell_arbiter_2_771.dqdimacs,11,333
./benchmark_tests/original/Biere/bitcell_16_2/pec_bit_cell_arbiter_2_771.dqdimacs,14,275
./benchmark_tests/original/Biere/bitcell_16_2/pec_bit_cell_arbiter_2_771.dqdimacs,16,215
./benchmark_tests/original/Biere/bitcell_16_2/pec_bit_cell_arbiter_2_771.dqdimacs,17,185
./benchmark_tests/original/Biere/bitcell_16_2/pec_bit_cell_arbiter_2_771.dqdimacs,18,174
./benchmark_tests/original/Biere/bitcell_16_2/pec_bit_cell_arbiter_2_771.dqdimacs,19,174
./benchmark_tests/original/Biere/bitcell_16_2/pec_bit_cell_arbiter_2_771.dqdimacs,20,200
./benchmark_tests/original/Biere/bitcell_16_2/pec_bit_cell_arbiter_2_771.dqdimacs,21,175
./benchmark_tests/original/Biere/bitcell_16_2/pec_bit_cell_arbiter_2_771.dqdimacs,22,175
./benchmark_tests/original/Biere/bitcell_16_2/pec_bit_cell_arbiter_2_771.dqdimacs,23,174
./benchmark_tests/original/Biere/bitcell_16_2/pec_bit_cell_arbiter_2_771.dqdimacs,24,175
./benchmark_tests/original/Biere/bitcell_16_2/pec_bit_cell_arbiter_2_771.dqdimacs,25,174
./benchmark_tests/original/Biere/bitcell_16_2/pec_bit_cell_arbiter_2_771.dqdimacs,26,175
./benchmark_tests/original/Biere/bitcell_16_2/pec_bit_cell_arbiter_2_771.dqdimacs,27,175
./benchmark_tests/original/Biere/bitcell_16_2/pec_bit_cell_arbiter_2_771.dqdimacs,30,180
./benchmark_tests/original/Biere/bitcell_16_2/pec_bit_cell_arbiter_2_771.dqdimacs,32,187
./benchmark_tests/original/Biere/bitcell_16_2/pec_bit_cell_arbiter_2_771.dqdimacs,34,188
./benchmark_tests/original/Biere/bitcell_16_2/pec_bit_cell_arbiter_2_771.dqdimacs,36,187
./benchmark_tests/original/Biere/bitcell_16_2/pec_bit_cell_arbiter_2_771.dqdimacs,38,187
./benchmark_tests/original/Biere/bitcell_16_2/pec_bit_cell_arbiter_2_771.dqdimacs,40,188
./benchmark_tests/original/Biere/bitcell_16_2/pec_bit_cell_arbiter_2_771.dqdimacs,42,187
./benchmark_tests/original/Biere/bitcell_16_2/pec_bit_cell_arbiter_2_771.dqdimacs,44,186
./benchmark_tests/original/Biere/bitcell_16_2/pec_bit_cell_arbiter_2_771.dqdimacs,45,188
./benchmark_tests/original/Biere/bitcell_16_2/pec_bit_cell_arbiter_2_771.dqdimacs,46,187
./benchmark_tests/original/Biere/bitcell_16_2/pec_bit_cell_arbiter_2_771.dqdimacs,47,187
./benchmark_tests/original/Biere/bitcell_16_2/pec_bit_cell_arbiter_2_771.dqdimacs,48,188
./benchmark_tests/original/Biere/bitcell_16_2/pec_bit_cell_arbiter_2_771.dqdimacs,49,188
./benchmark_tests/original/Biere/bitcell_16_2/pec_bit_cell_arbiter_2_771.dqdimacs,50,189
./benchmark_tests/original/Biere/bitcell_16_2/pec_bit_cell_arbiter_2_771.dqdimacs,51,188
./benchmark_tests/original/Biere/bitcell_16_2/pec_bit_cell_arbiter_2_771.dqdimacs,52,188
./benchmark_tests/original/Biere/bitcell_16_2/pec_bit_cell_arbiter_2_771.dqdimacs,53,188
./benchmark_tests/original/Biere/bitcell_16_2/pec_bit_cell_arbiter_2_771.dqdimacs,54,188
./benchmark_tests/original/Biere/bitcell_16_2/pec_bit_cell_arbiter_2_771.dqdimacs,55,189
./benchmark_tests/original/Biere/bitcell_16_2/pec_bit_cell_arbiter_2_771.dqdimacs,56,187
./benchmark_tests/original/Biere/bitcell_16_2/pec_bit_cell_arbiter_2_771.dqdimacs,57,186
./benchmark_tests/original/Biere/bitcell_16_2/pec_bit_cell_arbiter_2_771.dqdimacs,58,186
./benchmark_tests/original/Biere/bitcell_16_2/pec_bit_cell_arbiter_2_771.dqdimacs,59,186
./benchmark_tests/original/Biere/bitcell_16_2/pec_bit_cell_arbiter_2_771.dqdimacs,60,189
./benchmark_tests/original/Biere/bitcell_16_2/pec_bit_cell_arbiter_2_771.dqdimacs,61,188
./benchmark_tests/original/Biere/bitcell_16_2/pec_bit_cell_arbiter_2_771.dqdimacs,62,186
./benchmark_tests/original/Biere/bitcell_16_2/pec_bit_cell_arbiter_2_771.dqdimacs,63,188
./benchmark_tests/original/Biere/bitcell_16_2/pec_bit_cell_arbiter_2_771.dqdimacs,64,187
./benchmark_tests/original/Biere/bitcell_16_2/pec_bit_cell_arbiter_2_771.dqdimacs,65,187
./benchmark_tests/original/Biere/bitcell_16_2/pec_bit_cell_arbiter_2_771.dqdimacs,66,188
./benchmark_tests/original/Biere/bitcell_16_2/pec_bit_cell_arbiter_2_771.dqdimacs,67,186
./benchmark_tests/original/Biere/bitcell_16_2/pec_bit_cell_arbiter_2_771.dqdimacs,68,186
./benchmark_tests/original/Biere/bitcell_16_2/pec_bit_cell_arbiter_2_771.dqdimacs,69,187
./benchmark_tests/original/Biere/bitcell_16_2/pec_bit_cell_arbiter_2_771.dqdimacs,70,188
./benchmark_tests/original/Biere/bitcell_16_2/pec_bit_cell_arbiter_2_771.dqdimacs,71,186
./benchmark_tests/original/Biere/bitcell_16_2/pec_bit_cell_arbiter_2_771.dqdimacs,72,189
./benchmark_tests/original/Biere/bitcell_16_2/pec_bit_cell_arbiter_2_771.dqdimacs,73,187
./benchmark_tests/original/Biere/bitcell_16_2/pec_bit_cell_arbiter_2_771.dqdimacs,74,187
./benchmark_tests/original/Biere/bitcell_16_2/pec_bit_cell_arbiter_2_771.dqdimacs,75,186
./benchmark_tests/original/Biere/bitcell_16_2/pec_bit_cell_arbiter_2_771.dqdimacs,76,189
./benchmark_tests/original/Biere/bitcell_16_2/pec_bit_cell_arbiter_2_771.dqdimacs,77,188
./benchmark_tests/original/Biere/bitcell_16_2/pec_bit_cell_arbiter_2_771.dqdimacs,78,187
./benchmark_tests/original/Biere/bitcell_16_2/pec_bit_cell_arbiter_2_771.dqdimacs,79,187
./benchmark_tests/original/Biere/bitcell_16_2/pec_bit_cell_arbiter_2_771.dqdimacs,80,187
./benchmark_tests/original/Biere/bitcell_16_2/pec_bit_cell_arbiter_2_771.dqdimacs,81,187
./benchmark_tests/original/Biere/bitcell_16_2/pec_bit_cell_arbiter_2_771.dqdimacs,82,189
./benchmark_tests/original/Biere/bitcell_16_2/pec_bit_cell_arbiter_2_771.dqdimacs,83,188
./benchmark_tests/original/Biere/bitcell_16_2/pec_bit_cell_arbiter_2_771.dqdimacs,84,188
./benchmark_tests/original/Biere/bitcell_16_2/pec_bit_cell_arbiter_2_771.dqdimacs,85,187
./benchmark_tests/original/Biere/bitcell_16_2/pec_bit_cell_arbiter_2_771.dqdimacs,86,187
./benchmark_tests/original/Biere/bitcell_16_2/pec_bit_cell_arbiter_2_771.dqdimacs,87,188
./benchmark_tests/original/Biere/bitcell_16_2/pec_bit_cell_arbiter_2_771.dqdimacs,88,186
./benchmark_tests/original/Biere/bitcell_16_2/pec_bit_cell_arbiter_2_771.dqdimacs,89,186
./benchmark_tests/original/Biere/bitcell_16_2/pec_bit_cell_arbiter_2_771.dqdimacs,90,187
./benchmark_tests/original/Biere/bitcell_16_2/pec_bit_cell_arbiter_2_771.dqdimacs,91,187
./benchmark_tests/original/Biere/bitcell_16_2/pec_bit_cell_arbiter_2_771.dqdimacs,92,189
./benchmark_tests/original/Biere/bitcell_16_2/pec_bit_cell_arbiter_2_771.dqdimacs,93,189
./benchmark_tests/original/Biere/bitcell_16_2/pec_bit_cell_arbiter_2_771.dqdimacs,94,188
./benchmark_tests/original/Biere/bitcell_16_2/pec_bit_cell_arbiter_2_771.dqdimacs,95,188
./benchmark_tests/original/Biere/bitcell_16_2/pec_bit_cell_arbiter_2_771.dqdimacs,96,187
./benchmark_tests/original/Biere/bitcell_16_2/pec_bit_cell_arbiter_2_771.dqdimacs,97,186
./benchmark_tests/original/Biere/bitcell_16_2/pec_bit_cell_arbiter_2_771.dqdimacs,98,188
./benchmark_tests/original/Biere/bitcell_16_2/pec_bit_cell_arbiter_2_771.dqdimacs,99,188
./benchmark_tests/original/Biere/bitcell_16_2/pec_bit_cell_arbiter_2_771.dqdimacs,100,187
./benchmark_tests/original/Biere/bitcell_16_2/pec_bit_cell_arbiter_2_771.dqdimacs,101,186
./benchmark_tests/original/Biere/bitcell_16_2/pec_bit_cell_arbiter_2_771.dqdimacs,102,187
./benchmark_tests/original/Biere/bitcell_16_2/pec_bit_cell_arbiter_2_771.dqdimacs,103,188
./benchmark_tests/original/Biere/bitcell_16_2/pec_bit_cell_arbiter_2_771.dqdimacs,104,188
./benchmark_tests/original/Biere/bitcell_16_2/pec_bit_cell_arbiter_2_771.dqdimacs,105,187
./benchmark_tests/original/Biere/bitcell_16_2/pec_bit_cell_arbiter_2_771.dqdimacs,106,188
./benchmark_tests/original/Biere/bitcell_16_2/pec_bit_cell_arbiter_2_771.dqdimacs,107,186
./benchmark_tests/original/Biere/bitcell_16_2/pec_bit_cell_arbiter_2_771.dqdimacs,108,187
./benchmark_tests/original/Biere/bitcell_16_2/pec_bit_cell_arbiter_2_771.dqdimacs,109,186
./benchmark_tests/original/Biere/bitcell_16_2/pec_bit_cell_arbiter_2_771.dqdimacs,110,187
./benchmark_tests/original/Biere/bitcell_16_2/pec_bit_cell_arbiter_2_771.dqdimacs,111,187
./benchmark_tests/original/Biere/bitcell_16_2/pec_bit_cell_arbiter_2_771.dqdimacs,112,186
./benchmark_tests/original/Biere/bitcell_16_2/pec_bit_cell_arbiter_2_771.dqdimacs,113,187
./benchmark_tests/original/Biere/bitcell_16_2/pec_bit_cell_arbiter_2_771.dqdimacs,114,188
./benchmark_tests/original/Biere/bitcell_16_2/pec_bit_cell_arbiter_2_771.dqdimacs,115,187
./benchmark_tests/original/Biere/bitcell_16_2/pec_bit_cell_arbiter_2_771.dqdimacs,116,188
./benchmark_tests/original/Biere/bitcell_16_2/pec_bit_cell_arbiter_2_771.dqdimacs,117,186
./benchmark_tests/original/Biere/bitcell_16_2/pec_bit_cell_arbiter_2_771.dqdimacs,118,187
./benchmark_tests/original/Biere/bitcell_16_2/pec_bit_cell_arbiter_2_771.dqdimacs,119,189
./benchmark_tests/original/Biere/bitcell_16_2/pec_bit_cell_arbiter_2_771.dqdimacs,120,186
./benchmark_tests/original/Biere/bitcell_16_2/pec_bit_cell_arbiter_2_771.dqdimacs,121,187
./benchmark_tests/original/Biere/bitcell_16_2/pec_bit_cell_arbiter_2_771.dqdimacs,122,186
./benchmark_tests/original/Biere/bitcell_16_2/pec_bit_cell_arbiter_2_771.dqdimacs,123,187
./benchmark_tests/original/Biere/bitcell_16_2/pec_bit_cell_arbiter_2_771.dqdimacs,124,188
./benchmark_tests/original/Biere/bitcell_16_2/pec_bit_cell_arbiter_2_771.dqdimacs,125,186
./benchmark_tests/original/Biere/bitcell_16_2/pec_bit_cell_arbiter_2_771.dqdimacs,126,187
./benchmark_tests/original/Biere/bitcell_16_2/pec_bit_cell_arbiter_2_771.dqdimacs,127,188
./benchmark_tests/original/Biere/bitcell_16_2/pec_bit_cell_arbiter_2_771.dqdimacs,128,187
./benchmark_tests/original/Biere/bitcell_16_2/pec_bit_cell_arbiter_2_771.dqdimacs,129,189
./benchmark_tests/original/Biere/bitcell_16_2/pec_bit_cell_arbiter_2_771.dqdimacs,130,186
./benchmark_tests/original/Biere/bitcell_16_2/pec_bit_cell_arbiter_2_771.dqdimacs,132,186
./benchmark_tests/original/Biere/bitcell_16_2/pec_bit_cell_arbiter_2_771.dqdimacs,133,189
./benchmark_tests/original/Biere/bitcell_16_2/pec_bit_cell_arbiter_2_771.dqdimacs,134,188
./benchmark_tests/original/Biere/bitcell_16_2/pec_bit_cell_arbiter_2_771.dqdimacs,135,188
./benchmark_tests/original/Biere/bitcell_16_2/pec_bit_cell_arbiter_2_771.dqdimacs,136,188
./benchmark_tests/original/Biere/bitcell_16_2/pec_bit_cell_arbiter_2_771.dqdimacs,137,187
./benchmark_tests/original/Biere/bitcell_16_2/pec_bit_cell_arbiter_2_771.dqdimacs,138,188
./benchmark_tests/original/Biere/bitcell_16_2/pec_bit_cell_arbiter_2_771.dqdimacs,139,188
./benchmark_tests/original/Biere/bitcell_16_2/pec_bit_cell_arbiter_2_771.dqdimacs,140,189
./benchmark_tests/original/Biere/bitcell_16_2/pec_bit_cell_arbiter_2_771.dqdimacs,141,189
./benchmark_tests/original/Biere/bitcell_16_2/pec_bit_cell_arbiter_2_775.dqdimacs,3,199
./benchmark_tests/original/Biere/bitcell_16_2/pec_bit_cell_arbiter_2_775.dqdimacs,4,196
./benchmark_tests/original/Biere/bitcell_16_2/pec_bit_cell_arbiter_2_775.dqdimacs,5,197
./benchmark_tests/original/Biere/bitcell_16_2/pec_bit_cell_arbiter_2_775.dqdimacs,6,239
./benchmark_tests/original/Biere/bitcell_16_2/pec_bit_cell_arbiter_2_775.dqdimacs,7,171
./benchmark_tests/original/Biere/bitcell_16_2/pec_bit_cell_arbiter_2_775.dqdimacs,10,169
./benchmark_tests/original/Biere/bitcell_16_2/pec_bit_cell_arbiter_2_775.dqdimacs,12,170
./benchmark_tests/original/Biere/bitcell_16_2/pec_bit_cell_arbiter_2_775.dqdimacs,14,166
./benchmark_tests/original/Biere/bitcell_16_2/pec_bit_cell_arbiter_2_775.dqdimacs,16,157
./benchmark_tests/original/Biere/bitcell_16_2/pec_bit_cell_arbiter_2_775.dqdimacs,18,145
./benchmark_tests/original/Biere/bitcell_16_2/pec_bit_cell_arbiter_2_775.dqdimacs,20,134
./benchmark_tests/original/Biere/bitcell_16_2/pec_bit_cell_arbiter_2_775.dqdimacs,22,121
./benchmark_tests/original/Biere/bitcell_16_2/pec_bit_cell_arbiter_2_775.dqdimacs,24,111
./benchmark_tests/original/Biere/bitcell_16_2/pec_bit_cell_arbiter_2_775.dqdimacs,26,103
./benchmark_tests/original/Biere/bitcell_16_2/pec_bit_cell_arbiter_2_775.dqdimacs,28,95
./benchmark_tests/original/Biere/bitcell_16_2/pec_bit_cell_arbiter_2_775.dqdimacs,29,91
./benchmark_tests/original/Biere/bitcell_16_2/pec_bit_cell_arbiter_2_775.dqdimacs,30,90
./benchmark_tests/original/Biere/bitcell_16_2/pec_bit_cell_arbiter_2_775.dqdimacs,31,96
./benchmark_tests/original/Biere/bitcell_16_2/pec_bit_cell_arbiter_2_775.dqdimacs,32,91
./benchmark_tests/original/Biere/bitcell_16_2/pec_bit_cell_arbiter_2_775.dqdimacs,33,91
./benchmark_tests/original/Biere/bitcell_16_2/pec_bit_cell_arbiter_2_775.dqdimacs,34,90
./benchmark_tests/original/Biere/bitcell_16_2/pec_bit_cell_arbiter_2_775.dqdimacs,35,92
./benchmark_tests/original/Biere/bitcell_16_2/pec_bit_cell_arbiter_2_775.dqdimacs,36,91
./benchmark_tests/original/Biere/bitcell_16_2/pec_bit_cell_arbiter_2_775.dqdimacs,37,91
./benchmark_tests/original/Biere/bitcell_16_2/pec_bit_cell_arbiter_2_775.dqdimacs,38,92
./benchmark_tests/original/Biere/bitcell_16_2/pec_bit_cell_arbiter_2_775.dqdimacs,39,91
./benchmark_tests/original/Biere/bitcell_16_2/pec_bit_cell_arbiter_2_775.dqdimacs,40,91
./benchmark_tests/original/Biere/bitcell_16_2/pec_bit_cell_arbiter_2_775.dqdimacs,41,91
./benchmark_tests/original/Biere/bitcell_16_2/pec_bit_cell_arbiter_2_775.dqdimacs,42,91
./benchmark_tests/original/Biere/bitcell_16_2/pec_bit_cell_arbiter_2_775.dqdimacs,43,90
./benchmark_tests/original/Biere/bitcell_16_2/pec_bit_cell_arbiter_2_775.dqdimacs,44,90
./benchmark_tests/original/Biere/bitcell_16_2/pec_bit_cell_arbiter_2_775.dqdimacs,46,91
./benchmark_tests/original/Biere/bitcell_16_2/pec_bit_cell_arbiter_2_775.dqdimacs,47,91
./benchmark_tests/original/Biere/bitcell_16_2/pec_bit_cell_arbiter_2_775.dqdimacs,48,90
./benchmark_tests/original/Biere/bitcell_16_2/pec_bit_cell_arbiter_2_775.dqdimacs,49,91
./benchmark_tests/original/Biere/bitcell_16_2/pec_bit_cell_arbiter_2_775.dqdimacs,50,91
./benchmark_tests/original/Biere/bitcell_16_2/pec_bit_cell_arbiter_2_775.dqdimacs,51,91
./benchmark_tests/original/Biere/bitcell_16_2/pec_bit_cell_arbiter_2_775.dqdimacs,52,91
./benchmark_tests/original/Biere/bitcell_16_2/pec_bit_cell_arbiter_2_775.dqdimacs,53,91
./benchmark_tests/original/Biere/bitcell_16_2/pec_bit_cell_arbiter_2_775.dqdimacs,54,91
./benchmark_tests/original/Biere/bitcell_16_2/pec_bit_cell_arbiter_2_775.dqdimacs,55,91
./benchmark_tests/original/Biere/bitcell_16_2/pec_bit_cell_arbiter_2_775.dqdimacs,56,91
./benchmark_tests/original/Biere/bitcell_16_2/pec_bit_cell_arbiter_2_775.dqdimacs,57,91
./benchmark_tests/original/Biere/bitcell_16_2/pec_bit_cell_arbiter_2_775.dqdimacs,58,91
./benchmark_tests/original/Biere/bitcell_16_2/pec_bit_cell_arbiter_2_775.dqdimacs,59,90
./benchmark_tests/original/Biere/bitcell_16_2/pec_bit_cell_arbiter_2_775.dqdimacs,60,91
./benchmark_tests/original/Biere/bitcell_16_2/pec_bit_cell_arbiter_2_775.dqdimacs,61,91
./benchmark_tests/original/Biere/bitcell_16_2/pec_bit_cell_arbiter_2_775.dqdimacs,62,90
./benchmark_tests/original/Biere/bitcell_16_2/pec_bit_cell_arbiter_2_775.dqdimacs,63,91
./benchmark_tests/original/Biere/bitcell_16_2/pec_bit_cell_arbiter_2_775.dqdimacs,64,90
./benchmark_tests/original/Biere/bitcell_16_2/pec_bit_cell_arbiter_2_775.dqdimacs,65,91
./benchmark_tests/original/Biere/bitcell_16_2/pec_bit_cell_arbiter_2_775.dqdimacs,66,90
./benchmark_tests/original/Biere/bitcell_16_2/pec_bit_cell_arbiter_2_775.dqdimacs,67,91
./benchmark_tests/original/Biere/bitcell_16_2/pec_bit_cell_arbiter_2_775.dqdimacs,68,91
./benchmark_tests/original/Biere/bitcell_16_2/pec_bit_cell_arbiter_2_775.dqdimacs,69,92
./benchmark_tests/original/Biere/bitcell_16_2/pec_bit_cell_arbiter_2_775.dqdimacs,70,91
./benchmark_tests/original/Biere/bitcell_16_2/pec_bit_cell_arbiter_2_775.dqdimacs,71,91
./benchmark_tests/original/Biere/bitcell_16_2/pec_bit_cell_arbiter_2_775.dqdimacs,72,91
./benchmark_tests/original/Biere/bitcell_16_2/pec_bit_cell_arbiter_2_775.dqdimacs,73,91
./benchmark_tests/original/Biere/bitcell_16_2/pec_bit_cell_arbiter_2_775.dqdimacs,74,91
./benchmark_tests/original/Biere/bitcell_16_2/pec_bit_cell_arbiter_2_775.dqdimacs,75,91
./benchmark_tests/original/Biere/bitcell_16_2/pec_bit_cell_arbiter_2_775.dqdimacs,76,91
./benchmark_tests/original/Biere/bitcell_16_2/pec_bit_cell_arbiter_2_775.dqdimacs,77,91
./benchmark_tests/original/Biere/bitcell_16_2/pec_bit_cell_arbiter_2_775.dqdimacs,78,91
./benchmark_tests/original/Biere/bitcell_16_2/pec_bit_cell_arbiter_2_775.dqdimacs,79,91
./benchmark_tests/original/Biere/bitcell_16_2/pec_bit_cell_arbiter_2_775.dqdimacs,80,91
./benchmark_tests/original/Biere/bitcell_16_2/pec_bit_cell_arbiter_2_775.dqdimacs,81,91
./benchmark_tests/original/Biere/bitcell_16_2/pec_bit_cell_arbiter_2_775.dqdimacs,82,91
./benchmark_tests/original/Biere/bitcell_16_2/pec_bit_cell_arbiter_2_775.dqdimacs,83,132
./benchmark_tests/original/Biere/bitcell_16_2/pec_bit_cell_arbiter_2_775.dqdimacs,84,167
./benchmark_tests/original/Biere/bitcell_16_2/pec_bit_cell_arbiter_2_775.dqdimacs,85,168
./benchmark_tests/original/Biere/bitcell_16_2/pec_bit_cell_arbiter_2_775.dqdimacs,86,166
./benchmark_tests/original/Biere/bitcell_16_2/pec_bit_cell_arbiter_2_775.dqdimacs,87,166
./benchmark_tests/original/Biere/bitcell_16_2/pec_bit_cell_arbiter_2_775.dqdimacs,88,168
./benchmark_tests/original/Biere/bitcell_16_2/pec_bit_cell_arbiter_2_775.dqdimacs,89,166
./benchmark_tests/original/Biere/bitcell_16_2/pec_bit_cell_arbiter_2_775.dqdimacs,90,167
./benchmark_tests/original/Biere/bitcell_16_2/pec_bit_cell_arbiter_2_775.dqdimacs,91,166
./benchmark_tests/original/Biere/bitcell_16_2/pec_bit_cell_arbiter_2_775.dqdimacs,92,158
./benchmark_tests/original/Biere/bitcell_16_2/pec_bit_cell_arbiter_2_775.dqdimacs,93,151
./benchmark_tests/original/Biere/bitcell_16_2/pec_bit_cell_arbiter_2_775.dqdimacs,94,133
./benchmark_tests/original/Biere/bitcell_16_2/pec_bit_cell_arbiter_2_775.dqdimacs,95,121
./benchmark_tests/original/Biere/bitcell_16_2/pec_bit_cell_arbiter_2_775.dqdimacs,96,111
./benchmark_tests/original/Biere/bitcell_16_2/pec_bit_cell_arbiter_2_775.dqdimacs,97,103
./benchmark_tests/original/Biere/bitcell_16_2/pec_bit_cell_arbiter_2_775.dqdimacs,98,96
./benchmark_tests/original/Biere/bitcell_16_2/pec_bit_cell_arbiter_2_775.dqdimacs,99,90
./benchmark_tests/original/Biere/bitcell_16_2/pec_bit_cell_arbiter_2_775.dqdimacs,101,90
./benchmark_tests/original/Biere/bitcell_16_2/pec_bit_cell_arbiter_2_775.dqdimacs,102,89
./benchmark_tests/original/Biere/bitcell_16_2/pec_bit_cell_arbiter_2_775.dqdimacs,103,90
./benchmark_tests/original/Biere/bitcell_16_2/pec_bit_cell_arbiter_2_775.dqdimacs,104,89
./benchmark_tests/original/Biere/bitcell_16_2/pec_bit_cell_arbiter_2_775.dqdimacs,105,89
./benchmark_tests/original/Biere/bitcell_16_2/pec_bit_cell_arbiter_2_775.dqdimacs,107,89
./benchmark_tests/original/Biere/bitcell_16_2/pec_bit_cell_arbiter_2_775.dqdimacs,108,89
./benchmark_tests/original/Biere/bitcell_16_2/pec_bit_cell_arbiter_2_775.dqdimacs,109,89
./benchmark_tests/original/Biere/bitcell_16_2/pec_bit_cell_arbiter_2_775.dqdimacs,110,89
./benchmark_tests/original/Biere/bitcell_16_2/pec_bit_cell_arbiter_2_775.dqdimacs,111,90
./benchmark_tests/original/Biere/bitcell_16_2/pec_bit_cell_arbiter_2_775.dqdimacs,112,89
./benchmark_tests/original/Biere/bitcell_16_2/pec_bit_cell_arbiter_2_775.dqdimacs,113,90
./benchmark_tests/original/Biere/bitcell_16_2/pec_bit_cell_arbiter_2_775.dqdimacs,115,89
./benchmark_tests/original/Biere/bitcell_16_2/pec_bit_cell_arbiter_2_775.dqdimacs,116,89
./benchmark_tests/original/Biere/bitcell_16_2/pec_bit_cell_arbiter_2_775.dqdimacs,117,89
./benchmark_tests/original/Biere/bitcell_16_2/pec_bit_cell_arbiter_2_775.dqdimacs,118,89
./benchmark_tests/original/Biere/bitcell_16_2/pec_bit_cell_arbiter_2_775.dqdimacs,119,90
./benchmark_tests/original/Biere/bitcell_16_2/pec_bit_cell_arbiter_2_775.dqdimacs,120,90
./benchmark_tests/original/Biere/bitcell_16_2/pec_bit_cell_arbiter_2_775.dqdimacs,121,90
./benchmark_tests/original/Biere/bitcell_16_2/pec_bit_cell_arbiter_2_775.dqdimacs,123,89
./benchmark_tests/original/Biere/bitcell_16_2/pec_bit_cell_arbiter_2_775.dqdimacs,124,89
./benchmark_tests/original/Biere/bitcell_16_2/pec_bit_cell_arbiter_2_775.dqdimacs,125,89
./benchmark_tests/original/Biere/bitcell_16_2/pec_bit_cell_arbiter_2_775.dqdimacs,126,90
./benchmark_tests/original/Biere/bitcell_16_2/pec_bit_cell_arbiter_2_775.dqdimacs,127,90
./benchmark_tests/original/Biere/bitcell_16_2/pec_bit_cell_arbiter_2_775.dqdimacs,128,90
./benchmark_tests/original/Biere/bitcell_16_2/pec_bit_cell_arbiter_2_775.dqdimacs,129,90
./benchmark_tests/original/Biere/bitcell_16_2/pec_bit_cell_arbiter_2_775.dqdimacs,131,89
./benchmark_tests/original/Biere/bitcell_16_2/pec_bit_cell_arbiter_2_775.dqdimacs,132,89
./benchmark_tests/original/Biere/bitcell_16_2/pec_bit_cell_arbiter_2_775.dqdimacs,133,90
./benchmark_tests/original/Biere/bitcell_16_2/pec_bit_cell_arbiter_2_775.dqdimacs,134,90
./benchmark_tests/original/Biere/bitcell_16_2/pec_bit_cell_arbiter_2_775.dqdimacs,135,90
./benchmark_tests/original/Biere/bitcell_16_2/pec_bit_cell_arbiter_2_775.dqdimacs,136,90
./benchmark_tests/original/Biere/bitcell_16_2/pec_bit_cell_arbiter_2_775.dqdimacs,137,89
./benchmark_tests/original/Biere/bitcell_16_2/pec_bit_cell_arbiter_2_775.dqdimacs,138,89
./benchmark_tests/original/Biere/bitcell_16_2/pec_bit_cell_arbiter_2_775.dqdimacs,139,89
./benchmark_tests/original/Biere/bitcell_16_2/pec_bit_cell_arbiter_2_775.dqdimacs,140,89
./benchmark_tests/original/Biere/bitcell_16_2/pec_bit_cell_arbiter_2_775.dqdimacs,141,90
./benchmark_tests/original/Biere/bitcell_16_2/pec_bit_cell_arbiter_2_775.dqdimacs,142,88
./benchmark_tests/original/Biere/bitcell_16_2/pec_bit_cell_arbiter_2_78.dqdimacs,3,176
./benchmark_tests/original/Biere/bitcell_16_2/pec_bit_cell_arbiter_2_78.dqdimacs,5,169
./benchmark_tests/original/Biere/bitcell_16_2/pec_bit_cell_arbiter_2_78.dqdimacs,7,171
./benchmark_tests/original/Biere/bitcell_16_2/pec_bit_cell_arbiter_2_78.dqdimacs,9,170
./benchmark_tests/original/Biere/bitcell_16_2/pec_bit_cell_arbiter_2_78.dqdimacs,11,167
./benchmark_tests/original/Biere/bitcell_16_2/pec_bit_cell_arbiter_2_78.dqdimacs,13,167
./benchmark_tests/original/Biere/bitcell_16_2/pec_bit_cell_arbiter_2_78.dqdimacs,14,168
./benchmark_tests/original/Biere/bitcell_16_2/pec_bit_cell_arbiter_2_78.dqdimacs,15,168
./benchmark_tests/original/Biere/bitcell_16_2/pec_bit_cell_arbiter_2_78.dqdimacs,16,168
./benchmark_tests/original/Biere/bitcell_16_2/pec_bit_cell_arbiter_2_78.dqdimacs,17,159
./benchmark_tests/original/Biere/bitcell_16_2/pec_bit_cell_arbiter_2_78.dqdimacs,18,145
./benchmark_tests/original/Biere/bitcell_16_2/pec_bit_cell_arbiter_2_78.dqdimacs,19,162
./benchmark_tests/original/Biere/bitcell_16_2/pec_bit_cell_arbiter_2_78.dqdimacs,20,102
./benchmark_tests/original/Biere/bitcell_16_2/pec_bit_cell_arbiter_2_78.dqdimacs,21,93
./benchmark_tests/original/Biere/bitcell_16_2/pec_bit_cell_arbiter_2_78.dqdimacs,22,87
./benchmark_tests/original/Biere/bitcell_16_2/pec_bit_cell_arbiter_2_78.dqdimacs,25,82
./benchmark_tests/original/Biere/bitcell_16_2/pec_bit_cell_arbiter_2_78.dqdimacs,27,77
./benchmark_tests/original/Biere/bitcell_16_2/pec_bit_cell_arbiter_2_78.dqdimacs,29,84
./benchmark_tests/original/Biere/bitcell_16_2/pec_bit_cell_arbiter_2_78.dqdimacs,31,90
./benchmark_tests/original/Biere/bitcell_16_2/pec_bit_cell_arbiter_2_78.dqdimacs,33,90
./benchmark_tests/original/Biere/bitcell_16_2/pec_bit_cell_arbiter_2_78.dqdimacs,35,89
./benchmark_tests/original/Biere/bitcell_16_2/pec_bit_cell_arbiter_2_78.dqdimacs,37,90
./benchmark_tests/original/Biere/bitcell_16_2/pec_bit_cell_arbiter_2_78.dqdimacs,39,91
./benchmark_tests/original/Biere/bitcell_16_2/pec_bit_cell_arbiter_2_78.dqdimacs,41,89
./benchmark_tests/original/Biere/bitcell_16_2/pec_bit_cell_arbiter_2_78.dqdimacs,43,91
./benchmark_tests/original/Biere/bitcell_16_2/pec_bit_cell_arbiter_2_78.dqdimacs,44,91
./benchmark_tests/original/Biere/bitcell_16_2/pec_bit_cell_arbiter_2_78.dqdimacs,45,91
./benchmark_tests/original/Biere/bitcell_16_2/pec_bit_cell_arbiter_2_78.dqdimacs,46,89
./benchmark_tests/original/Biere/bitcell_16_2/pec_bit_cell_arbiter_2_78.dqdimacs,47,91
./benchmark_tests/original/Biere/bitcell_16_2/pec_bit_cell_arbiter_2_78.dqdimacs,48,90
./benchmark_tests/original/Biere/bitcell_16_2/pec_bit_cell_arbiter_2_78.dqdimacs,49,90
./benchmark_tests/original/Biere/bitcell_16_2/pec_bit_cell_arbiter_2_78.dqdimacs,50,90
./benchmark_tests/original/Biere/bitcell_16_2/pec_bit_cell_arbiter_2_78.dqdimacs,51,90
./benchmark_tests/original/Biere/bitcell_16_2/pec_bit_cell_arbiter_2_78.dqdimacs,52,90
./benchmark_tests/original/Biere/bitcell_16_2/pec_bit_cell_arbiter_2_78.dqdimacs,53,90
./benchmark_tests/original/Biere/bitcell_16_2/pec_bit_cell_arbiter_2_78.dqdimacs,54,91
./benchmark_tests/original/Biere/bitcell_16_2/pec_bit_cell_arbiter_2_78.dqdimacs,55,90
./benchmark_tests/original/Biere/bitcell_16_2/pec_bit_cell_arbiter_2_78.dqdimacs,56,92
./benchmark_tests/original/Biere/bitcell_16_2/pec_bit_cell_arbiter_2_78.dqdimacs,57,89
./benchmark_tests/original/Biere/bitcell_16_2/pec_bit_cell_arbiter_2_78.dqdimacs,58,91
./benchmark_tests/original/Biere/bitcell_16_2/pec_bit_cell_arbiter_2_78.dqdimacs,59,90
./benchmark_tests/original/Biere/bitcell_16_2/pec_bit_cell_arbiter_2_78.dqdimacs,60,90
./benchmark_tests/original/Biere/bitcell_16_2/pec_bit_cell_arbiter_2_78.dqdimacs,61,89
./benchmark_tests/original/Biere/bitcell_16_2/pec_bit_cell_arbiter_2_78.dqdimacs,62,89
./benchmark_tests/original/Biere/bitcell_16_2/pec_bit_cell_arbiter_2_78.dqdimacs,63,89
./benchmark_tests/original/Biere/bitcell_16_2/pec_bit_cell_arbiter_2_78.dqdimacs,64,91
./benchmark_tests/original/Biere/bitcell_16_2/pec_bit_cell_arbiter_2_78.dqdimacs,65,90
./benchmark_tests/original/Biere/bitcell_16_2/pec_bit_cell_arbiter_2_78.dqdimacs,66,90
./benchmark_tests/original/Biere/bitcell_16_2/pec_bit_cell_arbiter_2_78.dqdimacs,67,91
./benchmark_tests/original/Biere/bitcell_16_2/pec_bit_cell_arbiter_2_78.dqdimacs,68,90
./benchmark_tests/original/Biere/bitcell_16_2/pec_bit_cell_arbiter_2_78.dqdimacs,69,90
./benchmark_tests/original/Biere/bitcell_16_2/pec_bit_cell_arbiter_2_78.dqdimacs,70,90
./benchmark_tests/original/Biere/bitcell_16_2/pec_bit_cell_arbiter_2_78.dqdimacs,71,92
./benchmark_tests/original/Biere/bitcell_16_2/pec_bit_cell_arbiter_2_78.dqdimacs,72,91
./benchmark_tests/original/Biere/bitcell_16_2/pec_bit_cell_arbiter_2_78.dqdimacs,73,90
./benchmark_tests/original/Biere/bitcell_16_2/pec_bit_cell_arbiter_2_78.dqdimacs,74,90
./benchmark_tests/original/Biere/bitcell_16_2/pec_bit_cell_arbiter_2_78.dqdimacs,75,89
./benchmark_tests/original/Biere/bitcell_16_2/pec_bit_cell_arbiter_2_78.dqdimacs,76,90
./benchmark_tests/original/Biere/bitcell_16_2/pec_bit_cell_arbiter_2_78.dqdimacs,77,90
./benchmark_tests/original/Biere/bitcell_16_2/pec_bit_cell_arbiter_2_78.dqdimacs,78,90
./benchmark_tests/original/Biere/bitcell_16_2/pec_bit_cell_arbiter_2_78.dqdimacs,79,90
./benchmark_tests/original/Biere/bitcell_16_2/pec_bit_cell_arbiter_2_78.dqdimacs,80,90
./benchmark_tests/original/Biere/bitcell_16_2/pec_bit_cell_arbiter_2_78.dqdimacs,81,92
./benchmark_tests/original/Biere/bitcell_16_2/pec_bit_cell_arbiter_2_78.dqdimacs,82,91
./benchmark_tests/original/Biere/bitcell_16_2/pec_bit_cell_arbiter_2_78.dqdimacs,83,91
./benchmark_tests/original/Biere/bitcell_16_2/pec_bit_cell_arbiter_2_78.dqdimacs,84,91
./benchmark_tests/original/Biere/bitcell_16_2/pec_bit_cell_arbiter_2_78.dqdimacs,85,90
./benchmark_tests/original/Biere/bitcell_16_2/pec_bit_cell_arbiter_2_78.dqdimacs,86,91
./benchmark_tests/original/Biere/bitcell_16_2/pec_bit_cell_arbiter_2_78.dqdimacs,87,91
./benchmark_tests/original/Biere/bitcell_16_2/pec_bit_cell_arbiter_2_78.dqdimacs,88,90
./benchmark_tests/original/Biere/bitcell_16_2/pec_bit_cell_arbiter_2_78.dqdimacs,89,90
./benchmark_tests/original/Biere/bitcell_16_2/pec_bit_cell_arbiter_2_78.dqdimacs,90,91
./benchmark_tests/original/Biere/bitcell_16_2/pec_bit_cell_arbiter_2_78.dqdimacs,91,89
./benchmark_tests/original/Biere/bitcell_16_2/pec_bit_cell_arbiter_2_78.dqdimacs,92,90
./benchmark_tests/original/Biere/bitcell_16_2/pec_bit_cell_arbiter_2_78.dqdimacs,93,91
./benchmark_tests/original/Biere/bitcell_16_2/pec_bit_cell_arbiter_2_78.dqdimacs,94,90
./benchmark_tests/original/Biere/bitcell_16_2/pec_bit_cell_arbiter_2_78.dqdimacs,95,90
./benchmark_tests/original/Biere/bitcell_16_2/pec_bit_cell_arbiter_2_78.dqdimacs,96,91
./benchmark_tests/original/Biere/bitcell_16_2/pec_bit_cell_arbiter_2_78.dqdimacs,97,91
./benchmark_tests/original/Biere/bitcell_16_2/pec_bit_cell_arbiter_2_78.dqdimacs,98,91
./benchmark_tests/original/Biere/bitcell_16_2/pec_bit_cell_arbiter_2_78.dqdimacs,99,90
./benchmark_tests/original/Biere/bitcell_16_2/pec_bit_cell_arbiter_2_78.dqdimacs,100,91
./benchmark_tests/original/Biere/bitcell_16_2/pec_bit_cell_arbiter_2_78.dqdimacs,101,91
./benchmark_tests/original/Biere/bitcell_16_2/pec_bit_cell_arbiter_2_78.dqdimacs,102,91
./benchmark_tests/original/Biere/bitcell_16_2/pec_bit_cell_arbiter_2_78.dqdimacs,103,91
./benchmark_tests/original/Biere/bitcell_16_2/pec_bit_cell_arbiter_2_78.dqdimacs,104,90
./benchmark_tests/original/Biere/bitcell_16_2/pec_bit_cell_arbiter_2_78.dqdimacs,105,90
./benchmark_tests/original/Biere/bitcell_16_2/pec_bit_cell_arbiter_2_78.dqdimacs,107,90
./benchmark_tests/original/Biere/bitcell_16_2/pec_bit_cell_arbiter_2_78.dqdimacs,108,91
./benchmark_tests/original/Biere/bitcell_16_2/pec_bit_cell_arbiter_2_78.dqdimacs,109,91
./benchmark_tests/original/Biere/bitcell_16_2/pec_bit_cell_arbiter_2_78.dqdimacs,110,91
./benchmark_tests/original/Biere/bitcell_16_2/pec_bit_cell_arbiter_2_78.dqdimacs,111,90
./benchmark_tests/original/Biere/bitcell_16_2/pec_bit_cell_arbiter_2_78.dqdimacs,112,90
./benchmark_tests/original/Biere/bitcell_16_2/pec_bit_cell_arbiter_2_78.dqdimacs,113,91
./benchmark_tests/original/Biere/bitcell_16_2/pec_bit_cell_arbiter_2_78.dqdimacs,114,92
./benchmark_tests/original/Biere/bitcell_16_2/pec_bit_cell_arbiter_2_78.dqdimacs,115,91
./benchmark_tests/original/Biere/bitcell_16_2/pec_bit_cell_arbiter_2_806.dqdimacs,3,80
./benchmark_tests/original/Biere/bitcell_16_2/pec_bit_cell_arbiter_2_806.dqdimacs,5,73
./benchmark_tests/original/Biere/bitcell_16_2/pec_bit_cell_arbiter_2_806.dqdimacs,7,73
./benchmark_tests/original/Biere/bitcell_16_2/pec_bit_cell_arbiter_2_806.dqdimacs,9,73
./benchmark_tests/original/Biere/bitcell_16_2/pec_bit_cell_arbiter_2_806.dqdimacs,10,73
./benchmark_tests/original/Biere/bitcell_16_2/pec_bit_cell_arbiter_2_806.dqdimacs,11,73
./benchmark_tests/original/Biere/bitcell_16_2/pec_bit_cell_arbiter_2_806.dqdimacs,12,73
./benchmark_tests/original/Biere/bitcell_16_2/pec_bit_cell_arbiter_2_806.dqdimacs,13,73
./benchmark_tests/original/Biere/bitcell_16_2/pec_bit_cell_arbiter_2_806.dqdimacs,14,73
./benchmark_tests/original/Biere/bitcell_16_2/pec_bit_cell_arbiter_2_806.dqdimacs,15,115
./benchmark_tests/original/Biere/bitcell_16_2/pec_bit_cell_arbiter_2_806.dqdimacs,16,49
./benchmark_tests/original/Biere/bitcell_16_2/pec_bit_cell_arbiter_2_806.dqdimacs,19,48
./benchmark_tests/original/Biere/bitcell_16_2/pec_bit_cell_arbiter_2_806.dqdimacs,20,48
./benchmark_tests/original/Biere/bitcell_16_2/pec_bit_cell_arbiter_2_806.dqdimacs,21,49
./benchmark_tests/original/Biere/bitcell_16_2/pec_bit_cell_arbiter_2_806.dqdimacs,22,48
./benchmark_tests/original/Biere/bitcell_16_2/pec_bit_cell_arbiter_2_806.dqdimacs,23,49
./benchmark_tests/original/Biere/bitcell_16_2/pec_bit_cell_arbiter_2_806.dqdimacs,24,48
./benchmark_tests/original/Biere/bitcell_16_2/pec_bit_cell_arbiter_2_806.dqdimacs,25,48
./benchmark_tests/original/Biere/bitcell_16_2/pec_bit_cell_arbiter_2_806.dqdimacs,26,47
./benchmark_tests/original/Biere/bitcell_16_2/pec_bit_cell_arbiter_2_806.dqdimacs,27,48
./benchmark_tests/original/Biere/bitcell_16_2/pec_bit_cell_arbiter_2_806.dqdimacs,28,47
./benchmark_tests/original/Biere/bitcell_16_2/pec_bit_cell_arbiter_2_806.dqdimacs,29,47
./benchmark_tests/original/Biere/bitcell_16_2/pec_bit_cell_arbiter_2_806.dqdimacs,30,47
./benchmark_tests/original/Biere/bitcell_16_2/pec_bit_cell_arbiter_2_806.dqdimacs,31,48
./benchmark_tests/original/Biere/bitcell_16_2/pec_bit_cell_arbiter_2_806.dqdimacs,32,47
./benchmark_tests/original/Biere/bitcell_16_2/pec_bit_cell_arbiter_2_806.dqdimacs,33,46
./benchmark_tests/original/Biere/bitcell_16_2/pec_bit_cell_arbiter_2_806.dqdimacs,34,45
./benchmark_tests/original/Biere/bitcell_16_2/pec_bit_cell_arbiter_2_806.dqdimacs,35,45
./benchmark_tests/original/Biere/bitcell_16_2/pec_bit_cell_arbiter_2_806.dqdimacs,36,43
./benchmark_tests/original/Biere/bitcell_16_2/pec_bit_cell_arbiter_2_806.dqdimacs,37,50
./benchmark_tests/original/Biere/bitcell_16_2/pec_bit_cell_arbiter_2_806.dqdimacs,38,41
./benchmark_tests/original/Biere/bitcell_16_2/pec_bit_cell_arbiter_2_806.dqdimacs,39,40
./benchmark_tests/original/Biere/bitcell_16_2/pec_bit_cell_arbiter_2_806.dqdimacs,41,39
./benchmark_tests/original/Biere/bitcell_16_2/pec_bit_cell_arbiter_2_806.dqdimacs,42,38
./benchmark_tests/original/Biere/bitcell_16_2/pec_bit_cell_arbiter_2_806.dqdimacs,43,37
./benchmark_tests/original/Biere/bitcell_16_2/pec_bit_cell_arbiter_2_806.dqdimacs,45,37
./benchmark_tests/original/Biere/bitcell_16_2/pec_bit_cell_arbiter_2_806.dqdimacs,46,35
./benchmark_tests/original/Biere/bitcell_16_2/pec_bit_cell_arbiter_2_806.dqdimacs,47,34
./benchmark_tests/original/Biere/bitcell_16_2/pec_bit_cell_arbiter_2_806.dqdimacs,48,33
./benchmark_tests/original/Biere/bitcell_16_2/pec_bit_cell_arbiter_2_806.dqdimacs,49,33
./benchmark_tests/original/Biere/bitcell_16_2/pec_bit_cell_arbiter_2_806.dqdimacs,51,31
./benchmark_tests/original/Biere/bitcell_16_2/pec_bit_cell_arbiter_2_806.dqdimacs,52,31
./benchmark_tests/original/Biere/bitcell_16_2/pec_bit_cell_arbiter_2_806.dqdimacs,53,30
./benchmark_tests/original/Biere/bitcell_16_2/pec_bit_cell_arbiter_2_806.dqdimacs,54,30
./benchmark_tests/original/Biere/bitcell_16_2/pec_bit_cell_arbiter_2_806.dqdimacs,55,30
./benchmark_tests/original/Biere/bitcell_16_2/pec_bit_cell_arbiter_2_806.dqdimacs,57,29
./benchmark_tests/original/Biere/bitcell_16_2/pec_bit_cell_arbiter_2_806.dqdimacs,58,28
./benchmark_tests/original/Biere/bitcell_16_2/pec_bit_cell_arbiter_2_806.dqdimacs,59,27
./benchmark_tests/original/Biere/bitcell_16_2/pec_bit_cell_arbiter_2_806.dqdimacs,60,27
./benchmark_tests/original/Biere/bitcell_16_2/pec_bit_cell_arbiter_2_806.dqdimacs,61,27
./benchmark_tests/original/Biere/bitcell_16_2/pec_bit_cell_arbiter_2_806.dqdimacs,63,26
./benchmark_tests/original/Biere/bitcell_16_2/pec_bit_cell_arbiter_2_806.dqdimacs,64,26
./benchmark_tests/original/Biere/bitcell_16_2/pec_bit_cell_arbiter_2_806.dqdimacs,65,26
./benchmark_tests/original/Biere/bitcell_16_2/pec_bit_cell_arbiter_2_806.dqdimacs,66,26
./benchmark_tests/original/Biere/bitcell_16_2/pec_bit_cell_arbiter_2_806.dqdimacs,67,27
./benchmark_tests/original/Biere/bitcell_16_2/pec_bit_cell_arbiter_2_806.dqdimacs,69,26
./benchmark_tests/original/Biere/bitcell_16_2/pec_bit_cell_arbiter_2_806.dqdimacs,70,26
./benchmark_tests/original/Biere/bitcell_16_2/pec_bit_cell_arbiter_2_806.dqdimacs,71,26
./benchmark_tests/original/Biere/bitcell_16_2/pec_bit_cell_arbiter_2_806.dqdimacs,72,26
./benchmark_tests/original/Biere/bitcell_16_2/pec_bit_cell_arbiter_2_806.dqdimacs,73,27
./benchmark_tests/original/Biere/bitcell_16_2/pec_bit_cell_arbiter_2_806.dqdimacs,75,26
./benchmark_tests/original/Biere/bitcell_16_2/pec_bit_cell_arbiter_2_806.dqdimacs,76,26
./benchmark_tests/original/Biere/bitcell_16_2/pec_bit_cell_arbiter_2_806.dqdimacs,77,26
./benchmark_tests/original/Biere/bitcell_16_2/pec_bit_cell_arbiter_2_806.dqdimacs,78,26
./benchmark_tests/original/Biere/bitcell_16_2/pec_bit_cell_arbiter_2_806.dqdimacs,79,26
./benchmark_tests/original/Biere/bitcell_16_2/pec_bit_cell_arbiter_2_806.dqdimacs,81,26
./benchmark_tests/original/Biere/bitcell_16_2/pec_bit_cell_arbiter_2_806.dqdimacs,82,26
./benchmark_tests/original/Biere/bitcell_16_2/pec_bit_cell_arbiter_2_806.dqdimacs,83,26
./benchmark_tests/original/Biere/bitcell_16_2/pec_bit_cell_arbiter_2_806.dqdimacs,84,26
./benchmark_tests/original/Biere/bitcell_16_2/pec_bit_cell_arbiter_2_806.dqdimacs,85,27
./benchmark_tests/original/Biere/bitcell_16_2/pec_bit_cell_arbiter_2_806.dqdimacs,87,26
./benchmark_tests/original/Biere/bitcell_16_2/pec_bit_cell_arbiter_2_806.dqdimacs,88,28
./benchmark_tests/original/Biere/bitcell_16_2/pec_bit_cell_arbiter_2_806.dqdimacs,89,26
./benchmark_tests/original/Biere/bitcell_16_2/pec_bit_cell_arbiter_2_806.dqdimacs,90,26
./benchmark_tests/original/Biere/bitcell_16_2/pec_bit_cell_arbiter_2_806.dqdimacs,91,27
./benchmark_tests/original/Biere/bitcell_16_2/pec_bit_cell_arbiter_2_806.dqdimacs,93,26
./benchmark_tests/original/Biere/bitcell_16_2/pec_bit_cell_arbiter_2_806.dqdimacs,94,26
./benchmark_tests/original/Biere/bitcell_16_2/pec_bit_cell_arbiter_2_806.dqdimacs,95,26
./benchmark_tests/original/Biere/bitcell_16_2/pec_bit_cell_arbiter_2_806.dqdimacs,96,26
./benchmark_tests/original/Biere/bitcell_16_2/pec_bit_cell_arbiter_2_806.dqdimacs,97,27
./benchmark_tests/original/Biere/bitcell_16_2/pec_bit_cell_arbiter_2_806.dqdimacs,99,26
./benchmark_tests/original/Biere/bitcell_16_2/pec_bit_cell_arbiter_2_806.dqdimacs,100,26
./benchmark_tests/original/Biere/bitcell_16_2/pec_bit_cell_arbiter_2_806.dqdimacs,101,27
./benchmark_tests/original/Biere/bitcell_16_2/pec_bit_cell_arbiter_2_806.dqdimacs,102,27
./benchmark_tests/original/Biere/bitcell_16_2/pec_bit_cell_arbiter_2_806.dqdimacs,103,27
./benchmark_tests/original/Biere/bitcell_16_2/pec_bit_cell_arbiter_2_806.dqdimacs,105,26
./benchmark_tests/original/Biere/bitcell_16_2/pec_bit_cell_arbiter_2_806.dqdimacs,106,27
./benchmark_tests/original/Biere/bitcell_16_2/pec_bit_cell_arbiter_2_806.dqdimacs,107,27
./benchmark_tests/original/Biere/bitcell_16_2/pec_bit_cell_arbiter_2_806.dqdimacs,108,27
./benchmark_tests/original/Biere/bitcell_16_2/pec_bit_cell_arbiter_2_806.dqdimacs,109,27
./benchmark_tests/original/Biere/bitcell_16_2/pec_bit_cell_arbiter_2_806.dqdimacs,110,27
./benchmark_tests/original/Biere/bitcell_16_2/pec_bit_cell_arbiter_2_806.dqdimacs,111,27
./benchmark_tests/original/Biere/bitcell_16_2/pec_bit_cell_arbiter_2_806.dqdimacs,112,27
./benchmark_tests/original/Biere/bitcell_16_2/pec_bit_cell_arbiter_2_806.dqdimacs,113,27
./benchmark_tests/original/Biere/bitcell_16_2/pec_bit_cell_arbiter_2_806.dqdimacs,114,27
./benchmark_tests/original/Biere/bitcell_16_2/pec_bit_cell_arbiter_2_806.dqdimacs,115,27
./benchmark_tests/original/Biere/bitcell_16_2/pec_bit_cell_arbiter_2_808.dqdimacs,3,194
./benchmark_tests/original/Biere/bitcell_16_2/pec_bit_cell_arbiter_2_808.dqdimacs,5,191
./benchmark_tests/original/Biere/bitcell_16_2/pec_bit_cell_arbiter_2_808.dqdimacs,7,190
./benchmark_tests/original/Biere/bitcell_16_2/pec_bit_cell_arbiter_2_808.dqdimacs,9,190
./benchmark_tests/original/Biere/bitcell_16_2/pec_bit_cell_arbiter_2_808.dqdimacs,11,190
./benchmark_tests/original/Biere/bitcell_16_2/pec_bit_cell_arbiter_2_808.dqdimacs,13,192
./benchmark_tests/original/Biere/bitcell_16_2/pec_bit_cell_arbiter_2_808.dqdimacs,16,192
./benchmark_tests/original/Biere/bitcell_16_2/pec_bit_cell_arbiter_2_808.dqdimacs,18,185
./benchmark_tests/original/Biere/bitcell_16_2/pec_bit_cell_arbiter_2_808.dqdimacs,20,154
./benchmark_tests/original/Biere/bitcell_16_2/pec_bit_cell_arbiter_2_808.dqdimacs,22,143
./benchmark_tests/original/Biere/bitcell_16_2/pec_bit_cell_arbiter_2_808.dqdimacs,24,131
./benchmark_tests/original/Biere/bitcell_16_2/pec_bit_cell_arbiter_2_808.dqdimacs,26,119
./benchmark_tests/original/Biere/bitcell_16_2/pec_bit_cell_arbiter_2_808.dqdimacs,27,111
./benchmark_tests/original/Biere/bitcell_16_2/pec_bit_cell_arbiter_2_808.dqdimacs,28,102
./benchmark_tests/original/Biere/bitcell_16_2/pec_bit_cell_arbiter_2_808.dqdimacs,29,124
./benchmark_tests/original/Biere/bitcell_16_2/pec_bit_cell_arbiter_2_808.dqdimacs,30,101
./benchmark_tests/original/Biere/bitcell_16_2/pec_bit_cell_arbiter_2_808.dqdimacs,31,101
./benchmark_tests/original/Biere/bitcell_16_2/pec_bit_cell_arbiter_2_808.dqdimacs,32,101
./benchmark_tests/original/Biere/bitcell_16_2/pec_bit_cell_arbiter_2_808.dqdimacs,33,101
./benchmark_tests/original/Biere/bitcell_16_2/pec_bit_cell_arbiter_2_808.dqdimacs,34,101
./benchmark_tests/original/Biere/bitcell_16_2/pec_bit_cell_arbiter_2_808.dqdimacs,35,101
./benchmark_tests/original/Biere/bitcell_16_2/pec_bit_cell_arbiter_2_808.dqdimacs,36,102
./benchmark_tests/original/Biere/bitcell_16_2/pec_bit_cell_arbiter_2_808.dqdimacs,37,101
./benchmark_tests/original/Biere/bitcell_16_2/pec_bit_cell_arbiter_2_808.dqdimacs,38,102
./benchmark_tests/original/Biere/bitcell_16_2/pec_bit_cell_arbiter_2_808.dqdimacs,39,101
./benchmark_tests/original/Biere/bitcell_16_2/pec_bit_cell_arbiter_2_808.dqdimacs,40,101
./benchmark_tests/original/Biere/bitcell_16_2/pec_bit_cell_arbiter_2_808.dqdimacs,41,102
./benchmark_tests/original/Biere/bitcell_16_2/pec_bit_cell_arbiter_2_808.dqdimacs,42,102
./benchmark_tests/original/Biere/bitcell_16_2/pec_bit_cell_arbiter_2_808.dqdimacs,45,101
./benchmark_tests/original/Biere/bitcell_16_2/pec_bit_cell_arbiter_2_808.dqdimacs,46,102
./benchmark_tests/original/Biere/bitcell_16_2/pec_bit_cell_arbiter_2_808.dqdimacs,47,101
./benchmark_tests/original/Biere/bitcell_16_2/pec_bit_cell_arbiter_2_808.dqdimacs,48,101
./benchmark_tests/original/Biere/bitcell_16_2/pec_bit_cell_arbiter_2_808.dqdimacs,49,101
./benchmark_tests/original/Biere/bitcell_16_2/pec_bit_cell_arbiter_2_808.dqdimacs,50,103
./benchmark_tests/original/Biere/bitcell_16_2/pec_bit_cell_arbiter_2_808.dqdimacs,51,101
./benchmark_tests/original/Biere/bitcell_16_2/pec_bit_cell_arbiter_2_808.dqdimacs,52,101
./benchmark_tests/original/Biere/bitcell_16_2/pec_bit_cell_arbiter_2_808.dqdimacs,53,101
./benchmark_tests/original/Biere/bitcell_16_2/pec_bit_cell_arbiter_2_808.dqdimacs,54,102
./benchmark_tests/original/Biere/bitcell_16_2/pec_bit_cell_arbiter_2_808.dqdimacs,55,102
./benchmark_tests/original/Biere/bitcell_16_2/pec_bit_cell_arbiter_2_808.dqdimacs,56,102
./benchmark_tests/original/Biere/bitcell_16_2/pec_bit_cell_arbiter_2_808.dqdimacs,57,102
./benchmark_tests/original/Biere/bitcell_16_2/pec_bit_cell_arbiter_2_808.dqdimacs,58,102
./benchmark_tests/original/Biere/bitcell_16_2/pec_bit_cell_arbiter_2_808.dqdimacs,59,101
./benchmark_tests/original/Biere/bitcell_16_2/pec_bit_cell_arbiter_2_808.dqdimacs,60,102
./benchmark_tests/original/Biere/bitcell_16_2/pec_bit_cell_arbiter_2_808.dqdimacs,61,101
./benchmark_tests/original/Biere/bitcell_16_2/pec_bit_cell_arbiter_2_808.dqdimacs,62,101
./benchmark_tests/original/Biere/bitcell_16_2/pec_bit_cell_arbiter_2_808.dqdimacs,63,101
./benchmark_tests/original/Biere/bitcell_16_2/pec_bit_cell_arbiter_2_808.dqdimacs,64,101
./benchmark_tests/original/Biere/bitcell_16_2/pec_bit_cell_arbiter_2_808.dqdimacs,65,101
./benchmark_tests/original/Biere/bitcell_16_2/pec_bit_cell_arbiter_2_808.dqdimacs,66,102
./benchmark_tests/original/Biere/bitcell_16_2/pec_bit_cell_arbiter_2_808.dqdimacs,67,101
./benchmark_tests/original/Biere/bitcell_16_2/pec_bit_cell_arbiter_2_808.dqdimacs,68,102
./benchmark_tests/original/Biere/bitcell_16_2/pec_bit_cell_arbiter_2_808.dqdimacs,69,102
./benchmark_tests/original/Biere/bitcell_16_2/pec_bit_cell_arbiter_2_808.dqdimacs,70,102
./benchmark_tests/original/Biere/bitcell_16_2/pec_bit_cell_arbiter_2_808.dqdimacs,71,101
./benchmark_tests/original/Biere/bitcell_16_2/pec_bit_cell_arbiter_2_808.dqdimacs,72,101
./benchmark_tests/original/Biere/bitcell_16_2/pec_bit_cell_arbiter_2_808.dqdimacs,73,101
./benchmark_tests/original/Biere/bitcell_16_2/pec_bit_cell_arbiter_2_808.dqdimacs,74,102
./benchmark_tests/original/Biere/bitcell_16_2/pec_bit_cell_arbiter_2_808.dqdimacs,75,101
./benchmark_tests/original/Biere/bitcell_16_2/pec_bit_cell_arbiter_2_808.dqdimacs,76,101
./benchmark_tests/original/Biere/bitcell_16_2/pec_bit_cell_arbiter_2_808.dqdimacs,77,101
./benchmark_tests/original/Biere/bitcell_16_2/pec_bit_cell_arbiter_2_808.dqdimacs,78,101
./benchmark_tests/original/Biere/bitcell_16_2/pec_bit_cell_arbiter_2_808.dqdimacs,79,102
./benchmark_tests/original/Biere/bitcell_16_2/pec_bit_cell_arbiter_2_808.dqdimacs,80,102
./benchmark_tests/original/Biere/bitcell_16_2/pec_bit_cell_arbiter_2_808.dqdimacs,81,101
./benchmark_tests/original/Biere/bitcell_16_2/pec_bit_cell_arbiter_2_808.dqdimacs,82,101
./benchmark_tests/original/Biere/bitcell_16_2/pec_bit_cell_arbiter_2_808.dqdimacs,83,101
./benchmark_tests/original/Biere/bitcell_16_2/pec_bit_cell_arbiter_2_808.dqdimacs,84,102
./benchmark_tests/original/Biere/bitcell_16_2/pec_bit_cell_arbiter_2_808.dqdimacs,85,101
./benchmark_tests/original/Biere/bitcell_16_2/pec_bit_cell_arbiter_2_808.dqdimacs,86,101
./benchmark_tests/original/Biere/bitcell_16_2/pec_bit_cell_arbiter_2_808.dqdimacs,87,101
./benchmark_tests/original/Biere/bitcell_16_2/pec_bit_cell_arbiter_2_808.dqdimacs,88,101
./benchmark_tests/original/Biere/bitcell_16_2/pec_bit_cell_arbiter_2_808.dqdimacs,89,101
./benchmark_tests/original/Biere/bitcell_16_2/pec_bit_cell_arbiter_2_808.dqdimacs,90,101
./benchmark_tests/original/Biere/bitcell_16_2/pec_bit_cell_arbiter_2_808.dqdimacs,91,101
./benchmark_tests/original/Biere/bitcell_16_2/pec_bit_cell_arbiter_2_808.dqdimacs,92,100
./benchmark_tests/original/Biere/bitcell_16_2/pec_bit_cell_arbiter_2_808.dqdimacs,93,101
./benchmark_tests/original/Biere/bitcell_16_2/pec_bit_cell_arbiter_2_808.dqdimacs,94,100
./benchmark_tests/original/Biere/bitcell_16_2/pec_bit_cell_arbiter_2_808.dqdimacs,95,102
./benchmark_tests/original/Biere/bitcell_16_2/pec_bit_cell_arbiter_2_808.dqdimacs,96,101
./benchmark_tests/original/Biere/bitcell_16_2/pec_bit_cell_arbiter_2_808.dqdimacs,97,101
./benchmark_tests/original/Biere/bitcell_16_2/pec_bit_cell_arbiter_2_808.dqdimacs,98,101
./benchmark_tests/original/Biere/bitcell_16_2/pec_bit_cell_arbiter_2_808.dqdimacs,99,102
./benchmark_tests/original/Biere/bitcell_16_2/pec_bit_cell_arbiter_2_808.dqdimacs,100,102
./benchmark_tests/original/Biere/bitcell_16_2/pec_bit_cell_arbiter_2_808.dqdimacs,102,102
./benchmark_tests/original/Biere/bitcell_16_2/pec_bit_cell_arbiter_2_808.dqdimacs,103,101
./benchmark_tests/original/Biere/bitcell_16_2/pec_bit_cell_arbiter_2_808.dqdimacs,104,102
./benchmark_tests/original/Biere/bitcell_16_2/pec_bit_cell_arbiter_2_808.dqdimacs,105,102
./benchmark_tests/original/Biere/bitcell_16_2/pec_bit_cell_arbiter_2_808.dqdimacs,106,102
./benchmark_tests/original/Biere/bitcell_16_2/pec_bit_cell_arbiter_2_808.dqdimacs,107,102
./benchmark_tests/original/Biere/bitcell_16_2/pec_bit_cell_arbiter_2_808.dqdimacs,108,101
./benchmark_tests/original/Biere/bitcell_16_2/pec_bit_cell_arbiter_2_808.dqdimacs,109,102
./benchmark_tests/original/Biere/bitcell_16_2/pec_bit_cell_arbiter_2_808.dqdimacs,110,102
./benchmark_tests/original/Biere/bitcell_16_2/pec_bit_cell_arbiter_2_808.dqdimacs,111,103
./benchmark_tests/original/Biere/bitcell_16_2/pec_bit_cell_arbiter_2_808.dqdimacs,112,102
./benchmark_tests/original/Biere/bitcell_16_2/pec_bit_cell_arbiter_2_808.dqdimacs,114,101
./benchmark_tests/original/Biere/bitcell_16_2/pec_bit_cell_arbiter_2_808.dqdimacs,115,101
./benchmark_tests/original/Biere/bitcell_16_2/pec_bit_cell_arbiter_2_808.dqdimacs,116,102
./benchmark_tests/original/Biere/bitcell_16_2/pec_bit_cell_arbiter_2_808.dqdimacs,117,102
./benchmark_tests/original/Biere/bitcell_16_2/pec_bit_cell_arbiter_2_808.dqdimacs,118,103
./benchmark_tests/original/Biere/bitcell_16_2/pec_bit_cell_arbiter_2_808.dqdimacs,120,101
./benchmark_tests/original/Biere/bitcell_16_2/pec_bit_cell_arbiter_2_808.dqdimacs,121,102
./benchmark_tests/original/Biere/bitcell_16_2/pec_bit_cell_arbiter_2_808.dqdimacs,122,101
./benchmark_tests/original/Biere/bitcell_16_2/pec_bit_cell_arbiter_2_808.dqdimacs,123,103
./benchmark_tests/original/Biere/bitcell_16_2/pec_bit_cell_arbiter_2_808.dqdimacs,124,102
./benchmark_tests/original/Biere/bitcell_16_2/pec_bit_cell_arbiter_2_808.dqdimacs,125,102
./benchmark_tests/original/Biere/bitcell_16_2/pec_bit_cell_arbiter_2_808.dqdimacs,126,103
./benchmark_tests/original/Biere/bitcell_16_2/pec_bit_cell_arbiter_2_808.dqdimacs,127,101
./benchmark_tests/original/Biere/bitcell_16_2/pec_bit_cell_arbiter_2_808.dqdimacs,128,101
./benchmark_tests/original/Biere/bitcell_16_2/pec_bit_cell_arbiter_2_808.dqdimacs,129,102
./benchmark_tests/original/Biere/bitcell_16_2/pec_bit_cell_arbiter_2_808.dqdimacs,130,101
./benchmark_tests/original/Biere/bitcell_16_2/pec_bit_cell_arbiter_2_808.dqdimacs,131,102
./benchmark_tests/original/Biere/bitcell_16_2/pec_bit_cell_arbiter_2_808.dqdimacs,132,102
./benchmark_tests/original/Biere/bitcell_16_2/pec_bit_cell_arbiter_2_827.dqdimacs,3,315
./benchmark_tests/original/Biere/bitcell_16_2/pec_bit_cell_arbiter_2_827.dqdimacs,5,309
./benchmark_tests/original/Biere/bitcell_16_2/pec_bit_cell_arbiter_2_827.dqdimacs,7,304
./benchmark_tests/original/Biere/bitcell_16_2/pec_bit_cell_arbiter_2_827.dqdimacs,9,289
./benchmark_tests/original/Biere/bitcell_16_2/pec_bit_cell_arbiter_2_827.dqdimacs,11,308
./benchmark_tests/original/Biere/bitcell_16_2/pec_bit_cell_arbiter_2_827.dqdimacs,13,280
./benchmark_tests/original/Biere/bitcell_16_2/pec_bit_cell_arbiter_2_827.dqdimacs,15,237
./benchmark_tests/original/Biere/bitcell_16_2/pec_bit_cell_arbiter_2_827.dqdimacs,17,202
./benchmark_tests/original/Biere/bitcell_16_2/pec_bit_cell_arbiter_2_827.dqdimacs,18,174
./benchmark_tests/original/Biere/bitcell_16_2/pec_bit_cell_arbiter_2_827.dqdimacs,19,163
./benchmark_tests/original/Biere/bitcell_16_2/pec_bit_cell_arbiter_2_827.dqdimacs,20,163
./benchmark_tests/original/Biere/bitcell_16_2/pec_bit_cell_arbiter_2_827.dqdimacs,21,164
./benchmark_tests/original/Biere/bitcell_16_2/pec_bit_cell_arbiter_2_827.dqdimacs,22,164
./benchmark_tests/original/Biere/bitcell_16_2/pec_bit_cell_arbiter_2_827.dqdimacs,23,163
./benchmark_tests/original/Biere/bitcell_16_2/pec_bit_cell_arbiter_2_827.dqdimacs,24,163
./benchmark_tests/original/Biere/bitcell_16_2/pec_bit_cell_arbiter_2_827.dqdimacs,25,164
./benchmark_tests/original/Biere/bitcell_16_2/pec_bit_cell_arbiter_2_827.dqdimacs,26,164
./benchmark_tests/original/Biere/bitcell_16_2/pec_bit_cell_arbiter_2_827.dqdimacs,27,188
./benchmark_tests/original/Biere/bitcell_16_2/pec_bit_cell_arbiter_2_827.dqdimacs,28,165
./benchmark_tests/original/Biere/bitcell_16_2/pec_bit_cell_arbiter_2_827.dqdimacs,31,164
./benchmark_tests/original/Biere/bitcell_16_2/pec_bit_cell_arbiter_2_827.dqdimacs,34,165
./benchmark_tests/original/Biere/bitcell_16_2/pec_bit_cell_arbiter_2_827.dqdimacs,36,163
./benchmark_tests/original/Biere/bitcell_16_2/pec_bit_cell_arbiter_2_827.dqdimacs,38,165
./benchmark_tests/original/Biere/bitcell_16_2/pec_bit_cell_arbiter_2_827.dqdimacs,40,163
./benchmark_tests/original/Biere/bitcell_16_2/pec_bit_cell_arbiter_2_827.dqdimacs,41,164
./benchmark_tests/original/Biere/bitcell_16_2/pec_bit_cell_arbiter_2_827.dqdimacs,42,164
./benchmark_tests/original/Biere/bitcell_16_2/pec_bit_cell_arbiter_2_827.dqdimacs,43,164
./benchmark_tests/original/Biere/bitcell_16_2/pec_bit_cell_arbiter_2_827.dqdimacs,44,164
./benchmark_tests/original/Biere/bitcell_16_2/pec_bit_cell_arbiter_2_827.dqdimacs,45,164
./benchmark_tests/original/Biere/bitcell_16_2/pec_bit_cell_arbiter_2_827.dqdimacs,46,164
./benchmark_tests/original/Biere/bitcell_16_2/pec_bit_cell_arbiter_2_827.dqdimacs,47,164
./benchmark_tests/original/Biere/bitcell_16_2/pec_bit_cell_arbiter_2_827.dqdimacs,48,164
./benchmark_tests/original/Biere/bitcell_16_2/pec_bit_cell_arbiter_2_827.dqdimacs,49,165
./benchmark_tests/original/Biere/bitcell_16_2/pec_bit_cell_arbiter_2_827.dqdimacs,50,165
./benchmark_tests/original/Biere/bitcell_16_2/pec_bit_cell_arbiter_2_827.dqdimacs,51,166
./benchmark_tests/original/Biere/bitcell_16_2/pec_bit_cell_arbiter_2_827.dqdimacs,52,163
./benchmark_tests/original/Biere/bitcell_16_2/pec_bit_cell_arbiter_2_827.dqdimacs,53,165
./benchmark_tests/original/Biere/bitcell_16_2/pec_bit_cell_arbiter_2_827.dqdimacs,54,163
./benchmark_tests/original/Biere/bitcell_16_2/pec_bit_cell_arbiter_2_827.dqdimacs,55,163
./benchmark_tests/original/Biere/bitcell_16_2/pec_bit_cell_arbiter_2_827.dqdimacs,56,163
./benchmark_tests/original/Biere/bitcell_16_2/pec_bit_cell_arbiter_2_827.dqdimacs,57,163
./benchmark_tests/original/Biere/bitcell_16_2/pec_bit_cell_arbiter_2_827.dqdimacs,58,163
./benchmark_tests/original/Biere/bitcell_16_2/pec_bit_cell_arbiter_2_827.dqdimacs,59,163
./benchmark_tests/original/Biere/bitcell_16_2/pec_bit_cell_arbiter_2_827.dqdimacs,60,163
./benchmark_tests/original/Biere/bitcell_16_2/pec_bit_cell_arbiter_2_827.dqdimacs,61,163
./benchmark_tests/original/Biere/bitcell_16_2/pec_bit_cell_arbiter_2_827.dqdimacs,62,163
./benchmark_tests/original/Biere/bitcell_16_2/pec_bit_cell_arbiter_2_827.dqdimacs,63,164
./benchmark_tests/original/Biere/bitcell_16_2/pec_bit_cell_arbiter_2_827.dqdimacs,64,165
./benchmark_tests/original/Biere/bitcell_16_2/pec_bit_cell_arbiter_2_827.dqdimacs,65,164
./benchmark_tests/original/Biere/bitcell_16_2/pec_bit_cell_arbiter_2_827.dqdimacs,66,164
./benchmark_tests/original/Biere/bitcell_16_2/pec_bit_cell_arbiter_2_827.dqdimacs,67,164
./benchmark_tests/original/Biere/bitcell_16_2/pec_bit_cell_arbiter_2_827.dqdimacs,68,164
./benchmark_tests/original/Biere/bitcell_16_2/pec_bit_cell_arbiter_2_827.dqdimacs,69,165
./benchmark_tests/original/Biere/bitcell_16_2/pec_bit_cell_arbiter_2_827.dqdimacs,70,164
./benchmark_tests/original/Biere/bitcell_16_2/pec_bit_cell_arbiter_2_827.dqdimacs,71,164
./benchmark_tests/original/Biere/bitcell_16_2/pec_bit_cell_arbiter_2_827.dqdimacs,72,165
./benchmark_tests/original/Biere/bitcell_16_2/pec_bit_cell_arbiter_2_827.dqdimacs,73,165
./benchmark_tests/original/Biere/bitcell_16_2/pec_bit_cell_arbiter_2_827.dqdimacs,74,164
./benchmark_tests/original/Biere/bitcell_16_2/pec_bit_cell_arbiter_2_827.dqdimacs,76,164
./benchmark_tests/original/Biere/bitcell_16_2/pec_bit_cell_arbiter_2_827.dqdimacs,77,164
./benchmark_tests/original/Biere/bitcell_16_2/pec_bit_cell_arbiter_2_827.dqdimacs,78,164
./benchmark_tests/original/Biere/bitcell_16_2/pec_bit_cell_arbiter_2_827.dqdimacs,79,165
./benchmark_tests/original/Biere/bitcell_16_2/pec_bit_cell_arbiter_2_827.dqdimacs,80,163
./benchmark_tests/original/Biere/bitcell_16_2/pec_bit_cell_arbiter_2_827.dqdimacs,81,163
./benchmark_tests/original/Biere/bitcell_16_2/pec_bit_cell_arbiter_2_827.dqdimacs,82,163
./benchmark_tests/original/Biere/bitcell_16_2/pec_bit_cell_arbiter_2_827.dqdimacs,83,164
./benchmark_tests/original/Biere/bitcell_16_2/pec_bit_cell_arbiter_2_827.dqdimacs,84,164
./benchmark_tests/original/Biere/bitcell_16_2/pec_bit_cell_arbiter_2_827.dqdimacs,85,164
./benchmark_tests/original/Biere/bitcell_16_2/pec_bit_cell_arbiter_2_827.dqdimacs,86,164
./benchmark_tests/original/Biere/bitcell_16_2/pec_bit_cell_arbiter_2_827.dqdimacs,87,164
./benchmark_tests/original/Biere/bitcell_16_2/pec_bit_cell_arbiter_2_827.dqdimacs,88,164
./benchmark_tests/original/Biere/bitcell_16_2/pec_bit_cell_arbiter_2_827.dqdimacs,89,164
./benchmark_tests/original/Biere/bitcell_16_2/pec_bit_cell_arbiter_2_827.dqdimacs,90,164
./benchmark_tests/original/Biere/bitcell_16_2/pec_bit_cell_arbiter_2_827.dqdimacs,91,164
./benchmark_tests/original/Biere/bitcell_16_2/pec_bit_cell_arbiter_2_827.dqdimacs,92,163
./benchmark_tests/original/Biere/bitcell_16_2/pec_bit_cell_arbiter_2_827.dqdimacs,93,164
./benchmark_tests/original/Biere/bitcell_16_2/pec_bit_cell_arbiter_2_827.dqdimacs,94,164
./benchmark_tests/original/Biere/bitcell_16_2/pec_bit_cell_arbiter_2_827.dqdimacs,95,163
./benchmark_tests/original/Biere/bitcell_16_2/pec_bit_cell_arbiter_2_827.dqdimacs,96,163
./benchmark_tests/original/Biere/bitcell_16_2/pec_bit_cell_arbiter_2_827.dqdimacs,97,165
./benchmark_tests/original/Biere/bitcell_16_2/pec_bit_cell_arbiter_2_827.dqdimacs,98,165
./benchmark_tests/original/Biere/bitcell_16_2/pec_bit_cell_arbiter_2_827.dqdimacs,99,165
./benchmark_tests/original/Biere/bitcell_16_2/pec_bit_cell_arbiter_2_827.dqdimacs,100,165
./benchmark_tests/original/Biere/bitcell_16_2/pec_bit_cell_arbiter_2_827.dqdimacs,101,165
./benchmark_tests/original/Biere/bitcell_16_2/pec_bit_cell_arbiter_2_827.dqdimacs,102,165
./benchmark_tests/original/Biere/bitcell_16_2/pec_bit_cell_arbiter_2_827.dqdimacs,103,165
./benchmark_tests/original/Biere/bitcell_16_2/pec_bit_cell_arbiter_2_827.dqdimacs,104,165
./benchmark_tests/original/Biere/bitcell_16_2/pec_bit_cell_arbiter_2_827.dqdimacs,105,164
./benchmark_tests/original/Biere/bitcell_16_2/pec_bit_cell_arbiter_2_827.dqdimacs,106,164
./benchmark_tests/original/Biere/bitcell_16_2/pec_bit_cell_arbiter_2_827.dqdimacs,107,164
./benchmark_tests/original/Biere/bitcell_16_2/pec_bit_cell_arbiter_2_827.dqdimacs,108,166
./benchmark_tests/original/Biere/bitcell_16_2/pec_bit_cell_arbiter_2_827.dqdimacs,109,165
./benchmark_tests/original/Biere/bitcell_16_2/pec_bit_cell_arbiter_2_827.dqdimacs,110,165
./benchmark_tests/original/Biere/bitcell_16_2/pec_bit_cell_arbiter_2_827.dqdimacs,112,165
./benchmark_tests/original/Biere/bitcell_16_2/pec_bit_cell_arbiter_2_827.dqdimacs,113,165
./benchmark_tests/original/Biere/bitcell_16_2/pec_bit_cell_arbiter_2_827.dqdimacs,114,165
./benchmark_tests/original/Biere/bitcell_16_2/pec_bit_cell_arbiter_2_827.dqdimacs,115,165
./benchmark_tests/original/Biere/bitcell_16_2/pec_bit_cell_arbiter_2_827.dqdimacs,116,165
./benchmark_tests/original/Biere/bitcell_16_2/pec_bit_cell_arbiter_2_827.dqdimacs,118,165
./benchmark_tests/original/Biere/bitcell_16_2/pec_bit_cell_arbiter_2_827.dqdimacs,119,165
./benchmark_tests/original/Biere/bitcell_16_2/pec_bit_cell_arbiter_2_827.dqdimacs,120,164
./benchmark_tests/original/Biere/bitcell_16_2/pec_bit_cell_arbiter_2_827.dqdimacs,121,165
./benchmark_tests/original/Biere/bitcell_16_2/pec_bit_cell_arbiter_2_827.dqdimacs,122,165
./benchmark_tests/original/Biere/bitcell_16_2/pec_bit_cell_arbiter_2_827.dqdimacs,123,165
./benchmark_tests/original/Biere/bitcell_16_2/pec_bit_cell_arbiter_2_827.dqdimacs,124,166
./benchmark_tests/original/Biere/bitcell_16_2/pec_bit_cell_arbiter_2_827.dqdimacs,125,164
./benchmark_tests/original/Biere/bitcell_16_2/pec_bit_cell_arbiter_2_827.dqdimacs,126,164
./benchmark_tests/original/Biere/bitcell_16_2/pec_bit_cell_arbiter_2_827.dqdimacs,127,165
./benchmark_tests/original/Biere/bitcell_16_2/pec_bit_cell_arbiter_2_827.dqdimacs,128,164
./benchmark_tests/original/Biere/bitcell_16_2/pec_bit_cell_arbiter_2_827.dqdimacs,129,165
./benchmark_tests/original/Biere/bitcell_16_2/pec_bit_cell_arbiter_2_827.dqdimacs,130,165
./benchmark_tests/original/Biere/bitcell_16_2/pec_bit_cell_arbiter_2_829.dqdimacs,3,276
./benchmark_tests/original/Biere/bitcell_16_2/pec_bit_cell_arbiter_2_829.dqdimacs,5,272
./benchmark_tests/original/Biere/bitcell_16_2/pec_bit_cell_arbiter_2_829.dqdimacs,7,268
./benchmark_tests/original/Biere/bitcell_16_2/pec_bit_cell_arbiter_2_829.dqdimacs,8,247
./benchmark_tests/original/Biere/bitcell_16_2/pec_bit_cell_arbiter_2_829.dqdimacs,9,248
./benchmark_tests/original/Biere/bitcell_16_2/pec_bit_cell_arbiter_2_829.dqdimacs,10,249
./benchmark_tests/original/Biere/bitcell_16_2/pec_bit_cell_arbiter_2_829.dqdimacs,11,244
./benchmark_tests/original/Biere/bitcell_16_2/pec_bit_cell_arbiter_2_829.dqdimacs,12,242
./benchmark_tests/original/Biere/bitcell_16_2/pec_bit_cell_arbiter_2_829.dqdimacs,13,178
./benchmark_tests/original/Biere/bitcell_16_2/pec_bit_cell_arbiter_2_829.dqdimacs,16,157
./benchmark_tests/original/Biere/bitcell_16_2/pec_bit_cell_arbiter_2_829.dqdimacs,18,145
./benchmark_tests/original/Biere/bitcell_16_2/pec_bit_cell_arbiter_2_829.dqdimacs,20,144
./benchmark_tests/original/Biere/bitcell_16_2/pec_bit_cell_arbiter_2_829.dqdimacs,22,145
./benchmark_tests/original/Biere/bitcell_16_2/pec_bit_cell_arbiter_2_829.dqdimacs,24,145
./benchmark_tests/original/Biere/bitcell_16_2/pec_bit_cell_arbiter_2_829.dqdimacs,26,145
./benchmark_tests/original/Biere/bitcell_16_2/pec_bit_cell_arbiter_2_829.dqdimacs,29,144
./benchmark_tests/original/Biere/bitcell_16_2/pec_bit_cell_arbiter_2_829.dqdimacs,31,144
./benchmark_tests/original/Biere/bitcell_16_2/pec_bit_cell_arbiter_2_829.dqdimacs,33,144
./benchmark_tests/original/Biere/bitcell_16_2/pec_bit_cell_arbiter_2_829.dqdimacs,35,145
./benchmark_tests/original/Biere/bitcell_16_2/pec_bit_cell_arbiter_2_829.dqdimacs,36,144
./benchmark_tests/original/Biere/bitcell_16_2/pec_bit_cell_arbiter_2_829.dqdimacs,37,145
./benchmark_tests/original/Biere/bitcell_16_2/pec_bit_cell_arbiter_2_829.dqdimacs,38,145
./benchmark_tests/original/Biere/bitcell_16_2/pec_bit_cell_arbiter_2_829.dqdimacs,39,145
./benchmark_tests/original/Biere/bitcell_16_2/pec_bit_cell_arbiter_2_829.dqdimacs,40,145
./benchmark_tests/original/Biere/bitcell_16_2/pec_bit_cell_arbiter_2_829.dqdimacs,41,146
./benchmark_tests/original/Biere/bitcell_16_2/pec_bit_cell_arbiter_2_829.dqdimacs,42,145
./benchmark_tests/original/Biere/bitcell_16_2/pec_bit_cell_arbiter_2_829.dqdimacs,43,145
./benchmark_tests/original/Biere/bitcell_16_2/pec_bit_cell_arbiter_2_829.dqdimacs,44,145
./benchmark_tests/original/Biere/bitcell_16_2/pec_bit_cell_arbiter_2_829.dqdimacs,45,145
./benchmark_tests/original/Biere/bitcell_16_2/pec_bit_cell_arbiter_2_829.dqdimacs,46,145
./benchmark_tests/original/Biere/bitcell_16_2/pec_bit_cell_arbiter_2_829.dqdimacs,47,145
./benchmark_tests/original/Biere/bitcell_16_2/pec_bit_cell_arbiter_2_829.dqdimacs,48,145
./benchmark_tests/original/Biere/bitcell_16_2/pec_bit_cell_arbiter_2_829.dqdimacs,49,145
./benchmark_tests/original/Biere/bitcell_16_2/pec_bit_cell_arbiter_2_829.dqdimacs,50,146
./benchmark_tests/original/Biere/bitcell_16_2/pec_bit_cell_arbiter_2_829.dqdimacs,51,145
./benchmark_tests/original/Biere/bitcell_16_2/pec_bit_cell_arbiter_2_829.dqdimacs,52,145
./benchmark_tests/original/Biere/bitcell_16_2/pec_bit_cell_arbiter_2_829.dqdimacs,53,145
./benchmark_tests/original/Biere/bitcell_16_2/pec_bit_cell_arbiter_2_829.dqdimacs,54,145
./benchmark_tests/original/Biere/bitcell_16_2/pec_bit_cell_arbiter_2_829.dqdimacs,55,145
./benchmark_tests/original/Biere/bitcell_16_2/pec_bit_cell_arbiter_2_829.dqdimacs,56,145
./benchmark_tests/original/Biere/bitcell_16_2/pec_bit_cell_arbiter_2_829.dqdimacs,57,145
./benchmark_tests/original/Biere/bitcell_16_2/pec_bit_cell_arbiter_2_829.dqdimacs,58,146
./benchmark_tests/original/Biere/bitcell_16_2/pec_bit_cell_arbiter_2_829.dqdimacs,59,145
./benchmark_tests/original/Biere/bitcell_16_2/pec_bit_cell_arbiter_2_829.dqdimacs,60,144
./benchmark_tests/original/Biere/bitcell_16_2/pec_bit_cell_arbiter_2_829.dqdimacs,61,145
./benchmark_tests/original/Biere/bitcell_16_2/pec_bit_cell_arbiter_2_829.dqdimacs,62,145
./benchmark_tests/original/Biere/bitcell_16_2/pec_bit_cell_arbiter_2_829.dqdimacs,63,144
./benchmark_tests/original/Biere/bitcell_16_2/pec_bit_cell_arbiter_2_829.dqdimacs,64,144
./benchmark_tests/original/Biere/bitcell_16_2/pec_bit_cell_arbiter_2_829.dqdimacs,65,145
./benchmark_tests/original/Biere/bitcell_16_2/pec_bit_cell_arbiter_2_829.dqdimacs,66,144
./benchmark_tests/original/Biere/bitcell_16_2/pec_bit_cell_arbiter_2_829.dqdimacs,67,145
./benchmark_tests/original/Biere/bitcell_16_2/pec_bit_cell_arbiter_2_829.dqdimacs,68,146
./benchmark_tests/original/Biere/bitcell_16_2/pec_bit_cell_arbiter_2_829.dqdimacs,69,145
./benchmark_tests/original/Biere/bitcell_16_2/pec_bit_cell_arbiter_2_829.dqdimacs,70,145
./benchmark_tests/original/Biere/bitcell_16_2/pec_bit_cell_arbiter_2_829.dqdimacs,71,145
./benchmark_tests/original/Biere/bitcell_16_2/pec_bit_cell_arbiter_2_829.dqdimacs,72,145
./benchmark_tests/original/Biere/bitcell_16_2/pec_bit_cell_arbiter_2_829.dqdimacs,73,145
./benchmark_tests/original/Biere/bitcell_16_2/pec_bit_cell_arbiter_2_829.dqdimacs,74,145
./benchmark_tests/original/Biere/bitcell_16_2/pec_bit_cell_arbiter_2_829.dqdimacs,75,145
./benchmark_tests/original/Biere/bitcell_16_2/pec_bit_cell_arbiter_2_829.dqdimacs,76,145
./benchmark_tests/original/Biere/bitcell_16_2/pec_bit_cell_arbiter_2_829.dqdimacs,77,145
./benchmark_tests/original/Biere/bitcell_16_2/pec_bit_cell_arbiter_2_829.dqdimacs,78,145
./benchmark_tests/original/Biere/bitcell_16_2/pec_bit_cell_arbiter_2_829.dqdimacs,79,145
./benchmark_tests/original/Biere/bitcell_16_2/pec_bit_cell_arbiter_2_829.dqdimacs,80,145
./benchmark_tests/original/Biere/bitcell_16_2/pec_bit_cell_arbiter_2_829.dqdimacs,81,146
./benchmark_tests/original/Biere/bitcell_16_2/pec_bit_cell_arbiter_2_829.dqdimacs,82,145
./benchmark_tests/original/Biere/bitcell_16_2/pec_bit_cell_arbiter_2_829.dqdimacs,83,145
./benchmark_tests/original/Biere/bitcell_16_2/pec_bit_cell_arbiter_2_829.dqdimacs,84,145
./benchmark_tests/original/Biere/bitcell_16_2/pec_bit_cell_arbiter_2_829.dqdimacs,85,145
./benchmark_tests/original/Biere/bitcell_16_2/pec_bit_cell_arbiter_2_829.dqdimacs,86,145
./benchmark_tests/original/Biere/bitcell_16_2/pec_bit_cell_arbiter_2_829.dqdimacs,87,146
./benchmark_tests/original/Biere/bitcell_16_2/pec_bit_cell_arbiter_2_829.dqdimacs,88,145
./benchmark_tests/original/Biere/bitcell_16_2/pec_bit_cell_arbiter_2_829.dqdimacs,89,145
./benchmark_tests/original/Biere/bitcell_16_2/pec_bit_cell_arbiter_2_829.dqdimacs,90,145
./benchmark_tests/original/Biere/bitcell_16_2/pec_bit_cell_arbiter_2_829.dqdimacs,91,145
./benchmark_tests/original/Biere/bitcell_16_2/pec_bit_cell_arbiter_2_829.dqdimacs,92,145
./benchmark_tests/original/Biere/bitcell_16_2/pec_bit_cell_arbiter_2_829.dqdimacs,93,145
./benchmark_tests/original/Biere/bitcell_16_2/pec_bit_cell_arbiter_2_829.dqdimacs,94,146
./benchmark_tests/original/Biere/bitcell_16_2/pec_bit_cell_arbiter_2_829.dqdimacs,95,146
./benchmark_tests/original/Biere/bitcell_16_2/pec_bit_cell_arbiter_2_829.dqdimacs,96,146
./benchmark_tests/original/Biere/bitcell_16_2/pec_bit_cell_arbiter_2_829.dqdimacs,97,146
./benchmark_tests/original/Biere/bitcell_16_2/pec_bit_cell_arbiter_2_829.dqdimacs,98,145
./benchmark_tests/original/Biere/bitcell_16_2/pec_bit_cell_arbiter_2_829.dqdimacs,99,146
./benchmark_tests/original/Biere/bitcell_16_2/pec_bit_cell_arbiter_2_829.dqdimacs,100,146
./benchmark_tests/original/Biere/bitcell_16_2/pec_bit_cell_arbiter_2_829.dqdimacs,101,146
./benchmark_tests/original/Biere/bitcell_16_2/pec_bit_cell_arbiter_2_829.dqdimacs,102,146
./benchmark_tests/original/Biere/bitcell_16_2/pec_bit_cell_arbiter_2_829.dqdimacs,103,145
./benchmark_tests/original/Biere/bitcell_16_2/pec_bit_cell_arbiter_2_829.dqdimacs,104,145
./benchmark_tests/original/Biere/bitcell_16_2/pec_bit_cell_arbiter_2_829.dqdimacs,105,145
./benchmark_tests/original/Biere/bitcell_16_2/pec_bit_cell_arbiter_2_829.dqdimacs,107,146
./benchmark_tests/original/Biere/bitcell_16_2/pec_bit_cell_arbiter_2_829.dqdimacs,108,145
./benchmark_tests/original/Biere/bitcell_16_2/pec_bit_cell_arbiter_2_829.dqdimacs,109,145
./benchmark_tests/original/Biere/bitcell_16_2/pec_bit_cell_arbiter_2_829.dqdimacs,110,146
./benchmark_tests/original/Biere/bitcell_16_2/pec_bit_cell_arbiter_2_829.dqdimacs,112,145
./benchmark_tests/original/Biere/bitcell_16_2/pec_bit_cell_arbiter_2_829.dqdimacs,113,146
./benchmark_tests/original/Biere/bitcell_16_2/pec_bit_cell_arbiter_2_829.dqdimacs,114,146
./benchmark_tests/original/Biere/bitcell_16_2/pec_bit_cell_arbiter_2_829.dqdimacs,115,146
./benchmark_tests/original/Biere/bitcell_16_2/pec_bit_cell_arbiter_2_829.dqdimacs,116,146
./benchmark_tests/original/Biere/bitcell_16_2/pec_bit_cell_arbiter_2_829.dqdimacs,117,145
./benchmark_tests/original/Biere/bitcell_16_2/pec_bit_cell_arbiter_2_829.dqdimacs,118,146
./benchmark_tests/original/Biere/bitcell_16_2/pec_bit_cell_arbiter_2_829.dqdimacs,120,145
./benchmark_tests/original/Biere/bitcell_16_2/pec_bit_cell_arbiter_2_829.dqdimacs,121,146
./benchmark_tests/original/Biere/bitcell_16_2/pec_bit_cell_arbiter_2_829.dqdimacs,122,146
./benchmark_tests/original/Biere/bitcell_16_2/pec_bit_cell_arbiter_2_829.dqdimacs,123,146
./benchmark_tests/original/Biere/bitcell_16_2/pec_bit_cell_arbiter_2_829.dqdimacs,124,146
./benchmark_tests/original/Biere/bitcell_16_2/pec_bit_cell_arbiter_2_829.dqdimacs,125,145
./benchmark_tests/original/Biere/bitcell_16_2/pec_bit_cell_arbiter_2_829.dqdimacs,126,147
./benchmark_tests/original/Biere/bitcell_16_2/pec_bit_cell_arbiter_2_829.dqdimacs,127,145
./benchmark_tests/original/Biere/bitcell_16_2/pec_bit_cell_arbiter_2_829.dqdimacs,128,146
./benchmark_tests/original/Biere/bitcell_16_2/pec_bit_cell_arbiter_2_829.dqdimacs,129,146
./benchmark_tests/original/Biere/bitcell_16_2/pec_bit_cell_arbiter_2_829.dqdimacs,130,145
./benchmark_tests/original/Biere/bitcell_16_2/pec_bit_cell_arbiter_2_829.dqdimacs,131,146
./benchmark_tests/original/Biere/bitcell_16_2/pec_bit_cell_arbiter_2_829.dqdimacs,132,146
./benchmark_tests/original/Biere/bitcell_16_2/pec_bit_cell_arbiter_2_830.dqdimacs,3,121
./benchmark_tests/original/Biere/bitcell_16_2/pec_bit_cell_arbiter_2_830.dqdimacs,5,116
./benchmark_tests/original/Biere/bitcell_16_2/pec_bit_cell_arbiter_2_830.dqdimacs,6,116
./benchmark_tests/original/Biere/bitcell_16_2/pec_bit_cell_arbiter_2_830.dqdimacs,7,116
./benchmark_tests/original/Biere/bitcell_16_2/pec_bit_cell_arbiter_2_830.dqdimacs,8,157
./benchmark_tests/original/Biere/bitcell_16_2/pec_bit_cell_arbiter_2_830.dqdimacs,9,91
./benchmark_tests/original/Biere/bitcell_16_2/pec_bit_cell_arbiter_2_830.dqdimacs,10,90
./benchmark_tests/original/Biere/bitcell_16_2/pec_bit_cell_arbiter_2_830.dqdimacs,12,90
./benchmark_tests/original/Biere/bitcell_16_2/pec_bit_cell_arbiter_2_830.dqdimacs,13,88
./benchmark_tests/original/Biere/bitcell_16_2/pec_bit_cell_arbiter_2_830.dqdimacs,14,89
./benchmark_tests/original/Biere/bitcell_16_2/pec_bit_cell_arbiter_2_830.dqdimacs,15,88
./benchmark_tests/original/Biere/bitcell_16_2/pec_bit_cell_arbiter_2_830.dqdimacs,16,90
./benchmark_tests/original/Biere/bitcell_16_2/pec_bit_cell_arbiter_2_830.dqdimacs,17,89
./benchmark_tests/original/Biere/bitcell_16_2/pec_bit_cell_arbiter_2_830.dqdimacs,18,88
./benchmark_tests/original/Biere/bitcell_16_2/pec_bit_cell_arbiter_2_830.dqdimacs,19,88
./benchmark_tests/original/Biere/bitcell_16_2/pec_bit_cell_arbiter_2_830.dqdimacs,20,85
./benchmark_tests/original/Biere/bitcell_16_2/pec_bit_cell_arbiter_2_830.dqdimacs,21,82
./benchmark_tests/original/Biere/bitcell_16_2/pec_bit_cell_arbiter_2_830.dqdimacs,22,78
./benchmark_tests/original/Biere/bitcell_16_2/pec_bit_cell_arbiter_2_830.dqdimacs,23,75
./benchmark_tests/original/Biere/bitcell_16_2/pec_bit_cell_arbiter_2_830.dqdimacs,24,71
./benchmark_tests/original/Biere/bitcell_16_2/pec_bit_cell_arbiter_2_830.dqdimacs,25,68
./benchmark_tests/original/Biere/bitcell_16_2/pec_bit_cell_arbiter_2_830.dqdimacs,26,64
./benchmark_tests/original/Biere/bitcell_16_2/pec_bit_cell_arbiter_2_830.dqdimacs,28,67
./benchmark_tests/original/Biere/bitcell_16_2/pec_bit_cell_arbiter_2_830.dqdimacs,29,59
./benchmark_tests/original/Biere/bitcell_16_2/pec_bit_cell_arbiter_2_830.dqdimacs,30,56
./benchmark_tests/original/Biere/bitcell_16_2/pec_bit_cell_arbiter_2_830.dqdimacs,31,54
./benchmark_tests/original/Biere/bitcell_16_2/pec_bit_cell_arbiter_2_830.dqdimacs,33,52
./benchmark_tests/original/Biere/bitcell_16_2/pec_bit_cell_arbiter_2_830.dqdimacs,34,50
./benchmark_tests/original/Biere/bitcell_16_2/pec_bit_cell_arbiter_2_830.dqdimacs,35,49
./benchmark_tests/original/Biere/bitcell_16_2/pec_bit_cell_arbiter_2_830.dqdimacs,36,48
./benchmark_tests/original/Biere/bitcell_16_2/pec_bit_cell_arbiter_2_830.dqdimacs,37,49
./benchmark_tests/original/Biere/bitcell_16_2/pec_bit_cell_arbiter_2_830.dqdimacs,38,49
./benchmark_tests/original/Biere/bitcell_16_2/pec_bit_cell_arbiter_2_830.dqdimacs,39,49
./benchmark_tests/original/Biere/bitcell_16_2/pec_bit_cell_arbiter_2_830.dqdimacs,41,49
./benchmark_tests/original/Biere/bitcell_16_2/pec_bit_cell_arbiter_2_830.dqdimacs,42,49
./benchmark_tests/original/Biere/bitcell_16_2/pec_bit_cell_arbiter_2_830.dqdimacs,43,49
./benchmark_tests/original/Biere/bitcell_16_2/pec_bit_cell_arbiter_2_830.dqdimacs,44,49
./benchmark_tests/original/Biere/bitcell_16_2/pec_bit_cell_arbiter_2_830.dqdimacs,45,48
./benchmark_tests/original/Biere/bitcell_16_2/pec_bit_cell_arbiter_2_830.dqdimacs,46,48
./benchmark_tests/original/Biere/bitcell_16_2/pec_bit_cell_arbiter_2_830.dqdimacs,47,50
./benchmark_tests/original/Biere/bitcell_16_2/pec_bit_cell_arbiter_2_830.dqdimacs,49,48
./benchmark_tests/original/Biere/bitcell_16_2/pec_bit_cell_arbiter_2_830.dqdimacs,50,49
./benchmark_tests/original/Biere/bitcell_16_2/pec_bit_cell_arbiter_2_830.dqdimacs,51,48
./benchmark_tests/original/Biere/bitcell_16_2/pec_bit_cell_arbiter_2_830.dqdimacs,52,49
./benchmark_tests/original/Biere/bitcell_16_2/pec_bit_cell_arbiter_2_830.dqdimacs,53,49
./benchmark_tests/original/Biere/bitcell_16_2/pec_bit_cell_arbiter_2_830.dqdimacs,54,49
./benchmark_tests/original/Biere/bitcell_16_2/pec_bit_cell_arbiter_2_830.dqdimacs,55,49
./benchmark_tests/original/Biere/bitcell_16_2/pec_bit_cell_arbiter_2_830.dqdimacs,57,48
./benchmark_tests/original/Biere/bitcell_16_2/pec_bit_cell_arbiter_2_830.dqdimacs,58,49
./benchmark_tests/original/Biere/bitcell_16_2/pec_bit_cell_arbiter_2_830.dqdimacs,59,49
./benchmark_tests/original/Biere/bitcell_16_2/pec_bit_cell_arbiter_2_830.dqdimacs,60,49
./benchmark_tests/original/Biere/bitcell_16_2/pec_bit_cell_arbiter_2_830.dqdimacs,61,49
./benchmark_tests/original/Biere/bitcell_16_2/pec_bit_cell_arbiter_2_830.dqdimacs,62,49
./benchmark_tests/original/Biere/bitcell_16_2/pec_bit_cell_arbiter_2_830.dqdimacs,63,49
./benchmark_tests/original/Biere/bitcell_16_2/pec_bit_cell_arbiter_2_830.dqdimacs,65,49
./benchmark_tests/original/Biere/bitcell_16_2/pec_bit_cell_arbiter_2_830.dqdimacs,66,49
./benchmark_tests/original/Biere/bitcell_16_2/pec_bit_cell_arbiter_2_830.dqdimacs,67,49
./benchmark_tests/original/Biere/bitcell_16_2/pec_bit_cell_arbiter_2_830.dqdimacs,68,49
./benchmark_tests/original/Biere/bitcell_16_2/pec_bit_cell_arbiter_2_830.dqdimacs,69,49
./benchmark_tests/original/Biere/bitcell_16_2/pec_bit_cell_arbiter_2_830.dqdimacs,70,49
./benchmark_tests/original/Biere/bitcell_16_2/pec_bit_cell_arbiter_2_830.dqdimacs,71,49
./benchmark_tests/original/Biere/bitcell_16_2/pec_bit_cell_arbiter_2_830.dqdimacs,73,49
./benchmark_tests/original/Biere/bitcell_16_2/pec_bit_cell_arbiter_2_830.dqdimacs,74,49
./benchmark_tests/original/Biere/bitcell_16_2/pec_bit_cell_arbiter_2_830.dqdimacs,75,49
./benchmark_tests/original/Biere/bitcell_16_2/pec_bit_cell_arbiter_2_830.dqdimacs,76,49
./benchmark_tests/original/Biere/bitcell_16_2/pec_bit_cell_arbiter_2_830.dqdimacs,77,49
./benchmark_tests/original/Biere/bitcell_16_2/pec_bit_cell_arbiter_2_830.dqdimacs,78,49
./benchmark_tests/original/Biere/bitcell_16_2/pec_bit_cell_arbiter_2_830.dqdimacs,79,49
./benchmark_tests/original/Biere/bitcell_16_2/pec_bit_cell_arbiter_2_830.dqdimacs,81,48
./benchmark_tests/original/Biere/bitcell_16_2/pec_bit_cell_arbiter_2_830.dqdimacs,82,49
./benchmark_tests/original/Biere/bitcell_16_2/pec_bit_cell_arbiter_2_830.dqdimacs,83,49
./benchmark_tests/original/Biere/bitcell_16_2/pec_bit_cell_arbiter_2_830.dqdimacs,84,49
./benchmark_tests/original/Biere/bitcell_16_2/pec_bit_cell_arbiter_2_830.dqdimacs,85,49
./benchmark_tests/original/Biere/bitcell_16_2/pec_bit_cell_arbiter_2_830.dqdimacs,86,49
./benchmark_tests/original/Biere/bitcell_16_2/pec_bit_cell_arbiter_2_830.dqdimacs,87,49
./benchmark_tests/original/Biere/bitcell_16_2/pec_bit_cell_arbiter_2_830.dqdimacs,89,49
./benchmark_tests/original/Biere/bitcell_16_2/pec_bit_cell_arbiter_2_830.dqdimacs,90,49
./benchmark_tests/original/Biere/bitcell_16_2/pec_bit_cell_arbiter_2_830.dqdimacs,91,49
./benchmark_tests/original/Biere/bitcell_16_2/pec_bit_cell_arbiter_2_830.dqdimacs,92,49
./benchmark_tests/original/Biere/bitcell_16_2/pec_bit_cell_arbiter_2_830.dqdimacs,93,49
./benchmark_tests/original/Biere/bitcell_16_2/pec_bit_cell_arbiter_2_830.dqdimacs,94,49
./benchmark_tests/original/Biere/bitcell_16_2/pec_bit_cell_arbiter_2_830.dqdimacs,95,50
./benchmark_tests/original/Biere/bitcell_16_2/pec_bit_cell_arbiter_2_830.dqdimacs,97,49
./benchmark_tests/original/Biere/bitcell_16_2/pec_bit_cell_arbiter_2_830.dqdimacs,98,49
./benchmark_tests/original/Biere/bitcell_16_2/pec_bit_cell_arbiter_2_830.dqdimacs,99,49
./benchmark_tests/original/Biere/bitcell_16_2/pec_bit_cell_arbiter_2_830.dqdimacs,100,50
./benchmark_tests/original/Biere/bitcell_16_2/pec_bit_cell_arbiter_2_830.dqdimacs,101,50
./benchmark_tests/original/Biere/bitcell_16_2/pec_bit_cell_arbiter_2_830.dqdimacs,102,49
./benchmark_tests/original/Biere/bitcell_16_2/pec_bit_cell_arbiter_2_830.dqdimacs,103,49
./benchmark_tests/original/Biere/bitcell_16_2/pec_bit_cell_arbiter_2_830.dqdimacs,105,49
./benchmark_tests/original/Biere/bitcell_16_2/pec_bit_cell_arbiter_2_830.dqdimacs,106,49
./benchmark_tests/original/Biere/bitcell_16_2/pec_bit_cell_arbiter_2_830.dqdimacs,107,49
./benchmark_tests/original/Biere/bitcell_16_2/pec_bit_cell_arbiter_2_830.dqdimacs,108,49
./benchmark_tests/original/Biere/bitcell_16_2/pec_bit_cell_arbiter_2_830.dqdimacs,109,49
./benchmark_tests/original/Biere/bitcell_16_2/pec_bit_cell_arbiter_2_830.dqdimacs,110,49
./benchmark_tests/original/Biere/bitcell_16_2/pec_bit_cell_arbiter_2_830.dqdimacs,111,49
./benchmark_tests/original/Biere/bitcell_16_2/pec_bit_cell_arbiter_2_830.dqdimacs,113,49
./benchmark_tests/original/Biere/bitcell_16_2/pec_bit_cell_arbiter_2_830.dqdimacs,114,49
./benchmark_tests/original/Biere/bitcell_16_2/pec_bit_cell_arbiter_2_830.dqdimacs,115,49
./benchmark_tests/original/Biere/bitcell_16_2/pec_bit_cell_arbiter_2_830.dqdimacs,116,49
./benchmark_tests/original/Biere/bitcell_16_2/pec_bit_cell_arbiter_2_830.dqdimacs,117,49
./benchmark_tests/original/Biere/bitcell_16_2/pec_bit_cell_arbiter_2_830.dqdimacs,118,50
./benchmark_tests/original/Biere/bitcell_16_2/pec_bit_cell_arbiter_2_830.dqdimacs,119,49
./benchmark_tests/original/Biere/bitcell_16_2/pec_bit_cell_arbiter_2_830.dqdimacs,121,49
./benchmark_tests/original/Biere/bitcell_16_2/pec_bit_cell_arbiter_2_830.dqdimacs,122,49
./benchmark_tests/original/Biere/bitcell_16_2/pec_bit_cell_arbiter_2_830.dqdimacs,123,49
./benchmark_tests/original/Biere/bitcell_16_2/pec_bit_cell_arbiter_2_830.dqdimacs,124,49
./benchmark_tests/original/Biere/bitcell_16_2/pec_bit_cell_arbiter_2_830.dqdimacs,125,49
./benchmark_tests/original/Biere/bitcell_16_2/pec_bit_cell_arbiter_2_830.dqdimacs,126,49
./benchmark_tests/original/Biere/bitcell_16_2/pec_bit_cell_arbiter_2_830.dqdimacs,127,49
./benchmark_tests/original/Biere/bitcell_16_2/pec_bit_cell_arbiter_2_830.dqdimacs,129,49
./benchmark_tests/original/Biere/bitcell_16_2/pec_bit_cell_arbiter_2_830.dqdimacs,130,49
./benchmark_tests/original/Biere/bitcell_16_2/pec_bit_cell_arbiter_2_830.dqdimacs,131,49
./benchmark_tests/original/Biere/bitcell_16_2/pec_bit_cell_arbiter_2_830.dqdimacs,132,50
./benchmark_tests/original/Biere/bitcell_16_2/pec_bit_cell_arbiter_2_830.dqdimacs,133,50
./benchmark_tests/original/Biere/bitcell_16_2/pec_bit_cell_arbiter_2_830.dqdimacs,134,49
./benchmark_tests/original/Biere/bitcell_16_2/pec_bit_cell_arbiter_2_830.dqdimacs,135,49
./benchmark_tests/original/Biere/bitcell_16_2/pec_bit_cell_arbiter_2_830.dqdimacs,136,49
./benchmark_tests/original/Biere/bitcell_16_2/pec_bit_cell_arbiter_2_830.dqdimacs,137,49
./benchmark_tests/original/Biere/bitcell_16_2/pec_bit_cell_arbiter_2_830.dqdimacs,138,50
./benchmark_tests/original/Biere/bitcell_16_2/pec_bit_cell_arbiter_2_830.dqdimacs,139,49
./benchmark_tests/original/Biere/bitcell_16_2/pec_bit_cell_arbiter_2_830.dqdimacs,140,49
./benchmark_tests/original/Biere/bitcell_16_2/pec_bit_cell_arbiter_2_830.dqdimacs,141,49
./benchmark_tests/original/Biere/bitcell_16_2/pec_bit_cell_arbiter_2_854.dqdimacs,3,184
./benchmark_tests/original/Biere/bitcell_16_2/pec_bit_cell_arbiter_2_854.dqdimacs,5,178
./benchmark_tests/original/Biere/bitcell_16_2/pec_bit_cell_arbiter_2_854.dqdimacs,7,179
./benchmark_tests/original/Biere/bitcell_16_2/pec_bit_cell_arbiter_2_854.dqdimacs,9,174
./benchmark_tests/original/Biere/bitcell_16_2/pec_bit_cell_arbiter_2_854.dqdimacs,10,157
./benchmark_tests/original/Biere/bitcell_16_2/pec_bit_cell_arbiter_2_854.dqdimacs,11,179
./benchmark_tests/original/Biere/bitcell_16_2/pec_bit_cell_arbiter_2_854.dqdimacs,12,221
./benchmark_tests/original/Biere/bitcell_16_2/pec_bit_cell_arbiter_2_854.dqdimacs,13,155
./benchmark_tests/original/Biere/bitcell_16_2/pec_bit_cell_arbiter_2_854.dqdimacs,14,150
./benchmark_tests/original/Biere/bitcell_16_2/pec_bit_cell_arbiter_2_854.dqdimacs,15,141
./benchmark_tests/original/Biere/bitcell_16_2/pec_bit_cell_arbiter_2_854.dqdimacs,16,130
./benchmark_tests/original/Biere/bitcell_16_2/pec_bit_cell_arbiter_2_854.dqdimacs,19,120
./benchmark_tests/original/Biere/bitcell_16_2/pec_bit_cell_arbiter_2_854.dqdimacs,20,110
./benchmark_tests/original/Biere/bitcell_16_2/pec_bit_cell_arbiter_2_854.dqdimacs,21,102
./benchmark_tests/original/Biere/bitcell_16_2/pec_bit_cell_arbiter_2_854.dqdimacs,22,95
./benchmark_tests/original/Biere/bitcell_16_2/pec_bit_cell_arbiter_2_854.dqdimacs,23,89
./benchmark_tests/original/Biere/bitcell_16_2/pec_bit_cell_arbiter_2_854.dqdimacs,24,84
./benchmark_tests/original/Biere/bitcell_16_2/pec_bit_cell_arbiter_2_854.dqdimacs,25,82
./benchmark_tests/original/Biere/bitcell_16_2/pec_bit_cell_arbiter_2_854.dqdimacs,26,82
./benchmark_tests/original/Biere/bitcell_16_2/pec_bit_cell_arbiter_2_854.dqdimacs,27,82
./benchmark_tests/original/Biere/bitcell_16_2/pec_bit_cell_arbiter_2_854.dqdimacs,28,82
./benchmark_tests/original/Biere/bitcell_16_2/pec_bit_cell_arbiter_2_854.dqdimacs,29,83
./benchmark_tests/original/Biere/bitcell_16_2/pec_bit_cell_arbiter_2_854.dqdimacs,30,83
./benchmark_tests/original/Biere/bitcell_16_2/pec_bit_cell_arbiter_2_854.dqdimacs,31,82
./benchmark_tests/original/Biere/bitcell_16_2/pec_bit_cell_arbiter_2_854.dqdimacs,32,82
./benchmark_tests/original/Biere/bitcell_16_2/pec_bit_cell_arbiter_2_854.dqdimacs,33,87
./benchmark_tests/original/Biere/bitcell_16_2/pec_bit_cell_arbiter_2_854.dqdimacs,34,83
./benchmark_tests/original/Biere/bitcell_16_2/pec_bit_cell_arbiter_2_854.dqdimacs,36,83
./benchmark_tests/original/Biere/bitcell_16_2/pec_bit_cell_arbiter_2_854.dqdimacs,37,83
./benchmark_tests/original/Biere/bitcell_16_2/pec_bit_cell_arbiter_2_854.dqdimacs,38,82
./benchmark_tests/original/Biere/bitcell_16_2/pec_bit_cell_arbiter_2_854.dqdimacs,39,82
./benchmark_tests/original/Biere/bitcell_16_2/pec_bit_cell_arbiter_2_854.dqdimacs,40,82
./benchmark_tests/original/Biere/bitcell_16_2/pec_bit_cell_arbiter_2_854.dqdimacs,41,82
./benchmark_tests/original/Biere/bitcell_16_2/pec_bit_cell_arbiter_2_854.dqdimacs,42,82
./benchmark_tests/original/Biere/bitcell_16_2/pec_bit_cell_arbiter_2_854.dqdimacs,43,82
./benchmark_tests/original/Biere/bitcell_16_2/pec_bit_cell_arbiter_2_854.dqdimacs,44,82
./benchmark_tests/original/Biere/bitcell_16_2/pec_bit_cell_arbiter_2_854.dqdimacs,45,82
./benchmark_tests/original/Biere/bitcell_16_2/pec_bit_cell_arbiter_2_854.dqdimacs,47,83
./benchmark_tests/original/Biere/bitcell_16_2/pec_bit_cell_arbiter_2_854.dqdimacs,48,83
./benchmark_tests/original/Biere/bitcell_16_2/pec_bit_cell_arbiter_2_854.dqdimacs,49,83
./benchmark_tests/original/Biere/bitcell_16_2/pec_bit_cell_arbiter_2_854.dqdimacs,50,82
./benchmark_tests/original/Biere/bitcell_16_2/pec_bit_cell_arbiter_2_854.dqdimacs,51,83
./benchmark_tests/original/Biere/bitcell_16_2/pec_bit_cell_arbiter_2_854.dqdimacs,53,83
./benchmark_tests/original/Biere/bitcell_16_2/pec_bit_cell_arbiter_2_854.dqdimacs,54,83
./benchmark_tests/original/Biere/bitcell_16_2/pec_bit_cell_arbiter_2_854.dqdimacs,55,83
./benchmark_tests/original/Biere/bitcell_16_2/pec_bit_cell_arbiter_2_854.dqdimacs,56,83
./benchmark_tests/original/Biere/bitcell_16_2/pec_bit_cell_arbiter_2_854.dqdimacs,57,83
./benchmark_tests/original/Biere/bitcell_16_2/pec_bit_cell_arbiter_2_854.dqdimacs,58,83
./benchmark_tests/original/Biere/bitcell_16_2/pec_bit_cell_arbiter_2_854.dqdimacs,59,83
./benchmark_tests/original/Biere/bitcell_16_2/pec_bit_cell_arbiter_2_854.dqdimacs,61,82
./benchmark_tests/original/Biere/bitcell_16_2/pec_bit_cell_arbiter_2_854.dqdimacs,62,83
./benchmark_tests/original/Biere/bitcell_16_2/pec_bit_cell_arbiter_2_854.dqdimacs,63,83
./benchmark_tests/original/Biere/bitcell_16_2/pec_bit_cell_arbiter_2_854.dqdimacs,64,83
./benchmark_tests/original/Biere/bitcell_16_2/pec_bit_cell_arbiter_2_854.dqdimacs,65,83
./benchmark_tests/original/Biere/bitcell_16_2/pec_bit_cell_arbiter_2_854.dqdimacs,66,83
./benchmark_tests/original/Biere/bitcell_16_2/pec_bit_cell_arbiter_2_854.dqdimacs,67,83
./benchmark_tests/original/Biere/bitcell_16_2/pec_bit_cell_arbiter_2_854.dqdimacs,69,82
./benchmark_tests/original/Biere/bitcell_16_2/pec_bit_cell_arbiter_2_854.dqdimacs,70,83
./benchmark_tests/original/Biere/bitcell_16_2/pec_bit_cell_arbiter_2_854.dqdimacs,71,82
./benchmark_tests/original/Biere/bitcell_16_2/pec_bit_cell_arbiter_2_854.dqdimacs,72,84
./benchmark_tests/original/Biere/bitcell_16_2/pec_bit_cell_arbiter_2_854.dqdimacs,73,83
./benchmark_tests/original/Biere/bitcell_16_2/pec_bit_cell_arbiter_2_854.dqdimacs,74,83
./benchmark_tests/original/Biere/bitcell_16_2/pec_bit_cell_arbiter_2_854.dqdimacs,75,83
./benchmark_tests/original/Biere/bitcell_16_2/pec_bit_cell_arbiter_2_854.dqdimacs,77,83
./benchmark_tests/original/Biere/bitcell_16_2/pec_bit_cell_arbiter_2_854.dqdimacs,78,83
./benchmark_tests/original/Biere/bitcell_16_2/pec_bit_cell_arbiter_2_854.dqdimacs,79,83
./benchmark_tests/original/Biere/bitcell_16_2/pec_bit_cell_arbiter_2_854.dqdimacs,80,83
./benchmark_tests/original/Biere/bitcell_16_2/pec_bit_cell_arbiter_2_854.dqdimacs,81,83
./benchmark_tests/original/Biere/bitcell_16_2/pec_bit_cell_arbiter_2_854.dqdimacs,82,83
./benchmark_tests/original/Biere/bitcell_16_2/pec_bit_cell_arbiter_2_854.dqdimacs,83,84
./benchmark_tests/original/Biere/bitcell_16_2/pec_bit_cell_arbiter_2_854.dqdimacs,85,83
./benchmark_tests/original/Biere/bitcell_16_2/pec_bit_cell_arbiter_2_854.dqdimacs,86,83
./benchmark_tests/original/Biere/bitcell_16_2/pec_bit_cell_arbiter_2_854.dqdimacs,87,83
./benchmark_tests/original/Biere/bitcell_16_2/pec_bit_cell_arbiter_2_854.dqdimacs,88,83
./benchmark_tests/original/Biere/bitcell_16_2/pec_bit_cell_arbiter_2_854.dqdimacs,89,83
./benchmark_tests/original/Biere/bitcell_16_2/pec_bit_cell_arbiter_2_854.dqdimacs,90,84
./benchmark_tests/original/Biere/bitcell_16_2/pec_bit_cell_arbiter_2_854.dqdimacs,91,83
./benchmark_tests/original/Biere/bitcell_16_2/pec_bit_cell_arbiter_2_854.dqdimacs,93,83
./benchmark_tests/original/Biere/bitcell_16_2/pec_bit_cell_arbiter_2_854.dqdimacs,94,83
./benchmark_tests/original/Biere/bitcell_16_2/pec_bit_cell_arbiter_2_854.dqdimacs,95,83
./benchmark_tests/original/Biere/bitcell_16_2/pec_bit_cell_arbiter_2_854.dqdimacs,96,83
./benchmark_tests/original/Biere/bitcell_16_2/pec_bit_cell_arbiter_2_854.dqdimacs,97,84
./benchmark_tests/original/Biere/bitcell_16_2/pec_bit_cell_arbiter_2_854.dqdimacs,98,84
./benchmark_tests/original/Biere/bitcell_16_2/pec_bit_cell_arbiter_2_854.dqdimacs,99,84
./benchmark_tests/original/Biere/bitcell_16_2/pec_bit_cell_arbiter_2_854.dqdimacs,101,83
./benchmark_tests/original/Biere/bitcell_16_2/pec_bit_cell_arbiter_2_854.dqdimacs,102,84
./benchmark_tests/original/Biere/bitcell_16_2/pec_bit_cell_arbiter_2_854.dqdimacs,103,83
./benchmark_tests/original/Biere/bitcell_16_2/pec_bit_cell_arbiter_2_854.dqdimacs,104,84
./benchmark_tests/original/Biere/bitcell_16_2/pec_bit_cell_arbiter_2_854.dqdimacs,105,84
./benchmark_tests/original/Biere/bitcell_16_2/pec_bit_cell_arbiter_2_854.dqdimacs,106,83
./benchmark_tests/original/Biere/bitcell_16_2/pec_bit_cell_arbiter_2_854.dqdimacs,107,84
./benchmark_tests/original/Biere/bitcell_16_2/pec_bit_cell_arbiter_2_854.dqdimacs,109,83
./benchmark_tests/original/Biere/bitcell_16_2/pec_bit_cell_arbiter_2_854.dqdimacs,110,83
./benchmark_tests/original/Biere/bitcell_16_2/pec_bit_cell_arbiter_2_854.dqdimacs,111,83
./benchmark_tests/original/Biere/bitcell_16_2/pec_bit_cell_arbiter_2_854.dqdimacs,112,84
./benchmark_tests/original/Biere/bitcell_16_2/pec_bit_cell_arbiter_2_854.dqdimacs,113,83
./benchmark_tests/original/Biere/bitcell_16_2/pec_bit_cell_arbiter_2_854.dqdimacs,114,84
./benchmark_tests/original/Biere/bitcell_16_2/pec_bit_cell_arbiter_2_854.dqdimacs,115,83
./benchmark_tests/original/Biere/bitcell_16_2/pec_bit_cell_arbiter_2_854.dqdimacs,117,83
./benchmark_tests/original/Biere/bitcell_16_2/pec_bit_cell_arbiter_2_854.dqdimacs,118,83
./benchmark_tests/original/Biere/bitcell_16_2/pec_bit_cell_arbiter_2_854.dqdimacs,119,83
./benchmark_tests/original/Biere/bitcell_16_2/pec_bit_cell_arbiter_2_854.dqdimacs,120,83
./benchmark_tests/original/Biere/bitcell_16_2/pec_bit_cell_arbiter_2_854.dqdimacs,121,83
./benchmark_tests/original/Biere/bitcell_16_2/pec_bit_cell_arbiter_2_854.dqdimacs,122,83
./benchmark_tests/original/Biere/bitcell_16_2/pec_bit_cell_arbiter_2_854.dqdimacs,123,83
./benchmark_tests/original/Biere/bitcell_16_2/pec_bit_cell_arbiter_2_854.dqdimacs,125,83
./benchmark_tests/original/Biere/bitcell_16_2/pec_bit_cell_arbiter_2_854.dqdimacs,126,83
./benchmark_tests/original/Biere/bitcell_16_2/pec_bit_cell_arbiter_2_854.dqdimacs,127,83
./benchmark_tests/original/Biere/bitcell_16_2/pec_bit_cell_arbiter_2_854.dqdimacs,128,83
./benchmark_tests/original/Biere/bitcell_16_2/pec_bit_cell_arbiter_2_854.dqdimacs,129,83
./benchmark_tests/original/Biere/bitcell_16_2/pec_bit_cell_arbiter_2_854.dqdimacs,130,83
./benchmark_tests/original/Biere/bitcell_16_2/pec_bit_cell_arbiter_2_854.dqdimacs,131,83
./benchmark_tests/original/Biere/bitcell_16_2/pec_bit_cell_arbiter_2_854.dqdimacs,132,82
./benchmark_tests/original/Biere/bitcell_16_2/pec_bit_cell_arbiter_2_854.dqdimacs,133,83
./benchmark_tests/original/Biere/bitcell_16_2/pec_bit_cell_arbiter_2_854.dqdimacs,134,83
./benchmark_tests/original/Biere/bitcell_16_2/pec_bit_cell_arbiter_2_854.dqdimacs,135,83
./benchmark_tests/original/Biere/bitcell_16_2/pec_bit_cell_arbiter_2_854.dqdimacs,136,83
./benchmark_tests/original/Biere/bitcell_16_2/pec_bit_cell_arbiter_2_854.dqdimacs,137,82
./benchmark_tests/original/Biere/bitcell_16_2/pec_bit_cell_arbiter_2_858.dqdimacs,3,238
./benchmark_tests/original/Biere/bitcell_16_2/pec_bit_cell_arbiter_2_858.dqdimacs,4,227
./benchmark_tests/original/Biere/bitcell_16_2/pec_bit_cell_arbiter_2_858.dqdimacs,5,212
./benchmark_tests/original/Biere/bitcell_16_2/pec_bit_cell_arbiter_2_858.dqdimacs,6,274
./benchmark_tests/original/Biere/bitcell_16_2/pec_bit_cell_arbiter_2_858.dqdimacs,7,208
./benchmark_tests/original/Biere/bitcell_16_2/pec_bit_cell_arbiter_2_858.dqdimacs,10,208
./benchmark_tests/original/Biere/bitcell_16_2/pec_bit_cell_arbiter_2_858.dqdimacs,12,203
./benchmark_tests/original/Biere/bitcell_16_2/pec_bit_cell_arbiter_2_858.dqdimacs,14,189
./benchmark_tests/original/Biere/bitcell_16_2/pec_bit_cell_arbiter_2_858.dqdimacs,16,171
./benchmark_tests/original/Biere/bitcell_16_2/pec_bit_cell_arbiter_2_858.dqdimacs,18,152
./benchmark_tests/original/Biere/bitcell_16_2/pec_bit_cell_arbiter_2_858.dqdimacs,20,136
./benchmark_tests/original/Biere/bitcell_16_2/pec_bit_cell_arbiter_2_858.dqdimacs,22,124
./benchmark_tests/original/Biere/bitcell_16_2/pec_bit_cell_arbiter_2_858.dqdimacs,24,114
./benchmark_tests/original/Biere/bitcell_16_2/pec_bit_cell_arbiter_2_858.dqdimacs,26,112
./benchmark_tests/original/Biere/bitcell_16_2/pec_bit_cell_arbiter_2_858.dqdimacs,27,112
./benchmark_tests/original/Biere/bitcell_16_2/pec_bit_cell_arbiter_2_858.dqdimacs,28,112
./benchmark_tests/original/Biere/bitcell_16_2/pec_bit_cell_arbiter_2_858.dqdimacs,29,112
./benchmark_tests/original/Biere/bitcell_16_2/pec_bit_cell_arbiter_2_858.dqdimacs,30,113
./benchmark_tests/original/Biere/bitcell_16_2/pec_bit_cell_arbiter_2_858.dqdimacs,31,111
./benchmark_tests/original/Biere/bitcell_16_2/pec_bit_cell_arbiter_2_858.dqdimacs,32,111
./benchmark_tests/original/Biere/bitcell_16_2/pec_bit_cell_arbiter_2_858.dqdimacs,33,116
./benchmark_tests/original/Biere/bitcell_16_2/pec_bit_cell_arbiter_2_858.dqdimacs,34,111
./benchmark_tests/original/Biere/bitcell_16_2/pec_bit_cell_arbiter_2_858.dqdimacs,35,111
./benchmark_tests/original/Biere/bitcell_16_2/pec_bit_cell_arbiter_2_858.dqdimacs,36,112
./benchmark_tests/original/Biere/bitcell_16_2/pec_bit_cell_arbiter_2_858.dqdimacs,37,112
./benchmark_tests/original/Biere/bitcell_16_2/pec_bit_cell_arbiter_2_858.dqdimacs,38,111
./benchmark_tests/original/Biere/bitcell_16_2/pec_bit_cell_arbiter_2_858.dqdimacs,39,111
./benchmark_tests/original/Biere/bitcell_16_2/pec_bit_cell_arbiter_2_858.dqdimacs,40,111
./benchmark_tests/original/Biere/bitcell_16_2/pec_bit_cell_arbiter_2_858.dqdimacs,41,111
./benchmark_tests/original/Biere/bitcell_16_2/pec_bit_cell_arbiter_2_858.dqdimacs,42,112
./benchmark_tests/original/Biere/bitcell_16_2/pec_bit_cell_arbiter_2_858.dqdimacs,43,111
./benchmark_tests/original/Biere/bitcell_16_2/pec_bit_cell_arbiter_2_858.dqdimacs,44,112
./benchmark_tests/original/Biere/bitcell_16_2/pec_bit_cell_arbiter_2_858.dqdimacs,45,112
./benchmark_tests/original/Biere/bitcell_16_2/pec_bit_cell_arbiter_2_858.dqdimacs,46,112
./benchmark_tests/original/Biere/bitcell_16_2/pec_bit_cell_arbiter_2_858.dqdimacs,47,112
./benchmark_tests/original/Biere/bitcell_16_2/pec_bit_cell_arbiter_2_858.dqdimacs,48,111
./benchmark_tests/original/Biere/bitcell_16_2/pec_bit_cell_arbiter_2_858.dqdimacs,49,112
./benchmark_tests/original/Biere/bitcell_16_2/pec_bit_cell_arbiter_2_858.dqdimacs,50,111
./benchmark_tests/original/Biere/bitcell_16_2/pec_bit_cell_arbiter_2_858.dqdimacs,51,113
./benchmark_tests/original/Biere/bitcell_16_2/pec_bit_cell_arbiter_2_858.dqdimacs,52,112
./benchmark_tests/original/Biere/bitcell_16_2/pec_bit_cell_arbiter_2_858.dqdimacs,53,111
./benchmark_tests/original/Biere/bitcell_16_2/pec_bit_cell_arbiter_2_858.dqdimacs,54,111
./benchmark_tests/original/Biere/bitcell_16_2/pec_bit_cell_arbiter_2_858.dqdimacs,55,112
./benchmark_tests/original/Biere/bitcell_16_2/pec_bit_cell_arbiter_2_858.dqdimacs,56,111
./benchmark_tests/original/Biere/bitcell_16_2/pec_bit_cell_arbiter_2_858.dqdimacs,57,112
./benchmark_tests/original/Biere/bitcell_16_2/pec_bit_cell_arbiter_2_858.dqdimacs,58,111
./benchmark_tests/original/Biere/bitcell_16_2/pec_bit_cell_arbiter_2_858.dqdimacs,59,111
./benchmark_tests/original/Biere/bitcell_16_2/pec_bit_cell_arbiter_2_858.dqdimacs,60,112
./benchmark_tests/original/Biere/bitcell_16_2/pec_bit_cell_arbiter_2_858.dqdimacs,61,111
./benchmark_tests/original/Biere/bitcell_16_2/pec_bit_cell_arbiter_2_858.dqdimacs,62,112
./benchmark_tests/original/Biere/bitcell_16_2/pec_bit_cell_arbiter_2_858.dqdimacs,63,111
./benchmark_tests/original/Biere/bitcell_16_2/pec_bit_cell_arbiter_2_858.dqdimacs,64,112
./benchmark_tests/original/Biere/bitcell_16_2/pec_bit_cell_arbiter_2_858.dqdimacs,65,112
./benchmark_tests/original/Biere/bitcell_16_2/pec_bit_cell_arbiter_2_858.dqdimacs,66,112
./benchmark_tests/original/Biere/bitcell_16_2/pec_bit_cell_arbiter_2_858.dqdimacs,67,112
./benchmark_tests/original/Biere/bitcell_16_2/pec_bit_cell_arbiter_2_858.dqdimacs,68,111
./benchmark_tests/original/Biere/bitcell_16_2/pec_bit_cell_arbiter_2_858.dqdimacs,69,112
./benchmark_tests/original/Biere/bitcell_16_2/pec_bit_cell_arbiter_2_858.dqdimacs,70,111
./benchmark_tests/original/Biere/bitcell_16_2/pec_bit_cell_arbiter_2_858.dqdimacs,71,111
./benchmark_tests/original/Biere/bitcell_16_2/pec_bit_cell_arbiter_2_858.dqdimacs,72,112
./benchmark_tests/original/Biere/bitcell_16_2/pec_bit_cell_arbiter_2_858.dqdimacs,73,111
./benchmark_tests/original/Biere/bitcell_16_2/pec_bit_cell_arbiter_2_858.dqdimacs,74,112
./benchmark_tests/original/Biere/bitcell_16_2/pec_bit_cell_arbiter_2_858.dqdimacs,75,112
./benchmark_tests/original/Biere/bitcell_16_2/pec_bit_cell_arbiter_2_858.dqdimacs,76,112
./benchmark_tests/original/Biere/bitcell_16_2/pec_bit_cell_arbiter_2_858.dqdimacs,77,111
./benchmark_tests/original/Biere/bitcell_16_2/pec_bit_cell_arbiter_2_858.dqdimacs,78,111
./benchmark_tests/original/Biere/bitcell_16_2/pec_bit_cell_arbiter_2_858.dqdimacs,79,111
./benchmark_tests/original/Biere/bitcell_16_2/pec_bit_cell_arbiter_2_858.dqdimacs,80,112
./benchmark_tests/original/Biere/bitcell_16_2/pec_bit_cell_arbiter_2_858.dqdimacs,81,112
./benchmark_tests/original/Biere/bitcell_16_2/pec_bit_cell_arbiter_2_858.dqdimacs,82,111
./benchmark_tests/original/Biere/bitcell_16_2/pec_bit_cell_arbiter_2_858.dqdimacs,83,111
./benchmark_tests/original/Biere/bitcell_16_2/pec_bit_cell_arbiter_2_858.dqdimacs,84,111
./benchmark_tests/original/Biere/bitcell_16_2/pec_bit_cell_arbiter_2_858.dqdimacs,85,111
./benchmark_tests/original/Biere/bitcell_16_2/pec_bit_cell_arbiter_2_858.dqdimacs,87,112
./benchmark_tests/original/Biere/bitcell_16_2/pec_bit_cell_arbiter_2_858.dqdimacs,88,112
./benchmark_tests/original/Biere/bitcell_16_2/pec_bit_cell_arbiter_2_858.dqdimacs,89,111
./benchmark_tests/original/Biere/bitcell_16_2/pec_bit_cell_arbiter_2_858.dqdimacs,90,112
./benchmark_tests/original/Biere/bitcell_16_2/pec_bit_cell_arbiter_2_858.dqdimacs,92,111
./benchmark_tests/original/Biere/bitcell_16_2/pec_bit_cell_arbiter_2_858.dqdimacs,93,112
./benchmark_tests/original/Biere/bitcell_16_2/pec_bit_cell_arbiter_2_858.dqdimacs,94,112
./benchmark_tests/original/Biere/bitcell_16_2/pec_bit_cell_arbiter_2_858.dqdimacs,95,112
./benchmark_tests/original/Biere/bitcell_16_2/pec_bit_cell_arbiter_2_858.dqdimacs,96,112
./benchmark_tests/original/Biere/bitcell_16_2/pec_bit_cell_arbiter_2_858.dqdimacs,97,111
./benchmark_tests/original/Biere/bitcell_16_2/pec_bit_cell_arbiter_2_858.dqdimacs,98,112
./benchmark_tests/original/Biere/bitcell_16_2/pec_bit_cell_arbiter_2_858.dqdimacs,100,111
./benchmark_tests/original/Biere/bitcell_16_2/pec_bit_cell_arbiter_2_858.dqdimacs,101,112
./benchmark_tests/original/Biere/bitcell_16_2/pec_bit_cell_arbiter_2_858.dqdimacs,102,112
./benchmark_tests/original/Biere/bitcell_16_2/pec_bit_cell_arbiter_2_858.dqdimacs,103,112
./benchmark_tests/original/Biere/bitcell_16_2/pec_bit_cell_arbiter_2_858.dqdimacs,104,112
./benchmark_tests/original/Biere/bitcell_16_2/pec_bit_cell_arbiter_2_858.dqdimacs,105,111
./benchmark_tests/original/Biere/bitcell_16_2/pec_bit_cell_arbiter_2_858.dqdimacs,106,112
./benchmark_tests/original/Biere/bitcell_16_2/pec_bit_cell_arbiter_2_858.dqdimacs,108,111
./benchmark_tests/original/Biere/bitcell_16_2/pec_bit_cell_arbiter_2_858.dqdimacs,109,112
./benchmark_tests/original/Biere/bitcell_16_2/pec_bit_cell_arbiter_2_858.dqdimacs,110,112
./benchmark_tests/original/Biere/bitcell_16_2/pec_bit_cell_arbiter_2_858.dqdimacs,111,112
./benchmark_tests/original/Biere/bitcell_16_2/pec_bit_cell_arbiter_2_858.dqdimacs,112,112
./benchmark_tests/original/Biere/bitcell_16_2/pec_bit_cell_arbiter_2_858.dqdimacs,113,111
./benchmark_tests/original/Biere/bitcell_16_2/pec_bit_cell_arbiter_2_858.dqdimacs,114,112
./benchmark_tests/original/Biere/bitcell_16_2/pec_bit_cell_arbiter_2_858.dqdimacs,116,111
./benchmark_tests/original/Biere/bitcell_16_2/pec_bit_cell_arbiter_2_858.dqdimacs,117,111
./benchmark_tests/original/Biere/bitcell_16_2/pec_bit_cell_arbiter_2_858.dqdimacs,118,111
./benchmark_tests/original/Biere/bitcell_16_2/pec_bit_cell_arbiter_2_858.dqdimacs,119,111
./benchmark_tests/original/Biere/bitcell_16_2/pec_bit_cell_arbiter_2_858.dqdimacs,120,112
./benchmark_tests/original/Biere/bitcell_16_2/pec_bit_cell_arbiter_2_858.dqdimacs,121,111
./benchmark_tests/original/Biere/bitcell_16_2/pec_bit_cell_arbiter_2_858.dqdimacs,122,113
./benchmark_tests/original/Biere/bitcell_16_2/pec_bit_cell_arbiter_2_858.dqdimacs,124,111
./benchmark_tests/original/Biere/bitcell_16_2/pec_bit_cell_arbiter_2_858.dqdimacs,125,112
./benchmark_tests/original/Biere/bitcell_16_2/pec_bit_cell_arbiter_2_858.dqdimacs,126,112
./benchmark_tests/original/Biere/bitcell_16_2/pec_bit_cell_arbiter_2_858.dqdimacs,127,112
./benchmark_tests/original/Biere/bitcell_16_2/pec_bit_cell_arbiter_2_858.dqdimacs,128,112
./benchmark_tests/original/Biere/bitcell_16_2/pec_bit_cell_arbiter_2_858.dqdimacs,129,112
./benchmark_tests/original/Biere/bitcell_16_2/pec_bit_cell_arbiter_2_858.dqdimacs,130,113
./benchmark_tests/original/Biere/bitcell_16_2/pec_bit_cell_arbiter_2_858.dqdimacs,132,111
./benchmark_tests/original/Biere/bitcell_16_2/pec_bit_cell_arbiter_2_858.dqdimacs,133,112
./benchmark_tests/original/Biere/bitcell_16_2/pec_bit_cell_arbiter_2_858.dqdimacs,134,112
./benchmark_tests/original/Biere/bitcell_16_2/pec_bit_cell_arbiter_2_858.dqdimacs,135,112
./benchmark_tests/original/Biere/bitcell_16_2/pec_bit_cell_arbiter_2_858.dqdimacs,136,112
./benchmark_tests/original/Biere/bitcell_16_2/pec_bit_cell_arbiter_2_858.dqdimacs,137,112
./benchmark_tests/original/Biere/bitcell_16_2/pec_bit_cell_arbiter_2_858.dqdimacs,138,113
./benchmark_tests/original/Biere/bitcell_16_2/pec_bit_cell_arbiter_2_858.dqdimacs,139,112
./benchmark_tests/original/Biere/bitcell_16_2/pec_bit_cell_arbiter_2_858.dqdimacs,140,113
./benchmark_tests/original/Biere/bitcell_16_2/pec_bit_cell_arbiter_2_858.dqdimacs,141,112
./benchmark_tests/original/Biere/bitcell_16_2/pec_bit_cell_arbiter_2_858.dqdimacs,142,111
./benchmark_tests/original/Biere/bitcell_16_2/pec_bit_cell_arbiter_2_858.dqdimacs,143,112
./benchmark_tests/original/Biere/bitcell_16_2/pec_bit_cell_arbiter_2_858.dqdimacs,144,112
./benchmark_tests/original/Biere/bitcell_16_2/pec_bit_cell_arbiter_2_862.dqdimacs,3,267
./benchmark_tests/original/Biere/bitcell_16_2/pec_bit_cell_arbiter_2_862.dqdimacs,5,264
./benchmark_tests/original/Biere/bitcell_16_2/pec_bit_cell_arbiter_2_862.dqdimacs,6,263
./benchmark_tests/original/Biere/bitcell_16_2/pec_bit_cell_arbiter_2_862.dqdimacs,7,265
./benchmark_tests/original/Biere/bitcell_16_2/pec_bit_cell_arbiter_2_862.dqdimacs,8,265
./benchmark_tests/original/Biere/bitcell_16_2/pec_bit_cell_arbiter_2_862.dqdimacs,9,302
./benchmark_tests/original/Biere/bitcell_16_2/pec_bit_cell_arbiter_2_862.dqdimacs,10,229
./benchmark_tests/original/Biere/bitcell_16_2/pec_bit_cell_arbiter_2_862.dqdimacs,13,198
./benchmark_tests/original/Biere/bitcell_16_2/pec_bit_cell_arbiter_2_862.dqdimacs,15,173
./benchmark_tests/original/Biere/bitcell_16_2/pec_bit_cell_arbiter_2_862.dqdimacs,17,153
./benchmark_tests/original/Biere/bitcell_16_2/pec_bit_cell_arbiter_2_862.dqdimacs,19,140
./benchmark_tests/original/Biere/bitcell_16_2/pec_bit_cell_arbiter_2_862.dqdimacs,21,139
./benchmark_tests/original/Biere/bitcell_16_2/pec_bit_cell_arbiter_2_862.dqdimacs,23,140
./benchmark_tests/original/Biere/bitcell_16_2/pec_bit_cell_arbiter_2_862.dqdimacs,25,139
./benchmark_tests/original/Biere/bitcell_16_2/pec_bit_cell_arbiter_2_862.dqdimacs,27,139
./benchmark_tests/original/Biere/bitcell_16_2/pec_bit_cell_arbiter_2_862.dqdimacs,29,140
./benchmark_tests/original/Biere/bitcell_16_2/pec_bit_cell_arbiter_2_862.dqdimacs,31,140
./benchmark_tests/original/Biere/bitcell_16_2/pec_bit_cell_arbiter_2_862.dqdimacs,32,139
./benchmark_tests/original/Biere/bitcell_16_2/pec_bit_cell_arbiter_2_862.dqdimacs,33,140
./benchmark_tests/original/Biere/bitcell_16_2/pec_bit_cell_arbiter_2_862.dqdimacs,34,140
./benchmark_tests/original/Biere/bitcell_16_2/pec_bit_cell_arbiter_2_862.dqdimacs,35,139
./benchmark_tests/original/Biere/bitcell_16_2/pec_bit_cell_arbiter_2_862.dqdimacs,36,139
./benchmark_tests/original/Biere/bitcell_16_2/pec_bit_cell_arbiter_2_862.dqdimacs,37,140
./benchmark_tests/original/Biere/bitcell_16_2/pec_bit_cell_arbiter_2_862.dqdimacs,38,139
./benchmark_tests/original/Biere/bitcell_16_2/pec_bit_cell_arbiter_2_862.dqdimacs,39,140
./benchmark_tests/original/Biere/bitcell_16_2/pec_bit_cell_arbiter_2_862.dqdimacs,40,140
./benchmark_tests/original/Biere/bitcell_16_2/pec_bit_cell_arbiter_2_862.dqdimacs,41,140
./benchmark_tests/original/Biere/bitcell_16_2/pec_bit_cell_arbiter_2_862.dqdimacs,42,140
./benchmark_tests/original/Biere/bitcell_16_2/pec_bit_cell_arbiter_2_862.dqdimacs,43,141
./benchmark_tests/original/Biere/bitcell_16_2/pec_bit_cell_arbiter_2_862.dqdimacs,44,140
./benchmark_tests/original/Biere/bitcell_16_2/pec_bit_cell_arbiter_2_862.dqdimacs,45,141
./benchmark_tests/original/Biere/bitcell_16_2/pec_bit_cell_arbiter_2_862.dqdimacs,46,140
./benchmark_tests/original/Biere/bitcell_16_2/pec_bit_cell_arbiter_2_862.dqdimacs,47,140
./benchmark_tests/original/Biere/bitcell_16_2/pec_bit_cell_arbiter_2_862.dqdimacs,48,140
./benchmark_tests/original/Biere/bitcell_16_2/pec_bit_cell_arbiter_2_862.dqdimacs,49,140
./benchmark_tests/original/Biere/bitcell_16_2/pec_bit_cell_arbiter_2_862.dqdimacs,50,140
./benchmark_tests/original/Biere/bitcell_16_2/pec_bit_cell_arbiter_2_862.dqdimacs,52,140
./benchmark_tests/original/Biere/bitcell_16_2/pec_bit_cell_arbiter_2_862.dqdimacs,53,140
./benchmark_tests/original/Biere/bitcell_16_2/pec_bit_cell_arbiter_2_862.dqdimacs,54,140
./benchmark_tests/original/Biere/bitcell_16_2/pec_bit_cell_arbiter_2_862.dqdimacs,55,140
./benchmark_tests/original/Biere/bitcell_16_2/pec_bit_cell_arbiter_2_862.dqdimacs,56,140
./benchmark_tests/original/Biere/bitcell_16_2/pec_bit_cell_arbiter_2_862.dqdimacs,57,140
./benchmark_tests/original/Biere/bitcell_16_2/pec_bit_cell_arbiter_2_862.dqdimacs,58,140
./benchmark_tests/original/Biere/bitcell_16_2/pec_bit_cell_arbiter_2_862.dqdimacs,59,140
./benchmark_tests/original/Biere/bitcell_16_2/pec_bit_cell_arbiter_2_862.dqdimacs,60,140
./benchmark_tests/original/Biere/bitcell_16_2/pec_bit_cell_arbiter_2_862.dqdimacs,61,139
./benchmark_tests/original/Biere/bitcell_16_2/pec_bit_cell_arbiter_2_862.dqdimacs,62,139
./benchmark_tests/original/Biere/bitcell_16_2/pec_bit_cell_arbiter_2_862.dqdimacs,63,139
./benchmark_tests/original/Biere/bitcell_16_2/pec_bit_cell_arbiter_2_862.dqdimacs,64,140
./benchmark_tests/original/Biere/bitcell_16_2/pec_bit_cell_arbiter_2_862.dqdimacs,65,140
./benchmark_tests/original/Biere/bitcell_16_2/pec_bit_cell_arbiter_2_862.dqdimacs,66,139
./benchmark_tests/original/Biere/bitcell_16_2/pec_bit_cell_arbiter_2_862.dqdimacs,67,140
./benchmark_tests/original/Biere/bitcell_16_2/pec_bit_cell_arbiter_2_862.dqdimacs,68,140
./benchmark_tests/original/Biere/bitcell_16_2/pec_bit_cell_arbiter_2_862.dqdimacs,69,140
./benchmark_tests/original/Biere/bitcell_16_2/pec_bit_cell_arbiter_2_862.dqdimacs,70,140
./benchmark_tests/original/Biere/bitcell_16_2/pec_bit_cell_arbiter_2_862.dqdimacs,71,140
./benchmark_tests/original/Biere/bitcell_16_2/pec_bit_cell_arbiter_2_862.dqdimacs,72,140
./benchmark_tests/original/Biere/bitcell_16_2/pec_bit_cell_arbiter_2_862.dqdimacs,73,140
./benchmark_tests/original/Biere/bitcell_16_2/pec_bit_cell_arbiter_2_862.dqdimacs,74,140
./benchmark_tests/original/Biere/bitcell_16_2/pec_bit_cell_arbiter_2_862.dqdimacs,75,139
./benchmark_tests/original/Biere/bitcell_16_2/pec_bit_cell_arbiter_2_862.dqdimacs,76,140
./benchmark_tests/original/Biere/bitcell_16_2/pec_bit_cell_arbiter_2_862.dqdimacs,77,140
./benchmark_tests/original/Biere/bitcell_16_2/pec_bit_cell_arbiter_2_862.dqdimacs,78,139
./benchmark_tests/original/Biere/bitcell_16_2/pec_bit_cell_arbiter_2_862.dqdimacs,79,140
./benchmark_tests/original/Biere/bitcell_16_2/pec_bit_cell_arbiter_2_862.dqdimacs,80,140
./benchmark_tests/original/Biere/bitcell_16_2/pec_bit_cell_arbiter_2_862.dqdimacs,81,140
./benchmark_tests/original/Biere/bitcell_16_2/pec_bit_cell_arbiter_2_862.dqdimacs,82,140
./benchmark_tests/original/Biere/bitcell_16_2/pec_bit_cell_arbiter_2_862.dqdimacs,83,140
./benchmark_tests/original/Biere/bitcell_16_2/pec_bit_cell_arbiter_2_862.dqdimacs,84,140
./benchmark_tests/original/Biere/bitcell_16_2/pec_bit_cell_arbiter_2_862.dqdimacs,85,140
./benchmark_tests/original/Biere/bitcell_16_2/pec_bit_cell_arbiter_2_862.dqdimacs,86,140
./benchmark_tests/original/Biere/bitcell_16_2/pec_bit_cell_arbiter_2_862.dqdimacs,87,140
./benchmark_tests/original/Biere/bitcell_16_2/pec_bit_cell_arbiter_2_862.dqdimacs,88,140
./benchmark_tests/original/Biere/bitcell_16_2/pec_bit_cell_arbiter_2_862.dqdimacs,89,140
./benchmark_tests/original/Biere/bitcell_16_2/pec_bit_cell_arbiter_2_862.dqdimacs,90,140
./benchmark_tests/original/Biere/bitcell_16_2/pec_bit_cell_arbiter_2_862.dqdimacs,91,140
./benchmark_tests/original/Biere/bitcell_16_2/pec_bit_cell_arbiter_2_862.dqdimacs,92,139
./benchmark_tests/original/Biere/bitcell_16_2/pec_bit_cell_arbiter_2_862.dqdimacs,93,140
./benchmark_tests/original/Biere/bitcell_16_2/pec_bit_cell_arbiter_2_862.dqdimacs,94,140
./benchmark_tests/original/Biere/bitcell_16_2/pec_bit_cell_arbiter_2_862.dqdimacs,95,141
./benchmark_tests/original/Biere/bitcell_16_2/pec_bit_cell_arbiter_2_862.dqdimacs,96,140
./benchmark_tests/original/Biere/bitcell_16_2/pec_bit_cell_arbiter_2_862.dqdimacs,97,140
./benchmark_tests/original/Biere/bitcell_16_2/pec_bit_cell_arbiter_2_862.dqdimacs,98,141
./benchmark_tests/original/Biere/bitcell_16_2/pec_bit_cell_arbiter_2_862.dqdimacs,99,141
./benchmark_tests/original/Biere/bitcell_16_2/pec_bit_cell_arbiter_2_862.dqdimacs,100,140
./benchmark_tests/original/Biere/bitcell_16_2/pec_bit_cell_arbiter_2_862.dqdimacs,101,141
./benchmark_tests/original/Biere/bitcell_16_2/pec_bit_cell_arbiter_2_862.dqdimacs,102,140
./benchmark_tests/original/Biere/bitcell_16_2/pec_bit_cell_arbiter_2_862.dqdimacs,103,140
./benchmark_tests/original/Biere/bitcell_16_2/pec_bit_cell_arbiter_2_862.dqdimacs,104,141
./benchmark_tests/original/Biere/bitcell_16_2/pec_bit_cell_arbiter_2_862.dqdimacs,105,141
./benchmark_tests/original/Biere/bitcell_16_2/pec_bit_cell_arbiter_2_862.dqdimacs,106,140
./benchmark_tests/original/Biere/bitcell_16_2/pec_bit_cell_arbiter_2_862.dqdimacs,108,141
./benchmark_tests/original/Biere/bitcell_16_2/pec_bit_cell_arbiter_2_862.dqdimacs,109,141
./benchmark_tests/original/Biere/bitcell_16_2/pec_bit_cell_arbiter_2_862.dqdimacs,110,140
./benchmark_tests/original/Biere/bitcell_16_2/pec_bit_cell_arbiter_2_862.dqdimacs,111,141
./benchmark_tests/original/Biere/bitcell_16_2/pec_bit_cell_arbiter_2_862.dqdimacs,113,139
./benchmark_tests/original/Biere/bitcell_16_2/pec_bit_cell_arbiter_2_862.dqdimacs,114,140
./benchmark_tests/original/Biere/bitcell_16_2/pec_bit_cell_arbiter_2_862.dqdimacs,115,141
./benchmark_tests/original/Biere/bitcell_16_2/pec_bit_cell_arbiter_2_862.dqdimacs,116,140
./benchmark_tests/original/Biere/bitcell_16_2/pec_bit_cell_arbiter_2_862.dqdimacs,117,141
./benchmark_tests/original/Biere/bitcell_16_2/pec_bit_cell_arbiter_2_862.dqdimacs,118,141
./benchmark_tests/original/Biere/bitcell_16_2/pec_bit_cell_arbiter_2_862.dqdimacs,119,141
./benchmark_tests/original/Biere/bitcell_16_2/pec_bit_cell_arbiter_2_862.dqdimacs,121,140
./benchmark_tests/original/Biere/bitcell_16_2/pec_bit_cell_arbiter_2_862.dqdimacs,122,141
./benchmark_tests/original/Biere/bitcell_16_2/pec_bit_cell_arbiter_2_862.dqdimacs,123,141
./benchmark_tests/original/Biere/bitcell_16_2/pec_bit_cell_arbiter_2_862.dqdimacs,124,141
./benchmark_tests/original/Biere/bitcell_16_2/pec_bit_cell_arbiter_2_862.dqdimacs,125,141
./benchmark_tests/original/Biere/bitcell_16_2/pec_bit_cell_arbiter_2_862.dqdimacs,126,140
./benchmark_tests/original/Biere/bitcell_16_2/pec_bit_cell_arbiter_2_862.dqdimacs,127,141
./benchmark_tests/original/Biere/bitcell_16_2/pec_bit_cell_arbiter_2_862.dqdimacs,129,140
./benchmark_tests/original/Biere/bitcell_16_2/pec_bit_cell_arbiter_2_862.dqdimacs,130,141
./benchmark_tests/original/Biere/bitcell_16_2/pec_bit_cell_arbiter_2_862.dqdimacs,131,141
./benchmark_tests/original/Biere/bitcell_16_2/pec_bit_cell_arbiter_2_862.dqdimacs,132,141
./benchmark_tests/original/Biere/bitcell_16_2/pec_bit_cell_arbiter_2_862.dqdimacs,133,141
./benchmark_tests/original/Biere/bitcell_16_2/pec_bit_cell_arbiter_2_862.dqdimacs,134,140
./benchmark_tests/original/Biere/bitcell_16_2/pec_bit_cell_arbiter_2_862.dqdimacs,135,141
./benchmark_tests/original/Biere/bitcell_16_2/pec_bit_cell_arbiter_2_862.dqdimacs,136,140
./benchmark_tests/original/Biere/bitcell_16_2/pec_bit_cell_arbiter_2_862.dqdimacs,137,141
./benchmark_tests/original/Biere/bitcell_16_2/pec_bit_cell_arbiter_2_862.dqdimacs,138,141
./benchmark_tests/original/Biere/bitcell_16_2/pec_bit_cell_arbiter_2_862.dqdimacs,139,141
./benchmark_tests/original/Biere/bitcell_16_2/pec_bit_cell_arbiter_2_862.dqdimacs,140,141
./benchmark_tests/original/Biere/bitcell_16_2/pec_bit_cell_arbiter_2_862.dqdimacs,141,140
./benchmark_tests/original/Biere/bitcell_16_2/pec_bit_cell_arbiter_2_86.dqdimacs,3,101
./benchmark_tests/original/Biere/bitcell_16_2/pec_bit_cell_arbiter_2_86.dqdimacs,5,90
./benchmark_tests/original/Biere/bitcell_16_2/pec_bit_cell_arbiter_2_86.dqdimacs,7,69
./benchmark_tests/original/Biere/bitcell_16_2/pec_bit_cell_arbiter_2_86.dqdimacs,9,69
./benchmark_tests/original/Biere/bitcell_16_2/pec_bit_cell_arbiter_2_86.dqdimacs,11,68
./benchmark_tests/original/Biere/bitcell_16_2/pec_bit_cell_arbiter_2_86.dqdimacs,13,70
./benchmark_tests/original/Biere/bitcell_16_2/pec_bit_cell_arbiter_2_86.dqdimacs,15,70
./benchmark_tests/original/Biere/bitcell_16_2/pec_bit_cell_arbiter_2_86.dqdimacs,17,71
./benchmark_tests/original/Biere/bitcell_16_2/pec_bit_cell_arbiter_2_86.dqdimacs,18,71
./benchmark_tests/original/Biere/bitcell_16_2/pec_bit_cell_arbiter_2_86.dqdimacs,19,71
./benchmark_tests/original/Biere/bitcell_16_2/pec_bit_cell_arbiter_2_86.dqdimacs,20,73
./benchmark_tests/original/Biere/bitcell_16_2/pec_bit_cell_arbiter_2_86.dqdimacs,21,72
./benchmark_tests/original/Biere/bitcell_16_2/pec_bit_cell_arbiter_2_86.dqdimacs,22,117
./benchmark_tests/original/Biere/bitcell_16_2/pec_bit_cell_arbiter_2_86.dqdimacs,23,72
./benchmark_tests/original/Biere/bitcell_16_2/pec_bit_cell_arbiter_2_86.dqdimacs,24,71
./benchmark_tests/original/Biere/bitcell_16_2/pec_bit_cell_arbiter_2_86.dqdimacs,25,72
./benchmark_tests/original/Biere/bitcell_16_2/pec_bit_cell_arbiter_2_86.dqdimacs,26,71
./benchmark_tests/original/Biere/bitcell_16_2/pec_bit_cell_arbiter_2_86.dqdimacs,27,72
./benchmark_tests/original/Biere/bitcell_16_2/pec_bit_cell_arbiter_2_86.dqdimacs,28,71
./benchmark_tests/original/Biere/bitcell_16_2/pec_bit_cell_arbiter_2_86.dqdimacs,31,69
./benchmark_tests/original/Biere/bitcell_16_2/pec_bit_cell_arbiter_2_86.dqdimacs,33,67
./benchmark_tests/original/Biere/bitcell_16_2/pec_bit_cell_arbiter_2_86.dqdimacs,35,65
./benchmark_tests/original/Biere/bitcell_16_2/pec_bit_cell_arbiter_2_86.dqdimacs,36,63
./benchmark_tests/original/Biere/bitcell_16_2/pec_bit_cell_arbiter_2_86.dqdimacs,37,61
./benchmark_tests/original/Biere/bitcell_16_2/pec_bit_cell_arbiter_2_86.dqdimacs,38,59
./benchmark_tests/original/Biere/bitcell_16_2/pec_bit_cell_arbiter_2_86.dqdimacs,39,57
./benchmark_tests/original/Biere/bitcell_16_2/pec_bit_cell_arbiter_2_86.dqdimacs,40,56
./benchmark_tests/original/Biere/bitcell_16_2/pec_bit_cell_arbiter_2_86.dqdimacs,41,60
./benchmark_tests/original/Biere/bitcell_16_2/pec_bit_cell_arbiter_2_86.dqdimacs,42,49
./benchmark_tests/original/Biere/bitcell_16_2/pec_bit_cell_arbiter_2_86.dqdimacs,43,47
./benchmark_tests/original/Biere/bitcell_16_2/pec_bit_cell_arbiter_2_86.dqdimacs,44,46
./benchmark_tests/original/Biere/bitcell_16_2/pec_bit_cell_arbiter_2_86.dqdimacs,45,45
./benchmark_tests/original/Biere/bitcell_16_2/pec_bit_cell_arbiter_2_86.dqdimacs,46,43
./benchmark_tests/original/Biere/bitcell_16_2/pec_bit_cell_arbiter_2_86.dqdimacs,47,42
./benchmark_tests/original/Biere/bitcell_16_2/pec_bit_cell_arbiter_2_86.dqdimacs,48,41
./benchmark_tests/original/Biere/bitcell_16_2/pec_bit_cell_arbiter_2_86.dqdimacs,49,39
./benchmark_tests/original/Biere/bitcell_16_2/pec_bit_cell_arbiter_2_86.dqdimacs,50,39
./benchmark_tests/original/Biere/bitcell_16_2/pec_bit_cell_arbiter_2_86.dqdimacs,51,39
./benchmark_tests/original/Biere/bitcell_16_2/pec_bit_cell_arbiter_2_86.dqdimacs,52,38
./benchmark_tests/original/Biere/bitcell_16_2/pec_bit_cell_arbiter_2_86.dqdimacs,53,39
./benchmark_tests/original/Biere/bitcell_16_2/pec_bit_cell_arbiter_2_86.dqdimacs,54,39
./benchmark_tests/original/Biere/bitcell_16_2/pec_bit_cell_arbiter_2_86.dqdimacs,55,39
./benchmark_tests/original/Biere/bitcell_16_2/pec_bit_cell_arbiter_2_86.dqdimacs,56,39
./benchmark_tests/original/Biere/bitcell_16_2/pec_bit_cell_arbiter_2_86.dqdimacs,57,39
./benchmark_tests/original/Biere/bitcell_16_2/pec_bit_cell_arbiter_2_86.dqdimacs,58,39
./benchmark_tests/original/Biere/bitcell_16_2/pec_bit_cell_arbiter_2_86.dqdimacs,59,39
./benchmark_tests/original/Biere/bitcell_16_2/pec_bit_cell_arbiter_2_86.dqdimacs,60,39
./benchmark_tests/original/Biere/bitcell_16_2/pec_bit_cell_arbiter_2_86.dqdimacs,61,39
./benchmark_tests/original/Biere/bitcell_16_2/pec_bit_cell_arbiter_2_86.dqdimacs,62,39
./benchmark_tests/original/Biere/bitcell_16_2/pec_bit_cell_arbiter_2_86.dqdimacs,63,39
./benchmark_tests/original/Biere/bitcell_16_2/pec_bit_cell_arbiter_2_86.dqdimacs,64,40
./benchmark_tests/original/Biere/bitcell_16_2/pec_bit_cell_arbiter_2_86.dqdimacs,65,39
./benchmark_tests/original/Biere/bitcell_16_2/pec_bit_cell_arbiter_2_86.dqdimacs,66,39
./benchmark_tests/original/Biere/bitcell_16_2/pec_bit_cell_arbiter_2_86.dqdimacs,67,39
./benchmark_tests/original/Biere/bitcell_16_2/pec_bit_cell_arbiter_2_86.dqdimacs,68,40
./benchmark_tests/original/Biere/bitcell_16_2/pec_bit_cell_arbiter_2_86.dqdimacs,69,39
./benchmark_tests/original/Biere/bitcell_16_2/pec_bit_cell_arbiter_2_86.dqdimacs,70,39
./benchmark_tests/original/Biere/bitcell_16_2/pec_bit_cell_arbiter_2_86.dqdimacs,71,39
./benchmark_tests/original/Biere/bitcell_16_2/pec_bit_cell_arbiter_2_86.dqdimacs,72,39
./benchmark_tests/original/Biere/bitcell_16_2/pec_bit_cell_arbiter_2_86.dqdimacs,73,39
./benchmark_tests/original/Biere/bitcell_16_2/pec_bit_cell_arbiter_2_86.dqdimacs,74,39
./benchmark_tests/original/Biere/bitcell_16_2/pec_bit_cell_arbiter_2_86.dqdimacs,75,39
./benchmark_tests/original/Biere/bitcell_16_2/pec_bit_cell_arbiter_2_86.dqdimacs,76,39
./benchmark_tests/original/Biere/bitcell_16_2/pec_bit_cell_arbiter_2_86.dqdimacs,77,39
./benchmark_tests/original/Biere/bitcell_16_2/pec_bit_cell_arbiter_2_86.dqdimacs,79,39
./benchmark_tests/original/Biere/bitcell_16_2/pec_bit_cell_arbiter_2_86.dqdimacs,80,40
./benchmark_tests/original/Biere/bitcell_16_2/pec_bit_cell_arbiter_2_86.dqdimacs,81,40
./benchmark_tests/original/Biere/bitcell_16_2/pec_bit_cell_arbiter_2_86.dqdimacs,83,39
./benchmark_tests/original/Biere/bitcell_16_2/pec_bit_cell_arbiter_2_86.dqdimacs,84,40
./benchmark_tests/original/Biere/bitcell_16_2/pec_bit_cell_arbiter_2_86.dqdimacs,85,39
./benchmark_tests/original/Biere/bitcell_16_2/pec_bit_cell_arbiter_2_86.dqdimacs,86,39
./benchmark_tests/original/Biere/bitcell_16_2/pec_bit_cell_arbiter_2_86.dqdimacs,87,39
./benchmark_tests/original/Biere/bitcell_16_2/pec_bit_cell_arbiter_2_86.dqdimacs,89,38
./benchmark_tests/original/Biere/bitcell_16_2/pec_bit_cell_arbiter_2_86.dqdimacs,90,39
./benchmark_tests/original/Biere/bitcell_16_2/pec_bit_cell_arbiter_2_86.dqdimacs,91,39
./benchmark_tests/original/Biere/bitcell_16_2/pec_bit_cell_arbiter_2_86.dqdimacs,92,39
./benchmark_tests/original/Biere/bitcell_16_2/pec_bit_cell_arbiter_2_86.dqdimacs,93,40
./benchmark_tests/original/Biere/bitcell_16_2/pec_bit_cell_arbiter_2_86.dqdimacs,95,39
./benchmark_tests/original/Biere/bitcell_16_2/pec_bit_cell_arbiter_2_86.dqdimacs,96,39
./benchmark_tests/original/Biere/bitcell_16_2/pec_bit_cell_arbiter_2_86.dqdimacs,97,39
./benchmark_tests/original/Biere/bitcell_16_2/pec_bit_cell_arbiter_2_86.dqdimacs,98,39
./benchmark_tests/original/Biere/bitcell_16_2/pec_bit_cell_arbiter_2_86.dqdimacs,99,39
./benchmark_tests/original/Biere/bitcell_16_2/pec_bit_cell_arbiter_2_86.dqdimacs,101,38
./benchmark_tests/original/Biere/bitcell_16_2/pec_bit_cell_arbiter_2_86.dqdimacs,102,39
./benchmark_tests/original/Biere/bitcell_16_2/pec_bit_cell_arbiter_2_86.dqdimacs,103,39
./benchmark_tests/original/Biere/bitcell_16_2/pec_bit_cell_arbiter_2_86.dqdimacs,104,38
./benchmark_tests/original/Biere/bitcell_16_2/pec_bit_cell_arbiter_2_86.dqdimacs,105,39
./benchmark_tests/original/Biere/bitcell_16_2/pec_bit_cell_arbiter_2_86.dqdimacs,107,38
./benchmark_tests/original/Biere/bitcell_16_2/pec_bit_cell_arbiter_2_86.dqdimacs,108,39
./benchmark_tests/original/Biere/bitcell_16_2/pec_bit_cell_arbiter_2_86.dqdimacs,109,40
./benchmark_tests/original/Biere/bitcell_16_2/pec_bit_cell_arbiter_2_86.dqdimacs,110,39
./benchmark_tests/original/Biere/bitcell_16_2/pec_bit_cell_arbiter_2_86.dqdimacs,111,40
./benchmark_tests/original/Biere/bitcell_16_2/pec_bit_cell_arbiter_2_86.dqdimacs,112,39
./benchmark_tests/original/Biere/bitcell_16_2/pec_bit_cell_arbiter_2_86.dqdimacs,113,39
./benchmark_tests/original/Biere/bitcell_16_2/pec_bit_cell_arbiter_2_86.dqdimacs,114,39
./benchmark_tests/original/Biere/bitcell_16_2/pec_bit_cell_arbiter_2_86.dqdimacs,115,40
./benchmark_tests/original/Biere/bitcell_16_2/pec_bit_cell_arbiter_2_86.dqdimacs,116,39
./benchmark_tests/original/Biere/bitcell_16_2/pec_bit_cell_arbiter_2_875.dqdimacs,3,189
./benchmark_tests/original/Biere/bitcell_16_2/pec_bit_cell_arbiter_2_875.dqdimacs,5,185
./benchmark_tests/original/Biere/bitcell_16_2/pec_bit_cell_arbiter_2_875.dqdimacs,7,185
./benchmark_tests/original/Biere/bitcell_16_2/pec_bit_cell_arbiter_2_875.dqdimacs,9,186
./benchmark_tests/original/Biere/bitcell_16_2/pec_bit_cell_arbiter_2_875.dqdimacs,11,185
./benchmark_tests/original/Biere/bitcell_16_2/pec_bit_cell_arbiter_2_875.dqdimacs,13,185
./benchmark_tests/original/Biere/bitcell_16_2/pec_bit_cell_arbiter_2_875.dqdimacs,14,184
./benchmark_tests/original/Biere/bitcell_16_2/pec_bit_cell_arbiter_2_875.dqdimacs,15,184
./benchmark_tests/original/Biere/bitcell_16_2/pec_bit_cell_arbiter_2_875.dqdimacs,16,210
./benchmark_tests/original/Biere/bitcell_16_2/pec_bit_cell_arbiter_2_875.dqdimacs,17,137
./benchmark_tests/original/Biere/bitcell_16_2/pec_bit_cell_arbiter_2_875.dqdimacs,18,126
./benchmark_tests/original/Biere/bitcell_16_2/pec_bit_cell_arbiter_2_875.dqdimacs,19,115
./benchmark_tests/original/Biere/bitcell_16_2/pec_bit_cell_arbiter_2_875.dqdimacs,20,106
./benchmark_tests/original/Biere/bitcell_16_2/pec_bit_cell_arbiter_2_875.dqdimacs,21,98
./benchmark_tests/original/Biere/bitcell_16_2/pec_bit_cell_arbiter_2_875.dqdimacs,22,93
./benchmark_tests/original/Biere/bitcell_16_2/pec_bit_cell_arbiter_2_875.dqdimacs,25,86
./benchmark_tests/original/Biere/bitcell_16_2/pec_bit_cell_arbiter_2_875.dqdimacs,27,85
./benchmark_tests/original/Biere/bitcell_16_2/pec_bit_cell_arbiter_2_875.dqdimacs,29,85
./benchmark_tests/original/Biere/bitcell_16_2/pec_bit_cell_arbiter_2_875.dqdimacs,31,85
./benchmark_tests/original/Biere/bitcell_16_2/pec_bit_cell_arbiter_2_875.dqdimacs,33,86
./benchmark_tests/original/Biere/bitcell_16_2/pec_bit_cell_arbiter_2_875.dqdimacs,35,85
./benchmark_tests/original/Biere/bitcell_16_2/pec_bit_cell_arbiter_2_875.dqdimacs,37,87
./benchmark_tests/original/Biere/bitcell_16_2/pec_bit_cell_arbiter_2_875.dqdimacs,39,86
./benchmark_tests/original/Biere/bitcell_16_2/pec_bit_cell_arbiter_2_875.dqdimacs,41,86
./benchmark_tests/original/Biere/bitcell_16_2/pec_bit_cell_arbiter_2_875.dqdimacs,43,85
./benchmark_tests/original/Biere/bitcell_16_2/pec_bit_cell_arbiter_2_875.dqdimacs,44,86
./benchmark_tests/original/Biere/bitcell_16_2/pec_bit_cell_arbiter_2_875.dqdimacs,45,86
./benchmark_tests/original/Biere/bitcell_16_2/pec_bit_cell_arbiter_2_875.dqdimacs,46,86
./benchmark_tests/original/Biere/bitcell_16_2/pec_bit_cell_arbiter_2_875.dqdimacs,47,91
./benchmark_tests/original/Biere/bitcell_16_2/pec_bit_cell_arbiter_2_875.dqdimacs,48,98
./benchmark_tests/original/Biere/bitcell_16_2/pec_bit_cell_arbiter_2_875.dqdimacs,49,98
./benchmark_tests/original/Biere/bitcell_16_2/pec_bit_cell_arbiter_2_875.dqdimacs,50,98
./benchmark_tests/original/Biere/bitcell_16_2/pec_bit_cell_arbiter_2_875.dqdimacs,51,98
./benchmark_tests/original/Biere/bitcell_16_2/pec_bit_cell_arbiter_2_875.dqdimacs,52,98
./benchmark_tests/original/Biere/bitcell_16_2/pec_bit_cell_arbiter_2_875.dqdimacs,53,99
./benchmark_tests/original/Biere/bitcell_16_2/pec_bit_cell_arbiter_2_875.dqdimacs,54,98
./benchmark_tests/original/Biere/bitcell_16_2/pec_bit_cell_arbiter_2_875.dqdimacs,55,98
./benchmark_tests/original/Biere/bitcell_16_2/pec_bit_cell_arbiter_2_875.dqdimacs,56,99
./benchmark_tests/original/Biere/bitcell_16_2/pec_bit_cell_arbiter_2_875.dqdimacs,57,98
./benchmark_tests/original/Biere/bitcell_16_2/pec_bit_cell_arbiter_2_875.dqdimacs,58,98
./benchmark_tests/original/Biere/bitcell_16_2/pec_bit_cell_arbiter_2_875.dqdimacs,59,98
./benchmark_tests/original/Biere/bitcell_16_2/pec_bit_cell_arbiter_2_875.dqdimacs,60,98
./benchmark_tests/original/Biere/bitcell_16_2/pec_bit_cell_arbiter_2_875.dqdimacs,61,98
./benchmark_tests/original/Biere/bitcell_16_2/pec_bit_cell_arbiter_2_875.dqdimacs,62,97
./benchmark_tests/original/Biere/bitcell_16_2/pec_bit_cell_arbiter_2_875.dqdimacs,63,98
./benchmark_tests/original/Biere/bitcell_16_2/pec_bit_cell_arbiter_2_875.dqdimacs,64,97
./benchmark_tests/original/Biere/bitcell_16_2/pec_bit_cell_arbiter_2_875.dqdimacs,65,98
./benchmark_tests/original/Biere/bitcell_16_2/pec_bit_cell_arbiter_2_875.dqdimacs,66,97
./benchmark_tests/original/Biere/bitcell_16_2/pec_bit_cell_arbiter_2_875.dqdimacs,67,98
./benchmark_tests/original/Biere/bitcell_16_2/pec_bit_cell_arbiter_2_875.dqdimacs,68,97
./benchmark_tests/original/Biere/bitcell_16_2/pec_bit_cell_arbiter_2_875.dqdimacs,69,98
./benchmark_tests/original/Biere/bitcell_16_2/pec_bit_cell_arbiter_2_875.dqdimacs,70,97
./benchmark_tests/original/Biere/bitcell_16_2/pec_bit_cell_arbiter_2_875.dqdimacs,71,98
./benchmark_tests/original/Biere/bitcell_16_2/pec_bit_cell_arbiter_2_875.dqdimacs,72,98
./benchmark_tests/original/Biere/bitcell_16_2/pec_bit_cell_arbiter_2_875.dqdimacs,73,98
./benchmark_tests/original/Biere/bitcell_16_2/pec_bit_cell_arbiter_2_875.dqdimacs,74,98
./benchmark_tests/original/Biere/bitcell_16_2/pec_bit_cell_arbiter_2_875.dqdimacs,75,98
./benchmark_tests/original/Biere/bitcell_16_2/pec_bit_cell_arbiter_2_875.dqdimacs,76,98
./benchmark_tests/original/Biere/bitcell_16_2/pec_bit_cell_arbiter_2_875.dqdimacs,77,98
./benchmark_tests/original/Biere/bitcell_16_2/pec_bit_cell_arbiter_2_875.dqdimacs,78,98
./benchmark_tests/original/Biere/bitcell_16_2/pec_bit_cell_arbiter_2_875.dqdimacs,79,99
./benchmark_tests/original/Biere/bitcell_16_2/pec_bit_cell_arbiter_2_875.dqdimacs,80,98
./benchmark_tests/original/Biere/bitcell_16_2/pec_bit_cell_arbiter_2_875.dqdimacs,81,98
./benchmark_tests/original/Biere/bitcell_16_2/pec_bit_cell_arbiter_2_875.dqdimacs,82,98
./benchmark_tests/original/Biere/bitcell_16_2/pec_bit_cell_arbiter_2_875.dqdimacs,83,98
./benchmark_tests/original/Biere/bitcell_16_2/pec_bit_cell_arbiter_2_875.dqdimacs,84,98
./benchmark_tests/original/Biere/bitcell_16_2/pec_bit_cell_arbiter_2_875.dqdimacs,85,99
./benchmark_tests/original/Biere/bitcell_16_2/pec_bit_cell_arbiter_2_875.dqdimacs,86,97
./benchmark_tests/original/Biere/bitcell_16_2/pec_bit_cell_arbiter_2_875.dqdimacs,87,98
./benchmark_tests/original/Biere/bitcell_16_2/pec_bit_cell_arbiter_2_875.dqdimacs,88,98
./benchmark_tests/original/Biere/bitcell_16_2/pec_bit_cell_arbiter_2_875.dqdimacs,89,97
./benchmark_tests/original/Biere/bitcell_16_2/pec_bit_cell_arbiter_2_875.dqdimacs,90,97
./benchmark_tests/original/Biere/bitcell_16_2/pec_bit_cell_arbiter_2_875.dqdimacs,91,98
./benchmark_tests/original/Biere/bitcell_16_2/pec_bit_cell_arbiter_2_875.dqdimacs,92,97
./benchmark_tests/original/Biere/bitcell_16_2/pec_bit_cell_arbiter_2_875.dqdimacs,93,98
./benchmark_tests/original/Biere/bitcell_16_2/pec_bit_cell_arbiter_2_875.dqdimacs,94,98
./benchmark_tests/original/Biere/bitcell_16_2/pec_bit_cell_arbiter_2_875.dqdimacs,95,98
./benchmark_tests/original/Biere/bitcell_16_2/pec_bit_cell_arbiter_2_875.dqdimacs,96,98
./benchmark_tests/original/Biere/bitcell_16_2/pec_bit_cell_arbiter_2_875.dqdimacs,97,98
./benchmark_tests/original/Biere/bitcell_16_2/pec_bit_cell_arbiter_2_875.dqdimacs,98,97
./benchmark_tests/original/Biere/bitcell_16_2/pec_bit_cell_arbiter_2_875.dqdimacs,99,98
./benchmark_tests/original/Biere/bitcell_16_2/pec_bit_cell_arbiter_2_875.dqdimacs,100,98
./benchmark_tests/original/Biere/bitcell_16_2/pec_bit_cell_arbiter_2_875.dqdimacs,101,98
./benchmark_tests/original/Biere/bitcell_16_2/pec_bit_cell_arbiter_2_875.dqdimacs,102,98
./benchmark_tests/original/Biere/bitcell_16_2/pec_bit_cell_arbiter_2_875.dqdimacs,103,99
./benchmark_tests/original/Biere/bitcell_16_2/pec_bit_cell_arbiter_2_875.dqdimacs,104,97
./benchmark_tests/original/Biere/bitcell_16_2/pec_bit_cell_arbiter_2_875.dqdimacs,105,97
./benchmark_tests/original/Biere/bitcell_16_2/pec_bit_cell_arbiter_2_875.dqdimacs,106,97
./benchmark_tests/original/Biere/bitcell_16_2/pec_bit_cell_arbiter_2_875.dqdimacs,108,99
./benchmark_tests/original/Biere/bitcell_16_2/pec_bit_cell_arbiter_2_875.dqdimacs,109,98
./benchmark_tests/original/Biere/bitcell_16_2/pec_bit_cell_arbiter_2_875.dqdimacs,110,99
./benchmark_tests/original/Biere/bitcell_16_2/pec_bit_cell_arbiter_2_875.dqdimacs,111,98
./benchmark_tests/original/Biere/bitcell_16_2/pec_bit_cell_arbiter_2_875.dqdimacs,112,99
./benchmark_tests/original/Biere/bitcell_16_2/pec_bit_cell_arbiter_2_875.dqdimacs,113,98
./benchmark_tests/original/Biere/bitcell_16_2/pec_bit_cell_arbiter_2_875.dqdimacs,114,99
./benchmark_tests/original/Biere/bitcell_16_2/pec_bit_cell_arbiter_2_875.dqdimacs,115,97
./benchmark_tests/original/Biere/bitcell_16_2/pec_bit_cell_arbiter_2_887.dqdimacs,3,126
./benchmark_tests/original/Biere/bitcell_16_2/pec_bit_cell_arbiter_2_887.dqdimacs,5,121
./benchmark_tests/original/Biere/bitcell_16_2/pec_bit_cell_arbiter_2_887.dqdimacs,6,115
./benchmark_tests/original/Biere/bitcell_16_2/pec_bit_cell_arbiter_2_887.dqdimacs,7,93
./benchmark_tests/original/Biere/bitcell_16_2/pec_bit_cell_arbiter_2_887.dqdimacs,8,92
./benchmark_tests/original/Biere/bitcell_16_2/pec_bit_cell_arbiter_2_887.dqdimacs,9,93
./benchmark_tests/original/Biere/bitcell_16_2/pec_bit_cell_arbiter_2_887.dqdimacs,10,138
./benchmark_tests/original/Biere/bitcell_16_2/pec_bit_cell_arbiter_2_887.dqdimacs,11,93
./benchmark_tests/original/Biere/bitcell_16_2/pec_bit_cell_arbiter_2_887.dqdimacs,14,92
./benchmark_tests/original/Biere/bitcell_16_2/pec_bit_cell_arbiter_2_887.dqdimacs,15,92
./benchmark_tests/original/Biere/bitcell_16_2/pec_bit_cell_arbiter_2_887.dqdimacs,16,92
./benchmark_tests/original/Biere/bitcell_16_2/pec_bit_cell_arbiter_2_887.dqdimacs,17,92
./benchmark_tests/original/Biere/bitcell_16_2/pec_bit_cell_arbiter_2_887.dqdimacs,18,91
./benchmark_tests/original/Biere/bitcell_16_2/pec_bit_cell_arbiter_2_887.dqdimacs,19,91
./benchmark_tests/original/Biere/bitcell_16_2/pec_bit_cell_arbiter_2_887.dqdimacs,20,89
./benchmark_tests/original/Biere/bitcell_16_2/pec_bit_cell_arbiter_2_887.dqdimacs,21,86
./benchmark_tests/original/Biere/bitcell_16_2/pec_bit_cell_arbiter_2_887.dqdimacs,22,82
./benchmark_tests/original/Biere/bitcell_16_2/pec_bit_cell_arbiter_2_887.dqdimacs,23,79
./benchmark_tests/original/Biere/bitcell_16_2/pec_bit_cell_arbiter_2_887.dqdimacs,24,76
./benchmark_tests/original/Biere/bitcell_16_2/pec_bit_cell_arbiter_2_887.dqdimacs,25,72
./benchmark_tests/original/Biere/bitcell_16_2/pec_bit_cell_arbiter_2_887.dqdimacs,26,71
./benchmark_tests/original/Biere/bitcell_16_2/pec_bit_cell_arbiter_2_887.dqdimacs,27,65
./benchmark_tests/original/Biere/bitcell_16_2/pec_bit_cell_arbiter_2_887.dqdimacs,28,62
./benchmark_tests/original/Biere/bitcell_16_2/pec_bit_cell_arbiter_2_887.dqdimacs,29,59
./benchmark_tests/original/Biere/bitcell_16_2/pec_bit_cell_arbiter_2_887.dqdimacs,30,62
./benchmark_tests/original/Biere/bitcell_16_2/pec_bit_cell_arbiter_2_887.dqdimacs,32,54
./benchmark_tests/original/Biere/bitcell_16_2/pec_bit_cell_arbiter_2_887.dqdimacs,33,52
./benchmark_tests/original/Biere/bitcell_16_2/pec_bit_cell_arbiter_2_887.dqdimacs,34,51
./benchmark_tests/original/Biere/bitcell_16_2/pec_bit_cell_arbiter_2_887.dqdimacs,35,51
./benchmark_tests/original/Biere/bitcell_16_2/pec_bit_cell_arbiter_2_887.dqdimacs,36,50
./benchmark_tests/original/Biere/bitcell_16_2/pec_bit_cell_arbiter_2_887.dqdimacs,38,50
./benchmark_tests/original/Biere/bitcell_16_2/pec_bit_cell_arbiter_2_887.dqdimacs,39,50
./benchmark_tests/original/Biere/bitcell_16_2/pec_bit_cell_arbiter_2_887.dqdimacs,40,50
./benchmark_tests/original/Biere/bitcell_16_2/pec_bit_cell_arbiter_2_887.dqdimacs,41,50
./benchmark_tests/original/Biere/bitcell_16_2/pec_bit_cell_arbiter_2_887.dqdimacs,42,50
./benchmark_tests/original/Biere/bitcell_16_2/pec_bit_cell_arbiter_2_887.dqdimacs,43,50
./benchmark_tests/original/Biere/bitcell_16_2/pec_bit_cell_arbiter_2_887.dqdimacs,44,50
./benchmark_tests/original/Biere/bitcell_16_2/pec_bit_cell_arbiter_2_887.dqdimacs,46,50
./benchmark_tests/original/Biere/bitcell_16_2/pec_bit_cell_arbiter_2_887.dqdimacs,47,50
./benchmark_tests/original/Biere/bitcell_16_2/pec_bit_cell_arbiter_2_887.dqdimacs,48,51
./benchmark_tests/original/Biere/bitcell_16_2/pec_bit_cell_arbiter_2_887.dqdimacs,49,51
./benchmark_tests/original/Biere/bitcell_16_2/pec_bit_cell_arbiter_2_887.dqdimacs,50,50
./benchmark_tests/original/Biere/bitcell_16_2/pec_bit_cell_arbiter_2_887.dqdimacs,51,50
./benchmark_tests/original/Biere/bitcell_16_2/pec_bit_cell_arbiter_2_887.dqdimacs,52,50
./benchmark_tests/original/Biere/bitcell_16_2/pec_bit_cell_arbiter_2_887.dqdimacs,54,50
./benchmark_tests/original/Biere/bitcell_16_2/pec_bit_cell_arbiter_2_887.dqdimacs,55,50
./benchmark_tests/original/Biere/bitcell_16_2/pec_bit_cell_arbiter_2_887.dqdimacs,56,50
./benchmark_tests/original/Biere/bitcell_16_2/pec_bit_cell_arbiter_2_887.dqdimacs,57,50
./benchmark_tests/original/Biere/bitcell_16_2/pec_bit_cell_arbiter_2_887.dqdimacs,58,50
./benchmark_tests/original/Biere/bitcell_16_2/pec_bit_cell_arbiter_2_887.dqdimacs,59,51
./benchmark_tests/original/Biere/bitcell_16_2/pec_bit_cell_arbiter_2_887.dqdimacs,60,51
./benchmark_tests/original/Biere/bitcell_16_2/pec_bit_cell_arbiter_2_887.dqdimacs,62,51
./benchmark_tests/original/Biere/bitcell_16_2/pec_bit_cell_arbiter_2_887.dqdimacs,63,52
./benchmark_tests/original/Biere/bitcell_16_2/pec_bit_cell_arbiter_2_887.dqdimacs,64,50
./benchmark_tests/original/Biere/bitcell_16_2/pec_bit_cell_arbiter_2_887.dqdimacs,65,50
./benchmark_tests/original/Biere/bitcell_16_2/pec_bit_cell_arbiter_2_887.dqdimacs,66,50
./benchmark_tests/original/Biere/bitcell_16_2/pec_bit_cell_arbiter_2_887.dqdimacs,67,50
./benchmark_tests/original/Biere/bitcell_16_2/pec_bit_cell_arbiter_2_887.dqdimacs,68,50
./benchmark_tests/original/Biere/bitcell_16_2/pec_bit_cell_arbiter_2_887.dqdimacs,70,50
./benchmark_tests/original/Biere/bitcell_16_2/pec_bit_cell_arbiter_2_887.dqdimacs,71,50
./benchmark_tests/original/Biere/bitcell_16_2/pec_bit_cell_arbiter_2_887.dqdimacs,72,50
./benchmark_tests/original/Biere/bitcell_16_2/pec_bit_cell_arbiter_2_887.dqdimacs,73,50
./benchmark_tests/original/Biere/bitcell_16_2/pec_bit_cell_arbiter_2_887.dqdimacs,74,51
./benchmark_tests/original/Biere/bitcell_16_2/pec_bit_cell_arbiter_2_887.dqdimacs,75,51
./benchmark_tests/original/Biere/bitcell_16_2/pec_bit_cell_arbiter_2_887.dqdimacs,76,51
./benchmark_tests/original/Biere/bitcell_16_2/pec_bit_cell_arbiter_2_887.dqdimacs,78,50
./benchmark_tests/original/Biere/bitcell_16_2/pec_bit_cell_arbiter_2_887.dqdimacs,79,51
./benchmark_tests/original/Biere/bitcell_16_2/pec_bit_cell_arbiter_2_887.dqdimacs,80,50
./benchmark_tests/original/Biere/bitcell_16_2/pec_bit_cell_arbiter_2_887.dqdimacs,81,51
./benchmark_tests/original/Biere/bitcell_16_2/pec_bit_cell_arbiter_2_887.dqdimacs,82,51
./benchmark_tests/original/Biere/bitcell_16_2/pec_bit_cell_arbiter_2_887.dqdimacs,83,51
./benchmark_tests/original/Biere/bitcell_16_2/pec_bit_cell_arbiter_2_887.dqdimacs,84,51
./benchmark_tests/original/Biere/bitcell_16_2/pec_bit_cell_arbiter_2_887.dqdimacs,86,50
./benchmark_tests/original/Biere/bitcell_16_2/pec_bit_cell_arbiter_2_887.dqdimacs,87,51
./benchmark_tests/original/Biere/bitcell_16_2/pec_bit_cell_arbiter_2_887.dqdimacs,88,51
./benchmark_tests/original/Biere/bitcell_16_2/pec_bit_cell_arbiter_2_887.dqdimacs,89,51
./benchmark_tests/original/Biere/bitcell_16_2/pec_bit_cell_arbiter_2_887.dqdimacs,90,51
./benchmark_tests/original/Biere/bitcell_16_2/pec_bit_cell_arbiter_2_887.dqdimacs,91,51
./benchmark_tests/original/Biere/bitcell_16_2/pec_bit_cell_arbiter_2_887.dqdimacs,92,50
./benchmark_tests/original/Biere/bitcell_16_2/pec_bit_cell_arbiter_2_887.dqdimacs,94,50
./benchmark_tests/original/Biere/bitcell_16_2/pec_bit_cell_arbiter_2_887.dqdimacs,95,50
./benchmark_tests/original/Biere/bitcell_16_2/pec_bit_cell_arbiter_2_887.dqdimacs,96,49
./benchmark_tests/original/Biere/bitcell_16_2/pec_bit_cell_arbiter_2_887.dqdimacs,97,50
./benchmark_tests/original/Biere/bitcell_16_2/pec_bit_cell_arbiter_2_887.dqdimacs,98,51
./benchmark_tests/original/Biere/bitcell_16_2/pec_bit_cell_arbiter_2_887.dqdimacs,99,51
./benchmark_tests/original/Biere/bitcell_16_2/pec_bit_cell_arbiter_2_887.dqdimacs,100,51
./benchmark_tests/original/Biere/bitcell_16_2/pec_bit_cell_arbiter_2_887.dqdimacs,102,52
./benchmark_tests/original/Biere/bitcell_16_2/pec_bit_cell_arbiter_2_887.dqdimacs,103,51
./benchmark_tests/original/Biere/bitcell_16_2/pec_bit_cell_arbiter_2_887.dqdimacs,104,51
./benchmark_tests/original/Biere/bitcell_16_2/pec_bit_cell_arbiter_2_887.dqdimacs,105,51
./benchmark_tests/original/Biere/bitcell_16_2/pec_bit_cell_arbiter_2_887.dqdimacs,106,51
./benchmark_tests/original/Biere/bitcell_16_2/pec_bit_cell_arbiter_2_887.dqdimacs,107,51
./benchmark_tests/original/Biere/bitcell_16_2/pec_bit_cell_arbiter_2_887.dqdimacs,108,51
./benchmark_tests/original/Biere/bitcell_16_2/pec_bit_cell_arbiter_2_887.dqdimacs,110,51
./benchmark_tests/original/Biere/bitcell_16_2/pec_bit_cell_arbiter_2_887.dqdimacs,111,51
./benchmark_tests/original/Biere/bitcell_16_2/pec_bit_cell_arbiter_2_887.dqdimacs,112,51
./benchmark_tests/original/Biere/bitcell_16_2/pec_bit_cell_arbiter_2_887.dqdimacs,113,51
./benchmark_tests/original/Biere/bitcell_16_2/pec_bit_cell_arbiter_2_887.dqdimacs,114,51
./benchmark_tests/original/Biere/bitcell_16_2/pec_bit_cell_arbiter_2_887.dqdimacs,115,52
./benchmark_tests/original/Biere/bitcell_16_2/pec_bit_cell_arbiter_2_887.dqdimacs,116,51
./benchmark_tests/original/Biere/bitcell_16_2/pec_bit_cell_arbiter_2_887.dqdimacs,118,50
./benchmark_tests/original/Biere/bitcell_16_2/pec_bit_cell_arbiter_2_887.dqdimacs,119,51
./benchmark_tests/original/Biere/bitcell_16_2/pec_bit_cell_arbiter_2_887.dqdimacs,120,49
./benchmark_tests/original/Biere/bitcell_16_2/pec_bit_cell_arbiter_2_887.dqdimacs,121,50
./benchmark_tests/original/Biere/bitcell_16_2/pec_bit_cell_arbiter_2_887.dqdimacs,122,51
./benchmark_tests/original/Biere/bitcell_16_2/pec_bit_cell_arbiter_2_887.dqdimacs,123,51
./benchmark_tests/original/Biere/bitcell_16_2/pec_bit_cell_arbiter_2_887.dqdimacs,124,51
./benchmark_tests/original/Biere/bitcell_16_2/pec_bit_cell_arbiter_2_887.dqdimacs,126,50
./benchmark_tests/original/Biere/bitcell_16_2/pec_bit_cell_arbiter_2_887.dqdimacs,127,51
./benchmark_tests/original/Biere/bitcell_16_2/pec_bit_cell_arbiter_2_887.dqdimacs,128,51
./benchmark_tests/original/Biere/bitcell_16_2/pec_bit_cell_arbiter_2_887.dqdimacs,129,51
./benchmark_tests/original/Biere/bitcell_16_2/pec_bit_cell_arbiter_2_887.dqdimacs,130,51
./benchmark_tests/original/Biere/bitcell_16_2/pec_bit_cell_arbiter_2_887.dqdimacs,131,51
./benchmark_tests/original/Biere/bitcell_16_2/pec_bit_cell_arbiter_2_887.dqdimacs,132,50
./benchmark_tests/original/Biere/bitcell_16_2/pec_bit_cell_arbiter_2_887.dqdimacs,134,50
./benchmark_tests/original/Biere/bitcell_16_2/pec_bit_cell_arbiter_2_887.dqdimacs,135,51
./benchmark_tests/original/Biere/bitcell_16_2/pec_bit_cell_arbiter_2_887.dqdimacs,136,52
./benchmark_tests/original/Biere/bitcell_16_2/pec_bit_cell_arbiter_2_887.dqdimacs,137,52
./benchmark_tests/original/Biere/bitcell_16_2/pec_bit_cell_arbiter_2_887.dqdimacs,138,52
./benchmark_tests/original/Biere/bitcell_16_2/pec_bit_cell_arbiter_2_887.dqdimacs,139,52
./benchmark_tests/original/Biere/bitcell_16_2/pec_bit_cell_arbiter_2_887.dqdimacs,140,51
./benchmark_tests/original/Biere/bitcell_16_2/pec_bit_cell_arbiter_2_887.dqdimacs,141,50
./benchmark_tests/original/Biere/bitcell_16_2/pec_bit_cell_arbiter_2_887.dqdimacs,142,51
./benchmark_tests/original/Biere/bitcell_16_2/pec_bit_cell_arbiter_2_887.dqdimacs,143,51
./benchmark_tests/original/Biere/bitcell_16_2/pec_bit_cell_arbiter_2_887.dqdimacs,144,51
./benchmark_tests/original/Biere/bitcell_16_2/pec_bit_cell_arbiter_2_887.dqdimacs,145,51
./benchmark_tests/original/Biere/bitcell_16_2/pec_bit_cell_arbiter_2_887.dqdimacs,146,51
./benchmark_tests/original/Biere/bitcell_16_2/pec_bit_cell_arbiter_2_899.dqdimacs,3,99
./benchmark_tests/original/Biere/bitcell_16_2/pec_bit_cell_arbiter_2_899.dqdimacs,5,94
./benchmark_tests/original/Biere/bitcell_16_2/pec_bit_cell_arbiter_2_899.dqdimacs,7,94
./benchmark_tests/original/Biere/bitcell_16_2/pec_bit_cell_arbiter_2_899.dqdimacs,9,94
./benchmark_tests/original/Biere/bitcell_16_2/pec_bit_cell_arbiter_2_899.dqdimacs,11,94
./benchmark_tests/original/Biere/bitcell_16_2/pec_bit_cell_arbiter_2_899.dqdimacs,12,94
./benchmark_tests/original/Biere/bitcell_16_2/pec_bit_cell_arbiter_2_899.dqdimacs,13,94
./benchmark_tests/original/Biere/bitcell_16_2/pec_bit_cell_arbiter_2_899.dqdimacs,14,94
./benchmark_tests/original/Biere/bitcell_16_2/pec_bit_cell_arbiter_2_899.dqdimacs,15,94
./benchmark_tests/original/Biere/bitcell_16_2/pec_bit_cell_arbiter_2_899.dqdimacs,16,94
./benchmark_tests/original/Biere/bitcell_16_2/pec_bit_cell_arbiter_2_899.dqdimacs,17,94
./benchmark_tests/original/Biere/bitcell_16_2/pec_bit_cell_arbiter_2_899.dqdimacs,18,137
./benchmark_tests/original/Biere/bitcell_16_2/pec_bit_cell_arbiter_2_899.dqdimacs,19,70
./benchmark_tests/original/Biere/bitcell_16_2/pec_bit_cell_arbiter_2_899.dqdimacs,20,69
./benchmark_tests/original/Biere/bitcell_16_2/pec_bit_cell_arbiter_2_899.dqdimacs,21,68
./benchmark_tests/original/Biere/bitcell_16_2/pec_bit_cell_arbiter_2_899.dqdimacs,22,68
./benchmark_tests/original/Biere/bitcell_16_2/pec_bit_cell_arbiter_2_899.dqdimacs,23,66
./benchmark_tests/original/Biere/bitcell_16_2/pec_bit_cell_arbiter_2_899.dqdimacs,24,65
./benchmark_tests/original/Biere/bitcell_16_2/pec_bit_cell_arbiter_2_899.dqdimacs,25,63
./benchmark_tests/original/Biere/bitcell_16_2/pec_bit_cell_arbiter_2_899.dqdimacs,26,61
./benchmark_tests/original/Biere/bitcell_16_2/pec_bit_cell_arbiter_2_899.dqdimacs,27,59
./benchmark_tests/original/Biere/bitcell_16_2/pec_bit_cell_arbiter_2_899.dqdimacs,28,57
./benchmark_tests/original/Biere/bitcell_16_2/pec_bit_cell_arbiter_2_899.dqdimacs,29,55
./benchmark_tests/original/Biere/bitcell_16_2/pec_bit_cell_arbiter_2_899.dqdimacs,30,53
./benchmark_tests/original/Biere/bitcell_16_2/pec_bit_cell_arbiter_2_899.dqdimacs,31,52
./benchmark_tests/original/Biere/bitcell_16_2/pec_bit_cell_arbiter_2_899.dqdimacs,32,49
./benchmark_tests/original/Biere/bitcell_16_2/pec_bit_cell_arbiter_2_899.dqdimacs,33,47
./benchmark_tests/original/Biere/bitcell_16_2/pec_bit_cell_arbiter_2_899.dqdimacs,34,46
./benchmark_tests/original/Biere/bitcell_16_2/pec_bit_cell_arbiter_2_899.dqdimacs,35,44
./benchmark_tests/original/Biere/bitcell_16_2/pec_bit_cell_arbiter_2_899.dqdimacs,37,43
./benchmark_tests/original/Biere/bitcell_16_2/pec_bit_cell_arbiter_2_899.dqdimacs,38,42
./benchmark_tests/original/Biere/bitcell_16_2/pec_bit_cell_arbiter_2_899.dqdimacs,39,41
./benchmark_tests/original/Biere/bitcell_16_2/pec_bit_cell_arbiter_2_899.dqdimacs,41,39
./benchmark_tests/original/Biere/bitcell_16_2/pec_bit_cell_arbiter_2_899.dqdimacs,42,42
./benchmark_tests/original/Biere/bitcell_16_2/pec_bit_cell_arbiter_2_899.dqdimacs,43,37
./benchmark_tests/original/Biere/bitcell_16_2/pec_bit_cell_arbiter_2_899.dqdimacs,44,37
./benchmark_tests/original/Biere/bitcell_16_2/pec_bit_cell_arbiter_2_899.dqdimacs,45,37
./benchmark_tests/original/Biere/bitcell_16_2/pec_bit_cell_arbiter_2_899.dqdimacs,47,37
./benchmark_tests/original/Biere/bitcell_16_2/pec_bit_cell_arbiter_2_899.dqdimacs,48,36
./benchmark_tests/original/Biere/bitcell_16_2/pec_bit_cell_arbiter_2_899.dqdimacs,49,37
./benchmark_tests/original/Biere/bitcell_16_2/pec_bit_cell_arbiter_2_899.dqdimacs,50,37
./benchmark_tests/original/Biere/bitcell_16_2/pec_bit_cell_arbiter_2_899.dqdimacs,51,37
./benchmark_tests/original/Biere/bitcell_16_2/pec_bit_cell_arbiter_2_899.dqdimacs,53,37
./benchmark_tests/original/Biere/bitcell_16_2/pec_bit_cell_arbiter_2_899.dqdimacs,54,37
./benchmark_tests/original/Biere/bitcell_16_2/pec_bit_cell_arbiter_2_899.dqdimacs,55,37
./benchmark_tests/original/Biere/bitcell_16_2/pec_bit_cell_arbiter_2_899.dqdimacs,56,37
./benchmark_tests/original/Biere/bitcell_16_2/pec_bit_cell_arbiter_2_899.dqdimacs,57,37
./benchmark_tests/original/Biere/bitcell_16_2/pec_bit_cell_arbiter_2_899.dqdimacs,58,37
./benchmark_tests/original/Biere/bitcell_16_2/pec_bit_cell_arbiter_2_899.dqdimacs,59,36
./benchmark_tests/original/Biere/bitcell_16_2/pec_bit_cell_arbiter_2_899.dqdimacs,60,37
./benchmark_tests/original/Biere/bitcell_16_2/pec_bit_cell_arbiter_2_899.dqdimacs,62,37
./benchmark_tests/original/Biere/bitcell_16_2/pec_bit_cell_arbiter_2_899.dqdimacs,63,38
./benchmark_tests/original/Biere/bitcell_16_2/pec_bit_cell_arbiter_2_899.dqdimacs,64,38
./benchmark_tests/original/Biere/bitcell_16_2/pec_bit_cell_arbiter_2_899.dqdimacs,65,38
./benchmark_tests/original/Biere/bitcell_16_2/pec_bit_cell_arbiter_2_899.dqdimacs,66,38
./benchmark_tests/original/Biere/bitcell_16_2/pec_bit_cell_arbiter_2_899.dqdimacs,67,37
./benchmark_tests/original/Biere/bitcell_16_2/pec_bit_cell_arbiter_2_899.dqdimacs,68,38
./benchmark_tests/original/Biere/bitcell_16_2/pec_bit_cell_arbiter_2_899.dqdimacs,70,37
./benchmark_tests/original/Biere/bitcell_16_2/pec_bit_cell_arbiter_2_899.dqdimacs,71,37
./benchmark_tests/original/Biere/bitcell_16_2/pec_bit_cell_arbiter_2_899.dqdimacs,72,38
./benchmark_tests/original/Biere/bitcell_16_2/pec_bit_cell_arbiter_2_899.dqdimacs,73,37
./benchmark_tests/original/Biere/bitcell_16_2/pec_bit_cell_arbiter_2_899.dqdimacs,74,37
./benchmark_tests/original/Biere/bitcell_16_2/pec_bit_cell_arbiter_2_899.dqdimacs,75,37
./benchmark_tests/original/Biere/bitcell_16_2/pec_bit_cell_arbiter_2_899.dqdimacs,76,38
./benchmark_tests/original/Biere/bitcell_16_2/pec_bit_cell_arbiter_2_899.dqdimacs,78,37
./benchmark_tests/original/Biere/bitcell_16_2/pec_bit_cell_arbiter_2_899.dqdimacs,79,37
./benchmark_tests/original/Biere/bitcell_16_2/pec_bit_cell_arbiter_2_899.dqdimacs,80,37
./benchmark_tests/original/Biere/bitcell_16_2/pec_bit_cell_arbiter_2_899.dqdimacs,81,37
./benchmark_tests/original/Biere/bitcell_16_2/pec_bit_cell_arbiter_2_899.dqdimacs,82,37
./benchmark_tests/original/Biere/bitcell_16_2/pec_bit_cell_arbiter_2_899.dqdimacs,83,37
./benchmark_tests/original/Biere/bitcell_16_2/pec_bit_cell_arbiter_2_899.dqdimacs,84,37
./benchmark_tests/original/Biere/bitcell_16_2/pec_bit_cell_arbiter_2_899.dqdimacs,86,37
./benchmark_tests/original/Biere/bitcell_16_2/pec_bit_cell_arbiter_2_899.dqdimacs,87,37
./benchmark_tests/original/Biere/bitcell_16_2/pec_bit_cell_arbiter_2_899.dqdimacs,88,37
./benchmark_tests/original/Biere/bitcell_16_2/pec_bit_cell_arbiter_2_899.dqdimacs,89,37
./benchmark_tests/original/Biere/bitcell_16_2/pec_bit_cell_arbiter_2_899.dqdimacs,90,37
./benchmark_tests/original/Biere/bitcell_16_2/pec_bit_cell_arbiter_2_899.dqdimacs,91,37
./benchmark_tests/original/Biere/bitcell_16_2/pec_bit_cell_arbiter_2_899.dqdimacs,92,37
./benchmark_tests/original/Biere/bitcell_16_2/pec_bit_cell_arbiter_2_899.dqdimacs,94,37
./benchmark_tests/original/Biere/bitcell_16_2/pec_bit_cell_arbiter_2_899.dqdimacs,95,37
./benchmark_tests/original/Biere/bitcell_16_2/pec_bit_cell_arbiter_2_899.dqdimacs,96,37
./benchmark_tests/original/Biere/bitcell_16_2/pec_bit_cell_arbiter_2_899.dqdimacs,97,37
./benchmark_tests/original/Biere/bitcell_16_2/pec_bit_cell_arbiter_2_899.dqdimacs,98,37
./benchmark_tests/original/Biere/bitcell_16_2/pec_bit_cell_arbiter_2_899.dqdimacs,99,37
./benchmark_tests/original/Biere/bitcell_16_2/pec_bit_cell_arbiter_2_899.dqdimacs,100,37
./benchmark_tests/original/Biere/bitcell_16_2/pec_bit_cell_arbiter_2_899.dqdimacs,102,37
./benchmark_tests/original/Biere/bitcell_16_2/pec_bit_cell_arbiter_2_899.dqdimacs,103,37
./benchmark_tests/original/Biere/bitcell_16_2/pec_bit_cell_arbiter_2_899.dqdimacs,104,37
./benchmark_tests/original/Biere/bitcell_16_2/pec_bit_cell_arbiter_2_899.dqdimacs,105,37
./benchmark_tests/original/Biere/bitcell_16_2/pec_bit_cell_arbiter_2_899.dqdimacs,106,37
./benchmark_tests/original/Biere/bitcell_16_2/pec_bit_cell_arbiter_2_899.dqdimacs,107,37
./benchmark_tests/original/Biere/bitcell_16_2/pec_bit_cell_arbiter_2_899.dqdimacs,108,38
./benchmark_tests/original/Biere/bitcell_16_2/pec_bit_cell_arbiter_2_899.dqdimacs,110,37
./benchmark_tests/original/Biere/bitcell_16_2/pec_bit_cell_arbiter_2_899.dqdimacs,111,37
./benchmark_tests/original/Biere/bitcell_16_2/pec_bit_cell_arbiter_2_899.dqdimacs,112,37
./benchmark_tests/original/Biere/bitcell_16_2/pec_bit_cell_arbiter_2_899.dqdimacs,113,37
./benchmark_tests/original/Biere/bitcell_16_2/pec_bit_cell_arbiter_2_899.dqdimacs,114,37
./benchmark_tests/original/Biere/bitcell_16_2/pec_bit_cell_arbiter_2_899.dqdimacs,115,37
./benchmark_tests/original/Biere/bitcell_16_2/pec_bit_cell_arbiter_2_899.dqdimacs,116,38
./benchmark_tests/original/Biere/bitcell_16_2/pec_bit_cell_arbiter_2_899.dqdimacs,118,37
./benchmark_tests/original/Biere/bitcell_16_2/pec_bit_cell_arbiter_2_899.dqdimacs,119,37
./benchmark_tests/original/Biere/bitcell_16_2/pec_bit_cell_arbiter_2_899.dqdimacs,120,37
./benchmark_tests/original/Biere/bitcell_16_2/pec_bit_cell_arbiter_2_899.dqdimacs,121,37
./benchmark_tests/original/Biere/bitcell_16_2/pec_bit_cell_arbiter_2_899.dqdimacs,122,38
./benchmark_tests/original/Biere/bitcell_16_2/pec_bit_cell_arbiter_2_899.dqdimacs,123,37
./benchmark_tests/original/Biere/bitcell_16_2/pec_bit_cell_arbiter_2_899.dqdimacs,124,38
./benchmark_tests/original/Biere/bitcell_16_2/pec_bit_cell_arbiter_2_899.dqdimacs,125,37
./benchmark_tests/original/Biere/bitcell_16_2/pec_bit_cell_arbiter_2_899.dqdimacs,126,37
./benchmark_tests/original/Biere/bitcell_16_2/pec_bit_cell_arbiter_2_899.dqdimacs,127,37
./benchmark_tests/original/Biere/bitcell_16_2/pec_bit_cell_arbiter_2_899.dqdimacs,128,37
./benchmark_tests/original/Biere/bitcell_16_2/pec_bit_cell_arbiter_2_899.dqdimacs,129,37
./benchmark_tests/original/Biere/bitcell_16_2/pec_bit_cell_arbiter_2_899.dqdimacs,130,37
./benchmark_tests/original/Biere/bitcell_16_2/pec_bit_cell_arbiter_2_8.dqdimacs,3,188
./benchmark_tests/original/Biere/bitcell_16_2/pec_bit_cell_arbiter_2_8.dqdimacs,5,180
./benchmark_tests/original/Biere/bitcell_16_2/pec_bit_cell_arbiter_2_8.dqdimacs,7,160
./benchmark_tests/original/Biere/bitcell_16_2/pec_bit_cell_arbiter_2_8.dqdimacs,9,159
./benchmark_tests/original/Biere/bitcell_16_2/pec_bit_cell_arbiter_2_8.dqdimacs,10,159
./benchmark_tests/original/Biere/bitcell_16_2/pec_bit_cell_arbiter_2_8.dqdimacs,11,159
./benchmark_tests/original/Biere/bitcell_16_2/pec_bit_cell_arbiter_2_8.dqdimacs,12,159
./benchmark_tests/original/Biere/bitcell_16_2/pec_bit_cell_arbiter_2_8.dqdimacs,13,159
./benchmark_tests/original/Biere/bitcell_16_2/pec_bit_cell_arbiter_2_8.dqdimacs,14,158
./benchmark_tests/original/Biere/bitcell_16_2/pec_bit_cell_arbiter_2_8.dqdimacs,15,192
./benchmark_tests/original/Biere/bitcell_16_2/pec_bit_cell_arbiter_2_8.dqdimacs,16,146
./benchmark_tests/original/Biere/bitcell_16_2/pec_bit_cell_arbiter_2_8.dqdimacs,20,127
./benchmark_tests/original/Biere/bitcell_16_2/pec_bit_cell_arbiter_2_8.dqdimacs,22,115
./benchmark_tests/original/Biere/bitcell_16_2/pec_bit_cell_arbiter_2_8.dqdimacs,24,106
./benchmark_tests/original/Biere/bitcell_16_2/pec_bit_cell_arbiter_2_8.dqdimacs,26,98
./benchmark_tests/original/Biere/bitcell_16_2/pec_bit_cell_arbiter_2_8.dqdimacs,28,91
./benchmark_tests/original/Biere/bitcell_16_2/pec_bit_cell_arbiter_2_8.dqdimacs,30,86
./benchmark_tests/original/Biere/bitcell_16_2/pec_bit_cell_arbiter_2_8.dqdimacs,32,84
./benchmark_tests/original/Biere/bitcell_16_2/pec_bit_cell_arbiter_2_8.dqdimacs,34,84
./benchmark_tests/original/Biere/bitcell_16_2/pec_bit_cell_arbiter_2_8.dqdimacs,36,85
./benchmark_tests/original/Biere/bitcell_16_2/pec_bit_cell_arbiter_2_8.dqdimacs,37,84
./benchmark_tests/original/Biere/bitcell_16_2/pec_bit_cell_arbiter_2_8.dqdimacs,38,84
./benchmark_tests/original/Biere/bitcell_16_2/pec_bit_cell_arbiter_2_8.dqdimacs,39,85
./benchmark_tests/original/Biere/bitcell_16_2/pec_bit_cell_arbiter_2_8.dqdimacs,40,85
./benchmark_tests/original/Biere/bitcell_16_2/pec_bit_cell_arbiter_2_8.dqdimacs,41,84
./benchmark_tests/original/Biere/bitcell_16_2/pec_bit_cell_arbiter_2_8.dqdimacs,42,84
./benchmark_tests/original/Biere/bitcell_16_2/pec_bit_cell_arbiter_2_8.dqdimacs,43,84
./benchmark_tests/original/Biere/bitcell_16_2/pec_bit_cell_arbiter_2_8.dqdimacs,44,84
./benchmark_tests/original/Biere/bitcell_16_2/pec_bit_cell_arbiter_2_8.dqdimacs,45,84
./benchmark_tests/original/Biere/bitcell_16_2/pec_bit_cell_arbiter_2_8.dqdimacs,46,84
./benchmark_tests/original/Biere/bitcell_16_2/pec_bit_cell_arbiter_2_8.dqdimacs,47,84
./benchmark_tests/original/Biere/bitcell_16_2/pec_bit_cell_arbiter_2_8.dqdimacs,48,85
./benchmark_tests/original/Biere/bitcell_16_2/pec_bit_cell_arbiter_2_8.dqdimacs,49,85
./benchmark_tests/original/Biere/bitcell_16_2/pec_bit_cell_arbiter_2_8.dqdimacs,50,86
./benchmark_tests/original/Biere/bitcell_16_2/pec_bit_cell_arbiter_2_8.dqdimacs,51,84
./benchmark_tests/original/Biere/bitcell_16_2/pec_bit_cell_arbiter_2_8.dqdimacs,52,84
./benchmark_tests/original/Biere/bitcell_16_2/pec_bit_cell_arbiter_2_8.dqdimacs,53,84
./benchmark_tests/original/Biere/bitcell_16_2/pec_bit_cell_arbiter_2_8.dqdimacs,54,85
./benchmark_tests/original/Biere/bitcell_16_2/pec_bit_cell_arbiter_2_8.dqdimacs,55,84
./benchmark_tests/original/Biere/bitcell_16_2/pec_bit_cell_arbiter_2_8.dqdimacs,56,84
./benchmark_tests/original/Biere/bitcell_16_2/pec_bit_cell_arbiter_2_8.dqdimacs,57,85
./benchmark_tests/original/Biere/bitcell_16_2/pec_bit_cell_arbiter_2_8.dqdimacs,58,85
./benchmark_tests/original/Biere/bitcell_16_2/pec_bit_cell_arbiter_2_8.dqdimacs,59,85
./benchmark_tests/original/Biere/bitcell_16_2/pec_bit_cell_arbiter_2_8.dqdimacs,60,85
./benchmark_tests/original/Biere/bitcell_16_2/pec_bit_cell_arbiter_2_8.dqdimacs,61,85
./benchmark_tests/original/Biere/bitcell_16_2/pec_bit_cell_arbiter_2_8.dqdimacs,62,85
./benchmark_tests/original/Biere/bitcell_16_2/pec_bit_cell_arbiter_2_8.dqdimacs,63,85
./benchmark_tests/original/Biere/bitcell_16_2/pec_bit_cell_arbiter_2_8.dqdimacs,64,84
./benchmark_tests/original/Biere/bitcell_16_2/pec_bit_cell_arbiter_2_8.dqdimacs,65,85
./benchmark_tests/original/Biere/bitcell_16_2/pec_bit_cell_arbiter_2_8.dqdimacs,66,85
./benchmark_tests/original/Biere/bitcell_16_2/pec_bit_cell_arbiter_2_8.dqdimacs,67,84
./benchmark_tests/original/Biere/bitcell_16_2/pec_bit_cell_arbiter_2_8.dqdimacs,68,85
./benchmark_tests/original/Biere/bitcell_16_2/pec_bit_cell_arbiter_2_8.dqdimacs,69,84
./benchmark_tests/original/Biere/bitcell_16_2/pec_bit_cell_arbiter_2_8.dqdimacs,70,84
./benchmark_tests/original/Biere/bitcell_16_2/pec_bit_cell_arbiter_2_8.dqdimacs,71,85
./benchmark_tests/original/Biere/bitcell_16_2/pec_bit_cell_arbiter_2_8.dqdimacs,72,85
./benchmark_tests/original/Biere/bitcell_16_2/pec_bit_cell_arbiter_2_8.dqdimacs,73,85
./benchmark_tests/original/Biere/bitcell_16_2/pec_bit_cell_arbiter_2_8.dqdimacs,74,84
./benchmark_tests/original/Biere/bitcell_16_2/pec_bit_cell_arbiter_2_8.dqdimacs,75,85
./benchmark_tests/original/Biere/bitcell_16_2/pec_bit_cell_arbiter_2_8.dqdimacs,76,84
./benchmark_tests/original/Biere/bitcell_16_2/pec_bit_cell_arbiter_2_8.dqdimacs,77,85
./benchmark_tests/original/Biere/bitcell_16_2/pec_bit_cell_arbiter_2_8.dqdimacs,78,84
./benchmark_tests/original/Biere/bitcell_16_2/pec_bit_cell_arbiter_2_8.dqdimacs,79,85
./benchmark_tests/original/Biere/bitcell_16_2/pec_bit_cell_arbiter_2_8.dqdimacs,80,85
./benchmark_tests/original/Biere/bitcell_16_2/pec_bit_cell_arbiter_2_8.dqdimacs,81,85
./benchmark_tests/original/Biere/bitcell_16_2/pec_bit_cell_arbiter_2_8.dqdimacs,82,84
./benchmark_tests/original/Biere/bitcell_16_2/pec_bit_cell_arbiter_2_8.dqdimacs,83,84
./benchmark_tests/original/Biere/bitcell_16_2/pec_bit_cell_arbiter_2_8.dqdimacs,84,84
./benchmark_tests/original/Biere/bitcell_16_2/pec_bit_cell_arbiter_2_8.dqdimacs,85,85
./benchmark_tests/original/Biere/bitcell_16_2/pec_bit_cell_arbiter_2_8.dqdimacs,86,85
./benchmark_tests/original/Biere/bitcell_16_2/pec_bit_cell_arbiter_2_8.dqdimacs,87,84
./benchmark_tests/original/Biere/bitcell_16_2/pec_bit_cell_arbiter_2_8.dqdimacs,88,84
./benchmark_tests/original/Biere/bitcell_16_2/pec_bit_cell_arbiter_2_8.dqdimacs,89,85
./benchmark_tests/original/Biere/bitcell_16_2/pec_bit_cell_arbiter_2_8.dqdimacs,90,85
./benchmark_tests/original/Biere/bitcell_16_2/pec_bit_cell_arbiter_2_8.dqdimacs,91,85
./benchmark_tests/original/Biere/bitcell_16_2/pec_bit_cell_arbiter_2_8.dqdimacs,92,85
./benchmark_tests/original/Biere/bitcell_16_2/pec_bit_cell_arbiter_2_8.dqdimacs,94,85
./benchmark_tests/original/Biere/bitcell_16_2/pec_bit_cell_arbiter_2_8.dqdimacs,95,84
./benchmark_tests/original/Biere/bitcell_16_2/pec_bit_cell_arbiter_2_8.dqdimacs,96,84
./benchmark_tests/original/Biere/bitcell_16_2/pec_bit_cell_arbiter_2_8.dqdimacs,97,85
./benchmark_tests/original/Biere/bitcell_16_2/pec_bit_cell_arbiter_2_8.dqdimacs,98,85
./benchmark_tests/original/Biere/bitcell_16_2/pec_bit_cell_arbiter_2_8.dqdimacs,99,85
./benchmark_tests/original/Biere/bitcell_16_2/pec_bit_cell_arbiter_2_8.dqdimacs,101,84
./benchmark_tests/original/Biere/bitcell_16_2/pec_bit_cell_arbiter_2_8.dqdimacs,102,85
./benchmark_tests/original/Biere/bitcell_16_2/pec_bit_cell_arbiter_2_8.dqdimacs,103,84
./benchmark_tests/original/Biere/bitcell_16_2/pec_bit_cell_arbiter_2_8.dqdimacs,104,85
./benchmark_tests/original/Biere/bitcell_16_2/pec_bit_cell_arbiter_2_8.dqdimacs,105,85
./benchmark_tests/original/Biere/bitcell_16_2/pec_bit_cell_arbiter_2_8.dqdimacs,106,85
./benchmark_tests/original/Biere/bitcell_16_2/pec_bit_cell_arbiter_2_8.dqdimacs,107,85
./benchmark_tests/original/Biere/bitcell_16_2/pec_bit_cell_arbiter_2_8.dqdimacs,109,84
./benchmark_tests/original/Biere/bitcell_16_2/pec_bit_cell_arbiter_2_8.dqdimacs,110,84
./benchmark_tests/original/Biere/bitcell_16_2/pec_bit_cell_arbiter_2_8.dqdimacs,111,85
./benchmark_tests/original/Biere/bitcell_16_2/pec_bit_cell_arbiter_2_8.dqdimacs,112,85
./benchmark_tests/original/Biere/bitcell_16_2/pec_bit_cell_arbiter_2_8.dqdimacs,113,85
./benchmark_tests/original/Biere/bitcell_16_2/pec_bit_cell_arbiter_2_8.dqdimacs,114,86
./benchmark_tests/original/Biere/bitcell_16_2/pec_bit_cell_arbiter_2_8.dqdimacs,115,85
./benchmark_tests/original/Biere/bitcell_16_2/pec_bit_cell_arbiter_2_8.dqdimacs,116,84
./benchmark_tests/original/Biere/bitcell_16_2/pec_bit_cell_arbiter_2_8.dqdimacs,117,84
./benchmark_tests/original/Biere/bitcell_16_2/pec_bit_cell_arbiter_2_8.dqdimacs,118,85
./benchmark_tests/original/Biere/bitcell_16_2/pec_bit_cell_arbiter_2_8.dqdimacs,119,86
./benchmark_tests/original/Biere/bitcell_16_2/pec_bit_cell_arbiter_2_8.dqdimacs,120,85
./benchmark_tests/original/Biere/bitcell_16_2/pec_bit_cell_arbiter_2_8.dqdimacs,121,85
./benchmark_tests/original/Biere/bitcell_16_2/pec_bit_cell_arbiter_2_901.dqdimacs,3,218
./benchmark_tests/original/Biere/bitcell_16_2/pec_bit_cell_arbiter_2_901.dqdimacs,5,214
./benchmark_tests/original/Biere/bitcell_16_2/pec_bit_cell_arbiter_2_901.dqdimacs,7,210
./benchmark_tests/original/Biere/bitcell_16_2/pec_bit_cell_arbiter_2_901.dqdimacs,9,206
./benchmark_tests/original/Biere/bitcell_16_2/pec_bit_cell_arbiter_2_901.dqdimacs,11,187
./benchmark_tests/original/Biere/bitcell_16_2/pec_bit_cell_arbiter_2_901.dqdimacs,13,184
./benchmark_tests/original/Biere/bitcell_16_2/pec_bit_cell_arbiter_2_901.dqdimacs,15,184
./benchmark_tests/original/Biere/bitcell_16_2/pec_bit_cell_arbiter_2_901.dqdimacs,17,181
./benchmark_tests/original/Biere/bitcell_16_2/pec_bit_cell_arbiter_2_901.dqdimacs,18,169
./benchmark_tests/original/Biere/bitcell_16_2/pec_bit_cell_arbiter_2_901.dqdimacs,19,151
./benchmark_tests/original/Biere/bitcell_16_2/pec_bit_cell_arbiter_2_901.dqdimacs,20,137
./benchmark_tests/original/Biere/bitcell_16_2/pec_bit_cell_arbiter_2_901.dqdimacs,21,124
./benchmark_tests/original/Biere/bitcell_16_2/pec_bit_cell_arbiter_2_901.dqdimacs,22,115
./benchmark_tests/original/Biere/bitcell_16_2/pec_bit_cell_arbiter_2_901.dqdimacs,23,129
./benchmark_tests/original/Biere/bitcell_16_2/pec_bit_cell_arbiter_2_901.dqdimacs,24,99
./benchmark_tests/original/Biere/bitcell_16_2/pec_bit_cell_arbiter_2_901.dqdimacs,25,100
./benchmark_tests/original/Biere/bitcell_16_2/pec_bit_cell_arbiter_2_901.dqdimacs,26,99
./benchmark_tests/original/Biere/bitcell_16_2/pec_bit_cell_arbiter_2_901.dqdimacs,27,100
./benchmark_tests/original/Biere/bitcell_16_2/pec_bit_cell_arbiter_2_901.dqdimacs,28,100
./benchmark_tests/original/Biere/bitcell_16_2/pec_bit_cell_arbiter_2_901.dqdimacs,31,99
./benchmark_tests/original/Biere/bitcell_16_2/pec_bit_cell_arbiter_2_901.dqdimacs,33,99
./benchmark_tests/original/Biere/bitcell_16_2/pec_bit_cell_arbiter_2_901.dqdimacs,35,99
./benchmark_tests/original/Biere/bitcell_16_2/pec_bit_cell_arbiter_2_901.dqdimacs,37,100
./benchmark_tests/original/Biere/bitcell_16_2/pec_bit_cell_arbiter_2_901.dqdimacs,38,103
./benchmark_tests/original/Biere/bitcell_16_2/pec_bit_cell_arbiter_2_901.dqdimacs,39,98
./benchmark_tests/original/Biere/bitcell_16_2/pec_bit_cell_arbiter_2_901.dqdimacs,40,99
./benchmark_tests/original/Biere/bitcell_16_2/pec_bit_cell_arbiter_2_901.dqdimacs,41,98
./benchmark_tests/original/Biere/bitcell_16_2/pec_bit_cell_arbiter_2_901.dqdimacs,42,99
./benchmark_tests/original/Biere/bitcell_16_2/pec_bit_cell_arbiter_2_901.dqdimacs,43,100
./benchmark_tests/original/Biere/bitcell_16_2/pec_bit_cell_arbiter_2_901.dqdimacs,44,100
./benchmark_tests/original/Biere/bitcell_16_2/pec_bit_cell_arbiter_2_901.dqdimacs,45,100
./benchmark_tests/original/Biere/bitcell_16_2/pec_bit_cell_arbiter_2_901.dqdimacs,46,98
./benchmark_tests/original/Biere/bitcell_16_2/pec_bit_cell_arbiter_2_901.dqdimacs,47,100
./benchmark_tests/original/Biere/bitcell_16_2/pec_bit_cell_arbiter_2_901.dqdimacs,48,98
./benchmark_tests/original/Biere/bitcell_16_2/pec_bit_cell_arbiter_2_901.dqdimacs,49,100
./benchmark_tests/original/Biere/bitcell_16_2/pec_bit_cell_arbiter_2_901.dqdimacs,50,98
./benchmark_tests/original/Biere/bitcell_16_2/pec_bit_cell_arbiter_2_901.dqdimacs,51,100
./benchmark_tests/original/Biere/bitcell_16_2/pec_bit_cell_arbiter_2_901.dqdimacs,52,98
./benchmark_tests/original/Biere/bitcell_16_2/pec_bit_cell_arbiter_2_901.dqdimacs,53,98
./benchmark_tests/original/Biere/bitcell_16_2/pec_bit_cell_arbiter_2_901.dqdimacs,54,98
./benchmark_tests/original/Biere/bitcell_16_2/pec_bit_cell_arbiter_2_901.dqdimacs,55,100
./benchmark_tests/original/Biere/bitcell_16_2/pec_bit_cell_arbiter_2_901.dqdimacs,56,100
./benchmark_tests/original/Biere/bitcell_16_2/pec_bit_cell_arbiter_2_901.dqdimacs,57,100
./benchmark_tests/original/Biere/bitcell_16_2/pec_bit_cell_arbiter_2_901.dqdimacs,58,98
./benchmark_tests/original/Biere/bitcell_16_2/pec_bit_cell_arbiter_2_901.dqdimacs,59,99
./benchmark_tests/original/Biere/bitcell_16_2/pec_bit_cell_arbiter_2_901.dqdimacs,60,101
./benchmark_tests/original/Biere/bitcell_16_2/pec_bit_cell_arbiter_2_901.dqdimacs,61,101
./benchmark_tests/original/Biere/bitcell_16_2/pec_bit_cell_arbiter_2_901.dqdimacs,62,100
./benchmark_tests/original/Biere/bitcell_16_2/pec_bit_cell_arbiter_2_901.dqdimacs,63,100
./benchmark_tests/original/Biere/bitcell_16_2/pec_bit_cell_arbiter_2_901.dqdimacs,64,101
./benchmark_tests/original/Biere/bitcell_16_2/pec_bit_cell_arbiter_2_901.dqdimacs,65,100
./benchmark_tests/original/Biere/bitcell_16_2/pec_bit_cell_arbiter_2_901.dqdimacs,66,100
./benchmark_tests/original/Biere/bitcell_16_2/pec_bit_cell_arbiter_2_901.dqdimacs,67,99
./benchmark_tests/original/Biere/bitcell_16_2/pec_bit_cell_arbiter_2_901.dqdimacs,68,100
./benchmark_tests/original/Biere/bitcell_16_2/pec_bit_cell_arbiter_2_901.dqdimacs,69,100
./benchmark_tests/original/Biere/bitcell_16_2/pec_bit_cell_arbiter_2_901.dqdimacs,71,99
./benchmark_tests/original/Biere/bitcell_16_2/pec_bit_cell_arbiter_2_901.dqdimacs,72,98
./benchmark_tests/original/Biere/bitcell_16_2/pec_bit_cell_arbiter_2_901.dqdimacs,73,98
./benchmark_tests/original/Biere/bitcell_16_2/pec_bit_cell_arbiter_2_901.dqdimacs,74,100
./benchmark_tests/original/Biere/bitcell_16_2/pec_bit_cell_arbiter_2_901.dqdimacs,75,98
./benchmark_tests/original/Biere/bitcell_16_2/pec_bit_cell_arbiter_2_901.dqdimacs,76,101
./benchmark_tests/original/Biere/bitcell_16_2/pec_bit_cell_arbiter_2_901.dqdimacs,77,100
./benchmark_tests/original/Biere/bitcell_16_2/pec_bit_cell_arbiter_2_901.dqdimacs,78,101
./benchmark_tests/original/Biere/bitcell_16_2/pec_bit_cell_arbiter_2_901.dqdimacs,79,100
./benchmark_tests/original/Biere/bitcell_16_2/pec_bit_cell_arbiter_2_901.dqdimacs,80,100
./benchmark_tests/original/Biere/bitcell_16_2/pec_bit_cell_arbiter_2_901.dqdimacs,81,98
./benchmark_tests/original/Biere/bitcell_16_2/pec_bit_cell_arbiter_2_901.dqdimacs,82,99
./benchmark_tests/original/Biere/bitcell_16_2/pec_bit_cell_arbiter_2_901.dqdimacs,83,99
./benchmark_tests/original/Biere/bitcell_16_2/pec_bit_cell_arbiter_2_901.dqdimacs,84,99
./benchmark_tests/original/Biere/bitcell_16_2/pec_bit_cell_arbiter_2_901.dqdimacs,85,100
./benchmark_tests/original/Biere/bitcell_16_2/pec_bit_cell_arbiter_2_901.dqdimacs,86,100
./benchmark_tests/original/Biere/bitcell_16_2/pec_bit_cell_arbiter_2_901.dqdimacs,87,101
./benchmark_tests/original/Biere/bitcell_16_2/pec_bit_cell_arbiter_2_901.dqdimacs,88,99
./benchmark_tests/original/Biere/bitcell_16_2/pec_bit_cell_arbiter_2_901.dqdimacs,89,101
./benchmark_tests/original/Biere/bitcell_16_2/pec_bit_cell_arbiter_2_901.dqdimacs,90,100
./benchmark_tests/original/Biere/bitcell_16_2/pec_bit_cell_arbiter_2_901.dqdimacs,91,100
./benchmark_tests/original/Biere/bitcell_16_2/pec_bit_cell_arbiter_2_901.dqdimacs,92,101
./benchmark_tests/original/Biere/bitcell_16_2/pec_bit_cell_arbiter_2_901.dqdimacs,93,101
./benchmark_tests/original/Biere/bitcell_16_2/pec_bit_cell_arbiter_2_901.dqdimacs,94,101
./benchmark_tests/original/Biere/bitcell_16_2/pec_bit_cell_arbiter_2_901.dqdimacs,95,98
./benchmark_tests/original/Biere/bitcell_16_2/pec_bit_cell_arbiter_2_901.dqdimacs,97,100
./benchmark_tests/original/Biere/bitcell_16_2/pec_bit_cell_arbiter_2_901.dqdimacs,98,99
./benchmark_tests/original/Biere/bitcell_16_2/pec_bit_cell_arbiter_2_901.dqdimacs,99,100
./benchmark_tests/original/Biere/bitcell_16_2/pec_bit_cell_arbiter_2_901.dqdimacs,100,100
./benchmark_tests/original/Biere/bitcell_16_2/pec_bit_cell_arbiter_2_901.dqdimacs,102,100
./benchmark_tests/original/Biere/bitcell_16_2/pec_bit_cell_arbiter_2_901.dqdimacs,103,100
./benchmark_tests/original/Biere/bitcell_16_2/pec_bit_cell_arbiter_2_901.dqdimacs,104,100
./benchmark_tests/original/Biere/bitcell_16_2/pec_bit_cell_arbiter_2_901.dqdimacs,105,99
./benchmark_tests/original/Biere/bitcell_16_2/pec_bit_cell_arbiter_2_901.dqdimacs,106,99
./benchmark_tests/original/Biere/bitcell_16_2/pec_bit_cell_arbiter_2_901.dqdimacs,107,99
./benchmark_tests/original/Biere/bitcell_16_2/pec_bit_cell_arbiter_2_901.dqdimacs,108,99
./benchmark_tests/original/Biere/bitcell_16_2/pec_bit_cell_arbiter_2_901.dqdimacs,110,101
./benchmark_tests/original/Biere/bitcell_16_2/pec_bit_cell_arbiter_2_901.dqdimacs,111,99
./benchmark_tests/original/Biere/bitcell_16_2/pec_bit_cell_arbiter_2_901.dqdimacs,112,100
./benchmark_tests/original/Biere/bitcell_16_2/pec_bit_cell_arbiter_2_901.dqdimacs,113,101
./benchmark_tests/original/Biere/bitcell_16_2/pec_bit_cell_arbiter_2_901.dqdimacs,114,101
./benchmark_tests/original/Biere/bitcell_16_2/pec_bit_cell_arbiter_2_901.dqdimacs,115,101
./benchmark_tests/original/Biere/bitcell_16_2/pec_bit_cell_arbiter_2_901.dqdimacs,116,101
./benchmark_tests/original/Biere/bitcell_16_2/pec_bit_cell_arbiter_2_901.dqdimacs,118,98
./benchmark_tests/original/Biere/bitcell_16_2/pec_bit_cell_arbiter_2_901.dqdimacs,119,100
./benchmark_tests/original/Biere/bitcell_16_2/pec_bit_cell_arbiter_2_901.dqdimacs,120,99
./benchmark_tests/original/Biere/bitcell_16_2/pec_bit_cell_arbiter_2_901.dqdimacs,121,100
./benchmark_tests/original/Biere/bitcell_16_2/pec_bit_cell_arbiter_2_901.dqdimacs,122,99
./benchmark_tests/original/Biere/bitcell_16_2/pec_bit_cell_arbiter_2_901.dqdimacs,123,101
./benchmark_tests/original/Biere/bitcell_16_2/pec_bit_cell_arbiter_2_901.dqdimacs,124,99
./benchmark_tests/original/Biere/bitcell_16_2/pec_bit_cell_arbiter_2_901.dqdimacs,125,100
./benchmark_tests/original/Biere/bitcell_16_2/pec_bit_cell_arbiter_2_901.dqdimacs,126,101
./benchmark_tests/original/Biere/bitcell_16_2/pec_bit_cell_arbiter_2_901.dqdimacs,127,101
./benchmark_tests/original/Biere/bitcell_16_2/pec_bit_cell_arbiter_2_901.dqdimacs,128,101
./benchmark_tests/original/Biere/bitcell_16_2/pec_bit_cell_arbiter_2_901.dqdimacs,129,100
./benchmark_tests/original/Biere/bitcell_16_2/pec_bit_cell_arbiter_2_901.dqdimacs,130,98
./benchmark_tests/original/Biere/bitcell_16_2/pec_bit_cell_arbiter_2_906.dqdimacs,3,277
./benchmark_tests/original/Biere/bitcell_16_2/pec_bit_cell_arbiter_2_906.dqdimacs,5,274
./benchmark_tests/original/Biere/bitcell_16_2/pec_bit_cell_arbiter_2_906.dqdimacs,7,272
./benchmark_tests/original/Biere/bitcell_16_2/pec_bit_cell_arbiter_2_906.dqdimacs,8,271
./benchmark_tests/original/Biere/bitcell_16_2/pec_bit_cell_arbiter_2_906.dqdimacs,9,271
./benchmark_tests/original/Biere/bitcell_16_2/pec_bit_cell_arbiter_2_906.dqdimacs,10,265
./benchmark_tests/original/Biere/bitcell_16_2/pec_bit_cell_arbiter_2_906.dqdimacs,11,235
./benchmark_tests/original/Biere/bitcell_16_2/pec_bit_cell_arbiter_2_906.dqdimacs,12,231
./benchmark_tests/original/Biere/bitcell_16_2/pec_bit_cell_arbiter_2_906.dqdimacs,13,159
./benchmark_tests/original/Biere/bitcell_16_2/pec_bit_cell_arbiter_2_906.dqdimacs,16,141
./benchmark_tests/original/Biere/bitcell_16_2/pec_bit_cell_arbiter_2_906.dqdimacs,18,132
./benchmark_tests/original/Biere/bitcell_16_2/pec_bit_cell_arbiter_2_906.dqdimacs,20,132
./benchmark_tests/original/Biere/bitcell_16_2/pec_bit_cell_arbiter_2_906.dqdimacs,22,132
./benchmark_tests/original/Biere/bitcell_16_2/pec_bit_cell_arbiter_2_906.dqdimacs,24,131
./benchmark_tests/original/Biere/bitcell_16_2/pec_bit_cell_arbiter_2_906.dqdimacs,26,132
./benchmark_tests/original/Biere/bitcell_16_2/pec_bit_cell_arbiter_2_906.dqdimacs,28,131
./benchmark_tests/original/Biere/bitcell_16_2/pec_bit_cell_arbiter_2_906.dqdimacs,30,132
./benchmark_tests/original/Biere/bitcell_16_2/pec_bit_cell_arbiter_2_906.dqdimacs,31,132
./benchmark_tests/original/Biere/bitcell_16_2/pec_bit_cell_arbiter_2_906.dqdimacs,32,138
./benchmark_tests/original/Biere/bitcell_16_2/pec_bit_cell_arbiter_2_906.dqdimacs,33,145
./benchmark_tests/original/Biere/bitcell_16_2/pec_bit_cell_arbiter_2_906.dqdimacs,34,143
./benchmark_tests/original/Biere/bitcell_16_2/pec_bit_cell_arbiter_2_906.dqdimacs,35,145
./benchmark_tests/original/Biere/bitcell_16_2/pec_bit_cell_arbiter_2_906.dqdimacs,36,144
./benchmark_tests/original/Biere/bitcell_16_2/pec_bit_cell_arbiter_2_906.dqdimacs,37,144
./benchmark_tests/original/Biere/bitcell_16_2/pec_bit_cell_arbiter_2_906.dqdimacs,38,145
./benchmark_tests/original/Biere/bitcell_16_2/pec_bit_cell_arbiter_2_906.dqdimacs,39,144
./benchmark_tests/original/Biere/bitcell_16_2/pec_bit_cell_arbiter_2_906.dqdimacs,40,144
./benchmark_tests/original/Biere/bitcell_16_2/pec_bit_cell_arbiter_2_906.dqdimacs,41,144
./benchmark_tests/original/Biere/bitcell_16_2/pec_bit_cell_arbiter_2_906.dqdimacs,42,144
./benchmark_tests/original/Biere/bitcell_16_2/pec_bit_cell_arbiter_2_906.dqdimacs,43,144
./benchmark_tests/original/Biere/bitcell_16_2/pec_bit_cell_arbiter_2_906.dqdimacs,44,143
./benchmark_tests/original/Biere/bitcell_16_2/pec_bit_cell_arbiter_2_906.dqdimacs,45,144
./benchmark_tests/original/Biere/bitcell_16_2/pec_bit_cell_arbiter_2_906.dqdimacs,46,144
./benchmark_tests/original/Biere/bitcell_16_2/pec_bit_cell_arbiter_2_906.dqdimacs,47,144
./benchmark_tests/original/Biere/bitcell_16_2/pec_bit_cell_arbiter_2_906.dqdimacs,48,145
./benchmark_tests/original/Biere/bitcell_16_2/pec_bit_cell_arbiter_2_906.dqdimacs,49,145
./benchmark_tests/original/Biere/bitcell_16_2/pec_bit_cell_arbiter_2_906.dqdimacs,50,144
./benchmark_tests/original/Biere/bitcell_16_2/pec_bit_cell_arbiter_2_906.dqdimacs,52,144
./benchmark_tests/original/Biere/bitcell_16_2/pec_bit_cell_arbiter_2_906.dqdimacs,53,144
./benchmark_tests/original/Biere/bitcell_16_2/pec_bit_cell_arbiter_2_906.dqdimacs,54,144
./benchmark_tests/original/Biere/bitcell_16_2/pec_bit_cell_arbiter_2_906.dqdimacs,55,143
./benchmark_tests/original/Biere/bitcell_16_2/pec_bit_cell_arbiter_2_906.dqdimacs,56,144
./benchmark_tests/original/Biere/bitcell_16_2/pec_bit_cell_arbiter_2_906.dqdimacs,57,144
./benchmark_tests/original/Biere/bitcell_16_2/pec_bit_cell_arbiter_2_906.dqdimacs,58,145
./benchmark_tests/original/Biere/bitcell_16_2/pec_bit_cell_arbiter_2_906.dqdimacs,59,145
./benchmark_tests/original/Biere/bitcell_16_2/pec_bit_cell_arbiter_2_906.dqdimacs,60,145
./benchmark_tests/original/Biere/bitcell_16_2/pec_bit_cell_arbiter_2_906.dqdimacs,61,145
./benchmark_tests/original/Biere/bitcell_16_2/pec_bit_cell_arbiter_2_906.dqdimacs,62,144
./benchmark_tests/original/Biere/bitcell_16_2/pec_bit_cell_arbiter_2_906.dqdimacs,63,143
./benchmark_tests/original/Biere/bitcell_16_2/pec_bit_cell_arbiter_2_906.dqdimacs,64,145
./benchmark_tests/original/Biere/bitcell_16_2/pec_bit_cell_arbiter_2_906.dqdimacs,65,144
./benchmark_tests/original/Biere/bitcell_16_2/pec_bit_cell_arbiter_2_906.dqdimacs,66,146
./benchmark_tests/original/Biere/bitcell_16_2/pec_bit_cell_arbiter_2_906.dqdimacs,67,145
./benchmark_tests/original/Biere/bitcell_16_2/pec_bit_cell_arbiter_2_906.dqdimacs,68,144
./benchmark_tests/original/Biere/bitcell_16_2/pec_bit_cell_arbiter_2_906.dqdimacs,69,144
./benchmark_tests/original/Biere/bitcell_16_2/pec_bit_cell_arbiter_2_906.dqdimacs,70,144
./benchmark_tests/original/Biere/bitcell_16_2/pec_bit_cell_arbiter_2_906.dqdimacs,71,145
./benchmark_tests/original/Biere/bitcell_16_2/pec_bit_cell_arbiter_2_906.dqdimacs,72,146
./benchmark_tests/original/Biere/bitcell_16_2/pec_bit_cell_arbiter_2_906.dqdimacs,73,145
./benchmark_tests/original/Biere/bitcell_16_2/pec_bit_cell_arbiter_2_906.dqdimacs,74,145
./benchmark_tests/original/Biere/bitcell_16_2/pec_bit_cell_arbiter_2_906.dqdimacs,75,145
./benchmark_tests/original/Biere/bitcell_16_2/pec_bit_cell_arbiter_2_906.dqdimacs,76,145
./benchmark_tests/original/Biere/bitcell_16_2/pec_bit_cell_arbiter_2_906.dqdimacs,77,145
./benchmark_tests/original/Biere/bitcell_16_2/pec_bit_cell_arbiter_2_906.dqdimacs,78,145
./benchmark_tests/original/Biere/bitcell_16_2/pec_bit_cell_arbiter_2_906.dqdimacs,79,144
./benchmark_tests/original/Biere/bitcell_16_2/pec_bit_cell_arbiter_2_906.dqdimacs,80,145
./benchmark_tests/original/Biere/bitcell_16_2/pec_bit_cell_arbiter_2_906.dqdimacs,81,145
./benchmark_tests/original/Biere/bitcell_16_2/pec_bit_cell_arbiter_2_906.dqdimacs,82,144
./benchmark_tests/original/Biere/bitcell_16_2/pec_bit_cell_arbiter_2_906.dqdimacs,83,145
./benchmark_tests/original/Biere/bitcell_16_2/pec_bit_cell_arbiter_2_906.dqdimacs,84,145
./benchmark_tests/original/Biere/bitcell_16_2/pec_bit_cell_arbiter_2_906.dqdimacs,85,145
./benchmark_tests/original/Biere/bitcell_16_2/pec_bit_cell_arbiter_2_906.dqdimacs,86,144
./benchmark_tests/original/Biere/bitcell_16_2/pec_bit_cell_arbiter_2_906.dqdimacs,87,145
./benchmark_tests/original/Biere/bitcell_16_2/pec_bit_cell_arbiter_2_906.dqdimacs,88,145
./benchmark_tests/original/Biere/bitcell_16_2/pec_bit_cell_arbiter_2_906.dqdimacs,89,145
./benchmark_tests/original/Biere/bitcell_16_2/pec_bit_cell_arbiter_2_906.dqdimacs,90,145
./benchmark_tests/original/Biere/bitcell_16_2/pec_bit_cell_arbiter_2_906.dqdimacs,91,145
./benchmark_tests/original/Biere/bitcell_16_2/pec_bit_cell_arbiter_2_906.dqdimacs,92,146
./benchmark_tests/original/Biere/bitcell_16_2/pec_bit_cell_arbiter_2_906.dqdimacs,93,144
./benchmark_tests/original/Biere/bitcell_16_2/pec_bit_cell_arbiter_2_906.dqdimacs,94,146
./benchmark_tests/original/Biere/bitcell_16_2/pec_bit_cell_arbiter_2_906.dqdimacs,95,145
./benchmark_tests/original/Biere/bitcell_16_2/pec_bit_cell_arbiter_2_906.dqdimacs,96,145
./benchmark_tests/original/Biere/bitcell_16_2/pec_bit_cell_arbiter_2_906.dqdimacs,98,145
./benchmark_tests/original/Biere/bitcell_16_2/pec_bit_cell_arbiter_2_906.dqdimacs,99,145
./benchmark_tests/original/Biere/bitcell_16_2/pec_bit_cell_arbiter_2_906.dqdimacs,100,145
./benchmark_tests/original/Biere/bitcell_16_2/pec_bit_cell_arbiter_2_906.dqdimacs,101,145
./benchmark_tests/original/Biere/bitcell_16_2/pec_bit_cell_arbiter_2_906.dqdimacs,102,145
./benchmark_tests/original/Biere/bitcell_16_2/pec_bit_cell_arbiter_2_906.dqdimacs,104,144
./benchmark_tests/original/Biere/bitcell_16_2/pec_bit_cell_arbiter_2_906.dqdimacs,105,145
./benchmark_tests/original/Biere/bitcell_16_2/pec_bit_cell_arbiter_2_906.dqdimacs,106,144
./benchmark_tests/original/Biere/bitcell_16_2/pec_bit_cell_arbiter_2_906.dqdimacs,107,146
./benchmark_tests/original/Biere/bitcell_16_2/pec_bit_cell_arbiter_2_906.dqdimacs,108,145
./benchmark_tests/original/Biere/bitcell_16_2/pec_bit_cell_arbiter_2_906.dqdimacs,109,146
./benchmark_tests/original/Biere/bitcell_16_2/pec_bit_cell_arbiter_2_906.dqdimacs,110,146
./benchmark_tests/original/Biere/bitcell_16_2/pec_bit_cell_arbiter_2_906.dqdimacs,112,144
./benchmark_tests/original/Biere/bitcell_16_2/pec_bit_cell_arbiter_2_906.dqdimacs,113,145
./benchmark_tests/original/Biere/bitcell_16_2/pec_bit_cell_arbiter_2_906.dqdimacs,114,145
./benchmark_tests/original/Biere/bitcell_16_2/pec_bit_cell_arbiter_2_906.dqdimacs,115,145
./benchmark_tests/original/Biere/bitcell_16_2/pec_bit_cell_arbiter_2_906.dqdimacs,116,145
./benchmark_tests/original/Biere/bitcell_16_2/pec_bit_cell_arbiter_2_906.dqdimacs,117,145
./benchmark_tests/original/Biere/bitcell_16_2/pec_bit_cell_arbiter_2_906.dqdimacs,118,146
./benchmark_tests/original/Biere/bitcell_16_2/pec_bit_cell_arbiter_2_906.dqdimacs,120,144
./benchmark_tests/original/Biere/bitcell_16_2/pec_bit_cell_arbiter_2_906.dqdimacs,121,145
./benchmark_tests/original/Biere/bitcell_16_2/pec_bit_cell_arbiter_2_906.dqdimacs,122,145
./benchmark_tests/original/Biere/bitcell_16_2/pec_bit_cell_arbiter_2_906.dqdimacs,123,148
./benchmark_tests/original/Biere/bitcell_16_2/pec_bit_cell_arbiter_2_906.dqdimacs,124,147
./benchmark_tests/original/Biere/bitcell_16_2/pec_bit_cell_arbiter_2_906.dqdimacs,125,149
./benchmark_tests/original/Biere/bitcell_16_2/pec_bit_cell_arbiter_2_906.dqdimacs,126,147
./benchmark_tests/original/Biere/bitcell_16_2/pec_bit_cell_arbiter_2_906.dqdimacs,128,145
./benchmark_tests/original/Biere/bitcell_16_2/pec_bit_cell_arbiter_2_906.dqdimacs,129,146
./benchmark_tests/original/Biere/bitcell_16_2/pec_bit_cell_arbiter_2_906.dqdimacs,130,145
./benchmark_tests/original/Biere/bitcell_16_2/pec_bit_cell_arbiter_2_906.dqdimacs,131,146
./benchmark_tests/original/Biere/bitcell_16_2/pec_bit_cell_arbiter_2_906.dqdimacs,132,147
./benchmark_tests/original/Biere/bitcell_16_2/pec_bit_cell_arbiter_2_906.dqdimacs,133,146
./benchmark_tests/original/Biere/bitcell_16_2/pec_bit_cell_arbiter_2_906.dqdimacs,134,147
./benchmark_tests/original/Biere/bitcell_16_2/pec_bit_cell_arbiter_2_906.dqdimacs,135,145
./benchmark_tests/original/Biere/bitcell_16_2/pec_bit_cell_arbiter_2_906.dqdimacs,136,146
./benchmark_tests/original/Biere/bitcell_16_2/pec_bit_cell_arbiter_2_906.dqdimacs,137,147
./benchmark_tests/original/Biere/bitcell_16_2/pec_bit_cell_arbiter_2_906.dqdimacs,138,146
./benchmark_tests/original/Biere/bitcell_16_2/pec_bit_cell_arbiter_2_906.dqdimacs,139,146
./benchmark_tests/original/Biere/bitcell_16_2/pec_bit_cell_arbiter_2_906.dqdimacs,140,146
./benchmark_tests/original/Biere/bitcell_16_2/pec_bit_cell_arbiter_2_90.dqdimacs,3,238
./benchmark_tests/original/Biere/bitcell_16_2/pec_bit_cell_arbiter_2_90.dqdimacs,4,234
./benchmark_tests/original/Biere/bitcell_16_2/pec_bit_cell_arbiter_2_90.dqdimacs,5,229
./benchmark_tests/original/Biere/bitcell_16_2/pec_bit_cell_arbiter_2_90.dqdimacs,6,254
./benchmark_tests/original/Biere/bitcell_16_2/pec_bit_cell_arbiter_2_90.dqdimacs,7,208
./benchmark_tests/original/Biere/bitcell_16_2/pec_bit_cell_arbiter_2_90.dqdimacs,10,207
./benchmark_tests/original/Biere/bitcell_16_2/pec_bit_cell_arbiter_2_90.dqdimacs,12,205
./benchmark_tests/original/Biere/bitcell_16_2/pec_bit_cell_arbiter_2_90.dqdimacs,14,189
./benchmark_tests/original/Biere/bitcell_16_2/pec_bit_cell_arbiter_2_90.dqdimacs,16,169
./benchmark_tests/original/Biere/bitcell_16_2/pec_bit_cell_arbiter_2_90.dqdimacs,18,152
./benchmark_tests/original/Biere/bitcell_16_2/pec_bit_cell_arbiter_2_90.dqdimacs,20,136
./benchmark_tests/original/Biere/bitcell_16_2/pec_bit_cell_arbiter_2_90.dqdimacs,22,124
./benchmark_tests/original/Biere/bitcell_16_2/pec_bit_cell_arbiter_2_90.dqdimacs,24,114
./benchmark_tests/original/Biere/bitcell_16_2/pec_bit_cell_arbiter_2_90.dqdimacs,26,112
./benchmark_tests/original/Biere/bitcell_16_2/pec_bit_cell_arbiter_2_90.dqdimacs,28,112
./benchmark_tests/original/Biere/bitcell_16_2/pec_bit_cell_arbiter_2_90.dqdimacs,30,112
./benchmark_tests/original/Biere/bitcell_16_2/pec_bit_cell_arbiter_2_90.dqdimacs,32,112
./benchmark_tests/original/Biere/bitcell_16_2/pec_bit_cell_arbiter_2_90.dqdimacs,33,113
./benchmark_tests/original/Biere/bitcell_16_2/pec_bit_cell_arbiter_2_90.dqdimacs,34,112
./benchmark_tests/original/Biere/bitcell_16_2/pec_bit_cell_arbiter_2_90.dqdimacs,35,112
./benchmark_tests/original/Biere/bitcell_16_2/pec_bit_cell_arbiter_2_90.dqdimacs,36,117
./benchmark_tests/original/Biere/bitcell_16_2/pec_bit_cell_arbiter_2_90.dqdimacs,37,110
./benchmark_tests/original/Biere/bitcell_16_2/pec_bit_cell_arbiter_2_90.dqdimacs,38,111
./benchmark_tests/original/Biere/bitcell_16_2/pec_bit_cell_arbiter_2_90.dqdimacs,39,112
./benchmark_tests/original/Biere/bitcell_16_2/pec_bit_cell_arbiter_2_90.dqdimacs,40,112
./benchmark_tests/original/Biere/bitcell_16_2/pec_bit_cell_arbiter_2_90.dqdimacs,41,112
./benchmark_tests/original/Biere/bitcell_16_2/pec_bit_cell_arbiter_2_90.dqdimacs,42,112
./benchmark_tests/original/Biere/bitcell_16_2/pec_bit_cell_arbiter_2_90.dqdimacs,43,112
./benchmark_tests/original/Biere/bitcell_16_2/pec_bit_cell_arbiter_2_90.dqdimacs,44,112
./benchmark_tests/original/Biere/bitcell_16_2/pec_bit_cell_arbiter_2_90.dqdimacs,45,113
./benchmark_tests/original/Biere/bitcell_16_2/pec_bit_cell_arbiter_2_90.dqdimacs,46,113
./benchmark_tests/original/Biere/bitcell_16_2/pec_bit_cell_arbiter_2_90.dqdimacs,47,113
./benchmark_tests/original/Biere/bitcell_16_2/pec_bit_cell_arbiter_2_90.dqdimacs,48,112
./benchmark_tests/original/Biere/bitcell_16_2/pec_bit_cell_arbiter_2_90.dqdimacs,49,112
./benchmark_tests/original/Biere/bitcell_16_2/pec_bit_cell_arbiter_2_90.dqdimacs,50,112
./benchmark_tests/original/Biere/bitcell_16_2/pec_bit_cell_arbiter_2_90.dqdimacs,51,112
./benchmark_tests/original/Biere/bitcell_16_2/pec_bit_cell_arbiter_2_90.dqdimacs,52,112
./benchmark_tests/original/Biere/bitcell_16_2/pec_bit_cell_arbiter_2_90.dqdimacs,53,113
./benchmark_tests/original/Biere/bitcell_16_2/pec_bit_cell_arbiter_2_90.dqdimacs,54,112
./benchmark_tests/original/Biere/bitcell_16_2/pec_bit_cell_arbiter_2_90.dqdimacs,55,112
./benchmark_tests/original/Biere/bitcell_16_2/pec_bit_cell_arbiter_2_90.dqdimacs,56,112
./benchmark_tests/original/Biere/bitcell_16_2/pec_bit_cell_arbiter_2_90.dqdimacs,57,112
./benchmark_tests/original/Biere/bitcell_16_2/pec_bit_cell_arbiter_2_90.dqdimacs,58,111
./benchmark_tests/original/Biere/bitcell_16_2/pec_bit_cell_arbiter_2_90.dqdimacs,59,111
./benchmark_tests/original/Biere/bitcell_16_2/pec_bit_cell_arbiter_2_90.dqdimacs,60,114
./benchmark_tests/original/Biere/bitcell_16_2/pec_bit_cell_arbiter_2_90.dqdimacs,61,113
./benchmark_tests/original/Biere/bitcell_16_2/pec_bit_cell_arbiter_2_90.dqdimacs,62,113
./benchmark_tests/original/Biere/bitcell_16_2/pec_bit_cell_arbiter_2_90.dqdimacs,63,112
./benchmark_tests/original/Biere/bitcell_16_2/pec_bit_cell_arbiter_2_90.dqdimacs,64,112
./benchmark_tests/original/Biere/bitcell_16_2/pec_bit_cell_arbiter_2_90.dqdimacs,65,113
./benchmark_tests/original/Biere/bitcell_16_2/pec_bit_cell_arbiter_2_90.dqdimacs,66,113
./benchmark_tests/original/Biere/bitcell_16_2/pec_bit_cell_arbiter_2_90.dqdimacs,67,113
./benchmark_tests/original/Biere/bitcell_16_2/pec_bit_cell_arbiter_2_90.dqdimacs,68,113
./benchmark_tests/original/Biere/bitcell_16_2/pec_bit_cell_arbiter_2_90.dqdimacs,69,113
./benchmark_tests/original/Biere/bitcell_16_2/pec_bit_cell_arbiter_2_90.dqdimacs,70,113
./benchmark_tests/original/Biere/bitcell_16_2/pec_bit_cell_arbiter_2_90.dqdimacs,71,113
./benchmark_tests/original/Biere/bitcell_16_2/pec_bit_cell_arbiter_2_90.dqdimacs,72,113
./benchmark_tests/original/Biere/bitcell_16_2/pec_bit_cell_arbiter_2_90.dqdimacs,73,113
./benchmark_tests/original/Biere/bitcell_16_2/pec_bit_cell_arbiter_2_90.dqdimacs,74,113
./benchmark_tests/original/Biere/bitcell_16_2/pec_bit_cell_arbiter_2_90.dqdimacs,75,113
./benchmark_tests/original/Biere/bitcell_16_2/pec_bit_cell_arbiter_2_90.dqdimacs,76,113
./benchmark_tests/original/Biere/bitcell_16_2/pec_bit_cell_arbiter_2_90.dqdimacs,77,113
./benchmark_tests/original/Biere/bitcell_16_2/pec_bit_cell_arbiter_2_90.dqdimacs,78,113
./benchmark_tests/original/Biere/bitcell_16_2/pec_bit_cell_arbiter_2_90.dqdimacs,79,113
./benchmark_tests/original/Biere/bitcell_16_2/pec_bit_cell_arbiter_2_90.dqdimacs,80,112
./benchmark_tests/original/Biere/bitcell_16_2/pec_bit_cell_arbiter_2_90.dqdimacs,81,113
./benchmark_tests/original/Biere/bitcell_16_2/pec_bit_cell_arbiter_2_90.dqdimacs,82,113
./benchmark_tests/original/Biere/bitcell_16_2/pec_bit_cell_arbiter_2_90.dqdimacs,83,113
./benchmark_tests/original/Biere/bitcell_16_2/pec_bit_cell_arbiter_2_90.dqdimacs,84,114
./benchmark_tests/original/Biere/bitcell_16_2/pec_bit_cell_arbiter_2_90.dqdimacs,85,113
./benchmark_tests/original/Biere/bitcell_16_2/pec_bit_cell_arbiter_2_90.dqdimacs,86,113
./benchmark_tests/original/Biere/bitcell_16_2/pec_bit_cell_arbiter_2_90.dqdimacs,88,113
./benchmark_tests/original/Biere/bitcell_16_2/pec_bit_cell_arbiter_2_90.dqdimacs,89,112
./benchmark_tests/original/Biere/bitcell_16_2/pec_bit_cell_arbiter_2_90.dqdimacs,90,112
./benchmark_tests/original/Biere/bitcell_16_2/pec_bit_cell_arbiter_2_90.dqdimacs,92,112
./benchmark_tests/original/Biere/bitcell_16_2/pec_bit_cell_arbiter_2_90.dqdimacs,93,113
./benchmark_tests/original/Biere/bitcell_16_2/pec_bit_cell_arbiter_2_90.dqdimacs,94,112
./benchmark_tests/original/Biere/bitcell_16_2/pec_bit_cell_arbiter_2_90.dqdimacs,95,113
./benchmark_tests/original/Biere/bitcell_16_2/pec_bit_cell_arbiter_2_90.dqdimacs,96,112
./benchmark_tests/original/Biere/bitcell_16_2/pec_bit_cell_arbiter_2_90.dqdimacs,97,113
./benchmark_tests/original/Biere/bitcell_16_2/pec_bit_cell_arbiter_2_90.dqdimacs,98,113
./benchmark_tests/original/Biere/bitcell_16_2/pec_bit_cell_arbiter_2_90.dqdimacs,100,113
./benchmark_tests/original/Biere/bitcell_16_2/pec_bit_cell_arbiter_2_90.dqdimacs,101,112
./benchmark_tests/original/Biere/bitcell_16_2/pec_bit_cell_arbiter_2_90.dqdimacs,102,113
./benchmark_tests/original/Biere/bitcell_16_2/pec_bit_cell_arbiter_2_90.dqdimacs,103,113
./benchmark_tests/original/Biere/bitcell_16_2/pec_bit_cell_arbiter_2_90.dqdimacs,104,114
./benchmark_tests/original/Biere/bitcell_16_2/pec_bit_cell_arbiter_2_90.dqdimacs,105,113
./benchmark_tests/original/Biere/bitcell_16_2/pec_bit_cell_arbiter_2_90.dqdimacs,107,112
./benchmark_tests/original/Biere/bitcell_16_2/pec_bit_cell_arbiter_2_90.dqdimacs,108,113
./benchmark_tests/original/Biere/bitcell_16_2/pec_bit_cell_arbiter_2_90.dqdimacs,109,113
./benchmark_tests/original/Biere/bitcell_16_2/pec_bit_cell_arbiter_2_90.dqdimacs,110,113
./benchmark_tests/original/Biere/bitcell_16_2/pec_bit_cell_arbiter_2_90.dqdimacs,111,113
./benchmark_tests/original/Biere/bitcell_16_2/pec_bit_cell_arbiter_2_90.dqdimacs,112,114
./benchmark_tests/original/Biere/bitcell_16_2/pec_bit_cell_arbiter_2_90.dqdimacs,113,113
./benchmark_tests/original/Biere/bitcell_16_2/pec_bit_cell_arbiter_2_90.dqdimacs,114,113
./benchmark_tests/original/Biere/bitcell_16_2/pec_bit_cell_arbiter_2_90.dqdimacs,115,112
./benchmark_tests/original/Biere/bitcell_16_2/pec_bit_cell_arbiter_2_90.dqdimacs,116,113
./benchmark_tests/original/Biere/bitcell_16_2/pec_bit_cell_arbiter_2_90.dqdimacs,117,113
./benchmark_tests/original/Biere/bitcell_16_2/pec_bit_cell_arbiter_2_90.dqdimacs,118,113
./benchmark_tests/original/Biere/bitcell_16_2/pec_bit_cell_arbiter_2_90.dqdimacs,119,113
./benchmark_tests/original/Biere/bitcell_16_2/pec_bit_cell_arbiter_2_920.dqdimacs,3,234
./benchmark_tests/original/Biere/bitcell_16_2/pec_bit_cell_arbiter_2_920.dqdimacs,5,222
./benchmark_tests/original/Biere/bitcell_16_2/pec_bit_cell_arbiter_2_920.dqdimacs,7,201
./benchmark_tests/original/Biere/bitcell_16_2/pec_bit_cell_arbiter_2_920.dqdimacs,9,202
./benchmark_tests/original/Biere/bitcell_16_2/pec_bit_cell_arbiter_2_920.dqdimacs,11,203
./benchmark_tests/original/Biere/bitcell_16_2/pec_bit_cell_arbiter_2_920.dqdimacs,12,201
./benchmark_tests/original/Biere/bitcell_16_2/pec_bit_cell_arbiter_2_920.dqdimacs,13,200
./benchmark_tests/original/Biere/bitcell_16_2/pec_bit_cell_arbiter_2_920.dqdimacs,14,191
./benchmark_tests/original/Biere/bitcell_16_2/pec_bit_cell_arbiter_2_920.dqdimacs,15,175
./benchmark_tests/original/Biere/bitcell_16_2/pec_bit_cell_arbiter_2_920.dqdimacs,16,158
./benchmark_tests/original/Biere/bitcell_16_2/pec_bit_cell_arbiter_2_920.dqdimacs,17,141
./benchmark_tests/original/Biere/bitcell_16_2/pec_bit_cell_arbiter_2_920.dqdimacs,18,128
./benchmark_tests/original/Biere/bitcell_16_2/pec_bit_cell_arbiter_2_920.dqdimacs,19,142
./benchmark_tests/original/Biere/bitcell_16_2/pec_bit_cell_arbiter_2_920.dqdimacs,20,109
./benchmark_tests/original/Biere/bitcell_16_2/pec_bit_cell_arbiter_2_920.dqdimacs,23,109
./benchmark_tests/original/Biere/bitcell_16_2/pec_bit_cell_arbiter_2_920.dqdimacs,25,109
./benchmark_tests/original/Biere/bitcell_16_2/pec_bit_cell_arbiter_2_920.dqdimacs,26,109
./benchmark_tests/original/Biere/bitcell_16_2/pec_bit_cell_arbiter_2_920.dqdimacs,27,109
./benchmark_tests/original/Biere/bitcell_16_2/pec_bit_cell_arbiter_2_920.dqdimacs,28,110
./benchmark_tests/original/Biere/bitcell_16_2/pec_bit_cell_arbiter_2_920.dqdimacs,29,109
./benchmark_tests/original/Biere/bitcell_16_2/pec_bit_cell_arbiter_2_920.dqdimacs,30,109
./benchmark_tests/original/Biere/bitcell_16_2/pec_bit_cell_arbiter_2_920.dqdimacs,31,109
./benchmark_tests/original/Biere/bitcell_16_2/pec_bit_cell_arbiter_2_920.dqdimacs,32,108
./benchmark_tests/original/Biere/bitcell_16_2/pec_bit_cell_arbiter_2_920.dqdimacs,33,108
./benchmark_tests/original/Biere/bitcell_16_2/pec_bit_cell_arbiter_2_920.dqdimacs,34,108
./benchmark_tests/original/Biere/bitcell_16_2/pec_bit_cell_arbiter_2_920.dqdimacs,35,108
./benchmark_tests/original/Biere/bitcell_16_2/pec_bit_cell_arbiter_2_920.dqdimacs,36,108
./benchmark_tests/original/Biere/bitcell_16_2/pec_bit_cell_arbiter_2_920.dqdimacs,37,108
./benchmark_tests/original/Biere/bitcell_16_2/pec_bit_cell_arbiter_2_920.dqdimacs,38,108
./benchmark_tests/original/Biere/bitcell_16_2/pec_bit_cell_arbiter_2_920.dqdimacs,39,113
./benchmark_tests/original/Biere/bitcell_16_2/pec_bit_cell_arbiter_2_920.dqdimacs,40,108
./benchmark_tests/original/Biere/bitcell_16_2/pec_bit_cell_arbiter_2_920.dqdimacs,41,108
./benchmark_tests/original/Biere/bitcell_16_2/pec_bit_cell_arbiter_2_920.dqdimacs,42,108
./benchmark_tests/original/Biere/bitcell_16_2/pec_bit_cell_arbiter_2_920.dqdimacs,43,110
./benchmark_tests/original/Biere/bitcell_16_2/pec_bit_cell_arbiter_2_920.dqdimacs,44,107
./benchmark_tests/original/Biere/bitcell_16_2/pec_bit_cell_arbiter_2_920.dqdimacs,45,109
./benchmark_tests/original/Biere/bitcell_16_2/pec_bit_cell_arbiter_2_920.dqdimacs,46,108
./benchmark_tests/original/Biere/bitcell_16_2/pec_bit_cell_arbiter_2_920.dqdimacs,47,109
./benchmark_tests/original/Biere/bitcell_16_2/pec_bit_cell_arbiter_2_920.dqdimacs,48,110
./benchmark_tests/original/Biere/bitcell_16_2/pec_bit_cell_arbiter_2_920.dqdimacs,49,108
./benchmark_tests/original/Biere/bitcell_16_2/pec_bit_cell_arbiter_2_920.dqdimacs,50,110
./benchmark_tests/original/Biere/bitcell_16_2/pec_bit_cell_arbiter_2_920.dqdimacs,51,110
./benchmark_tests/original/Biere/bitcell_16_2/pec_bit_cell_arbiter_2_920.dqdimacs,52,109
./benchmark_tests/original/Biere/bitcell_16_2/pec_bit_cell_arbiter_2_920.dqdimacs,53,109
./benchmark_tests/original/Biere/bitcell_16_2/pec_bit_cell_arbiter_2_920.dqdimacs,55,110
./benchmark_tests/original/Biere/bitcell_16_2/pec_bit_cell_arbiter_2_920.dqdimacs,56,109
./benchmark_tests/original/Biere/bitcell_16_2/pec_bit_cell_arbiter_2_920.dqdimacs,57,111
./benchmark_tests/original/Biere/bitcell_16_2/pec_bit_cell_arbiter_2_920.dqdimacs,58,110
./benchmark_tests/original/Biere/bitcell_16_2/pec_bit_cell_arbiter_2_920.dqdimacs,59,110
./benchmark_tests/original/Biere/bitcell_16_2/pec_bit_cell_arbiter_2_920.dqdimacs,60,110
./benchmark_tests/original/Biere/bitcell_16_2/pec_bit_cell_arbiter_2_920.dqdimacs,61,110
./benchmark_tests/original/Biere/bitcell_16_2/pec_bit_cell_arbiter_2_920.dqdimacs,62,110
./benchmark_tests/original/Biere/bitcell_16_2/pec_bit_cell_arbiter_2_920.dqdimacs,63,111
./benchmark_tests/original/Biere/bitcell_16_2/pec_bit_cell_arbiter_2_920.dqdimacs,64,110
./benchmark_tests/original/Biere/bitcell_16_2/pec_bit_cell_arbiter_2_920.dqdimacs,65,110
./benchmark_tests/original/Biere/bitcell_16_2/pec_bit_cell_arbiter_2_920.dqdimacs,66,110
./benchmark_tests/original/Biere/bitcell_16_2/pec_bit_cell_arbiter_2_920.dqdimacs,67,110
./benchmark_tests/original/Biere/bitcell_16_2/pec_bit_cell_arbiter_2_920.dqdimacs,68,110
./benchmark_tests/original/Biere/bitcell_16_2/pec_bit_cell_arbiter_2_920.dqdimacs,69,110
./benchmark_tests/original/Biere/bitcell_16_2/pec_bit_cell_arbiter_2_920.dqdimacs,70,110
./benchmark_tests/original/Biere/bitcell_16_2/pec_bit_cell_arbiter_2_920.dqdimacs,71,110
./benchmark_tests/original/Biere/bitcell_16_2/pec_bit_cell_arbiter_2_920.dqdimacs,73,111
./benchmark_tests/original/Biere/bitcell_16_2/pec_bit_cell_arbiter_2_920.dqdimacs,74,110
./benchmark_tests/original/Biere/bitcell_16_2/pec_bit_cell_arbiter_2_920.dqdimacs,75,110
./benchmark_tests/original/Biere/bitcell_16_2/pec_bit_cell_arbiter_2_920.dqdimacs,76,110
./benchmark_tests/original/Biere/bitcell_16_2/pec_bit_cell_arbiter_2_920.dqdimacs,78,110
./benchmark_tests/original/Biere/bitcell_16_2/pec_bit_cell_arbiter_2_920.dqdimacs,79,110
./benchmark_tests/original/Biere/bitcell_16_2/pec_bit_cell_arbiter_2_920.dqdimacs,80,110
./benchmark_tests/original/Biere/bitcell_16_2/pec_bit_cell_arbiter_2_920.dqdimacs,81,110
./benchmark_tests/original/Biere/bitcell_16_2/pec_bit_cell_arbiter_2_920.dqdimacs,82,110
./benchmark_tests/original/Biere/bitcell_16_2/pec_bit_cell_arbiter_2_920.dqdimacs,83,110
./benchmark_tests/original/Biere/bitcell_16_2/pec_bit_cell_arbiter_2_920.dqdimacs,84,110
./benchmark_tests/original/Biere/bitcell_16_2/pec_bit_cell_arbiter_2_920.dqdimacs,86,109
./benchmark_tests/original/Biere/bitcell_16_2/pec_bit_cell_arbiter_2_920.dqdimacs,87,108
./benchmark_tests/original/Biere/bitcell_16_2/pec_bit_cell_arbiter_2_920.dqdimacs,88,110
./benchmark_tests/original/Biere/bitcell_16_2/pec_bit_cell_arbiter_2_920.dqdimacs,89,111
./benchmark_tests/original/Biere/bitcell_16_2/pec_bit_cell_arbiter_2_920.dqdimacs,90,110
./benchmark_tests/original/Biere/bitcell_16_2/pec_bit_cell_arbiter_2_920.dqdimacs,91,110
./benchmark_tests/original/Biere/bitcell_16_2/pec_bit_cell_arbiter_2_920.dqdimacs,92,110
./benchmark_tests/original/Biere/bitcell_16_2/pec_bit_cell_arbiter_2_920.dqdimacs,94,109
./benchmark_tests/original/Biere/bitcell_16_2/pec_bit_cell_arbiter_2_920.dqdimacs,95,110
./benchmark_tests/original/Biere/bitcell_16_2/pec_bit_cell_arbiter_2_920.dqdimacs,96,110
./benchmark_tests/original/Biere/bitcell_16_2/pec_bit_cell_arbiter_2_920.dqdimacs,97,110
./benchmark_tests/original/Biere/bitcell_16_2/pec_bit_cell_arbiter_2_920.dqdimacs,98,110
./benchmark_tests/original/Biere/bitcell_16_2/pec_bit_cell_arbiter_2_920.dqdimacs,99,110
./benchmark_tests/original/Biere/bitcell_16_2/pec_bit_cell_arbiter_2_920.dqdimacs,100,110
./benchmark_tests/original/Biere/bitcell_16_2/pec_bit_cell_arbiter_2_920.dqdimacs,102,110
./benchmark_tests/original/Biere/bitcell_16_2/pec_bit_cell_arbiter_2_920.dqdimacs,103,110
./benchmark_tests/original/Biere/bitcell_16_2/pec_bit_cell_arbiter_2_920.dqdimacs,104,110
./benchmark_tests/original/Biere/bitcell_16_2/pec_bit_cell_arbiter_2_920.dqdimacs,105,110
./benchmark_tests/original/Biere/bitcell_16_2/pec_bit_cell_arbiter_2_920.dqdimacs,106,110
./benchmark_tests/original/Biere/bitcell_16_2/pec_bit_cell_arbiter_2_920.dqdimacs,107,108
./benchmark_tests/original/Biere/bitcell_16_2/pec_bit_cell_arbiter_2_920.dqdimacs,108,110
./benchmark_tests/original/Biere/bitcell_16_2/pec_bit_cell_arbiter_2_920.dqdimacs,110,109
./benchmark_tests/original/Biere/bitcell_16_2/pec_bit_cell_arbiter_2_920.dqdimacs,111,110
./benchmark_tests/original/Biere/bitcell_16_2/pec_bit_cell_arbiter_2_920.dqdimacs,112,110
./benchmark_tests/original/Biere/bitcell_16_2/pec_bit_cell_arbiter_2_920.dqdimacs,113,110
./benchmark_tests/original/Biere/bitcell_16_2/pec_bit_cell_arbiter_2_920.dqdimacs,114,110
./benchmark_tests/original/Biere/bitcell_16_2/pec_bit_cell_arbiter_2_920.dqdimacs,115,109
./benchmark_tests/original/Biere/bitcell_16_2/pec_bit_cell_arbiter_2_920.dqdimacs,116,110
./benchmark_tests/original/Biere/bitcell_16_2/pec_bit_cell_arbiter_2_920.dqdimacs,118,109
./benchmark_tests/original/Biere/bitcell_16_2/pec_bit_cell_arbiter_2_920.dqdimacs,119,109
./benchmark_tests/original/Biere/bitcell_16_2/pec_bit_cell_arbiter_2_920.dqdimacs,120,110
./benchmark_tests/original/Biere/bitcell_16_2/pec_bit_cell_arbiter_2_920.dqdimacs,121,110
./benchmark_tests/original/Biere/bitcell_16_2/pec_bit_cell_arbiter_2_920.dqdimacs,122,110
./benchmark_tests/original/Biere/bitcell_16_2/pec_bit_cell_arbiter_2_920.dqdimacs,123,109
./benchmark_tests/original/Biere/bitcell_16_2/pec_bit_cell_arbiter_2_920.dqdimacs,124,110
./benchmark_tests/original/Biere/bitcell_16_2/pec_bit_cell_arbiter_2_920.dqdimacs,126,110
./benchmark_tests/original/Biere/bitcell_16_2/pec_bit_cell_arbiter_2_920.dqdimacs,127,111
./benchmark_tests/original/Biere/bitcell_16_2/pec_bit_cell_arbiter_2_920.dqdimacs,128,111
./benchmark_tests/original/Biere/bitcell_16_2/pec_bit_cell_arbiter_2_920.dqdimacs,129,111
./benchmark_tests/original/Biere/bitcell_16_2/pec_bit_cell_arbiter_2_920.dqdimacs,130,111
./benchmark_tests/original/Biere/bitcell_16_2/pec_bit_cell_arbiter_2_920.dqdimacs,131,111
./benchmark_tests/original/Biere/bitcell_16_2/pec_bit_cell_arbiter_2_920.dqdimacs,132,110
./benchmark_tests/original/Biere/bitcell_16_2/pec_bit_cell_arbiter_2_920.dqdimacs,134,110
./benchmark_tests/original/Biere/bitcell_16_2/pec_bit_cell_arbiter_2_920.dqdimacs,135,110
./benchmark_tests/original/Biere/bitcell_16_2/pec_bit_cell_arbiter_2_920.dqdimacs,136,111
./benchmark_tests/original/Biere/bitcell_16_2/pec_bit_cell_arbiter_2_920.dqdimacs,137,110
./benchmark_tests/original/Biere/bitcell_16_2/pec_bit_cell_arbiter_2_920.dqdimacs,138,109
./benchmark_tests/original/Biere/bitcell_16_2/pec_bit_cell_arbiter_2_920.dqdimacs,139,108
./benchmark_tests/original/Biere/bitcell_16_2/pec_bit_cell_arbiter_2_920.dqdimacs,140,109
./benchmark_tests/original/Biere/bitcell_16_2/pec_bit_cell_arbiter_2_920.dqdimacs,141,109
./benchmark_tests/original/Biere/bitcell_16_2/pec_bit_cell_arbiter_2_920.dqdimacs,142,110
./benchmark_tests/original/Biere/bitcell_16_2/pec_bit_cell_arbiter_2_920.dqdimacs,143,110
./benchmark_tests/original/Biere/bitcell_16_2/pec_bit_cell_arbiter_2_920.dqdimacs,144,110
./benchmark_tests/original/Biere/bitcell_16_2/pec_bit_cell_arbiter_2_920.dqdimacs,145,110
./benchmark_tests/original/Biere/bitcell_16_2/pec_bit_cell_arbiter_2_920.dqdimacs,146,110
./benchmark_tests/original/Biere/bitcell_16_2/pec_bit_cell_arbiter_2_924.dqdimacs,3,469
./benchmark_tests/original/Biere/bitcell_16_2/pec_bit_cell_arbiter_2_924.dqdimacs,5,464
./benchmark_tests/original/Biere/bitcell_16_2/pec_bit_cell_arbiter_2_924.dqdimacs,6,459
./benchmark_tests/original/Biere/bitcell_16_2/pec_bit_cell_arbiter_2_924.dqdimacs,7,424
./benchmark_tests/original/Biere/bitcell_16_2/pec_bit_cell_arbiter_2_924.dqdimacs,8,334
./benchmark_tests/original/Biere/bitcell_16_2/pec_bit_cell_arbiter_2_924.dqdimacs,9,288
./benchmark_tests/original/Biere/bitcell_16_2/pec_bit_cell_arbiter_2_924.dqdimacs,10,230
./benchmark_tests/original/Biere/bitcell_16_2/pec_bit_cell_arbiter_2_924.dqdimacs,13,228
./benchmark_tests/original/Biere/bitcell_16_2/pec_bit_cell_arbiter_2_924.dqdimacs,15,229
./benchmark_tests/original/Biere/bitcell_16_2/pec_bit_cell_arbiter_2_924.dqdimacs,18,228
./benchmark_tests/original/Biere/bitcell_16_2/pec_bit_cell_arbiter_2_924.dqdimacs,20,228
./benchmark_tests/original/Biere/bitcell_16_2/pec_bit_cell_arbiter_2_924.dqdimacs,22,228
./benchmark_tests/original/Biere/bitcell_16_2/pec_bit_cell_arbiter_2_924.dqdimacs,24,229
./benchmark_tests/original/Biere/bitcell_16_2/pec_bit_cell_arbiter_2_924.dqdimacs,26,229
./benchmark_tests/original/Biere/bitcell_16_2/pec_bit_cell_arbiter_2_924.dqdimacs,28,228
./benchmark_tests/original/Biere/bitcell_16_2/pec_bit_cell_arbiter_2_924.dqdimacs,29,229
./benchmark_tests/original/Biere/bitcell_16_2/pec_bit_cell_arbiter_2_924.dqdimacs,30,228
./benchmark_tests/original/Biere/bitcell_16_2/pec_bit_cell_arbiter_2_924.dqdimacs,31,228
./benchmark_tests/original/Biere/bitcell_16_2/pec_bit_cell_arbiter_2_924.dqdimacs,32,228
./benchmark_tests/original/Biere/bitcell_16_2/pec_bit_cell_arbiter_2_924.dqdimacs,33,230
./benchmark_tests/original/Biere/bitcell_16_2/pec_bit_cell_arbiter_2_924.dqdimacs,34,235
./benchmark_tests/original/Biere/bitcell_16_2/pec_bit_cell_arbiter_2_924.dqdimacs,35,228
./benchmark_tests/original/Biere/bitcell_16_2/pec_bit_cell_arbiter_2_924.dqdimacs,36,229
./benchmark_tests/original/Biere/bitcell_16_2/pec_bit_cell_arbiter_2_924.dqdimacs,37,229
./benchmark_tests/original/Biere/bitcell_16_2/pec_bit_cell_arbiter_2_924.dqdimacs,38,229
./benchmark_tests/original/Biere/bitcell_16_2/pec_bit_cell_arbiter_2_924.dqdimacs,39,229
./benchmark_tests/original/Biere/bitcell_16_2/pec_bit_cell_arbiter_2_924.dqdimacs,40,232
./benchmark_tests/original/Biere/bitcell_16_2/pec_bit_cell_arbiter_2_924.dqdimacs,41,231
./benchmark_tests/original/Biere/bitcell_16_2/pec_bit_cell_arbiter_2_924.dqdimacs,42,230
./benchmark_tests/original/Biere/bitcell_16_2/pec_bit_cell_arbiter_2_924.dqdimacs,43,230
./benchmark_tests/original/Biere/bitcell_16_2/pec_bit_cell_arbiter_2_924.dqdimacs,44,228
./benchmark_tests/original/Biere/bitcell_16_2/pec_bit_cell_arbiter_2_924.dqdimacs,45,230
./benchmark_tests/original/Biere/bitcell_16_2/pec_bit_cell_arbiter_2_924.dqdimacs,46,229
./benchmark_tests/original/Biere/bitcell_16_2/pec_bit_cell_arbiter_2_924.dqdimacs,47,230
./benchmark_tests/original/Biere/bitcell_16_2/pec_bit_cell_arbiter_2_924.dqdimacs,49,229
./benchmark_tests/original/Biere/bitcell_16_2/pec_bit_cell_arbiter_2_924.dqdimacs,50,228
./benchmark_tests/original/Biere/bitcell_16_2/pec_bit_cell_arbiter_2_924.dqdimacs,51,229
./benchmark_tests/original/Biere/bitcell_16_2/pec_bit_cell_arbiter_2_924.dqdimacs,52,231
./benchmark_tests/original/Biere/bitcell_16_2/pec_bit_cell_arbiter_2_924.dqdimacs,53,229
./benchmark_tests/original/Biere/bitcell_16_2/pec_bit_cell_arbiter_2_924.dqdimacs,54,229
./benchmark_tests/original/Biere/bitcell_16_2/pec_bit_cell_arbiter_2_924.dqdimacs,55,229
./benchmark_tests/original/Biere/bitcell_16_2/pec_bit_cell_arbiter_2_924.dqdimacs,56,230
./benchmark_tests/original/Biere/bitcell_16_2/pec_bit_cell_arbiter_2_924.dqdimacs,57,229
./benchmark_tests/original/Biere/bitcell_16_2/pec_bit_cell_arbiter_2_924.dqdimacs,58,228
./benchmark_tests/original/Biere/bitcell_16_2/pec_bit_cell_arbiter_2_924.dqdimacs,59,228
./benchmark_tests/original/Biere/bitcell_16_2/pec_bit_cell_arbiter_2_924.dqdimacs,60,230
./benchmark_tests/original/Biere/bitcell_16_2/pec_bit_cell_arbiter_2_924.dqdimacs,61,230
./benchmark_tests/original/Biere/bitcell_16_2/pec_bit_cell_arbiter_2_924.dqdimacs,62,230
./benchmark_tests/original/Biere/bitcell_16_2/pec_bit_cell_arbiter_2_924.dqdimacs,63,228
./benchmark_tests/original/Biere/bitcell_16_2/pec_bit_cell_arbiter_2_924.dqdimacs,64,229
./benchmark_tests/original/Biere/bitcell_16_2/pec_bit_cell_arbiter_2_924.dqdimacs,65,229
./benchmark_tests/original/Biere/bitcell_16_2/pec_bit_cell_arbiter_2_924.dqdimacs,66,230
./benchmark_tests/original/Biere/bitcell_16_2/pec_bit_cell_arbiter_2_924.dqdimacs,67,228
./benchmark_tests/original/Biere/bitcell_16_2/pec_bit_cell_arbiter_2_924.dqdimacs,68,230
./benchmark_tests/original/Biere/bitcell_16_2/pec_bit_cell_arbiter_2_924.dqdimacs,69,230
./benchmark_tests/original/Biere/bitcell_16_2/pec_bit_cell_arbiter_2_924.dqdimacs,70,229
./benchmark_tests/original/Biere/bitcell_16_2/pec_bit_cell_arbiter_2_924.dqdimacs,71,231
./benchmark_tests/original/Biere/bitcell_16_2/pec_bit_cell_arbiter_2_924.dqdimacs,72,229
./benchmark_tests/original/Biere/bitcell_16_2/pec_bit_cell_arbiter_2_924.dqdimacs,73,229
./benchmark_tests/original/Biere/bitcell_16_2/pec_bit_cell_arbiter_2_924.dqdimacs,74,229
./benchmark_tests/original/Biere/bitcell_16_2/pec_bit_cell_arbiter_2_924.dqdimacs,75,229
./benchmark_tests/original/Biere/bitcell_16_2/pec_bit_cell_arbiter_2_924.dqdimacs,76,228
./benchmark_tests/original/Biere/bitcell_16_2/pec_bit_cell_arbiter_2_924.dqdimacs,77,229
./benchmark_tests/original/Biere/bitcell_16_2/pec_bit_cell_arbiter_2_924.dqdimacs,78,228
./benchmark_tests/original/Biere/bitcell_16_2/pec_bit_cell_arbiter_2_924.dqdimacs,79,229
./benchmark_tests/original/Biere/bitcell_16_2/pec_bit_cell_arbiter_2_924.dqdimacs,80,228
./benchmark_tests/original/Biere/bitcell_16_2/pec_bit_cell_arbiter_2_924.dqdimacs,81,229
./benchmark_tests/original/Biere/bitcell_16_2/pec_bit_cell_arbiter_2_924.dqdimacs,82,228
./benchmark_tests/original/Biere/bitcell_16_2/pec_bit_cell_arbiter_2_924.dqdimacs,83,228
./benchmark_tests/original/Biere/bitcell_16_2/pec_bit_cell_arbiter_2_924.dqdimacs,84,229
./benchmark_tests/original/Biere/bitcell_16_2/pec_bit_cell_arbiter_2_924.dqdimacs,85,230
./benchmark_tests/original/Biere/bitcell_16_2/pec_bit_cell_arbiter_2_924.dqdimacs,86,229
./benchmark_tests/original/Biere/bitcell_16_2/pec_bit_cell_arbiter_2_924.dqdimacs,87,230
./benchmark_tests/original/Biere/bitcell_16_2/pec_bit_cell_arbiter_2_924.dqdimacs,88,232
./benchmark_tests/original/Biere/bitcell_16_2/pec_bit_cell_arbiter_2_924.dqdimacs,89,230
./benchmark_tests/original/Biere/bitcell_16_2/pec_bit_cell_arbiter_2_924.dqdimacs,90,230
./benchmark_tests/original/Biere/bitcell_16_2/pec_bit_cell_arbiter_2_924.dqdimacs,91,231
./benchmark_tests/original/Biere/bitcell_16_2/pec_bit_cell_arbiter_2_924.dqdimacs,92,230
./benchmark_tests/original/Biere/bitcell_16_2/pec_bit_cell_arbiter_2_924.dqdimacs,93,229
./benchmark_tests/original/Biere/bitcell_16_2/pec_bit_cell_arbiter_2_924.dqdimacs,94,229
./benchmark_tests/original/Biere/bitcell_16_2/pec_bit_cell_arbiter_2_924.dqdimacs,95,228
./benchmark_tests/original/Biere/bitcell_16_2/pec_bit_cell_arbiter_2_924.dqdimacs,96,228
./benchmark_tests/original/Biere/bitcell_16_2/pec_bit_cell_arbiter_2_924.dqdimacs,97,229
./benchmark_tests/original/Biere/bitcell_16_2/pec_bit_cell_arbiter_2_924.dqdimacs,98,229
./benchmark_tests/original/Biere/bitcell_16_2/pec_bit_cell_arbiter_2_924.dqdimacs,99,228
./benchmark_tests/original/Biere/bitcell_16_2/pec_bit_cell_arbiter_2_924.dqdimacs,101,229
./benchmark_tests/original/Biere/bitcell_16_2/pec_bit_cell_arbiter_2_924.dqdimacs,102,229
./benchmark_tests/original/Biere/bitcell_16_2/pec_bit_cell_arbiter_2_924.dqdimacs,103,230
./benchmark_tests/original/Biere/bitcell_16_2/pec_bit_cell_arbiter_2_924.dqdimacs,104,229
./benchmark_tests/original/Biere/bitcell_16_2/pec_bit_cell_arbiter_2_924.dqdimacs,106,228
./benchmark_tests/original/Biere/bitcell_16_2/pec_bit_cell_arbiter_2_924.dqdimacs,107,229
./benchmark_tests/original/Biere/bitcell_16_2/pec_bit_cell_arbiter_2_924.dqdimacs,108,230
./benchmark_tests/original/Biere/bitcell_16_2/pec_bit_cell_arbiter_2_924.dqdimacs,109,229
./benchmark_tests/original/Biere/bitcell_16_2/pec_bit_cell_arbiter_2_924.dqdimacs,110,229
./benchmark_tests/original/Biere/bitcell_16_2/pec_bit_cell_arbiter_2_924.dqdimacs,111,230
./benchmark_tests/original/Biere/bitcell_16_2/pec_bit_cell_arbiter_2_924.dqdimacs,112,229
./benchmark_tests/original/Biere/bitcell_16_2/pec_bit_cell_arbiter_2_924.dqdimacs,114,228
./benchmark_tests/original/Biere/bitcell_16_2/pec_bit_cell_arbiter_2_924.dqdimacs,115,229
./benchmark_tests/original/Biere/bitcell_16_2/pec_bit_cell_arbiter_2_924.dqdimacs,116,229
./benchmark_tests/original/Biere/bitcell_16_2/pec_bit_cell_arbiter_2_924.dqdimacs,117,231
./benchmark_tests/original/Biere/bitcell_16_2/pec_bit_cell_arbiter_2_924.dqdimacs,118,229
./benchmark_tests/original/Biere/bitcell_16_2/pec_bit_cell_arbiter_2_924.dqdimacs,119,230
./benchmark_tests/original/Biere/bitcell_16_2/pec_bit_cell_arbiter_2_924.dqdimacs,120,229
./benchmark_tests/original/Biere/bitcell_16_2/pec_bit_cell_arbiter_2_924.dqdimacs,122,228
./benchmark_tests/original/Biere/bitcell_16_2/pec_bit_cell_arbiter_2_924.dqdimacs,123,230
./benchmark_tests/original/Biere/bitcell_16_2/pec_bit_cell_arbiter_2_924.dqdimacs,124,231
./benchmark_tests/original/Biere/bitcell_16_2/pec_bit_cell_arbiter_2_924.dqdimacs,125,230
./benchmark_tests/original/Biere/bitcell_16_2/pec_bit_cell_arbiter_2_924.dqdimacs,126,230
./benchmark_tests/original/Biere/bitcell_16_2/pec_bit_cell_arbiter_2_924.dqdimacs,127,229
./benchmark_tests/original/Biere/bitcell_16_2/pec_bit_cell_arbiter_2_924.dqdimacs,128,231
./benchmark_tests/original/Biere/bitcell_16_2/pec_bit_cell_arbiter_2_924.dqdimacs,130,228
./benchmark_tests/original/Biere/bitcell_16_2/pec_bit_cell_arbiter_2_924.dqdimacs,131,231
./benchmark_tests/original/Biere/bitcell_16_2/pec_bit_cell_arbiter_2_924.dqdimacs,132,231
./benchmark_tests/original/Biere/bitcell_16_2/pec_bit_cell_arbiter_2_924.dqdimacs,133,229
./benchmark_tests/original/Biere/bitcell_16_2/pec_bit_cell_arbiter_2_924.dqdimacs,134,230
./benchmark_tests/original/Biere/bitcell_16_2/pec_bit_cell_arbiter_2_924.dqdimacs,135,229
./benchmark_tests/original/Biere/bitcell_16_2/pec_bit_cell_arbiter_2_924.dqdimacs,136,229
./benchmark_tests/original/Biere/bitcell_16_2/pec_bit_cell_arbiter_2_924.dqdimacs,137,230
./benchmark_tests/original/Biere/bitcell_16_2/pec_bit_cell_arbiter_2_924.dqdimacs,138,230
./benchmark_tests/original/Biere/bitcell_16_2/pec_bit_cell_arbiter_2_924.dqdimacs,139,231
./benchmark_tests/original/Biere/bitcell_16_2/pec_bit_cell_arbiter_2_924.dqdimacs,140,229
./benchmark_tests/original/Biere/bitcell_16_2/pec_bit_cell_arbiter_2_924.dqdimacs,141,229
./benchmark_tests/original/Biere/bitcell_16_2/pec_bit_cell_arbiter_2_924.dqdimacs,142,229
./benchmark_tests/original/Biere/bitcell_16_2/pec_bit_cell_arbiter_2_925.dqdimacs,3,351
./benchmark_tests/original/Biere/bitcell_16_2/pec_bit_cell_arbiter_2_925.dqdimacs,5,337
./benchmark_tests/original/Biere/bitcell_16_2/pec_bit_cell_arbiter_2_925.dqdimacs,7,313
./benchmark_tests/original/Biere/bitcell_16_2/pec_bit_cell_arbiter_2_925.dqdimacs,9,316
./benchmark_tests/original/Biere/bitcell_16_2/pec_bit_cell_arbiter_2_925.dqdimacs,12,310
./benchmark_tests/original/Biere/bitcell_16_2/pec_bit_cell_arbiter_2_925.dqdimacs,14,270
./benchmark_tests/original/Biere/bitcell_16_2/pec_bit_cell_arbiter_2_925.dqdimacs,15,229
./benchmark_tests/original/Biere/bitcell_16_2/pec_bit_cell_arbiter_2_925.dqdimacs,16,196
./benchmark_tests/original/Biere/bitcell_16_2/pec_bit_cell_arbiter_2_925.dqdimacs,17,174
./benchmark_tests/original/Biere/bitcell_16_2/pec_bit_cell_arbiter_2_925.dqdimacs,18,194
./benchmark_tests/original/Biere/bitcell_16_2/pec_bit_cell_arbiter_2_925.dqdimacs,19,173
./benchmark_tests/original/Biere/bitcell_16_2/pec_bit_cell_arbiter_2_925.dqdimacs,20,173
./benchmark_tests/original/Biere/bitcell_16_2/pec_bit_cell_arbiter_2_925.dqdimacs,21,172
./benchmark_tests/original/Biere/bitcell_16_2/pec_bit_cell_arbiter_2_925.dqdimacs,22,171
./benchmark_tests/original/Biere/bitcell_16_2/pec_bit_cell_arbiter_2_925.dqdimacs,23,172
./benchmark_tests/original/Biere/bitcell_16_2/pec_bit_cell_arbiter_2_925.dqdimacs,24,172
./benchmark_tests/original/Biere/bitcell_16_2/pec_bit_cell_arbiter_2_925.dqdimacs,26,171
./benchmark_tests/original/Biere/bitcell_16_2/pec_bit_cell_arbiter_2_925.dqdimacs,27,172
./benchmark_tests/original/Biere/bitcell_16_2/pec_bit_cell_arbiter_2_925.dqdimacs,28,172
./benchmark_tests/original/Biere/bitcell_16_2/pec_bit_cell_arbiter_2_925.dqdimacs,29,171
./benchmark_tests/original/Biere/bitcell_16_2/pec_bit_cell_arbiter_2_925.dqdimacs,30,171
./benchmark_tests/original/Biere/bitcell_16_2/pec_bit_cell_arbiter_2_925.dqdimacs,31,171
./benchmark_tests/original/Biere/bitcell_16_2/pec_bit_cell_arbiter_2_925.dqdimacs,32,171
./benchmark_tests/original/Biere/bitcell_16_2/pec_bit_cell_arbiter_2_925.dqdimacs,33,168
./benchmark_tests/original/Biere/bitcell_16_2/pec_bit_cell_arbiter_2_925.dqdimacs,34,175
./benchmark_tests/original/Biere/bitcell_16_2/pec_bit_cell_arbiter_2_925.dqdimacs,35,171
./benchmark_tests/original/Biere/bitcell_16_2/pec_bit_cell_arbiter_2_925.dqdimacs,36,170
./benchmark_tests/original/Biere/bitcell_16_2/pec_bit_cell_arbiter_2_925.dqdimacs,37,171
./benchmark_tests/original/Biere/bitcell_16_2/pec_bit_cell_arbiter_2_925.dqdimacs,38,170
./benchmark_tests/original/Biere/bitcell_16_2/pec_bit_cell_arbiter_2_925.dqdimacs,39,172
./benchmark_tests/original/Biere/bitcell_16_2/pec_bit_cell_arbiter_2_925.dqdimacs,40,171
./benchmark_tests/original/Biere/bitcell_16_2/pec_bit_cell_arbiter_2_925.dqdimacs,41,171
./benchmark_tests/original/Biere/bitcell_16_2/pec_bit_cell_arbiter_2_925.dqdimacs,42,171
./benchmark_tests/original/Biere/bitcell_16_2/pec_bit_cell_arbiter_2_925.dqdimacs,43,171
./benchmark_tests/original/Biere/bitcell_16_2/pec_bit_cell_arbiter_2_925.dqdimacs,44,171
./benchmark_tests/original/Biere/bitcell_16_2/pec_bit_cell_arbiter_2_925.dqdimacs,45,171
./benchmark_tests/original/Biere/bitcell_16_2/pec_bit_cell_arbiter_2_925.dqdimacs,46,171
./benchmark_tests/original/Biere/bitcell_16_2/pec_bit_cell_arbiter_2_925.dqdimacs,47,171
./benchmark_tests/original/Biere/bitcell_16_2/pec_bit_cell_arbiter_2_925.dqdimacs,48,172
./benchmark_tests/original/Biere/bitcell_16_2/pec_bit_cell_arbiter_2_925.dqdimacs,49,171
./benchmark_tests/original/Biere/bitcell_16_2/pec_bit_cell_arbiter_2_925.dqdimacs,50,171
./benchmark_tests/original/Biere/bitcell_16_2/pec_bit_cell_arbiter_2_925.dqdimacs,51,171
./benchmark_tests/original/Biere/bitcell_16_2/pec_bit_cell_arbiter_2_925.dqdimacs,52,171
./benchmark_tests/original/Biere/bitcell_16_2/pec_bit_cell_arbiter_2_925.dqdimacs,53,171
./benchmark_tests/original/Biere/bitcell_16_2/pec_bit_cell_arbiter_2_925.dqdimacs,54,171
./benchmark_tests/original/Biere/bitcell_16_2/pec_bit_cell_arbiter_2_925.dqdimacs,55,171
./benchmark_tests/original/Biere/bitcell_16_2/pec_bit_cell_arbiter_2_925.dqdimacs,56,170
./benchmark_tests/original/Biere/bitcell_16_2/pec_bit_cell_arbiter_2_925.dqdimacs,57,171
./benchmark_tests/original/Biere/bitcell_16_2/pec_bit_cell_arbiter_2_925.dqdimacs,58,171
./benchmark_tests/original/Biere/bitcell_16_2/pec_bit_cell_arbiter_2_925.dqdimacs,60,172
./benchmark_tests/original/Biere/bitcell_16_2/pec_bit_cell_arbiter_2_925.dqdimacs,61,172
./benchmark_tests/original/Biere/bitcell_16_2/pec_bit_cell_arbiter_2_925.dqdimacs,62,171
./benchmark_tests/original/Biere/bitcell_16_2/pec_bit_cell_arbiter_2_925.dqdimacs,63,172
./benchmark_tests/original/Biere/bitcell_16_2/pec_bit_cell_arbiter_2_925.dqdimacs,65,171
./benchmark_tests/original/Biere/bitcell_16_2/pec_bit_cell_arbiter_2_925.dqdimacs,66,170
./benchmark_tests/original/Biere/bitcell_16_2/pec_bit_cell_arbiter_2_925.dqdimacs,67,170
./benchmark_tests/original/Biere/bitcell_16_2/pec_bit_cell_arbiter_2_925.dqdimacs,68,171
./benchmark_tests/original/Biere/bitcell_16_2/pec_bit_cell_arbiter_2_925.dqdimacs,69,171
./benchmark_tests/original/Biere/bitcell_16_2/pec_bit_cell_arbiter_2_925.dqdimacs,70,171
./benchmark_tests/original/Biere/bitcell_16_2/pec_bit_cell_arbiter_2_925.dqdimacs,71,172
./benchmark_tests/original/Biere/bitcell_16_2/pec_bit_cell_arbiter_2_925.dqdimacs,73,170
./benchmark_tests/original/Biere/bitcell_16_2/pec_bit_cell_arbiter_2_925.dqdimacs,74,170
./benchmark_tests/original/Biere/bitcell_16_2/pec_bit_cell_arbiter_2_925.dqdimacs,75,171
./benchmark_tests/original/Biere/bitcell_16_2/pec_bit_cell_arbiter_2_925.dqdimacs,76,171
./benchmark_tests/original/Biere/bitcell_16_2/pec_bit_cell_arbiter_2_925.dqdimacs,77,171
./benchmark_tests/original/Biere/bitcell_16_2/pec_bit_cell_arbiter_2_925.dqdimacs,78,171
./benchmark_tests/original/Biere/bitcell_16_2/pec_bit_cell_arbiter_2_925.dqdimacs,79,171
./benchmark_tests/original/Biere/bitcell_16_2/pec_bit_cell_arbiter_2_925.dqdimacs,81,171
./benchmark_tests/original/Biere/bitcell_16_2/pec_bit_cell_arbiter_2_925.dqdimacs,82,170
./benchmark_tests/original/Biere/bitcell_16_2/pec_bit_cell_arbiter_2_925.dqdimacs,83,171
./benchmark_tests/original/Biere/bitcell_16_2/pec_bit_cell_arbiter_2_925.dqdimacs,84,171
./benchmark_tests/original/Biere/bitcell_16_2/pec_bit_cell_arbiter_2_925.dqdimacs,85,171
./benchmark_tests/original/Biere/bitcell_16_2/pec_bit_cell_arbiter_2_925.dqdimacs,86,170
./benchmark_tests/original/Biere/bitcell_16_2/pec_bit_cell_arbiter_2_925.dqdimacs,87,172
./benchmark_tests/original/Biere/bitcell_16_2/pec_bit_cell_arbiter_2_925.dqdimacs,89,170
./benchmark_tests/original/Biere/bitcell_16_2/pec_bit_cell_arbiter_2_925.dqdimacs,90,170
./benchmark_tests/original/Biere/bitcell_16_2/pec_bit_cell_arbiter_2_925.dqdimacs,91,170
./benchmark_tests/original/Biere/bitcell_16_2/pec_bit_cell_arbiter_2_925.dqdimacs,92,171
./benchmark_tests/original/Biere/bitcell_16_2/pec_bit_cell_arbiter_2_925.dqdimacs,93,171
./benchmark_tests/original/Biere/bitcell_16_2/pec_bit_cell_arbiter_2_925.dqdimacs,94,171
./benchmark_tests/original/Biere/bitcell_16_2/pec_bit_cell_arbiter_2_925.dqdimacs,95,171
./benchmark_tests/original/Biere/bitcell_16_2/pec_bit_cell_arbiter_2_925.dqdimacs,97,170
./benchmark_tests/original/Biere/bitcell_16_2/pec_bit_cell_arbiter_2_925.dqdimacs,98,171
./benchmark_tests/original/Biere/bitcell_16_2/pec_bit_cell_arbiter_2_925.dqdimacs,99,171
./benchmark_tests/original/Biere/bitcell_16_2/pec_bit_cell_arbiter_2_925.dqdimacs,100,171
./benchmark_tests/original/Biere/bitcell_16_2/pec_bit_cell_arbiter_2_925.dqdimacs,101,171
./benchmark_tests/original/Biere/bitcell_16_2/pec_bit_cell_arbiter_2_925.dqdimacs,102,171
./benchmark_tests/original/Biere/bitcell_16_2/pec_bit_cell_arbiter_2_925.dqdimacs,103,170
./benchmark_tests/original/Biere/bitcell_16_2/pec_bit_cell_arbiter_2_925.dqdimacs,105,170
./benchmark_tests/original/Biere/bitcell_16_2/pec_bit_cell_arbiter_2_925.dqdimacs,106,170
./benchmark_tests/original/Biere/bitcell_16_2/pec_bit_cell_arbiter_2_925.dqdimacs,107,170
./benchmark_tests/original/Biere/bitcell_16_2/pec_bit_cell_arbiter_2_925.dqdimacs,108,171
./benchmark_tests/original/Biere/bitcell_16_2/pec_bit_cell_arbiter_2_925.dqdimacs,109,169
./benchmark_tests/original/Biere/bitcell_16_2/pec_bit_cell_arbiter_2_925.dqdimacs,110,171
./benchmark_tests/original/Biere/bitcell_16_2/pec_bit_cell_arbiter_2_925.dqdimacs,111,171
./benchmark_tests/original/Biere/bitcell_16_2/pec_bit_cell_arbiter_2_925.dqdimacs,113,170
./benchmark_tests/original/Biere/bitcell_16_2/pec_bit_cell_arbiter_2_925.dqdimacs,114,170
./benchmark_tests/original/Biere/bitcell_16_2/pec_bit_cell_arbiter_2_925.dqdimacs,115,170
./benchmark_tests/original/Biere/bitcell_16_2/pec_bit_cell_arbiter_2_925.dqdimacs,116,171
./benchmark_tests/original/Biere/bitcell_16_2/pec_bit_cell_arbiter_2_925.dqdimacs,117,171
./benchmark_tests/original/Biere/bitcell_16_2/pec_bit_cell_arbiter_2_925.dqdimacs,118,171
./benchmark_tests/original/Biere/bitcell_16_2/pec_bit_cell_arbiter_2_925.dqdimacs,119,171
./benchmark_tests/original/Biere/bitcell_16_2/pec_bit_cell_arbiter_2_925.dqdimacs,121,170
./benchmark_tests/original/Biere/bitcell_16_2/pec_bit_cell_arbiter_2_925.dqdimacs,122,170
./benchmark_tests/original/Biere/bitcell_16_2/pec_bit_cell_arbiter_2_925.dqdimacs,123,171
./benchmark_tests/original/Biere/bitcell_16_2/pec_bit_cell_arbiter_2_925.dqdimacs,124,171
./benchmark_tests/original/Biere/bitcell_16_2/pec_bit_cell_arbiter_2_925.dqdimacs,125,171
./benchmark_tests/original/Biere/bitcell_16_2/pec_bit_cell_arbiter_2_925.dqdimacs,126,171
./benchmark_tests/original/Biere/bitcell_16_2/pec_bit_cell_arbiter_2_925.dqdimacs,127,170
./benchmark_tests/original/Biere/bitcell_16_2/pec_bit_cell_arbiter_2_925.dqdimacs,129,171
./benchmark_tests/original/Biere/bitcell_16_2/pec_bit_cell_arbiter_2_925.dqdimacs,130,171
./benchmark_tests/original/Biere/bitcell_16_2/pec_bit_cell_arbiter_2_925.dqdimacs,131,171
./benchmark_tests/original/Biere/bitcell_16_2/pec_bit_cell_arbiter_2_925.dqdimacs,132,171
./benchmark_tests/original/Biere/bitcell_16_2/pec_bit_cell_arbiter_2_925.dqdimacs,133,172
./benchmark_tests/original/Biere/bitcell_16_2/pec_bit_cell_arbiter_2_925.dqdimacs,134,171
./benchmark_tests/original/Biere/bitcell_16_2/pec_bit_cell_arbiter_2_925.dqdimacs,135,171
./benchmark_tests/original/Biere/bitcell_16_2/pec_bit_cell_arbiter_2_925.dqdimacs,136,170
./benchmark_tests/original/Biere/bitcell_16_2/pec_bit_cell_arbiter_2_925.dqdimacs,137,170
./benchmark_tests/original/Biere/bitcell_16_2/pec_bit_cell_arbiter_2_925.dqdimacs,138,171
./benchmark_tests/original/Biere/bitcell_16_2/pec_bit_cell_arbiter_2_925.dqdimacs,139,171
./benchmark_tests/original/Biere/bitcell_16_2/pec_bit_cell_arbiter_2_925.dqdimacs,140,171
./benchmark_tests/original/Biere/bitcell_16_2/pec_bit_cell_arbiter_2_925.dqdimacs,141,171
./benchmark_tests/original/Biere/bitcell_16_2/pec_bit_cell_arbiter_2_928.dqdimacs,3,190
./benchmark_tests/original/Biere/bitcell_16_2/pec_bit_cell_arbiter_2_928.dqdimacs,5,180
./benchmark_tests/original/Biere/bitcell_16_2/pec_bit_cell_arbiter_2_928.dqdimacs,6,157
./benchmark_tests/original/Biere/bitcell_16_2/pec_bit_cell_arbiter_2_928.dqdimacs,7,157
./benchmark_tests/original/Biere/bitcell_16_2/pec_bit_cell_arbiter_2_928.dqdimacs,8,157
./benchmark_tests/original/Biere/bitcell_16_2/pec_bit_cell_arbiter_2_928.dqdimacs,9,205
./benchmark_tests/original/Biere/bitcell_16_2/pec_bit_cell_arbiter_2_928.dqdimacs,10,160
./benchmark_tests/original/Biere/bitcell_16_2/pec_bit_cell_arbiter_2_928.dqdimacs,13,159
./benchmark_tests/original/Biere/bitcell_16_2/pec_bit_cell_arbiter_2_928.dqdimacs,15,158
./benchmark_tests/original/Biere/bitcell_16_2/pec_bit_cell_arbiter_2_928.dqdimacs,17,151
./benchmark_tests/original/Biere/bitcell_16_2/pec_bit_cell_arbiter_2_928.dqdimacs,19,138
./benchmark_tests/original/Biere/bitcell_16_2/pec_bit_cell_arbiter_2_928.dqdimacs,21,127
./benchmark_tests/original/Biere/bitcell_16_2/pec_bit_cell_arbiter_2_928.dqdimacs,23,117
./benchmark_tests/original/Biere/bitcell_16_2/pec_bit_cell_arbiter_2_928.dqdimacs,25,107
./benchmark_tests/original/Biere/bitcell_16_2/pec_bit_cell_arbiter_2_928.dqdimacs,27,99
./benchmark_tests/original/Biere/bitcell_16_2/pec_bit_cell_arbiter_2_928.dqdimacs,29,92
./benchmark_tests/original/Biere/bitcell_16_2/pec_bit_cell_arbiter_2_928.dqdimacs,31,87
./benchmark_tests/original/Biere/bitcell_16_2/pec_bit_cell_arbiter_2_928.dqdimacs,33,85
./benchmark_tests/original/Biere/bitcell_16_2/pec_bit_cell_arbiter_2_928.dqdimacs,35,85
./benchmark_tests/original/Biere/bitcell_16_2/pec_bit_cell_arbiter_2_928.dqdimacs,37,85
./benchmark_tests/original/Biere/bitcell_16_2/pec_bit_cell_arbiter_2_928.dqdimacs,39,85
./benchmark_tests/original/Biere/bitcell_16_2/pec_bit_cell_arbiter_2_928.dqdimacs,40,85
./benchmark_tests/original/Biere/bitcell_16_2/pec_bit_cell_arbiter_2_928.dqdimacs,41,85
./benchmark_tests/original/Biere/bitcell_16_2/pec_bit_cell_arbiter_2_928.dqdimacs,42,86
./benchmark_tests/original/Biere/bitcell_16_2/pec_bit_cell_arbiter_2_928.dqdimacs,43,89
./benchmark_tests/original/Biere/bitcell_16_2/pec_bit_cell_arbiter_2_928.dqdimacs,44,85
./benchmark_tests/original/Biere/bitcell_16_2/pec_bit_cell_arbiter_2_928.dqdimacs,45,85
./benchmark_tests/original/Biere/bitcell_16_2/pec_bit_cell_arbiter_2_928.dqdimacs,46,85
./benchmark_tests/original/Biere/bitcell_16_2/pec_bit_cell_arbiter_2_928.dqdimacs,47,84
./benchmark_tests/original/Biere/bitcell_16_2/pec_bit_cell_arbiter_2_928.dqdimacs,48,85
./benchmark_tests/original/Biere/bitcell_16_2/pec_bit_cell_arbiter_2_928.dqdimacs,49,85
./benchmark_tests/original/Biere/bitcell_16_2/pec_bit_cell_arbiter_2_928.dqdimacs,50,85
./benchmark_tests/original/Biere/bitcell_16_2/pec_bit_cell_arbiter_2_928.dqdimacs,51,85
./benchmark_tests/original/Biere/bitcell_16_2/pec_bit_cell_arbiter_2_928.dqdimacs,52,85
./benchmark_tests/original/Biere/bitcell_16_2/pec_bit_cell_arbiter_2_928.dqdimacs,53,86
./benchmark_tests/original/Biere/bitcell_16_2/pec_bit_cell_arbiter_2_928.dqdimacs,54,86
./benchmark_tests/original/Biere/bitcell_16_2/pec_bit_cell_arbiter_2_928.dqdimacs,55,86
./benchmark_tests/original/Biere/bitcell_16_2/pec_bit_cell_arbiter_2_928.dqdimacs,56,87
./benchmark_tests/original/Biere/bitcell_16_2/pec_bit_cell_arbiter_2_928.dqdimacs,57,86
./benchmark_tests/original/Biere/bitcell_16_2/pec_bit_cell_arbiter_2_928.dqdimacs,58,85
./benchmark_tests/original/Biere/bitcell_16_2/pec_bit_cell_arbiter_2_928.dqdimacs,59,85
./benchmark_tests/original/Biere/bitcell_16_2/pec_bit_cell_arbiter_2_928.dqdimacs,60,85
./benchmark_tests/original/Biere/bitcell_16_2/pec_bit_cell_arbiter_2_928.dqdimacs,61,85
./benchmark_tests/original/Biere/bitcell_16_2/pec_bit_cell_arbiter_2_928.dqdimacs,62,85
./benchmark_tests/original/Biere/bitcell_16_2/pec_bit_cell_arbiter_2_928.dqdimacs,63,85
./benchmark_tests/original/Biere/bitcell_16_2/pec_bit_cell_arbiter_2_928.dqdimacs,64,86
./benchmark_tests/original/Biere/bitcell_16_2/pec_bit_cell_arbiter_2_928.dqdimacs,65,85
./benchmark_tests/original/Biere/bitcell_16_2/pec_bit_cell_arbiter_2_928.dqdimacs,66,85
./benchmark_tests/original/Biere/bitcell_16_2/pec_bit_cell_arbiter_2_928.dqdimacs,67,85
./benchmark_tests/original/Biere/bitcell_16_2/pec_bit_cell_arbiter_2_928.dqdimacs,68,86
./benchmark_tests/original/Biere/bitcell_16_2/pec_bit_cell_arbiter_2_928.dqdimacs,69,86
./benchmark_tests/original/Biere/bitcell_16_2/pec_bit_cell_arbiter_2_928.dqdimacs,70,86
./benchmark_tests/original/Biere/bitcell_16_2/pec_bit_cell_arbiter_2_928.dqdimacs,71,86
./benchmark_tests/original/Biere/bitcell_16_2/pec_bit_cell_arbiter_2_928.dqdimacs,72,86
./benchmark_tests/original/Biere/bitcell_16_2/pec_bit_cell_arbiter_2_928.dqdimacs,73,85
./benchmark_tests/original/Biere/bitcell_16_2/pec_bit_cell_arbiter_2_928.dqdimacs,74,86
./benchmark_tests/original/Biere/bitcell_16_2/pec_bit_cell_arbiter_2_928.dqdimacs,75,86
./benchmark_tests/original/Biere/bitcell_16_2/pec_bit_cell_arbiter_2_928.dqdimacs,76,85
./benchmark_tests/original/Biere/bitcell_16_2/pec_bit_cell_arbiter_2_928.dqdimacs,77,87
./benchmark_tests/original/Biere/bitcell_16_2/pec_bit_cell_arbiter_2_928.dqdimacs,78,86
./benchmark_tests/original/Biere/bitcell_16_2/pec_bit_cell_arbiter_2_928.dqdimacs,79,85
./benchmark_tests/original/Biere/bitcell_16_2/pec_bit_cell_arbiter_2_928.dqdimacs,80,86
./benchmark_tests/original/Biere/bitcell_16_2/pec_bit_cell_arbiter_2_928.dqdimacs,81,85
./benchmark_tests/original/Biere/bitcell_16_2/pec_bit_cell_arbiter_2_928.dqdimacs,82,85
./benchmark_tests/original/Biere/bitcell_16_2/pec_bit_cell_arbiter_2_928.dqdimacs,83,86
./benchmark_tests/original/Biere/bitcell_16_2/pec_bit_cell_arbiter_2_928.dqdimacs,84,85
./benchmark_tests/original/Biere/bitcell_16_2/pec_bit_cell_arbiter_2_928.dqdimacs,85,86
./benchmark_tests/original/Biere/bitcell_16_2/pec_bit_cell_arbiter_2_928.dqdimacs,86,85
./benchmark_tests/original/Biere/bitcell_16_2/pec_bit_cell_arbiter_2_928.dqdimacs,87,85
./benchmark_tests/original/Biere/bitcell_16_2/pec_bit_cell_arbiter_2_928.dqdimacs,88,85
./benchmark_tests/original/Biere/bitcell_16_2/pec_bit_cell_arbiter_2_928.dqdimacs,89,85
./benchmark_tests/original/Biere/bitcell_16_2/pec_bit_cell_arbiter_2_928.dqdimacs,90,85
./benchmark_tests/original/Biere/bitcell_16_2/pec_bit_cell_arbiter_2_928.dqdimacs,91,85
./benchmark_tests/original/Biere/bitcell_16_2/pec_bit_cell_arbiter_2_928.dqdimacs,92,86
./benchmark_tests/original/Biere/bitcell_16_2/pec_bit_cell_arbiter_2_928.dqdimacs,93,85
./benchmark_tests/original/Biere/bitcell_16_2/pec_bit_cell_arbiter_2_928.dqdimacs,94,85
./benchmark_tests/original/Biere/bitcell_16_2/pec_bit_cell_arbiter_2_928.dqdimacs,95,86
./benchmark_tests/original/Biere/bitcell_16_2/pec_bit_cell_arbiter_2_928.dqdimacs,96,85
./benchmark_tests/original/Biere/bitcell_16_2/pec_bit_cell_arbiter_2_928.dqdimacs,97,85
./benchmark_tests/original/Biere/bitcell_16_2/pec_bit_cell_arbiter_2_928.dqdimacs,98,85
./benchmark_tests/original/Biere/bitcell_16_2/pec_bit_cell_arbiter_2_928.dqdimacs,99,85
./benchmark_tests/original/Biere/bitcell_16_2/pec_bit_cell_arbiter_2_928.dqdimacs,100,85
./benchmark_tests/original/Biere/bitcell_16_2/pec_bit_cell_arbiter_2_928.dqdimacs,101,85
./benchmark_tests/original/Biere/bitcell_16_2/pec_bit_cell_arbiter_2_928.dqdimacs,102,85
./benchmark_tests/original/Biere/bitcell_16_2/pec_bit_cell_arbiter_2_928.dqdimacs,103,86
./benchmark_tests/original/Biere/bitcell_16_2/pec_bit_cell_arbiter_2_928.dqdimacs,104,86
./benchmark_tests/original/Biere/bitcell_16_2/pec_bit_cell_arbiter_2_928.dqdimacs,105,85
./benchmark_tests/original/Biere/bitcell_16_2/pec_bit_cell_arbiter_2_928.dqdimacs,107,86
./benchmark_tests/original/Biere/bitcell_16_2/pec_bit_cell_arbiter_2_928.dqdimacs,108,86
./benchmark_tests/original/Biere/bitcell_16_2/pec_bit_cell_arbiter_2_928.dqdimacs,109,86
./benchmark_tests/original/Biere/bitcell_16_2/pec_bit_cell_arbiter_2_928.dqdimacs,110,86
./benchmark_tests/original/Biere/bitcell_16_2/pec_bit_cell_arbiter_2_928.dqdimacs,111,85
./benchmark_tests/original/Biere/bitcell_16_2/pec_bit_cell_arbiter_2_928.dqdimacs,112,86
./benchmark_tests/original/Biere/bitcell_16_2/pec_bit_cell_arbiter_2_928.dqdimacs,113,86
./benchmark_tests/original/Biere/bitcell_16_2/pec_bit_cell_arbiter_2_928.dqdimacs,114,86
./benchmark_tests/original/Biere/bitcell_16_2/pec_bit_cell_arbiter_2_928.dqdimacs,115,86
./benchmark_tests/original/Biere/bitcell_16_2/pec_bit_cell_arbiter_2_940.dqdimacs,3,114
./benchmark_tests/original/Biere/bitcell_16_2/pec_bit_cell_arbiter_2_940.dqdimacs,4,103
./benchmark_tests/original/Biere/bitcell_16_2/pec_bit_cell_arbiter_2_940.dqdimacs,5,82
./benchmark_tests/original/Biere/bitcell_16_2/pec_bit_cell_arbiter_2_940.dqdimacs,6,126
./benchmark_tests/original/Biere/bitcell_16_2/pec_bit_cell_arbiter_2_940.dqdimacs,7,82
./benchmark_tests/original/Biere/bitcell_16_2/pec_bit_cell_arbiter_2_940.dqdimacs,10,81
./benchmark_tests/original/Biere/bitcell_16_2/pec_bit_cell_arbiter_2_940.dqdimacs,12,82
./benchmark_tests/original/Biere/bitcell_16_2/pec_bit_cell_arbiter_2_940.dqdimacs,14,81
./benchmark_tests/original/Biere/bitcell_16_2/pec_bit_cell_arbiter_2_940.dqdimacs,16,81
./benchmark_tests/original/Biere/bitcell_16_2/pec_bit_cell_arbiter_2_940.dqdimacs,18,82
./benchmark_tests/original/Biere/bitcell_16_2/pec_bit_cell_arbiter_2_940.dqdimacs,20,82
./benchmark_tests/original/Biere/bitcell_16_2/pec_bit_cell_arbiter_2_940.dqdimacs,21,82
./benchmark_tests/original/Biere/bitcell_16_2/pec_bit_cell_arbiter_2_940.dqdimacs,22,82
./benchmark_tests/original/Biere/bitcell_16_2/pec_bit_cell_arbiter_2_940.dqdimacs,23,81
./benchmark_tests/original/Biere/bitcell_16_2/pec_bit_cell_arbiter_2_940.dqdimacs,24,82
./benchmark_tests/original/Biere/bitcell_16_2/pec_bit_cell_arbiter_2_940.dqdimacs,25,82
./benchmark_tests/original/Biere/bitcell_16_2/pec_bit_cell_arbiter_2_940.dqdimacs,26,80
./benchmark_tests/original/Biere/bitcell_16_2/pec_bit_cell_arbiter_2_940.dqdimacs,27,79
./benchmark_tests/original/Biere/bitcell_16_2/pec_bit_cell_arbiter_2_940.dqdimacs,28,77
./benchmark_tests/original/Biere/bitcell_16_2/pec_bit_cell_arbiter_2_940.dqdimacs,29,74
./benchmark_tests/original/Biere/bitcell_16_2/pec_bit_cell_arbiter_2_940.dqdimacs,30,71
./benchmark_tests/original/Biere/bitcell_16_2/pec_bit_cell_arbiter_2_940.dqdimacs,31,67
./benchmark_tests/original/Biere/bitcell_16_2/pec_bit_cell_arbiter_2_940.dqdimacs,32,71
./benchmark_tests/original/Biere/bitcell_16_2/pec_bit_cell_arbiter_2_940.dqdimacs,33,63
./benchmark_tests/original/Biere/bitcell_16_2/pec_bit_cell_arbiter_2_940.dqdimacs,34,59
./benchmark_tests/original/Biere/bitcell_16_2/pec_bit_cell_arbiter_2_940.dqdimacs,35,56
./benchmark_tests/original/Biere/bitcell_16_2/pec_bit_cell_arbiter_2_940.dqdimacs,36,54
./benchmark_tests/original/Biere/bitcell_16_2/pec_bit_cell_arbiter_2_940.dqdimacs,37,52
./benchmark_tests/original/Biere/bitcell_16_2/pec_bit_cell_arbiter_2_940.dqdimacs,38,51
./benchmark_tests/original/Biere/bitcell_16_2/pec_bit_cell_arbiter_2_940.dqdimacs,39,49
./benchmark_tests/original/Biere/bitcell_16_2/pec_bit_cell_arbiter_2_940.dqdimacs,40,47
./benchmark_tests/original/Biere/bitcell_16_2/pec_bit_cell_arbiter_2_940.dqdimacs,41,46
./benchmark_tests/original/Biere/bitcell_16_2/pec_bit_cell_arbiter_2_940.dqdimacs,42,45
./benchmark_tests/original/Biere/bitcell_16_2/pec_bit_cell_arbiter_2_940.dqdimacs,43,45
./benchmark_tests/original/Biere/bitcell_16_2/pec_bit_cell_arbiter_2_940.dqdimacs,44,45
./benchmark_tests/original/Biere/bitcell_16_2/pec_bit_cell_arbiter_2_940.dqdimacs,45,45
./benchmark_tests/original/Biere/bitcell_16_2/pec_bit_cell_arbiter_2_940.dqdimacs,46,45
./benchmark_tests/original/Biere/bitcell_16_2/pec_bit_cell_arbiter_2_940.dqdimacs,47,45
./benchmark_tests/original/Biere/bitcell_16_2/pec_bit_cell_arbiter_2_940.dqdimacs,48,45
./benchmark_tests/original/Biere/bitcell_16_2/pec_bit_cell_arbiter_2_940.dqdimacs,49,45
./benchmark_tests/original/Biere/bitcell_16_2/pec_bit_cell_arbiter_2_940.dqdimacs,50,45
./benchmark_tests/original/Biere/bitcell_16_2/pec_bit_cell_arbiter_2_940.dqdimacs,52,45
./benchmark_tests/original/Biere/bitcell_16_2/pec_bit_cell_arbiter_2_940.dqdimacs,53,45
./benchmark_tests/original/Biere/bitcell_16_2/pec_bit_cell_arbiter_2_940.dqdimacs,54,45
./benchmark_tests/original/Biere/bitcell_16_2/pec_bit_cell_arbiter_2_940.dqdimacs,56,46
./benchmark_tests/original/Biere/bitcell_16_2/pec_bit_cell_arbiter_2_940.dqdimacs,57,45
./benchmark_tests/original/Biere/bitcell_16_2/pec_bit_cell_arbiter_2_940.dqdimacs,58,45
./benchmark_tests/original/Biere/bitcell_16_2/pec_bit_cell_arbiter_2_940.dqdimacs,59,45
./benchmark_tests/original/Biere/bitcell_16_2/pec_bit_cell_arbiter_2_940.dqdimacs,60,45
./benchmark_tests/original/Biere/bitcell_16_2/pec_bit_cell_arbiter_2_940.dqdimacs,61,46
./benchmark_tests/original/Biere/bitcell_16_2/pec_bit_cell_arbiter_2_940.dqdimacs,62,46
./benchmark_tests/original/Biere/bitcell_16_2/pec_bit_cell_arbiter_2_940.dqdimacs,64,45
./benchmark_tests/original/Biere/bitcell_16_2/pec_bit_cell_arbiter_2_940.dqdimacs,65,45
./benchmark_tests/original/Biere/bitcell_16_2/pec_bit_cell_arbiter_2_940.dqdimacs,66,45
./benchmark_tests/original/Biere/bitcell_16_2/pec_bit_cell_arbiter_2_940.dqdimacs,67,45
./benchmark_tests/original/Biere/bitcell_16_2/pec_bit_cell_arbiter_2_940.dqdimacs,68,45
./benchmark_tests/original/Biere/bitcell_16_2/pec_bit_cell_arbiter_2_940.dqdimacs,69,45
./benchmark_tests/original/Biere/bitcell_16_2/pec_bit_cell_arbiter_2_940.dqdimacs,70,46
./benchmark_tests/original/Biere/bitcell_16_2/pec_bit_cell_arbiter_2_940.dqdimacs,72,45
./benchmark_tests/original/Biere/bitcell_16_2/pec_bit_cell_arbiter_2_940.dqdimacs,73,45
./benchmark_tests/original/Biere/bitcell_16_2/pec_bit_cell_arbiter_2_940.dqdimacs,74,45
./benchmark_tests/original/Biere/bitcell_16_2/pec_bit_cell_arbiter_2_940.dqdimacs,75,45
./benchmark_tests/original/Biere/bitcell_16_2/pec_bit_cell_arbiter_2_940.dqdimacs,76,45
./benchmark_tests/original/Biere/bitcell_16_2/pec_bit_cell_arbiter_2_940.dqdimacs,77,45
./benchmark_tests/original/Biere/bitcell_16_2/pec_bit_cell_arbiter_2_940.dqdimacs,78,45
./benchmark_tests/original/Biere/bitcell_16_2/pec_bit_cell_arbiter_2_940.dqdimacs,80,45
./benchmark_tests/original/Biere/bitcell_16_2/pec_bit_cell_arbiter_2_940.dqdimacs,81,45
./benchmark_tests/original/Biere/bitcell_16_2/pec_bit_cell_arbiter_2_940.dqdimacs,82,45
./benchmark_tests/original/Biere/bitcell_16_2/pec_bit_cell_arbiter_2_940.dqdimacs,83,45
./benchmark_tests/original/Biere/bitcell_16_2/pec_bit_cell_arbiter_2_940.dqdimacs,84,45
./benchmark_tests/original/Biere/bitcell_16_2/pec_bit_cell_arbiter_2_940.dqdimacs,85,45
./benchmark_tests/original/Biere/bitcell_16_2/pec_bit_cell_arbiter_2_940.dqdimacs,86,46
./benchmark_tests/original/Biere/bitcell_16_2/pec_bit_cell_arbiter_2_940.dqdimacs,88,45
./benchmark_tests/original/Biere/bitcell_16_2/pec_bit_cell_arbiter_2_940.dqdimacs,89,45
./benchmark_tests/original/Biere/bitcell_16_2/pec_bit_cell_arbiter_2_940.dqdimacs,90,45
./benchmark_tests/original/Biere/bitcell_16_2/pec_bit_cell_arbiter_2_940.dqdimacs,91,45
./benchmark_tests/original/Biere/bitcell_16_2/pec_bit_cell_arbiter_2_940.dqdimacs,92,45
./benchmark_tests/original/Biere/bitcell_16_2/pec_bit_cell_arbiter_2_940.dqdimacs,93,46
./benchmark_tests/original/Biere/bitcell_16_2/pec_bit_cell_arbiter_2_940.dqdimacs,94,46
./benchmark_tests/original/Biere/bitcell_16_2/pec_bit_cell_arbiter_2_940.dqdimacs,96,45
./benchmark_tests/original/Biere/bitcell_16_2/pec_bit_cell_arbiter_2_940.dqdimacs,97,46
./benchmark_tests/original/Biere/bitcell_16_2/pec_bit_cell_arbiter_2_940.dqdimacs,98,45
./benchmark_tests/original/Biere/bitcell_16_2/pec_bit_cell_arbiter_2_940.dqdimacs,99,46
./benchmark_tests/original/Biere/bitcell_16_2/pec_bit_cell_arbiter_2_940.dqdimacs,100,46
./benchmark_tests/original/Biere/bitcell_16_2/pec_bit_cell_arbiter_2_940.dqdimacs,101,46
./benchmark_tests/original/Biere/bitcell_16_2/pec_bit_cell_arbiter_2_940.dqdimacs,102,46
./benchmark_tests/original/Biere/bitcell_16_2/pec_bit_cell_arbiter_2_940.dqdimacs,104,46
./benchmark_tests/original/Biere/bitcell_16_2/pec_bit_cell_arbiter_2_940.dqdimacs,105,46
./benchmark_tests/original/Biere/bitcell_16_2/pec_bit_cell_arbiter_2_940.dqdimacs,106,45
./benchmark_tests/original/Biere/bitcell_16_2/pec_bit_cell_arbiter_2_940.dqdimacs,107,46
./benchmark_tests/original/Biere/bitcell_16_2/pec_bit_cell_arbiter_2_940.dqdimacs,108,45
./benchmark_tests/original/Biere/bitcell_16_2/pec_bit_cell_arbiter_2_940.dqdimacs,109,46
./benchmark_tests/original/Biere/bitcell_16_2/pec_bit_cell_arbiter_2_940.dqdimacs,110,46
./benchmark_tests/original/Biere/bitcell_16_2/pec_bit_cell_arbiter_2_940.dqdimacs,112,45
./benchmark_tests/original/Biere/bitcell_16_2/pec_bit_cell_arbiter_2_940.dqdimacs,113,45
./benchmark_tests/original/Biere/bitcell_16_2/pec_bit_cell_arbiter_2_940.dqdimacs,114,46
./benchmark_tests/original/Biere/bitcell_16_2/pec_bit_cell_arbiter_2_940.dqdimacs,115,46
./benchmark_tests/original/Biere/bitcell_16_2/pec_bit_cell_arbiter_2_940.dqdimacs,116,46
./benchmark_tests/original/Biere/bitcell_16_2/pec_bit_cell_arbiter_2_940.dqdimacs,117,46
./benchmark_tests/original/Biere/bitcell_16_2/pec_bit_cell_arbiter_2_940.dqdimacs,118,46
./benchmark_tests/original/Biere/bitcell_16_2/pec_bit_cell_arbiter_2_940.dqdimacs,120,45
./benchmark_tests/original/Biere/bitcell_16_2/pec_bit_cell_arbiter_2_940.dqdimacs,121,46
./benchmark_tests/original/Biere/bitcell_16_2/pec_bit_cell_arbiter_2_940.dqdimacs,122,46
./benchmark_tests/original/Biere/bitcell_16_2/pec_bit_cell_arbiter_2_940.dqdimacs,123,46
./benchmark_tests/original/Biere/bitcell_16_2/pec_bit_cell_arbiter_2_940.dqdimacs,124,46
./benchmark_tests/original/Biere/bitcell_16_2/pec_bit_cell_arbiter_2_940.dqdimacs,125,46
./benchmark_tests/original/Biere/bitcell_16_2/pec_bit_cell_arbiter_2_940.dqdimacs,126,47
./benchmark_tests/original/Biere/bitcell_16_2/pec_bit_cell_arbiter_2_940.dqdimacs,127,46
./benchmark_tests/original/Biere/bitcell_16_2/pec_bit_cell_arbiter_2_940.dqdimacs,128,46
./benchmark_tests/original/Biere/bitcell_16_2/pec_bit_cell_arbiter_2_940.dqdimacs,129,46
./benchmark_tests/original/Biere/bitcell_16_2/pec_bit_cell_arbiter_2_940.dqdimacs,130,48
./benchmark_tests/original/Biere/bitcell_16_2/pec_bit_cell_arbiter_2_940.dqdimacs,131,46
./benchmark_tests/original/Biere/bitcell_16_2/pec_bit_cell_arbiter_2_940.dqdimacs,132,46
./benchmark_tests/original/Biere/bitcell_16_2/pec_bit_cell_arbiter_2_965.dqdimacs,3,124
./benchmark_tests/original/Biere/bitcell_16_2/pec_bit_cell_arbiter_2_965.dqdimacs,4,118
./benchmark_tests/original/Biere/bitcell_16_2/pec_bit_cell_arbiter_2_965.dqdimacs,5,111
./benchmark_tests/original/Biere/bitcell_16_2/pec_bit_cell_arbiter_2_965.dqdimacs,6,134
./benchmark_tests/original/Biere/bitcell_16_2/pec_bit_cell_arbiter_2_965.dqdimacs,7,88
./benchmark_tests/original/Biere/bitcell_16_2/pec_bit_cell_arbiter_2_965.dqdimacs,10,87
./benchmark_tests/original/Biere/bitcell_16_2/pec_bit_cell_arbiter_2_965.dqdimacs,12,88
./benchmark_tests/original/Biere/bitcell_16_2/pec_bit_cell_arbiter_2_965.dqdimacs,13,88
./benchmark_tests/original/Biere/bitcell_16_2/pec_bit_cell_arbiter_2_965.dqdimacs,14,87
./benchmark_tests/original/Biere/bitcell_16_2/pec_bit_cell_arbiter_2_965.dqdimacs,15,89
./benchmark_tests/original/Biere/bitcell_16_2/pec_bit_cell_arbiter_2_965.dqdimacs,16,89
./benchmark_tests/original/Biere/bitcell_16_2/pec_bit_cell_arbiter_2_965.dqdimacs,17,89
./benchmark_tests/original/Biere/bitcell_16_2/pec_bit_cell_arbiter_2_965.dqdimacs,18,89
./benchmark_tests/original/Biere/bitcell_16_2/pec_bit_cell_arbiter_2_965.dqdimacs,19,89
./benchmark_tests/original/Biere/bitcell_16_2/pec_bit_cell_arbiter_2_965.dqdimacs,20,88
./benchmark_tests/original/Biere/bitcell_16_2/pec_bit_cell_arbiter_2_965.dqdimacs,22,85
./benchmark_tests/original/Biere/bitcell_16_2/pec_bit_cell_arbiter_2_965.dqdimacs,23,82
./benchmark_tests/original/Biere/bitcell_16_2/pec_bit_cell_arbiter_2_965.dqdimacs,24,79
./benchmark_tests/original/Biere/bitcell_16_2/pec_bit_cell_arbiter_2_965.dqdimacs,25,76
./benchmark_tests/original/Biere/bitcell_16_2/pec_bit_cell_arbiter_2_965.dqdimacs,26,72
./benchmark_tests/original/Biere/bitcell_16_2/pec_bit_cell_arbiter_2_965.dqdimacs,27,76
./benchmark_tests/original/Biere/bitcell_16_2/pec_bit_cell_arbiter_2_965.dqdimacs,28,66
./benchmark_tests/original/Biere/bitcell_16_2/pec_bit_cell_arbiter_2_965.dqdimacs,29,62
./benchmark_tests/original/Biere/bitcell_16_2/pec_bit_cell_arbiter_2_965.dqdimacs,30,59
./benchmark_tests/original/Biere/bitcell_16_2/pec_bit_cell_arbiter_2_965.dqdimacs,31,56
./benchmark_tests/original/Biere/bitcell_16_2/pec_bit_cell_arbiter_2_965.dqdimacs,32,55
./benchmark_tests/original/Biere/bitcell_16_2/pec_bit_cell_arbiter_2_965.dqdimacs,33,53
./benchmark_tests/original/Biere/bitcell_16_2/pec_bit_cell_arbiter_2_965.dqdimacs,34,51
./benchmark_tests/original/Biere/bitcell_16_2/pec_bit_cell_arbiter_2_965.dqdimacs,35,50
./benchmark_tests/original/Biere/bitcell_16_2/pec_bit_cell_arbiter_2_965.dqdimacs,37,49
./benchmark_tests/original/Biere/bitcell_16_2/pec_bit_cell_arbiter_2_965.dqdimacs,38,49
./benchmark_tests/original/Biere/bitcell_16_2/pec_bit_cell_arbiter_2_965.dqdimacs,39,50
./benchmark_tests/original/Biere/bitcell_16_2/pec_bit_cell_arbiter_2_965.dqdimacs,40,49
./benchmark_tests/original/Biere/bitcell_16_2/pec_bit_cell_arbiter_2_965.dqdimacs,41,49
./benchmark_tests/original/Biere/bitcell_16_2/pec_bit_cell_arbiter_2_965.dqdimacs,43,49
./benchmark_tests/original/Biere/bitcell_16_2/pec_bit_cell_arbiter_2_965.dqdimacs,44,49
./benchmark_tests/original/Biere/bitcell_16_2/pec_bit_cell_arbiter_2_965.dqdimacs,45,49
./benchmark_tests/original/Biere/bitcell_16_2/pec_bit_cell_arbiter_2_965.dqdimacs,46,49
./benchmark_tests/original/Biere/bitcell_16_2/pec_bit_cell_arbiter_2_965.dqdimacs,47,50
./benchmark_tests/original/Biere/bitcell_16_2/pec_bit_cell_arbiter_2_965.dqdimacs,48,49
./benchmark_tests/original/Biere/bitcell_16_2/pec_bit_cell_arbiter_2_965.dqdimacs,49,51
./benchmark_tests/original/Biere/bitcell_16_2/pec_bit_cell_arbiter_2_965.dqdimacs,51,48
./benchmark_tests/original/Biere/bitcell_16_2/pec_bit_cell_arbiter_2_965.dqdimacs,52,49
./benchmark_tests/original/Biere/bitcell_16_2/pec_bit_cell_arbiter_2_965.dqdimacs,53,49
./benchmark_tests/original/Biere/bitcell_16_2/pec_bit_cell_arbiter_2_965.dqdimacs,54,49
./benchmark_tests/original/Biere/bitcell_16_2/pec_bit_cell_arbiter_2_965.dqdimacs,55,50
./benchmark_tests/original/Biere/bitcell_16_2/pec_bit_cell_arbiter_2_965.dqdimacs,56,49
./benchmark_tests/original/Biere/bitcell_16_2/pec_bit_cell_arbiter_2_965.dqdimacs,57,49
./benchmark_tests/original/Biere/bitcell_16_2/pec_bit_cell_arbiter_2_965.dqdimacs,59,49
./benchmark_tests/original/Biere/bitcell_16_2/pec_bit_cell_arbiter_2_965.dqdimacs,60,51
./benchmark_tests/original/Biere/bitcell_16_2/pec_bit_cell_arbiter_2_965.dqdimacs,61,51
./benchmark_tests/original/Biere/bitcell_16_2/pec_bit_cell_arbiter_2_965.dqdimacs,62,50
./benchmark_tests/original/Biere/bitcell_16_2/pec_bit_cell_arbiter_2_965.dqdimacs,63,49
./benchmark_tests/original/Biere/bitcell_16_2/pec_bit_cell_arbiter_2_965.dqdimacs,64,50
./benchmark_tests/original/Biere/bitcell_16_2/pec_bit_cell_arbiter_2_965.dqdimacs,65,50
./benchmark_tests/original/Biere/bitcell_16_2/pec_bit_cell_arbiter_2_965.dqdimacs,67,49
./benchmark_tests/original/Biere/bitcell_16_2/pec_bit_cell_arbiter_2_965.dqdimacs,68,49
./benchmark_tests/original/Biere/bitcell_16_2/pec_bit_cell_arbiter_2_965.dqdimacs,69,49
./benchmark_tests/original/Biere/bitcell_16_2/pec_bit_cell_arbiter_2_965.dqdimacs,70,49
./benchmark_tests/original/Biere/bitcell_16_2/pec_bit_cell_arbiter_2_965.dqdimacs,71,50
./benchmark_tests/original/Biere/bitcell_16_2/pec_bit_cell_arbiter_2_965.dqdimacs,72,50
./benchmark_tests/original/Biere/bitcell_16_2/pec_bit_cell_arbiter_2_965.dqdimacs,73,50
./benchmark_tests/original/Biere/bitcell_16_2/pec_bit_cell_arbiter_2_965.dqdimacs,75,49
./benchmark_tests/original/Biere/bitcell_16_2/pec_bit_cell_arbiter_2_965.dqdimacs,76,49
./benchmark_tests/original/Biere/bitcell_16_2/pec_bit_cell_arbiter_2_965.dqdimacs,77,49
./benchmark_tests/original/Biere/bitcell_16_2/pec_bit_cell_arbiter_2_965.dqdimacs,78,49
./benchmark_tests/original/Biere/bitcell_16_2/pec_bit_cell_arbiter_2_965.dqdimacs,79,49
./benchmark_tests/original/Biere/bitcell_16_2/pec_bit_cell_arbiter_2_965.dqdimacs,80,49
./benchmark_tests/original/Biere/bitcell_16_2/pec_bit_cell_arbiter_2_965.dqdimacs,81,50
./benchmark_tests/original/Biere/bitcell_16_2/pec_bit_cell_arbiter_2_965.dqdimacs,83,49
./benchmark_tests/original/Biere/bitcell_16_2/pec_bit_cell_arbiter_2_965.dqdimacs,84,49
./benchmark_tests/original/Biere/bitcell_16_2/pec_bit_cell_arbiter_2_965.dqdimacs,85,49
./benchmark_tests/original/Biere/bitcell_16_2/pec_bit_cell_arbiter_2_965.dqdimacs,86,50
./benchmark_tests/original/Biere/bitcell_16_2/pec_bit_cell_arbiter_2_965.dqdimacs,87,50
./benchmark_tests/original/Biere/bitcell_16_2/pec_bit_cell_arbiter_2_965.dqdimacs,88,49
./benchmark_tests/original/Biere/bitcell_16_2/pec_bit_cell_arbiter_2_965.dqdimacs,89,50
./benchmark_tests/original/Biere/bitcell_16_2/pec_bit_cell_arbiter_2_965.dqdimacs,91,49
./benchmark_tests/original/Biere/bitcell_16_2/pec_bit_cell_arbiter_2_965.dqdimacs,92,49
./benchmark_tests/original/Biere/bitcell_16_2/pec_bit_cell_arbiter_2_965.dqdimacs,93,49
./benchmark_tests/original/Biere/bitcell_16_2/pec_bit_cell_arbiter_2_965.dqdimacs,94,50
./benchmark_tests/original/Biere/bitcell_16_2/pec_bit_cell_arbiter_2_965.dqdimacs,95,49
./benchmark_tests/original/Biere/bitcell_16_2/pec_bit_cell_arbiter_2_965.dqdimacs,96,50
./benchmark_tests/original/Biere/bitcell_16_2/pec_bit_cell_arbiter_2_965.dqdimacs,97,50
./benchmark_tests/original/Biere/bitcell_16_2/pec_bit_cell_arbiter_2_965.dqdimacs,99,50
./benchmark_tests/original/Biere/bitcell_16_2/pec_bit_cell_arbiter_2_965.dqdimacs,100,50
./benchmark_tests/original/Biere/bitcell_16_2/pec_bit_cell_arbiter_2_965.dqdimacs,101,50
./benchmark_tests/original/Biere/bitcell_16_2/pec_bit_cell_arbiter_2_965.dqdimacs,102,51
./benchmark_tests/original/Biere/bitcell_16_2/pec_bit_cell_arbiter_2_965.dqdimacs,103,51
./benchmark_tests/original/Biere/bitcell_16_2/pec_bit_cell_arbiter_2_965.dqdimacs,104,50
./benchmark_tests/original/Biere/bitcell_16_2/pec_bit_cell_arbiter_2_965.dqdimacs,105,50
./benchmark_tests/original/Biere/bitcell_16_2/pec_bit_cell_arbiter_2_965.dqdimacs,107,49
./benchmark_tests/original/Biere/bitcell_16_2/pec_bit_cell_arbiter_2_965.dqdimacs,108,49
./benchmark_tests/original/Biere/bitcell_16_2/pec_bit_cell_arbiter_2_965.dqdimacs,109,49
./benchmark_tests/original/Biere/bitcell_16_2/pec_bit_cell_arbiter_2_965.dqdimacs,110,50
./benchmark_tests/original/Biere/bitcell_16_2/pec_bit_cell_arbiter_2_965.dqdimacs,111,50
./benchmark_tests/original/Biere/bitcell_16_2/pec_bit_cell_arbiter_2_965.dqdimacs,112,49
./benchmark_tests/original/Biere/bitcell_16_2/pec_bit_cell_arbiter_2_965.dqdimacs,113,50
./benchmark_tests/original/Biere/bitcell_16_2/pec_bit_cell_arbiter_2_965.dqdimacs,115,49
./benchmark_tests/original/Biere/bitcell_16_2/pec_bit_cell_arbiter_2_965.dqdimacs,116,49
./benchmark_tests/original/Biere/bitcell_16_2/pec_bit_cell_arbiter_2_965.dqdimacs,117,49
./benchmark_tests/original/Biere/bitcell_16_2/pec_bit_cell_arbiter_2_965.dqdimacs,118,49
./benchmark_tests/original/Biere/bitcell_16_2/pec_bit_cell_arbiter_2_965.dqdimacs,119,51
./benchmark_tests/original/Biere/bitcell_16_2/pec_bit_cell_arbiter_2_965.dqdimacs,120,49
./benchmark_tests/original/Biere/bitcell_16_2/pec_bit_cell_arbiter_2_965.dqdimacs,121,50
./benchmark_tests/original/Biere/bitcell_16_2/pec_bit_cell_arbiter_2_965.dqdimacs,123,49
./benchmark_tests/original/Biere/bitcell_16_2/pec_bit_cell_arbiter_2_965.dqdimacs,124,49
./benchmark_tests/original/Biere/bitcell_16_2/pec_bit_cell_arbiter_2_965.dqdimacs,125,49
./benchmark_tests/original/Biere/bitcell_16_2/pec_bit_cell_arbiter_2_965.dqdimacs,126,50
./benchmark_tests/original/Biere/bitcell_16_2/pec_bit_cell_arbiter_2_965.dqdimacs,127,49
./benchmark_tests/original/Biere/bitcell_16_2/pec_bit_cell_arbiter_2_965.dqdimacs,128,49
./benchmark_tests/original/Biere/bitcell_16_2/pec_bit_cell_arbiter_2_965.dqdimacs,129,50
./benchmark_tests/original/Biere/bitcell_16_2/pec_bit_cell_arbiter_2_965.dqdimacs,131,49
./benchmark_tests/original/Biere/bitcell_16_2/pec_bit_cell_arbiter_2_965.dqdimacs,132,49
./benchmark_tests/original/Biere/bitcell_16_2/pec_bit_cell_arbiter_2_965.dqdimacs,133,50
./benchmark_tests/original/Biere/bitcell_16_2/pec_bit_cell_arbiter_2_965.dqdimacs,134,50
./benchmark_tests/original/Biere/bitcell_16_2/pec_bit_cell_arbiter_2_965.dqdimacs,135,50
./benchmark_tests/original/Biere/bitcell_16_2/pec_bit_cell_arbiter_2_965.dqdimacs,136,50
./benchmark_tests/original/Biere/bitcell_16_2/pec_bit_cell_arbiter_2_965.dqdimacs,137,52
./benchmark_tests/original/Biere/bitcell_16_2/pec_bit_cell_arbiter_2_965.dqdimacs,138,51
./benchmark_tests/original/Biere/bitcell_16_2/pec_bit_cell_arbiter_2_965.dqdimacs,139,51
./benchmark_tests/original/Biere/bitcell_16_2/pec_bit_cell_arbiter_2_965.dqdimacs,140,51
./benchmark_tests/original/Biere/bitcell_16_2/pec_bit_cell_arbiter_2_965.dqdimacs,141,51
./benchmark_tests/original/Biere/bitcell_16_2/pec_bit_cell_arbiter_2_965.dqdimacs,142,49
./benchmark_tests/original/Biere/bitcell_16_2/pec_bit_cell_arbiter_2_965.dqdimacs,143,49
./benchmark_tests/original/Biere/bitcell_16_2/pec_bit_cell_arbiter_2_970.dqdimacs,3,208
./benchmark_tests/original/Biere/bitcell_16_2/pec_bit_cell_arbiter_2_970.dqdimacs,4,203
./benchmark_tests/original/Biere/bitcell_16_2/pec_bit_cell_arbiter_2_970.dqdimacs,5,204
./benchmark_tests/original/Biere/bitcell_16_2/pec_bit_cell_arbiter_2_970.dqdimacs,6,244
./benchmark_tests/original/Biere/bitcell_16_2/pec_bit_cell_arbiter_2_970.dqdimacs,7,176
./benchmark_tests/original/Biere/bitcell_16_2/pec_bit_cell_arbiter_2_970.dqdimacs,10,176
./benchmark_tests/original/Biere/bitcell_16_2/pec_bit_cell_arbiter_2_970.dqdimacs,12,176
./benchmark_tests/original/Biere/bitcell_16_2/pec_bit_cell_arbiter_2_970.dqdimacs,13,172
./benchmark_tests/original/Biere/bitcell_16_2/pec_bit_cell_arbiter_2_970.dqdimacs,14,162
./benchmark_tests/original/Biere/bitcell_16_2/pec_bit_cell_arbiter_2_970.dqdimacs,15,149
./benchmark_tests/original/Biere/bitcell_16_2/pec_bit_cell_arbiter_2_970.dqdimacs,16,136
./benchmark_tests/original/Biere/bitcell_16_2/pec_bit_cell_arbiter_2_970.dqdimacs,17,122
./benchmark_tests/original/Biere/bitcell_16_2/pec_bit_cell_arbiter_2_970.dqdimacs,18,113
./benchmark_tests/original/Biere/bitcell_16_2/pec_bit_cell_arbiter_2_970.dqdimacs,19,104
./benchmark_tests/original/Biere/bitcell_16_2/pec_bit_cell_arbiter_2_970.dqdimacs,20,97
./benchmark_tests/original/Biere/bitcell_16_2/pec_bit_cell_arbiter_2_970.dqdimacs,22,95
./benchmark_tests/original/Biere/bitcell_16_2/pec_bit_cell_arbiter_2_970.dqdimacs,23,95
./benchmark_tests/original/Biere/bitcell_16_2/pec_bit_cell_arbiter_2_970.dqdimacs,24,95
./benchmark_tests/original/Biere/bitcell_16_2/pec_bit_cell_arbiter_2_970.dqdimacs,25,95
./benchmark_tests/original/Biere/bitcell_16_2/pec_bit_cell_arbiter_2_970.dqdimacs,26,95
./benchmark_tests/original/Biere/bitcell_16_2/pec_bit_cell_arbiter_2_970.dqdimacs,27,101
./benchmark_tests/original/Biere/bitcell_16_2/pec_bit_cell_arbiter_2_970.dqdimacs,28,95
./benchmark_tests/original/Biere/bitcell_16_2/pec_bit_cell_arbiter_2_970.dqdimacs,29,94
./benchmark_tests/original/Biere/bitcell_16_2/pec_bit_cell_arbiter_2_970.dqdimacs,30,94
./benchmark_tests/original/Biere/bitcell_16_2/pec_bit_cell_arbiter_2_970.dqdimacs,31,95
./benchmark_tests/original/Biere/bitcell_16_2/pec_bit_cell_arbiter_2_970.dqdimacs,32,94
./benchmark_tests/original/Biere/bitcell_16_2/pec_bit_cell_arbiter_2_970.dqdimacs,33,95
./benchmark_tests/original/Biere/bitcell_16_2/pec_bit_cell_arbiter_2_970.dqdimacs,34,94
./benchmark_tests/original/Biere/bitcell_16_2/pec_bit_cell_arbiter_2_970.dqdimacs,35,94
./benchmark_tests/original/Biere/bitcell_16_2/pec_bit_cell_arbiter_2_970.dqdimacs,36,94
./benchmark_tests/original/Biere/bitcell_16_2/pec_bit_cell_arbiter_2_970.dqdimacs,38,95
./benchmark_tests/original/Biere/bitcell_16_2/pec_bit_cell_arbiter_2_970.dqdimacs,39,95
./benchmark_tests/original/Biere/bitcell_16_2/pec_bit_cell_arbiter_2_970.dqdimacs,40,95
./benchmark_tests/original/Biere/bitcell_16_2/pec_bit_cell_arbiter_2_970.dqdimacs,41,94
./benchmark_tests/original/Biere/bitcell_16_2/pec_bit_cell_arbiter_2_970.dqdimacs,43,94
./benchmark_tests/original/Biere/bitcell_16_2/pec_bit_cell_arbiter_2_970.dqdimacs,44,95
./benchmark_tests/original/Biere/bitcell_16_2/pec_bit_cell_arbiter_2_970.dqdimacs,45,95
./benchmark_tests/original/Biere/bitcell_16_2/pec_bit_cell_arbiter_2_970.dqdimacs,46,95
./benchmark_tests/original/Biere/bitcell_16_2/pec_bit_cell_arbiter_2_970.dqdimacs,47,95
./benchmark_tests/original/Biere/bitcell_16_2/pec_bit_cell_arbiter_2_970.dqdimacs,48,95
./benchmark_tests/original/Biere/bitcell_16_2/pec_bit_cell_arbiter_2_970.dqdimacs,49,96
./benchmark_tests/original/Biere/bitcell_16_2/pec_bit_cell_arbiter_2_970.dqdimacs,51,95
./benchmark_tests/original/Biere/bitcell_16_2/pec_bit_cell_arbiter_2_970.dqdimacs,52,95
./benchmark_tests/original/Biere/bitcell_16_2/pec_bit_cell_arbiter_2_970.dqdimacs,53,95
./benchmark_tests/original/Biere/bitcell_16_2/pec_bit_cell_arbiter_2_970.dqdimacs,54,95
./benchmark_tests/original/Biere/bitcell_16_2/pec_bit_cell_arbiter_2_970.dqdimacs,55,95
./benchmark_tests/original/Biere/bitcell_16_2/pec_bit_cell_arbiter_2_970.dqdimacs,56,95
./benchmark_tests/original/Biere/bitcell_16_2/pec_bit_cell_arbiter_2_970.dqdimacs,57,95
./benchmark_tests/original/Biere/bitcell_16_2/pec_bit_cell_arbiter_2_970.dqdimacs,59,95
./benchmark_tests/original/Biere/bitcell_16_2/pec_bit_cell_arbiter_2_970.dqdimacs,60,95
./benchmark_tests/original/Biere/bitcell_16_2/pec_bit_cell_arbiter_2_970.dqdimacs,61,95
./benchmark_tests/original/Biere/bitcell_16_2/pec_bit_cell_arbiter_2_970.dqdimacs,62,95
./benchmark_tests/original/Biere/bitcell_16_2/pec_bit_cell_arbiter_2_970.dqdimacs,63,97
./benchmark_tests/original/Biere/bitcell_16_2/pec_bit_cell_arbiter_2_970.dqdimacs,64,95
./benchmark_tests/original/Biere/bitcell_16_2/pec_bit_cell_arbiter_2_970.dqdimacs,65,95
./benchmark_tests/original/Biere/bitcell_16_2/pec_bit_cell_arbiter_2_970.dqdimacs,67,94
./benchmark_tests/original/Biere/bitcell_16_2/pec_bit_cell_arbiter_2_970.dqdimacs,68,95
./benchmark_tests/original/Biere/bitcell_16_2/pec_bit_cell_arbiter_2_970.dqdimacs,69,95
./benchmark_tests/original/Biere/bitcell_16_2/pec_bit_cell_arbiter_2_970.dqdimacs,70,95
./benchmark_tests/original/Biere/bitcell_16_2/pec_bit_cell_arbiter_2_970.dqdimacs,71,95
./benchmark_tests/original/Biere/bitcell_16_2/pec_bit_cell_arbiter_2_970.dqdimacs,72,95
./benchmark_tests/original/Biere/bitcell_16_2/pec_bit_cell_arbiter_2_970.dqdimacs,73,95
./benchmark_tests/original/Biere/bitcell_16_2/pec_bit_cell_arbiter_2_970.dqdimacs,75,94
./benchmark_tests/original/Biere/bitcell_16_2/pec_bit_cell_arbiter_2_970.dqdimacs,76,95
./benchmark_tests/original/Biere/bitcell_16_2/pec_bit_cell_arbiter_2_970.dqdimacs,77,94
./benchmark_tests/original/Biere/bitcell_16_2/pec_bit_cell_arbiter_2_970.dqdimacs,78,95
./benchmark_tests/original/Biere/bitcell_16_2/pec_bit_cell_arbiter_2_970.dqdimacs,79,95
./benchmark_tests/original/Biere/bitcell_16_2/pec_bit_cell_arbiter_2_970.dqdimacs,80,95
./benchmark_tests/original/Biere/bitcell_16_2/pec_bit_cell_arbiter_2_970.dqdimacs,81,96
./benchmark_tests/original/Biere/bitcell_16_2/pec_bit_cell_arbiter_2_970.dqdimacs,82,95
./benchmark_tests/original/Biere/bitcell_16_2/pec_bit_cell_arbiter_2_970.dqdimacs,84,94
./benchmark_tests/original/Biere/bitcell_16_2/pec_bit_cell_arbiter_2_970.dqdimacs,85,95
./benchmark_tests/original/Biere/bitcell_16_2/pec_bit_cell_arbiter_2_970.dqdimacs,86,95
./benchmark_tests/original/Biere/bitcell_16_2/pec_bit_cell_arbiter_2_970.dqdimacs,87,95
./benchmark_tests/original/Biere/bitcell_16_2/pec_bit_cell_arbiter_2_970.dqdimacs,88,95
./benchmark_tests/original/Biere/bitcell_16_2/pec_bit_cell_arbiter_2_970.dqdimacs,89,95
./benchmark_tests/original/Biere/bitcell_16_2/pec_bit_cell_arbiter_2_970.dqdimacs,90,96
./benchmark_tests/original/Biere/bitcell_16_2/pec_bit_cell_arbiter_2_970.dqdimacs,92,94
./benchmark_tests/original/Biere/bitcell_16_2/pec_bit_cell_arbiter_2_970.dqdimacs,93,95
./benchmark_tests/original/Biere/bitcell_16_2/pec_bit_cell_arbiter_2_970.dqdimacs,94,95
./benchmark_tests/original/Biere/bitcell_16_2/pec_bit_cell_arbiter_2_970.dqdimacs,95,95
./benchmark_tests/original/Biere/bitcell_16_2/pec_bit_cell_arbiter_2_970.dqdimacs,96,96
./benchmark_tests/original/Biere/bitcell_16_2/pec_bit_cell_arbiter_2_970.dqdimacs,97,96
./benchmark_tests/original/Biere/bitcell_16_2/pec_bit_cell_arbiter_2_970.dqdimacs,98,96
./benchmark_tests/original/Biere/bitcell_16_2/pec_bit_cell_arbiter_2_970.dqdimacs,100,95
./benchmark_tests/original/Biere/bitcell_16_2/pec_bit_cell_arbiter_2_970.dqdimacs,101,96
./benchmark_tests/original/Biere/bitcell_16_2/pec_bit_cell_arbiter_2_970.dqdimacs,102,95
./benchmark_tests/original/Biere/bitcell_16_2/pec_bit_cell_arbiter_2_970.dqdimacs,103,95
./benchmark_tests/original/Biere/bitcell_16_2/pec_bit_cell_arbiter_2_970.dqdimacs,104,94
./benchmark_tests/original/Biere/bitcell_16_2/pec_bit_cell_arbiter_2_970.dqdimacs,105,96
./benchmark_tests/original/Biere/bitcell_16_2/pec_bit_cell_arbiter_2_970.dqdimacs,106,96
./benchmark_tests/original/Biere/bitcell_16_2/pec_bit_cell_arbiter_2_970.dqdimacs,108,95
./benchmark_tests/original/Biere/bitcell_16_2/pec_bit_cell_arbiter_2_970.dqdimacs,109,96
./benchmark_tests/original/Biere/bitcell_16_2/pec_bit_cell_arbiter_2_970.dqdimacs,110,96
./benchmark_tests/original/Biere/bitcell_16_2/pec_bit_cell_arbiter_2_970.dqdimacs,111,96
./benchmark_tests/original/Biere/bitcell_16_2/pec_bit_cell_arbiter_2_970.dqdimacs,112,96
./benchmark_tests/original/Biere/bitcell_16_2/pec_bit_cell_arbiter_2_970.dqdimacs,113,96
./benchmark_tests/original/Biere/bitcell_16_2/pec_bit_cell_arbiter_2_970.dqdimacs,114,96
./benchmark_tests/original/Biere/bitcell_16_2/pec_bit_cell_arbiter_2_970.dqdimacs,116,95
./benchmark_tests/original/Biere/bitcell_16_2/pec_bit_cell_arbiter_2_970.dqdimacs,117,96
./benchmark_tests/original/Biere/bitcell_16_2/pec_bit_cell_arbiter_2_970.dqdimacs,118,96
./benchmark_tests/original/Biere/bitcell_16_2/pec_bit_cell_arbiter_2_970.dqdimacs,119,96
./benchmark_tests/original/Biere/bitcell_16_2/pec_bit_cell_arbiter_2_970.dqdimacs,120,94
./benchmark_tests/original/Biere/bitcell_16_2/pec_bit_cell_arbiter_2_970.dqdimacs,121,96
./benchmark_tests/original/Biere/bitcell_16_2/pec_bit_cell_arbiter_2_970.dqdimacs,122,96
./benchmark_tests/original/Biere/bitcell_16_2/pec_bit_cell_arbiter_2_970.dqdimacs,124,95
./benchmark_tests/original/Biere/bitcell_16_2/pec_bit_cell_arbiter_2_970.dqdimacs,125,96
./benchmark_tests/original/Biere/bitcell_16_2/pec_bit_cell_arbiter_2_970.dqdimacs,126,96
./benchmark_tests/original/Biere/bitcell_16_2/pec_bit_cell_arbiter_2_970.dqdimacs,127,96
./benchmark_tests/original/Biere/bitcell_16_2/pec_bit_cell_arbiter_2_970.dqdimacs,128,96
./benchmark_tests/original/Biere/bitcell_16_2/pec_bit_cell_arbiter_2_970.dqdimacs,129,96
./benchmark_tests/original/Biere/bitcell_16_2/pec_bit_cell_arbiter_2_970.dqdimacs,130,96
./benchmark_tests/original/Biere/bitcell_16_2/pec_bit_cell_arbiter_2_970.dqdimacs,132,95
./benchmark_tests/original/Biere/bitcell_16_2/pec_bit_cell_arbiter_2_970.dqdimacs,133,96
./benchmark_tests/original/Biere/bitcell_16_2/pec_bit_cell_arbiter_2_970.dqdimacs,134,96
./benchmark_tests/original/Biere/bitcell_16_2/pec_bit_cell_arbiter_2_970.dqdimacs,135,96
./benchmark_tests/original/Biere/bitcell_16_2/pec_bit_cell_arbiter_2_970.dqdimacs,136,96
./benchmark_tests/original/Biere/bitcell_16_2/pec_bit_cell_arbiter_2_970.dqdimacs,137,96
./benchmark_tests/original/Biere/bitcell_16_2/pec_bit_cell_arbiter_2_970.dqdimacs,138,96
./benchmark_tests/original/Biere/bitcell_16_2/pec_bit_cell_arbiter_2_970.dqdimacs,139,95
./benchmark_tests/original/Biere/bitcell_16_2/pec_bit_cell_arbiter_2_970.dqdimacs,140,95
./benchmark_tests/original/Biere/bitcell_16_2/pec_bit_cell_arbiter_2_970.dqdimacs,141,95
./benchmark_tests/original/Biere/bitcell_16_2/pec_bit_cell_arbiter_2_970.dqdimacs,142,95
./benchmark_tests/original/Biere/bitcell_16_2/pec_bit_cell_arbiter_2_970.dqdimacs,143,95
./benchmark_tests/original/Biere/bitcell_16_2/pec_bit_cell_arbiter_2_970.dqdimacs,144,95
./benchmark_tests/original/Biere/bitcell_16_2/pec_bit_cell_arbiter_2_97.dqdimacs,3,183
./benchmark_tests/original/Biere/bitcell_16_2/pec_bit_cell_arbiter_2_97.dqdimacs,5,179
./benchmark_tests/original/Biere/bitcell_16_2/pec_bit_cell_arbiter_2_97.dqdimacs,7,178
./benchmark_tests/original/Biere/bitcell_16_2/pec_bit_cell_arbiter_2_97.dqdimacs,9,178
./benchmark_tests/original/Biere/bitcell_16_2/pec_bit_cell_arbiter_2_97.dqdimacs,11,178
./benchmark_tests/original/Biere/bitcell_16_2/pec_bit_cell_arbiter_2_97.dqdimacs,13,178
./benchmark_tests/original/Biere/bitcell_16_2/pec_bit_cell_arbiter_2_97.dqdimacs,15,178
./benchmark_tests/original/Biere/bitcell_16_2/pec_bit_cell_arbiter_2_97.dqdimacs,17,178
./benchmark_tests/original/Biere/bitcell_16_2/pec_bit_cell_arbiter_2_97.dqdimacs,19,173
./benchmark_tests/original/Biere/bitcell_16_2/pec_bit_cell_arbiter_2_97.dqdimacs,20,160
./benchmark_tests/original/Biere/bitcell_16_2/pec_bit_cell_arbiter_2_97.dqdimacs,21,145
./benchmark_tests/original/Biere/bitcell_16_2/pec_bit_cell_arbiter_2_97.dqdimacs,22,133
./benchmark_tests/original/Biere/bitcell_16_2/pec_bit_cell_arbiter_2_97.dqdimacs,23,120
./benchmark_tests/original/Biere/bitcell_16_2/pec_bit_cell_arbiter_2_97.dqdimacs,24,110
./benchmark_tests/original/Biere/bitcell_16_2/pec_bit_cell_arbiter_2_97.dqdimacs,25,102
./benchmark_tests/original/Biere/bitcell_16_2/pec_bit_cell_arbiter_2_97.dqdimacs,26,96
./benchmark_tests/original/Biere/bitcell_16_2/pec_bit_cell_arbiter_2_97.dqdimacs,27,95
./benchmark_tests/original/Biere/bitcell_16_2/pec_bit_cell_arbiter_2_97.dqdimacs,28,96
./benchmark_tests/original/Biere/bitcell_16_2/pec_bit_cell_arbiter_2_97.dqdimacs,29,96
./benchmark_tests/original/Biere/bitcell_16_2/pec_bit_cell_arbiter_2_97.dqdimacs,30,120
./benchmark_tests/original/Biere/bitcell_16_2/pec_bit_cell_arbiter_2_97.dqdimacs,31,96
./benchmark_tests/original/Biere/bitcell_16_2/pec_bit_cell_arbiter_2_97.dqdimacs,35,95
./benchmark_tests/original/Biere/bitcell_16_2/pec_bit_cell_arbiter_2_97.dqdimacs,37,95
./benchmark_tests/original/Biere/bitcell_16_2/pec_bit_cell_arbiter_2_97.dqdimacs,39,95
./benchmark_tests/original/Biere/bitcell_16_2/pec_bit_cell_arbiter_2_97.dqdimacs,40,96
./benchmark_tests/original/Biere/bitcell_16_2/pec_bit_cell_arbiter_2_97.dqdimacs,41,95
./benchmark_tests/original/Biere/bitcell_16_2/pec_bit_cell_arbiter_2_97.dqdimacs,42,96
./benchmark_tests/original/Biere/bitcell_16_2/pec_bit_cell_arbiter_2_97.dqdimacs,43,96
./benchmark_tests/original/Biere/bitcell_16_2/pec_bit_cell_arbiter_2_97.dqdimacs,44,96
./benchmark_tests/original/Biere/bitcell_16_2/pec_bit_cell_arbiter_2_97.dqdimacs,45,97
./benchmark_tests/original/Biere/bitcell_16_2/pec_bit_cell_arbiter_2_97.dqdimacs,46,97
./benchmark_tests/original/Biere/bitcell_16_2/pec_bit_cell_arbiter_2_97.dqdimacs,47,97
./benchmark_tests/original/Biere/bitcell_16_2/pec_bit_cell_arbiter_2_97.dqdimacs,48,98
./benchmark_tests/original/Biere/bitcell_16_2/pec_bit_cell_arbiter_2_97.dqdimacs,49,96
./benchmark_tests/original/Biere/bitcell_16_2/pec_bit_cell_arbiter_2_97.dqdimacs,50,96
./benchmark_tests/original/Biere/bitcell_16_2/pec_bit_cell_arbiter_2_97.dqdimacs,51,96
./benchmark_tests/original/Biere/bitcell_16_2/pec_bit_cell_arbiter_2_97.dqdimacs,52,96
./benchmark_tests/original/Biere/bitcell_16_2/pec_bit_cell_arbiter_2_97.dqdimacs,53,96
./benchmark_tests/original/Biere/bitcell_16_2/pec_bit_cell_arbiter_2_97.dqdimacs,54,96
./benchmark_tests/original/Biere/bitcell_16_2/pec_bit_cell_arbiter_2_97.dqdimacs,55,96
./benchmark_tests/original/Biere/bitcell_16_2/pec_bit_cell_arbiter_2_97.dqdimacs,56,97
./benchmark_tests/original/Biere/bitcell_16_2/pec_bit_cell_arbiter_2_97.dqdimacs,57,96
./benchmark_tests/original/Biere/bitcell_16_2/pec_bit_cell_arbiter_2_97.dqdimacs,58,96
./benchmark_tests/original/Biere/bitcell_16_2/pec_bit_cell_arbiter_2_97.dqdimacs,59,96
./benchmark_tests/original/Biere/bitcell_16_2/pec_bit_cell_arbiter_2_97.dqdimacs,60,96
./benchmark_tests/original/Biere/bitcell_16_2/pec_bit_cell_arbiter_2_97.dqdimacs,61,95
./benchmark_tests/original/Biere/bitcell_16_2/pec_bit_cell_arbiter_2_97.dqdimacs,62,96
./benchmark_tests/original/Biere/bitcell_16_2/pec_bit_cell_arbiter_2_97.dqdimacs,63,96
./benchmark_tests/original/Biere/bitcell_16_2/pec_bit_cell_arbiter_2_97.dqdimacs,64,96
./benchmark_tests/original/Biere/bitcell_16_2/pec_bit_cell_arbiter_2_97.dqdimacs,65,96
./benchmark_tests/original/Biere/bitcell_16_2/pec_bit_cell_arbiter_2_97.dqdimacs,66,97
./benchmark_tests/original/Biere/bitcell_16_2/pec_bit_cell_arbiter_2_97.dqdimacs,67,96
./benchmark_tests/original/Biere/bitcell_16_2/pec_bit_cell_arbiter_2_97.dqdimacs,68,96
./benchmark_tests/original/Biere/bitcell_16_2/pec_bit_cell_arbiter_2_97.dqdimacs,69,95
./benchmark_tests/original/Biere/bitcell_16_2/pec_bit_cell_arbiter_2_97.dqdimacs,70,96
./benchmark_tests/original/Biere/bitcell_16_2/pec_bit_cell_arbiter_2_97.dqdimacs,71,95
./benchmark_tests/original/Biere/bitcell_16_2/pec_bit_cell_arbiter_2_97.dqdimacs,72,96
./benchmark_tests/original/Biere/bitcell_16_2/pec_bit_cell_arbiter_2_97.dqdimacs,73,96
./benchmark_tests/original/Biere/bitcell_16_2/pec_bit_cell_arbiter_2_97.dqdimacs,74,96
./benchmark_tests/original/Biere/bitcell_16_2/pec_bit_cell_arbiter_2_97.dqdimacs,76,96
./benchmark_tests/original/Biere/bitcell_16_2/pec_bit_cell_arbiter_2_97.dqdimacs,77,96
./benchmark_tests/original/Biere/bitcell_16_2/pec_bit_cell_arbiter_2_97.dqdimacs,78,95
./benchmark_tests/original/Biere/bitcell_16_2/pec_bit_cell_arbiter_2_97.dqdimacs,79,95
./benchmark_tests/original/Biere/bitcell_16_2/pec_bit_cell_arbiter_2_97.dqdimacs,80,95
./benchmark_tests/original/Biere/bitcell_16_2/pec_bit_cell_arbiter_2_97.dqdimacs,81,95
./benchmark_tests/original/Biere/bitcell_16_2/pec_bit_cell_arbiter_2_97.dqdimacs,82,95
./benchmark_tests/original/Biere/bitcell_16_2/pec_bit_cell_arbiter_2_97.dqdimacs,83,96
./benchmark_tests/original/Biere/bitcell_16_2/pec_bit_cell_arbiter_2_97.dqdimacs,84,96
./benchmark_tests/original/Biere/bitcell_16_2/pec_bit_cell_arbiter_2_97.dqdimacs,85,95
./benchmark_tests/original/Biere/bitcell_16_2/pec_bit_cell_arbiter_2_97.dqdimacs,86,96
./benchmark_tests/original/Biere/bitcell_16_2/pec_bit_cell_arbiter_2_97.dqdimacs,87,96
./benchmark_tests/original/Biere/bitcell_16_2/pec_bit_cell_arbiter_2_97.dqdimacs,88,96
./benchmark_tests/original/Biere/bitcell_16_2/pec_bit_cell_arbiter_2_97.dqdimacs,89,96
./benchmark_tests/original/Biere/bitcell_16_2/pec_bit_cell_arbiter_2_97.dqdimacs,90,96
./benchmark_tests/original/Biere/bitcell_16_2/pec_bit_cell_arbiter_2_97.dqdimacs,91,96
./benchmark_tests/original/Biere/bitcell_16_2/pec_bit_cell_arbiter_2_97.dqdimacs,92,96
./benchmark_tests/original/Biere/bitcell_16_2/pec_bit_cell_arbiter_2_97.dqdimacs,93,97
./benchmark_tests/original/Biere/bitcell_16_2/pec_bit_cell_arbiter_2_97.dqdimacs,94,96
./benchmark_tests/original/Biere/bitcell_16_2/pec_bit_cell_arbiter_2_97.dqdimacs,95,96
./benchmark_tests/original/Biere/bitcell_16_2/pec_bit_cell_arbiter_2_97.dqdimacs,96,96
./benchmark_tests/original/Biere/bitcell_16_2/pec_bit_cell_arbiter_2_97.dqdimacs,97,96
./benchmark_tests/original/Biere/bitcell_16_2/pec_bit_cell_arbiter_2_97.dqdimacs,98,96
./benchmark_tests/original/Biere/bitcell_16_2/pec_bit_cell_arbiter_2_97.dqdimacs,99,96
./benchmark_tests/original/Biere/bitcell_16_2/pec_bit_cell_arbiter_2_97.dqdimacs,100,95
./benchmark_tests/original/Biere/bitcell_16_2/pec_bit_cell_arbiter_2_97.dqdimacs,102,95
./benchmark_tests/original/Biere/bitcell_16_2/pec_bit_cell_arbiter_2_97.dqdimacs,103,96
./benchmark_tests/original/Biere/bitcell_16_2/pec_bit_cell_arbiter_2_97.dqdimacs,104,94
./benchmark_tests/original/Biere/bitcell_16_2/pec_bit_cell_arbiter_2_97.dqdimacs,105,82
./benchmark_tests/original/Biere/bitcell_16_2/pec_bit_cell_arbiter_2_97.dqdimacs,106,84
./benchmark_tests/original/Biere/bitcell_16_2/pec_bit_cell_arbiter_2_97.dqdimacs,108,82
./benchmark_tests/original/Biere/bitcell_16_2/pec_bit_cell_arbiter_2_97.dqdimacs,109,81
./benchmark_tests/original/Biere/bitcell_16_2/pec_bit_cell_arbiter_2_97.dqdimacs,110,82
./benchmark_tests/original/Biere/bitcell_16_2/pec_bit_cell_arbiter_2_97.dqdimacs,111,82
./benchmark_tests/original/Biere/bitcell_16_2/pec_bit_cell_arbiter_2_97.dqdimacs,112,82
./benchmark_tests/original/Biere/bitcell_16_2/pec_bit_cell_arbiter_2_97.dqdimacs,113,81
./benchmark_tests/original/Biere/bitcell_16_2/pec_bit_cell_arbiter_2_97.dqdimacs,114,82
./benchmark_tests/original/Biere/bitcell_16_2/pec_bit_cell_arbiter_2_97.dqdimacs,116,81
./benchmark_tests/original/Biere/bitcell_16_2/pec_bit_cell_arbiter_2_97.dqdimacs,117,82
./benchmark_tests/original/Biere/bitcell_16_2/pec_bit_cell_arbiter_2_97.dqdimacs,118,88
./benchmark_tests/original/Biere/bitcell_16_2/pec_bit_cell_arbiter_2_97.dqdimacs,119,96
./benchmark_tests/original/Biere/bitcell_16_2/pec_bit_cell_arbiter_2_97.dqdimacs,120,95
./benchmark_tests/original/Biere/bitcell_16_2/pec_bit_cell_arbiter_2_97.dqdimacs,121,95
./benchmark_tests/original/Biere/bitcell_16_2/pec_bit_cell_arbiter_2_97.dqdimacs,122,96
./benchmark_tests/original/Biere/bitcell_16_2/pec_bit_cell_arbiter_2_97.dqdimacs,123,94
./benchmark_tests/original/Biere/bitcell_16_2/pec_bit_cell_arbiter_2_97.dqdimacs,124,95
./benchmark_tests/original/Biere/bitcell_16_2/pec_bit_cell_arbiter_2_97.dqdimacs,125,95
./benchmark_tests/original/Biere/bitcell_16_2/pec_bit_cell_arbiter_2_97.dqdimacs,126,96
./benchmark_tests/original/Biere/bitcell_16_2/pec_bit_cell_arbiter_2_97.dqdimacs,127,96
./benchmark_tests/original/Biere/bitcell_16_2/pec_bit_cell_arbiter_2_97.dqdimacs,128,96
./benchmark_tests/original/Biere/bitcell_16_2/pec_bit_cell_arbiter_2_987.dqdimacs,3,237
./benchmark_tests/original/Biere/bitcell_16_2/pec_bit_cell_arbiter_2_987.dqdimacs,5,231
./benchmark_tests/original/Biere/bitcell_16_2/pec_bit_cell_arbiter_2_987.dqdimacs,7,233
./benchmark_tests/original/Biere/bitcell_16_2/pec_bit_cell_arbiter_2_987.dqdimacs,8,228
./benchmark_tests/original/Biere/bitcell_16_2/pec_bit_cell_arbiter_2_987.dqdimacs,9,205
./benchmark_tests/original/Biere/bitcell_16_2/pec_bit_cell_arbiter_2_987.dqdimacs,10,207
./benchmark_tests/original/Biere/bitcell_16_2/pec_bit_cell_arbiter_2_987.dqdimacs,11,203
./benchmark_tests/original/Biere/bitcell_16_2/pec_bit_cell_arbiter_2_987.dqdimacs,12,228
./benchmark_tests/original/Biere/bitcell_16_2/pec_bit_cell_arbiter_2_987.dqdimacs,13,166
./benchmark_tests/original/Biere/bitcell_16_2/pec_bit_cell_arbiter_2_987.dqdimacs,16,149
./benchmark_tests/original/Biere/bitcell_16_2/pec_bit_cell_arbiter_2_987.dqdimacs,18,134
./benchmark_tests/original/Biere/bitcell_16_2/pec_bit_cell_arbiter_2_987.dqdimacs,20,122
./benchmark_tests/original/Biere/bitcell_16_2/pec_bit_cell_arbiter_2_987.dqdimacs,22,112
./benchmark_tests/original/Biere/bitcell_16_2/pec_bit_cell_arbiter_2_987.dqdimacs,23,110
./benchmark_tests/original/Biere/bitcell_16_2/pec_bit_cell_arbiter_2_987.dqdimacs,24,110
./benchmark_tests/original/Biere/bitcell_16_2/pec_bit_cell_arbiter_2_987.dqdimacs,25,111
./benchmark_tests/original/Biere/bitcell_16_2/pec_bit_cell_arbiter_2_987.dqdimacs,26,111
./benchmark_tests/original/Biere/bitcell_16_2/pec_bit_cell_arbiter_2_987.dqdimacs,27,112
./benchmark_tests/original/Biere/bitcell_16_2/pec_bit_cell_arbiter_2_987.dqdimacs,28,111
./benchmark_tests/original/Biere/bitcell_16_2/pec_bit_cell_arbiter_2_987.dqdimacs,29,111
./benchmark_tests/original/Biere/bitcell_16_2/pec_bit_cell_arbiter_2_987.dqdimacs,30,110
./benchmark_tests/original/Biere/bitcell_16_2/pec_bit_cell_arbiter_2_987.dqdimacs,31,110
./benchmark_tests/original/Biere/bitcell_16_2/pec_bit_cell_arbiter_2_987.dqdimacs,32,109
./benchmark_tests/original/Biere/bitcell_16_2/pec_bit_cell_arbiter_2_987.dqdimacs,33,114
./benchmark_tests/original/Biere/bitcell_16_2/pec_bit_cell_arbiter_2_987.dqdimacs,34,110
./benchmark_tests/original/Biere/bitcell_16_2/pec_bit_cell_arbiter_2_987.dqdimacs,35,110
./benchmark_tests/original/Biere/bitcell_16_2/pec_bit_cell_arbiter_2_987.dqdimacs,36,109
./benchmark_tests/original/Biere/bitcell_16_2/pec_bit_cell_arbiter_2_987.dqdimacs,37,110
./benchmark_tests/original/Biere/bitcell_16_2/pec_bit_cell_arbiter_2_987.dqdimacs,38,110
./benchmark_tests/original/Biere/bitcell_16_2/pec_bit_cell_arbiter_2_987.dqdimacs,39,110
./benchmark_tests/original/Biere/bitcell_16_2/pec_bit_cell_arbiter_2_987.dqdimacs,40,110
./benchmark_tests/original/Biere/bitcell_16_2/pec_bit_cell_arbiter_2_987.dqdimacs,41,110
./benchmark_tests/original/Biere/bitcell_16_2/pec_bit_cell_arbiter_2_987.dqdimacs,42,110
./benchmark_tests/original/Biere/bitcell_16_2/pec_bit_cell_arbiter_2_987.dqdimacs,44,110
./benchmark_tests/original/Biere/bitcell_16_2/pec_bit_cell_arbiter_2_987.dqdimacs,45,109
./benchmark_tests/original/Biere/bitcell_16_2/pec_bit_cell_arbiter_2_987.dqdimacs,46,110
./benchmark_tests/original/Biere/bitcell_16_2/pec_bit_cell_arbiter_2_987.dqdimacs,47,110
./benchmark_tests/original/Biere/bitcell_16_2/pec_bit_cell_arbiter_2_987.dqdimacs,48,110
./benchmark_tests/original/Biere/bitcell_16_2/pec_bit_cell_arbiter_2_987.dqdimacs,49,110
./benchmark_tests/original/Biere/bitcell_16_2/pec_bit_cell_arbiter_2_987.dqdimacs,50,110
./benchmark_tests/original/Biere/bitcell_16_2/pec_bit_cell_arbiter_2_987.dqdimacs,51,110
./benchmark_tests/original/Biere/bitcell_16_2/pec_bit_cell_arbiter_2_987.dqdimacs,52,110
./benchmark_tests/original/Biere/bitcell_16_2/pec_bit_cell_arbiter_2_987.dqdimacs,53,110
./benchmark_tests/original/Biere/bitcell_16_2/pec_bit_cell_arbiter_2_987.dqdimacs,54,110
./benchmark_tests/original/Biere/bitcell_16_2/pec_bit_cell_arbiter_2_987.dqdimacs,55,110
./benchmark_tests/original/Biere/bitcell_16_2/pec_bit_cell_arbiter_2_987.dqdimacs,56,111
./benchmark_tests/original/Biere/bitcell_16_2/pec_bit_cell_arbiter_2_987.dqdimacs,57,110
./benchmark_tests/original/Biere/bitcell_16_2/pec_bit_cell_arbiter_2_987.dqdimacs,58,114
./benchmark_tests/original/Biere/bitcell_16_2/pec_bit_cell_arbiter_2_987.dqdimacs,59,111
./benchmark_tests/original/Biere/bitcell_16_2/pec_bit_cell_arbiter_2_987.dqdimacs,60,111
./benchmark_tests/original/Biere/bitcell_16_2/pec_bit_cell_arbiter_2_987.dqdimacs,61,110
./benchmark_tests/original/Biere/bitcell_16_2/pec_bit_cell_arbiter_2_987.dqdimacs,62,111
./benchmark_tests/original/Biere/bitcell_16_2/pec_bit_cell_arbiter_2_987.dqdimacs,63,111
./benchmark_tests/original/Biere/bitcell_16_2/pec_bit_cell_arbiter_2_987.dqdimacs,64,110
./benchmark_tests/original/Biere/bitcell_16_2/pec_bit_cell_arbiter_2_987.dqdimacs,65,110
./benchmark_tests/original/Biere/bitcell_16_2/pec_bit_cell_arbiter_2_987.dqdimacs,66,110
./benchmark_tests/original/Biere/bitcell_16_2/pec_bit_cell_arbiter_2_987.dqdimacs,67,110
./benchmark_tests/original/Biere/bitcell_16_2/pec_bit_cell_arbiter_2_987.dqdimacs,68,110
./benchmark_tests/original/Biere/bitcell_16_2/pec_bit_cell_arbiter_2_987.dqdimacs,69,110
./benchmark_tests/original/Biere/bitcell_16_2/pec_bit_cell_arbiter_2_987.dqdimacs,70,110
./benchmark_tests/original/Biere/bitcell_16_2/pec_bit_cell_arbiter_2_987.dqdimacs,72,111
./benchmark_tests/original/Biere/bitcell_16_2/pec_bit_cell_arbiter_2_987.dqdimacs,73,111
./benchmark_tests/original/Biere/bitcell_16_2/pec_bit_cell_arbiter_2_987.dqdimacs,74,110
./benchmark_tests/original/Biere/bitcell_16_2/pec_bit_cell_arbiter_2_987.dqdimacs,75,110
./benchmark_tests/original/Biere/bitcell_16_2/pec_bit_cell_arbiter_2_987.dqdimacs,77,110
./benchmark_tests/original/Biere/bitcell_16_2/pec_bit_cell_arbiter_2_987.dqdimacs,78,110
./benchmark_tests/original/Biere/bitcell_16_2/pec_bit_cell_arbiter_2_987.dqdimacs,79,110
./benchmark_tests/original/Biere/bitcell_16_2/pec_bit_cell_arbiter_2_987.dqdimacs,80,110
./benchmark_tests/original/Biere/bitcell_16_2/pec_bit_cell_arbiter_2_987.dqdimacs,81,110
./benchmark_tests/original/Biere/bitcell_16_2/pec_bit_cell_arbiter_2_987.dqdimacs,82,111
./benchmark_tests/original/Biere/bitcell_16_2/pec_bit_cell_arbiter_2_987.dqdimacs,83,110
./benchmark_tests/original/Biere/bitcell_16_2/pec_bit_cell_arbiter_2_987.dqdimacs,85,110
./benchmark_tests/original/Biere/bitcell_16_2/pec_bit_cell_arbiter_2_987.dqdimacs,86,111
./benchmark_tests/original/Biere/bitcell_16_2/pec_bit_cell_arbiter_2_987.dqdimacs,87,110
./benchmark_tests/original/Biere/bitcell_16_2/pec_bit_cell_arbiter_2_987.dqdimacs,88,111
./benchmark_tests/original/Biere/bitcell_16_2/pec_bit_cell_arbiter_2_987.dqdimacs,89,111
./benchmark_tests/original/Biere/bitcell_16_2/pec_bit_cell_arbiter_2_987.dqdimacs,90,111
./benchmark_tests/original/Biere/bitcell_16_2/pec_bit_cell_arbiter_2_987.dqdimacs,91,110
./benchmark_tests/original/Biere/bitcell_16_2/pec_bit_cell_arbiter_2_987.dqdimacs,93,110
./benchmark_tests/original/Biere/bitcell_16_2/pec_bit_cell_arbiter_2_987.dqdimacs,94,110
./benchmark_tests/original/Biere/bitcell_16_2/pec_bit_cell_arbiter_2_987.dqdimacs,95,110
./benchmark_tests/original/Biere/bitcell_16_2/pec_bit_cell_arbiter_2_987.dqdimacs,96,110
./benchmark_tests/original/Biere/bitcell_16_2/pec_bit_cell_arbiter_2_987.dqdimacs,97,110
./benchmark_tests/original/Biere/bitcell_16_2/pec_bit_cell_arbiter_2_987.dqdimacs,98,110
./benchmark_tests/original/Biere/bitcell_16_2/pec_bit_cell_arbiter_2_987.dqdimacs,99,110
./benchmark_tests/original/Biere/bitcell_16_2/pec_bit_cell_arbiter_2_987.dqdimacs,101,109
./benchmark_tests/original/Biere/bitcell_16_2/pec_bit_cell_arbiter_2_987.dqdimacs,102,110
./benchmark_tests/original/Biere/bitcell_16_2/pec_bit_cell_arbiter_2_987.dqdimacs,103,110
./benchmark_tests/original/Biere/bitcell_16_2/pec_bit_cell_arbiter_2_987.dqdimacs,104,110
./benchmark_tests/original/Biere/bitcell_16_2/pec_bit_cell_arbiter_2_987.dqdimacs,105,110
./benchmark_tests/original/Biere/bitcell_16_2/pec_bit_cell_arbiter_2_987.dqdimacs,106,110
./benchmark_tests/original/Biere/bitcell_16_2/pec_bit_cell_arbiter_2_987.dqdimacs,107,110
./benchmark_tests/original/Biere/bitcell_16_2/pec_bit_cell_arbiter_2_987.dqdimacs,109,110
./benchmark_tests/original/Biere/bitcell_16_2/pec_bit_cell_arbiter_2_987.dqdimacs,110,110
./benchmark_tests/original/Biere/bitcell_16_2/pec_bit_cell_arbiter_2_987.dqdimacs,111,110
./benchmark_tests/original/Biere/bitcell_16_2/pec_bit_cell_arbiter_2_987.dqdimacs,112,110
./benchmark_tests/original/Biere/bitcell_16_2/pec_bit_cell_arbiter_2_987.dqdimacs,113,110
./benchmark_tests/original/Biere/bitcell_16_2/pec_bit_cell_arbiter_2_987.dqdimacs,114,110
./benchmark_tests/original/Biere/bitcell_16_2/pec_bit_cell_arbiter_2_987.dqdimacs,115,110
./benchmark_tests/original/Biere/bitcell_16_2/pec_bit_cell_arbiter_2_987.dqdimacs,117,110
./benchmark_tests/original/Biere/bitcell_16_2/pec_bit_cell_arbiter_2_987.dqdimacs,118,110
./benchmark_tests/original/Biere/bitcell_16_2/pec_bit_cell_arbiter_2_987.dqdimacs,119,110
./benchmark_tests/original/Biere/bitcell_16_2/pec_bit_cell_arbiter_2_987.dqdimacs,120,110
./benchmark_tests/original/Biere/bitcell_16_2/pec_bit_cell_arbiter_2_987.dqdimacs,121,111
./benchmark_tests/original/Biere/bitcell_16_2/pec_bit_cell_arbiter_2_987.dqdimacs,122,111
./benchmark_tests/original/Biere/bitcell_16_2/pec_bit_cell_arbiter_2_987.dqdimacs,123,110
./benchmark_tests/original/Biere/bitcell_16_2/pec_bit_cell_arbiter_2_987.dqdimacs,125,110
./benchmark_tests/original/Biere/bitcell_16_2/pec_bit_cell_arbiter_2_987.dqdimacs,126,110
./benchmark_tests/original/Biere/bitcell_16_2/pec_bit_cell_arbiter_2_987.dqdimacs,127,110
./benchmark_tests/original/Biere/bitcell_16_2/pec_bit_cell_arbiter_2_987.dqdimacs,128,111
./benchmark_tests/original/Biere/bitcell_16_2/pec_bit_cell_arbiter_2_987.dqdimacs,129,111
./benchmark_tests/original/Biere/bitcell_16_2/pec_bit_cell_arbiter_2_987.dqdimacs,130,111
./benchmark_tests/original/Biere/bitcell_16_2/pec_bit_cell_arbiter_2_987.dqdimacs,131,110
./benchmark_tests/original/Biere/bitcell_16_2/pec_bit_cell_arbiter_2_987.dqdimacs,133,110
./benchmark_tests/original/Biere/bitcell_16_2/pec_bit_cell_arbiter_2_987.dqdimacs,134,111
./benchmark_tests/original/Biere/bitcell_16_2/pec_bit_cell_arbiter_2_987.dqdimacs,135,111
./benchmark_tests/original/Biere/bitcell_16_2/pec_bit_cell_arbiter_2_987.dqdimacs,136,112
./benchmark_tests/original/Biere/bitcell_16_2/pec_bit_cell_arbiter_2_987.dqdimacs,137,111
./benchmark_tests/original/Biere/bitcell_16_2/pec_bit_cell_arbiter_2_987.dqdimacs,138,111
./benchmark_tests/original/Biere/bitcell_16_2/pec_bit_cell_arbiter_2_987.dqdimacs,139,110
./benchmark_tests/original/Biere/bitcell_16_2/pec_bit_cell_arbiter_2_987.dqdimacs,140,109
./benchmark_tests/original/Biere/bitcell_16_2/pec_bit_cell_arbiter_2_987.dqdimacs,141,110
./benchmark_tests/original/Biere/bitcell_16_2/pec_bit_cell_arbiter_2_987.dqdimacs,142,115
./benchmark_tests/original/Biere/bitcell_16_2/pec_bit_cell_arbiter_2_987.dqdimacs,143,110
./benchmark_tests/original/Biere/bitcell_16_2/pec_bit_cell_arbiter_2_987.dqdimacs,144,110
./benchmark_tests/original/Biere/bitcell_16_2/pec_bit_cell_arbiter_2_987.dqdimacs,145,110
./benchmark_tests/original/Biere/bitcell_16_2/pec_bit_cell_arbiter_2_996.dqdimacs,3,188
./benchmark_tests/original/Biere/bitcell_16_2/pec_bit_cell_arbiter_2_996.dqdimacs,5,175
./benchmark_tests/original/Biere/bitcell_16_2/pec_bit_cell_arbiter_2_996.dqdimacs,7,155
./benchmark_tests/original/Biere/bitcell_16_2/pec_bit_cell_arbiter_2_996.dqdimacs,9,154
./benchmark_tests/original/Biere/bitcell_16_2/pec_bit_cell_arbiter_2_996.dqdimacs,11,154
./benchmark_tests/original/Biere/bitcell_16_2/pec_bit_cell_arbiter_2_996.dqdimacs,13,155
./benchmark_tests/original/Biere/bitcell_16_2/pec_bit_cell_arbiter_2_996.dqdimacs,14,155
./benchmark_tests/original/Biere/bitcell_16_2/pec_bit_cell_arbiter_2_996.dqdimacs,15,154
./benchmark_tests/original/Biere/bitcell_16_2/pec_bit_cell_arbiter_2_996.dqdimacs,16,200
./benchmark_tests/original/Biere/bitcell_16_2/pec_bit_cell_arbiter_2_996.dqdimacs,17,148
./benchmark_tests/original/Biere/bitcell_16_2/pec_bit_cell_arbiter_2_996.dqdimacs,18,137
./benchmark_tests/original/Biere/bitcell_16_2/pec_bit_cell_arbiter_2_996.dqdimacs,19,127
./benchmark_tests/original/Biere/bitcell_16_2/pec_bit_cell_arbiter_2_996.dqdimacs,20,118
./benchmark_tests/original/Biere/bitcell_16_2/pec_bit_cell_arbiter_2_996.dqdimacs,21,107
./benchmark_tests/original/Biere/bitcell_16_2/pec_bit_cell_arbiter_2_996.dqdimacs,22,99
./benchmark_tests/original/Biere/bitcell_16_2/pec_bit_cell_arbiter_2_996.dqdimacs,24,93
./benchmark_tests/original/Biere/bitcell_16_2/pec_bit_cell_arbiter_2_996.dqdimacs,25,87
./benchmark_tests/original/Biere/bitcell_16_2/pec_bit_cell_arbiter_2_996.dqdimacs,26,84
./benchmark_tests/original/Biere/bitcell_16_2/pec_bit_cell_arbiter_2_996.dqdimacs,27,85
./benchmark_tests/original/Biere/bitcell_16_2/pec_bit_cell_arbiter_2_996.dqdimacs,28,84
./benchmark_tests/original/Biere/bitcell_16_2/pec_bit_cell_arbiter_2_996.dqdimacs,29,84
./benchmark_tests/original/Biere/bitcell_16_2/pec_bit_cell_arbiter_2_996.dqdimacs,30,84
./benchmark_tests/original/Biere/bitcell_16_2/pec_bit_cell_arbiter_2_996.dqdimacs,31,82
./benchmark_tests/original/Biere/bitcell_16_2/pec_bit_cell_arbiter_2_996.dqdimacs,32,85
./benchmark_tests/original/Biere/bitcell_16_2/pec_bit_cell_arbiter_2_996.dqdimacs,33,84
./benchmark_tests/original/Biere/bitcell_16_2/pec_bit_cell_arbiter_2_996.dqdimacs,34,84
./benchmark_tests/original/Biere/bitcell_16_2/pec_bit_cell_arbiter_2_996.dqdimacs,35,84
./benchmark_tests/original/Biere/bitcell_16_2/pec_bit_cell_arbiter_2_996.dqdimacs,36,89
./benchmark_tests/original/Biere/bitcell_16_2/pec_bit_cell_arbiter_2_996.dqdimacs,37,84
./benchmark_tests/original/Biere/bitcell_16_2/pec_bit_cell_arbiter_2_996.dqdimacs,38,84
./benchmark_tests/original/Biere/bitcell_16_2/pec_bit_cell_arbiter_2_996.dqdimacs,39,85
./benchmark_tests/original/Biere/bitcell_16_2/pec_bit_cell_arbiter_2_996.dqdimacs,40,85
./benchmark_tests/original/Biere/bitcell_16_2/pec_bit_cell_arbiter_2_996.dqdimacs,41,85
./benchmark_tests/original/Biere/bitcell_16_2/pec_bit_cell_arbiter_2_996.dqdimacs,42,84
./benchmark_tests/original/Biere/bitcell_16_2/pec_bit_cell_arbiter_2_996.dqdimacs,43,84
./benchmark_tests/original/Biere/bitcell_16_2/pec_bit_cell_arbiter_2_996.dqdimacs,44,84
./benchmark_tests/original/Biere/bitcell_16_2/pec_bit_cell_arbiter_2_996.dqdimacs,45,84
./benchmark_tests/original/Biere/bitcell_16_2/pec_bit_cell_arbiter_2_996.dqdimacs,46,84
./benchmark_tests/original/Biere/bitcell_16_2/pec_bit_cell_arbiter_2_996.dqdimacs,48,84
./benchmark_tests/original/Biere/bitcell_16_2/pec_bit_cell_arbiter_2_996.dqdimacs,49,84
./benchmark_tests/original/Biere/bitcell_16_2/pec_bit_cell_arbiter_2_996.dqdimacs,50,85
./benchmark_tests/original/Biere/bitcell_16_2/pec_bit_cell_arbiter_2_996.dqdimacs,51,84
./benchmark_tests/original/Biere/bitcell_16_2/pec_bit_cell_arbiter_2_996.dqdimacs,53,84
./benchmark_tests/original/Biere/bitcell_16_2/pec_bit_cell_arbiter_2_996.dqdimacs,54,84
./benchmark_tests/original/Biere/bitcell_16_2/pec_bit_cell_arbiter_2_996.dqdimacs,55,84
./benchmark_tests/original/Biere/bitcell_16_2/pec_bit_cell_arbiter_2_996.dqdimacs,56,84
./benchmark_tests/original/Biere/bitcell_16_2/pec_bit_cell_arbiter_2_996.dqdimacs,57,84
./benchmark_tests/original/Biere/bitcell_16_2/pec_bit_cell_arbiter_2_996.dqdimacs,59,84
./benchmark_tests/original/Biere/bitcell_16_2/pec_bit_cell_arbiter_2_996.dqdimacs,60,85
./benchmark_tests/original/Biere/bitcell_16_2/pec_bit_cell_arbiter_2_996.dqdimacs,61,85
./benchmark_tests/original/Biere/bitcell_16_2/pec_bit_cell_arbiter_2_996.dqdimacs,62,85
./benchmark_tests/original/Biere/bitcell_16_2/pec_bit_cell_arbiter_2_996.dqdimacs,63,85
./benchmark_tests/original/Biere/bitcell_16_2/pec_bit_cell_arbiter_2_996.dqdimacs,64,85
./benchmark_tests/original/Biere/bitcell_16_2/pec_bit_cell_arbiter_2_996.dqdimacs,65,84
./benchmark_tests/original/Biere/bitcell_16_2/pec_bit_cell_arbiter_2_996.dqdimacs,67,85
./benchmark_tests/original/Biere/bitcell_16_2/pec_bit_cell_arbiter_2_996.dqdimacs,68,84
./benchmark_tests/original/Biere/bitcell_16_2/pec_bit_cell_arbiter_2_996.dqdimacs,69,84
./benchmark_tests/original/Biere/bitcell_16_2/pec_bit_cell_arbiter_2_996.dqdimacs,70,85
./benchmark_tests/original/Biere/bitcell_16_2/pec_bit_cell_arbiter_2_996.dqdimacs,71,84
./benchmark_tests/original/Biere/bitcell_16_2/pec_bit_cell_arbiter_2_996.dqdimacs,72,86
./benchmark_tests/original/Biere/bitcell_16_2/pec_bit_cell_arbiter_2_996.dqdimacs,73,85
./benchmark_tests/original/Biere/bitcell_16_2/pec_bit_cell_arbiter_2_996.dqdimacs,75,84
./benchmark_tests/original/Biere/bitcell_16_2/pec_bit_cell_arbiter_2_996.dqdimacs,76,84
./benchmark_tests/original/Biere/bitcell_16_2/pec_bit_cell_arbiter_2_996.dqdimacs,77,85
./benchmark_tests/original/Biere/bitcell_16_2/pec_bit_cell_arbiter_2_996.dqdimacs,78,84
./benchmark_tests/original/Biere/bitcell_16_2/pec_bit_cell_arbiter_2_996.dqdimacs,79,84
./benchmark_tests/original/Biere/bitcell_16_2/pec_bit_cell_arbiter_2_996.dqdimacs,80,85
./benchmark_tests/original/Biere/bitcell_16_2/pec_bit_cell_arbiter_2_996.dqdimacs,81,84
./benchmark_tests/original/Biere/bitcell_16_2/pec_bit_cell_arbiter_2_996.dqdimacs,83,84
./benchmark_tests/original/Biere/bitcell_16_2/pec_bit_cell_arbiter_2_996.dqdimacs,84,84
./benchmark_tests/original/Biere/bitcell_16_2/pec_bit_cell_arbiter_2_996.dqdimacs,85,84
./benchmark_tests/original/Biere/bitcell_16_2/pec_bit_cell_arbiter_2_996.dqdimacs,86,85
./benchmark_tests/original/Biere/bitcell_16_2/pec_bit_cell_arbiter_2_996.dqdimacs,87,85
./benchmark_tests/original/Biere/bitcell_16_2/pec_bit_cell_arbiter_2_996.dqdimacs,88,84
./benchmark_tests/original/Biere/bitcell_16_2/pec_bit_cell_arbiter_2_996.dqdimacs,89,84
./benchmark_tests/original/Biere/bitcell_16_2/pec_bit_cell_arbiter_2_996.dqdimacs,91,84
./benchmark_tests/original/Biere/bitcell_16_2/pec_bit_cell_arbiter_2_996.dqdimacs,92,84
./benchmark_tests/original/Biere/bitcell_16_2/pec_bit_cell_arbiter_2_996.dqdimacs,93,85
./benchmark_tests/original/Biere/bitcell_16_2/pec_bit_cell_arbiter_2_996.dqdimacs,94,88
./benchmark_tests/original/Biere/bitcell_16_2/pec_bit_cell_arbiter_2_996.dqdimacs,95,85
./benchmark_tests/original/Biere/bitcell_16_2/pec_bit_cell_arbiter_2_996.dqdimacs,96,85
./benchmark_tests/original/Biere/bitcell_16_2/pec_bit_cell_arbiter_2_996.dqdimacs,97,85
./benchmark_tests/original/Biere/bitcell_16_2/pec_bit_cell_arbiter_2_996.dqdimacs,99,84
./benchmark_tests/original/Biere/bitcell_16_2/pec_bit_cell_arbiter_2_996.dqdimacs,100,84
./benchmark_tests/original/Biere/bitcell_16_2/pec_bit_cell_arbiter_2_996.dqdimacs,101,84
./benchmark_tests/original/Biere/bitcell_16_2/pec_bit_cell_arbiter_2_996.dqdimacs,102,84
./benchmark_tests/original/Biere/bitcell_16_2/pec_bit_cell_arbiter_2_996.dqdimacs,103,84
./benchmark_tests/original/Biere/bitcell_16_2/pec_bit_cell_arbiter_2_996.dqdimacs,104,85
./benchmark_tests/original/Biere/bitcell_16_2/pec_bit_cell_arbiter_2_996.dqdimacs,105,82
./benchmark_tests/original/Biere/bitcell_16_2/pec_bit_cell_arbiter_2_996.dqdimacs,107,83
./benchmark_tests/original/Biere/bitcell_16_2/pec_bit_cell_arbiter_2_996.dqdimacs,108,83
./benchmark_tests/original/Biere/bitcell_16_2/pec_bit_cell_arbiter_2_996.dqdimacs,109,83
./benchmark_tests/original/Biere/bitcell_16_2/pec_bit_cell_arbiter_2_996.dqdimacs,110,83
./benchmark_tests/original/Biere/bitcell_16_2/pec_bit_cell_arbiter_2_996.dqdimacs,111,84
./benchmark_tests/original/Biere/bitcell_16_2/pec_bit_cell_arbiter_2_996.dqdimacs,112,83
./benchmark_tests/original/Biere/bitcell_16_2/pec_bit_cell_arbiter_2_996.dqdimacs,113,83
./benchmark_tests/original/Biere/bitcell_16_2/pec_bit_cell_arbiter_2_996.dqdimacs,115,82
./benchmark_tests/original/Biere/bitcell_16_2/pec_bit_cell_arbiter_2_996.dqdimacs,116,84
./benchmark_tests/original/Biere/bitcell_16_2/pec_bit_cell_arbiter_2_996.dqdimacs,117,83
./benchmark_tests/original/Biere/bitcell_16_2/pec_bit_cell_arbiter_2_996.dqdimacs,118,83
./benchmark_tests/original/Biere/bitcell_16_2/pec_bit_cell_arbiter_2_996.dqdimacs,119,84
./benchmark_tests/original/Biere/bitcell_16_2/pec_bit_cell_arbiter_2_996.dqdimacs,120,84
./benchmark_tests/original/Biere/bitcell_16_2/pec_bit_cell_arbiter_2_996.dqdimacs,121,82
./benchmark_tests/original/Biere/bitcell_16_2/pec_bit_cell_arbiter_2_996.dqdimacs,123,83
./benchmark_tests/original/Biere/bitcell_16_2/pec_bit_cell_arbiter_2_996.dqdimacs,124,83
./benchmark_tests/original/Biere/bitcell_16_2/pec_bit_cell_arbiter_2_996.dqdimacs,125,84
./benchmark_tests/original/Biere/bitcell_16_2/pec_bit_cell_arbiter_2_996.dqdimacs,126,84
./benchmark_tests/original/Biere/bitcell_16_2/pec_bit_cell_arbiter_2_996.dqdimacs,127,83
./benchmark_tests/original/Biere/bitcell_16_2/pec_bit_cell_arbiter_2_996.dqdimacs,128,84
./benchmark_tests/original/Biere/bitcell_16_2/pec_bit_cell_arbiter_2_996.dqdimacs,129,84
./benchmark_tests/original/Biere/bitcell_16_2/pec_bit_cell_arbiter_2_996.dqdimacs,130,84
./benchmark_tests/original/Biere/bitcell_16_2/pec_bit_cell_arbiter_2_996.dqdimacs,131,84
./benchmark_tests/original/Biere/bitcell_16_2/pec_bit_cell_arbiter_2_996.dqdimacs,132,84
./benchmark_tests/original/Biere/bitcell_16_2/pec_bit_cell_arbiter_2_996.dqdimacs,133,85
./benchmark_tests/original/Biere/bitcell_16_2/pec_bit_cell_arbiter_2_996.dqdimacs,134,84
./benchmark_tests/original/Biere/bitcell_16_2/pec_bit_cell_arbiter_2_996.dqdimacs,135,84
./benchmark_tests/original/Biere/bitcell_16_2/pec_bit_cell_arbiter_2_999.dqdimacs,3,449
./benchmark_tests/original/Biere/bitcell_16_2/pec_bit_cell_arbiter_2_999.dqdimacs,5,446
./benchmark_tests/original/Biere/bitcell_16_2/pec_bit_cell_arbiter_2_999.dqdimacs,7,441
./benchmark_tests/original/Biere/bitcell_16_2/pec_bit_cell_arbiter_2_999.dqdimacs,8,400
./benchmark_tests/original/Biere/bitcell_16_2/pec_bit_cell_arbiter_2_999.dqdimacs,9,320
./benchmark_tests/original/Biere/bitcell_16_2/pec_bit_cell_arbiter_2_999.dqdimacs,10,285
./benchmark_tests/original/Biere/bitcell_16_2/pec_bit_cell_arbiter_2_999.dqdimacs,11,219
./benchmark_tests/original/Biere/bitcell_16_2/pec_bit_cell_arbiter_2_999.dqdimacs,12,220
./benchmark_tests/original/Biere/bitcell_16_2/pec_bit_cell_arbiter_2_999.dqdimacs,13,219
./benchmark_tests/original/Biere/bitcell_16_2/pec_bit_cell_arbiter_2_999.dqdimacs,16,217
./benchmark_tests/original/Biere/bitcell_16_2/pec_bit_cell_arbiter_2_999.dqdimacs,18,219
./benchmark_tests/original/Biere/bitcell_16_2/pec_bit_cell_arbiter_2_999.dqdimacs,20,217
./benchmark_tests/original/Biere/bitcell_16_2/pec_bit_cell_arbiter_2_999.dqdimacs,22,219
./benchmark_tests/original/Biere/bitcell_16_2/pec_bit_cell_arbiter_2_999.dqdimacs,24,219
./benchmark_tests/original/Biere/bitcell_16_2/pec_bit_cell_arbiter_2_999.dqdimacs,26,217
./benchmark_tests/original/Biere/bitcell_16_2/pec_bit_cell_arbiter_2_999.dqdimacs,29,217
./benchmark_tests/original/Biere/bitcell_16_2/pec_bit_cell_arbiter_2_999.dqdimacs,31,217
./benchmark_tests/original/Biere/bitcell_16_2/pec_bit_cell_arbiter_2_999.dqdimacs,33,222
./benchmark_tests/original/Biere/bitcell_16_2/pec_bit_cell_arbiter_2_999.dqdimacs,35,217
./benchmark_tests/original/Biere/bitcell_16_2/pec_bit_cell_arbiter_2_999.dqdimacs,37,217
./benchmark_tests/original/Biere/bitcell_16_2/pec_bit_cell_arbiter_2_999.dqdimacs,38,219
./benchmark_tests/original/Biere/bitcell_16_2/pec_bit_cell_arbiter_2_999.dqdimacs,39,220
./benchmark_tests/original/Biere/bitcell_16_2/pec_bit_cell_arbiter_2_999.dqdimacs,40,218
./benchmark_tests/original/Biere/bitcell_16_2/pec_bit_cell_arbiter_2_999.dqdimacs,41,217
./benchmark_tests/original/Biere/bitcell_16_2/pec_bit_cell_arbiter_2_999.dqdimacs,42,218
./benchmark_tests/original/Biere/bitcell_16_2/pec_bit_cell_arbiter_2_999.dqdimacs,43,220
./benchmark_tests/original/Biere/bitcell_16_2/pec_bit_cell_arbiter_2_999.dqdimacs,44,217
./benchmark_tests/original/Biere/bitcell_16_2/pec_bit_cell_arbiter_2_999.dqdimacs,45,216
./benchmark_tests/original/Biere/bitcell_16_2/pec_bit_cell_arbiter_2_999.dqdimacs,46,216
./benchmark_tests/original/Biere/bitcell_16_2/pec_bit_cell_arbiter_2_999.dqdimacs,47,216
./benchmark_tests/original/Biere/bitcell_16_2/pec_bit_cell_arbiter_2_999.dqdimacs,48,217
./benchmark_tests/original/Biere/bitcell_16_2/pec_bit_cell_arbiter_2_999.dqdimacs,49,219
./benchmark_tests/original/Biere/bitcell_16_2/pec_bit_cell_arbiter_2_999.dqdimacs,50,219
./benchmark_tests/original/Biere/bitcell_16_2/pec_bit_cell_arbiter_2_999.dqdimacs,51,218
./benchmark_tests/original/Biere/bitcell_16_2/pec_bit_cell_arbiter_2_999.dqdimacs,52,217
./benchmark_tests/original/Biere/bitcell_16_2/pec_bit_cell_arbiter_2_999.dqdimacs,53,220
./benchmark_tests/original/Biere/bitcell_16_2/pec_bit_cell_arbiter_2_999.dqdimacs,54,217
./benchmark_tests/original/Biere/bitcell_16_2/pec_bit_cell_arbiter_2_999.dqdimacs,55,219
./benchmark_tests/original/Biere/bitcell_16_2/pec_bit_cell_arbiter_2_999.dqdimacs,56,218
./benchmark_tests/original/Biere/bitcell_16_2/pec_bit_cell_arbiter_2_999.dqdimacs,57,218
./benchmark_tests/original/Biere/bitcell_16_2/pec_bit_cell_arbiter_2_999.dqdimacs,58,220
./benchmark_tests/original/Biere/bitcell_16_2/pec_bit_cell_arbiter_2_999.dqdimacs,59,219
./benchmark_tests/original/Biere/bitcell_16_2/pec_bit_cell_arbiter_2_999.dqdimacs,60,219
./benchmark_tests/original/Biere/bitcell_16_2/pec_bit_cell_arbiter_2_999.dqdimacs,61,220
./benchmark_tests/original/Biere/bitcell_16_2/pec_bit_cell_arbiter_2_999.dqdimacs,63,219
./benchmark_tests/original/Biere/bitcell_16_2/pec_bit_cell_arbiter_2_999.dqdimacs,64,219
./benchmark_tests/original/Biere/bitcell_16_2/pec_bit_cell_arbiter_2_999.dqdimacs,65,218
./benchmark_tests/original/Biere/bitcell_16_2/pec_bit_cell_arbiter_2_999.dqdimacs,66,216
./benchmark_tests/original/Biere/bitcell_16_2/pec_bit_cell_arbiter_2_999.dqdimacs,67,219
./benchmark_tests/original/Biere/bitcell_16_2/pec_bit_cell_arbiter_2_999.dqdimacs,68,217
./benchmark_tests/original/Biere/bitcell_16_2/pec_bit_cell_arbiter_2_999.dqdimacs,69,219
./benchmark_tests/original/Biere/bitcell_16_2/pec_bit_cell_arbiter_2_999.dqdimacs,70,218
./benchmark_tests/original/Biere/bitcell_16_2/pec_bit_cell_arbiter_2_999.dqdimacs,71,220
./benchmark_tests/original/Biere/bitcell_16_2/pec_bit_cell_arbiter_2_999.dqdimacs,72,219
./benchmark_tests/original/Biere/bitcell_16_2/pec_bit_cell_arbiter_2_999.dqdimacs,73,219
./benchmark_tests/original/Biere/bitcell_16_2/pec_bit_cell_arbiter_2_999.dqdimacs,74,219
./benchmark_tests/original/Biere/bitcell_16_2/pec_bit_cell_arbiter_2_999.dqdimacs,75,219
./benchmark_tests/original/Biere/bitcell_16_2/pec_bit_cell_arbiter_2_999.dqdimacs,76,218
./benchmark_tests/original/Biere/bitcell_16_2/pec_bit_cell_arbiter_2_999.dqdimacs,77,219
./benchmark_tests/original/Biere/bitcell_16_2/pec_bit_cell_arbiter_2_999.dqdimacs,78,217
./benchmark_tests/original/Biere/bitcell_16_2/pec_bit_cell_arbiter_2_999.dqdimacs,79,218
./benchmark_tests/original/Biere/bitcell_16_2/pec_bit_cell_arbiter_2_999.dqdimacs,80,220
./benchmark_tests/original/Biere/bitcell_16_2/pec_bit_cell_arbiter_2_999.dqdimacs,81,217
./benchmark_tests/original/Biere/bitcell_16_2/pec_bit_cell_arbiter_2_999.dqdimacs,82,220
./benchmark_tests/original/Biere/bitcell_16_2/pec_bit_cell_arbiter_2_999.dqdimacs,83,219
./benchmark_tests/original/Biere/bitcell_16_2/pec_bit_cell_arbiter_2_999.dqdimacs,84,220
./benchmark_tests/original/Biere/bitcell_16_2/pec_bit_cell_arbiter_2_999.dqdimacs,85,218
./benchmark_tests/original/Biere/bitcell_16_2/pec_bit_cell_arbiter_2_999.dqdimacs,86,217
./benchmark_tests/original/Biere/bitcell_16_2/pec_bit_cell_arbiter_2_999.dqdimacs,87,217
./benchmark_tests/original/Biere/bitcell_16_2/pec_bit_cell_arbiter_2_999.dqdimacs,88,219
./benchmark_tests/original/Biere/bitcell_16_2/pec_bit_cell_arbiter_2_999.dqdimacs,89,219
./benchmark_tests/original/Biere/bitcell_16_2/pec_bit_cell_arbiter_2_999.dqdimacs,90,219
./benchmark_tests/original/Biere/bitcell_16_2/pec_bit_cell_arbiter_2_999.dqdimacs,91,220
./benchmark_tests/original/Biere/bitcell_16_2/pec_bit_cell_arbiter_2_999.dqdimacs,92,217
./benchmark_tests/original/Biere/bitcell_16_2/pec_bit_cell_arbiter_2_999.dqdimacs,93,218
./benchmark_tests/original/Biere/bitcell_16_2/pec_bit_cell_arbiter_2_999.dqdimacs,94,220
./benchmark_tests/original/Biere/bitcell_16_2/pec_bit_cell_arbiter_2_999.dqdimacs,95,218
./benchmark_tests/original/Biere/bitcell_16_2/pec_bit_cell_arbiter_2_999.dqdimacs,96,220
./benchmark_tests/original/Biere/bitcell_16_2/pec_bit_cell_arbiter_2_999.dqdimacs,97,217
./benchmark_tests/original/Biere/bitcell_16_2/pec_bit_cell_arbiter_2_999.dqdimacs,98,219
./benchmark_tests/original/Biere/bitcell_16_2/pec_bit_cell_arbiter_2_999.dqdimacs,99,218
./benchmark_tests/original/Biere/bitcell_16_2/pec_bit_cell_arbiter_2_999.dqdimacs,100,220
./benchmark_tests/original/Biere/bitcell_16_2/pec_bit_cell_arbiter_2_999.dqdimacs,101,219
./benchmark_tests/original/Biere/bitcell_16_2/pec_bit_cell_arbiter_2_999.dqdimacs,102,217
./benchmark_tests/original/Biere/bitcell_16_2/pec_bit_cell_arbiter_2_999.dqdimacs,103,219
./benchmark_tests/original/Biere/bitcell_16_2/pec_bit_cell_arbiter_2_999.dqdimacs,104,219
./benchmark_tests/original/Biere/bitcell_16_2/pec_bit_cell_arbiter_2_999.dqdimacs,105,219
./benchmark_tests/original/Biere/bitcell_16_2/pec_bit_cell_arbiter_2_999.dqdimacs,106,219
./benchmark_tests/original/Biere/bitcell_16_2/pec_bit_cell_arbiter_2_999.dqdimacs,107,218
./benchmark_tests/original/Biere/bitcell_16_2/pec_bit_cell_arbiter_2_999.dqdimacs,108,217
./benchmark_tests/original/Biere/bitcell_16_2/pec_bit_cell_arbiter_2_999.dqdimacs,109,220
./benchmark_tests/original/Biere/bitcell_16_2/pec_bit_cell_arbiter_2_999.dqdimacs,110,220
./benchmark_tests/original/Biere/bitcell_16_2/pec_bit_cell_arbiter_2_999.dqdimacs,111,219
./benchmark_tests/original/Biere/bitcell_16_2/pec_bit_cell_arbiter_2_999.dqdimacs,112,219
./benchmark_tests/original/Biere/bitcell_16_2/pec_bit_cell_arbiter_2_999.dqdimacs,113,220
./benchmark_tests/original/Biere/bitcell_16_2/pec_bit_cell_arbiter_2_999.dqdimacs,114,219
./benchmark_tests/original/Biere/bitcell_16_2/pec_bit_cell_arbiter_2_999.dqdimacs,115,219
./benchmark_tests/original/Biere/bitcell_16_2/pec_bit_cell_arbiter_2_999.dqdimacs,116,221
./benchmark_tests/original/Biere/bitcell_16_2/pec_bit_cell_arbiter_2_999.dqdimacs,117,220
./benchmark_tests/original/Biere/bitcell_16_2/pec_bit_cell_arbiter_2_999.dqdimacs,118,219
./benchmark_tests/original/Biere/bitcell_16_2/pec_bit_cell_arbiter_2_999.dqdimacs,119,220
./benchmark_tests/original/Biere/bitcell_16_2/pec_bit_cell_arbiter_2_999.dqdimacs,120,221
./benchmark_tests/original/Biere/bitcell_16_2/pec_bit_cell_arbiter_2_999.dqdimacs,121,220
./benchmark_tests/original/Biere/bitcell_16_2/pec_bit_cell_arbiter_2_999.dqdimacs,122,219
./benchmark_tests/original/Biere/bitcell_16_2/pec_bit_cell_arbiter_2_999.dqdimacs,123,218
./benchmark_tests/original/Biere/bitcell_16_2/pec_bit_cell_arbiter_2_999.dqdimacs,124,222
./benchmark_tests/original/Biere/bitcell_16_2/pec_bit_cell_arbiter_2_999.dqdimacs,125,220
./benchmark_tests/original/Biere/bitcell_16_2/pec_bit_cell_arbiter_2_999.dqdimacs,126,217
./benchmark_tests/original/Biere/bitcell_16_2/pec_bit_cell_arbiter_2_999.dqdimacs,128,221
./benchmark_tests/original/Biere/bitcell_16_2/pec_bit_cell_arbiter_2_999.dqdimacs,129,221
./benchmark_tests/original/Biere/bitcell_16_2/pec_bit_cell_arbiter_2_999.dqdimacs,130,219
./benchmark_tests/original/Biere/bitcell_16_2/pec_bit_cell_arbiter_2_999.dqdimacs,131,220
./benchmark_tests/original/Biere/bitcell_16_2/pec_bit_cell_arbiter_2_999.dqdimacs,132,220
./benchmark_tests/original/Biere/bitcell_16_2/pec_bit_cell_arbiter_2_999.dqdimacs,133,219
./benchmark_tests/original/Biere/bitcell_16_2/pec_bit_cell_arbiter_2_999.dqdimacs,134,219
./benchmark_tests/original/Biere/bitcell_16_2/pec_bit_cell_arbiter_2_999.dqdimacs,135,221
./benchmark_tests/original/Biere/bitcell_16_2/pec_bit_cell_arbiter_2_999.dqdimacs,136,219
./benchmark_tests/original/Biere/bitcell_16_2/pec_bit_cell_arbiter_2_999.dqdimacs,137,220
./benchmark_tests/original/Biere/bitcell_16_2/pec_bit_cell_arbiter_2_999.dqdimacs,138,220
