./benchmark_tests/original/Biere/adder_3_4/pec_adder_3_bit_4_0.dqdimacs,4,200
./benchmark_tests/original/Biere/adder_3_4/pec_adder_3_bit_4_0.dqdimacs,5,152
./benchmark_tests/original/Biere/adder_3_4/pec_adder_3_bit_4_0.dqdimacs,6,151
./benchmark_tests/original/Biere/adder_3_4/pec_adder_3_bit_4_0.dqdimacs,10,151
./benchmark_tests/original/Biere/adder_3_4/pec_adder_3_bit_4_0.dqdimacs,11,152
./benchmark_tests/original/Biere/adder_3_4/pec_adder_3_bit_4_0.dqdimacs,12,152
./benchmark_tests/original/Biere/adder_3_4/pec_adder_3_bit_4_0.dqdimacs,13,151
./benchmark_tests/original/Biere/adder_3_4/pec_adder_3_bit_4_0.dqdimacs,17,150
./benchmark_tests/original/Biere/adder_3_4/pec_adder_3_bit_4_0.dqdimacs,18,150
./benchmark_tests/original/Biere/adder_3_4/pec_adder_3_bit_4_0.dqdimacs,19,149
./benchmark_tests/original/Biere/adder_3_4/pec_adder_3_bit_4_0.dqdimacs,20,142
./benchmark_tests/original/Biere/adder_3_4/pec_adder_3_bit_4_0.dqdimacs,22,130
./benchmark_tests/original/Biere/adder_3_4/pec_adder_3_bit_4_0.dqdimacs,23,120
./benchmark_tests/original/Biere/adder_3_4/pec_adder_3_bit_4_0.dqdimacs,24,111
./benchmark_tests/original/Biere/adder_3_4/pec_adder_3_bit_4_0.dqdimacs,25,103
./benchmark_tests/original/Biere/adder_3_4/pec_adder_3_bit_4_0.dqdimacs,26,95
./benchmark_tests/original/Biere/adder_3_4/pec_adder_3_bit_4_0.dqdimacs,27,90
./benchmark_tests/original/Biere/adder_3_4/pec_adder_3_bit_4_0.dqdimacs,29,84
./benchmark_tests/original/Biere/adder_3_4/pec_adder_3_bit_4_0.dqdimacs,30,81
./benchmark_tests/original/Biere/adder_3_4/pec_adder_3_bit_4_0.dqdimacs,31,84
./benchmark_tests/original/Biere/adder_3_4/pec_adder_3_bit_4_0.dqdimacs,33,82
./benchmark_tests/original/Biere/adder_3_4/pec_adder_3_bit_4_0.dqdimacs,34,82
./benchmark_tests/original/Biere/adder_3_4/pec_adder_3_bit_4_0.dqdimacs,35,83
./benchmark_tests/original/Biere/adder_3_4/pec_adder_3_bit_4_0.dqdimacs,37,80
./benchmark_tests/original/Biere/adder_3_4/pec_adder_3_bit_4_0.dqdimacs,38,82
./benchmark_tests/original/Biere/adder_3_4/pec_adder_3_bit_4_0.dqdimacs,39,83
./benchmark_tests/original/Biere/adder_3_4/pec_adder_3_bit_4_0.dqdimacs,41,81
./benchmark_tests/original/Biere/adder_3_4/pec_adder_3_bit_4_0.dqdimacs,42,81
./benchmark_tests/original/Biere/adder_3_4/pec_adder_3_bit_4_0.dqdimacs,43,81
./benchmark_tests/original/Biere/adder_3_4/pec_adder_3_bit_4_0.dqdimacs,44,81
./benchmark_tests/original/Biere/adder_3_4/pec_adder_3_bit_4_0.dqdimacs,45,82
./benchmark_tests/original/Biere/adder_3_4/pec_adder_3_bit_4_0.dqdimacs,46,81
./benchmark_tests/original/Biere/adder_3_4/pec_adder_3_bit_4_0.dqdimacs,47,83
./benchmark_tests/original/Biere/adder_3_4/pec_adder_3_bit_4_0.dqdimacs,49,81
./benchmark_tests/original/Biere/adder_3_4/pec_adder_3_bit_4_0.dqdimacs,50,81
./benchmark_tests/original/Biere/adder_3_4/pec_adder_3_bit_4_0.dqdimacs,51,83
./benchmark_tests/original/Biere/adder_3_4/pec_adder_3_bit_4_0.dqdimacs,53,81
./benchmark_tests/original/Biere/adder_3_4/pec_adder_3_bit_4_0.dqdimacs,54,81
./benchmark_tests/original/Biere/adder_3_4/pec_adder_3_bit_4_0.dqdimacs,55,82
./benchmark_tests/original/Biere/adder_3_4/pec_adder_3_bit_4_0.dqdimacs,57,80
./benchmark_tests/original/Biere/adder_3_4/pec_adder_3_bit_4_0.dqdimacs,58,81
./benchmark_tests/original/Biere/adder_3_4/pec_adder_3_bit_4_0.dqdimacs,59,83
./benchmark_tests/original/Biere/adder_3_4/pec_adder_3_bit_4_0.dqdimacs,60,82
./benchmark_tests/original/Biere/adder_3_4/pec_adder_3_bit_4_0.dqdimacs,61,82
./benchmark_tests/original/Biere/adder_3_4/pec_adder_3_bit_4_0.dqdimacs,62,81
./benchmark_tests/original/Biere/adder_3_4/pec_adder_3_bit_4_0.dqdimacs,63,81
./benchmark_tests/original/Biere/adder_3_4/pec_adder_3_bit_4_0.dqdimacs,64,81
./benchmark_tests/original/Biere/adder_3_4/pec_adder_3_bit_4_0.dqdimacs,65,82
./benchmark_tests/original/Biere/adder_3_4/pec_adder_3_bit_4_0.dqdimacs,66,81
./benchmark_tests/original/Biere/adder_3_4/pec_adder_3_bit_4_0.dqdimacs,67,81
./benchmark_tests/original/Biere/adder_3_4/pec_adder_3_bit_4_0.dqdimacs,68,81
./benchmark_tests/original/Biere/adder_3_4/pec_adder_3_bit_4_0.dqdimacs,69,81
./benchmark_tests/original/Biere/adder_3_4/pec_adder_3_bit_4_0.dqdimacs,70,81
./benchmark_tests/original/Biere/adder_3_4/pec_adder_3_bit_4_0.dqdimacs,71,80
./benchmark_tests/original/Biere/adder_3_4/pec_adder_3_bit_4_0.dqdimacs,72,80
./benchmark_tests/original/Biere/adder_3_4/pec_adder_3_bit_4_0.dqdimacs,73,81
./benchmark_tests/original/Biere/adder_3_4/pec_adder_3_bit_4_0.dqdimacs,74,80
./benchmark_tests/original/Biere/adder_3_4/pec_adder_3_bit_4_0.dqdimacs,75,81
./benchmark_tests/original/Biere/adder_3_4/pec_adder_3_bit_4_0.dqdimacs,76,81
./benchmark_tests/original/Biere/adder_3_4/pec_adder_3_bit_4_0.dqdimacs,77,81
./benchmark_tests/original/Biere/adder_3_4/pec_adder_3_bit_4_10.dqdimacs,4,241
./benchmark_tests/original/Biere/adder_3_4/pec_adder_3_bit_4_10.dqdimacs,5,192
./benchmark_tests/original/Biere/adder_3_4/pec_adder_3_bit_4_10.dqdimacs,6,193
./benchmark_tests/original/Biere/adder_3_4/pec_adder_3_bit_4_10.dqdimacs,10,193
./benchmark_tests/original/Biere/adder_3_4/pec_adder_3_bit_4_10.dqdimacs,11,193
./benchmark_tests/original/Biere/adder_3_4/pec_adder_3_bit_4_10.dqdimacs,12,193
./benchmark_tests/original/Biere/adder_3_4/pec_adder_3_bit_4_10.dqdimacs,13,193
./benchmark_tests/original/Biere/adder_3_4/pec_adder_3_bit_4_10.dqdimacs,17,186
./benchmark_tests/original/Biere/adder_3_4/pec_adder_3_bit_4_10.dqdimacs,18,175
./benchmark_tests/original/Biere/adder_3_4/pec_adder_3_bit_4_10.dqdimacs,19,158
./benchmark_tests/original/Biere/adder_3_4/pec_adder_3_bit_4_10.dqdimacs,20,141
./benchmark_tests/original/Biere/adder_3_4/pec_adder_3_bit_4_10.dqdimacs,22,128
./benchmark_tests/original/Biere/adder_3_4/pec_adder_3_bit_4_10.dqdimacs,23,118
./benchmark_tests/original/Biere/adder_3_4/pec_adder_3_bit_4_10.dqdimacs,24,108
./benchmark_tests/original/Biere/adder_3_4/pec_adder_3_bit_4_10.dqdimacs,25,102
./benchmark_tests/original/Biere/adder_3_4/pec_adder_3_bit_4_10.dqdimacs,26,103
./benchmark_tests/original/Biere/adder_3_4/pec_adder_3_bit_4_10.dqdimacs,27,103
./benchmark_tests/original/Biere/adder_3_4/pec_adder_3_bit_4_10.dqdimacs,29,103
./benchmark_tests/original/Biere/adder_3_4/pec_adder_3_bit_4_10.dqdimacs,30,103
./benchmark_tests/original/Biere/adder_3_4/pec_adder_3_bit_4_10.dqdimacs,31,104
./benchmark_tests/original/Biere/adder_3_4/pec_adder_3_bit_4_10.dqdimacs,33,102
./benchmark_tests/original/Biere/adder_3_4/pec_adder_3_bit_4_10.dqdimacs,34,101
./benchmark_tests/original/Biere/adder_3_4/pec_adder_3_bit_4_10.dqdimacs,35,105
./benchmark_tests/original/Biere/adder_3_4/pec_adder_3_bit_4_10.dqdimacs,37,102
./benchmark_tests/original/Biere/adder_3_4/pec_adder_3_bit_4_10.dqdimacs,38,104
./benchmark_tests/original/Biere/adder_3_4/pec_adder_3_bit_4_10.dqdimacs,39,102
./benchmark_tests/original/Biere/adder_3_4/pec_adder_3_bit_4_10.dqdimacs,40,106
./benchmark_tests/original/Biere/adder_3_4/pec_adder_3_bit_4_10.dqdimacs,42,102
./benchmark_tests/original/Biere/adder_3_4/pec_adder_3_bit_4_10.dqdimacs,43,102
./benchmark_tests/original/Biere/adder_3_4/pec_adder_3_bit_4_10.dqdimacs,44,103
./benchmark_tests/original/Biere/adder_3_4/pec_adder_3_bit_4_10.dqdimacs,45,105
./benchmark_tests/original/Biere/adder_3_4/pec_adder_3_bit_4_10.dqdimacs,47,104
./benchmark_tests/original/Biere/adder_3_4/pec_adder_3_bit_4_10.dqdimacs,48,104
./benchmark_tests/original/Biere/adder_3_4/pec_adder_3_bit_4_10.dqdimacs,49,105
./benchmark_tests/original/Biere/adder_3_4/pec_adder_3_bit_4_10.dqdimacs,51,103
./benchmark_tests/original/Biere/adder_3_4/pec_adder_3_bit_4_10.dqdimacs,52,103
./benchmark_tests/original/Biere/adder_3_4/pec_adder_3_bit_4_10.dqdimacs,53,102
./benchmark_tests/original/Biere/adder_3_4/pec_adder_3_bit_4_10.dqdimacs,54,105
./benchmark_tests/original/Biere/adder_3_4/pec_adder_3_bit_4_10.dqdimacs,55,102
./benchmark_tests/original/Biere/adder_3_4/pec_adder_3_bit_4_10.dqdimacs,56,103
./benchmark_tests/original/Biere/adder_3_4/pec_adder_3_bit_4_10.dqdimacs,57,104
./benchmark_tests/original/Biere/adder_3_4/pec_adder_3_bit_4_10.dqdimacs,58,104
./benchmark_tests/original/Biere/adder_3_4/pec_adder_3_bit_4_10.dqdimacs,59,103
./benchmark_tests/original/Biere/adder_3_4/pec_adder_3_bit_4_10.dqdimacs,60,102
./benchmark_tests/original/Biere/adder_3_4/pec_adder_3_bit_4_10.dqdimacs,61,103
./benchmark_tests/original/Biere/adder_3_4/pec_adder_3_bit_4_10.dqdimacs,62,101
./benchmark_tests/original/Biere/adder_3_4/pec_adder_3_bit_4_10.dqdimacs,63,103
./benchmark_tests/original/Biere/adder_3_4/pec_adder_3_bit_4_10.dqdimacs,64,103
./benchmark_tests/original/Biere/adder_3_4/pec_adder_3_bit_4_10.dqdimacs,65,102
./benchmark_tests/original/Biere/adder_3_4/pec_adder_3_bit_4_10.dqdimacs,66,102
./benchmark_tests/original/Biere/adder_3_4/pec_adder_3_bit_4_10.dqdimacs,67,104
./benchmark_tests/original/Biere/adder_3_4/pec_adder_3_bit_4_10.dqdimacs,68,102
./benchmark_tests/original/Biere/adder_3_4/pec_adder_3_bit_4_10.dqdimacs,69,104
./benchmark_tests/original/Biere/adder_3_4/pec_adder_3_bit_4_10.dqdimacs,70,103
./benchmark_tests/original/Biere/adder_3_4/pec_adder_3_bit_4_10.dqdimacs,71,102
./benchmark_tests/original/Biere/adder_3_4/pec_adder_3_bit_4_10.dqdimacs,72,102
./benchmark_tests/original/Biere/adder_3_4/pec_adder_3_bit_4_10.dqdimacs,73,104
./benchmark_tests/original/Biere/adder_3_4/pec_adder_3_bit_4_11.dqdimacs,4,285
./benchmark_tests/original/Biere/adder_3_4/pec_adder_3_bit_4_11.dqdimacs,5,238
./benchmark_tests/original/Biere/adder_3_4/pec_adder_3_bit_4_11.dqdimacs,6,237
./benchmark_tests/original/Biere/adder_3_4/pec_adder_3_bit_4_11.dqdimacs,10,236
./benchmark_tests/original/Biere/adder_3_4/pec_adder_3_bit_4_11.dqdimacs,11,236
./benchmark_tests/original/Biere/adder_3_4/pec_adder_3_bit_4_11.dqdimacs,12,237
./benchmark_tests/original/Biere/adder_3_4/pec_adder_3_bit_4_11.dqdimacs,13,225
./benchmark_tests/original/Biere/adder_3_4/pec_adder_3_bit_4_11.dqdimacs,17,200
./benchmark_tests/original/Biere/adder_3_4/pec_adder_3_bit_4_11.dqdimacs,18,176
./benchmark_tests/original/Biere/adder_3_4/pec_adder_3_bit_4_11.dqdimacs,19,155
./benchmark_tests/original/Biere/adder_3_4/pec_adder_3_bit_4_11.dqdimacs,20,140
./benchmark_tests/original/Biere/adder_3_4/pec_adder_3_bit_4_11.dqdimacs,22,127
./benchmark_tests/original/Biere/adder_3_4/pec_adder_3_bit_4_11.dqdimacs,23,127
./benchmark_tests/original/Biere/adder_3_4/pec_adder_3_bit_4_11.dqdimacs,24,127
./benchmark_tests/original/Biere/adder_3_4/pec_adder_3_bit_4_11.dqdimacs,25,127
./benchmark_tests/original/Biere/adder_3_4/pec_adder_3_bit_4_11.dqdimacs,26,127
./benchmark_tests/original/Biere/adder_3_4/pec_adder_3_bit_4_11.dqdimacs,27,129
./benchmark_tests/original/Biere/adder_3_4/pec_adder_3_bit_4_11.dqdimacs,29,127
./benchmark_tests/original/Biere/adder_3_4/pec_adder_3_bit_4_11.dqdimacs,30,127
./benchmark_tests/original/Biere/adder_3_4/pec_adder_3_bit_4_11.dqdimacs,31,129
./benchmark_tests/original/Biere/adder_3_4/pec_adder_3_bit_4_11.dqdimacs,33,126
./benchmark_tests/original/Biere/adder_3_4/pec_adder_3_bit_4_11.dqdimacs,34,126
./benchmark_tests/original/Biere/adder_3_4/pec_adder_3_bit_4_11.dqdimacs,35,129
./benchmark_tests/original/Biere/adder_3_4/pec_adder_3_bit_4_11.dqdimacs,37,126
./benchmark_tests/original/Biere/adder_3_4/pec_adder_3_bit_4_11.dqdimacs,38,126
./benchmark_tests/original/Biere/adder_3_4/pec_adder_3_bit_4_11.dqdimacs,39,126
./benchmark_tests/original/Biere/adder_3_4/pec_adder_3_bit_4_11.dqdimacs,40,127
./benchmark_tests/original/Biere/adder_3_4/pec_adder_3_bit_4_11.dqdimacs,42,126
./benchmark_tests/original/Biere/adder_3_4/pec_adder_3_bit_4_11.dqdimacs,43,126
./benchmark_tests/original/Biere/adder_3_4/pec_adder_3_bit_4_11.dqdimacs,44,127
./benchmark_tests/original/Biere/adder_3_4/pec_adder_3_bit_4_11.dqdimacs,46,126
./benchmark_tests/original/Biere/adder_3_4/pec_adder_3_bit_4_11.dqdimacs,47,126
./benchmark_tests/original/Biere/adder_3_4/pec_adder_3_bit_4_11.dqdimacs,48,126
./benchmark_tests/original/Biere/adder_3_4/pec_adder_3_bit_4_11.dqdimacs,49,126
./benchmark_tests/original/Biere/adder_3_4/pec_adder_3_bit_4_11.dqdimacs,50,128
./benchmark_tests/original/Biere/adder_3_4/pec_adder_3_bit_4_11.dqdimacs,52,127
./benchmark_tests/original/Biere/adder_3_4/pec_adder_3_bit_4_11.dqdimacs,53,127
./benchmark_tests/original/Biere/adder_3_4/pec_adder_3_bit_4_11.dqdimacs,54,128
./benchmark_tests/original/Biere/adder_3_4/pec_adder_3_bit_4_11.dqdimacs,56,126
./benchmark_tests/original/Biere/adder_3_4/pec_adder_3_bit_4_11.dqdimacs,57,126
./benchmark_tests/original/Biere/adder_3_4/pec_adder_3_bit_4_11.dqdimacs,58,126
./benchmark_tests/original/Biere/adder_3_4/pec_adder_3_bit_4_11.dqdimacs,59,126
./benchmark_tests/original/Biere/adder_3_4/pec_adder_3_bit_4_11.dqdimacs,60,128
./benchmark_tests/original/Biere/adder_3_4/pec_adder_3_bit_4_11.dqdimacs,62,126
./benchmark_tests/original/Biere/adder_3_4/pec_adder_3_bit_4_11.dqdimacs,63,126
./benchmark_tests/original/Biere/adder_3_4/pec_adder_3_bit_4_11.dqdimacs,64,126
./benchmark_tests/original/Biere/adder_3_4/pec_adder_3_bit_4_11.dqdimacs,65,128
./benchmark_tests/original/Biere/adder_3_4/pec_adder_3_bit_4_11.dqdimacs,66,126
./benchmark_tests/original/Biere/adder_3_4/pec_adder_3_bit_4_11.dqdimacs,67,126
./benchmark_tests/original/Biere/adder_3_4/pec_adder_3_bit_4_11.dqdimacs,68,126
./benchmark_tests/original/Biere/adder_3_4/pec_adder_3_bit_4_11.dqdimacs,69,126
./benchmark_tests/original/Biere/adder_3_4/pec_adder_3_bit_4_11.dqdimacs,70,125
./benchmark_tests/original/Biere/adder_3_4/pec_adder_3_bit_4_11.dqdimacs,71,125
./benchmark_tests/original/Biere/adder_3_4/pec_adder_3_bit_4_11.dqdimacs,72,126
./benchmark_tests/original/Biere/adder_3_4/pec_adder_3_bit_4_11.dqdimacs,73,126
./benchmark_tests/original/Biere/adder_3_4/pec_adder_3_bit_4_11.dqdimacs,74,126
./benchmark_tests/original/Biere/adder_3_4/pec_adder_3_bit_4_11.dqdimacs,75,126
./benchmark_tests/original/Biere/adder_3_4/pec_adder_3_bit_4_11.dqdimacs,76,126
./benchmark_tests/original/Biere/adder_3_4/pec_adder_3_bit_4_11.dqdimacs,77,126
./benchmark_tests/original/Biere/adder_3_4/pec_adder_3_bit_4_11.dqdimacs,78,126
./benchmark_tests/original/Biere/adder_3_4/pec_adder_3_bit_4_11.dqdimacs,79,126
./benchmark_tests/original/Biere/adder_3_4/pec_adder_3_bit_4_11.dqdimacs,80,126
./benchmark_tests/original/Biere/adder_3_4/pec_adder_3_bit_4_11.dqdimacs,81,126
./benchmark_tests/original/Biere/adder_3_4/pec_adder_3_bit_4_12.dqdimacs,4,519
./benchmark_tests/original/Biere/adder_3_4/pec_adder_3_bit_4_12.dqdimacs,5,470
./benchmark_tests/original/Biere/adder_3_4/pec_adder_3_bit_4_12.dqdimacs,6,471
./benchmark_tests/original/Biere/adder_3_4/pec_adder_3_bit_4_12.dqdimacs,10,423
./benchmark_tests/original/Biere/adder_3_4/pec_adder_3_bit_4_12.dqdimacs,11,329
./benchmark_tests/original/Biere/adder_3_4/pec_adder_3_bit_4_12.dqdimacs,12,268
./benchmark_tests/original/Biere/adder_3_4/pec_adder_3_bit_4_12.dqdimacs,13,249
./benchmark_tests/original/Biere/adder_3_4/pec_adder_3_bit_4_12.dqdimacs,17,250
./benchmark_tests/original/Biere/adder_3_4/pec_adder_3_bit_4_12.dqdimacs,18,249
./benchmark_tests/original/Biere/adder_3_4/pec_adder_3_bit_4_12.dqdimacs,19,253
./benchmark_tests/original/Biere/adder_3_4/pec_adder_3_bit_4_12.dqdimacs,20,253
./benchmark_tests/original/Biere/adder_3_4/pec_adder_3_bit_4_12.dqdimacs,22,252
./benchmark_tests/original/Biere/adder_3_4/pec_adder_3_bit_4_12.dqdimacs,23,251
./benchmark_tests/original/Biere/adder_3_4/pec_adder_3_bit_4_12.dqdimacs,24,252
./benchmark_tests/original/Biere/adder_3_4/pec_adder_3_bit_4_12.dqdimacs,25,253
./benchmark_tests/original/Biere/adder_3_4/pec_adder_3_bit_4_12.dqdimacs,26,252
./benchmark_tests/original/Biere/adder_3_4/pec_adder_3_bit_4_12.dqdimacs,27,254
./benchmark_tests/original/Biere/adder_3_4/pec_adder_3_bit_4_12.dqdimacs,29,253
./benchmark_tests/original/Biere/adder_3_4/pec_adder_3_bit_4_12.dqdimacs,30,252
./benchmark_tests/original/Biere/adder_3_4/pec_adder_3_bit_4_12.dqdimacs,31,254
./benchmark_tests/original/Biere/adder_3_4/pec_adder_3_bit_4_12.dqdimacs,33,249
./benchmark_tests/original/Biere/adder_3_4/pec_adder_3_bit_4_12.dqdimacs,34,251
./benchmark_tests/original/Biere/adder_3_4/pec_adder_3_bit_4_12.dqdimacs,35,253
./benchmark_tests/original/Biere/adder_3_4/pec_adder_3_bit_4_12.dqdimacs,37,251
./benchmark_tests/original/Biere/adder_3_4/pec_adder_3_bit_4_12.dqdimacs,38,251
./benchmark_tests/original/Biere/adder_3_4/pec_adder_3_bit_4_12.dqdimacs,39,253
./benchmark_tests/original/Biere/adder_3_4/pec_adder_3_bit_4_12.dqdimacs,41,251
./benchmark_tests/original/Biere/adder_3_4/pec_adder_3_bit_4_12.dqdimacs,42,250
./benchmark_tests/original/Biere/adder_3_4/pec_adder_3_bit_4_12.dqdimacs,43,254
./benchmark_tests/original/Biere/adder_3_4/pec_adder_3_bit_4_12.dqdimacs,45,250
./benchmark_tests/original/Biere/adder_3_4/pec_adder_3_bit_4_12.dqdimacs,46,250
./benchmark_tests/original/Biere/adder_3_4/pec_adder_3_bit_4_12.dqdimacs,47,253
./benchmark_tests/original/Biere/adder_3_4/pec_adder_3_bit_4_12.dqdimacs,48,253
./benchmark_tests/original/Biere/adder_3_4/pec_adder_3_bit_4_12.dqdimacs,49,254
./benchmark_tests/original/Biere/adder_3_4/pec_adder_3_bit_4_12.dqdimacs,51,248
./benchmark_tests/original/Biere/adder_3_4/pec_adder_3_bit_4_12.dqdimacs,52,249
./benchmark_tests/original/Biere/adder_3_4/pec_adder_3_bit_4_12.dqdimacs,53,251
./benchmark_tests/original/Biere/adder_3_4/pec_adder_3_bit_4_12.dqdimacs,54,252
./benchmark_tests/original/Biere/adder_3_4/pec_adder_3_bit_4_12.dqdimacs,55,253
./benchmark_tests/original/Biere/adder_3_4/pec_adder_3_bit_4_12.dqdimacs,57,250
./benchmark_tests/original/Biere/adder_3_4/pec_adder_3_bit_4_12.dqdimacs,58,247
./benchmark_tests/original/Biere/adder_3_4/pec_adder_3_bit_4_12.dqdimacs,59,248
./benchmark_tests/original/Biere/adder_3_4/pec_adder_3_bit_4_12.dqdimacs,60,250
./benchmark_tests/original/Biere/adder_3_4/pec_adder_3_bit_4_12.dqdimacs,61,247
./benchmark_tests/original/Biere/adder_3_4/pec_adder_3_bit_4_12.dqdimacs,62,248
./benchmark_tests/original/Biere/adder_3_4/pec_adder_3_bit_4_12.dqdimacs,63,248
./benchmark_tests/original/Biere/adder_3_4/pec_adder_3_bit_4_12.dqdimacs,64,248
./benchmark_tests/original/Biere/adder_3_4/pec_adder_3_bit_4_12.dqdimacs,65,248
./benchmark_tests/original/Biere/adder_3_4/pec_adder_3_bit_4_12.dqdimacs,66,248
./benchmark_tests/original/Biere/adder_3_4/pec_adder_3_bit_4_12.dqdimacs,67,247
./benchmark_tests/original/Biere/adder_3_4/pec_adder_3_bit_4_12.dqdimacs,68,247
./benchmark_tests/original/Biere/adder_3_4/pec_adder_3_bit_4_12.dqdimacs,69,248
./benchmark_tests/original/Biere/adder_3_4/pec_adder_3_bit_4_12.dqdimacs,70,248
./benchmark_tests/original/Biere/adder_3_4/pec_adder_3_bit_4_12.dqdimacs,71,248
./benchmark_tests/original/Biere/adder_3_4/pec_adder_3_bit_4_12.dqdimacs,72,248
./benchmark_tests/original/Biere/adder_3_4/pec_adder_3_bit_4_12.dqdimacs,73,248
./benchmark_tests/original/Biere/adder_3_4/pec_adder_3_bit_4_12.dqdimacs,74,249
./benchmark_tests/original/Biere/adder_3_4/pec_adder_3_bit_4_12.dqdimacs,75,248
./benchmark_tests/original/Biere/adder_3_4/pec_adder_3_bit_4_12.dqdimacs,76,246
./benchmark_tests/original/Biere/adder_3_4/pec_adder_3_bit_4_12.dqdimacs,77,247
./benchmark_tests/original/Biere/adder_3_4/pec_adder_3_bit_4_12.dqdimacs,78,247
./benchmark_tests/original/Biere/adder_3_4/pec_adder_3_bit_4_13.dqdimacs,4,243
./benchmark_tests/original/Biere/adder_3_4/pec_adder_3_bit_4_13.dqdimacs,5,195
./benchmark_tests/original/Biere/adder_3_4/pec_adder_3_bit_4_13.dqdimacs,6,195
./benchmark_tests/original/Biere/adder_3_4/pec_adder_3_bit_4_13.dqdimacs,10,195
./benchmark_tests/original/Biere/adder_3_4/pec_adder_3_bit_4_13.dqdimacs,11,194
./benchmark_tests/original/Biere/adder_3_4/pec_adder_3_bit_4_13.dqdimacs,12,195
./benchmark_tests/original/Biere/adder_3_4/pec_adder_3_bit_4_13.dqdimacs,13,195
./benchmark_tests/original/Biere/adder_3_4/pec_adder_3_bit_4_13.dqdimacs,17,187
./benchmark_tests/original/Biere/adder_3_4/pec_adder_3_bit_4_13.dqdimacs,18,173
./benchmark_tests/original/Biere/adder_3_4/pec_adder_3_bit_4_13.dqdimacs,19,156
./benchmark_tests/original/Biere/adder_3_4/pec_adder_3_bit_4_13.dqdimacs,20,142
./benchmark_tests/original/Biere/adder_3_4/pec_adder_3_bit_4_13.dqdimacs,22,128
./benchmark_tests/original/Biere/adder_3_4/pec_adder_3_bit_4_13.dqdimacs,23,116
./benchmark_tests/original/Biere/adder_3_4/pec_adder_3_bit_4_13.dqdimacs,24,107
./benchmark_tests/original/Biere/adder_3_4/pec_adder_3_bit_4_13.dqdimacs,25,105
./benchmark_tests/original/Biere/adder_3_4/pec_adder_3_bit_4_13.dqdimacs,26,105
./benchmark_tests/original/Biere/adder_3_4/pec_adder_3_bit_4_13.dqdimacs,27,106
./benchmark_tests/original/Biere/adder_3_4/pec_adder_3_bit_4_13.dqdimacs,29,104
./benchmark_tests/original/Biere/adder_3_4/pec_adder_3_bit_4_13.dqdimacs,30,104
./benchmark_tests/original/Biere/adder_3_4/pec_adder_3_bit_4_13.dqdimacs,31,106
./benchmark_tests/original/Biere/adder_3_4/pec_adder_3_bit_4_13.dqdimacs,33,104
./benchmark_tests/original/Biere/adder_3_4/pec_adder_3_bit_4_13.dqdimacs,34,104
./benchmark_tests/original/Biere/adder_3_4/pec_adder_3_bit_4_13.dqdimacs,35,104
./benchmark_tests/original/Biere/adder_3_4/pec_adder_3_bit_4_13.dqdimacs,36,104
./benchmark_tests/original/Biere/adder_3_4/pec_adder_3_bit_4_13.dqdimacs,37,103
./benchmark_tests/original/Biere/adder_3_4/pec_adder_3_bit_4_13.dqdimacs,38,104
./benchmark_tests/original/Biere/adder_3_4/pec_adder_3_bit_4_13.dqdimacs,39,106
./benchmark_tests/original/Biere/adder_3_4/pec_adder_3_bit_4_13.dqdimacs,41,103
./benchmark_tests/original/Biere/adder_3_4/pec_adder_3_bit_4_13.dqdimacs,42,105
./benchmark_tests/original/Biere/adder_3_4/pec_adder_3_bit_4_13.dqdimacs,43,105
./benchmark_tests/original/Biere/adder_3_4/pec_adder_3_bit_4_13.dqdimacs,44,106
./benchmark_tests/original/Biere/adder_3_4/pec_adder_3_bit_4_13.dqdimacs,46,104
./benchmark_tests/original/Biere/adder_3_4/pec_adder_3_bit_4_13.dqdimacs,47,105
./benchmark_tests/original/Biere/adder_3_4/pec_adder_3_bit_4_13.dqdimacs,48,106
./benchmark_tests/original/Biere/adder_3_4/pec_adder_3_bit_4_13.dqdimacs,49,103
./benchmark_tests/original/Biere/adder_3_4/pec_adder_3_bit_4_13.dqdimacs,50,104
./benchmark_tests/original/Biere/adder_3_4/pec_adder_3_bit_4_13.dqdimacs,51,104
./benchmark_tests/original/Biere/adder_3_4/pec_adder_3_bit_4_13.dqdimacs,52,104
./benchmark_tests/original/Biere/adder_3_4/pec_adder_3_bit_4_13.dqdimacs,53,104
./benchmark_tests/original/Biere/adder_3_4/pec_adder_3_bit_4_13.dqdimacs,54,104
./benchmark_tests/original/Biere/adder_3_4/pec_adder_3_bit_4_13.dqdimacs,55,104
./benchmark_tests/original/Biere/adder_3_4/pec_adder_3_bit_4_13.dqdimacs,56,104
./benchmark_tests/original/Biere/adder_3_4/pec_adder_3_bit_4_13.dqdimacs,57,104
./benchmark_tests/original/Biere/adder_3_4/pec_adder_3_bit_4_13.dqdimacs,58,103
./benchmark_tests/original/Biere/adder_3_4/pec_adder_3_bit_4_13.dqdimacs,59,103
./benchmark_tests/original/Biere/adder_3_4/pec_adder_3_bit_4_13.dqdimacs,60,105
./benchmark_tests/original/Biere/adder_3_4/pec_adder_3_bit_4_13.dqdimacs,61,104
./benchmark_tests/original/Biere/adder_3_4/pec_adder_3_bit_4_13.dqdimacs,62,105
./benchmark_tests/original/Biere/adder_3_4/pec_adder_3_bit_4_13.dqdimacs,63,104
./benchmark_tests/original/Biere/adder_3_4/pec_adder_3_bit_4_13.dqdimacs,64,104
./benchmark_tests/original/Biere/adder_3_4/pec_adder_3_bit_4_13.dqdimacs,65,103
./benchmark_tests/original/Biere/adder_3_4/pec_adder_3_bit_4_13.dqdimacs,66,104
./benchmark_tests/original/Biere/adder_3_4/pec_adder_3_bit_4_13.dqdimacs,67,103
./benchmark_tests/original/Biere/adder_3_4/pec_adder_3_bit_4_14.dqdimacs,4,268
./benchmark_tests/original/Biere/adder_3_4/pec_adder_3_bit_4_14.dqdimacs,5,220
./benchmark_tests/original/Biere/adder_3_4/pec_adder_3_bit_4_14.dqdimacs,6,220
./benchmark_tests/original/Biere/adder_3_4/pec_adder_3_bit_4_14.dqdimacs,10,219
./benchmark_tests/original/Biere/adder_3_4/pec_adder_3_bit_4_14.dqdimacs,11,219
./benchmark_tests/original/Biere/adder_3_4/pec_adder_3_bit_4_14.dqdimacs,12,219
./benchmark_tests/original/Biere/adder_3_4/pec_adder_3_bit_4_14.dqdimacs,13,214
./benchmark_tests/original/Biere/adder_3_4/pec_adder_3_bit_4_14.dqdimacs,17,195
./benchmark_tests/original/Biere/adder_3_4/pec_adder_3_bit_4_14.dqdimacs,18,172
./benchmark_tests/original/Biere/adder_3_4/pec_adder_3_bit_4_14.dqdimacs,19,157
./benchmark_tests/original/Biere/adder_3_4/pec_adder_3_bit_4_14.dqdimacs,20,141
./benchmark_tests/original/Biere/adder_3_4/pec_adder_3_bit_4_14.dqdimacs,22,125
./benchmark_tests/original/Biere/adder_3_4/pec_adder_3_bit_4_14.dqdimacs,23,117
./benchmark_tests/original/Biere/adder_3_4/pec_adder_3_bit_4_14.dqdimacs,24,117
./benchmark_tests/original/Biere/adder_3_4/pec_adder_3_bit_4_14.dqdimacs,25,117
./benchmark_tests/original/Biere/adder_3_4/pec_adder_3_bit_4_14.dqdimacs,26,117
./benchmark_tests/original/Biere/adder_3_4/pec_adder_3_bit_4_14.dqdimacs,27,118
./benchmark_tests/original/Biere/adder_3_4/pec_adder_3_bit_4_14.dqdimacs,29,116
./benchmark_tests/original/Biere/adder_3_4/pec_adder_3_bit_4_14.dqdimacs,30,114
./benchmark_tests/original/Biere/adder_3_4/pec_adder_3_bit_4_14.dqdimacs,31,118
./benchmark_tests/original/Biere/adder_3_4/pec_adder_3_bit_4_14.dqdimacs,33,116
./benchmark_tests/original/Biere/adder_3_4/pec_adder_3_bit_4_14.dqdimacs,34,115
./benchmark_tests/original/Biere/adder_3_4/pec_adder_3_bit_4_14.dqdimacs,35,118
./benchmark_tests/original/Biere/adder_3_4/pec_adder_3_bit_4_14.dqdimacs,37,118
./benchmark_tests/original/Biere/adder_3_4/pec_adder_3_bit_4_14.dqdimacs,38,114
./benchmark_tests/original/Biere/adder_3_4/pec_adder_3_bit_4_14.dqdimacs,39,115
./benchmark_tests/original/Biere/adder_3_4/pec_adder_3_bit_4_14.dqdimacs,40,116
./benchmark_tests/original/Biere/adder_3_4/pec_adder_3_bit_4_14.dqdimacs,41,118
./benchmark_tests/original/Biere/adder_3_4/pec_adder_3_bit_4_14.dqdimacs,42,117
./benchmark_tests/original/Biere/adder_3_4/pec_adder_3_bit_4_14.dqdimacs,43,119
./benchmark_tests/original/Biere/adder_3_4/pec_adder_3_bit_4_14.dqdimacs,45,114
./benchmark_tests/original/Biere/adder_3_4/pec_adder_3_bit_4_14.dqdimacs,46,116
./benchmark_tests/original/Biere/adder_3_4/pec_adder_3_bit_4_14.dqdimacs,47,117
./benchmark_tests/original/Biere/adder_3_4/pec_adder_3_bit_4_14.dqdimacs,48,116
./benchmark_tests/original/Biere/adder_3_4/pec_adder_3_bit_4_14.dqdimacs,49,118
./benchmark_tests/original/Biere/adder_3_4/pec_adder_3_bit_4_14.dqdimacs,51,117
./benchmark_tests/original/Biere/adder_3_4/pec_adder_3_bit_4_14.dqdimacs,52,114
./benchmark_tests/original/Biere/adder_3_4/pec_adder_3_bit_4_14.dqdimacs,53,113
./benchmark_tests/original/Biere/adder_3_4/pec_adder_3_bit_4_14.dqdimacs,54,116
./benchmark_tests/original/Biere/adder_3_4/pec_adder_3_bit_4_14.dqdimacs,55,114
./benchmark_tests/original/Biere/adder_3_4/pec_adder_3_bit_4_14.dqdimacs,56,116
./benchmark_tests/original/Biere/adder_3_4/pec_adder_3_bit_4_14.dqdimacs,57,115
./benchmark_tests/original/Biere/adder_3_4/pec_adder_3_bit_4_14.dqdimacs,58,114
./benchmark_tests/original/Biere/adder_3_4/pec_adder_3_bit_4_14.dqdimacs,59,114
./benchmark_tests/original/Biere/adder_3_4/pec_adder_3_bit_4_14.dqdimacs,60,115
./benchmark_tests/original/Biere/adder_3_4/pec_adder_3_bit_4_14.dqdimacs,61,114
./benchmark_tests/original/Biere/adder_3_4/pec_adder_3_bit_4_14.dqdimacs,62,116
./benchmark_tests/original/Biere/adder_3_4/pec_adder_3_bit_4_14.dqdimacs,63,116
./benchmark_tests/original/Biere/adder_3_4/pec_adder_3_bit_4_14.dqdimacs,64,115
./benchmark_tests/original/Biere/adder_3_4/pec_adder_3_bit_4_14.dqdimacs,65,113
./benchmark_tests/original/Biere/adder_3_4/pec_adder_3_bit_4_14.dqdimacs,66,116
./benchmark_tests/original/Biere/adder_3_4/pec_adder_3_bit_4_14.dqdimacs,67,117
./benchmark_tests/original/Biere/adder_3_4/pec_adder_3_bit_4_14.dqdimacs,68,114
./benchmark_tests/original/Biere/adder_3_4/pec_adder_3_bit_4_14.dqdimacs,69,116
./benchmark_tests/original/Biere/adder_3_4/pec_adder_3_bit_4_14.dqdimacs,70,117
./benchmark_tests/original/Biere/adder_3_4/pec_adder_3_bit_4_14.dqdimacs,71,116
./benchmark_tests/original/Biere/adder_3_4/pec_adder_3_bit_4_15.dqdimacs,4,544
./benchmark_tests/original/Biere/adder_3_4/pec_adder_3_bit_4_15.dqdimacs,5,498
./benchmark_tests/original/Biere/adder_3_4/pec_adder_3_bit_4_15.dqdimacs,6,495
./benchmark_tests/original/Biere/adder_3_4/pec_adder_3_bit_4_15.dqdimacs,10,430
./benchmark_tests/original/Biere/adder_3_4/pec_adder_3_bit_4_15.dqdimacs,11,330
./benchmark_tests/original/Biere/adder_3_4/pec_adder_3_bit_4_15.dqdimacs,12,271
./benchmark_tests/original/Biere/adder_3_4/pec_adder_3_bit_4_15.dqdimacs,13,267
./benchmark_tests/original/Biere/adder_3_4/pec_adder_3_bit_4_15.dqdimacs,17,266
./benchmark_tests/original/Biere/adder_3_4/pec_adder_3_bit_4_15.dqdimacs,18,265
./benchmark_tests/original/Biere/adder_3_4/pec_adder_3_bit_4_15.dqdimacs,19,265
./benchmark_tests/original/Biere/adder_3_4/pec_adder_3_bit_4_15.dqdimacs,20,268
./benchmark_tests/original/Biere/adder_3_4/pec_adder_3_bit_4_15.dqdimacs,22,265
./benchmark_tests/original/Biere/adder_3_4/pec_adder_3_bit_4_15.dqdimacs,23,263
./benchmark_tests/original/Biere/adder_3_4/pec_adder_3_bit_4_15.dqdimacs,24,265
./benchmark_tests/original/Biere/adder_3_4/pec_adder_3_bit_4_15.dqdimacs,25,266
./benchmark_tests/original/Biere/adder_3_4/pec_adder_3_bit_4_15.dqdimacs,26,265
./benchmark_tests/original/Biere/adder_3_4/pec_adder_3_bit_4_15.dqdimacs,27,267
./benchmark_tests/original/Biere/adder_3_4/pec_adder_3_bit_4_15.dqdimacs,29,265
./benchmark_tests/original/Biere/adder_3_4/pec_adder_3_bit_4_15.dqdimacs,30,265
./benchmark_tests/original/Biere/adder_3_4/pec_adder_3_bit_4_15.dqdimacs,31,268
./benchmark_tests/original/Biere/adder_3_4/pec_adder_3_bit_4_15.dqdimacs,33,267
./benchmark_tests/original/Biere/adder_3_4/pec_adder_3_bit_4_15.dqdimacs,34,265
./benchmark_tests/original/Biere/adder_3_4/pec_adder_3_bit_4_15.dqdimacs,35,269
./benchmark_tests/original/Biere/adder_3_4/pec_adder_3_bit_4_15.dqdimacs,37,265
./benchmark_tests/original/Biere/adder_3_4/pec_adder_3_bit_4_15.dqdimacs,38,262
./benchmark_tests/original/Biere/adder_3_4/pec_adder_3_bit_4_15.dqdimacs,39,261
./benchmark_tests/original/Biere/adder_3_4/pec_adder_3_bit_4_15.dqdimacs,40,261
./benchmark_tests/original/Biere/adder_3_4/pec_adder_3_bit_4_15.dqdimacs,41,266
./benchmark_tests/original/Biere/adder_3_4/pec_adder_3_bit_4_15.dqdimacs,43,263
./benchmark_tests/original/Biere/adder_3_4/pec_adder_3_bit_4_15.dqdimacs,44,261
./benchmark_tests/original/Biere/adder_3_4/pec_adder_3_bit_4_15.dqdimacs,45,264
./benchmark_tests/original/Biere/adder_3_4/pec_adder_3_bit_4_15.dqdimacs,47,258
./benchmark_tests/original/Biere/adder_3_4/pec_adder_3_bit_4_15.dqdimacs,48,262
./benchmark_tests/original/Biere/adder_3_4/pec_adder_3_bit_4_15.dqdimacs,49,266
./benchmark_tests/original/Biere/adder_3_4/pec_adder_3_bit_4_15.dqdimacs,51,261
./benchmark_tests/original/Biere/adder_3_4/pec_adder_3_bit_4_15.dqdimacs,52,263
./benchmark_tests/original/Biere/adder_3_4/pec_adder_3_bit_4_15.dqdimacs,53,263
./benchmark_tests/original/Biere/adder_3_4/pec_adder_3_bit_4_15.dqdimacs,54,262
./benchmark_tests/original/Biere/adder_3_4/pec_adder_3_bit_4_15.dqdimacs,55,265
./benchmark_tests/original/Biere/adder_3_4/pec_adder_3_bit_4_15.dqdimacs,57,262
./benchmark_tests/original/Biere/adder_3_4/pec_adder_3_bit_4_15.dqdimacs,58,263
./benchmark_tests/original/Biere/adder_3_4/pec_adder_3_bit_4_15.dqdimacs,59,265
./benchmark_tests/original/Biere/adder_3_4/pec_adder_3_bit_4_15.dqdimacs,61,262
./benchmark_tests/original/Biere/adder_3_4/pec_adder_3_bit_4_15.dqdimacs,62,261
./benchmark_tests/original/Biere/adder_3_4/pec_adder_3_bit_4_15.dqdimacs,63,265
./benchmark_tests/original/Biere/adder_3_4/pec_adder_3_bit_4_15.dqdimacs,64,262
./benchmark_tests/original/Biere/adder_3_4/pec_adder_3_bit_4_15.dqdimacs,65,262
./benchmark_tests/original/Biere/adder_3_4/pec_adder_3_bit_4_15.dqdimacs,66,262
./benchmark_tests/original/Biere/adder_3_4/pec_adder_3_bit_4_15.dqdimacs,67,261
./benchmark_tests/original/Biere/adder_3_4/pec_adder_3_bit_4_15.dqdimacs,68,261
./benchmark_tests/original/Biere/adder_3_4/pec_adder_3_bit_4_15.dqdimacs,69,261
./benchmark_tests/original/Biere/adder_3_4/pec_adder_3_bit_4_15.dqdimacs,70,260
./benchmark_tests/original/Biere/adder_3_4/pec_adder_3_bit_4_15.dqdimacs,71,260
./benchmark_tests/original/Biere/adder_3_4/pec_adder_3_bit_4_15.dqdimacs,72,260
./benchmark_tests/original/Biere/adder_3_4/pec_adder_3_bit_4_15.dqdimacs,73,262
./benchmark_tests/original/Biere/adder_3_4/pec_adder_3_bit_4_15.dqdimacs,74,261
./benchmark_tests/original/Biere/adder_3_4/pec_adder_3_bit_4_15.dqdimacs,75,259
./benchmark_tests/original/Biere/adder_3_4/pec_adder_3_bit_4_15.dqdimacs,76,260
./benchmark_tests/original/Biere/adder_3_4/pec_adder_3_bit_4_15.dqdimacs,77,260
./benchmark_tests/original/Biere/adder_3_4/pec_adder_3_bit_4_15.dqdimacs,78,261
./benchmark_tests/original/Biere/adder_3_4/pec_adder_3_bit_4_15.dqdimacs,79,259
./benchmark_tests/original/Biere/adder_3_4/pec_adder_3_bit_4_15.dqdimacs,80,260
./benchmark_tests/original/Biere/adder_3_4/pec_adder_3_bit_4_15.dqdimacs,81,260
./benchmark_tests/original/Biere/adder_3_4/pec_adder_3_bit_4_15.dqdimacs,82,264
./benchmark_tests/original/Biere/adder_3_4/pec_adder_3_bit_4_15.dqdimacs,83,263
./benchmark_tests/original/Biere/adder_3_4/pec_adder_3_bit_4_16.dqdimacs,4,266
./benchmark_tests/original/Biere/adder_3_4/pec_adder_3_bit_4_16.dqdimacs,5,215
./benchmark_tests/original/Biere/adder_3_4/pec_adder_3_bit_4_16.dqdimacs,6,218
./benchmark_tests/original/Biere/adder_3_4/pec_adder_3_bit_4_16.dqdimacs,10,218
./benchmark_tests/original/Biere/adder_3_4/pec_adder_3_bit_4_16.dqdimacs,11,218
./benchmark_tests/original/Biere/adder_3_4/pec_adder_3_bit_4_16.dqdimacs,12,217
./benchmark_tests/original/Biere/adder_3_4/pec_adder_3_bit_4_16.dqdimacs,13,213
./benchmark_tests/original/Biere/adder_3_4/pec_adder_3_bit_4_16.dqdimacs,17,194
./benchmark_tests/original/Biere/adder_3_4/pec_adder_3_bit_4_16.dqdimacs,18,176
./benchmark_tests/original/Biere/adder_3_4/pec_adder_3_bit_4_16.dqdimacs,19,157
./benchmark_tests/original/Biere/adder_3_4/pec_adder_3_bit_4_16.dqdimacs,20,140
./benchmark_tests/original/Biere/adder_3_4/pec_adder_3_bit_4_16.dqdimacs,22,111
./benchmark_tests/original/Biere/adder_3_4/pec_adder_3_bit_4_16.dqdimacs,23,105
./benchmark_tests/original/Biere/adder_3_4/pec_adder_3_bit_4_16.dqdimacs,24,103
./benchmark_tests/original/Biere/adder_3_4/pec_adder_3_bit_4_16.dqdimacs,25,103
./benchmark_tests/original/Biere/adder_3_4/pec_adder_3_bit_4_16.dqdimacs,26,103
./benchmark_tests/original/Biere/adder_3_4/pec_adder_3_bit_4_16.dqdimacs,27,105
./benchmark_tests/original/Biere/adder_3_4/pec_adder_3_bit_4_16.dqdimacs,29,103
./benchmark_tests/original/Biere/adder_3_4/pec_adder_3_bit_4_16.dqdimacs,30,103
./benchmark_tests/original/Biere/adder_3_4/pec_adder_3_bit_4_16.dqdimacs,31,102
./benchmark_tests/original/Biere/adder_3_4/pec_adder_3_bit_4_16.dqdimacs,32,104
./benchmark_tests/original/Biere/adder_3_4/pec_adder_3_bit_4_16.dqdimacs,34,103
./benchmark_tests/original/Biere/adder_3_4/pec_adder_3_bit_4_16.dqdimacs,35,102
./benchmark_tests/original/Biere/adder_3_4/pec_adder_3_bit_4_16.dqdimacs,36,103
./benchmark_tests/original/Biere/adder_3_4/pec_adder_3_bit_4_16.dqdimacs,38,103
./benchmark_tests/original/Biere/adder_3_4/pec_adder_3_bit_4_16.dqdimacs,39,103
./benchmark_tests/original/Biere/adder_3_4/pec_adder_3_bit_4_16.dqdimacs,40,104
./benchmark_tests/original/Biere/adder_3_4/pec_adder_3_bit_4_16.dqdimacs,42,110
./benchmark_tests/original/Biere/adder_3_4/pec_adder_3_bit_4_16.dqdimacs,43,116
./benchmark_tests/original/Biere/adder_3_4/pec_adder_3_bit_4_16.dqdimacs,44,117
./benchmark_tests/original/Biere/adder_3_4/pec_adder_3_bit_4_16.dqdimacs,46,114
./benchmark_tests/original/Biere/adder_3_4/pec_adder_3_bit_4_16.dqdimacs,47,115
./benchmark_tests/original/Biere/adder_3_4/pec_adder_3_bit_4_16.dqdimacs,48,117
./benchmark_tests/original/Biere/adder_3_4/pec_adder_3_bit_4_16.dqdimacs,50,114
./benchmark_tests/original/Biere/adder_3_4/pec_adder_3_bit_4_16.dqdimacs,51,116
./benchmark_tests/original/Biere/adder_3_4/pec_adder_3_bit_4_16.dqdimacs,52,117
./benchmark_tests/original/Biere/adder_3_4/pec_adder_3_bit_4_16.dqdimacs,54,115
./benchmark_tests/original/Biere/adder_3_4/pec_adder_3_bit_4_16.dqdimacs,55,115
./benchmark_tests/original/Biere/adder_3_4/pec_adder_3_bit_4_16.dqdimacs,56,115
./benchmark_tests/original/Biere/adder_3_4/pec_adder_3_bit_4_16.dqdimacs,57,114
./benchmark_tests/original/Biere/adder_3_4/pec_adder_3_bit_4_16.dqdimacs,58,116
./benchmark_tests/original/Biere/adder_3_4/pec_adder_3_bit_4_16.dqdimacs,60,116
./benchmark_tests/original/Biere/adder_3_4/pec_adder_3_bit_4_16.dqdimacs,61,115
./benchmark_tests/original/Biere/adder_3_4/pec_adder_3_bit_4_16.dqdimacs,62,116
./benchmark_tests/original/Biere/adder_3_4/pec_adder_3_bit_4_16.dqdimacs,64,114
./benchmark_tests/original/Biere/adder_3_4/pec_adder_3_bit_4_16.dqdimacs,65,116
./benchmark_tests/original/Biere/adder_3_4/pec_adder_3_bit_4_16.dqdimacs,66,116
./benchmark_tests/original/Biere/adder_3_4/pec_adder_3_bit_4_16.dqdimacs,67,114
./benchmark_tests/original/Biere/adder_3_4/pec_adder_3_bit_4_16.dqdimacs,68,115
./benchmark_tests/original/Biere/adder_3_4/pec_adder_3_bit_4_16.dqdimacs,69,115
./benchmark_tests/original/Biere/adder_3_4/pec_adder_3_bit_4_16.dqdimacs,70,115
./benchmark_tests/original/Biere/adder_3_4/pec_adder_3_bit_4_16.dqdimacs,71,115
./benchmark_tests/original/Biere/adder_3_4/pec_adder_3_bit_4_16.dqdimacs,72,116
./benchmark_tests/original/Biere/adder_3_4/pec_adder_3_bit_4_16.dqdimacs,73,116
./benchmark_tests/original/Biere/adder_3_4/pec_adder_3_bit_4_16.dqdimacs,74,115
./benchmark_tests/original/Biere/adder_3_4/pec_adder_3_bit_4_16.dqdimacs,75,116
./benchmark_tests/original/Biere/adder_3_4/pec_adder_3_bit_4_16.dqdimacs,76,116
./benchmark_tests/original/Biere/adder_3_4/pec_adder_3_bit_4_16.dqdimacs,77,115
./benchmark_tests/original/Biere/adder_3_4/pec_adder_3_bit_4_16.dqdimacs,78,115
./benchmark_tests/original/Biere/adder_3_4/pec_adder_3_bit_4_16.dqdimacs,79,114
./benchmark_tests/original/Biere/adder_3_4/pec_adder_3_bit_4_16.dqdimacs,80,114
./benchmark_tests/original/Biere/adder_3_4/pec_adder_3_bit_4_16.dqdimacs,81,115
./benchmark_tests/original/Biere/adder_3_4/pec_adder_3_bit_4_16.dqdimacs,82,117
./benchmark_tests/original/Biere/adder_3_4/pec_adder_3_bit_4_16.dqdimacs,83,116
./benchmark_tests/original/Biere/adder_3_4/pec_adder_3_bit_4_16.dqdimacs,84,115
./benchmark_tests/original/Biere/adder_3_4/pec_adder_3_bit_4_16.dqdimacs,85,115
./benchmark_tests/original/Biere/adder_3_4/pec_adder_3_bit_4_17.dqdimacs,4,442
./benchmark_tests/original/Biere/adder_3_4/pec_adder_3_bit_4_17.dqdimacs,5,398
./benchmark_tests/original/Biere/adder_3_4/pec_adder_3_bit_4_17.dqdimacs,6,392
./benchmark_tests/original/Biere/adder_3_4/pec_adder_3_bit_4_17.dqdimacs,10,367
./benchmark_tests/original/Biere/adder_3_4/pec_adder_3_bit_4_17.dqdimacs,11,319
./benchmark_tests/original/Biere/adder_3_4/pec_adder_3_bit_4_17.dqdimacs,12,261
./benchmark_tests/original/Biere/adder_3_4/pec_adder_3_bit_4_17.dqdimacs,13,218
./benchmark_tests/original/Biere/adder_3_4/pec_adder_3_bit_4_17.dqdimacs,17,199
./benchmark_tests/original/Biere/adder_3_4/pec_adder_3_bit_4_17.dqdimacs,18,199
./benchmark_tests/original/Biere/adder_3_4/pec_adder_3_bit_4_17.dqdimacs,19,199
./benchmark_tests/original/Biere/adder_3_4/pec_adder_3_bit_4_17.dqdimacs,20,198
./benchmark_tests/original/Biere/adder_3_4/pec_adder_3_bit_4_17.dqdimacs,22,197
./benchmark_tests/original/Biere/adder_3_4/pec_adder_3_bit_4_17.dqdimacs,23,197
./benchmark_tests/original/Biere/adder_3_4/pec_adder_3_bit_4_17.dqdimacs,24,198
./benchmark_tests/original/Biere/adder_3_4/pec_adder_3_bit_4_17.dqdimacs,25,197
./benchmark_tests/original/Biere/adder_3_4/pec_adder_3_bit_4_17.dqdimacs,26,205
./benchmark_tests/original/Biere/adder_3_4/pec_adder_3_bit_4_17.dqdimacs,27,213
./benchmark_tests/original/Biere/adder_3_4/pec_adder_3_bit_4_17.dqdimacs,29,210
./benchmark_tests/original/Biere/adder_3_4/pec_adder_3_bit_4_17.dqdimacs,30,211
./benchmark_tests/original/Biere/adder_3_4/pec_adder_3_bit_4_17.dqdimacs,31,213
./benchmark_tests/original/Biere/adder_3_4/pec_adder_3_bit_4_17.dqdimacs,33,210
./benchmark_tests/original/Biere/adder_3_4/pec_adder_3_bit_4_17.dqdimacs,34,211
./benchmark_tests/original/Biere/adder_3_4/pec_adder_3_bit_4_17.dqdimacs,35,215
./benchmark_tests/original/Biere/adder_3_4/pec_adder_3_bit_4_17.dqdimacs,37,210
./benchmark_tests/original/Biere/adder_3_4/pec_adder_3_bit_4_17.dqdimacs,38,211
./benchmark_tests/original/Biere/adder_3_4/pec_adder_3_bit_4_17.dqdimacs,39,213
./benchmark_tests/original/Biere/adder_3_4/pec_adder_3_bit_4_17.dqdimacs,41,209
./benchmark_tests/original/Biere/adder_3_4/pec_adder_3_bit_4_17.dqdimacs,42,210
./benchmark_tests/original/Biere/adder_3_4/pec_adder_3_bit_4_17.dqdimacs,43,213
./benchmark_tests/original/Biere/adder_3_4/pec_adder_3_bit_4_17.dqdimacs,45,210
./benchmark_tests/original/Biere/adder_3_4/pec_adder_3_bit_4_17.dqdimacs,46,210
./benchmark_tests/original/Biere/adder_3_4/pec_adder_3_bit_4_17.dqdimacs,47,213
./benchmark_tests/original/Biere/adder_3_4/pec_adder_3_bit_4_17.dqdimacs,49,210
./benchmark_tests/original/Biere/adder_3_4/pec_adder_3_bit_4_17.dqdimacs,50,210
./benchmark_tests/original/Biere/adder_3_4/pec_adder_3_bit_4_17.dqdimacs,51,210
./benchmark_tests/original/Biere/adder_3_4/pec_adder_3_bit_4_17.dqdimacs,52,213
./benchmark_tests/original/Biere/adder_3_4/pec_adder_3_bit_4_17.dqdimacs,54,210
./benchmark_tests/original/Biere/adder_3_4/pec_adder_3_bit_4_17.dqdimacs,55,210
./benchmark_tests/original/Biere/adder_3_4/pec_adder_3_bit_4_17.dqdimacs,56,214
./benchmark_tests/original/Biere/adder_3_4/pec_adder_3_bit_4_17.dqdimacs,58,210
./benchmark_tests/original/Biere/adder_3_4/pec_adder_3_bit_4_17.dqdimacs,59,210
./benchmark_tests/original/Biere/adder_3_4/pec_adder_3_bit_4_17.dqdimacs,60,215
./benchmark_tests/original/Biere/adder_3_4/pec_adder_3_bit_4_17.dqdimacs,62,211
./benchmark_tests/original/Biere/adder_3_4/pec_adder_3_bit_4_17.dqdimacs,63,210
./benchmark_tests/original/Biere/adder_3_4/pec_adder_3_bit_4_17.dqdimacs,64,212
./benchmark_tests/original/Biere/adder_3_4/pec_adder_3_bit_4_17.dqdimacs,65,213
./benchmark_tests/original/Biere/adder_3_4/pec_adder_3_bit_4_17.dqdimacs,67,212
./benchmark_tests/original/Biere/adder_3_4/pec_adder_3_bit_4_17.dqdimacs,68,212
./benchmark_tests/original/Biere/adder_3_4/pec_adder_3_bit_4_17.dqdimacs,69,212
./benchmark_tests/original/Biere/adder_3_4/pec_adder_3_bit_4_17.dqdimacs,70,214
./benchmark_tests/original/Biere/adder_3_4/pec_adder_3_bit_4_17.dqdimacs,72,212
./benchmark_tests/original/Biere/adder_3_4/pec_adder_3_bit_4_17.dqdimacs,73,213
./benchmark_tests/original/Biere/adder_3_4/pec_adder_3_bit_4_17.dqdimacs,74,212
./benchmark_tests/original/Biere/adder_3_4/pec_adder_3_bit_4_17.dqdimacs,75,212
./benchmark_tests/original/Biere/adder_3_4/pec_adder_3_bit_4_17.dqdimacs,76,213
./benchmark_tests/original/Biere/adder_3_4/pec_adder_3_bit_4_17.dqdimacs,77,211
./benchmark_tests/original/Biere/adder_3_4/pec_adder_3_bit_4_17.dqdimacs,78,212
./benchmark_tests/original/Biere/adder_3_4/pec_adder_3_bit_4_17.dqdimacs,79,213
./benchmark_tests/original/Biere/adder_3_4/pec_adder_3_bit_4_17.dqdimacs,80,211
./benchmark_tests/original/Biere/adder_3_4/pec_adder_3_bit_4_17.dqdimacs,81,211
./benchmark_tests/original/Biere/adder_3_4/pec_adder_3_bit_4_17.dqdimacs,82,210
./benchmark_tests/original/Biere/adder_3_4/pec_adder_3_bit_4_17.dqdimacs,83,210
./benchmark_tests/original/Biere/adder_3_4/pec_adder_3_bit_4_17.dqdimacs,84,211
./benchmark_tests/original/Biere/adder_3_4/pec_adder_3_bit_4_17.dqdimacs,85,210
./benchmark_tests/original/Biere/adder_3_4/pec_adder_3_bit_4_17.dqdimacs,86,210
./benchmark_tests/original/Biere/adder_3_4/pec_adder_3_bit_4_17.dqdimacs,87,210
./benchmark_tests/original/Biere/adder_3_4/pec_adder_3_bit_4_17.dqdimacs,88,210
./benchmark_tests/original/Biere/adder_3_4/pec_adder_3_bit_4_17.dqdimacs,89,211
./benchmark_tests/original/Biere/adder_3_4/pec_adder_3_bit_4_17.dqdimacs,90,211
./benchmark_tests/original/Biere/adder_3_4/pec_adder_3_bit_4_17.dqdimacs,91,209
./benchmark_tests/original/Biere/adder_3_4/pec_adder_3_bit_4_17.dqdimacs,92,210
./benchmark_tests/original/Biere/adder_3_4/pec_adder_3_bit_4_17.dqdimacs,93,210
./benchmark_tests/original/Biere/adder_3_4/pec_adder_3_bit_4_18.dqdimacs,4,305
./benchmark_tests/original/Biere/adder_3_4/pec_adder_3_bit_4_18.dqdimacs,5,261
./benchmark_tests/original/Biere/adder_3_4/pec_adder_3_bit_4_18.dqdimacs,6,261
./benchmark_tests/original/Biere/adder_3_4/pec_adder_3_bit_4_18.dqdimacs,10,262
./benchmark_tests/original/Biere/adder_3_4/pec_adder_3_bit_4_18.dqdimacs,11,261
./benchmark_tests/original/Biere/adder_3_4/pec_adder_3_bit_4_18.dqdimacs,12,255
./benchmark_tests/original/Biere/adder_3_4/pec_adder_3_bit_4_18.dqdimacs,13,228
./benchmark_tests/original/Biere/adder_3_4/pec_adder_3_bit_4_18.dqdimacs,17,198
./benchmark_tests/original/Biere/adder_3_4/pec_adder_3_bit_4_18.dqdimacs,18,173
./benchmark_tests/original/Biere/adder_3_4/pec_adder_3_bit_4_18.dqdimacs,19,153
./benchmark_tests/original/Biere/adder_3_4/pec_adder_3_bit_4_18.dqdimacs,20,142
./benchmark_tests/original/Biere/adder_3_4/pec_adder_3_bit_4_18.dqdimacs,22,139
./benchmark_tests/original/Biere/adder_3_4/pec_adder_3_bit_4_18.dqdimacs,23,138
./benchmark_tests/original/Biere/adder_3_4/pec_adder_3_bit_4_18.dqdimacs,24,138
./benchmark_tests/original/Biere/adder_3_4/pec_adder_3_bit_4_18.dqdimacs,25,137
./benchmark_tests/original/Biere/adder_3_4/pec_adder_3_bit_4_18.dqdimacs,26,138
./benchmark_tests/original/Biere/adder_3_4/pec_adder_3_bit_4_18.dqdimacs,27,139
./benchmark_tests/original/Biere/adder_3_4/pec_adder_3_bit_4_18.dqdimacs,29,138
./benchmark_tests/original/Biere/adder_3_4/pec_adder_3_bit_4_18.dqdimacs,30,138
./benchmark_tests/original/Biere/adder_3_4/pec_adder_3_bit_4_18.dqdimacs,31,139
./benchmark_tests/original/Biere/adder_3_4/pec_adder_3_bit_4_18.dqdimacs,33,138
./benchmark_tests/original/Biere/adder_3_4/pec_adder_3_bit_4_18.dqdimacs,34,137
./benchmark_tests/original/Biere/adder_3_4/pec_adder_3_bit_4_18.dqdimacs,35,141
./benchmark_tests/original/Biere/adder_3_4/pec_adder_3_bit_4_18.dqdimacs,37,138
./benchmark_tests/original/Biere/adder_3_4/pec_adder_3_bit_4_18.dqdimacs,38,136
./benchmark_tests/original/Biere/adder_3_4/pec_adder_3_bit_4_18.dqdimacs,39,138
./benchmark_tests/original/Biere/adder_3_4/pec_adder_3_bit_4_18.dqdimacs,40,138
./benchmark_tests/original/Biere/adder_3_4/pec_adder_3_bit_4_18.dqdimacs,41,141
./benchmark_tests/original/Biere/adder_3_4/pec_adder_3_bit_4_18.dqdimacs,43,136
./benchmark_tests/original/Biere/adder_3_4/pec_adder_3_bit_4_18.dqdimacs,44,137
./benchmark_tests/original/Biere/adder_3_4/pec_adder_3_bit_4_18.dqdimacs,45,141
./benchmark_tests/original/Biere/adder_3_4/pec_adder_3_bit_4_18.dqdimacs,47,138
./benchmark_tests/original/Biere/adder_3_4/pec_adder_3_bit_4_18.dqdimacs,48,137
./benchmark_tests/original/Biere/adder_3_4/pec_adder_3_bit_4_18.dqdimacs,49,137
./benchmark_tests/original/Biere/adder_3_4/pec_adder_3_bit_4_18.dqdimacs,50,140
./benchmark_tests/original/Biere/adder_3_4/pec_adder_3_bit_4_18.dqdimacs,52,138
./benchmark_tests/original/Biere/adder_3_4/pec_adder_3_bit_4_18.dqdimacs,53,138
./benchmark_tests/original/Biere/adder_3_4/pec_adder_3_bit_4_18.dqdimacs,54,139
./benchmark_tests/original/Biere/adder_3_4/pec_adder_3_bit_4_18.dqdimacs,55,141
./benchmark_tests/original/Biere/adder_3_4/pec_adder_3_bit_4_18.dqdimacs,56,138
./benchmark_tests/original/Biere/adder_3_4/pec_adder_3_bit_4_18.dqdimacs,57,139
./benchmark_tests/original/Biere/adder_3_4/pec_adder_3_bit_4_18.dqdimacs,58,137
./benchmark_tests/original/Biere/adder_3_4/pec_adder_3_bit_4_18.dqdimacs,59,136
./benchmark_tests/original/Biere/adder_3_4/pec_adder_3_bit_4_18.dqdimacs,60,136
./benchmark_tests/original/Biere/adder_3_4/pec_adder_3_bit_4_18.dqdimacs,61,136
./benchmark_tests/original/Biere/adder_3_4/pec_adder_3_bit_4_18.dqdimacs,62,137
./benchmark_tests/original/Biere/adder_3_4/pec_adder_3_bit_4_18.dqdimacs,63,137
./benchmark_tests/original/Biere/adder_3_4/pec_adder_3_bit_4_18.dqdimacs,64,138
./benchmark_tests/original/Biere/adder_3_4/pec_adder_3_bit_4_18.dqdimacs,65,137
./benchmark_tests/original/Biere/adder_3_4/pec_adder_3_bit_4_18.dqdimacs,66,137
./benchmark_tests/original/Biere/adder_3_4/pec_adder_3_bit_4_18.dqdimacs,67,136
./benchmark_tests/original/Biere/adder_3_4/pec_adder_3_bit_4_18.dqdimacs,68,137
./benchmark_tests/original/Biere/adder_3_4/pec_adder_3_bit_4_18.dqdimacs,69,135
./benchmark_tests/original/Biere/adder_3_4/pec_adder_3_bit_4_18.dqdimacs,70,136
./benchmark_tests/original/Biere/adder_3_4/pec_adder_3_bit_4_18.dqdimacs,71,137
./benchmark_tests/original/Biere/adder_3_4/pec_adder_3_bit_4_18.dqdimacs,72,136
./benchmark_tests/original/Biere/adder_3_4/pec_adder_3_bit_4_18.dqdimacs,73,137
./benchmark_tests/original/Biere/adder_3_4/pec_adder_3_bit_4_18.dqdimacs,74,138
./benchmark_tests/original/Biere/adder_3_4/pec_adder_3_bit_4_19.dqdimacs,4,312
./benchmark_tests/original/Biere/adder_3_4/pec_adder_3_bit_4_19.dqdimacs,5,266
./benchmark_tests/original/Biere/adder_3_4/pec_adder_3_bit_4_19.dqdimacs,6,266
./benchmark_tests/original/Biere/adder_3_4/pec_adder_3_bit_4_19.dqdimacs,10,268
./benchmark_tests/original/Biere/adder_3_4/pec_adder_3_bit_4_19.dqdimacs,11,264
./benchmark_tests/original/Biere/adder_3_4/pec_adder_3_bit_4_19.dqdimacs,12,263
./benchmark_tests/original/Biere/adder_3_4/pec_adder_3_bit_4_19.dqdimacs,13,242
./benchmark_tests/original/Biere/adder_3_4/pec_adder_3_bit_4_19.dqdimacs,17,213
./benchmark_tests/original/Biere/adder_3_4/pec_adder_3_bit_4_19.dqdimacs,18,184
./benchmark_tests/original/Biere/adder_3_4/pec_adder_3_bit_4_19.dqdimacs,19,162
./benchmark_tests/original/Biere/adder_3_4/pec_adder_3_bit_4_19.dqdimacs,20,146
./benchmark_tests/original/Biere/adder_3_4/pec_adder_3_bit_4_19.dqdimacs,22,142
./benchmark_tests/original/Biere/adder_3_4/pec_adder_3_bit_4_19.dqdimacs,23,142
./benchmark_tests/original/Biere/adder_3_4/pec_adder_3_bit_4_19.dqdimacs,24,143
./benchmark_tests/original/Biere/adder_3_4/pec_adder_3_bit_4_19.dqdimacs,25,143
./benchmark_tests/original/Biere/adder_3_4/pec_adder_3_bit_4_19.dqdimacs,26,143
./benchmark_tests/original/Biere/adder_3_4/pec_adder_3_bit_4_19.dqdimacs,27,143
./benchmark_tests/original/Biere/adder_3_4/pec_adder_3_bit_4_19.dqdimacs,29,142
./benchmark_tests/original/Biere/adder_3_4/pec_adder_3_bit_4_19.dqdimacs,30,143
./benchmark_tests/original/Biere/adder_3_4/pec_adder_3_bit_4_19.dqdimacs,31,145
./benchmark_tests/original/Biere/adder_3_4/pec_adder_3_bit_4_19.dqdimacs,33,142
./benchmark_tests/original/Biere/adder_3_4/pec_adder_3_bit_4_19.dqdimacs,34,142
./benchmark_tests/original/Biere/adder_3_4/pec_adder_3_bit_4_19.dqdimacs,35,144
./benchmark_tests/original/Biere/adder_3_4/pec_adder_3_bit_4_19.dqdimacs,37,142
./benchmark_tests/original/Biere/adder_3_4/pec_adder_3_bit_4_19.dqdimacs,38,143
./benchmark_tests/original/Biere/adder_3_4/pec_adder_3_bit_4_19.dqdimacs,39,144
./benchmark_tests/original/Biere/adder_3_4/pec_adder_3_bit_4_19.dqdimacs,41,142
./benchmark_tests/original/Biere/adder_3_4/pec_adder_3_bit_4_19.dqdimacs,42,142
./benchmark_tests/original/Biere/adder_3_4/pec_adder_3_bit_4_19.dqdimacs,43,142
./benchmark_tests/original/Biere/adder_3_4/pec_adder_3_bit_4_19.dqdimacs,44,141
./benchmark_tests/original/Biere/adder_3_4/pec_adder_3_bit_4_19.dqdimacs,45,145
./benchmark_tests/original/Biere/adder_3_4/pec_adder_3_bit_4_19.dqdimacs,47,142
./benchmark_tests/original/Biere/adder_3_4/pec_adder_3_bit_4_19.dqdimacs,48,143
./benchmark_tests/original/Biere/adder_3_4/pec_adder_3_bit_4_19.dqdimacs,49,143
./benchmark_tests/original/Biere/adder_3_4/pec_adder_3_bit_4_19.dqdimacs,50,145
./benchmark_tests/original/Biere/adder_3_4/pec_adder_3_bit_4_19.dqdimacs,52,143
./benchmark_tests/original/Biere/adder_3_4/pec_adder_3_bit_4_19.dqdimacs,53,142
./benchmark_tests/original/Biere/adder_3_4/pec_adder_3_bit_4_19.dqdimacs,54,142
./benchmark_tests/original/Biere/adder_3_4/pec_adder_3_bit_4_19.dqdimacs,55,144
./benchmark_tests/original/Biere/adder_3_4/pec_adder_3_bit_4_19.dqdimacs,56,143
./benchmark_tests/original/Biere/adder_3_4/pec_adder_3_bit_4_19.dqdimacs,57,143
./benchmark_tests/original/Biere/adder_3_4/pec_adder_3_bit_4_19.dqdimacs,58,141
./benchmark_tests/original/Biere/adder_3_4/pec_adder_3_bit_4_19.dqdimacs,59,142
./benchmark_tests/original/Biere/adder_3_4/pec_adder_3_bit_4_19.dqdimacs,60,141
./benchmark_tests/original/Biere/adder_3_4/pec_adder_3_bit_4_19.dqdimacs,61,143
./benchmark_tests/original/Biere/adder_3_4/pec_adder_3_bit_4_19.dqdimacs,62,143
./benchmark_tests/original/Biere/adder_3_4/pec_adder_3_bit_4_19.dqdimacs,63,142
./benchmark_tests/original/Biere/adder_3_4/pec_adder_3_bit_4_19.dqdimacs,64,143
./benchmark_tests/original/Biere/adder_3_4/pec_adder_3_bit_4_19.dqdimacs,65,142
./benchmark_tests/original/Biere/adder_3_4/pec_adder_3_bit_4_19.dqdimacs,66,143
./benchmark_tests/original/Biere/adder_3_4/pec_adder_3_bit_4_19.dqdimacs,67,143
./benchmark_tests/original/Biere/adder_3_4/pec_adder_3_bit_4_19.dqdimacs,68,143
./benchmark_tests/original/Biere/adder_3_4/pec_adder_3_bit_4_19.dqdimacs,69,142
./benchmark_tests/original/Biere/adder_3_4/pec_adder_3_bit_4_19.dqdimacs,70,144
./benchmark_tests/original/Biere/adder_3_4/pec_adder_3_bit_4_19.dqdimacs,71,142
./benchmark_tests/original/Biere/adder_3_4/pec_adder_3_bit_4_19.dqdimacs,72,144
./benchmark_tests/original/Biere/adder_3_4/pec_adder_3_bit_4_19.dqdimacs,73,144
./benchmark_tests/original/Biere/adder_3_4/pec_adder_3_bit_4_19.dqdimacs,74,143
./benchmark_tests/original/Biere/adder_3_4/pec_adder_3_bit_4_1.dqdimacs,4,313
./benchmark_tests/original/Biere/adder_3_4/pec_adder_3_bit_4_1.dqdimacs,5,266
./benchmark_tests/original/Biere/adder_3_4/pec_adder_3_bit_4_1.dqdimacs,6,267
./benchmark_tests/original/Biere/adder_3_4/pec_adder_3_bit_4_1.dqdimacs,10,265
./benchmark_tests/original/Biere/adder_3_4/pec_adder_3_bit_4_1.dqdimacs,11,266
./benchmark_tests/original/Biere/adder_3_4/pec_adder_3_bit_4_1.dqdimacs,12,258
./benchmark_tests/original/Biere/adder_3_4/pec_adder_3_bit_4_1.dqdimacs,13,227
./benchmark_tests/original/Biere/adder_3_4/pec_adder_3_bit_4_1.dqdimacs,17,181
./benchmark_tests/original/Biere/adder_3_4/pec_adder_3_bit_4_1.dqdimacs,18,160
./benchmark_tests/original/Biere/adder_3_4/pec_adder_3_bit_4_1.dqdimacs,19,143
./benchmark_tests/original/Biere/adder_3_4/pec_adder_3_bit_4_1.dqdimacs,20,132
./benchmark_tests/original/Biere/adder_3_4/pec_adder_3_bit_4_1.dqdimacs,22,129
./benchmark_tests/original/Biere/adder_3_4/pec_adder_3_bit_4_1.dqdimacs,23,129
./benchmark_tests/original/Biere/adder_3_4/pec_adder_3_bit_4_1.dqdimacs,24,129
./benchmark_tests/original/Biere/adder_3_4/pec_adder_3_bit_4_1.dqdimacs,25,129
./benchmark_tests/original/Biere/adder_3_4/pec_adder_3_bit_4_1.dqdimacs,26,135
./benchmark_tests/original/Biere/adder_3_4/pec_adder_3_bit_4_1.dqdimacs,27,142
./benchmark_tests/original/Biere/adder_3_4/pec_adder_3_bit_4_1.dqdimacs,29,140
./benchmark_tests/original/Biere/adder_3_4/pec_adder_3_bit_4_1.dqdimacs,30,140
./benchmark_tests/original/Biere/adder_3_4/pec_adder_3_bit_4_1.dqdimacs,31,143
./benchmark_tests/original/Biere/adder_3_4/pec_adder_3_bit_4_1.dqdimacs,33,141
./benchmark_tests/original/Biere/adder_3_4/pec_adder_3_bit_4_1.dqdimacs,34,141
./benchmark_tests/original/Biere/adder_3_4/pec_adder_3_bit_4_1.dqdimacs,35,141
./benchmark_tests/original/Biere/adder_3_4/pec_adder_3_bit_4_1.dqdimacs,36,141
./benchmark_tests/original/Biere/adder_3_4/pec_adder_3_bit_4_1.dqdimacs,37,142
./benchmark_tests/original/Biere/adder_3_4/pec_adder_3_bit_4_1.dqdimacs,39,140
./benchmark_tests/original/Biere/adder_3_4/pec_adder_3_bit_4_1.dqdimacs,40,141
./benchmark_tests/original/Biere/adder_3_4/pec_adder_3_bit_4_1.dqdimacs,41,142
./benchmark_tests/original/Biere/adder_3_4/pec_adder_3_bit_4_1.dqdimacs,43,139
./benchmark_tests/original/Biere/adder_3_4/pec_adder_3_bit_4_1.dqdimacs,44,139
./benchmark_tests/original/Biere/adder_3_4/pec_adder_3_bit_4_1.dqdimacs,45,139
./benchmark_tests/original/Biere/adder_3_4/pec_adder_3_bit_4_1.dqdimacs,46,142
./benchmark_tests/original/Biere/adder_3_4/pec_adder_3_bit_4_1.dqdimacs,48,140
./benchmark_tests/original/Biere/adder_3_4/pec_adder_3_bit_4_1.dqdimacs,49,139
./benchmark_tests/original/Biere/adder_3_4/pec_adder_3_bit_4_1.dqdimacs,50,142
./benchmark_tests/original/Biere/adder_3_4/pec_adder_3_bit_4_1.dqdimacs,52,140
./benchmark_tests/original/Biere/adder_3_4/pec_adder_3_bit_4_1.dqdimacs,53,140
./benchmark_tests/original/Biere/adder_3_4/pec_adder_3_bit_4_1.dqdimacs,54,140
./benchmark_tests/original/Biere/adder_3_4/pec_adder_3_bit_4_1.dqdimacs,55,142
./benchmark_tests/original/Biere/adder_3_4/pec_adder_3_bit_4_1.dqdimacs,57,140
./benchmark_tests/original/Biere/adder_3_4/pec_adder_3_bit_4_1.dqdimacs,58,140
./benchmark_tests/original/Biere/adder_3_4/pec_adder_3_bit_4_1.dqdimacs,59,142
./benchmark_tests/original/Biere/adder_3_4/pec_adder_3_bit_4_1.dqdimacs,61,140
./benchmark_tests/original/Biere/adder_3_4/pec_adder_3_bit_4_1.dqdimacs,62,139
./benchmark_tests/original/Biere/adder_3_4/pec_adder_3_bit_4_1.dqdimacs,63,140
./benchmark_tests/original/Biere/adder_3_4/pec_adder_3_bit_4_1.dqdimacs,64,142
./benchmark_tests/original/Biere/adder_3_4/pec_adder_3_bit_4_1.dqdimacs,65,140
./benchmark_tests/original/Biere/adder_3_4/pec_adder_3_bit_4_1.dqdimacs,66,139
./benchmark_tests/original/Biere/adder_3_4/pec_adder_3_bit_4_1.dqdimacs,67,140
./benchmark_tests/original/Biere/adder_3_4/pec_adder_3_bit_4_1.dqdimacs,68,140
./benchmark_tests/original/Biere/adder_3_4/pec_adder_3_bit_4_1.dqdimacs,69,141
./benchmark_tests/original/Biere/adder_3_4/pec_adder_3_bit_4_1.dqdimacs,70,140
./benchmark_tests/original/Biere/adder_3_4/pec_adder_3_bit_4_1.dqdimacs,71,140
./benchmark_tests/original/Biere/adder_3_4/pec_adder_3_bit_4_1.dqdimacs,72,141
./benchmark_tests/original/Biere/adder_3_4/pec_adder_3_bit_4_1.dqdimacs,73,140
./benchmark_tests/original/Biere/adder_3_4/pec_adder_3_bit_4_1.dqdimacs,74,139
./benchmark_tests/original/Biere/adder_3_4/pec_adder_3_bit_4_1.dqdimacs,75,140
./benchmark_tests/original/Biere/adder_3_4/pec_adder_3_bit_4_1.dqdimacs,76,141
./benchmark_tests/original/Biere/adder_3_4/pec_adder_3_bit_4_1.dqdimacs,77,141
./benchmark_tests/original/Biere/adder_3_4/pec_adder_3_bit_4_1.dqdimacs,78,140
./benchmark_tests/original/Biere/adder_3_4/pec_adder_3_bit_4_1.dqdimacs,79,140
./benchmark_tests/original/Biere/adder_3_4/pec_adder_3_bit_4_1.dqdimacs,80,139
./benchmark_tests/original/Biere/adder_3_4/pec_adder_3_bit_4_1.dqdimacs,81,141
./benchmark_tests/original/Biere/adder_3_4/pec_adder_3_bit_4_1.dqdimacs,82,140
./benchmark_tests/original/Biere/adder_3_4/pec_adder_3_bit_4_20.dqdimacs,4,306
./benchmark_tests/original/Biere/adder_3_4/pec_adder_3_bit_4_20.dqdimacs,5,259
./benchmark_tests/original/Biere/adder_3_4/pec_adder_3_bit_4_20.dqdimacs,6,257
./benchmark_tests/original/Biere/adder_3_4/pec_adder_3_bit_4_20.dqdimacs,10,258
./benchmark_tests/original/Biere/adder_3_4/pec_adder_3_bit_4_20.dqdimacs,11,258
./benchmark_tests/original/Biere/adder_3_4/pec_adder_3_bit_4_20.dqdimacs,12,255
./benchmark_tests/original/Biere/adder_3_4/pec_adder_3_bit_4_20.dqdimacs,13,231
./benchmark_tests/original/Biere/adder_3_4/pec_adder_3_bit_4_20.dqdimacs,17,201
./benchmark_tests/original/Biere/adder_3_4/pec_adder_3_bit_4_20.dqdimacs,18,172
./benchmark_tests/original/Biere/adder_3_4/pec_adder_3_bit_4_20.dqdimacs,19,153
./benchmark_tests/original/Biere/adder_3_4/pec_adder_3_bit_4_20.dqdimacs,20,139
./benchmark_tests/original/Biere/adder_3_4/pec_adder_3_bit_4_20.dqdimacs,22,137
./benchmark_tests/original/Biere/adder_3_4/pec_adder_3_bit_4_20.dqdimacs,23,137
./benchmark_tests/original/Biere/adder_3_4/pec_adder_3_bit_4_20.dqdimacs,24,136
./benchmark_tests/original/Biere/adder_3_4/pec_adder_3_bit_4_20.dqdimacs,25,137
./benchmark_tests/original/Biere/adder_3_4/pec_adder_3_bit_4_20.dqdimacs,26,138
./benchmark_tests/original/Biere/adder_3_4/pec_adder_3_bit_4_20.dqdimacs,27,139
./benchmark_tests/original/Biere/adder_3_4/pec_adder_3_bit_4_20.dqdimacs,29,137
./benchmark_tests/original/Biere/adder_3_4/pec_adder_3_bit_4_20.dqdimacs,30,137
./benchmark_tests/original/Biere/adder_3_4/pec_adder_3_bit_4_20.dqdimacs,31,137
./benchmark_tests/original/Biere/adder_3_4/pec_adder_3_bit_4_20.dqdimacs,32,138
./benchmark_tests/original/Biere/adder_3_4/pec_adder_3_bit_4_20.dqdimacs,34,137
./benchmark_tests/original/Biere/adder_3_4/pec_adder_3_bit_4_20.dqdimacs,35,139
./benchmark_tests/original/Biere/adder_3_4/pec_adder_3_bit_4_20.dqdimacs,36,139
./benchmark_tests/original/Biere/adder_3_4/pec_adder_3_bit_4_20.dqdimacs,38,137
./benchmark_tests/original/Biere/adder_3_4/pec_adder_3_bit_4_20.dqdimacs,39,138
./benchmark_tests/original/Biere/adder_3_4/pec_adder_3_bit_4_20.dqdimacs,40,138
./benchmark_tests/original/Biere/adder_3_4/pec_adder_3_bit_4_20.dqdimacs,42,138
./benchmark_tests/original/Biere/adder_3_4/pec_adder_3_bit_4_20.dqdimacs,43,137
./benchmark_tests/original/Biere/adder_3_4/pec_adder_3_bit_4_20.dqdimacs,44,138
./benchmark_tests/original/Biere/adder_3_4/pec_adder_3_bit_4_20.dqdimacs,46,138
./benchmark_tests/original/Biere/adder_3_4/pec_adder_3_bit_4_20.dqdimacs,47,138
./benchmark_tests/original/Biere/adder_3_4/pec_adder_3_bit_4_20.dqdimacs,48,139
./benchmark_tests/original/Biere/adder_3_4/pec_adder_3_bit_4_20.dqdimacs,50,137
./benchmark_tests/original/Biere/adder_3_4/pec_adder_3_bit_4_20.dqdimacs,51,138
./benchmark_tests/original/Biere/adder_3_4/pec_adder_3_bit_4_20.dqdimacs,52,140
./benchmark_tests/original/Biere/adder_3_4/pec_adder_3_bit_4_20.dqdimacs,54,137
./benchmark_tests/original/Biere/adder_3_4/pec_adder_3_bit_4_20.dqdimacs,55,137
./benchmark_tests/original/Biere/adder_3_4/pec_adder_3_bit_4_20.dqdimacs,56,137
./benchmark_tests/original/Biere/adder_3_4/pec_adder_3_bit_4_20.dqdimacs,57,138
./benchmark_tests/original/Biere/adder_3_4/pec_adder_3_bit_4_20.dqdimacs,58,139
./benchmark_tests/original/Biere/adder_3_4/pec_adder_3_bit_4_20.dqdimacs,59,137
./benchmark_tests/original/Biere/adder_3_4/pec_adder_3_bit_4_20.dqdimacs,60,137
./benchmark_tests/original/Biere/adder_3_4/pec_adder_3_bit_4_20.dqdimacs,61,136
./benchmark_tests/original/Biere/adder_3_4/pec_adder_3_bit_4_20.dqdimacs,62,136
./benchmark_tests/original/Biere/adder_3_4/pec_adder_3_bit_4_20.dqdimacs,63,137
./benchmark_tests/original/Biere/adder_3_4/pec_adder_3_bit_4_20.dqdimacs,64,138
./benchmark_tests/original/Biere/adder_3_4/pec_adder_3_bit_4_20.dqdimacs,65,137
./benchmark_tests/original/Biere/adder_3_4/pec_adder_3_bit_4_20.dqdimacs,66,137
./benchmark_tests/original/Biere/adder_3_4/pec_adder_3_bit_4_20.dqdimacs,67,137
./benchmark_tests/original/Biere/adder_3_4/pec_adder_3_bit_4_20.dqdimacs,68,137
./benchmark_tests/original/Biere/adder_3_4/pec_adder_3_bit_4_20.dqdimacs,69,139
./benchmark_tests/original/Biere/adder_3_4/pec_adder_3_bit_4_20.dqdimacs,70,138
./benchmark_tests/original/Biere/adder_3_4/pec_adder_3_bit_4_20.dqdimacs,71,137
./benchmark_tests/original/Biere/adder_3_4/pec_adder_3_bit_4_20.dqdimacs,72,138
./benchmark_tests/original/Biere/adder_3_4/pec_adder_3_bit_4_20.dqdimacs,73,138
./benchmark_tests/original/Biere/adder_3_4/pec_adder_3_bit_4_20.dqdimacs,74,139
./benchmark_tests/original/Biere/adder_3_4/pec_adder_3_bit_4_20.dqdimacs,75,139
./benchmark_tests/original/Biere/adder_3_4/pec_adder_3_bit_4_20.dqdimacs,76,138
./benchmark_tests/original/Biere/adder_3_4/pec_adder_3_bit_4_20.dqdimacs,77,138
./benchmark_tests/original/Biere/adder_3_4/pec_adder_3_bit_4_20.dqdimacs,78,137
./benchmark_tests/original/Biere/adder_3_4/pec_adder_3_bit_4_21.dqdimacs,4,247
./benchmark_tests/original/Biere/adder_3_4/pec_adder_3_bit_4_21.dqdimacs,5,199
./benchmark_tests/original/Biere/adder_3_4/pec_adder_3_bit_4_21.dqdimacs,6,198
./benchmark_tests/original/Biere/adder_3_4/pec_adder_3_bit_4_21.dqdimacs,10,199
./benchmark_tests/original/Biere/adder_3_4/pec_adder_3_bit_4_21.dqdimacs,11,199
./benchmark_tests/original/Biere/adder_3_4/pec_adder_3_bit_4_21.dqdimacs,12,199
./benchmark_tests/original/Biere/adder_3_4/pec_adder_3_bit_4_21.dqdimacs,13,200
./benchmark_tests/original/Biere/adder_3_4/pec_adder_3_bit_4_21.dqdimacs,17,192
./benchmark_tests/original/Biere/adder_3_4/pec_adder_3_bit_4_21.dqdimacs,18,176
./benchmark_tests/original/Biere/adder_3_4/pec_adder_3_bit_4_21.dqdimacs,19,158
./benchmark_tests/original/Biere/adder_3_4/pec_adder_3_bit_4_21.dqdimacs,20,142
./benchmark_tests/original/Biere/adder_3_4/pec_adder_3_bit_4_21.dqdimacs,22,127
./benchmark_tests/original/Biere/adder_3_4/pec_adder_3_bit_4_21.dqdimacs,23,116
./benchmark_tests/original/Biere/adder_3_4/pec_adder_3_bit_4_21.dqdimacs,24,109
./benchmark_tests/original/Biere/adder_3_4/pec_adder_3_bit_4_21.dqdimacs,25,107
./benchmark_tests/original/Biere/adder_3_4/pec_adder_3_bit_4_21.dqdimacs,26,107
./benchmark_tests/original/Biere/adder_3_4/pec_adder_3_bit_4_21.dqdimacs,27,108
./benchmark_tests/original/Biere/adder_3_4/pec_adder_3_bit_4_21.dqdimacs,29,106
./benchmark_tests/original/Biere/adder_3_4/pec_adder_3_bit_4_21.dqdimacs,30,107
./benchmark_tests/original/Biere/adder_3_4/pec_adder_3_bit_4_21.dqdimacs,31,106
./benchmark_tests/original/Biere/adder_3_4/pec_adder_3_bit_4_21.dqdimacs,32,108
./benchmark_tests/original/Biere/adder_3_4/pec_adder_3_bit_4_21.dqdimacs,34,107
./benchmark_tests/original/Biere/adder_3_4/pec_adder_3_bit_4_21.dqdimacs,35,107
./benchmark_tests/original/Biere/adder_3_4/pec_adder_3_bit_4_21.dqdimacs,36,107
./benchmark_tests/original/Biere/adder_3_4/pec_adder_3_bit_4_21.dqdimacs,38,107
./benchmark_tests/original/Biere/adder_3_4/pec_adder_3_bit_4_21.dqdimacs,39,106
./benchmark_tests/original/Biere/adder_3_4/pec_adder_3_bit_4_21.dqdimacs,40,107
./benchmark_tests/original/Biere/adder_3_4/pec_adder_3_bit_4_21.dqdimacs,42,107
./benchmark_tests/original/Biere/adder_3_4/pec_adder_3_bit_4_21.dqdimacs,43,107
./benchmark_tests/original/Biere/adder_3_4/pec_adder_3_bit_4_21.dqdimacs,44,107
./benchmark_tests/original/Biere/adder_3_4/pec_adder_3_bit_4_21.dqdimacs,45,107
./benchmark_tests/original/Biere/adder_3_4/pec_adder_3_bit_4_21.dqdimacs,46,108
./benchmark_tests/original/Biere/adder_3_4/pec_adder_3_bit_4_21.dqdimacs,48,107
./benchmark_tests/original/Biere/adder_3_4/pec_adder_3_bit_4_21.dqdimacs,49,107
./benchmark_tests/original/Biere/adder_3_4/pec_adder_3_bit_4_21.dqdimacs,50,107
./benchmark_tests/original/Biere/adder_3_4/pec_adder_3_bit_4_21.dqdimacs,51,109
./benchmark_tests/original/Biere/adder_3_4/pec_adder_3_bit_4_21.dqdimacs,53,107
./benchmark_tests/original/Biere/adder_3_4/pec_adder_3_bit_4_21.dqdimacs,54,107
./benchmark_tests/original/Biere/adder_3_4/pec_adder_3_bit_4_21.dqdimacs,55,108
./benchmark_tests/original/Biere/adder_3_4/pec_adder_3_bit_4_21.dqdimacs,56,106
./benchmark_tests/original/Biere/adder_3_4/pec_adder_3_bit_4_21.dqdimacs,57,106
./benchmark_tests/original/Biere/adder_3_4/pec_adder_3_bit_4_21.dqdimacs,58,106
./benchmark_tests/original/Biere/adder_3_4/pec_adder_3_bit_4_21.dqdimacs,59,106
./benchmark_tests/original/Biere/adder_3_4/pec_adder_3_bit_4_21.dqdimacs,60,106
./benchmark_tests/original/Biere/adder_3_4/pec_adder_3_bit_4_21.dqdimacs,61,106
./benchmark_tests/original/Biere/adder_3_4/pec_adder_3_bit_4_21.dqdimacs,62,106
./benchmark_tests/original/Biere/adder_3_4/pec_adder_3_bit_4_21.dqdimacs,63,106
./benchmark_tests/original/Biere/adder_3_4/pec_adder_3_bit_4_21.dqdimacs,64,106
./benchmark_tests/original/Biere/adder_3_4/pec_adder_3_bit_4_21.dqdimacs,65,106
./benchmark_tests/original/Biere/adder_3_4/pec_adder_3_bit_4_21.dqdimacs,66,106
./benchmark_tests/original/Biere/adder_3_4/pec_adder_3_bit_4_21.dqdimacs,67,105
./benchmark_tests/original/Biere/adder_3_4/pec_adder_3_bit_4_21.dqdimacs,68,106
./benchmark_tests/original/Biere/adder_3_4/pec_adder_3_bit_4_21.dqdimacs,69,106
./benchmark_tests/original/Biere/adder_3_4/pec_adder_3_bit_4_21.dqdimacs,70,107
./benchmark_tests/original/Biere/adder_3_4/pec_adder_3_bit_4_21.dqdimacs,71,107
./benchmark_tests/original/Biere/adder_3_4/pec_adder_3_bit_4_21.dqdimacs,72,107
./benchmark_tests/original/Biere/adder_3_4/pec_adder_3_bit_4_21.dqdimacs,73,106
./benchmark_tests/original/Biere/adder_3_4/pec_adder_3_bit_4_21.dqdimacs,74,106
./benchmark_tests/original/Biere/adder_3_4/pec_adder_3_bit_4_22.dqdimacs,4,365
./benchmark_tests/original/Biere/adder_3_4/pec_adder_3_bit_4_22.dqdimacs,5,316
./benchmark_tests/original/Biere/adder_3_4/pec_adder_3_bit_4_22.dqdimacs,6,315
./benchmark_tests/original/Biere/adder_3_4/pec_adder_3_bit_4_22.dqdimacs,10,314
./benchmark_tests/original/Biere/adder_3_4/pec_adder_3_bit_4_22.dqdimacs,11,308
./benchmark_tests/original/Biere/adder_3_4/pec_adder_3_bit_4_22.dqdimacs,12,273
./benchmark_tests/original/Biere/adder_3_4/pec_adder_3_bit_4_22.dqdimacs,13,230
./benchmark_tests/original/Biere/adder_3_4/pec_adder_3_bit_4_22.dqdimacs,17,196
./benchmark_tests/original/Biere/adder_3_4/pec_adder_3_bit_4_22.dqdimacs,18,173
./benchmark_tests/original/Biere/adder_3_4/pec_adder_3_bit_4_22.dqdimacs,19,169
./benchmark_tests/original/Biere/adder_3_4/pec_adder_3_bit_4_22.dqdimacs,20,169
./benchmark_tests/original/Biere/adder_3_4/pec_adder_3_bit_4_22.dqdimacs,22,168
./benchmark_tests/original/Biere/adder_3_4/pec_adder_3_bit_4_22.dqdimacs,23,167
./benchmark_tests/original/Biere/adder_3_4/pec_adder_3_bit_4_22.dqdimacs,24,168
./benchmark_tests/original/Biere/adder_3_4/pec_adder_3_bit_4_22.dqdimacs,25,168
./benchmark_tests/original/Biere/adder_3_4/pec_adder_3_bit_4_22.dqdimacs,26,169
./benchmark_tests/original/Biere/adder_3_4/pec_adder_3_bit_4_22.dqdimacs,27,171
./benchmark_tests/original/Biere/adder_3_4/pec_adder_3_bit_4_22.dqdimacs,29,169
./benchmark_tests/original/Biere/adder_3_4/pec_adder_3_bit_4_22.dqdimacs,30,168
./benchmark_tests/original/Biere/adder_3_4/pec_adder_3_bit_4_22.dqdimacs,31,168
./benchmark_tests/original/Biere/adder_3_4/pec_adder_3_bit_4_22.dqdimacs,32,169
./benchmark_tests/original/Biere/adder_3_4/pec_adder_3_bit_4_22.dqdimacs,34,168
./benchmark_tests/original/Biere/adder_3_4/pec_adder_3_bit_4_22.dqdimacs,35,168
./benchmark_tests/original/Biere/adder_3_4/pec_adder_3_bit_4_22.dqdimacs,36,170
./benchmark_tests/original/Biere/adder_3_4/pec_adder_3_bit_4_22.dqdimacs,38,167
./benchmark_tests/original/Biere/adder_3_4/pec_adder_3_bit_4_22.dqdimacs,39,167
./benchmark_tests/original/Biere/adder_3_4/pec_adder_3_bit_4_22.dqdimacs,40,169
./benchmark_tests/original/Biere/adder_3_4/pec_adder_3_bit_4_22.dqdimacs,42,167
./benchmark_tests/original/Biere/adder_3_4/pec_adder_3_bit_4_22.dqdimacs,43,167
./benchmark_tests/original/Biere/adder_3_4/pec_adder_3_bit_4_22.dqdimacs,44,171
./benchmark_tests/original/Biere/adder_3_4/pec_adder_3_bit_4_22.dqdimacs,46,167
./benchmark_tests/original/Biere/adder_3_4/pec_adder_3_bit_4_22.dqdimacs,47,167
./benchmark_tests/original/Biere/adder_3_4/pec_adder_3_bit_4_22.dqdimacs,48,171
./benchmark_tests/original/Biere/adder_3_4/pec_adder_3_bit_4_22.dqdimacs,50,168
./benchmark_tests/original/Biere/adder_3_4/pec_adder_3_bit_4_22.dqdimacs,51,167
./benchmark_tests/original/Biere/adder_3_4/pec_adder_3_bit_4_22.dqdimacs,52,168
./benchmark_tests/original/Biere/adder_3_4/pec_adder_3_bit_4_22.dqdimacs,53,170
./benchmark_tests/original/Biere/adder_3_4/pec_adder_3_bit_4_22.dqdimacs,55,167
./benchmark_tests/original/Biere/adder_3_4/pec_adder_3_bit_4_22.dqdimacs,56,167
./benchmark_tests/original/Biere/adder_3_4/pec_adder_3_bit_4_22.dqdimacs,57,168
./benchmark_tests/original/Biere/adder_3_4/pec_adder_3_bit_4_22.dqdimacs,58,170
./benchmark_tests/original/Biere/adder_3_4/pec_adder_3_bit_4_22.dqdimacs,59,168
./benchmark_tests/original/Biere/adder_3_4/pec_adder_3_bit_4_22.dqdimacs,60,167
./benchmark_tests/original/Biere/adder_3_4/pec_adder_3_bit_4_22.dqdimacs,61,167
./benchmark_tests/original/Biere/adder_3_4/pec_adder_3_bit_4_22.dqdimacs,62,168
./benchmark_tests/original/Biere/adder_3_4/pec_adder_3_bit_4_22.dqdimacs,63,168
./benchmark_tests/original/Biere/adder_3_4/pec_adder_3_bit_4_22.dqdimacs,64,167
./benchmark_tests/original/Biere/adder_3_4/pec_adder_3_bit_4_22.dqdimacs,65,168
./benchmark_tests/original/Biere/adder_3_4/pec_adder_3_bit_4_22.dqdimacs,66,168
./benchmark_tests/original/Biere/adder_3_4/pec_adder_3_bit_4_22.dqdimacs,67,167
./benchmark_tests/original/Biere/adder_3_4/pec_adder_3_bit_4_22.dqdimacs,68,169
./benchmark_tests/original/Biere/adder_3_4/pec_adder_3_bit_4_22.dqdimacs,69,167
./benchmark_tests/original/Biere/adder_3_4/pec_adder_3_bit_4_22.dqdimacs,70,168
./benchmark_tests/original/Biere/adder_3_4/pec_adder_3_bit_4_22.dqdimacs,71,167
./benchmark_tests/original/Biere/adder_3_4/pec_adder_3_bit_4_22.dqdimacs,72,168
./benchmark_tests/original/Biere/adder_3_4/pec_adder_3_bit_4_22.dqdimacs,73,166
./benchmark_tests/original/Biere/adder_3_4/pec_adder_3_bit_4_22.dqdimacs,74,166
./benchmark_tests/original/Biere/adder_3_4/pec_adder_3_bit_4_22.dqdimacs,75,167
./benchmark_tests/original/Biere/adder_3_4/pec_adder_3_bit_4_22.dqdimacs,76,166
./benchmark_tests/original/Biere/adder_3_4/pec_adder_3_bit_4_22.dqdimacs,77,167
./benchmark_tests/original/Biere/adder_3_4/pec_adder_3_bit_4_22.dqdimacs,78,167
./benchmark_tests/original/Biere/adder_3_4/pec_adder_3_bit_4_23.dqdimacs,4,233
./benchmark_tests/original/Biere/adder_3_4/pec_adder_3_bit_4_23.dqdimacs,5,182
./benchmark_tests/original/Biere/adder_3_4/pec_adder_3_bit_4_23.dqdimacs,6,184
./benchmark_tests/original/Biere/adder_3_4/pec_adder_3_bit_4_23.dqdimacs,10,185
./benchmark_tests/original/Biere/adder_3_4/pec_adder_3_bit_4_23.dqdimacs,11,185
./benchmark_tests/original/Biere/adder_3_4/pec_adder_3_bit_4_23.dqdimacs,12,185
./benchmark_tests/original/Biere/adder_3_4/pec_adder_3_bit_4_23.dqdimacs,13,185
./benchmark_tests/original/Biere/adder_3_4/pec_adder_3_bit_4_23.dqdimacs,17,181
./benchmark_tests/original/Biere/adder_3_4/pec_adder_3_bit_4_23.dqdimacs,18,173
./benchmark_tests/original/Biere/adder_3_4/pec_adder_3_bit_4_23.dqdimacs,19,158
./benchmark_tests/original/Biere/adder_3_4/pec_adder_3_bit_4_23.dqdimacs,20,144
./benchmark_tests/original/Biere/adder_3_4/pec_adder_3_bit_4_23.dqdimacs,22,128
./benchmark_tests/original/Biere/adder_3_4/pec_adder_3_bit_4_23.dqdimacs,23,117
./benchmark_tests/original/Biere/adder_3_4/pec_adder_3_bit_4_23.dqdimacs,24,107
./benchmark_tests/original/Biere/adder_3_4/pec_adder_3_bit_4_23.dqdimacs,25,100
./benchmark_tests/original/Biere/adder_3_4/pec_adder_3_bit_4_23.dqdimacs,26,99
./benchmark_tests/original/Biere/adder_3_4/pec_adder_3_bit_4_23.dqdimacs,27,101
./benchmark_tests/original/Biere/adder_3_4/pec_adder_3_bit_4_23.dqdimacs,29,100
./benchmark_tests/original/Biere/adder_3_4/pec_adder_3_bit_4_23.dqdimacs,30,99
./benchmark_tests/original/Biere/adder_3_4/pec_adder_3_bit_4_23.dqdimacs,31,102
./benchmark_tests/original/Biere/adder_3_4/pec_adder_3_bit_4_23.dqdimacs,33,99
./benchmark_tests/original/Biere/adder_3_4/pec_adder_3_bit_4_23.dqdimacs,34,98
./benchmark_tests/original/Biere/adder_3_4/pec_adder_3_bit_4_23.dqdimacs,35,100
./benchmark_tests/original/Biere/adder_3_4/pec_adder_3_bit_4_23.dqdimacs,37,100
./benchmark_tests/original/Biere/adder_3_4/pec_adder_3_bit_4_23.dqdimacs,38,100
./benchmark_tests/original/Biere/adder_3_4/pec_adder_3_bit_4_23.dqdimacs,39,103
./benchmark_tests/original/Biere/adder_3_4/pec_adder_3_bit_4_23.dqdimacs,41,99
./benchmark_tests/original/Biere/adder_3_4/pec_adder_3_bit_4_23.dqdimacs,42,98
./benchmark_tests/original/Biere/adder_3_4/pec_adder_3_bit_4_23.dqdimacs,43,102
./benchmark_tests/original/Biere/adder_3_4/pec_adder_3_bit_4_23.dqdimacs,45,98
./benchmark_tests/original/Biere/adder_3_4/pec_adder_3_bit_4_23.dqdimacs,46,98
./benchmark_tests/original/Biere/adder_3_4/pec_adder_3_bit_4_23.dqdimacs,47,103
./benchmark_tests/original/Biere/adder_3_4/pec_adder_3_bit_4_23.dqdimacs,49,98
./benchmark_tests/original/Biere/adder_3_4/pec_adder_3_bit_4_23.dqdimacs,50,98
./benchmark_tests/original/Biere/adder_3_4/pec_adder_3_bit_4_23.dqdimacs,51,98
./benchmark_tests/original/Biere/adder_3_4/pec_adder_3_bit_4_23.dqdimacs,52,98
./benchmark_tests/original/Biere/adder_3_4/pec_adder_3_bit_4_23.dqdimacs,53,100
./benchmark_tests/original/Biere/adder_3_4/pec_adder_3_bit_4_23.dqdimacs,54,101
./benchmark_tests/original/Biere/adder_3_4/pec_adder_3_bit_4_23.dqdimacs,56,99
./benchmark_tests/original/Biere/adder_3_4/pec_adder_3_bit_4_23.dqdimacs,57,99
./benchmark_tests/original/Biere/adder_3_4/pec_adder_3_bit_4_23.dqdimacs,58,102
./benchmark_tests/original/Biere/adder_3_4/pec_adder_3_bit_4_23.dqdimacs,60,100
./benchmark_tests/original/Biere/adder_3_4/pec_adder_3_bit_4_23.dqdimacs,61,98
./benchmark_tests/original/Biere/adder_3_4/pec_adder_3_bit_4_23.dqdimacs,62,100
./benchmark_tests/original/Biere/adder_3_4/pec_adder_3_bit_4_23.dqdimacs,64,98
./benchmark_tests/original/Biere/adder_3_4/pec_adder_3_bit_4_23.dqdimacs,65,99
./benchmark_tests/original/Biere/adder_3_4/pec_adder_3_bit_4_23.dqdimacs,66,100
./benchmark_tests/original/Biere/adder_3_4/pec_adder_3_bit_4_23.dqdimacs,67,100
./benchmark_tests/original/Biere/adder_3_4/pec_adder_3_bit_4_23.dqdimacs,69,99
./benchmark_tests/original/Biere/adder_3_4/pec_adder_3_bit_4_23.dqdimacs,70,98
./benchmark_tests/original/Biere/adder_3_4/pec_adder_3_bit_4_23.dqdimacs,71,99
./benchmark_tests/original/Biere/adder_3_4/pec_adder_3_bit_4_23.dqdimacs,72,98
./benchmark_tests/original/Biere/adder_3_4/pec_adder_3_bit_4_23.dqdimacs,73,99
./benchmark_tests/original/Biere/adder_3_4/pec_adder_3_bit_4_23.dqdimacs,74,99
./benchmark_tests/original/Biere/adder_3_4/pec_adder_3_bit_4_23.dqdimacs,75,99
./benchmark_tests/original/Biere/adder_3_4/pec_adder_3_bit_4_23.dqdimacs,76,97
./benchmark_tests/original/Biere/adder_3_4/pec_adder_3_bit_4_23.dqdimacs,77,97
./benchmark_tests/original/Biere/adder_3_4/pec_adder_3_bit_4_23.dqdimacs,78,97
./benchmark_tests/original/Biere/adder_3_4/pec_adder_3_bit_4_23.dqdimacs,79,98
./benchmark_tests/original/Biere/adder_3_4/pec_adder_3_bit_4_23.dqdimacs,80,99
./benchmark_tests/original/Biere/adder_3_4/pec_adder_3_bit_4_23.dqdimacs,81,99
./benchmark_tests/original/Biere/adder_3_4/pec_adder_3_bit_4_23.dqdimacs,82,99
./benchmark_tests/original/Biere/adder_3_4/pec_adder_3_bit_4_23.dqdimacs,83,98
./benchmark_tests/original/Biere/adder_3_4/pec_adder_3_bit_4_23.dqdimacs,84,98
./benchmark_tests/original/Biere/adder_3_4/pec_adder_3_bit_4_23.dqdimacs,85,100
./benchmark_tests/original/Biere/adder_3_4/pec_adder_3_bit_4_23.dqdimacs,86,98
./benchmark_tests/original/Biere/adder_3_4/pec_adder_3_bit_4_23.dqdimacs,87,98
./benchmark_tests/original/Biere/adder_3_4/pec_adder_3_bit_4_23.dqdimacs,88,99
./benchmark_tests/original/Biere/adder_3_4/pec_adder_3_bit_4_24.dqdimacs,4,164
./benchmark_tests/original/Biere/adder_3_4/pec_adder_3_bit_4_24.dqdimacs,5,116
./benchmark_tests/original/Biere/adder_3_4/pec_adder_3_bit_4_24.dqdimacs,6,113
./benchmark_tests/original/Biere/adder_3_4/pec_adder_3_bit_4_24.dqdimacs,10,116
./benchmark_tests/original/Biere/adder_3_4/pec_adder_3_bit_4_24.dqdimacs,11,113
./benchmark_tests/original/Biere/adder_3_4/pec_adder_3_bit_4_24.dqdimacs,12,113
./benchmark_tests/original/Biere/adder_3_4/pec_adder_3_bit_4_24.dqdimacs,13,115
./benchmark_tests/original/Biere/adder_3_4/pec_adder_3_bit_4_24.dqdimacs,17,114
./benchmark_tests/original/Biere/adder_3_4/pec_adder_3_bit_4_24.dqdimacs,18,114
./benchmark_tests/original/Biere/adder_3_4/pec_adder_3_bit_4_24.dqdimacs,19,115
./benchmark_tests/original/Biere/adder_3_4/pec_adder_3_bit_4_24.dqdimacs,20,116
./benchmark_tests/original/Biere/adder_3_4/pec_adder_3_bit_4_24.dqdimacs,22,114
./benchmark_tests/original/Biere/adder_3_4/pec_adder_3_bit_4_24.dqdimacs,23,113
./benchmark_tests/original/Biere/adder_3_4/pec_adder_3_bit_4_24.dqdimacs,24,108
./benchmark_tests/original/Biere/adder_3_4/pec_adder_3_bit_4_24.dqdimacs,25,103
./benchmark_tests/original/Biere/adder_3_4/pec_adder_3_bit_4_24.dqdimacs,26,98
./benchmark_tests/original/Biere/adder_3_4/pec_adder_3_bit_4_24.dqdimacs,27,94
./benchmark_tests/original/Biere/adder_3_4/pec_adder_3_bit_4_24.dqdimacs,29,84
./benchmark_tests/original/Biere/adder_3_4/pec_adder_3_bit_4_24.dqdimacs,30,80
./benchmark_tests/original/Biere/adder_3_4/pec_adder_3_bit_4_24.dqdimacs,31,76
./benchmark_tests/original/Biere/adder_3_4/pec_adder_3_bit_4_24.dqdimacs,32,72
./benchmark_tests/original/Biere/adder_3_4/pec_adder_3_bit_4_24.dqdimacs,33,68
./benchmark_tests/original/Biere/adder_3_4/pec_adder_3_bit_4_24.dqdimacs,34,66
./benchmark_tests/original/Biere/adder_3_4/pec_adder_3_bit_4_24.dqdimacs,35,63
./benchmark_tests/original/Biere/adder_3_4/pec_adder_3_bit_4_24.dqdimacs,37,62
./benchmark_tests/original/Biere/adder_3_4/pec_adder_3_bit_4_24.dqdimacs,38,63
./benchmark_tests/original/Biere/adder_3_4/pec_adder_3_bit_4_24.dqdimacs,39,63
./benchmark_tests/original/Biere/adder_3_4/pec_adder_3_bit_4_24.dqdimacs,40,63
./benchmark_tests/original/Biere/adder_3_4/pec_adder_3_bit_4_24.dqdimacs,42,62
./benchmark_tests/original/Biere/adder_3_4/pec_adder_3_bit_4_24.dqdimacs,43,61
./benchmark_tests/original/Biere/adder_3_4/pec_adder_3_bit_4_24.dqdimacs,44,63
./benchmark_tests/original/Biere/adder_3_4/pec_adder_3_bit_4_24.dqdimacs,45,62
./benchmark_tests/original/Biere/adder_3_4/pec_adder_3_bit_4_24.dqdimacs,46,62
./benchmark_tests/original/Biere/adder_3_4/pec_adder_3_bit_4_24.dqdimacs,47,62
./benchmark_tests/original/Biere/adder_3_4/pec_adder_3_bit_4_24.dqdimacs,48,63
./benchmark_tests/original/Biere/adder_3_4/pec_adder_3_bit_4_24.dqdimacs,49,61
./benchmark_tests/original/Biere/adder_3_4/pec_adder_3_bit_4_24.dqdimacs,50,62
./benchmark_tests/original/Biere/adder_3_4/pec_adder_3_bit_4_24.dqdimacs,51,62
./benchmark_tests/original/Biere/adder_3_4/pec_adder_3_bit_4_24.dqdimacs,52,62
./benchmark_tests/original/Biere/adder_3_4/pec_adder_3_bit_4_24.dqdimacs,53,63
./benchmark_tests/original/Biere/adder_3_4/pec_adder_3_bit_4_24.dqdimacs,54,62
./benchmark_tests/original/Biere/adder_3_4/pec_adder_3_bit_4_24.dqdimacs,55,63
./benchmark_tests/original/Biere/adder_3_4/pec_adder_3_bit_4_24.dqdimacs,56,62
./benchmark_tests/original/Biere/adder_3_4/pec_adder_3_bit_4_24.dqdimacs,57,62
./benchmark_tests/original/Biere/adder_3_4/pec_adder_3_bit_4_24.dqdimacs,58,61
./benchmark_tests/original/Biere/adder_3_4/pec_adder_3_bit_4_24.dqdimacs,59,62
./benchmark_tests/original/Biere/adder_3_4/pec_adder_3_bit_4_24.dqdimacs,60,61
./benchmark_tests/original/Biere/adder_3_4/pec_adder_3_bit_4_24.dqdimacs,61,62
./benchmark_tests/original/Biere/adder_3_4/pec_adder_3_bit_4_24.dqdimacs,62,62
./benchmark_tests/original/Biere/adder_3_4/pec_adder_3_bit_4_24.dqdimacs,63,63
./benchmark_tests/original/Biere/adder_3_4/pec_adder_3_bit_4_25.dqdimacs,4,356
./benchmark_tests/original/Biere/adder_3_4/pec_adder_3_bit_4_25.dqdimacs,5,309
./benchmark_tests/original/Biere/adder_3_4/pec_adder_3_bit_4_25.dqdimacs,6,309
./benchmark_tests/original/Biere/adder_3_4/pec_adder_3_bit_4_25.dqdimacs,10,309
./benchmark_tests/original/Biere/adder_3_4/pec_adder_3_bit_4_25.dqdimacs,11,305
./benchmark_tests/original/Biere/adder_3_4/pec_adder_3_bit_4_25.dqdimacs,12,271
./benchmark_tests/original/Biere/adder_3_4/pec_adder_3_bit_4_25.dqdimacs,13,230
./benchmark_tests/original/Biere/adder_3_4/pec_adder_3_bit_4_25.dqdimacs,17,196
./benchmark_tests/original/Biere/adder_3_4/pec_adder_3_bit_4_25.dqdimacs,18,171
./benchmark_tests/original/Biere/adder_3_4/pec_adder_3_bit_4_25.dqdimacs,19,166
./benchmark_tests/original/Biere/adder_3_4/pec_adder_3_bit_4_25.dqdimacs,20,166
./benchmark_tests/original/Biere/adder_3_4/pec_adder_3_bit_4_25.dqdimacs,22,165
./benchmark_tests/original/Biere/adder_3_4/pec_adder_3_bit_4_25.dqdimacs,23,166
./benchmark_tests/original/Biere/adder_3_4/pec_adder_3_bit_4_25.dqdimacs,24,165
./benchmark_tests/original/Biere/adder_3_4/pec_adder_3_bit_4_25.dqdimacs,25,165
./benchmark_tests/original/Biere/adder_3_4/pec_adder_3_bit_4_25.dqdimacs,26,166
./benchmark_tests/original/Biere/adder_3_4/pec_adder_3_bit_4_25.dqdimacs,27,167
./benchmark_tests/original/Biere/adder_3_4/pec_adder_3_bit_4_25.dqdimacs,29,165
./benchmark_tests/original/Biere/adder_3_4/pec_adder_3_bit_4_25.dqdimacs,30,166
./benchmark_tests/original/Biere/adder_3_4/pec_adder_3_bit_4_25.dqdimacs,31,168
./benchmark_tests/original/Biere/adder_3_4/pec_adder_3_bit_4_25.dqdimacs,33,166
./benchmark_tests/original/Biere/adder_3_4/pec_adder_3_bit_4_25.dqdimacs,34,166
./benchmark_tests/original/Biere/adder_3_4/pec_adder_3_bit_4_25.dqdimacs,35,167
./benchmark_tests/original/Biere/adder_3_4/pec_adder_3_bit_4_25.dqdimacs,37,165
./benchmark_tests/original/Biere/adder_3_4/pec_adder_3_bit_4_25.dqdimacs,38,164
./benchmark_tests/original/Biere/adder_3_4/pec_adder_3_bit_4_25.dqdimacs,39,168
./benchmark_tests/original/Biere/adder_3_4/pec_adder_3_bit_4_25.dqdimacs,41,164
./benchmark_tests/original/Biere/adder_3_4/pec_adder_3_bit_4_25.dqdimacs,42,166
./benchmark_tests/original/Biere/adder_3_4/pec_adder_3_bit_4_25.dqdimacs,43,165
./benchmark_tests/original/Biere/adder_3_4/pec_adder_3_bit_4_25.dqdimacs,44,166
./benchmark_tests/original/Biere/adder_3_4/pec_adder_3_bit_4_25.dqdimacs,46,165
./benchmark_tests/original/Biere/adder_3_4/pec_adder_3_bit_4_25.dqdimacs,47,165
./benchmark_tests/original/Biere/adder_3_4/pec_adder_3_bit_4_25.dqdimacs,48,165
./benchmark_tests/original/Biere/adder_3_4/pec_adder_3_bit_4_25.dqdimacs,49,166
./benchmark_tests/original/Biere/adder_3_4/pec_adder_3_bit_4_25.dqdimacs,51,165
./benchmark_tests/original/Biere/adder_3_4/pec_adder_3_bit_4_25.dqdimacs,52,166
./benchmark_tests/original/Biere/adder_3_4/pec_adder_3_bit_4_25.dqdimacs,53,167
./benchmark_tests/original/Biere/adder_3_4/pec_adder_3_bit_4_25.dqdimacs,55,165
./benchmark_tests/original/Biere/adder_3_4/pec_adder_3_bit_4_25.dqdimacs,56,166
./benchmark_tests/original/Biere/adder_3_4/pec_adder_3_bit_4_25.dqdimacs,57,167
./benchmark_tests/original/Biere/adder_3_4/pec_adder_3_bit_4_25.dqdimacs,59,165
./benchmark_tests/original/Biere/adder_3_4/pec_adder_3_bit_4_25.dqdimacs,60,165
./benchmark_tests/original/Biere/adder_3_4/pec_adder_3_bit_4_25.dqdimacs,61,164
./benchmark_tests/original/Biere/adder_3_4/pec_adder_3_bit_4_25.dqdimacs,62,166
./benchmark_tests/original/Biere/adder_3_4/pec_adder_3_bit_4_25.dqdimacs,63,165
./benchmark_tests/original/Biere/adder_3_4/pec_adder_3_bit_4_25.dqdimacs,64,165
./benchmark_tests/original/Biere/adder_3_4/pec_adder_3_bit_4_25.dqdimacs,65,165
./benchmark_tests/original/Biere/adder_3_4/pec_adder_3_bit_4_25.dqdimacs,66,166
./benchmark_tests/original/Biere/adder_3_4/pec_adder_3_bit_4_25.dqdimacs,67,165
./benchmark_tests/original/Biere/adder_3_4/pec_adder_3_bit_4_25.dqdimacs,68,166
./benchmark_tests/original/Biere/adder_3_4/pec_adder_3_bit_4_25.dqdimacs,69,165
./benchmark_tests/original/Biere/adder_3_4/pec_adder_3_bit_4_25.dqdimacs,70,164
./benchmark_tests/original/Biere/adder_3_4/pec_adder_3_bit_4_25.dqdimacs,71,164
./benchmark_tests/original/Biere/adder_3_4/pec_adder_3_bit_4_25.dqdimacs,72,164
./benchmark_tests/original/Biere/adder_3_4/pec_adder_3_bit_4_25.dqdimacs,73,164
./benchmark_tests/original/Biere/adder_3_4/pec_adder_3_bit_4_25.dqdimacs,74,164
./benchmark_tests/original/Biere/adder_3_4/pec_adder_3_bit_4_25.dqdimacs,75,164
./benchmark_tests/original/Biere/adder_3_4/pec_adder_3_bit_4_25.dqdimacs,76,164
./benchmark_tests/original/Biere/adder_3_4/pec_adder_3_bit_4_25.dqdimacs,77,164
./benchmark_tests/original/Biere/adder_3_4/pec_adder_3_bit_4_25.dqdimacs,78,163
./benchmark_tests/original/Biere/adder_3_4/pec_adder_3_bit_4_25.dqdimacs,79,164
./benchmark_tests/original/Biere/adder_3_4/pec_adder_3_bit_4_25.dqdimacs,80,163
./benchmark_tests/original/Biere/adder_3_4/pec_adder_3_bit_4_26.dqdimacs,4,552
./benchmark_tests/original/Biere/adder_3_4/pec_adder_3_bit_4_26.dqdimacs,5,505
./benchmark_tests/original/Biere/adder_3_4/pec_adder_3_bit_4_26.dqdimacs,6,497
./benchmark_tests/original/Biere/adder_3_4/pec_adder_3_bit_4_26.dqdimacs,10,426
./benchmark_tests/original/Biere/adder_3_4/pec_adder_3_bit_4_26.dqdimacs,11,328
./benchmark_tests/original/Biere/adder_3_4/pec_adder_3_bit_4_26.dqdimacs,12,271
./benchmark_tests/original/Biere/adder_3_4/pec_adder_3_bit_4_26.dqdimacs,13,266
./benchmark_tests/original/Biere/adder_3_4/pec_adder_3_bit_4_26.dqdimacs,17,266
./benchmark_tests/original/Biere/adder_3_4/pec_adder_3_bit_4_26.dqdimacs,18,271
./benchmark_tests/original/Biere/adder_3_4/pec_adder_3_bit_4_26.dqdimacs,19,267
./benchmark_tests/original/Biere/adder_3_4/pec_adder_3_bit_4_26.dqdimacs,20,270
./benchmark_tests/original/Biere/adder_3_4/pec_adder_3_bit_4_26.dqdimacs,22,270
./benchmark_tests/original/Biere/adder_3_4/pec_adder_3_bit_4_26.dqdimacs,23,271
./benchmark_tests/original/Biere/adder_3_4/pec_adder_3_bit_4_26.dqdimacs,24,270
./benchmark_tests/original/Biere/adder_3_4/pec_adder_3_bit_4_26.dqdimacs,25,271
./benchmark_tests/original/Biere/adder_3_4/pec_adder_3_bit_4_26.dqdimacs,26,271
./benchmark_tests/original/Biere/adder_3_4/pec_adder_3_bit_4_26.dqdimacs,27,272
./benchmark_tests/original/Biere/adder_3_4/pec_adder_3_bit_4_26.dqdimacs,29,268
./benchmark_tests/original/Biere/adder_3_4/pec_adder_3_bit_4_26.dqdimacs,30,269
./benchmark_tests/original/Biere/adder_3_4/pec_adder_3_bit_4_26.dqdimacs,31,272
./benchmark_tests/original/Biere/adder_3_4/pec_adder_3_bit_4_26.dqdimacs,33,271
./benchmark_tests/original/Biere/adder_3_4/pec_adder_3_bit_4_26.dqdimacs,34,271
./benchmark_tests/original/Biere/adder_3_4/pec_adder_3_bit_4_26.dqdimacs,35,274
./benchmark_tests/original/Biere/adder_3_4/pec_adder_3_bit_4_26.dqdimacs,37,271
./benchmark_tests/original/Biere/adder_3_4/pec_adder_3_bit_4_26.dqdimacs,38,271
./benchmark_tests/original/Biere/adder_3_4/pec_adder_3_bit_4_26.dqdimacs,39,272
./benchmark_tests/original/Biere/adder_3_4/pec_adder_3_bit_4_26.dqdimacs,41,270
./benchmark_tests/original/Biere/adder_3_4/pec_adder_3_bit_4_26.dqdimacs,42,270
./benchmark_tests/original/Biere/adder_3_4/pec_adder_3_bit_4_26.dqdimacs,43,271
./benchmark_tests/original/Biere/adder_3_4/pec_adder_3_bit_4_26.dqdimacs,44,271
./benchmark_tests/original/Biere/adder_3_4/pec_adder_3_bit_4_26.dqdimacs,45,271
./benchmark_tests/original/Biere/adder_3_4/pec_adder_3_bit_4_26.dqdimacs,46,273
./benchmark_tests/original/Biere/adder_3_4/pec_adder_3_bit_4_26.dqdimacs,48,270
./benchmark_tests/original/Biere/adder_3_4/pec_adder_3_bit_4_26.dqdimacs,49,271
./benchmark_tests/original/Biere/adder_3_4/pec_adder_3_bit_4_26.dqdimacs,50,273
./benchmark_tests/original/Biere/adder_3_4/pec_adder_3_bit_4_26.dqdimacs,52,269
./benchmark_tests/original/Biere/adder_3_4/pec_adder_3_bit_4_26.dqdimacs,53,271
./benchmark_tests/original/Biere/adder_3_4/pec_adder_3_bit_4_26.dqdimacs,54,271
./benchmark_tests/original/Biere/adder_3_4/pec_adder_3_bit_4_26.dqdimacs,55,274
./benchmark_tests/original/Biere/adder_3_4/pec_adder_3_bit_4_26.dqdimacs,57,271
./benchmark_tests/original/Biere/adder_3_4/pec_adder_3_bit_4_26.dqdimacs,58,271
./benchmark_tests/original/Biere/adder_3_4/pec_adder_3_bit_4_26.dqdimacs,59,268
./benchmark_tests/original/Biere/adder_3_4/pec_adder_3_bit_4_26.dqdimacs,60,274
./benchmark_tests/original/Biere/adder_3_4/pec_adder_3_bit_4_26.dqdimacs,61,270
./benchmark_tests/original/Biere/adder_3_4/pec_adder_3_bit_4_26.dqdimacs,62,271
./benchmark_tests/original/Biere/adder_3_4/pec_adder_3_bit_4_26.dqdimacs,63,271
./benchmark_tests/original/Biere/adder_3_4/pec_adder_3_bit_4_26.dqdimacs,64,272
./benchmark_tests/original/Biere/adder_3_4/pec_adder_3_bit_4_26.dqdimacs,65,271
./benchmark_tests/original/Biere/adder_3_4/pec_adder_3_bit_4_26.dqdimacs,66,271
./benchmark_tests/original/Biere/adder_3_4/pec_adder_3_bit_4_26.dqdimacs,67,271
./benchmark_tests/original/Biere/adder_3_4/pec_adder_3_bit_4_26.dqdimacs,68,270
./benchmark_tests/original/Biere/adder_3_4/pec_adder_3_bit_4_26.dqdimacs,69,268
./benchmark_tests/original/Biere/adder_3_4/pec_adder_3_bit_4_26.dqdimacs,70,271
./benchmark_tests/original/Biere/adder_3_4/pec_adder_3_bit_4_26.dqdimacs,71,271
./benchmark_tests/original/Biere/adder_3_4/pec_adder_3_bit_4_26.dqdimacs,72,271
./benchmark_tests/original/Biere/adder_3_4/pec_adder_3_bit_4_26.dqdimacs,73,272
./benchmark_tests/original/Biere/adder_3_4/pec_adder_3_bit_4_26.dqdimacs,74,270
./benchmark_tests/original/Biere/adder_3_4/pec_adder_3_bit_4_26.dqdimacs,75,270
./benchmark_tests/original/Biere/adder_3_4/pec_adder_3_bit_4_26.dqdimacs,76,270
./benchmark_tests/original/Biere/adder_3_4/pec_adder_3_bit_4_26.dqdimacs,77,270
./benchmark_tests/original/Biere/adder_3_4/pec_adder_3_bit_4_26.dqdimacs,78,269
./benchmark_tests/original/Biere/adder_3_4/pec_adder_3_bit_4_27.dqdimacs,4,185
./benchmark_tests/original/Biere/adder_3_4/pec_adder_3_bit_4_27.dqdimacs,5,137
./benchmark_tests/original/Biere/adder_3_4/pec_adder_3_bit_4_27.dqdimacs,6,135
./benchmark_tests/original/Biere/adder_3_4/pec_adder_3_bit_4_27.dqdimacs,10,137
./benchmark_tests/original/Biere/adder_3_4/pec_adder_3_bit_4_27.dqdimacs,11,137
./benchmark_tests/original/Biere/adder_3_4/pec_adder_3_bit_4_27.dqdimacs,12,136
./benchmark_tests/original/Biere/adder_3_4/pec_adder_3_bit_4_27.dqdimacs,13,137
./benchmark_tests/original/Biere/adder_3_4/pec_adder_3_bit_4_27.dqdimacs,17,135
./benchmark_tests/original/Biere/adder_3_4/pec_adder_3_bit_4_27.dqdimacs,18,135
./benchmark_tests/original/Biere/adder_3_4/pec_adder_3_bit_4_27.dqdimacs,19,137
./benchmark_tests/original/Biere/adder_3_4/pec_adder_3_bit_4_27.dqdimacs,20,135
./benchmark_tests/original/Biere/adder_3_4/pec_adder_3_bit_4_27.dqdimacs,22,128
./benchmark_tests/original/Biere/adder_3_4/pec_adder_3_bit_4_27.dqdimacs,23,119
./benchmark_tests/original/Biere/adder_3_4/pec_adder_3_bit_4_27.dqdimacs,24,110
./benchmark_tests/original/Biere/adder_3_4/pec_adder_3_bit_4_27.dqdimacs,25,103
./benchmark_tests/original/Biere/adder_3_4/pec_adder_3_bit_4_27.dqdimacs,26,96
./benchmark_tests/original/Biere/adder_3_4/pec_adder_3_bit_4_27.dqdimacs,27,91
./benchmark_tests/original/Biere/adder_3_4/pec_adder_3_bit_4_27.dqdimacs,29,83
./benchmark_tests/original/Biere/adder_3_4/pec_adder_3_bit_4_27.dqdimacs,30,78
./benchmark_tests/original/Biere/adder_3_4/pec_adder_3_bit_4_27.dqdimacs,31,76
./benchmark_tests/original/Biere/adder_3_4/pec_adder_3_bit_4_27.dqdimacs,33,73
./benchmark_tests/original/Biere/adder_3_4/pec_adder_3_bit_4_27.dqdimacs,34,72
./benchmark_tests/original/Biere/adder_3_4/pec_adder_3_bit_4_27.dqdimacs,35,72
./benchmark_tests/original/Biere/adder_3_4/pec_adder_3_bit_4_27.dqdimacs,36,73
./benchmark_tests/original/Biere/adder_3_4/pec_adder_3_bit_4_27.dqdimacs,37,73
./benchmark_tests/original/Biere/adder_3_4/pec_adder_3_bit_4_27.dqdimacs,38,74
./benchmark_tests/original/Biere/adder_3_4/pec_adder_3_bit_4_27.dqdimacs,40,72
./benchmark_tests/original/Biere/adder_3_4/pec_adder_3_bit_4_27.dqdimacs,41,73
./benchmark_tests/original/Biere/adder_3_4/pec_adder_3_bit_4_27.dqdimacs,42,73
./benchmark_tests/original/Biere/adder_3_4/pec_adder_3_bit_4_27.dqdimacs,43,73
./benchmark_tests/original/Biere/adder_3_4/pec_adder_3_bit_4_27.dqdimacs,44,75
./benchmark_tests/original/Biere/adder_3_4/pec_adder_3_bit_4_27.dqdimacs,46,72
./benchmark_tests/original/Biere/adder_3_4/pec_adder_3_bit_4_27.dqdimacs,47,73
./benchmark_tests/original/Biere/adder_3_4/pec_adder_3_bit_4_27.dqdimacs,48,74
./benchmark_tests/original/Biere/adder_3_4/pec_adder_3_bit_4_27.dqdimacs,49,75
./benchmark_tests/original/Biere/adder_3_4/pec_adder_3_bit_4_27.dqdimacs,50,73
./benchmark_tests/original/Biere/adder_3_4/pec_adder_3_bit_4_27.dqdimacs,51,73
./benchmark_tests/original/Biere/adder_3_4/pec_adder_3_bit_4_27.dqdimacs,52,73
./benchmark_tests/original/Biere/adder_3_4/pec_adder_3_bit_4_27.dqdimacs,53,73
./benchmark_tests/original/Biere/adder_3_4/pec_adder_3_bit_4_27.dqdimacs,54,72
./benchmark_tests/original/Biere/adder_3_4/pec_adder_3_bit_4_27.dqdimacs,55,72
./benchmark_tests/original/Biere/adder_3_4/pec_adder_3_bit_4_27.dqdimacs,56,72
./benchmark_tests/original/Biere/adder_3_4/pec_adder_3_bit_4_27.dqdimacs,57,73
./benchmark_tests/original/Biere/adder_3_4/pec_adder_3_bit_4_27.dqdimacs,58,73
./benchmark_tests/original/Biere/adder_3_4/pec_adder_3_bit_4_27.dqdimacs,59,73
./benchmark_tests/original/Biere/adder_3_4/pec_adder_3_bit_4_27.dqdimacs,60,73
./benchmark_tests/original/Biere/adder_3_4/pec_adder_3_bit_4_27.dqdimacs,61,73
./benchmark_tests/original/Biere/adder_3_4/pec_adder_3_bit_4_27.dqdimacs,62,73
./benchmark_tests/original/Biere/adder_3_4/pec_adder_3_bit_4_27.dqdimacs,63,72
./benchmark_tests/original/Biere/adder_3_4/pec_adder_3_bit_4_27.dqdimacs,64,73
./benchmark_tests/original/Biere/adder_3_4/pec_adder_3_bit_4_27.dqdimacs,65,73
./benchmark_tests/original/Biere/adder_3_4/pec_adder_3_bit_4_28.dqdimacs,4,479
./benchmark_tests/original/Biere/adder_3_4/pec_adder_3_bit_4_28.dqdimacs,5,433
./benchmark_tests/original/Biere/adder_3_4/pec_adder_3_bit_4_28.dqdimacs,6,431
./benchmark_tests/original/Biere/adder_3_4/pec_adder_3_bit_4_28.dqdimacs,10,410
./benchmark_tests/original/Biere/adder_3_4/pec_adder_3_bit_4_28.dqdimacs,11,332
./benchmark_tests/original/Biere/adder_3_4/pec_adder_3_bit_4_28.dqdimacs,12,269
./benchmark_tests/original/Biere/adder_3_4/pec_adder_3_bit_4_28.dqdimacs,13,234
./benchmark_tests/original/Biere/adder_3_4/pec_adder_3_bit_4_28.dqdimacs,17,231
./benchmark_tests/original/Biere/adder_3_4/pec_adder_3_bit_4_28.dqdimacs,18,230
./benchmark_tests/original/Biere/adder_3_4/pec_adder_3_bit_4_28.dqdimacs,19,230
./benchmark_tests/original/Biere/adder_3_4/pec_adder_3_bit_4_28.dqdimacs,20,229
./benchmark_tests/original/Biere/adder_3_4/pec_adder_3_bit_4_28.dqdimacs,22,230
./benchmark_tests/original/Biere/adder_3_4/pec_adder_3_bit_4_28.dqdimacs,23,227
./benchmark_tests/original/Biere/adder_3_4/pec_adder_3_bit_4_28.dqdimacs,24,226
./benchmark_tests/original/Biere/adder_3_4/pec_adder_3_bit_4_28.dqdimacs,25,229
./benchmark_tests/original/Biere/adder_3_4/pec_adder_3_bit_4_28.dqdimacs,26,228
./benchmark_tests/original/Biere/adder_3_4/pec_adder_3_bit_4_28.dqdimacs,27,230
./benchmark_tests/original/Biere/adder_3_4/pec_adder_3_bit_4_28.dqdimacs,29,228
./benchmark_tests/original/Biere/adder_3_4/pec_adder_3_bit_4_28.dqdimacs,30,228
./benchmark_tests/original/Biere/adder_3_4/pec_adder_3_bit_4_28.dqdimacs,31,230
./benchmark_tests/original/Biere/adder_3_4/pec_adder_3_bit_4_28.dqdimacs,32,231
./benchmark_tests/original/Biere/adder_3_4/pec_adder_3_bit_4_28.dqdimacs,34,227
./benchmark_tests/original/Biere/adder_3_4/pec_adder_3_bit_4_28.dqdimacs,35,227
./benchmark_tests/original/Biere/adder_3_4/pec_adder_3_bit_4_28.dqdimacs,36,229
./benchmark_tests/original/Biere/adder_3_4/pec_adder_3_bit_4_28.dqdimacs,38,227
./benchmark_tests/original/Biere/adder_3_4/pec_adder_3_bit_4_28.dqdimacs,39,226
./benchmark_tests/original/Biere/adder_3_4/pec_adder_3_bit_4_28.dqdimacs,40,228
./benchmark_tests/original/Biere/adder_3_4/pec_adder_3_bit_4_28.dqdimacs,42,227
./benchmark_tests/original/Biere/adder_3_4/pec_adder_3_bit_4_28.dqdimacs,43,227
./benchmark_tests/original/Biere/adder_3_4/pec_adder_3_bit_4_28.dqdimacs,44,230
./benchmark_tests/original/Biere/adder_3_4/pec_adder_3_bit_4_28.dqdimacs,46,227
./benchmark_tests/original/Biere/adder_3_4/pec_adder_3_bit_4_28.dqdimacs,47,227
./benchmark_tests/original/Biere/adder_3_4/pec_adder_3_bit_4_28.dqdimacs,48,228
./benchmark_tests/original/Biere/adder_3_4/pec_adder_3_bit_4_28.dqdimacs,49,230
./benchmark_tests/original/Biere/adder_3_4/pec_adder_3_bit_4_28.dqdimacs,51,228
./benchmark_tests/original/Biere/adder_3_4/pec_adder_3_bit_4_28.dqdimacs,52,226
./benchmark_tests/original/Biere/adder_3_4/pec_adder_3_bit_4_28.dqdimacs,53,231
./benchmark_tests/original/Biere/adder_3_4/pec_adder_3_bit_4_28.dqdimacs,55,226
./benchmark_tests/original/Biere/adder_3_4/pec_adder_3_bit_4_28.dqdimacs,56,228
./benchmark_tests/original/Biere/adder_3_4/pec_adder_3_bit_4_28.dqdimacs,57,230
./benchmark_tests/original/Biere/adder_3_4/pec_adder_3_bit_4_28.dqdimacs,58,229
./benchmark_tests/original/Biere/adder_3_4/pec_adder_3_bit_4_28.dqdimacs,59,227
./benchmark_tests/original/Biere/adder_3_4/pec_adder_3_bit_4_28.dqdimacs,60,228
./benchmark_tests/original/Biere/adder_3_4/pec_adder_3_bit_4_28.dqdimacs,61,230
./benchmark_tests/original/Biere/adder_3_4/pec_adder_3_bit_4_28.dqdimacs,62,231
./benchmark_tests/original/Biere/adder_3_4/pec_adder_3_bit_4_28.dqdimacs,63,230
./benchmark_tests/original/Biere/adder_3_4/pec_adder_3_bit_4_28.dqdimacs,64,227
./benchmark_tests/original/Biere/adder_3_4/pec_adder_3_bit_4_28.dqdimacs,65,228
./benchmark_tests/original/Biere/adder_3_4/pec_adder_3_bit_4_28.dqdimacs,66,227
./benchmark_tests/original/Biere/adder_3_4/pec_adder_3_bit_4_28.dqdimacs,67,227
./benchmark_tests/original/Biere/adder_3_4/pec_adder_3_bit_4_28.dqdimacs,68,227
./benchmark_tests/original/Biere/adder_3_4/pec_adder_3_bit_4_28.dqdimacs,69,229
./benchmark_tests/original/Biere/adder_3_4/pec_adder_3_bit_4_28.dqdimacs,70,228
./benchmark_tests/original/Biere/adder_3_4/pec_adder_3_bit_4_28.dqdimacs,71,228
./benchmark_tests/original/Biere/adder_3_4/pec_adder_3_bit_4_28.dqdimacs,72,230
./benchmark_tests/original/Biere/adder_3_4/pec_adder_3_bit_4_28.dqdimacs,73,228
./benchmark_tests/original/Biere/adder_3_4/pec_adder_3_bit_4_28.dqdimacs,74,231
./benchmark_tests/original/Biere/adder_3_4/pec_adder_3_bit_4_28.dqdimacs,75,231
./benchmark_tests/original/Biere/adder_3_4/pec_adder_3_bit_4_28.dqdimacs,76,231
./benchmark_tests/original/Biere/adder_3_4/pec_adder_3_bit_4_28.dqdimacs,77,230
./benchmark_tests/original/Biere/adder_3_4/pec_adder_3_bit_4_28.dqdimacs,78,229
./benchmark_tests/original/Biere/adder_3_4/pec_adder_3_bit_4_29.dqdimacs,4,319
./benchmark_tests/original/Biere/adder_3_4/pec_adder_3_bit_4_29.dqdimacs,5,275
./benchmark_tests/original/Biere/adder_3_4/pec_adder_3_bit_4_29.dqdimacs,6,273
./benchmark_tests/original/Biere/adder_3_4/pec_adder_3_bit_4_29.dqdimacs,10,274
./benchmark_tests/original/Biere/adder_3_4/pec_adder_3_bit_4_29.dqdimacs,11,274
./benchmark_tests/original/Biere/adder_3_4/pec_adder_3_bit_4_29.dqdimacs,12,260
./benchmark_tests/original/Biere/adder_3_4/pec_adder_3_bit_4_29.dqdimacs,13,231
./benchmark_tests/original/Biere/adder_3_4/pec_adder_3_bit_4_29.dqdimacs,17,199
./benchmark_tests/original/Biere/adder_3_4/pec_adder_3_bit_4_29.dqdimacs,18,172
./benchmark_tests/original/Biere/adder_3_4/pec_adder_3_bit_4_29.dqdimacs,19,152
./benchmark_tests/original/Biere/adder_3_4/pec_adder_3_bit_4_29.dqdimacs,20,145
./benchmark_tests/original/Biere/adder_3_4/pec_adder_3_bit_4_29.dqdimacs,22,142
./benchmark_tests/original/Biere/adder_3_4/pec_adder_3_bit_4_29.dqdimacs,23,144
./benchmark_tests/original/Biere/adder_3_4/pec_adder_3_bit_4_29.dqdimacs,24,144
./benchmark_tests/original/Biere/adder_3_4/pec_adder_3_bit_4_29.dqdimacs,25,145
./benchmark_tests/original/Biere/adder_3_4/pec_adder_3_bit_4_29.dqdimacs,26,145
./benchmark_tests/original/Biere/adder_3_4/pec_adder_3_bit_4_29.dqdimacs,27,146
./benchmark_tests/original/Biere/adder_3_4/pec_adder_3_bit_4_29.dqdimacs,29,144
./benchmark_tests/original/Biere/adder_3_4/pec_adder_3_bit_4_29.dqdimacs,30,144
./benchmark_tests/original/Biere/adder_3_4/pec_adder_3_bit_4_29.dqdimacs,31,145
./benchmark_tests/original/Biere/adder_3_4/pec_adder_3_bit_4_29.dqdimacs,33,143
./benchmark_tests/original/Biere/adder_3_4/pec_adder_3_bit_4_29.dqdimacs,34,143
./benchmark_tests/original/Biere/adder_3_4/pec_adder_3_bit_4_29.dqdimacs,35,143
./benchmark_tests/original/Biere/adder_3_4/pec_adder_3_bit_4_29.dqdimacs,36,144
./benchmark_tests/original/Biere/adder_3_4/pec_adder_3_bit_4_29.dqdimacs,38,142
./benchmark_tests/original/Biere/adder_3_4/pec_adder_3_bit_4_29.dqdimacs,39,141
./benchmark_tests/original/Biere/adder_3_4/pec_adder_3_bit_4_29.dqdimacs,40,143
./benchmark_tests/original/Biere/adder_3_4/pec_adder_3_bit_4_29.dqdimacs,41,144
./benchmark_tests/original/Biere/adder_3_4/pec_adder_3_bit_4_29.dqdimacs,43,143
./benchmark_tests/original/Biere/adder_3_4/pec_adder_3_bit_4_29.dqdimacs,44,142
./benchmark_tests/original/Biere/adder_3_4/pec_adder_3_bit_4_29.dqdimacs,45,143
./benchmark_tests/original/Biere/adder_3_4/pec_adder_3_bit_4_29.dqdimacs,46,142
./benchmark_tests/original/Biere/adder_3_4/pec_adder_3_bit_4_29.dqdimacs,47,144
./benchmark_tests/original/Biere/adder_3_4/pec_adder_3_bit_4_29.dqdimacs,49,143
./benchmark_tests/original/Biere/adder_3_4/pec_adder_3_bit_4_29.dqdimacs,50,142
./benchmark_tests/original/Biere/adder_3_4/pec_adder_3_bit_4_29.dqdimacs,51,144
./benchmark_tests/original/Biere/adder_3_4/pec_adder_3_bit_4_29.dqdimacs,53,144
./benchmark_tests/original/Biere/adder_3_4/pec_adder_3_bit_4_29.dqdimacs,54,143
./benchmark_tests/original/Biere/adder_3_4/pec_adder_3_bit_4_29.dqdimacs,55,145
./benchmark_tests/original/Biere/adder_3_4/pec_adder_3_bit_4_29.dqdimacs,56,142
./benchmark_tests/original/Biere/adder_3_4/pec_adder_3_bit_4_29.dqdimacs,57,143
./benchmark_tests/original/Biere/adder_3_4/pec_adder_3_bit_4_29.dqdimacs,58,143
./benchmark_tests/original/Biere/adder_3_4/pec_adder_3_bit_4_29.dqdimacs,59,144
./benchmark_tests/original/Biere/adder_3_4/pec_adder_3_bit_4_29.dqdimacs,60,143
./benchmark_tests/original/Biere/adder_3_4/pec_adder_3_bit_4_29.dqdimacs,61,144
./benchmark_tests/original/Biere/adder_3_4/pec_adder_3_bit_4_29.dqdimacs,62,144
./benchmark_tests/original/Biere/adder_3_4/pec_adder_3_bit_4_29.dqdimacs,63,144
./benchmark_tests/original/Biere/adder_3_4/pec_adder_3_bit_4_29.dqdimacs,64,144
./benchmark_tests/original/Biere/adder_3_4/pec_adder_3_bit_4_29.dqdimacs,65,143
./benchmark_tests/original/Biere/adder_3_4/pec_adder_3_bit_4_29.dqdimacs,66,142
./benchmark_tests/original/Biere/adder_3_4/pec_adder_3_bit_4_29.dqdimacs,67,144
./benchmark_tests/original/Biere/adder_3_4/pec_adder_3_bit_4_29.dqdimacs,68,143
./benchmark_tests/original/Biere/adder_3_4/pec_adder_3_bit_4_29.dqdimacs,69,144
./benchmark_tests/original/Biere/adder_3_4/pec_adder_3_bit_4_29.dqdimacs,70,143
./benchmark_tests/original/Biere/adder_3_4/pec_adder_3_bit_4_29.dqdimacs,71,143
./benchmark_tests/original/Biere/adder_3_4/pec_adder_3_bit_4_29.dqdimacs,72,143
./benchmark_tests/original/Biere/adder_3_4/pec_adder_3_bit_4_29.dqdimacs,73,141
./benchmark_tests/original/Biere/adder_3_4/pec_adder_3_bit_4_2.dqdimacs,4,238
./benchmark_tests/original/Biere/adder_3_4/pec_adder_3_bit_4_2.dqdimacs,5,184
./benchmark_tests/original/Biere/adder_3_4/pec_adder_3_bit_4_2.dqdimacs,6,187
./benchmark_tests/original/Biere/adder_3_4/pec_adder_3_bit_4_2.dqdimacs,10,187
./benchmark_tests/original/Biere/adder_3_4/pec_adder_3_bit_4_2.dqdimacs,11,187
./benchmark_tests/original/Biere/adder_3_4/pec_adder_3_bit_4_2.dqdimacs,12,187
./benchmark_tests/original/Biere/adder_3_4/pec_adder_3_bit_4_2.dqdimacs,13,186
./benchmark_tests/original/Biere/adder_3_4/pec_adder_3_bit_4_2.dqdimacs,17,184
./benchmark_tests/original/Biere/adder_3_4/pec_adder_3_bit_4_2.dqdimacs,18,170
./benchmark_tests/original/Biere/adder_3_4/pec_adder_3_bit_4_2.dqdimacs,19,155
./benchmark_tests/original/Biere/adder_3_4/pec_adder_3_bit_4_2.dqdimacs,20,142
./benchmark_tests/original/Biere/adder_3_4/pec_adder_3_bit_4_2.dqdimacs,22,127
./benchmark_tests/original/Biere/adder_3_4/pec_adder_3_bit_4_2.dqdimacs,23,118
./benchmark_tests/original/Biere/adder_3_4/pec_adder_3_bit_4_2.dqdimacs,24,108
./benchmark_tests/original/Biere/adder_3_4/pec_adder_3_bit_4_2.dqdimacs,25,101
./benchmark_tests/original/Biere/adder_3_4/pec_adder_3_bit_4_2.dqdimacs,26,99
./benchmark_tests/original/Biere/adder_3_4/pec_adder_3_bit_4_2.dqdimacs,27,102
./benchmark_tests/original/Biere/adder_3_4/pec_adder_3_bit_4_2.dqdimacs,29,98
./benchmark_tests/original/Biere/adder_3_4/pec_adder_3_bit_4_2.dqdimacs,30,99
./benchmark_tests/original/Biere/adder_3_4/pec_adder_3_bit_4_2.dqdimacs,31,101
./benchmark_tests/original/Biere/adder_3_4/pec_adder_3_bit_4_2.dqdimacs,33,99
./benchmark_tests/original/Biere/adder_3_4/pec_adder_3_bit_4_2.dqdimacs,34,97
./benchmark_tests/original/Biere/adder_3_4/pec_adder_3_bit_4_2.dqdimacs,35,99
./benchmark_tests/original/Biere/adder_3_4/pec_adder_3_bit_4_2.dqdimacs,36,100
./benchmark_tests/original/Biere/adder_3_4/pec_adder_3_bit_4_2.dqdimacs,37,98
./benchmark_tests/original/Biere/adder_3_4/pec_adder_3_bit_4_2.dqdimacs,38,101
./benchmark_tests/original/Biere/adder_3_4/pec_adder_3_bit_4_2.dqdimacs,40,98
./benchmark_tests/original/Biere/adder_3_4/pec_adder_3_bit_4_2.dqdimacs,41,100
./benchmark_tests/original/Biere/adder_3_4/pec_adder_3_bit_4_2.dqdimacs,42,100
./benchmark_tests/original/Biere/adder_3_4/pec_adder_3_bit_4_2.dqdimacs,44,99
./benchmark_tests/original/Biere/adder_3_4/pec_adder_3_bit_4_2.dqdimacs,45,99
./benchmark_tests/original/Biere/adder_3_4/pec_adder_3_bit_4_2.dqdimacs,46,98
./benchmark_tests/original/Biere/adder_3_4/pec_adder_3_bit_4_2.dqdimacs,47,99
./benchmark_tests/original/Biere/adder_3_4/pec_adder_3_bit_4_2.dqdimacs,49,100
./benchmark_tests/original/Biere/adder_3_4/pec_adder_3_bit_4_2.dqdimacs,50,100
./benchmark_tests/original/Biere/adder_3_4/pec_adder_3_bit_4_2.dqdimacs,51,100
./benchmark_tests/original/Biere/adder_3_4/pec_adder_3_bit_4_2.dqdimacs,52,100
./benchmark_tests/original/Biere/adder_3_4/pec_adder_3_bit_4_2.dqdimacs,53,98
./benchmark_tests/original/Biere/adder_3_4/pec_adder_3_bit_4_2.dqdimacs,54,98
./benchmark_tests/original/Biere/adder_3_4/pec_adder_3_bit_4_2.dqdimacs,55,99
./benchmark_tests/original/Biere/adder_3_4/pec_adder_3_bit_4_2.dqdimacs,56,99
./benchmark_tests/original/Biere/adder_3_4/pec_adder_3_bit_4_2.dqdimacs,57,100
./benchmark_tests/original/Biere/adder_3_4/pec_adder_3_bit_4_2.dqdimacs,58,99
./benchmark_tests/original/Biere/adder_3_4/pec_adder_3_bit_4_2.dqdimacs,59,101
./benchmark_tests/original/Biere/adder_3_4/pec_adder_3_bit_4_2.dqdimacs,60,99
./benchmark_tests/original/Biere/adder_3_4/pec_adder_3_bit_4_2.dqdimacs,61,100
./benchmark_tests/original/Biere/adder_3_4/pec_adder_3_bit_4_2.dqdimacs,62,100
./benchmark_tests/original/Biere/adder_3_4/pec_adder_3_bit_4_2.dqdimacs,63,98
./benchmark_tests/original/Biere/adder_3_4/pec_adder_3_bit_4_2.dqdimacs,64,98
./benchmark_tests/original/Biere/adder_3_4/pec_adder_3_bit_4_2.dqdimacs,65,98
./benchmark_tests/original/Biere/adder_3_4/pec_adder_3_bit_4_2.dqdimacs,66,98
./benchmark_tests/original/Biere/adder_3_4/pec_adder_3_bit_4_2.dqdimacs,67,100
./benchmark_tests/original/Biere/adder_3_4/pec_adder_3_bit_4_2.dqdimacs,68,100
./benchmark_tests/original/Biere/adder_3_4/pec_adder_3_bit_4_2.dqdimacs,69,100
./benchmark_tests/original/Biere/adder_3_4/pec_adder_3_bit_4_2.dqdimacs,70,98
./benchmark_tests/original/Biere/adder_3_4/pec_adder_3_bit_4_30.dqdimacs,4,450
./benchmark_tests/original/Biere/adder_3_4/pec_adder_3_bit_4_30.dqdimacs,5,403
./benchmark_tests/original/Biere/adder_3_4/pec_adder_3_bit_4_30.dqdimacs,6,401
./benchmark_tests/original/Biere/adder_3_4/pec_adder_3_bit_4_30.dqdimacs,10,393
./benchmark_tests/original/Biere/adder_3_4/pec_adder_3_bit_4_30.dqdimacs,11,332
./benchmark_tests/original/Biere/adder_3_4/pec_adder_3_bit_4_30.dqdimacs,12,268
./benchmark_tests/original/Biere/adder_3_4/pec_adder_3_bit_4_30.dqdimacs,13,224
./benchmark_tests/original/Biere/adder_3_4/pec_adder_3_bit_4_30.dqdimacs,17,213
./benchmark_tests/original/Biere/adder_3_4/pec_adder_3_bit_4_30.dqdimacs,18,212
./benchmark_tests/original/Biere/adder_3_4/pec_adder_3_bit_4_30.dqdimacs,19,212
./benchmark_tests/original/Biere/adder_3_4/pec_adder_3_bit_4_30.dqdimacs,20,213
./benchmark_tests/original/Biere/adder_3_4/pec_adder_3_bit_4_30.dqdimacs,22,212
./benchmark_tests/original/Biere/adder_3_4/pec_adder_3_bit_4_30.dqdimacs,23,212
./benchmark_tests/original/Biere/adder_3_4/pec_adder_3_bit_4_30.dqdimacs,24,212
./benchmark_tests/original/Biere/adder_3_4/pec_adder_3_bit_4_30.dqdimacs,25,212
./benchmark_tests/original/Biere/adder_3_4/pec_adder_3_bit_4_30.dqdimacs,26,213
./benchmark_tests/original/Biere/adder_3_4/pec_adder_3_bit_4_30.dqdimacs,27,214
./benchmark_tests/original/Biere/adder_3_4/pec_adder_3_bit_4_30.dqdimacs,29,212
./benchmark_tests/original/Biere/adder_3_4/pec_adder_3_bit_4_30.dqdimacs,30,212
./benchmark_tests/original/Biere/adder_3_4/pec_adder_3_bit_4_30.dqdimacs,31,214
./benchmark_tests/original/Biere/adder_3_4/pec_adder_3_bit_4_30.dqdimacs,33,211
./benchmark_tests/original/Biere/adder_3_4/pec_adder_3_bit_4_30.dqdimacs,34,212
./benchmark_tests/original/Biere/adder_3_4/pec_adder_3_bit_4_30.dqdimacs,35,212
./benchmark_tests/original/Biere/adder_3_4/pec_adder_3_bit_4_30.dqdimacs,36,213
./benchmark_tests/original/Biere/adder_3_4/pec_adder_3_bit_4_30.dqdimacs,38,211
./benchmark_tests/original/Biere/adder_3_4/pec_adder_3_bit_4_30.dqdimacs,39,211
./benchmark_tests/original/Biere/adder_3_4/pec_adder_3_bit_4_30.dqdimacs,40,211
./benchmark_tests/original/Biere/adder_3_4/pec_adder_3_bit_4_30.dqdimacs,41,213
./benchmark_tests/original/Biere/adder_3_4/pec_adder_3_bit_4_30.dqdimacs,43,214
./benchmark_tests/original/Biere/adder_3_4/pec_adder_3_bit_4_30.dqdimacs,44,211
./benchmark_tests/original/Biere/adder_3_4/pec_adder_3_bit_4_30.dqdimacs,45,213
./benchmark_tests/original/Biere/adder_3_4/pec_adder_3_bit_4_30.dqdimacs,47,212
./benchmark_tests/original/Biere/adder_3_4/pec_adder_3_bit_4_30.dqdimacs,48,212
./benchmark_tests/original/Biere/adder_3_4/pec_adder_3_bit_4_30.dqdimacs,49,214
./benchmark_tests/original/Biere/adder_3_4/pec_adder_3_bit_4_30.dqdimacs,51,212
./benchmark_tests/original/Biere/adder_3_4/pec_adder_3_bit_4_30.dqdimacs,52,213
./benchmark_tests/original/Biere/adder_3_4/pec_adder_3_bit_4_30.dqdimacs,53,214
./benchmark_tests/original/Biere/adder_3_4/pec_adder_3_bit_4_30.dqdimacs,54,213
./benchmark_tests/original/Biere/adder_3_4/pec_adder_3_bit_4_30.dqdimacs,55,215
./benchmark_tests/original/Biere/adder_3_4/pec_adder_3_bit_4_30.dqdimacs,57,213
./benchmark_tests/original/Biere/adder_3_4/pec_adder_3_bit_4_30.dqdimacs,58,213
./benchmark_tests/original/Biere/adder_3_4/pec_adder_3_bit_4_30.dqdimacs,59,215
./benchmark_tests/original/Biere/adder_3_4/pec_adder_3_bit_4_30.dqdimacs,60,213
./benchmark_tests/original/Biere/adder_3_4/pec_adder_3_bit_4_30.dqdimacs,61,213
./benchmark_tests/original/Biere/adder_3_4/pec_adder_3_bit_4_30.dqdimacs,62,214
./benchmark_tests/original/Biere/adder_3_4/pec_adder_3_bit_4_30.dqdimacs,63,215
./benchmark_tests/original/Biere/adder_3_4/pec_adder_3_bit_4_30.dqdimacs,64,215
./benchmark_tests/original/Biere/adder_3_4/pec_adder_3_bit_4_30.dqdimacs,65,214
./benchmark_tests/original/Biere/adder_3_4/pec_adder_3_bit_4_30.dqdimacs,66,214
./benchmark_tests/original/Biere/adder_3_4/pec_adder_3_bit_4_30.dqdimacs,67,214
./benchmark_tests/original/Biere/adder_3_4/pec_adder_3_bit_4_30.dqdimacs,68,214
./benchmark_tests/original/Biere/adder_3_4/pec_adder_3_bit_4_30.dqdimacs,69,214
./benchmark_tests/original/Biere/adder_3_4/pec_adder_3_bit_4_30.dqdimacs,70,214
./benchmark_tests/original/Biere/adder_3_4/pec_adder_3_bit_4_30.dqdimacs,71,214
./benchmark_tests/original/Biere/adder_3_4/pec_adder_3_bit_4_30.dqdimacs,72,216
./benchmark_tests/original/Biere/adder_3_4/pec_adder_3_bit_4_30.dqdimacs,73,215
./benchmark_tests/original/Biere/adder_3_4/pec_adder_3_bit_4_30.dqdimacs,74,214
./benchmark_tests/original/Biere/adder_3_4/pec_adder_3_bit_4_30.dqdimacs,75,215
./benchmark_tests/original/Biere/adder_3_4/pec_adder_3_bit_4_30.dqdimacs,76,215
./benchmark_tests/original/Biere/adder_3_4/pec_adder_3_bit_4_30.dqdimacs,77,214
./benchmark_tests/original/Biere/adder_3_4/pec_adder_3_bit_4_31.dqdimacs,4,251
./benchmark_tests/original/Biere/adder_3_4/pec_adder_3_bit_4_31.dqdimacs,5,201
./benchmark_tests/original/Biere/adder_3_4/pec_adder_3_bit_4_31.dqdimacs,6,198
./benchmark_tests/original/Biere/adder_3_4/pec_adder_3_bit_4_31.dqdimacs,10,202
./benchmark_tests/original/Biere/adder_3_4/pec_adder_3_bit_4_31.dqdimacs,11,204
./benchmark_tests/original/Biere/adder_3_4/pec_adder_3_bit_4_31.dqdimacs,12,203
./benchmark_tests/original/Biere/adder_3_4/pec_adder_3_bit_4_31.dqdimacs,13,202
./benchmark_tests/original/Biere/adder_3_4/pec_adder_3_bit_4_31.dqdimacs,17,190
./benchmark_tests/original/Biere/adder_3_4/pec_adder_3_bit_4_31.dqdimacs,18,176
./benchmark_tests/original/Biere/adder_3_4/pec_adder_3_bit_4_31.dqdimacs,19,155
./benchmark_tests/original/Biere/adder_3_4/pec_adder_3_bit_4_31.dqdimacs,20,144
./benchmark_tests/original/Biere/adder_3_4/pec_adder_3_bit_4_31.dqdimacs,22,125
./benchmark_tests/original/Biere/adder_3_4/pec_adder_3_bit_4_31.dqdimacs,23,117
./benchmark_tests/original/Biere/adder_3_4/pec_adder_3_bit_4_31.dqdimacs,24,107
./benchmark_tests/original/Biere/adder_3_4/pec_adder_3_bit_4_31.dqdimacs,25,109
./benchmark_tests/original/Biere/adder_3_4/pec_adder_3_bit_4_31.dqdimacs,26,109
./benchmark_tests/original/Biere/adder_3_4/pec_adder_3_bit_4_31.dqdimacs,27,108
./benchmark_tests/original/Biere/adder_3_4/pec_adder_3_bit_4_31.dqdimacs,29,107
./benchmark_tests/original/Biere/adder_3_4/pec_adder_3_bit_4_31.dqdimacs,30,109
./benchmark_tests/original/Biere/adder_3_4/pec_adder_3_bit_4_31.dqdimacs,31,111
./benchmark_tests/original/Biere/adder_3_4/pec_adder_3_bit_4_31.dqdimacs,33,106
./benchmark_tests/original/Biere/adder_3_4/pec_adder_3_bit_4_31.dqdimacs,34,105
./benchmark_tests/original/Biere/adder_3_4/pec_adder_3_bit_4_31.dqdimacs,35,109
./benchmark_tests/original/Biere/adder_3_4/pec_adder_3_bit_4_31.dqdimacs,36,110
./benchmark_tests/original/Biere/adder_3_4/pec_adder_3_bit_4_31.dqdimacs,38,108
./benchmark_tests/original/Biere/adder_3_4/pec_adder_3_bit_4_31.dqdimacs,39,105
./benchmark_tests/original/Biere/adder_3_4/pec_adder_3_bit_4_31.dqdimacs,40,106
./benchmark_tests/original/Biere/adder_3_4/pec_adder_3_bit_4_31.dqdimacs,41,112
./benchmark_tests/original/Biere/adder_3_4/pec_adder_3_bit_4_31.dqdimacs,43,109
./benchmark_tests/original/Biere/adder_3_4/pec_adder_3_bit_4_31.dqdimacs,44,109
./benchmark_tests/original/Biere/adder_3_4/pec_adder_3_bit_4_31.dqdimacs,45,112
./benchmark_tests/original/Biere/adder_3_4/pec_adder_3_bit_4_31.dqdimacs,47,107
./benchmark_tests/original/Biere/adder_3_4/pec_adder_3_bit_4_31.dqdimacs,48,108
./benchmark_tests/original/Biere/adder_3_4/pec_adder_3_bit_4_31.dqdimacs,49,107
./benchmark_tests/original/Biere/adder_3_4/pec_adder_3_bit_4_31.dqdimacs,50,109
./benchmark_tests/original/Biere/adder_3_4/pec_adder_3_bit_4_31.dqdimacs,52,108
./benchmark_tests/original/Biere/adder_3_4/pec_adder_3_bit_4_31.dqdimacs,53,106
./benchmark_tests/original/Biere/adder_3_4/pec_adder_3_bit_4_31.dqdimacs,54,108
./benchmark_tests/original/Biere/adder_3_4/pec_adder_3_bit_4_31.dqdimacs,55,109
./benchmark_tests/original/Biere/adder_3_4/pec_adder_3_bit_4_31.dqdimacs,56,109
./benchmark_tests/original/Biere/adder_3_4/pec_adder_3_bit_4_31.dqdimacs,57,109
./benchmark_tests/original/Biere/adder_3_4/pec_adder_3_bit_4_31.dqdimacs,58,107
./benchmark_tests/original/Biere/adder_3_4/pec_adder_3_bit_4_31.dqdimacs,59,109
./benchmark_tests/original/Biere/adder_3_4/pec_adder_3_bit_4_31.dqdimacs,60,110
./benchmark_tests/original/Biere/adder_3_4/pec_adder_3_bit_4_31.dqdimacs,61,108
./benchmark_tests/original/Biere/adder_3_4/pec_adder_3_bit_4_31.dqdimacs,62,106
./benchmark_tests/original/Biere/adder_3_4/pec_adder_3_bit_4_31.dqdimacs,63,109
./benchmark_tests/original/Biere/adder_3_4/pec_adder_3_bit_4_31.dqdimacs,64,106
./benchmark_tests/original/Biere/adder_3_4/pec_adder_3_bit_4_31.dqdimacs,65,109
./benchmark_tests/original/Biere/adder_3_4/pec_adder_3_bit_4_31.dqdimacs,66,106
./benchmark_tests/original/Biere/adder_3_4/pec_adder_3_bit_4_31.dqdimacs,67,106
./benchmark_tests/original/Biere/adder_3_4/pec_adder_3_bit_4_31.dqdimacs,68,109
./benchmark_tests/original/Biere/adder_3_4/pec_adder_3_bit_4_31.dqdimacs,69,109
./benchmark_tests/original/Biere/adder_3_4/pec_adder_3_bit_4_31.dqdimacs,70,109
./benchmark_tests/original/Biere/adder_3_4/pec_adder_3_bit_4_31.dqdimacs,71,109
./benchmark_tests/original/Biere/adder_3_4/pec_adder_3_bit_4_31.dqdimacs,72,109
./benchmark_tests/original/Biere/adder_3_4/pec_adder_3_bit_4_31.dqdimacs,73,109
./benchmark_tests/original/Biere/adder_3_4/pec_adder_3_bit_4_31.dqdimacs,74,108
./benchmark_tests/original/Biere/adder_3_4/pec_adder_3_bit_4_32.dqdimacs,4,347
./benchmark_tests/original/Biere/adder_3_4/pec_adder_3_bit_4_32.dqdimacs,5,298
./benchmark_tests/original/Biere/adder_3_4/pec_adder_3_bit_4_32.dqdimacs,6,299
./benchmark_tests/original/Biere/adder_3_4/pec_adder_3_bit_4_32.dqdimacs,10,297
./benchmark_tests/original/Biere/adder_3_4/pec_adder_3_bit_4_32.dqdimacs,11,297
./benchmark_tests/original/Biere/adder_3_4/pec_adder_3_bit_4_32.dqdimacs,12,269
./benchmark_tests/original/Biere/adder_3_4/pec_adder_3_bit_4_32.dqdimacs,13,232
./benchmark_tests/original/Biere/adder_3_4/pec_adder_3_bit_4_32.dqdimacs,17,197
./benchmark_tests/original/Biere/adder_3_4/pec_adder_3_bit_4_32.dqdimacs,18,172
./benchmark_tests/original/Biere/adder_3_4/pec_adder_3_bit_4_32.dqdimacs,19,160
./benchmark_tests/original/Biere/adder_3_4/pec_adder_3_bit_4_32.dqdimacs,20,161
./benchmark_tests/original/Biere/adder_3_4/pec_adder_3_bit_4_32.dqdimacs,22,161
./benchmark_tests/original/Biere/adder_3_4/pec_adder_3_bit_4_32.dqdimacs,23,161
./benchmark_tests/original/Biere/adder_3_4/pec_adder_3_bit_4_32.dqdimacs,24,162
./benchmark_tests/original/Biere/adder_3_4/pec_adder_3_bit_4_32.dqdimacs,25,160
./benchmark_tests/original/Biere/adder_3_4/pec_adder_3_bit_4_32.dqdimacs,26,159
./benchmark_tests/original/Biere/adder_3_4/pec_adder_3_bit_4_32.dqdimacs,27,162
./benchmark_tests/original/Biere/adder_3_4/pec_adder_3_bit_4_32.dqdimacs,29,159
./benchmark_tests/original/Biere/adder_3_4/pec_adder_3_bit_4_32.dqdimacs,30,159
./benchmark_tests/original/Biere/adder_3_4/pec_adder_3_bit_4_32.dqdimacs,31,161
./benchmark_tests/original/Biere/adder_3_4/pec_adder_3_bit_4_32.dqdimacs,33,159
./benchmark_tests/original/Biere/adder_3_4/pec_adder_3_bit_4_32.dqdimacs,34,159
./benchmark_tests/original/Biere/adder_3_4/pec_adder_3_bit_4_32.dqdimacs,35,162
./benchmark_tests/original/Biere/adder_3_4/pec_adder_3_bit_4_32.dqdimacs,37,158
./benchmark_tests/original/Biere/adder_3_4/pec_adder_3_bit_4_32.dqdimacs,38,159
./benchmark_tests/original/Biere/adder_3_4/pec_adder_3_bit_4_32.dqdimacs,39,162
./benchmark_tests/original/Biere/adder_3_4/pec_adder_3_bit_4_32.dqdimacs,41,159
./benchmark_tests/original/Biere/adder_3_4/pec_adder_3_bit_4_32.dqdimacs,42,159
./benchmark_tests/original/Biere/adder_3_4/pec_adder_3_bit_4_32.dqdimacs,43,162
./benchmark_tests/original/Biere/adder_3_4/pec_adder_3_bit_4_32.dqdimacs,45,160
./benchmark_tests/original/Biere/adder_3_4/pec_adder_3_bit_4_32.dqdimacs,46,159
./benchmark_tests/original/Biere/adder_3_4/pec_adder_3_bit_4_32.dqdimacs,47,161
./benchmark_tests/original/Biere/adder_3_4/pec_adder_3_bit_4_32.dqdimacs,49,158
./benchmark_tests/original/Biere/adder_3_4/pec_adder_3_bit_4_32.dqdimacs,50,159
./benchmark_tests/original/Biere/adder_3_4/pec_adder_3_bit_4_32.dqdimacs,51,158
./benchmark_tests/original/Biere/adder_3_4/pec_adder_3_bit_4_32.dqdimacs,52,158
./benchmark_tests/original/Biere/adder_3_4/pec_adder_3_bit_4_32.dqdimacs,53,160
./benchmark_tests/original/Biere/adder_3_4/pec_adder_3_bit_4_32.dqdimacs,54,161
./benchmark_tests/original/Biere/adder_3_4/pec_adder_3_bit_4_32.dqdimacs,56,158
./benchmark_tests/original/Biere/adder_3_4/pec_adder_3_bit_4_32.dqdimacs,57,158
./benchmark_tests/original/Biere/adder_3_4/pec_adder_3_bit_4_32.dqdimacs,58,158
./benchmark_tests/original/Biere/adder_3_4/pec_adder_3_bit_4_32.dqdimacs,59,161
./benchmark_tests/original/Biere/adder_3_4/pec_adder_3_bit_4_32.dqdimacs,61,157
./benchmark_tests/original/Biere/adder_3_4/pec_adder_3_bit_4_32.dqdimacs,62,157
./benchmark_tests/original/Biere/adder_3_4/pec_adder_3_bit_4_32.dqdimacs,63,159
./benchmark_tests/original/Biere/adder_3_4/pec_adder_3_bit_4_32.dqdimacs,64,161
./benchmark_tests/original/Biere/adder_3_4/pec_adder_3_bit_4_32.dqdimacs,65,158
./benchmark_tests/original/Biere/adder_3_4/pec_adder_3_bit_4_32.dqdimacs,66,158
./benchmark_tests/original/Biere/adder_3_4/pec_adder_3_bit_4_32.dqdimacs,67,157
./benchmark_tests/original/Biere/adder_3_4/pec_adder_3_bit_4_32.dqdimacs,68,158
./benchmark_tests/original/Biere/adder_3_4/pec_adder_3_bit_4_32.dqdimacs,69,158
./benchmark_tests/original/Biere/adder_3_4/pec_adder_3_bit_4_32.dqdimacs,70,158
./benchmark_tests/original/Biere/adder_3_4/pec_adder_3_bit_4_32.dqdimacs,71,158
./benchmark_tests/original/Biere/adder_3_4/pec_adder_3_bit_4_32.dqdimacs,72,158
./benchmark_tests/original/Biere/adder_3_4/pec_adder_3_bit_4_32.dqdimacs,73,158
./benchmark_tests/original/Biere/adder_3_4/pec_adder_3_bit_4_32.dqdimacs,74,158
./benchmark_tests/original/Biere/adder_3_4/pec_adder_3_bit_4_32.dqdimacs,75,157
./benchmark_tests/original/Biere/adder_3_4/pec_adder_3_bit_4_32.dqdimacs,76,158
./benchmark_tests/original/Biere/adder_3_4/pec_adder_3_bit_4_32.dqdimacs,77,159
./benchmark_tests/original/Biere/adder_3_4/pec_adder_3_bit_4_32.dqdimacs,78,160
./benchmark_tests/original/Biere/adder_3_4/pec_adder_3_bit_4_32.dqdimacs,79,160
./benchmark_tests/original/Biere/adder_3_4/pec_adder_3_bit_4_32.dqdimacs,80,160
./benchmark_tests/original/Biere/adder_3_4/pec_adder_3_bit_4_32.dqdimacs,81,160
./benchmark_tests/original/Biere/adder_3_4/pec_adder_3_bit_4_33.dqdimacs,4,280
./benchmark_tests/original/Biere/adder_3_4/pec_adder_3_bit_4_33.dqdimacs,5,232
./benchmark_tests/original/Biere/adder_3_4/pec_adder_3_bit_4_33.dqdimacs,6,232
./benchmark_tests/original/Biere/adder_3_4/pec_adder_3_bit_4_33.dqdimacs,10,230
./benchmark_tests/original/Biere/adder_3_4/pec_adder_3_bit_4_33.dqdimacs,11,232
./benchmark_tests/original/Biere/adder_3_4/pec_adder_3_bit_4_33.dqdimacs,12,233
./benchmark_tests/original/Biere/adder_3_4/pec_adder_3_bit_4_33.dqdimacs,13,223
./benchmark_tests/original/Biere/adder_3_4/pec_adder_3_bit_4_33.dqdimacs,17,200
./benchmark_tests/original/Biere/adder_3_4/pec_adder_3_bit_4_33.dqdimacs,18,175
./benchmark_tests/original/Biere/adder_3_4/pec_adder_3_bit_4_33.dqdimacs,19,155
./benchmark_tests/original/Biere/adder_3_4/pec_adder_3_bit_4_33.dqdimacs,20,140
./benchmark_tests/original/Biere/adder_3_4/pec_adder_3_bit_4_33.dqdimacs,22,126
./benchmark_tests/original/Biere/adder_3_4/pec_adder_3_bit_4_33.dqdimacs,23,123
./benchmark_tests/original/Biere/adder_3_4/pec_adder_3_bit_4_33.dqdimacs,24,123
./benchmark_tests/original/Biere/adder_3_4/pec_adder_3_bit_4_33.dqdimacs,25,124
./benchmark_tests/original/Biere/adder_3_4/pec_adder_3_bit_4_33.dqdimacs,26,123
./benchmark_tests/original/Biere/adder_3_4/pec_adder_3_bit_4_33.dqdimacs,27,125
./benchmark_tests/original/Biere/adder_3_4/pec_adder_3_bit_4_33.dqdimacs,29,123
./benchmark_tests/original/Biere/adder_3_4/pec_adder_3_bit_4_33.dqdimacs,30,123
./benchmark_tests/original/Biere/adder_3_4/pec_adder_3_bit_4_33.dqdimacs,31,123
./benchmark_tests/original/Biere/adder_3_4/pec_adder_3_bit_4_33.dqdimacs,33,121
./benchmark_tests/original/Biere/adder_3_4/pec_adder_3_bit_4_33.dqdimacs,34,121
./benchmark_tests/original/Biere/adder_3_4/pec_adder_3_bit_4_33.dqdimacs,35,123
./benchmark_tests/original/Biere/adder_3_4/pec_adder_3_bit_4_33.dqdimacs,37,121
./benchmark_tests/original/Biere/adder_3_4/pec_adder_3_bit_4_33.dqdimacs,38,121
./benchmark_tests/original/Biere/adder_3_4/pec_adder_3_bit_4_33.dqdimacs,39,123
./benchmark_tests/original/Biere/adder_3_4/pec_adder_3_bit_4_33.dqdimacs,41,121
./benchmark_tests/original/Biere/adder_3_4/pec_adder_3_bit_4_33.dqdimacs,42,121
./benchmark_tests/original/Biere/adder_3_4/pec_adder_3_bit_4_33.dqdimacs,43,122
./benchmark_tests/original/Biere/adder_3_4/pec_adder_3_bit_4_33.dqdimacs,44,121
./benchmark_tests/original/Biere/adder_3_4/pec_adder_3_bit_4_33.dqdimacs,45,124
./benchmark_tests/original/Biere/adder_3_4/pec_adder_3_bit_4_33.dqdimacs,47,122
./benchmark_tests/original/Biere/adder_3_4/pec_adder_3_bit_4_33.dqdimacs,48,122
./benchmark_tests/original/Biere/adder_3_4/pec_adder_3_bit_4_33.dqdimacs,49,124
./benchmark_tests/original/Biere/adder_3_4/pec_adder_3_bit_4_33.dqdimacs,51,122
./benchmark_tests/original/Biere/adder_3_4/pec_adder_3_bit_4_33.dqdimacs,52,121
./benchmark_tests/original/Biere/adder_3_4/pec_adder_3_bit_4_33.dqdimacs,53,122
./benchmark_tests/original/Biere/adder_3_4/pec_adder_3_bit_4_33.dqdimacs,54,123
./benchmark_tests/original/Biere/adder_3_4/pec_adder_3_bit_4_33.dqdimacs,55,121
./benchmark_tests/original/Biere/adder_3_4/pec_adder_3_bit_4_33.dqdimacs,56,120
./benchmark_tests/original/Biere/adder_3_4/pec_adder_3_bit_4_33.dqdimacs,57,121
./benchmark_tests/original/Biere/adder_3_4/pec_adder_3_bit_4_33.dqdimacs,58,121
./benchmark_tests/original/Biere/adder_3_4/pec_adder_3_bit_4_33.dqdimacs,59,121
./benchmark_tests/original/Biere/adder_3_4/pec_adder_3_bit_4_33.dqdimacs,60,121
./benchmark_tests/original/Biere/adder_3_4/pec_adder_3_bit_4_33.dqdimacs,61,121
./benchmark_tests/original/Biere/adder_3_4/pec_adder_3_bit_4_33.dqdimacs,62,121
./benchmark_tests/original/Biere/adder_3_4/pec_adder_3_bit_4_33.dqdimacs,63,121
./benchmark_tests/original/Biere/adder_3_4/pec_adder_3_bit_4_33.dqdimacs,64,121
./benchmark_tests/original/Biere/adder_3_4/pec_adder_3_bit_4_33.dqdimacs,65,122
./benchmark_tests/original/Biere/adder_3_4/pec_adder_3_bit_4_33.dqdimacs,66,121
./benchmark_tests/original/Biere/adder_3_4/pec_adder_3_bit_4_33.dqdimacs,67,122
./benchmark_tests/original/Biere/adder_3_4/pec_adder_3_bit_4_33.dqdimacs,68,122
./benchmark_tests/original/Biere/adder_3_4/pec_adder_3_bit_4_33.dqdimacs,69,122
./benchmark_tests/original/Biere/adder_3_4/pec_adder_3_bit_4_33.dqdimacs,70,122
./benchmark_tests/original/Biere/adder_3_4/pec_adder_3_bit_4_33.dqdimacs,71,121
./benchmark_tests/original/Biere/adder_3_4/pec_adder_3_bit_4_33.dqdimacs,72,122
./benchmark_tests/original/Biere/adder_3_4/pec_adder_3_bit_4_33.dqdimacs,73,123
./benchmark_tests/original/Biere/adder_3_4/pec_adder_3_bit_4_34.dqdimacs,4,337
./benchmark_tests/original/Biere/adder_3_4/pec_adder_3_bit_4_34.dqdimacs,5,290
./benchmark_tests/original/Biere/adder_3_4/pec_adder_3_bit_4_34.dqdimacs,6,290
./benchmark_tests/original/Biere/adder_3_4/pec_adder_3_bit_4_34.dqdimacs,10,290
./benchmark_tests/original/Biere/adder_3_4/pec_adder_3_bit_4_34.dqdimacs,11,290
./benchmark_tests/original/Biere/adder_3_4/pec_adder_3_bit_4_34.dqdimacs,12,269
./benchmark_tests/original/Biere/adder_3_4/pec_adder_3_bit_4_34.dqdimacs,13,232
./benchmark_tests/original/Biere/adder_3_4/pec_adder_3_bit_4_34.dqdimacs,17,196
./benchmark_tests/original/Biere/adder_3_4/pec_adder_3_bit_4_34.dqdimacs,18,172
./benchmark_tests/original/Biere/adder_3_4/pec_adder_3_bit_4_34.dqdimacs,19,156
./benchmark_tests/original/Biere/adder_3_4/pec_adder_3_bit_4_34.dqdimacs,20,156
./benchmark_tests/original/Biere/adder_3_4/pec_adder_3_bit_4_34.dqdimacs,22,156
./benchmark_tests/original/Biere/adder_3_4/pec_adder_3_bit_4_34.dqdimacs,23,156
./benchmark_tests/original/Biere/adder_3_4/pec_adder_3_bit_4_34.dqdimacs,24,154
./benchmark_tests/original/Biere/adder_3_4/pec_adder_3_bit_4_34.dqdimacs,25,152
./benchmark_tests/original/Biere/adder_3_4/pec_adder_3_bit_4_34.dqdimacs,26,154
./benchmark_tests/original/Biere/adder_3_4/pec_adder_3_bit_4_34.dqdimacs,27,157
./benchmark_tests/original/Biere/adder_3_4/pec_adder_3_bit_4_34.dqdimacs,29,153
./benchmark_tests/original/Biere/adder_3_4/pec_adder_3_bit_4_34.dqdimacs,30,155
./benchmark_tests/original/Biere/adder_3_4/pec_adder_3_bit_4_34.dqdimacs,31,157
./benchmark_tests/original/Biere/adder_3_4/pec_adder_3_bit_4_34.dqdimacs,33,153
./benchmark_tests/original/Biere/adder_3_4/pec_adder_3_bit_4_34.dqdimacs,34,153
./benchmark_tests/original/Biere/adder_3_4/pec_adder_3_bit_4_34.dqdimacs,35,157
./benchmark_tests/original/Biere/adder_3_4/pec_adder_3_bit_4_34.dqdimacs,37,154
./benchmark_tests/original/Biere/adder_3_4/pec_adder_3_bit_4_34.dqdimacs,38,152
./benchmark_tests/original/Biere/adder_3_4/pec_adder_3_bit_4_34.dqdimacs,39,153
./benchmark_tests/original/Biere/adder_3_4/pec_adder_3_bit_4_34.dqdimacs,40,155
./benchmark_tests/original/Biere/adder_3_4/pec_adder_3_bit_4_34.dqdimacs,42,154
./benchmark_tests/original/Biere/adder_3_4/pec_adder_3_bit_4_34.dqdimacs,43,154
./benchmark_tests/original/Biere/adder_3_4/pec_adder_3_bit_4_34.dqdimacs,44,157
./benchmark_tests/original/Biere/adder_3_4/pec_adder_3_bit_4_34.dqdimacs,46,154
./benchmark_tests/original/Biere/adder_3_4/pec_adder_3_bit_4_34.dqdimacs,47,156
./benchmark_tests/original/Biere/adder_3_4/pec_adder_3_bit_4_34.dqdimacs,48,155
./benchmark_tests/original/Biere/adder_3_4/pec_adder_3_bit_4_34.dqdimacs,49,157
./benchmark_tests/original/Biere/adder_3_4/pec_adder_3_bit_4_34.dqdimacs,51,153
./benchmark_tests/original/Biere/adder_3_4/pec_adder_3_bit_4_34.dqdimacs,52,153
./benchmark_tests/original/Biere/adder_3_4/pec_adder_3_bit_4_34.dqdimacs,53,155
./benchmark_tests/original/Biere/adder_3_4/pec_adder_3_bit_4_34.dqdimacs,55,153
./benchmark_tests/original/Biere/adder_3_4/pec_adder_3_bit_4_34.dqdimacs,56,153
./benchmark_tests/original/Biere/adder_3_4/pec_adder_3_bit_4_34.dqdimacs,57,155
./benchmark_tests/original/Biere/adder_3_4/pec_adder_3_bit_4_34.dqdimacs,58,156
./benchmark_tests/original/Biere/adder_3_4/pec_adder_3_bit_4_34.dqdimacs,60,153
./benchmark_tests/original/Biere/adder_3_4/pec_adder_3_bit_4_34.dqdimacs,61,154
./benchmark_tests/original/Biere/adder_3_4/pec_adder_3_bit_4_34.dqdimacs,62,155
./benchmark_tests/original/Biere/adder_3_4/pec_adder_3_bit_4_34.dqdimacs,63,157
./benchmark_tests/original/Biere/adder_3_4/pec_adder_3_bit_4_34.dqdimacs,64,154
./benchmark_tests/original/Biere/adder_3_4/pec_adder_3_bit_4_34.dqdimacs,65,152
./benchmark_tests/original/Biere/adder_3_4/pec_adder_3_bit_4_34.dqdimacs,66,152
./benchmark_tests/original/Biere/adder_3_4/pec_adder_3_bit_4_34.dqdimacs,67,153
./benchmark_tests/original/Biere/adder_3_4/pec_adder_3_bit_4_34.dqdimacs,68,153
./benchmark_tests/original/Biere/adder_3_4/pec_adder_3_bit_4_34.dqdimacs,69,153
./benchmark_tests/original/Biere/adder_3_4/pec_adder_3_bit_4_34.dqdimacs,70,153
./benchmark_tests/original/Biere/adder_3_4/pec_adder_3_bit_4_34.dqdimacs,71,153
./benchmark_tests/original/Biere/adder_3_4/pec_adder_3_bit_4_34.dqdimacs,72,154
./benchmark_tests/original/Biere/adder_3_4/pec_adder_3_bit_4_34.dqdimacs,73,155
./benchmark_tests/original/Biere/adder_3_4/pec_adder_3_bit_4_34.dqdimacs,74,154
./benchmark_tests/original/Biere/adder_3_4/pec_adder_3_bit_4_34.dqdimacs,75,153
./benchmark_tests/original/Biere/adder_3_4/pec_adder_3_bit_4_34.dqdimacs,76,153
./benchmark_tests/original/Biere/adder_3_4/pec_adder_3_bit_4_34.dqdimacs,77,149
./benchmark_tests/original/Biere/adder_3_4/pec_adder_3_bit_4_34.dqdimacs,78,152
./benchmark_tests/original/Biere/adder_3_4/pec_adder_3_bit_4_34.dqdimacs,79,151
./benchmark_tests/original/Biere/adder_3_4/pec_adder_3_bit_4_34.dqdimacs,80,152
./benchmark_tests/original/Biere/adder_3_4/pec_adder_3_bit_4_34.dqdimacs,81,152
./benchmark_tests/original/Biere/adder_3_4/pec_adder_3_bit_4_35.dqdimacs,4,398
./benchmark_tests/original/Biere/adder_3_4/pec_adder_3_bit_4_35.dqdimacs,5,348
./benchmark_tests/original/Biere/adder_3_4/pec_adder_3_bit_4_35.dqdimacs,6,344
./benchmark_tests/original/Biere/adder_3_4/pec_adder_3_bit_4_35.dqdimacs,10,348
./benchmark_tests/original/Biere/adder_3_4/pec_adder_3_bit_4_35.dqdimacs,11,325
./benchmark_tests/original/Biere/adder_3_4/pec_adder_3_bit_4_35.dqdimacs,12,274
./benchmark_tests/original/Biere/adder_3_4/pec_adder_3_bit_4_35.dqdimacs,13,226
./benchmark_tests/original/Biere/adder_3_4/pec_adder_3_bit_4_35.dqdimacs,17,194
./benchmark_tests/original/Biere/adder_3_4/pec_adder_3_bit_4_35.dqdimacs,18,185
./benchmark_tests/original/Biere/adder_3_4/pec_adder_3_bit_4_35.dqdimacs,19,184
./benchmark_tests/original/Biere/adder_3_4/pec_adder_3_bit_4_35.dqdimacs,20,185
./benchmark_tests/original/Biere/adder_3_4/pec_adder_3_bit_4_35.dqdimacs,22,183
./benchmark_tests/original/Biere/adder_3_4/pec_adder_3_bit_4_35.dqdimacs,23,183
./benchmark_tests/original/Biere/adder_3_4/pec_adder_3_bit_4_35.dqdimacs,24,184
./benchmark_tests/original/Biere/adder_3_4/pec_adder_3_bit_4_35.dqdimacs,25,182
./benchmark_tests/original/Biere/adder_3_4/pec_adder_3_bit_4_35.dqdimacs,26,183
./benchmark_tests/original/Biere/adder_3_4/pec_adder_3_bit_4_35.dqdimacs,27,185
./benchmark_tests/original/Biere/adder_3_4/pec_adder_3_bit_4_35.dqdimacs,29,184
./benchmark_tests/original/Biere/adder_3_4/pec_adder_3_bit_4_35.dqdimacs,30,185
./benchmark_tests/original/Biere/adder_3_4/pec_adder_3_bit_4_35.dqdimacs,31,188
./benchmark_tests/original/Biere/adder_3_4/pec_adder_3_bit_4_35.dqdimacs,33,185
./benchmark_tests/original/Biere/adder_3_4/pec_adder_3_bit_4_35.dqdimacs,34,183
./benchmark_tests/original/Biere/adder_3_4/pec_adder_3_bit_4_35.dqdimacs,35,185
./benchmark_tests/original/Biere/adder_3_4/pec_adder_3_bit_4_35.dqdimacs,37,181
./benchmark_tests/original/Biere/adder_3_4/pec_adder_3_bit_4_35.dqdimacs,38,183
./benchmark_tests/original/Biere/adder_3_4/pec_adder_3_bit_4_35.dqdimacs,39,182
./benchmark_tests/original/Biere/adder_3_4/pec_adder_3_bit_4_35.dqdimacs,40,184
./benchmark_tests/original/Biere/adder_3_4/pec_adder_3_bit_4_35.dqdimacs,42,185
./benchmark_tests/original/Biere/adder_3_4/pec_adder_3_bit_4_35.dqdimacs,43,185
./benchmark_tests/original/Biere/adder_3_4/pec_adder_3_bit_4_35.dqdimacs,44,187
./benchmark_tests/original/Biere/adder_3_4/pec_adder_3_bit_4_35.dqdimacs,45,186
./benchmark_tests/original/Biere/adder_3_4/pec_adder_3_bit_4_35.dqdimacs,47,185
./benchmark_tests/original/Biere/adder_3_4/pec_adder_3_bit_4_35.dqdimacs,48,184
./benchmark_tests/original/Biere/adder_3_4/pec_adder_3_bit_4_35.dqdimacs,49,184
./benchmark_tests/original/Biere/adder_3_4/pec_adder_3_bit_4_35.dqdimacs,50,184
./benchmark_tests/original/Biere/adder_3_4/pec_adder_3_bit_4_35.dqdimacs,51,184
./benchmark_tests/original/Biere/adder_3_4/pec_adder_3_bit_4_35.dqdimacs,53,185
./benchmark_tests/original/Biere/adder_3_4/pec_adder_3_bit_4_35.dqdimacs,54,186
./benchmark_tests/original/Biere/adder_3_4/pec_adder_3_bit_4_35.dqdimacs,55,185
./benchmark_tests/original/Biere/adder_3_4/pec_adder_3_bit_4_35.dqdimacs,56,188
./benchmark_tests/original/Biere/adder_3_4/pec_adder_3_bit_4_35.dqdimacs,58,185
./benchmark_tests/original/Biere/adder_3_4/pec_adder_3_bit_4_35.dqdimacs,59,186
./benchmark_tests/original/Biere/adder_3_4/pec_adder_3_bit_4_35.dqdimacs,60,186
./benchmark_tests/original/Biere/adder_3_4/pec_adder_3_bit_4_35.dqdimacs,61,187
./benchmark_tests/original/Biere/adder_3_4/pec_adder_3_bit_4_35.dqdimacs,62,185
./benchmark_tests/original/Biere/adder_3_4/pec_adder_3_bit_4_35.dqdimacs,63,186
./benchmark_tests/original/Biere/adder_3_4/pec_adder_3_bit_4_35.dqdimacs,64,184
./benchmark_tests/original/Biere/adder_3_4/pec_adder_3_bit_4_35.dqdimacs,65,185
./benchmark_tests/original/Biere/adder_3_4/pec_adder_3_bit_4_35.dqdimacs,66,183
./benchmark_tests/original/Biere/adder_3_4/pec_adder_3_bit_4_35.dqdimacs,67,184
./benchmark_tests/original/Biere/adder_3_4/pec_adder_3_bit_4_35.dqdimacs,68,184
./benchmark_tests/original/Biere/adder_3_4/pec_adder_3_bit_4_35.dqdimacs,69,183
./benchmark_tests/original/Biere/adder_3_4/pec_adder_3_bit_4_35.dqdimacs,70,182
./benchmark_tests/original/Biere/adder_3_4/pec_adder_3_bit_4_35.dqdimacs,71,181
./benchmark_tests/original/Biere/adder_3_4/pec_adder_3_bit_4_35.dqdimacs,72,181
./benchmark_tests/original/Biere/adder_3_4/pec_adder_3_bit_4_35.dqdimacs,73,182
./benchmark_tests/original/Biere/adder_3_4/pec_adder_3_bit_4_35.dqdimacs,74,180
./benchmark_tests/original/Biere/adder_3_4/pec_adder_3_bit_4_35.dqdimacs,75,181
./benchmark_tests/original/Biere/adder_3_4/pec_adder_3_bit_4_35.dqdimacs,76,181
./benchmark_tests/original/Biere/adder_3_4/pec_adder_3_bit_4_35.dqdimacs,77,182
./benchmark_tests/original/Biere/adder_3_4/pec_adder_3_bit_4_35.dqdimacs,78,182
./benchmark_tests/original/Biere/adder_3_4/pec_adder_3_bit_4_36.dqdimacs,4,287
./benchmark_tests/original/Biere/adder_3_4/pec_adder_3_bit_4_36.dqdimacs,5,237
./benchmark_tests/original/Biere/adder_3_4/pec_adder_3_bit_4_36.dqdimacs,6,234
./benchmark_tests/original/Biere/adder_3_4/pec_adder_3_bit_4_36.dqdimacs,10,239
./benchmark_tests/original/Biere/adder_3_4/pec_adder_3_bit_4_36.dqdimacs,11,240
./benchmark_tests/original/Biere/adder_3_4/pec_adder_3_bit_4_36.dqdimacs,12,239
./benchmark_tests/original/Biere/adder_3_4/pec_adder_3_bit_4_36.dqdimacs,13,220
./benchmark_tests/original/Biere/adder_3_4/pec_adder_3_bit_4_36.dqdimacs,17,195
./benchmark_tests/original/Biere/adder_3_4/pec_adder_3_bit_4_36.dqdimacs,18,175
./benchmark_tests/original/Biere/adder_3_4/pec_adder_3_bit_4_36.dqdimacs,19,154
./benchmark_tests/original/Biere/adder_3_4/pec_adder_3_bit_4_36.dqdimacs,20,137
./benchmark_tests/original/Biere/adder_3_4/pec_adder_3_bit_4_36.dqdimacs,22,128
./benchmark_tests/original/Biere/adder_3_4/pec_adder_3_bit_4_36.dqdimacs,23,125
./benchmark_tests/original/Biere/adder_3_4/pec_adder_3_bit_4_36.dqdimacs,24,124
./benchmark_tests/original/Biere/adder_3_4/pec_adder_3_bit_4_36.dqdimacs,25,124
./benchmark_tests/original/Biere/adder_3_4/pec_adder_3_bit_4_36.dqdimacs,26,124
./benchmark_tests/original/Biere/adder_3_4/pec_adder_3_bit_4_36.dqdimacs,27,126
./benchmark_tests/original/Biere/adder_3_4/pec_adder_3_bit_4_36.dqdimacs,29,122
./benchmark_tests/original/Biere/adder_3_4/pec_adder_3_bit_4_36.dqdimacs,30,124
./benchmark_tests/original/Biere/adder_3_4/pec_adder_3_bit_4_36.dqdimacs,31,127
./benchmark_tests/original/Biere/adder_3_4/pec_adder_3_bit_4_36.dqdimacs,33,124
./benchmark_tests/original/Biere/adder_3_4/pec_adder_3_bit_4_36.dqdimacs,34,123
./benchmark_tests/original/Biere/adder_3_4/pec_adder_3_bit_4_36.dqdimacs,35,128
./benchmark_tests/original/Biere/adder_3_4/pec_adder_3_bit_4_36.dqdimacs,37,124
./benchmark_tests/original/Biere/adder_3_4/pec_adder_3_bit_4_36.dqdimacs,38,121
./benchmark_tests/original/Biere/adder_3_4/pec_adder_3_bit_4_36.dqdimacs,39,122
./benchmark_tests/original/Biere/adder_3_4/pec_adder_3_bit_4_36.dqdimacs,40,124
./benchmark_tests/original/Biere/adder_3_4/pec_adder_3_bit_4_36.dqdimacs,42,124
./benchmark_tests/original/Biere/adder_3_4/pec_adder_3_bit_4_36.dqdimacs,43,123
./benchmark_tests/original/Biere/adder_3_4/pec_adder_3_bit_4_36.dqdimacs,44,123
./benchmark_tests/original/Biere/adder_3_4/pec_adder_3_bit_4_36.dqdimacs,45,124
./benchmark_tests/original/Biere/adder_3_4/pec_adder_3_bit_4_36.dqdimacs,47,124
./benchmark_tests/original/Biere/adder_3_4/pec_adder_3_bit_4_36.dqdimacs,48,122
./benchmark_tests/original/Biere/adder_3_4/pec_adder_3_bit_4_36.dqdimacs,49,123
./benchmark_tests/original/Biere/adder_3_4/pec_adder_3_bit_4_36.dqdimacs,50,122
./benchmark_tests/original/Biere/adder_3_4/pec_adder_3_bit_4_36.dqdimacs,51,123
./benchmark_tests/original/Biere/adder_3_4/pec_adder_3_bit_4_36.dqdimacs,52,123
./benchmark_tests/original/Biere/adder_3_4/pec_adder_3_bit_4_36.dqdimacs,53,123
./benchmark_tests/original/Biere/adder_3_4/pec_adder_3_bit_4_36.dqdimacs,54,125
./benchmark_tests/original/Biere/adder_3_4/pec_adder_3_bit_4_36.dqdimacs,55,123
./benchmark_tests/original/Biere/adder_3_4/pec_adder_3_bit_4_36.dqdimacs,56,123
./benchmark_tests/original/Biere/adder_3_4/pec_adder_3_bit_4_36.dqdimacs,57,126
./benchmark_tests/original/Biere/adder_3_4/pec_adder_3_bit_4_36.dqdimacs,58,123
./benchmark_tests/original/Biere/adder_3_4/pec_adder_3_bit_4_36.dqdimacs,59,124
./benchmark_tests/original/Biere/adder_3_4/pec_adder_3_bit_4_36.dqdimacs,60,127
./benchmark_tests/original/Biere/adder_3_4/pec_adder_3_bit_4_36.dqdimacs,61,124
./benchmark_tests/original/Biere/adder_3_4/pec_adder_3_bit_4_36.dqdimacs,62,124
./benchmark_tests/original/Biere/adder_3_4/pec_adder_3_bit_4_36.dqdimacs,63,125
./benchmark_tests/original/Biere/adder_3_4/pec_adder_3_bit_4_36.dqdimacs,64,125
./benchmark_tests/original/Biere/adder_3_4/pec_adder_3_bit_4_36.dqdimacs,65,125
./benchmark_tests/original/Biere/adder_3_4/pec_adder_3_bit_4_36.dqdimacs,66,127
./benchmark_tests/original/Biere/adder_3_4/pec_adder_3_bit_4_36.dqdimacs,67,127
./benchmark_tests/original/Biere/adder_3_4/pec_adder_3_bit_4_36.dqdimacs,68,124
./benchmark_tests/original/Biere/adder_3_4/pec_adder_3_bit_4_36.dqdimacs,69,127
./benchmark_tests/original/Biere/adder_3_4/pec_adder_3_bit_4_36.dqdimacs,70,126
./benchmark_tests/original/Biere/adder_3_4/pec_adder_3_bit_4_37.dqdimacs,4,236
./benchmark_tests/original/Biere/adder_3_4/pec_adder_3_bit_4_37.dqdimacs,5,277
./benchmark_tests/original/Biere/adder_3_4/pec_adder_3_bit_4_37.dqdimacs,6,209
./benchmark_tests/original/Biere/adder_3_4/pec_adder_3_bit_4_37.dqdimacs,10,210
./benchmark_tests/original/Biere/adder_3_4/pec_adder_3_bit_4_37.dqdimacs,11,207
./benchmark_tests/original/Biere/adder_3_4/pec_adder_3_bit_4_37.dqdimacs,12,210
./benchmark_tests/original/Biere/adder_3_4/pec_adder_3_bit_4_37.dqdimacs,13,204
./benchmark_tests/original/Biere/adder_3_4/pec_adder_3_bit_4_37.dqdimacs,17,197
./benchmark_tests/original/Biere/adder_3_4/pec_adder_3_bit_4_37.dqdimacs,18,172
./benchmark_tests/original/Biere/adder_3_4/pec_adder_3_bit_4_37.dqdimacs,19,151
./benchmark_tests/original/Biere/adder_3_4/pec_adder_3_bit_4_37.dqdimacs,20,137
./benchmark_tests/original/Biere/adder_3_4/pec_adder_3_bit_4_37.dqdimacs,22,125
./benchmark_tests/original/Biere/adder_3_4/pec_adder_3_bit_4_37.dqdimacs,23,113
./benchmark_tests/original/Biere/adder_3_4/pec_adder_3_bit_4_37.dqdimacs,24,113
./benchmark_tests/original/Biere/adder_3_4/pec_adder_3_bit_4_37.dqdimacs,25,111
./benchmark_tests/original/Biere/adder_3_4/pec_adder_3_bit_4_37.dqdimacs,26,111
./benchmark_tests/original/Biere/adder_3_4/pec_adder_3_bit_4_37.dqdimacs,27,114
./benchmark_tests/original/Biere/adder_3_4/pec_adder_3_bit_4_37.dqdimacs,29,112
./benchmark_tests/original/Biere/adder_3_4/pec_adder_3_bit_4_37.dqdimacs,30,111
./benchmark_tests/original/Biere/adder_3_4/pec_adder_3_bit_4_37.dqdimacs,31,114
./benchmark_tests/original/Biere/adder_3_4/pec_adder_3_bit_4_37.dqdimacs,33,111
./benchmark_tests/original/Biere/adder_3_4/pec_adder_3_bit_4_37.dqdimacs,34,110
./benchmark_tests/original/Biere/adder_3_4/pec_adder_3_bit_4_37.dqdimacs,35,114
./benchmark_tests/original/Biere/adder_3_4/pec_adder_3_bit_4_37.dqdimacs,37,109
./benchmark_tests/original/Biere/adder_3_4/pec_adder_3_bit_4_37.dqdimacs,38,111
./benchmark_tests/original/Biere/adder_3_4/pec_adder_3_bit_4_37.dqdimacs,39,112
./benchmark_tests/original/Biere/adder_3_4/pec_adder_3_bit_4_37.dqdimacs,40,113
./benchmark_tests/original/Biere/adder_3_4/pec_adder_3_bit_4_37.dqdimacs,42,110
./benchmark_tests/original/Biere/adder_3_4/pec_adder_3_bit_4_37.dqdimacs,43,112
./benchmark_tests/original/Biere/adder_3_4/pec_adder_3_bit_4_37.dqdimacs,44,115
./benchmark_tests/original/Biere/adder_3_4/pec_adder_3_bit_4_37.dqdimacs,45,113
./benchmark_tests/original/Biere/adder_3_4/pec_adder_3_bit_4_37.dqdimacs,46,113
./benchmark_tests/original/Biere/adder_3_4/pec_adder_3_bit_4_37.dqdimacs,47,110
./benchmark_tests/original/Biere/adder_3_4/pec_adder_3_bit_4_37.dqdimacs,48,112
./benchmark_tests/original/Biere/adder_3_4/pec_adder_3_bit_4_37.dqdimacs,49,111
./benchmark_tests/original/Biere/adder_3_4/pec_adder_3_bit_4_37.dqdimacs,50,112
./benchmark_tests/original/Biere/adder_3_4/pec_adder_3_bit_4_37.dqdimacs,51,113
./benchmark_tests/original/Biere/adder_3_4/pec_adder_3_bit_4_37.dqdimacs,52,113
./benchmark_tests/original/Biere/adder_3_4/pec_adder_3_bit_4_37.dqdimacs,53,113
./benchmark_tests/original/Biere/adder_3_4/pec_adder_3_bit_4_37.dqdimacs,54,112
./benchmark_tests/original/Biere/adder_3_4/pec_adder_3_bit_4_37.dqdimacs,55,111
./benchmark_tests/original/Biere/adder_3_4/pec_adder_3_bit_4_37.dqdimacs,56,112
./benchmark_tests/original/Biere/adder_3_4/pec_adder_3_bit_4_37.dqdimacs,57,112
./benchmark_tests/original/Biere/adder_3_4/pec_adder_3_bit_4_37.dqdimacs,58,111
./benchmark_tests/original/Biere/adder_3_4/pec_adder_3_bit_4_37.dqdimacs,59,109
./benchmark_tests/original/Biere/adder_3_4/pec_adder_3_bit_4_37.dqdimacs,60,111
./benchmark_tests/original/Biere/adder_3_4/pec_adder_3_bit_4_37.dqdimacs,61,110
./benchmark_tests/original/Biere/adder_3_4/pec_adder_3_bit_4_37.dqdimacs,62,111
./benchmark_tests/original/Biere/adder_3_4/pec_adder_3_bit_4_37.dqdimacs,63,109
./benchmark_tests/original/Biere/adder_3_4/pec_adder_3_bit_4_37.dqdimacs,64,111
./benchmark_tests/original/Biere/adder_3_4/pec_adder_3_bit_4_37.dqdimacs,65,110
./benchmark_tests/original/Biere/adder_3_4/pec_adder_3_bit_4_38.dqdimacs,4,298
./benchmark_tests/original/Biere/adder_3_4/pec_adder_3_bit_4_38.dqdimacs,5,252
./benchmark_tests/original/Biere/adder_3_4/pec_adder_3_bit_4_38.dqdimacs,6,250
./benchmark_tests/original/Biere/adder_3_4/pec_adder_3_bit_4_38.dqdimacs,10,244
./benchmark_tests/original/Biere/adder_3_4/pec_adder_3_bit_4_38.dqdimacs,11,245
./benchmark_tests/original/Biere/adder_3_4/pec_adder_3_bit_4_38.dqdimacs,12,248
./benchmark_tests/original/Biere/adder_3_4/pec_adder_3_bit_4_38.dqdimacs,13,228
./benchmark_tests/original/Biere/adder_3_4/pec_adder_3_bit_4_38.dqdimacs,17,198
./benchmark_tests/original/Biere/adder_3_4/pec_adder_3_bit_4_38.dqdimacs,18,174
./benchmark_tests/original/Biere/adder_3_4/pec_adder_3_bit_4_38.dqdimacs,19,152
./benchmark_tests/original/Biere/adder_3_4/pec_adder_3_bit_4_38.dqdimacs,20,139
./benchmark_tests/original/Biere/adder_3_4/pec_adder_3_bit_4_38.dqdimacs,22,131
./benchmark_tests/original/Biere/adder_3_4/pec_adder_3_bit_4_38.dqdimacs,23,133
./benchmark_tests/original/Biere/adder_3_4/pec_adder_3_bit_4_38.dqdimacs,24,131
./benchmark_tests/original/Biere/adder_3_4/pec_adder_3_bit_4_38.dqdimacs,25,132
./benchmark_tests/original/Biere/adder_3_4/pec_adder_3_bit_4_38.dqdimacs,26,132
./benchmark_tests/original/Biere/adder_3_4/pec_adder_3_bit_4_38.dqdimacs,27,134
./benchmark_tests/original/Biere/adder_3_4/pec_adder_3_bit_4_38.dqdimacs,29,132
./benchmark_tests/original/Biere/adder_3_4/pec_adder_3_bit_4_38.dqdimacs,30,132
./benchmark_tests/original/Biere/adder_3_4/pec_adder_3_bit_4_38.dqdimacs,31,132
./benchmark_tests/original/Biere/adder_3_4/pec_adder_3_bit_4_38.dqdimacs,33,131
./benchmark_tests/original/Biere/adder_3_4/pec_adder_3_bit_4_38.dqdimacs,34,131
./benchmark_tests/original/Biere/adder_3_4/pec_adder_3_bit_4_38.dqdimacs,35,134
./benchmark_tests/original/Biere/adder_3_4/pec_adder_3_bit_4_38.dqdimacs,37,132
./benchmark_tests/original/Biere/adder_3_4/pec_adder_3_bit_4_38.dqdimacs,38,131
./benchmark_tests/original/Biere/adder_3_4/pec_adder_3_bit_4_38.dqdimacs,39,134
./benchmark_tests/original/Biere/adder_3_4/pec_adder_3_bit_4_38.dqdimacs,41,131
./benchmark_tests/original/Biere/adder_3_4/pec_adder_3_bit_4_38.dqdimacs,42,132
./benchmark_tests/original/Biere/adder_3_4/pec_adder_3_bit_4_38.dqdimacs,43,134
./benchmark_tests/original/Biere/adder_3_4/pec_adder_3_bit_4_38.dqdimacs,45,130
./benchmark_tests/original/Biere/adder_3_4/pec_adder_3_bit_4_38.dqdimacs,46,131
./benchmark_tests/original/Biere/adder_3_4/pec_adder_3_bit_4_38.dqdimacs,47,135
./benchmark_tests/original/Biere/adder_3_4/pec_adder_3_bit_4_38.dqdimacs,49,130
./benchmark_tests/original/Biere/adder_3_4/pec_adder_3_bit_4_38.dqdimacs,50,130
./benchmark_tests/original/Biere/adder_3_4/pec_adder_3_bit_4_38.dqdimacs,51,132
./benchmark_tests/original/Biere/adder_3_4/pec_adder_3_bit_4_38.dqdimacs,52,132
./benchmark_tests/original/Biere/adder_3_4/pec_adder_3_bit_4_38.dqdimacs,53,131
./benchmark_tests/original/Biere/adder_3_4/pec_adder_3_bit_4_38.dqdimacs,54,133
./benchmark_tests/original/Biere/adder_3_4/pec_adder_3_bit_4_38.dqdimacs,56,131
./benchmark_tests/original/Biere/adder_3_4/pec_adder_3_bit_4_38.dqdimacs,57,131
./benchmark_tests/original/Biere/adder_3_4/pec_adder_3_bit_4_38.dqdimacs,58,133
./benchmark_tests/original/Biere/adder_3_4/pec_adder_3_bit_4_38.dqdimacs,60,131
./benchmark_tests/original/Biere/adder_3_4/pec_adder_3_bit_4_38.dqdimacs,61,129
./benchmark_tests/original/Biere/adder_3_4/pec_adder_3_bit_4_38.dqdimacs,62,131
./benchmark_tests/original/Biere/adder_3_4/pec_adder_3_bit_4_38.dqdimacs,63,130
./benchmark_tests/original/Biere/adder_3_4/pec_adder_3_bit_4_38.dqdimacs,64,130
./benchmark_tests/original/Biere/adder_3_4/pec_adder_3_bit_4_38.dqdimacs,65,131
./benchmark_tests/original/Biere/adder_3_4/pec_adder_3_bit_4_38.dqdimacs,66,132
./benchmark_tests/original/Biere/adder_3_4/pec_adder_3_bit_4_38.dqdimacs,67,132
./benchmark_tests/original/Biere/adder_3_4/pec_adder_3_bit_4_38.dqdimacs,68,132
./benchmark_tests/original/Biere/adder_3_4/pec_adder_3_bit_4_38.dqdimacs,69,132
./benchmark_tests/original/Biere/adder_3_4/pec_adder_3_bit_4_38.dqdimacs,70,131
./benchmark_tests/original/Biere/adder_3_4/pec_adder_3_bit_4_38.dqdimacs,71,132
./benchmark_tests/original/Biere/adder_3_4/pec_adder_3_bit_4_38.dqdimacs,72,132
./benchmark_tests/original/Biere/adder_3_4/pec_adder_3_bit_4_38.dqdimacs,73,133
./benchmark_tests/original/Biere/adder_3_4/pec_adder_3_bit_4_38.dqdimacs,74,132
./benchmark_tests/original/Biere/adder_3_4/pec_adder_3_bit_4_38.dqdimacs,75,132
./benchmark_tests/original/Biere/adder_3_4/pec_adder_3_bit_4_38.dqdimacs,76,131
./benchmark_tests/original/Biere/adder_3_4/pec_adder_3_bit_4_38.dqdimacs,77,131
./benchmark_tests/original/Biere/adder_3_4/pec_adder_3_bit_4_38.dqdimacs,78,131
./benchmark_tests/original/Biere/adder_3_4/pec_adder_3_bit_4_38.dqdimacs,79,132
./benchmark_tests/original/Biere/adder_3_4/pec_adder_3_bit_4_38.dqdimacs,80,131
./benchmark_tests/original/Biere/adder_3_4/pec_adder_3_bit_4_38.dqdimacs,81,132
./benchmark_tests/original/Biere/adder_3_4/pec_adder_3_bit_4_38.dqdimacs,82,131
./benchmark_tests/original/Biere/adder_3_4/pec_adder_3_bit_4_39.dqdimacs,4,222
./benchmark_tests/original/Biere/adder_3_4/pec_adder_3_bit_4_39.dqdimacs,5,172
./benchmark_tests/original/Biere/adder_3_4/pec_adder_3_bit_4_39.dqdimacs,6,171
./benchmark_tests/original/Biere/adder_3_4/pec_adder_3_bit_4_39.dqdimacs,10,170
./benchmark_tests/original/Biere/adder_3_4/pec_adder_3_bit_4_39.dqdimacs,11,170
./benchmark_tests/original/Biere/adder_3_4/pec_adder_3_bit_4_39.dqdimacs,12,170
./benchmark_tests/original/Biere/adder_3_4/pec_adder_3_bit_4_39.dqdimacs,13,172
./benchmark_tests/original/Biere/adder_3_4/pec_adder_3_bit_4_39.dqdimacs,17,170
./benchmark_tests/original/Biere/adder_3_4/pec_adder_3_bit_4_39.dqdimacs,18,167
./benchmark_tests/original/Biere/adder_3_4/pec_adder_3_bit_4_39.dqdimacs,19,155
./benchmark_tests/original/Biere/adder_3_4/pec_adder_3_bit_4_39.dqdimacs,20,143
./benchmark_tests/original/Biere/adder_3_4/pec_adder_3_bit_4_39.dqdimacs,22,131
./benchmark_tests/original/Biere/adder_3_4/pec_adder_3_bit_4_39.dqdimacs,23,118
./benchmark_tests/original/Biere/adder_3_4/pec_adder_3_bit_4_39.dqdimacs,24,109
./benchmark_tests/original/Biere/adder_3_4/pec_adder_3_bit_4_39.dqdimacs,25,101
./benchmark_tests/original/Biere/adder_3_4/pec_adder_3_bit_4_39.dqdimacs,26,94
./benchmark_tests/original/Biere/adder_3_4/pec_adder_3_bit_4_39.dqdimacs,27,94
./benchmark_tests/original/Biere/adder_3_4/pec_adder_3_bit_4_39.dqdimacs,29,90
./benchmark_tests/original/Biere/adder_3_4/pec_adder_3_bit_4_39.dqdimacs,30,90
./benchmark_tests/original/Biere/adder_3_4/pec_adder_3_bit_4_39.dqdimacs,31,92
./benchmark_tests/original/Biere/adder_3_4/pec_adder_3_bit_4_39.dqdimacs,32,92
./benchmark_tests/original/Biere/adder_3_4/pec_adder_3_bit_4_39.dqdimacs,34,91
./benchmark_tests/original/Biere/adder_3_4/pec_adder_3_bit_4_39.dqdimacs,35,92
./benchmark_tests/original/Biere/adder_3_4/pec_adder_3_bit_4_39.dqdimacs,36,92
./benchmark_tests/original/Biere/adder_3_4/pec_adder_3_bit_4_39.dqdimacs,38,91
./benchmark_tests/original/Biere/adder_3_4/pec_adder_3_bit_4_39.dqdimacs,39,90
./benchmark_tests/original/Biere/adder_3_4/pec_adder_3_bit_4_39.dqdimacs,40,91
./benchmark_tests/original/Biere/adder_3_4/pec_adder_3_bit_4_39.dqdimacs,42,90
./benchmark_tests/original/Biere/adder_3_4/pec_adder_3_bit_4_39.dqdimacs,43,91
./benchmark_tests/original/Biere/adder_3_4/pec_adder_3_bit_4_39.dqdimacs,44,91
./benchmark_tests/original/Biere/adder_3_4/pec_adder_3_bit_4_39.dqdimacs,46,90
./benchmark_tests/original/Biere/adder_3_4/pec_adder_3_bit_4_39.dqdimacs,47,91
./benchmark_tests/original/Biere/adder_3_4/pec_adder_3_bit_4_39.dqdimacs,48,90
./benchmark_tests/original/Biere/adder_3_4/pec_adder_3_bit_4_39.dqdimacs,49,91
./benchmark_tests/original/Biere/adder_3_4/pec_adder_3_bit_4_39.dqdimacs,51,90
./benchmark_tests/original/Biere/adder_3_4/pec_adder_3_bit_4_39.dqdimacs,52,91
./benchmark_tests/original/Biere/adder_3_4/pec_adder_3_bit_4_39.dqdimacs,53,91
./benchmark_tests/original/Biere/adder_3_4/pec_adder_3_bit_4_39.dqdimacs,54,91
./benchmark_tests/original/Biere/adder_3_4/pec_adder_3_bit_4_39.dqdimacs,55,91
./benchmark_tests/original/Biere/adder_3_4/pec_adder_3_bit_4_39.dqdimacs,56,91
./benchmark_tests/original/Biere/adder_3_4/pec_adder_3_bit_4_39.dqdimacs,57,90
./benchmark_tests/original/Biere/adder_3_4/pec_adder_3_bit_4_39.dqdimacs,58,91
./benchmark_tests/original/Biere/adder_3_4/pec_adder_3_bit_4_39.dqdimacs,59,90
./benchmark_tests/original/Biere/adder_3_4/pec_adder_3_bit_4_39.dqdimacs,60,92
./benchmark_tests/original/Biere/adder_3_4/pec_adder_3_bit_4_39.dqdimacs,61,91
./benchmark_tests/original/Biere/adder_3_4/pec_adder_3_bit_4_39.dqdimacs,62,91
./benchmark_tests/original/Biere/adder_3_4/pec_adder_3_bit_4_39.dqdimacs,63,91
./benchmark_tests/original/Biere/adder_3_4/pec_adder_3_bit_4_39.dqdimacs,64,91
./benchmark_tests/original/Biere/adder_3_4/pec_adder_3_bit_4_39.dqdimacs,65,91
./benchmark_tests/original/Biere/adder_3_4/pec_adder_3_bit_4_39.dqdimacs,66,91
./benchmark_tests/original/Biere/adder_3_4/pec_adder_3_bit_4_39.dqdimacs,67,91
./benchmark_tests/original/Biere/adder_3_4/pec_adder_3_bit_4_39.dqdimacs,68,91
./benchmark_tests/original/Biere/adder_3_4/pec_adder_3_bit_4_39.dqdimacs,69,91
./benchmark_tests/original/Biere/adder_3_4/pec_adder_3_bit_4_39.dqdimacs,70,91
./benchmark_tests/original/Biere/adder_3_4/pec_adder_3_bit_4_39.dqdimacs,71,91
./benchmark_tests/original/Biere/adder_3_4/pec_adder_3_bit_4_39.dqdimacs,72,91
./benchmark_tests/original/Biere/adder_3_4/pec_adder_3_bit_4_39.dqdimacs,73,91
./benchmark_tests/original/Biere/adder_3_4/pec_adder_3_bit_4_3.dqdimacs,4,299
./benchmark_tests/original/Biere/adder_3_4/pec_adder_3_bit_4_3.dqdimacs,5,250
./benchmark_tests/original/Biere/adder_3_4/pec_adder_3_bit_4_3.dqdimacs,6,249
./benchmark_tests/original/Biere/adder_3_4/pec_adder_3_bit_4_3.dqdimacs,10,251
./benchmark_tests/original/Biere/adder_3_4/pec_adder_3_bit_4_3.dqdimacs,11,248
./benchmark_tests/original/Biere/adder_3_4/pec_adder_3_bit_4_3.dqdimacs,12,247
./benchmark_tests/original/Biere/adder_3_4/pec_adder_3_bit_4_3.dqdimacs,13,227
./benchmark_tests/original/Biere/adder_3_4/pec_adder_3_bit_4_3.dqdimacs,17,200
./benchmark_tests/original/Biere/adder_3_4/pec_adder_3_bit_4_3.dqdimacs,18,174
./benchmark_tests/original/Biere/adder_3_4/pec_adder_3_bit_4_3.dqdimacs,19,154
./benchmark_tests/original/Biere/adder_3_4/pec_adder_3_bit_4_3.dqdimacs,20,139
./benchmark_tests/original/Biere/adder_3_4/pec_adder_3_bit_4_3.dqdimacs,22,134
./benchmark_tests/original/Biere/adder_3_4/pec_adder_3_bit_4_3.dqdimacs,23,133
./benchmark_tests/original/Biere/adder_3_4/pec_adder_3_bit_4_3.dqdimacs,24,134
./benchmark_tests/original/Biere/adder_3_4/pec_adder_3_bit_4_3.dqdimacs,25,133
./benchmark_tests/original/Biere/adder_3_4/pec_adder_3_bit_4_3.dqdimacs,26,133
./benchmark_tests/original/Biere/adder_3_4/pec_adder_3_bit_4_3.dqdimacs,27,135
./benchmark_tests/original/Biere/adder_3_4/pec_adder_3_bit_4_3.dqdimacs,29,132
./benchmark_tests/original/Biere/adder_3_4/pec_adder_3_bit_4_3.dqdimacs,30,133
./benchmark_tests/original/Biere/adder_3_4/pec_adder_3_bit_4_3.dqdimacs,31,136
./benchmark_tests/original/Biere/adder_3_4/pec_adder_3_bit_4_3.dqdimacs,33,133
./benchmark_tests/original/Biere/adder_3_4/pec_adder_3_bit_4_3.dqdimacs,34,133
./benchmark_tests/original/Biere/adder_3_4/pec_adder_3_bit_4_3.dqdimacs,35,134
./benchmark_tests/original/Biere/adder_3_4/pec_adder_3_bit_4_3.dqdimacs,36,136
./benchmark_tests/original/Biere/adder_3_4/pec_adder_3_bit_4_3.dqdimacs,38,134
./benchmark_tests/original/Biere/adder_3_4/pec_adder_3_bit_4_3.dqdimacs,39,134
./benchmark_tests/original/Biere/adder_3_4/pec_adder_3_bit_4_3.dqdimacs,40,135
./benchmark_tests/original/Biere/adder_3_4/pec_adder_3_bit_4_3.dqdimacs,42,133
./benchmark_tests/original/Biere/adder_3_4/pec_adder_3_bit_4_3.dqdimacs,43,133
./benchmark_tests/original/Biere/adder_3_4/pec_adder_3_bit_4_3.dqdimacs,44,133
./benchmark_tests/original/Biere/adder_3_4/pec_adder_3_bit_4_3.dqdimacs,45,133
./benchmark_tests/original/Biere/adder_3_4/pec_adder_3_bit_4_3.dqdimacs,46,134
./benchmark_tests/original/Biere/adder_3_4/pec_adder_3_bit_4_3.dqdimacs,47,135
./benchmark_tests/original/Biere/adder_3_4/pec_adder_3_bit_4_3.dqdimacs,49,133
./benchmark_tests/original/Biere/adder_3_4/pec_adder_3_bit_4_3.dqdimacs,50,133
./benchmark_tests/original/Biere/adder_3_4/pec_adder_3_bit_4_3.dqdimacs,51,135
./benchmark_tests/original/Biere/adder_3_4/pec_adder_3_bit_4_3.dqdimacs,53,132
./benchmark_tests/original/Biere/adder_3_4/pec_adder_3_bit_4_3.dqdimacs,54,133
./benchmark_tests/original/Biere/adder_3_4/pec_adder_3_bit_4_3.dqdimacs,55,136
./benchmark_tests/original/Biere/adder_3_4/pec_adder_3_bit_4_3.dqdimacs,57,133
./benchmark_tests/original/Biere/adder_3_4/pec_adder_3_bit_4_3.dqdimacs,58,133
./benchmark_tests/original/Biere/adder_3_4/pec_adder_3_bit_4_3.dqdimacs,59,133
./benchmark_tests/original/Biere/adder_3_4/pec_adder_3_bit_4_3.dqdimacs,60,135
./benchmark_tests/original/Biere/adder_3_4/pec_adder_3_bit_4_3.dqdimacs,62,133
./benchmark_tests/original/Biere/adder_3_4/pec_adder_3_bit_4_3.dqdimacs,63,133
./benchmark_tests/original/Biere/adder_3_4/pec_adder_3_bit_4_3.dqdimacs,64,134
./benchmark_tests/original/Biere/adder_3_4/pec_adder_3_bit_4_3.dqdimacs,65,134
./benchmark_tests/original/Biere/adder_3_4/pec_adder_3_bit_4_3.dqdimacs,66,134
./benchmark_tests/original/Biere/adder_3_4/pec_adder_3_bit_4_3.dqdimacs,67,133
./benchmark_tests/original/Biere/adder_3_4/pec_adder_3_bit_4_3.dqdimacs,68,133
./benchmark_tests/original/Biere/adder_3_4/pec_adder_3_bit_4_3.dqdimacs,69,133
./benchmark_tests/original/Biere/adder_3_4/pec_adder_3_bit_4_3.dqdimacs,70,134
./benchmark_tests/original/Biere/adder_3_4/pec_adder_3_bit_4_3.dqdimacs,71,134
./benchmark_tests/original/Biere/adder_3_4/pec_adder_3_bit_4_3.dqdimacs,72,133
./benchmark_tests/original/Biere/adder_3_4/pec_adder_3_bit_4_3.dqdimacs,73,133
./benchmark_tests/original/Biere/adder_3_4/pec_adder_3_bit_4_3.dqdimacs,74,133
./benchmark_tests/original/Biere/adder_3_4/pec_adder_3_bit_4_3.dqdimacs,75,134
./benchmark_tests/original/Biere/adder_3_4/pec_adder_3_bit_4_3.dqdimacs,76,133
./benchmark_tests/original/Biere/adder_3_4/pec_adder_3_bit_4_3.dqdimacs,77,133
./benchmark_tests/original/Biere/adder_3_4/pec_adder_3_bit_4_3.dqdimacs,78,133
./benchmark_tests/original/Biere/adder_3_4/pec_adder_3_bit_4_3.dqdimacs,79,134
./benchmark_tests/original/Biere/adder_3_4/pec_adder_3_bit_4_3.dqdimacs,80,133
./benchmark_tests/original/Biere/adder_3_4/pec_adder_3_bit_4_3.dqdimacs,81,134
./benchmark_tests/original/Biere/adder_3_4/pec_adder_3_bit_4_3.dqdimacs,82,133
./benchmark_tests/original/Biere/adder_3_4/pec_adder_3_bit_4_40.dqdimacs,4,385
./benchmark_tests/original/Biere/adder_3_4/pec_adder_3_bit_4_40.dqdimacs,5,328
./benchmark_tests/original/Biere/adder_3_4/pec_adder_3_bit_4_40.dqdimacs,6,332
./benchmark_tests/original/Biere/adder_3_4/pec_adder_3_bit_4_40.dqdimacs,10,329
./benchmark_tests/original/Biere/adder_3_4/pec_adder_3_bit_4_40.dqdimacs,11,315
./benchmark_tests/original/Biere/adder_3_4/pec_adder_3_bit_4_40.dqdimacs,12,270
./benchmark_tests/original/Biere/adder_3_4/pec_adder_3_bit_4_40.dqdimacs,13,225
./benchmark_tests/original/Biere/adder_3_4/pec_adder_3_bit_4_40.dqdimacs,17,192
./benchmark_tests/original/Biere/adder_3_4/pec_adder_3_bit_4_40.dqdimacs,18,176
./benchmark_tests/original/Biere/adder_3_4/pec_adder_3_bit_4_40.dqdimacs,19,175
./benchmark_tests/original/Biere/adder_3_4/pec_adder_3_bit_4_40.dqdimacs,20,175
./benchmark_tests/original/Biere/adder_3_4/pec_adder_3_bit_4_40.dqdimacs,22,176
./benchmark_tests/original/Biere/adder_3_4/pec_adder_3_bit_4_40.dqdimacs,23,176
./benchmark_tests/original/Biere/adder_3_4/pec_adder_3_bit_4_40.dqdimacs,24,176
./benchmark_tests/original/Biere/adder_3_4/pec_adder_3_bit_4_40.dqdimacs,25,174
./benchmark_tests/original/Biere/adder_3_4/pec_adder_3_bit_4_40.dqdimacs,26,176
./benchmark_tests/original/Biere/adder_3_4/pec_adder_3_bit_4_40.dqdimacs,27,178
./benchmark_tests/original/Biere/adder_3_4/pec_adder_3_bit_4_40.dqdimacs,29,175
./benchmark_tests/original/Biere/adder_3_4/pec_adder_3_bit_4_40.dqdimacs,30,175
./benchmark_tests/original/Biere/adder_3_4/pec_adder_3_bit_4_40.dqdimacs,31,178
./benchmark_tests/original/Biere/adder_3_4/pec_adder_3_bit_4_40.dqdimacs,33,176
./benchmark_tests/original/Biere/adder_3_4/pec_adder_3_bit_4_40.dqdimacs,34,176
./benchmark_tests/original/Biere/adder_3_4/pec_adder_3_bit_4_40.dqdimacs,35,178
./benchmark_tests/original/Biere/adder_3_4/pec_adder_3_bit_4_40.dqdimacs,37,174
./benchmark_tests/original/Biere/adder_3_4/pec_adder_3_bit_4_40.dqdimacs,38,174
./benchmark_tests/original/Biere/adder_3_4/pec_adder_3_bit_4_40.dqdimacs,39,174
./benchmark_tests/original/Biere/adder_3_4/pec_adder_3_bit_4_40.dqdimacs,40,177
./benchmark_tests/original/Biere/adder_3_4/pec_adder_3_bit_4_40.dqdimacs,42,175
./benchmark_tests/original/Biere/adder_3_4/pec_adder_3_bit_4_40.dqdimacs,43,176
./benchmark_tests/original/Biere/adder_3_4/pec_adder_3_bit_4_40.dqdimacs,44,178
./benchmark_tests/original/Biere/adder_3_4/pec_adder_3_bit_4_40.dqdimacs,46,175
./benchmark_tests/original/Biere/adder_3_4/pec_adder_3_bit_4_40.dqdimacs,47,175
./benchmark_tests/original/Biere/adder_3_4/pec_adder_3_bit_4_40.dqdimacs,48,179
./benchmark_tests/original/Biere/adder_3_4/pec_adder_3_bit_4_40.dqdimacs,50,176
./benchmark_tests/original/Biere/adder_3_4/pec_adder_3_bit_4_40.dqdimacs,51,177
./benchmark_tests/original/Biere/adder_3_4/pec_adder_3_bit_4_40.dqdimacs,52,178
./benchmark_tests/original/Biere/adder_3_4/pec_adder_3_bit_4_40.dqdimacs,54,177
./benchmark_tests/original/Biere/adder_3_4/pec_adder_3_bit_4_40.dqdimacs,55,175
./benchmark_tests/original/Biere/adder_3_4/pec_adder_3_bit_4_40.dqdimacs,56,179
./benchmark_tests/original/Biere/adder_3_4/pec_adder_3_bit_4_40.dqdimacs,58,176
./benchmark_tests/original/Biere/adder_3_4/pec_adder_3_bit_4_40.dqdimacs,59,175
./benchmark_tests/original/Biere/adder_3_4/pec_adder_3_bit_4_40.dqdimacs,60,174
./benchmark_tests/original/Biere/adder_3_4/pec_adder_3_bit_4_40.dqdimacs,61,176
./benchmark_tests/original/Biere/adder_3_4/pec_adder_3_bit_4_40.dqdimacs,62,175
./benchmark_tests/original/Biere/adder_3_4/pec_adder_3_bit_4_40.dqdimacs,63,177
./benchmark_tests/original/Biere/adder_3_4/pec_adder_3_bit_4_40.dqdimacs,64,176
./benchmark_tests/original/Biere/adder_3_4/pec_adder_3_bit_4_40.dqdimacs,65,175
./benchmark_tests/original/Biere/adder_3_4/pec_adder_3_bit_4_40.dqdimacs,66,175
./benchmark_tests/original/Biere/adder_3_4/pec_adder_3_bit_4_40.dqdimacs,67,175
./benchmark_tests/original/Biere/adder_3_4/pec_adder_3_bit_4_40.dqdimacs,68,174
./benchmark_tests/original/Biere/adder_3_4/pec_adder_3_bit_4_40.dqdimacs,69,176
./benchmark_tests/original/Biere/adder_3_4/pec_adder_3_bit_4_40.dqdimacs,70,176
./benchmark_tests/original/Biere/adder_3_4/pec_adder_3_bit_4_40.dqdimacs,71,176
./benchmark_tests/original/Biere/adder_3_4/pec_adder_3_bit_4_40.dqdimacs,72,176
./benchmark_tests/original/Biere/adder_3_4/pec_adder_3_bit_4_40.dqdimacs,73,176
./benchmark_tests/original/Biere/adder_3_4/pec_adder_3_bit_4_40.dqdimacs,74,176
./benchmark_tests/original/Biere/adder_3_4/pec_adder_3_bit_4_40.dqdimacs,75,176
./benchmark_tests/original/Biere/adder_3_4/pec_adder_3_bit_4_40.dqdimacs,76,177
./benchmark_tests/original/Biere/adder_3_4/pec_adder_3_bit_4_40.dqdimacs,77,178
./benchmark_tests/original/Biere/adder_3_4/pec_adder_3_bit_4_40.dqdimacs,78,178
./benchmark_tests/original/Biere/adder_3_4/pec_adder_3_bit_4_40.dqdimacs,79,177
./benchmark_tests/original/Biere/adder_3_4/pec_adder_3_bit_4_40.dqdimacs,80,177
./benchmark_tests/original/Biere/adder_3_4/pec_adder_3_bit_4_40.dqdimacs,81,178
./benchmark_tests/original/Biere/adder_3_4/pec_adder_3_bit_4_40.dqdimacs,82,177
./benchmark_tests/original/Biere/adder_3_4/pec_adder_3_bit_4_41.dqdimacs,4,195
./benchmark_tests/original/Biere/adder_3_4/pec_adder_3_bit_4_41.dqdimacs,5,148
./benchmark_tests/original/Biere/adder_3_4/pec_adder_3_bit_4_41.dqdimacs,6,147
./benchmark_tests/original/Biere/adder_3_4/pec_adder_3_bit_4_41.dqdimacs,10,146
./benchmark_tests/original/Biere/adder_3_4/pec_adder_3_bit_4_41.dqdimacs,11,147
./benchmark_tests/original/Biere/adder_3_4/pec_adder_3_bit_4_41.dqdimacs,12,147
./benchmark_tests/original/Biere/adder_3_4/pec_adder_3_bit_4_41.dqdimacs,13,148
./benchmark_tests/original/Biere/adder_3_4/pec_adder_3_bit_4_41.dqdimacs,17,149
./benchmark_tests/original/Biere/adder_3_4/pec_adder_3_bit_4_41.dqdimacs,18,148
./benchmark_tests/original/Biere/adder_3_4/pec_adder_3_bit_4_41.dqdimacs,19,144
./benchmark_tests/original/Biere/adder_3_4/pec_adder_3_bit_4_41.dqdimacs,20,140
./benchmark_tests/original/Biere/adder_3_4/pec_adder_3_bit_4_41.dqdimacs,22,129
./benchmark_tests/original/Biere/adder_3_4/pec_adder_3_bit_4_41.dqdimacs,23,119
./benchmark_tests/original/Biere/adder_3_4/pec_adder_3_bit_4_41.dqdimacs,24,109
./benchmark_tests/original/Biere/adder_3_4/pec_adder_3_bit_4_41.dqdimacs,25,102
./benchmark_tests/original/Biere/adder_3_4/pec_adder_3_bit_4_41.dqdimacs,26,95
./benchmark_tests/original/Biere/adder_3_4/pec_adder_3_bit_4_41.dqdimacs,27,89
./benchmark_tests/original/Biere/adder_3_4/pec_adder_3_bit_4_41.dqdimacs,29,82
./benchmark_tests/original/Biere/adder_3_4/pec_adder_3_bit_4_41.dqdimacs,30,79
./benchmark_tests/original/Biere/adder_3_4/pec_adder_3_bit_4_41.dqdimacs,31,80
./benchmark_tests/original/Biere/adder_3_4/pec_adder_3_bit_4_41.dqdimacs,33,78
./benchmark_tests/original/Biere/adder_3_4/pec_adder_3_bit_4_41.dqdimacs,34,78
./benchmark_tests/original/Biere/adder_3_4/pec_adder_3_bit_4_41.dqdimacs,35,81
./benchmark_tests/original/Biere/adder_3_4/pec_adder_3_bit_4_41.dqdimacs,37,78
./benchmark_tests/original/Biere/adder_3_4/pec_adder_3_bit_4_41.dqdimacs,38,78
./benchmark_tests/original/Biere/adder_3_4/pec_adder_3_bit_4_41.dqdimacs,39,78
./benchmark_tests/original/Biere/adder_3_4/pec_adder_3_bit_4_41.dqdimacs,40,79
./benchmark_tests/original/Biere/adder_3_4/pec_adder_3_bit_4_41.dqdimacs,41,78
./benchmark_tests/original/Biere/adder_3_4/pec_adder_3_bit_4_41.dqdimacs,42,80
./benchmark_tests/original/Biere/adder_3_4/pec_adder_3_bit_4_41.dqdimacs,44,78
./benchmark_tests/original/Biere/adder_3_4/pec_adder_3_bit_4_41.dqdimacs,45,78
./benchmark_tests/original/Biere/adder_3_4/pec_adder_3_bit_4_41.dqdimacs,46,79
./benchmark_tests/original/Biere/adder_3_4/pec_adder_3_bit_4_41.dqdimacs,48,78
./benchmark_tests/original/Biere/adder_3_4/pec_adder_3_bit_4_41.dqdimacs,49,79
./benchmark_tests/original/Biere/adder_3_4/pec_adder_3_bit_4_41.dqdimacs,50,77
./benchmark_tests/original/Biere/adder_3_4/pec_adder_3_bit_4_41.dqdimacs,51,78
./benchmark_tests/original/Biere/adder_3_4/pec_adder_3_bit_4_41.dqdimacs,52,78
./benchmark_tests/original/Biere/adder_3_4/pec_adder_3_bit_4_41.dqdimacs,53,78
./benchmark_tests/original/Biere/adder_3_4/pec_adder_3_bit_4_41.dqdimacs,54,78
./benchmark_tests/original/Biere/adder_3_4/pec_adder_3_bit_4_41.dqdimacs,55,78
./benchmark_tests/original/Biere/adder_3_4/pec_adder_3_bit_4_41.dqdimacs,56,79
./benchmark_tests/original/Biere/adder_3_4/pec_adder_3_bit_4_41.dqdimacs,57,78
./benchmark_tests/original/Biere/adder_3_4/pec_adder_3_bit_4_41.dqdimacs,58,78
./benchmark_tests/original/Biere/adder_3_4/pec_adder_3_bit_4_41.dqdimacs,59,78
./benchmark_tests/original/Biere/adder_3_4/pec_adder_3_bit_4_41.dqdimacs,60,78
./benchmark_tests/original/Biere/adder_3_4/pec_adder_3_bit_4_41.dqdimacs,61,78
./benchmark_tests/original/Biere/adder_3_4/pec_adder_3_bit_4_41.dqdimacs,62,79
./benchmark_tests/original/Biere/adder_3_4/pec_adder_3_bit_4_41.dqdimacs,63,78
./benchmark_tests/original/Biere/adder_3_4/pec_adder_3_bit_4_41.dqdimacs,64,78
./benchmark_tests/original/Biere/adder_3_4/pec_adder_3_bit_4_41.dqdimacs,65,79
./benchmark_tests/original/Biere/adder_3_4/pec_adder_3_bit_4_41.dqdimacs,66,79
./benchmark_tests/original/Biere/adder_3_4/pec_adder_3_bit_4_41.dqdimacs,67,79
./benchmark_tests/original/Biere/adder_3_4/pec_adder_3_bit_4_41.dqdimacs,68,79
./benchmark_tests/original/Biere/adder_3_4/pec_adder_3_bit_4_41.dqdimacs,69,78
./benchmark_tests/original/Biere/adder_3_4/pec_adder_3_bit_4_41.dqdimacs,70,78
./benchmark_tests/original/Biere/adder_3_4/pec_adder_3_bit_4_42.dqdimacs,4,407
./benchmark_tests/original/Biere/adder_3_4/pec_adder_3_bit_4_42.dqdimacs,5,355
./benchmark_tests/original/Biere/adder_3_4/pec_adder_3_bit_4_42.dqdimacs,6,359
./benchmark_tests/original/Biere/adder_3_4/pec_adder_3_bit_4_42.dqdimacs,10,357
./benchmark_tests/original/Biere/adder_3_4/pec_adder_3_bit_4_42.dqdimacs,11,327
./benchmark_tests/original/Biere/adder_3_4/pec_adder_3_bit_4_42.dqdimacs,12,269
./benchmark_tests/original/Biere/adder_3_4/pec_adder_3_bit_4_42.dqdimacs,13,228
./benchmark_tests/original/Biere/adder_3_4/pec_adder_3_bit_4_42.dqdimacs,17,192
./benchmark_tests/original/Biere/adder_3_4/pec_adder_3_bit_4_42.dqdimacs,18,188
./benchmark_tests/original/Biere/adder_3_4/pec_adder_3_bit_4_42.dqdimacs,19,188
./benchmark_tests/original/Biere/adder_3_4/pec_adder_3_bit_4_42.dqdimacs,20,187
./benchmark_tests/original/Biere/adder_3_4/pec_adder_3_bit_4_42.dqdimacs,22,187
./benchmark_tests/original/Biere/adder_3_4/pec_adder_3_bit_4_42.dqdimacs,23,190
./benchmark_tests/original/Biere/adder_3_4/pec_adder_3_bit_4_42.dqdimacs,24,187
./benchmark_tests/original/Biere/adder_3_4/pec_adder_3_bit_4_42.dqdimacs,25,189
./benchmark_tests/original/Biere/adder_3_4/pec_adder_3_bit_4_42.dqdimacs,26,186
./benchmark_tests/original/Biere/adder_3_4/pec_adder_3_bit_4_42.dqdimacs,27,189
./benchmark_tests/original/Biere/adder_3_4/pec_adder_3_bit_4_42.dqdimacs,29,186
./benchmark_tests/original/Biere/adder_3_4/pec_adder_3_bit_4_42.dqdimacs,30,189
./benchmark_tests/original/Biere/adder_3_4/pec_adder_3_bit_4_42.dqdimacs,31,192
./benchmark_tests/original/Biere/adder_3_4/pec_adder_3_bit_4_42.dqdimacs,33,187
./benchmark_tests/original/Biere/adder_3_4/pec_adder_3_bit_4_42.dqdimacs,34,190
./benchmark_tests/original/Biere/adder_3_4/pec_adder_3_bit_4_42.dqdimacs,35,190
./benchmark_tests/original/Biere/adder_3_4/pec_adder_3_bit_4_42.dqdimacs,37,188
./benchmark_tests/original/Biere/adder_3_4/pec_adder_3_bit_4_42.dqdimacs,38,190
./benchmark_tests/original/Biere/adder_3_4/pec_adder_3_bit_4_42.dqdimacs,39,192
./benchmark_tests/original/Biere/adder_3_4/pec_adder_3_bit_4_42.dqdimacs,41,190
./benchmark_tests/original/Biere/adder_3_4/pec_adder_3_bit_4_42.dqdimacs,42,190
./benchmark_tests/original/Biere/adder_3_4/pec_adder_3_bit_4_42.dqdimacs,43,190
./benchmark_tests/original/Biere/adder_3_4/pec_adder_3_bit_4_42.dqdimacs,44,188
./benchmark_tests/original/Biere/adder_3_4/pec_adder_3_bit_4_42.dqdimacs,45,191
./benchmark_tests/original/Biere/adder_3_4/pec_adder_3_bit_4_42.dqdimacs,47,189
./benchmark_tests/original/Biere/adder_3_4/pec_adder_3_bit_4_42.dqdimacs,48,190
./benchmark_tests/original/Biere/adder_3_4/pec_adder_3_bit_4_42.dqdimacs,49,192
./benchmark_tests/original/Biere/adder_3_4/pec_adder_3_bit_4_42.dqdimacs,51,187
./benchmark_tests/original/Biere/adder_3_4/pec_adder_3_bit_4_42.dqdimacs,52,188
./benchmark_tests/original/Biere/adder_3_4/pec_adder_3_bit_4_42.dqdimacs,53,189
./benchmark_tests/original/Biere/adder_3_4/pec_adder_3_bit_4_42.dqdimacs,54,188
./benchmark_tests/original/Biere/adder_3_4/pec_adder_3_bit_4_42.dqdimacs,55,189
./benchmark_tests/original/Biere/adder_3_4/pec_adder_3_bit_4_42.dqdimacs,56,190
./benchmark_tests/original/Biere/adder_3_4/pec_adder_3_bit_4_42.dqdimacs,57,187
./benchmark_tests/original/Biere/adder_3_4/pec_adder_3_bit_4_42.dqdimacs,58,189
./benchmark_tests/original/Biere/adder_3_4/pec_adder_3_bit_4_42.dqdimacs,59,188
./benchmark_tests/original/Biere/adder_3_4/pec_adder_3_bit_4_42.dqdimacs,60,186
./benchmark_tests/original/Biere/adder_3_4/pec_adder_3_bit_4_42.dqdimacs,61,189
./benchmark_tests/original/Biere/adder_3_4/pec_adder_3_bit_4_42.dqdimacs,62,189
./benchmark_tests/original/Biere/adder_3_4/pec_adder_3_bit_4_42.dqdimacs,63,190
./benchmark_tests/original/Biere/adder_3_4/pec_adder_3_bit_4_42.dqdimacs,64,189
./benchmark_tests/original/Biere/adder_3_4/pec_adder_3_bit_4_42.dqdimacs,65,188
./benchmark_tests/original/Biere/adder_3_4/pec_adder_3_bit_4_42.dqdimacs,66,189
./benchmark_tests/original/Biere/adder_3_4/pec_adder_3_bit_4_42.dqdimacs,67,187
./benchmark_tests/original/Biere/adder_3_4/pec_adder_3_bit_4_42.dqdimacs,68,190
./benchmark_tests/original/Biere/adder_3_4/pec_adder_3_bit_4_42.dqdimacs,69,190
./benchmark_tests/original/Biere/adder_3_4/pec_adder_3_bit_4_42.dqdimacs,70,188
./benchmark_tests/original/Biere/adder_3_4/pec_adder_3_bit_4_42.dqdimacs,71,190
./benchmark_tests/original/Biere/adder_3_4/pec_adder_3_bit_4_42.dqdimacs,72,190
./benchmark_tests/original/Biere/adder_3_4/pec_adder_3_bit_4_42.dqdimacs,73,189
./benchmark_tests/original/Biere/adder_3_4/pec_adder_3_bit_4_43.dqdimacs,4,320
./benchmark_tests/original/Biere/adder_3_4/pec_adder_3_bit_4_43.dqdimacs,5,270
./benchmark_tests/original/Biere/adder_3_4/pec_adder_3_bit_4_43.dqdimacs,6,263
./benchmark_tests/original/Biere/adder_3_4/pec_adder_3_bit_4_43.dqdimacs,10,268
./benchmark_tests/original/Biere/adder_3_4/pec_adder_3_bit_4_43.dqdimacs,11,268
./benchmark_tests/original/Biere/adder_3_4/pec_adder_3_bit_4_43.dqdimacs,12,259
./benchmark_tests/original/Biere/adder_3_4/pec_adder_3_bit_4_43.dqdimacs,13,232
./benchmark_tests/original/Biere/adder_3_4/pec_adder_3_bit_4_43.dqdimacs,17,200
./benchmark_tests/original/Biere/adder_3_4/pec_adder_3_bit_4_43.dqdimacs,18,172
./benchmark_tests/original/Biere/adder_3_4/pec_adder_3_bit_4_43.dqdimacs,19,151
./benchmark_tests/original/Biere/adder_3_4/pec_adder_3_bit_4_43.dqdimacs,20,145
./benchmark_tests/original/Biere/adder_3_4/pec_adder_3_bit_4_43.dqdimacs,22,143
./benchmark_tests/original/Biere/adder_3_4/pec_adder_3_bit_4_43.dqdimacs,23,141
./benchmark_tests/original/Biere/adder_3_4/pec_adder_3_bit_4_43.dqdimacs,24,143
./benchmark_tests/original/Biere/adder_3_4/pec_adder_3_bit_4_43.dqdimacs,25,141
./benchmark_tests/original/Biere/adder_3_4/pec_adder_3_bit_4_43.dqdimacs,26,142
./benchmark_tests/original/Biere/adder_3_4/pec_adder_3_bit_4_43.dqdimacs,27,142
./benchmark_tests/original/Biere/adder_3_4/pec_adder_3_bit_4_43.dqdimacs,29,143
./benchmark_tests/original/Biere/adder_3_4/pec_adder_3_bit_4_43.dqdimacs,30,144
./benchmark_tests/original/Biere/adder_3_4/pec_adder_3_bit_4_43.dqdimacs,31,143
./benchmark_tests/original/Biere/adder_3_4/pec_adder_3_bit_4_43.dqdimacs,33,143
./benchmark_tests/original/Biere/adder_3_4/pec_adder_3_bit_4_43.dqdimacs,34,143
./benchmark_tests/original/Biere/adder_3_4/pec_adder_3_bit_4_43.dqdimacs,35,144
./benchmark_tests/original/Biere/adder_3_4/pec_adder_3_bit_4_43.dqdimacs,36,143
./benchmark_tests/original/Biere/adder_3_4/pec_adder_3_bit_4_43.dqdimacs,37,142
./benchmark_tests/original/Biere/adder_3_4/pec_adder_3_bit_4_43.dqdimacs,38,144
./benchmark_tests/original/Biere/adder_3_4/pec_adder_3_bit_4_43.dqdimacs,39,146
./benchmark_tests/original/Biere/adder_3_4/pec_adder_3_bit_4_43.dqdimacs,41,141
./benchmark_tests/original/Biere/adder_3_4/pec_adder_3_bit_4_43.dqdimacs,42,141
./benchmark_tests/original/Biere/adder_3_4/pec_adder_3_bit_4_43.dqdimacs,43,143
./benchmark_tests/original/Biere/adder_3_4/pec_adder_3_bit_4_43.dqdimacs,44,143
./benchmark_tests/original/Biere/adder_3_4/pec_adder_3_bit_4_43.dqdimacs,46,143
./benchmark_tests/original/Biere/adder_3_4/pec_adder_3_bit_4_43.dqdimacs,47,144
./benchmark_tests/original/Biere/adder_3_4/pec_adder_3_bit_4_43.dqdimacs,48,144
./benchmark_tests/original/Biere/adder_3_4/pec_adder_3_bit_4_43.dqdimacs,50,141
./benchmark_tests/original/Biere/adder_3_4/pec_adder_3_bit_4_43.dqdimacs,51,144
./benchmark_tests/original/Biere/adder_3_4/pec_adder_3_bit_4_43.dqdimacs,52,141
./benchmark_tests/original/Biere/adder_3_4/pec_adder_3_bit_4_43.dqdimacs,53,145
./benchmark_tests/original/Biere/adder_3_4/pec_adder_3_bit_4_43.dqdimacs,55,140
./benchmark_tests/original/Biere/adder_3_4/pec_adder_3_bit_4_43.dqdimacs,56,142
./benchmark_tests/original/Biere/adder_3_4/pec_adder_3_bit_4_43.dqdimacs,57,143
./benchmark_tests/original/Biere/adder_3_4/pec_adder_3_bit_4_43.dqdimacs,58,144
./benchmark_tests/original/Biere/adder_3_4/pec_adder_3_bit_4_43.dqdimacs,59,142
./benchmark_tests/original/Biere/adder_3_4/pec_adder_3_bit_4_43.dqdimacs,60,142
./benchmark_tests/original/Biere/adder_3_4/pec_adder_3_bit_4_43.dqdimacs,61,142
./benchmark_tests/original/Biere/adder_3_4/pec_adder_3_bit_4_43.dqdimacs,62,142
./benchmark_tests/original/Biere/adder_3_4/pec_adder_3_bit_4_43.dqdimacs,63,144
./benchmark_tests/original/Biere/adder_3_4/pec_adder_3_bit_4_43.dqdimacs,64,141
./benchmark_tests/original/Biere/adder_3_4/pec_adder_3_bit_4_43.dqdimacs,65,140
./benchmark_tests/original/Biere/adder_3_4/pec_adder_3_bit_4_43.dqdimacs,66,143
./benchmark_tests/original/Biere/adder_3_4/pec_adder_3_bit_4_43.dqdimacs,67,140
./benchmark_tests/original/Biere/adder_3_4/pec_adder_3_bit_4_43.dqdimacs,68,143
./benchmark_tests/original/Biere/adder_3_4/pec_adder_3_bit_4_43.dqdimacs,69,143
./benchmark_tests/original/Biere/adder_3_4/pec_adder_3_bit_4_43.dqdimacs,70,143
./benchmark_tests/original/Biere/adder_3_4/pec_adder_3_bit_4_43.dqdimacs,71,143
./benchmark_tests/original/Biere/adder_3_4/pec_adder_3_bit_4_43.dqdimacs,72,140
./benchmark_tests/original/Biere/adder_3_4/pec_adder_3_bit_4_43.dqdimacs,73,143
./benchmark_tests/original/Biere/adder_3_4/pec_adder_3_bit_4_43.dqdimacs,74,143
./benchmark_tests/original/Biere/adder_3_4/pec_adder_3_bit_4_44.dqdimacs,4,275
./benchmark_tests/original/Biere/adder_3_4/pec_adder_3_bit_4_44.dqdimacs,5,226
./benchmark_tests/original/Biere/adder_3_4/pec_adder_3_bit_4_44.dqdimacs,6,226
./benchmark_tests/original/Biere/adder_3_4/pec_adder_3_bit_4_44.dqdimacs,10,227
./benchmark_tests/original/Biere/adder_3_4/pec_adder_3_bit_4_44.dqdimacs,11,226
./benchmark_tests/original/Biere/adder_3_4/pec_adder_3_bit_4_44.dqdimacs,12,228
./benchmark_tests/original/Biere/adder_3_4/pec_adder_3_bit_4_44.dqdimacs,13,220
./benchmark_tests/original/Biere/adder_3_4/pec_adder_3_bit_4_44.dqdimacs,17,199
./benchmark_tests/original/Biere/adder_3_4/pec_adder_3_bit_4_44.dqdimacs,18,176
./benchmark_tests/original/Biere/adder_3_4/pec_adder_3_bit_4_44.dqdimacs,19,157
./benchmark_tests/original/Biere/adder_3_4/pec_adder_3_bit_4_44.dqdimacs,20,139
./benchmark_tests/original/Biere/adder_3_4/pec_adder_3_bit_4_44.dqdimacs,22,127
./benchmark_tests/original/Biere/adder_3_4/pec_adder_3_bit_4_44.dqdimacs,23,121
./benchmark_tests/original/Biere/adder_3_4/pec_adder_3_bit_4_44.dqdimacs,24,121
./benchmark_tests/original/Biere/adder_3_4/pec_adder_3_bit_4_44.dqdimacs,25,121
./benchmark_tests/original/Biere/adder_3_4/pec_adder_3_bit_4_44.dqdimacs,26,121
./benchmark_tests/original/Biere/adder_3_4/pec_adder_3_bit_4_44.dqdimacs,27,122
./benchmark_tests/original/Biere/adder_3_4/pec_adder_3_bit_4_44.dqdimacs,29,121
./benchmark_tests/original/Biere/adder_3_4/pec_adder_3_bit_4_44.dqdimacs,30,120
./benchmark_tests/original/Biere/adder_3_4/pec_adder_3_bit_4_44.dqdimacs,31,123
./benchmark_tests/original/Biere/adder_3_4/pec_adder_3_bit_4_44.dqdimacs,33,121
./benchmark_tests/original/Biere/adder_3_4/pec_adder_3_bit_4_44.dqdimacs,34,121
./benchmark_tests/original/Biere/adder_3_4/pec_adder_3_bit_4_44.dqdimacs,35,123
./benchmark_tests/original/Biere/adder_3_4/pec_adder_3_bit_4_44.dqdimacs,37,120
./benchmark_tests/original/Biere/adder_3_4/pec_adder_3_bit_4_44.dqdimacs,38,122
./benchmark_tests/original/Biere/adder_3_4/pec_adder_3_bit_4_44.dqdimacs,39,121
./benchmark_tests/original/Biere/adder_3_4/pec_adder_3_bit_4_44.dqdimacs,40,121
./benchmark_tests/original/Biere/adder_3_4/pec_adder_3_bit_4_44.dqdimacs,41,121
./benchmark_tests/original/Biere/adder_3_4/pec_adder_3_bit_4_44.dqdimacs,42,120
./benchmark_tests/original/Biere/adder_3_4/pec_adder_3_bit_4_44.dqdimacs,43,123
./benchmark_tests/original/Biere/adder_3_4/pec_adder_3_bit_4_44.dqdimacs,45,120
./benchmark_tests/original/Biere/adder_3_4/pec_adder_3_bit_4_44.dqdimacs,46,121
./benchmark_tests/original/Biere/adder_3_4/pec_adder_3_bit_4_44.dqdimacs,47,123
./benchmark_tests/original/Biere/adder_3_4/pec_adder_3_bit_4_44.dqdimacs,49,121
./benchmark_tests/original/Biere/adder_3_4/pec_adder_3_bit_4_44.dqdimacs,50,121
./benchmark_tests/original/Biere/adder_3_4/pec_adder_3_bit_4_44.dqdimacs,51,123
./benchmark_tests/original/Biere/adder_3_4/pec_adder_3_bit_4_44.dqdimacs,53,121
./benchmark_tests/original/Biere/adder_3_4/pec_adder_3_bit_4_44.dqdimacs,54,120
./benchmark_tests/original/Biere/adder_3_4/pec_adder_3_bit_4_44.dqdimacs,55,121
./benchmark_tests/original/Biere/adder_3_4/pec_adder_3_bit_4_44.dqdimacs,56,123
./benchmark_tests/original/Biere/adder_3_4/pec_adder_3_bit_4_44.dqdimacs,58,121
./benchmark_tests/original/Biere/adder_3_4/pec_adder_3_bit_4_44.dqdimacs,59,121
./benchmark_tests/original/Biere/adder_3_4/pec_adder_3_bit_4_44.dqdimacs,60,121
./benchmark_tests/original/Biere/adder_3_4/pec_adder_3_bit_4_44.dqdimacs,61,123
./benchmark_tests/original/Biere/adder_3_4/pec_adder_3_bit_4_44.dqdimacs,62,121
./benchmark_tests/original/Biere/adder_3_4/pec_adder_3_bit_4_44.dqdimacs,63,121
./benchmark_tests/original/Biere/adder_3_4/pec_adder_3_bit_4_44.dqdimacs,64,121
./benchmark_tests/original/Biere/adder_3_4/pec_adder_3_bit_4_44.dqdimacs,65,122
./benchmark_tests/original/Biere/adder_3_4/pec_adder_3_bit_4_44.dqdimacs,66,122
./benchmark_tests/original/Biere/adder_3_4/pec_adder_3_bit_4_44.dqdimacs,67,121
./benchmark_tests/original/Biere/adder_3_4/pec_adder_3_bit_4_44.dqdimacs,68,121
./benchmark_tests/original/Biere/adder_3_4/pec_adder_3_bit_4_44.dqdimacs,69,121
./benchmark_tests/original/Biere/adder_3_4/pec_adder_3_bit_4_44.dqdimacs,70,121
./benchmark_tests/original/Biere/adder_3_4/pec_adder_3_bit_4_44.dqdimacs,71,121
./benchmark_tests/original/Biere/adder_3_4/pec_adder_3_bit_4_44.dqdimacs,72,121
./benchmark_tests/original/Biere/adder_3_4/pec_adder_3_bit_4_44.dqdimacs,73,121
./benchmark_tests/original/Biere/adder_3_4/pec_adder_3_bit_4_44.dqdimacs,74,121
./benchmark_tests/original/Biere/adder_3_4/pec_adder_3_bit_4_44.dqdimacs,75,121
./benchmark_tests/original/Biere/adder_3_4/pec_adder_3_bit_4_44.dqdimacs,76,122
./benchmark_tests/original/Biere/adder_3_4/pec_adder_3_bit_4_44.dqdimacs,77,120
./benchmark_tests/original/Biere/adder_3_4/pec_adder_3_bit_4_45.dqdimacs,4,688
./benchmark_tests/original/Biere/adder_3_4/pec_adder_3_bit_4_45.dqdimacs,5,633
./benchmark_tests/original/Biere/adder_3_4/pec_adder_3_bit_4_45.dqdimacs,6,582
./benchmark_tests/original/Biere/adder_3_4/pec_adder_3_bit_4_45.dqdimacs,10,429
./benchmark_tests/original/Biere/adder_3_4/pec_adder_3_bit_4_45.dqdimacs,11,345
./benchmark_tests/original/Biere/adder_3_4/pec_adder_3_bit_4_45.dqdimacs,12,347
./benchmark_tests/original/Biere/adder_3_4/pec_adder_3_bit_4_45.dqdimacs,13,339
./benchmark_tests/original/Biere/adder_3_4/pec_adder_3_bit_4_45.dqdimacs,17,337
./benchmark_tests/original/Biere/adder_3_4/pec_adder_3_bit_4_45.dqdimacs,18,338
./benchmark_tests/original/Biere/adder_3_4/pec_adder_3_bit_4_45.dqdimacs,19,338
./benchmark_tests/original/Biere/adder_3_4/pec_adder_3_bit_4_45.dqdimacs,20,341
./benchmark_tests/original/Biere/adder_3_4/pec_adder_3_bit_4_45.dqdimacs,22,336
./benchmark_tests/original/Biere/adder_3_4/pec_adder_3_bit_4_45.dqdimacs,23,340
./benchmark_tests/original/Biere/adder_3_4/pec_adder_3_bit_4_45.dqdimacs,24,335
./benchmark_tests/original/Biere/adder_3_4/pec_adder_3_bit_4_45.dqdimacs,25,337
./benchmark_tests/original/Biere/adder_3_4/pec_adder_3_bit_4_45.dqdimacs,26,338
./benchmark_tests/original/Biere/adder_3_4/pec_adder_3_bit_4_45.dqdimacs,27,339
./benchmark_tests/original/Biere/adder_3_4/pec_adder_3_bit_4_45.dqdimacs,29,338
./benchmark_tests/original/Biere/adder_3_4/pec_adder_3_bit_4_45.dqdimacs,30,339
./benchmark_tests/original/Biere/adder_3_4/pec_adder_3_bit_4_45.dqdimacs,31,339
./benchmark_tests/original/Biere/adder_3_4/pec_adder_3_bit_4_45.dqdimacs,33,340
./benchmark_tests/original/Biere/adder_3_4/pec_adder_3_bit_4_45.dqdimacs,34,343
./benchmark_tests/original/Biere/adder_3_4/pec_adder_3_bit_4_45.dqdimacs,35,349
./benchmark_tests/original/Biere/adder_3_4/pec_adder_3_bit_4_45.dqdimacs,37,345
./benchmark_tests/original/Biere/adder_3_4/pec_adder_3_bit_4_45.dqdimacs,38,344
./benchmark_tests/original/Biere/adder_3_4/pec_adder_3_bit_4_45.dqdimacs,39,346
./benchmark_tests/original/Biere/adder_3_4/pec_adder_3_bit_4_45.dqdimacs,41,345
./benchmark_tests/original/Biere/adder_3_4/pec_adder_3_bit_4_45.dqdimacs,42,344
./benchmark_tests/original/Biere/adder_3_4/pec_adder_3_bit_4_45.dqdimacs,43,348
./benchmark_tests/original/Biere/adder_3_4/pec_adder_3_bit_4_45.dqdimacs,45,344
./benchmark_tests/original/Biere/adder_3_4/pec_adder_3_bit_4_45.dqdimacs,46,344
./benchmark_tests/original/Biere/adder_3_4/pec_adder_3_bit_4_45.dqdimacs,47,348
./benchmark_tests/original/Biere/adder_3_4/pec_adder_3_bit_4_45.dqdimacs,49,344
./benchmark_tests/original/Biere/adder_3_4/pec_adder_3_bit_4_45.dqdimacs,50,343
./benchmark_tests/original/Biere/adder_3_4/pec_adder_3_bit_4_45.dqdimacs,51,342
./benchmark_tests/original/Biere/adder_3_4/pec_adder_3_bit_4_45.dqdimacs,52,342
./benchmark_tests/original/Biere/adder_3_4/pec_adder_3_bit_4_45.dqdimacs,53,336
./benchmark_tests/original/Biere/adder_3_4/pec_adder_3_bit_4_45.dqdimacs,54,346
./benchmark_tests/original/Biere/adder_3_4/pec_adder_3_bit_4_45.dqdimacs,56,342
./benchmark_tests/original/Biere/adder_3_4/pec_adder_3_bit_4_45.dqdimacs,57,357
./benchmark_tests/original/Biere/adder_3_4/pec_adder_3_bit_4_45.dqdimacs,58,644
./benchmark_tests/original/Biere/adder_3_4/pec_adder_3_bit_4_45.dqdimacs,59,675
./benchmark_tests/original/Biere/adder_3_4/pec_adder_3_bit_4_45.dqdimacs,61,656
./benchmark_tests/original/Biere/adder_3_4/pec_adder_3_bit_4_45.dqdimacs,62,648
./benchmark_tests/original/Biere/adder_3_4/pec_adder_3_bit_4_45.dqdimacs,63,520
./benchmark_tests/original/Biere/adder_3_4/pec_adder_3_bit_4_45.dqdimacs,64,376
./benchmark_tests/original/Biere/adder_3_4/pec_adder_3_bit_4_45.dqdimacs,65,349
./benchmark_tests/original/Biere/adder_3_4/pec_adder_3_bit_4_45.dqdimacs,66,348
./benchmark_tests/original/Biere/adder_3_4/pec_adder_3_bit_4_45.dqdimacs,67,345
./benchmark_tests/original/Biere/adder_3_4/pec_adder_3_bit_4_45.dqdimacs,68,348
./benchmark_tests/original/Biere/adder_3_4/pec_adder_3_bit_4_45.dqdimacs,69,345
./benchmark_tests/original/Biere/adder_3_4/pec_adder_3_bit_4_45.dqdimacs,70,347
./benchmark_tests/original/Biere/adder_3_4/pec_adder_3_bit_4_45.dqdimacs,71,346
./benchmark_tests/original/Biere/adder_3_4/pec_adder_3_bit_4_45.dqdimacs,72,348
./benchmark_tests/original/Biere/adder_3_4/pec_adder_3_bit_4_45.dqdimacs,73,349
./benchmark_tests/original/Biere/adder_3_4/pec_adder_3_bit_4_45.dqdimacs,74,342
./benchmark_tests/original/Biere/adder_3_4/pec_adder_3_bit_4_45.dqdimacs,75,345
./benchmark_tests/original/Biere/adder_3_4/pec_adder_3_bit_4_45.dqdimacs,76,345
./benchmark_tests/original/Biere/adder_3_4/pec_adder_3_bit_4_45.dqdimacs,77,345
./benchmark_tests/original/Biere/adder_3_4/pec_adder_3_bit_4_45.dqdimacs,78,345
./benchmark_tests/original/Biere/adder_3_4/pec_adder_3_bit_4_45.dqdimacs,79,345
./benchmark_tests/original/Biere/adder_3_4/pec_adder_3_bit_4_45.dqdimacs,80,346
./benchmark_tests/original/Biere/adder_3_4/pec_adder_3_bit_4_45.dqdimacs,81,344
./benchmark_tests/original/Biere/adder_3_4/pec_adder_3_bit_4_45.dqdimacs,82,343
./benchmark_tests/original/Biere/adder_3_4/pec_adder_3_bit_4_46.dqdimacs,4,226
./benchmark_tests/original/Biere/adder_3_4/pec_adder_3_bit_4_46.dqdimacs,5,177
./benchmark_tests/original/Biere/adder_3_4/pec_adder_3_bit_4_46.dqdimacs,6,178
./benchmark_tests/original/Biere/adder_3_4/pec_adder_3_bit_4_46.dqdimacs,10,177
./benchmark_tests/original/Biere/adder_3_4/pec_adder_3_bit_4_46.dqdimacs,11,177
./benchmark_tests/original/Biere/adder_3_4/pec_adder_3_bit_4_46.dqdimacs,12,177
./benchmark_tests/original/Biere/adder_3_4/pec_adder_3_bit_4_46.dqdimacs,13,177
./benchmark_tests/original/Biere/adder_3_4/pec_adder_3_bit_4_46.dqdimacs,17,176
./benchmark_tests/original/Biere/adder_3_4/pec_adder_3_bit_4_46.dqdimacs,18,169
./benchmark_tests/original/Biere/adder_3_4/pec_adder_3_bit_4_46.dqdimacs,19,156
./benchmark_tests/original/Biere/adder_3_4/pec_adder_3_bit_4_46.dqdimacs,20,143
./benchmark_tests/original/Biere/adder_3_4/pec_adder_3_bit_4_46.dqdimacs,22,129
./benchmark_tests/original/Biere/adder_3_4/pec_adder_3_bit_4_46.dqdimacs,23,117
./benchmark_tests/original/Biere/adder_3_4/pec_adder_3_bit_4_46.dqdimacs,24,108
./benchmark_tests/original/Biere/adder_3_4/pec_adder_3_bit_4_46.dqdimacs,25,100
./benchmark_tests/original/Biere/adder_3_4/pec_adder_3_bit_4_46.dqdimacs,26,95
./benchmark_tests/original/Biere/adder_3_4/pec_adder_3_bit_4_46.dqdimacs,27,96
./benchmark_tests/original/Biere/adder_3_4/pec_adder_3_bit_4_46.dqdimacs,29,94
./benchmark_tests/original/Biere/adder_3_4/pec_adder_3_bit_4_46.dqdimacs,30,95
./benchmark_tests/original/Biere/adder_3_4/pec_adder_3_bit_4_46.dqdimacs,31,96
./benchmark_tests/original/Biere/adder_3_4/pec_adder_3_bit_4_46.dqdimacs,33,94
./benchmark_tests/original/Biere/adder_3_4/pec_adder_3_bit_4_46.dqdimacs,34,95
./benchmark_tests/original/Biere/adder_3_4/pec_adder_3_bit_4_46.dqdimacs,35,97
./benchmark_tests/original/Biere/adder_3_4/pec_adder_3_bit_4_46.dqdimacs,37,95
./benchmark_tests/original/Biere/adder_3_4/pec_adder_3_bit_4_46.dqdimacs,38,94
./benchmark_tests/original/Biere/adder_3_4/pec_adder_3_bit_4_46.dqdimacs,39,94
./benchmark_tests/original/Biere/adder_3_4/pec_adder_3_bit_4_46.dqdimacs,40,96
./benchmark_tests/original/Biere/adder_3_4/pec_adder_3_bit_4_46.dqdimacs,42,94
./benchmark_tests/original/Biere/adder_3_4/pec_adder_3_bit_4_46.dqdimacs,43,95
./benchmark_tests/original/Biere/adder_3_4/pec_adder_3_bit_4_46.dqdimacs,44,94
./benchmark_tests/original/Biere/adder_3_4/pec_adder_3_bit_4_46.dqdimacs,45,95
./benchmark_tests/original/Biere/adder_3_4/pec_adder_3_bit_4_46.dqdimacs,47,94
./benchmark_tests/original/Biere/adder_3_4/pec_adder_3_bit_4_46.dqdimacs,48,94
./benchmark_tests/original/Biere/adder_3_4/pec_adder_3_bit_4_46.dqdimacs,49,94
./benchmark_tests/original/Biere/adder_3_4/pec_adder_3_bit_4_46.dqdimacs,50,96
./benchmark_tests/original/Biere/adder_3_4/pec_adder_3_bit_4_46.dqdimacs,52,95
./benchmark_tests/original/Biere/adder_3_4/pec_adder_3_bit_4_46.dqdimacs,53,95
./benchmark_tests/original/Biere/adder_3_4/pec_adder_3_bit_4_46.dqdimacs,54,95
./benchmark_tests/original/Biere/adder_3_4/pec_adder_3_bit_4_46.dqdimacs,55,97
./benchmark_tests/original/Biere/adder_3_4/pec_adder_3_bit_4_46.dqdimacs,57,95
./benchmark_tests/original/Biere/adder_3_4/pec_adder_3_bit_4_46.dqdimacs,58,95
./benchmark_tests/original/Biere/adder_3_4/pec_adder_3_bit_4_46.dqdimacs,59,97
./benchmark_tests/original/Biere/adder_3_4/pec_adder_3_bit_4_46.dqdimacs,61,95
./benchmark_tests/original/Biere/adder_3_4/pec_adder_3_bit_4_46.dqdimacs,62,95
./benchmark_tests/original/Biere/adder_3_4/pec_adder_3_bit_4_46.dqdimacs,63,97
./benchmark_tests/original/Biere/adder_3_4/pec_adder_3_bit_4_46.dqdimacs,64,96
./benchmark_tests/original/Biere/adder_3_4/pec_adder_3_bit_4_46.dqdimacs,65,95
./benchmark_tests/original/Biere/adder_3_4/pec_adder_3_bit_4_46.dqdimacs,66,95
./benchmark_tests/original/Biere/adder_3_4/pec_adder_3_bit_4_46.dqdimacs,67,95
./benchmark_tests/original/Biere/adder_3_4/pec_adder_3_bit_4_46.dqdimacs,68,95
./benchmark_tests/original/Biere/adder_3_4/pec_adder_3_bit_4_46.dqdimacs,69,95
./benchmark_tests/original/Biere/adder_3_4/pec_adder_3_bit_4_46.dqdimacs,70,95
./benchmark_tests/original/Biere/adder_3_4/pec_adder_3_bit_4_46.dqdimacs,71,95
./benchmark_tests/original/Biere/adder_3_4/pec_adder_3_bit_4_46.dqdimacs,72,95
./benchmark_tests/original/Biere/adder_3_4/pec_adder_3_bit_4_46.dqdimacs,73,96
./benchmark_tests/original/Biere/adder_3_4/pec_adder_3_bit_4_46.dqdimacs,74,95
./benchmark_tests/original/Biere/adder_3_4/pec_adder_3_bit_4_46.dqdimacs,75,95
./benchmark_tests/original/Biere/adder_3_4/pec_adder_3_bit_4_46.dqdimacs,76,95
./benchmark_tests/original/Biere/adder_3_4/pec_adder_3_bit_4_46.dqdimacs,77,95
./benchmark_tests/original/Biere/adder_3_4/pec_adder_3_bit_4_46.dqdimacs,78,95
./benchmark_tests/original/Biere/adder_3_4/pec_adder_3_bit_4_46.dqdimacs,79,95
./benchmark_tests/original/Biere/adder_3_4/pec_adder_3_bit_4_46.dqdimacs,80,95
./benchmark_tests/original/Biere/adder_3_4/pec_adder_3_bit_4_46.dqdimacs,81,95
./benchmark_tests/original/Biere/adder_3_4/pec_adder_3_bit_4_47.dqdimacs,4,224
./benchmark_tests/original/Biere/adder_3_4/pec_adder_3_bit_4_47.dqdimacs,5,174
./benchmark_tests/original/Biere/adder_3_4/pec_adder_3_bit_4_47.dqdimacs,6,177
./benchmark_tests/original/Biere/adder_3_4/pec_adder_3_bit_4_47.dqdimacs,10,177
./benchmark_tests/original/Biere/adder_3_4/pec_adder_3_bit_4_47.dqdimacs,11,174
./benchmark_tests/original/Biere/adder_3_4/pec_adder_3_bit_4_47.dqdimacs,12,177
./benchmark_tests/original/Biere/adder_3_4/pec_adder_3_bit_4_47.dqdimacs,13,175
./benchmark_tests/original/Biere/adder_3_4/pec_adder_3_bit_4_47.dqdimacs,17,174
./benchmark_tests/original/Biere/adder_3_4/pec_adder_3_bit_4_47.dqdimacs,18,170
./benchmark_tests/original/Biere/adder_3_4/pec_adder_3_bit_4_47.dqdimacs,19,155
./benchmark_tests/original/Biere/adder_3_4/pec_adder_3_bit_4_47.dqdimacs,20,144
./benchmark_tests/original/Biere/adder_3_4/pec_adder_3_bit_4_47.dqdimacs,22,131
./benchmark_tests/original/Biere/adder_3_4/pec_adder_3_bit_4_47.dqdimacs,23,119
./benchmark_tests/original/Biere/adder_3_4/pec_adder_3_bit_4_47.dqdimacs,24,110
./benchmark_tests/original/Biere/adder_3_4/pec_adder_3_bit_4_47.dqdimacs,25,100
./benchmark_tests/original/Biere/adder_3_4/pec_adder_3_bit_4_47.dqdimacs,26,96
./benchmark_tests/original/Biere/adder_3_4/pec_adder_3_bit_4_47.dqdimacs,27,97
./benchmark_tests/original/Biere/adder_3_4/pec_adder_3_bit_4_47.dqdimacs,29,95
./benchmark_tests/original/Biere/adder_3_4/pec_adder_3_bit_4_47.dqdimacs,30,95
./benchmark_tests/original/Biere/adder_3_4/pec_adder_3_bit_4_47.dqdimacs,31,98
./benchmark_tests/original/Biere/adder_3_4/pec_adder_3_bit_4_47.dqdimacs,33,95
./benchmark_tests/original/Biere/adder_3_4/pec_adder_3_bit_4_47.dqdimacs,34,95
./benchmark_tests/original/Biere/adder_3_4/pec_adder_3_bit_4_47.dqdimacs,35,95
./benchmark_tests/original/Biere/adder_3_4/pec_adder_3_bit_4_47.dqdimacs,36,98
./benchmark_tests/original/Biere/adder_3_4/pec_adder_3_bit_4_47.dqdimacs,38,95
./benchmark_tests/original/Biere/adder_3_4/pec_adder_3_bit_4_47.dqdimacs,39,95
./benchmark_tests/original/Biere/adder_3_4/pec_adder_3_bit_4_47.dqdimacs,40,97
./benchmark_tests/original/Biere/adder_3_4/pec_adder_3_bit_4_47.dqdimacs,42,94
./benchmark_tests/original/Biere/adder_3_4/pec_adder_3_bit_4_47.dqdimacs,43,95
./benchmark_tests/original/Biere/adder_3_4/pec_adder_3_bit_4_47.dqdimacs,44,95
./benchmark_tests/original/Biere/adder_3_4/pec_adder_3_bit_4_47.dqdimacs,45,95
./benchmark_tests/original/Biere/adder_3_4/pec_adder_3_bit_4_47.dqdimacs,46,97
./benchmark_tests/original/Biere/adder_3_4/pec_adder_3_bit_4_47.dqdimacs,48,95
./benchmark_tests/original/Biere/adder_3_4/pec_adder_3_bit_4_47.dqdimacs,49,94
./benchmark_tests/original/Biere/adder_3_4/pec_adder_3_bit_4_47.dqdimacs,50,97
./benchmark_tests/original/Biere/adder_3_4/pec_adder_3_bit_4_47.dqdimacs,52,94
./benchmark_tests/original/Biere/adder_3_4/pec_adder_3_bit_4_47.dqdimacs,53,94
./benchmark_tests/original/Biere/adder_3_4/pec_adder_3_bit_4_47.dqdimacs,54,93
./benchmark_tests/original/Biere/adder_3_4/pec_adder_3_bit_4_47.dqdimacs,55,95
./benchmark_tests/original/Biere/adder_3_4/pec_adder_3_bit_4_47.dqdimacs,57,95
./benchmark_tests/original/Biere/adder_3_4/pec_adder_3_bit_4_47.dqdimacs,58,96
./benchmark_tests/original/Biere/adder_3_4/pec_adder_3_bit_4_47.dqdimacs,59,97
./benchmark_tests/original/Biere/adder_3_4/pec_adder_3_bit_4_47.dqdimacs,61,94
./benchmark_tests/original/Biere/adder_3_4/pec_adder_3_bit_4_47.dqdimacs,62,94
./benchmark_tests/original/Biere/adder_3_4/pec_adder_3_bit_4_47.dqdimacs,63,96
./benchmark_tests/original/Biere/adder_3_4/pec_adder_3_bit_4_47.dqdimacs,64,95
./benchmark_tests/original/Biere/adder_3_4/pec_adder_3_bit_4_47.dqdimacs,65,95
./benchmark_tests/original/Biere/adder_3_4/pec_adder_3_bit_4_47.dqdimacs,66,95
./benchmark_tests/original/Biere/adder_3_4/pec_adder_3_bit_4_47.dqdimacs,67,95
./benchmark_tests/original/Biere/adder_3_4/pec_adder_3_bit_4_47.dqdimacs,68,94
./benchmark_tests/original/Biere/adder_3_4/pec_adder_3_bit_4_47.dqdimacs,69,94
./benchmark_tests/original/Biere/adder_3_4/pec_adder_3_bit_4_47.dqdimacs,70,95
./benchmark_tests/original/Biere/adder_3_4/pec_adder_3_bit_4_47.dqdimacs,71,95
./benchmark_tests/original/Biere/adder_3_4/pec_adder_3_bit_4_47.dqdimacs,72,95
./benchmark_tests/original/Biere/adder_3_4/pec_adder_3_bit_4_47.dqdimacs,73,95
./benchmark_tests/original/Biere/adder_3_4/pec_adder_3_bit_4_47.dqdimacs,74,94
./benchmark_tests/original/Biere/adder_3_4/pec_adder_3_bit_4_47.dqdimacs,75,94
./benchmark_tests/original/Biere/adder_3_4/pec_adder_3_bit_4_47.dqdimacs,76,95
./benchmark_tests/original/Biere/adder_3_4/pec_adder_3_bit_4_47.dqdimacs,77,95
./benchmark_tests/original/Biere/adder_3_4/pec_adder_3_bit_4_47.dqdimacs,78,95
./benchmark_tests/original/Biere/adder_3_4/pec_adder_3_bit_4_47.dqdimacs,79,95
./benchmark_tests/original/Biere/adder_3_4/pec_adder_3_bit_4_47.dqdimacs,80,95
./benchmark_tests/original/Biere/adder_3_4/pec_adder_3_bit_4_47.dqdimacs,81,94
./benchmark_tests/original/Biere/adder_3_4/pec_adder_3_bit_4_48.dqdimacs,4,479
./benchmark_tests/original/Biere/adder_3_4/pec_adder_3_bit_4_48.dqdimacs,5,436
./benchmark_tests/original/Biere/adder_3_4/pec_adder_3_bit_4_48.dqdimacs,6,432
./benchmark_tests/original/Biere/adder_3_4/pec_adder_3_bit_4_48.dqdimacs,10,413
./benchmark_tests/original/Biere/adder_3_4/pec_adder_3_bit_4_48.dqdimacs,11,335
./benchmark_tests/original/Biere/adder_3_4/pec_adder_3_bit_4_48.dqdimacs,12,261
./benchmark_tests/original/Biere/adder_3_4/pec_adder_3_bit_4_48.dqdimacs,13,233
./benchmark_tests/original/Biere/adder_3_4/pec_adder_3_bit_4_48.dqdimacs,17,234
./benchmark_tests/original/Biere/adder_3_4/pec_adder_3_bit_4_48.dqdimacs,18,230
./benchmark_tests/original/Biere/adder_3_4/pec_adder_3_bit_4_48.dqdimacs,19,231
./benchmark_tests/original/Biere/adder_3_4/pec_adder_3_bit_4_48.dqdimacs,20,230
./benchmark_tests/original/Biere/adder_3_4/pec_adder_3_bit_4_48.dqdimacs,22,227
./benchmark_tests/original/Biere/adder_3_4/pec_adder_3_bit_4_48.dqdimacs,23,227
./benchmark_tests/original/Biere/adder_3_4/pec_adder_3_bit_4_48.dqdimacs,24,231
./benchmark_tests/original/Biere/adder_3_4/pec_adder_3_bit_4_48.dqdimacs,25,232
./benchmark_tests/original/Biere/adder_3_4/pec_adder_3_bit_4_48.dqdimacs,26,232
./benchmark_tests/original/Biere/adder_3_4/pec_adder_3_bit_4_48.dqdimacs,27,233
./benchmark_tests/original/Biere/adder_3_4/pec_adder_3_bit_4_48.dqdimacs,29,232
./benchmark_tests/original/Biere/adder_3_4/pec_adder_3_bit_4_48.dqdimacs,30,231
./benchmark_tests/original/Biere/adder_3_4/pec_adder_3_bit_4_48.dqdimacs,31,236
./benchmark_tests/original/Biere/adder_3_4/pec_adder_3_bit_4_48.dqdimacs,33,232
./benchmark_tests/original/Biere/adder_3_4/pec_adder_3_bit_4_48.dqdimacs,34,235
./benchmark_tests/original/Biere/adder_3_4/pec_adder_3_bit_4_48.dqdimacs,35,234
./benchmark_tests/original/Biere/adder_3_4/pec_adder_3_bit_4_48.dqdimacs,37,232
./benchmark_tests/original/Biere/adder_3_4/pec_adder_3_bit_4_48.dqdimacs,38,232
./benchmark_tests/original/Biere/adder_3_4/pec_adder_3_bit_4_48.dqdimacs,39,232
./benchmark_tests/original/Biere/adder_3_4/pec_adder_3_bit_4_48.dqdimacs,40,237
./benchmark_tests/original/Biere/adder_3_4/pec_adder_3_bit_4_48.dqdimacs,42,232
./benchmark_tests/original/Biere/adder_3_4/pec_adder_3_bit_4_48.dqdimacs,43,234
./benchmark_tests/original/Biere/adder_3_4/pec_adder_3_bit_4_48.dqdimacs,44,237
./benchmark_tests/original/Biere/adder_3_4/pec_adder_3_bit_4_48.dqdimacs,46,234
./benchmark_tests/original/Biere/adder_3_4/pec_adder_3_bit_4_48.dqdimacs,47,234
./benchmark_tests/original/Biere/adder_3_4/pec_adder_3_bit_4_48.dqdimacs,48,236
./benchmark_tests/original/Biere/adder_3_4/pec_adder_3_bit_4_48.dqdimacs,50,233
./benchmark_tests/original/Biere/adder_3_4/pec_adder_3_bit_4_48.dqdimacs,51,231
./benchmark_tests/original/Biere/adder_3_4/pec_adder_3_bit_4_48.dqdimacs,52,232
./benchmark_tests/original/Biere/adder_3_4/pec_adder_3_bit_4_48.dqdimacs,53,235
./benchmark_tests/original/Biere/adder_3_4/pec_adder_3_bit_4_48.dqdimacs,54,235
./benchmark_tests/original/Biere/adder_3_4/pec_adder_3_bit_4_48.dqdimacs,55,236
./benchmark_tests/original/Biere/adder_3_4/pec_adder_3_bit_4_48.dqdimacs,57,233
./benchmark_tests/original/Biere/adder_3_4/pec_adder_3_bit_4_48.dqdimacs,58,233
./benchmark_tests/original/Biere/adder_3_4/pec_adder_3_bit_4_48.dqdimacs,59,232
./benchmark_tests/original/Biere/adder_3_4/pec_adder_3_bit_4_48.dqdimacs,60,233
./benchmark_tests/original/Biere/adder_3_4/pec_adder_3_bit_4_48.dqdimacs,62,229
./benchmark_tests/original/Biere/adder_3_4/pec_adder_3_bit_4_48.dqdimacs,63,233
./benchmark_tests/original/Biere/adder_3_4/pec_adder_3_bit_4_48.dqdimacs,64,234
./benchmark_tests/original/Biere/adder_3_4/pec_adder_3_bit_4_48.dqdimacs,65,231
./benchmark_tests/original/Biere/adder_3_4/pec_adder_3_bit_4_48.dqdimacs,66,232
./benchmark_tests/original/Biere/adder_3_4/pec_adder_3_bit_4_48.dqdimacs,67,230
./benchmark_tests/original/Biere/adder_3_4/pec_adder_3_bit_4_48.dqdimacs,68,231
./benchmark_tests/original/Biere/adder_3_4/pec_adder_3_bit_4_48.dqdimacs,69,232
./benchmark_tests/original/Biere/adder_3_4/pec_adder_3_bit_4_48.dqdimacs,70,231
./benchmark_tests/original/Biere/adder_3_4/pec_adder_3_bit_4_48.dqdimacs,71,230
./benchmark_tests/original/Biere/adder_3_4/pec_adder_3_bit_4_48.dqdimacs,72,230
./benchmark_tests/original/Biere/adder_3_4/pec_adder_3_bit_4_48.dqdimacs,73,231
./benchmark_tests/original/Biere/adder_3_4/pec_adder_3_bit_4_48.dqdimacs,74,233
./benchmark_tests/original/Biere/adder_3_4/pec_adder_3_bit_4_48.dqdimacs,75,232
./benchmark_tests/original/Biere/adder_3_4/pec_adder_3_bit_4_48.dqdimacs,76,230
./benchmark_tests/original/Biere/adder_3_4/pec_adder_3_bit_4_48.dqdimacs,77,234
./benchmark_tests/original/Biere/adder_3_4/pec_adder_3_bit_4_48.dqdimacs,78,233
./benchmark_tests/original/Biere/adder_3_4/pec_adder_3_bit_4_48.dqdimacs,79,234
./benchmark_tests/original/Biere/adder_3_4/pec_adder_3_bit_4_48.dqdimacs,80,236
./benchmark_tests/original/Biere/adder_3_4/pec_adder_3_bit_4_48.dqdimacs,81,232
./benchmark_tests/original/Biere/adder_3_4/pec_adder_3_bit_4_49.dqdimacs,4,159
./benchmark_tests/original/Biere/adder_3_4/pec_adder_3_bit_4_49.dqdimacs,5,134
./benchmark_tests/original/Biere/adder_3_4/pec_adder_3_bit_4_49.dqdimacs,6,134
./benchmark_tests/original/Biere/adder_3_4/pec_adder_3_bit_4_49.dqdimacs,10,134
./benchmark_tests/original/Biere/adder_3_4/pec_adder_3_bit_4_49.dqdimacs,11,134
./benchmark_tests/original/Biere/adder_3_4/pec_adder_3_bit_4_49.dqdimacs,12,135
./benchmark_tests/original/Biere/adder_3_4/pec_adder_3_bit_4_49.dqdimacs,13,135
./benchmark_tests/original/Biere/adder_3_4/pec_adder_3_bit_4_49.dqdimacs,17,133
./benchmark_tests/original/Biere/adder_3_4/pec_adder_3_bit_4_49.dqdimacs,18,133
./benchmark_tests/original/Biere/adder_3_4/pec_adder_3_bit_4_49.dqdimacs,19,133
./benchmark_tests/original/Biere/adder_3_4/pec_adder_3_bit_4_49.dqdimacs,20,133
./benchmark_tests/original/Biere/adder_3_4/pec_adder_3_bit_4_49.dqdimacs,22,133
./benchmark_tests/original/Biere/adder_3_4/pec_adder_3_bit_4_49.dqdimacs,23,133
./benchmark_tests/original/Biere/adder_3_4/pec_adder_3_bit_4_49.dqdimacs,24,135
./benchmark_tests/original/Biere/adder_3_4/pec_adder_3_bit_4_49.dqdimacs,25,135
./benchmark_tests/original/Biere/adder_3_4/pec_adder_3_bit_4_49.dqdimacs,26,134
./benchmark_tests/original/Biere/adder_3_4/pec_adder_3_bit_4_49.dqdimacs,27,135
./benchmark_tests/original/Biere/adder_3_4/pec_adder_3_bit_4_49.dqdimacs,29,134
./benchmark_tests/original/Biere/adder_3_4/pec_adder_3_bit_4_49.dqdimacs,30,133
./benchmark_tests/original/Biere/adder_3_4/pec_adder_3_bit_4_49.dqdimacs,31,136
./benchmark_tests/original/Biere/adder_3_4/pec_adder_3_bit_4_49.dqdimacs,33,134
./benchmark_tests/original/Biere/adder_3_4/pec_adder_3_bit_4_49.dqdimacs,34,134
./benchmark_tests/original/Biere/adder_3_4/pec_adder_3_bit_4_49.dqdimacs,35,136
./benchmark_tests/original/Biere/adder_3_4/pec_adder_3_bit_4_49.dqdimacs,37,134
./benchmark_tests/original/Biere/adder_3_4/pec_adder_3_bit_4_49.dqdimacs,38,134
./benchmark_tests/original/Biere/adder_3_4/pec_adder_3_bit_4_49.dqdimacs,39,136
./benchmark_tests/original/Biere/adder_3_4/pec_adder_3_bit_4_49.dqdimacs,41,134
./benchmark_tests/original/Biere/adder_3_4/pec_adder_3_bit_4_49.dqdimacs,42,134
./benchmark_tests/original/Biere/adder_3_4/pec_adder_3_bit_4_49.dqdimacs,43,134
./benchmark_tests/original/Biere/adder_3_4/pec_adder_3_bit_4_49.dqdimacs,44,135
./benchmark_tests/original/Biere/adder_3_4/pec_adder_3_bit_4_49.dqdimacs,45,135
./benchmark_tests/original/Biere/adder_3_4/pec_adder_3_bit_4_49.dqdimacs,46,135
./benchmark_tests/original/Biere/adder_3_4/pec_adder_3_bit_4_49.dqdimacs,47,136
./benchmark_tests/original/Biere/adder_3_4/pec_adder_3_bit_4_49.dqdimacs,49,134
./benchmark_tests/original/Biere/adder_3_4/pec_adder_3_bit_4_49.dqdimacs,50,134
./benchmark_tests/original/Biere/adder_3_4/pec_adder_3_bit_4_49.dqdimacs,51,136
./benchmark_tests/original/Biere/adder_3_4/pec_adder_3_bit_4_49.dqdimacs,52,133
./benchmark_tests/original/Biere/adder_3_4/pec_adder_3_bit_4_49.dqdimacs,53,134
./benchmark_tests/original/Biere/adder_3_4/pec_adder_3_bit_4_49.dqdimacs,54,133
./benchmark_tests/original/Biere/adder_3_4/pec_adder_3_bit_4_49.dqdimacs,55,134
./benchmark_tests/original/Biere/adder_3_4/pec_adder_3_bit_4_49.dqdimacs,56,134
./benchmark_tests/original/Biere/adder_3_4/pec_adder_3_bit_4_49.dqdimacs,57,133
./benchmark_tests/original/Biere/adder_3_4/pec_adder_3_bit_4_49.dqdimacs,58,133
./benchmark_tests/original/Biere/adder_3_4/pec_adder_3_bit_4_49.dqdimacs,59,133
./benchmark_tests/original/Biere/adder_3_4/pec_adder_3_bit_4_49.dqdimacs,60,134
./benchmark_tests/original/Biere/adder_3_4/pec_adder_3_bit_4_49.dqdimacs,61,133
./benchmark_tests/original/Biere/adder_3_4/pec_adder_3_bit_4_49.dqdimacs,62,133
./benchmark_tests/original/Biere/adder_3_4/pec_adder_3_bit_4_49.dqdimacs,63,133
./benchmark_tests/original/Biere/adder_3_4/pec_adder_3_bit_4_49.dqdimacs,64,133
./benchmark_tests/original/Biere/adder_3_4/pec_adder_3_bit_4_49.dqdimacs,65,133
./benchmark_tests/original/Biere/adder_3_4/pec_adder_3_bit_4_49.dqdimacs,66,133
./benchmark_tests/original/Biere/adder_3_4/pec_adder_3_bit_4_49.dqdimacs,67,135
./benchmark_tests/original/Biere/adder_3_4/pec_adder_3_bit_4_49.dqdimacs,68,133
./benchmark_tests/original/Biere/adder_3_4/pec_adder_3_bit_4_49.dqdimacs,69,136
./benchmark_tests/original/Biere/adder_3_4/pec_adder_3_bit_4_49.dqdimacs,70,133
./benchmark_tests/original/Biere/adder_3_4/pec_adder_3_bit_4_4.dqdimacs,4,219
./benchmark_tests/original/Biere/adder_3_4/pec_adder_3_bit_4_4.dqdimacs,5,171
./benchmark_tests/original/Biere/adder_3_4/pec_adder_3_bit_4_4.dqdimacs,6,170
./benchmark_tests/original/Biere/adder_3_4/pec_adder_3_bit_4_4.dqdimacs,10,170
./benchmark_tests/original/Biere/adder_3_4/pec_adder_3_bit_4_4.dqdimacs,11,170
./benchmark_tests/original/Biere/adder_3_4/pec_adder_3_bit_4_4.dqdimacs,12,171
./benchmark_tests/original/Biere/adder_3_4/pec_adder_3_bit_4_4.dqdimacs,13,172
./benchmark_tests/original/Biere/adder_3_4/pec_adder_3_bit_4_4.dqdimacs,17,171
./benchmark_tests/original/Biere/adder_3_4/pec_adder_3_bit_4_4.dqdimacs,18,165
./benchmark_tests/original/Biere/adder_3_4/pec_adder_3_bit_4_4.dqdimacs,19,154
./benchmark_tests/original/Biere/adder_3_4/pec_adder_3_bit_4_4.dqdimacs,20,144
./benchmark_tests/original/Biere/adder_3_4/pec_adder_3_bit_4_4.dqdimacs,22,130
./benchmark_tests/original/Biere/adder_3_4/pec_adder_3_bit_4_4.dqdimacs,23,118
./benchmark_tests/original/Biere/adder_3_4/pec_adder_3_bit_4_4.dqdimacs,24,108
./benchmark_tests/original/Biere/adder_3_4/pec_adder_3_bit_4_4.dqdimacs,25,100
./benchmark_tests/original/Biere/adder_3_4/pec_adder_3_bit_4_4.dqdimacs,26,93
./benchmark_tests/original/Biere/adder_3_4/pec_adder_3_bit_4_4.dqdimacs,27,92
./benchmark_tests/original/Biere/adder_3_4/pec_adder_3_bit_4_4.dqdimacs,29,91
./benchmark_tests/original/Biere/adder_3_4/pec_adder_3_bit_4_4.dqdimacs,30,90
./benchmark_tests/original/Biere/adder_3_4/pec_adder_3_bit_4_4.dqdimacs,31,92
./benchmark_tests/original/Biere/adder_3_4/pec_adder_3_bit_4_4.dqdimacs,33,90
./benchmark_tests/original/Biere/adder_3_4/pec_adder_3_bit_4_4.dqdimacs,34,92
./benchmark_tests/original/Biere/adder_3_4/pec_adder_3_bit_4_4.dqdimacs,35,93
./benchmark_tests/original/Biere/adder_3_4/pec_adder_3_bit_4_4.dqdimacs,37,91
./benchmark_tests/original/Biere/adder_3_4/pec_adder_3_bit_4_4.dqdimacs,38,92
./benchmark_tests/original/Biere/adder_3_4/pec_adder_3_bit_4_4.dqdimacs,39,92
./benchmark_tests/original/Biere/adder_3_4/pec_adder_3_bit_4_4.dqdimacs,40,93
./benchmark_tests/original/Biere/adder_3_4/pec_adder_3_bit_4_4.dqdimacs,42,92
./benchmark_tests/original/Biere/adder_3_4/pec_adder_3_bit_4_4.dqdimacs,43,91
./benchmark_tests/original/Biere/adder_3_4/pec_adder_3_bit_4_4.dqdimacs,44,92
./benchmark_tests/original/Biere/adder_3_4/pec_adder_3_bit_4_4.dqdimacs,45,92
./benchmark_tests/original/Biere/adder_3_4/pec_adder_3_bit_4_4.dqdimacs,46,91
./benchmark_tests/original/Biere/adder_3_4/pec_adder_3_bit_4_4.dqdimacs,47,91
./benchmark_tests/original/Biere/adder_3_4/pec_adder_3_bit_4_4.dqdimacs,48,91
./benchmark_tests/original/Biere/adder_3_4/pec_adder_3_bit_4_4.dqdimacs,49,90
./benchmark_tests/original/Biere/adder_3_4/pec_adder_3_bit_4_4.dqdimacs,50,91
./benchmark_tests/original/Biere/adder_3_4/pec_adder_3_bit_4_4.dqdimacs,51,91
./benchmark_tests/original/Biere/adder_3_4/pec_adder_3_bit_4_4.dqdimacs,52,91
./benchmark_tests/original/Biere/adder_3_4/pec_adder_3_bit_4_4.dqdimacs,53,90
./benchmark_tests/original/Biere/adder_3_4/pec_adder_3_bit_4_4.dqdimacs,54,91
./benchmark_tests/original/Biere/adder_3_4/pec_adder_3_bit_4_4.dqdimacs,55,91
./benchmark_tests/original/Biere/adder_3_4/pec_adder_3_bit_4_4.dqdimacs,56,91
./benchmark_tests/original/Biere/adder_3_4/pec_adder_3_bit_4_4.dqdimacs,57,91
./benchmark_tests/original/Biere/adder_3_4/pec_adder_3_bit_4_4.dqdimacs,58,90
./benchmark_tests/original/Biere/adder_3_4/pec_adder_3_bit_4_4.dqdimacs,59,90
./benchmark_tests/original/Biere/adder_3_4/pec_adder_3_bit_4_4.dqdimacs,60,91
./benchmark_tests/original/Biere/adder_3_4/pec_adder_3_bit_4_4.dqdimacs,61,91
./benchmark_tests/original/Biere/adder_3_4/pec_adder_3_bit_4_4.dqdimacs,62,91
./benchmark_tests/original/Biere/adder_3_4/pec_adder_3_bit_4_4.dqdimacs,63,92
./benchmark_tests/original/Biere/adder_3_4/pec_adder_3_bit_4_4.dqdimacs,64,91
./benchmark_tests/original/Biere/adder_3_4/pec_adder_3_bit_4_4.dqdimacs,65,90
./benchmark_tests/original/Biere/adder_3_4/pec_adder_3_bit_4_4.dqdimacs,66,91
./benchmark_tests/original/Biere/adder_3_4/pec_adder_3_bit_4_50.dqdimacs,4,321
./benchmark_tests/original/Biere/adder_3_4/pec_adder_3_bit_4_50.dqdimacs,5,272
./benchmark_tests/original/Biere/adder_3_4/pec_adder_3_bit_4_50.dqdimacs,6,271
./benchmark_tests/original/Biere/adder_3_4/pec_adder_3_bit_4_50.dqdimacs,10,272
./benchmark_tests/original/Biere/adder_3_4/pec_adder_3_bit_4_50.dqdimacs,11,272
./benchmark_tests/original/Biere/adder_3_4/pec_adder_3_bit_4_50.dqdimacs,12,261
./benchmark_tests/original/Biere/adder_3_4/pec_adder_3_bit_4_50.dqdimacs,13,231
./benchmark_tests/original/Biere/adder_3_4/pec_adder_3_bit_4_50.dqdimacs,17,198
./benchmark_tests/original/Biere/adder_3_4/pec_adder_3_bit_4_50.dqdimacs,18,172
./benchmark_tests/original/Biere/adder_3_4/pec_adder_3_bit_4_50.dqdimacs,19,154
./benchmark_tests/original/Biere/adder_3_4/pec_adder_3_bit_4_50.dqdimacs,20,146
./benchmark_tests/original/Biere/adder_3_4/pec_adder_3_bit_4_50.dqdimacs,22,145
./benchmark_tests/original/Biere/adder_3_4/pec_adder_3_bit_4_50.dqdimacs,23,145
./benchmark_tests/original/Biere/adder_3_4/pec_adder_3_bit_4_50.dqdimacs,24,145
./benchmark_tests/original/Biere/adder_3_4/pec_adder_3_bit_4_50.dqdimacs,25,144
./benchmark_tests/original/Biere/adder_3_4/pec_adder_3_bit_4_50.dqdimacs,26,145
./benchmark_tests/original/Biere/adder_3_4/pec_adder_3_bit_4_50.dqdimacs,27,145
./benchmark_tests/original/Biere/adder_3_4/pec_adder_3_bit_4_50.dqdimacs,29,144
./benchmark_tests/original/Biere/adder_3_4/pec_adder_3_bit_4_50.dqdimacs,30,145
./benchmark_tests/original/Biere/adder_3_4/pec_adder_3_bit_4_50.dqdimacs,31,147
./benchmark_tests/original/Biere/adder_3_4/pec_adder_3_bit_4_50.dqdimacs,33,144
./benchmark_tests/original/Biere/adder_3_4/pec_adder_3_bit_4_50.dqdimacs,34,144
./benchmark_tests/original/Biere/adder_3_4/pec_adder_3_bit_4_50.dqdimacs,35,146
./benchmark_tests/original/Biere/adder_3_4/pec_adder_3_bit_4_50.dqdimacs,37,145
./benchmark_tests/original/Biere/adder_3_4/pec_adder_3_bit_4_50.dqdimacs,38,144
./benchmark_tests/original/Biere/adder_3_4/pec_adder_3_bit_4_50.dqdimacs,39,147
./benchmark_tests/original/Biere/adder_3_4/pec_adder_3_bit_4_50.dqdimacs,41,145
./benchmark_tests/original/Biere/adder_3_4/pec_adder_3_bit_4_50.dqdimacs,42,145
./benchmark_tests/original/Biere/adder_3_4/pec_adder_3_bit_4_50.dqdimacs,43,147
./benchmark_tests/original/Biere/adder_3_4/pec_adder_3_bit_4_50.dqdimacs,45,144
./benchmark_tests/original/Biere/adder_3_4/pec_adder_3_bit_4_50.dqdimacs,46,145
./benchmark_tests/original/Biere/adder_3_4/pec_adder_3_bit_4_50.dqdimacs,47,149
./benchmark_tests/original/Biere/adder_3_4/pec_adder_3_bit_4_50.dqdimacs,49,145
./benchmark_tests/original/Biere/adder_3_4/pec_adder_3_bit_4_50.dqdimacs,50,145
./benchmark_tests/original/Biere/adder_3_4/pec_adder_3_bit_4_50.dqdimacs,51,148
./benchmark_tests/original/Biere/adder_3_4/pec_adder_3_bit_4_50.dqdimacs,53,145
./benchmark_tests/original/Biere/adder_3_4/pec_adder_3_bit_4_50.dqdimacs,54,145
./benchmark_tests/original/Biere/adder_3_4/pec_adder_3_bit_4_50.dqdimacs,55,145
./benchmark_tests/original/Biere/adder_3_4/pec_adder_3_bit_4_50.dqdimacs,56,147
./benchmark_tests/original/Biere/adder_3_4/pec_adder_3_bit_4_50.dqdimacs,58,145
./benchmark_tests/original/Biere/adder_3_4/pec_adder_3_bit_4_50.dqdimacs,59,145
./benchmark_tests/original/Biere/adder_3_4/pec_adder_3_bit_4_50.dqdimacs,60,145
./benchmark_tests/original/Biere/adder_3_4/pec_adder_3_bit_4_50.dqdimacs,61,147
./benchmark_tests/original/Biere/adder_3_4/pec_adder_3_bit_4_50.dqdimacs,63,144
./benchmark_tests/original/Biere/adder_3_4/pec_adder_3_bit_4_50.dqdimacs,64,145
./benchmark_tests/original/Biere/adder_3_4/pec_adder_3_bit_4_50.dqdimacs,65,145
./benchmark_tests/original/Biere/adder_3_4/pec_adder_3_bit_4_50.dqdimacs,66,146
./benchmark_tests/original/Biere/adder_3_4/pec_adder_3_bit_4_50.dqdimacs,67,144
./benchmark_tests/original/Biere/adder_3_4/pec_adder_3_bit_4_50.dqdimacs,68,144
./benchmark_tests/original/Biere/adder_3_4/pec_adder_3_bit_4_50.dqdimacs,69,144
./benchmark_tests/original/Biere/adder_3_4/pec_adder_3_bit_4_50.dqdimacs,70,145
./benchmark_tests/original/Biere/adder_3_4/pec_adder_3_bit_4_50.dqdimacs,71,144
./benchmark_tests/original/Biere/adder_3_4/pec_adder_3_bit_4_50.dqdimacs,72,144
./benchmark_tests/original/Biere/adder_3_4/pec_adder_3_bit_4_50.dqdimacs,73,144
./benchmark_tests/original/Biere/adder_3_4/pec_adder_3_bit_4_50.dqdimacs,74,144
./benchmark_tests/original/Biere/adder_3_4/pec_adder_3_bit_4_50.dqdimacs,75,144
./benchmark_tests/original/Biere/adder_3_4/pec_adder_3_bit_4_50.dqdimacs,76,144
./benchmark_tests/original/Biere/adder_3_4/pec_adder_3_bit_4_50.dqdimacs,77,145
./benchmark_tests/original/Biere/adder_3_4/pec_adder_3_bit_4_50.dqdimacs,78,144
./benchmark_tests/original/Biere/adder_3_4/pec_adder_3_bit_4_50.dqdimacs,79,144
./benchmark_tests/original/Biere/adder_3_4/pec_adder_3_bit_4_50.dqdimacs,80,144
./benchmark_tests/original/Biere/adder_3_4/pec_adder_3_bit_4_50.dqdimacs,81,144
./benchmark_tests/original/Biere/adder_3_4/pec_adder_3_bit_4_50.dqdimacs,82,144
./benchmark_tests/original/Biere/adder_3_4/pec_adder_3_bit_4_50.dqdimacs,83,145
./benchmark_tests/original/Biere/adder_3_4/pec_adder_3_bit_4_50.dqdimacs,84,145
./benchmark_tests/original/Biere/adder_3_4/pec_adder_3_bit_4_50.dqdimacs,85,144
./benchmark_tests/original/Biere/adder_3_4/pec_adder_3_bit_4_51.dqdimacs,4,222
./benchmark_tests/original/Biere/adder_3_4/pec_adder_3_bit_4_51.dqdimacs,5,171
./benchmark_tests/original/Biere/adder_3_4/pec_adder_3_bit_4_51.dqdimacs,6,173
./benchmark_tests/original/Biere/adder_3_4/pec_adder_3_bit_4_51.dqdimacs,10,172
./benchmark_tests/original/Biere/adder_3_4/pec_adder_3_bit_4_51.dqdimacs,11,170
./benchmark_tests/original/Biere/adder_3_4/pec_adder_3_bit_4_51.dqdimacs,12,171
./benchmark_tests/original/Biere/adder_3_4/pec_adder_3_bit_4_51.dqdimacs,13,173
./benchmark_tests/original/Biere/adder_3_4/pec_adder_3_bit_4_51.dqdimacs,17,170
./benchmark_tests/original/Biere/adder_3_4/pec_adder_3_bit_4_51.dqdimacs,18,166
./benchmark_tests/original/Biere/adder_3_4/pec_adder_3_bit_4_51.dqdimacs,19,156
./benchmark_tests/original/Biere/adder_3_4/pec_adder_3_bit_4_51.dqdimacs,20,144
./benchmark_tests/original/Biere/adder_3_4/pec_adder_3_bit_4_51.dqdimacs,22,128
./benchmark_tests/original/Biere/adder_3_4/pec_adder_3_bit_4_51.dqdimacs,23,118
./benchmark_tests/original/Biere/adder_3_4/pec_adder_3_bit_4_51.dqdimacs,24,109
./benchmark_tests/original/Biere/adder_3_4/pec_adder_3_bit_4_51.dqdimacs,25,102
./benchmark_tests/original/Biere/adder_3_4/pec_adder_3_bit_4_51.dqdimacs,26,94
./benchmark_tests/original/Biere/adder_3_4/pec_adder_3_bit_4_51.dqdimacs,27,94
./benchmark_tests/original/Biere/adder_3_4/pec_adder_3_bit_4_51.dqdimacs,29,92
./benchmark_tests/original/Biere/adder_3_4/pec_adder_3_bit_4_51.dqdimacs,30,92
./benchmark_tests/original/Biere/adder_3_4/pec_adder_3_bit_4_51.dqdimacs,31,93
./benchmark_tests/original/Biere/adder_3_4/pec_adder_3_bit_4_51.dqdimacs,33,92
./benchmark_tests/original/Biere/adder_3_4/pec_adder_3_bit_4_51.dqdimacs,34,92
./benchmark_tests/original/Biere/adder_3_4/pec_adder_3_bit_4_51.dqdimacs,35,91
./benchmark_tests/original/Biere/adder_3_4/pec_adder_3_bit_4_51.dqdimacs,36,94
./benchmark_tests/original/Biere/adder_3_4/pec_adder_3_bit_4_51.dqdimacs,38,92
./benchmark_tests/original/Biere/adder_3_4/pec_adder_3_bit_4_51.dqdimacs,39,92
./benchmark_tests/original/Biere/adder_3_4/pec_adder_3_bit_4_51.dqdimacs,40,96
./benchmark_tests/original/Biere/adder_3_4/pec_adder_3_bit_4_51.dqdimacs,42,92
./benchmark_tests/original/Biere/adder_3_4/pec_adder_3_bit_4_51.dqdimacs,43,92
./benchmark_tests/original/Biere/adder_3_4/pec_adder_3_bit_4_51.dqdimacs,44,95
./benchmark_tests/original/Biere/adder_3_4/pec_adder_3_bit_4_51.dqdimacs,46,91
./benchmark_tests/original/Biere/adder_3_4/pec_adder_3_bit_4_51.dqdimacs,47,91
./benchmark_tests/original/Biere/adder_3_4/pec_adder_3_bit_4_51.dqdimacs,48,92
./benchmark_tests/original/Biere/adder_3_4/pec_adder_3_bit_4_51.dqdimacs,49,92
./benchmark_tests/original/Biere/adder_3_4/pec_adder_3_bit_4_51.dqdimacs,50,92
./benchmark_tests/original/Biere/adder_3_4/pec_adder_3_bit_4_51.dqdimacs,51,93
./benchmark_tests/original/Biere/adder_3_4/pec_adder_3_bit_4_51.dqdimacs,53,92
./benchmark_tests/original/Biere/adder_3_4/pec_adder_3_bit_4_51.dqdimacs,54,92
./benchmark_tests/original/Biere/adder_3_4/pec_adder_3_bit_4_51.dqdimacs,55,94
./benchmark_tests/original/Biere/adder_3_4/pec_adder_3_bit_4_51.dqdimacs,57,91
./benchmark_tests/original/Biere/adder_3_4/pec_adder_3_bit_4_51.dqdimacs,58,92
./benchmark_tests/original/Biere/adder_3_4/pec_adder_3_bit_4_51.dqdimacs,59,92
./benchmark_tests/original/Biere/adder_3_4/pec_adder_3_bit_4_51.dqdimacs,60,95
./benchmark_tests/original/Biere/adder_3_4/pec_adder_3_bit_4_51.dqdimacs,62,91
./benchmark_tests/original/Biere/adder_3_4/pec_adder_3_bit_4_51.dqdimacs,63,92
./benchmark_tests/original/Biere/adder_3_4/pec_adder_3_bit_4_51.dqdimacs,64,92
./benchmark_tests/original/Biere/adder_3_4/pec_adder_3_bit_4_51.dqdimacs,65,94
./benchmark_tests/original/Biere/adder_3_4/pec_adder_3_bit_4_51.dqdimacs,66,92
./benchmark_tests/original/Biere/adder_3_4/pec_adder_3_bit_4_51.dqdimacs,67,91
./benchmark_tests/original/Biere/adder_3_4/pec_adder_3_bit_4_51.dqdimacs,68,92
./benchmark_tests/original/Biere/adder_3_4/pec_adder_3_bit_4_51.dqdimacs,69,92
./benchmark_tests/original/Biere/adder_3_4/pec_adder_3_bit_4_51.dqdimacs,70,92
./benchmark_tests/original/Biere/adder_3_4/pec_adder_3_bit_4_51.dqdimacs,71,92
./benchmark_tests/original/Biere/adder_3_4/pec_adder_3_bit_4_51.dqdimacs,72,92
./benchmark_tests/original/Biere/adder_3_4/pec_adder_3_bit_4_51.dqdimacs,73,91
./benchmark_tests/original/Biere/adder_3_4/pec_adder_3_bit_4_51.dqdimacs,74,92
./benchmark_tests/original/Biere/adder_3_4/pec_adder_3_bit_4_51.dqdimacs,75,92
./benchmark_tests/original/Biere/adder_3_4/pec_adder_3_bit_4_51.dqdimacs,76,93
./benchmark_tests/original/Biere/adder_3_4/pec_adder_3_bit_4_51.dqdimacs,77,93
./benchmark_tests/original/Biere/adder_3_4/pec_adder_3_bit_4_51.dqdimacs,78,92
./benchmark_tests/original/Biere/adder_3_4/pec_adder_3_bit_4_51.dqdimacs,79,92
./benchmark_tests/original/Biere/adder_3_4/pec_adder_3_bit_4_51.dqdimacs,80,93
./benchmark_tests/original/Biere/adder_3_4/pec_adder_3_bit_4_51.dqdimacs,81,93
./benchmark_tests/original/Biere/adder_3_4/pec_adder_3_bit_4_51.dqdimacs,82,93
./benchmark_tests/original/Biere/adder_3_4/pec_adder_3_bit_4_52.dqdimacs,4,351
./benchmark_tests/original/Biere/adder_3_4/pec_adder_3_bit_4_52.dqdimacs,5,300
./benchmark_tests/original/Biere/adder_3_4/pec_adder_3_bit_4_52.dqdimacs,6,302
./benchmark_tests/original/Biere/adder_3_4/pec_adder_3_bit_4_52.dqdimacs,10,298
./benchmark_tests/original/Biere/adder_3_4/pec_adder_3_bit_4_52.dqdimacs,11,297
./benchmark_tests/original/Biere/adder_3_4/pec_adder_3_bit_4_52.dqdimacs,12,267
./benchmark_tests/original/Biere/adder_3_4/pec_adder_3_bit_4_52.dqdimacs,13,228
./benchmark_tests/original/Biere/adder_3_4/pec_adder_3_bit_4_52.dqdimacs,17,195
./benchmark_tests/original/Biere/adder_3_4/pec_adder_3_bit_4_52.dqdimacs,18,168
./benchmark_tests/original/Biere/adder_3_4/pec_adder_3_bit_4_52.dqdimacs,19,158
./benchmark_tests/original/Biere/adder_3_4/pec_adder_3_bit_4_52.dqdimacs,20,160
./benchmark_tests/original/Biere/adder_3_4/pec_adder_3_bit_4_52.dqdimacs,22,159
./benchmark_tests/original/Biere/adder_3_4/pec_adder_3_bit_4_52.dqdimacs,23,161
./benchmark_tests/original/Biere/adder_3_4/pec_adder_3_bit_4_52.dqdimacs,24,156
./benchmark_tests/original/Biere/adder_3_4/pec_adder_3_bit_4_52.dqdimacs,25,158
./benchmark_tests/original/Biere/adder_3_4/pec_adder_3_bit_4_52.dqdimacs,26,156
./benchmark_tests/original/Biere/adder_3_4/pec_adder_3_bit_4_52.dqdimacs,27,158
./benchmark_tests/original/Biere/adder_3_4/pec_adder_3_bit_4_52.dqdimacs,29,159
./benchmark_tests/original/Biere/adder_3_4/pec_adder_3_bit_4_52.dqdimacs,30,156
./benchmark_tests/original/Biere/adder_3_4/pec_adder_3_bit_4_52.dqdimacs,31,159
./benchmark_tests/original/Biere/adder_3_4/pec_adder_3_bit_4_52.dqdimacs,33,156
./benchmark_tests/original/Biere/adder_3_4/pec_adder_3_bit_4_52.dqdimacs,34,157
./benchmark_tests/original/Biere/adder_3_4/pec_adder_3_bit_4_52.dqdimacs,35,157
./benchmark_tests/original/Biere/adder_3_4/pec_adder_3_bit_4_52.dqdimacs,36,160
./benchmark_tests/original/Biere/adder_3_4/pec_adder_3_bit_4_52.dqdimacs,38,159
./benchmark_tests/original/Biere/adder_3_4/pec_adder_3_bit_4_52.dqdimacs,39,158
./benchmark_tests/original/Biere/adder_3_4/pec_adder_3_bit_4_52.dqdimacs,40,159
./benchmark_tests/original/Biere/adder_3_4/pec_adder_3_bit_4_52.dqdimacs,42,158
./benchmark_tests/original/Biere/adder_3_4/pec_adder_3_bit_4_52.dqdimacs,43,160
./benchmark_tests/original/Biere/adder_3_4/pec_adder_3_bit_4_52.dqdimacs,44,160
./benchmark_tests/original/Biere/adder_3_4/pec_adder_3_bit_4_52.dqdimacs,45,158
./benchmark_tests/original/Biere/adder_3_4/pec_adder_3_bit_4_52.dqdimacs,46,160
./benchmark_tests/original/Biere/adder_3_4/pec_adder_3_bit_4_52.dqdimacs,47,158
./benchmark_tests/original/Biere/adder_3_4/pec_adder_3_bit_4_52.dqdimacs,48,158
./benchmark_tests/original/Biere/adder_3_4/pec_adder_3_bit_4_52.dqdimacs,49,160
./benchmark_tests/original/Biere/adder_3_4/pec_adder_3_bit_4_52.dqdimacs,50,158
./benchmark_tests/original/Biere/adder_3_4/pec_adder_3_bit_4_52.dqdimacs,51,159
./benchmark_tests/original/Biere/adder_3_4/pec_adder_3_bit_4_52.dqdimacs,52,159
./benchmark_tests/original/Biere/adder_3_4/pec_adder_3_bit_4_52.dqdimacs,53,156
./benchmark_tests/original/Biere/adder_3_4/pec_adder_3_bit_4_52.dqdimacs,54,156
./benchmark_tests/original/Biere/adder_3_4/pec_adder_3_bit_4_52.dqdimacs,55,159
./benchmark_tests/original/Biere/adder_3_4/pec_adder_3_bit_4_52.dqdimacs,56,158
./benchmark_tests/original/Biere/adder_3_4/pec_adder_3_bit_4_52.dqdimacs,57,158
./benchmark_tests/original/Biere/adder_3_4/pec_adder_3_bit_4_52.dqdimacs,58,158
./benchmark_tests/original/Biere/adder_3_4/pec_adder_3_bit_4_52.dqdimacs,59,157
./benchmark_tests/original/Biere/adder_3_4/pec_adder_3_bit_4_52.dqdimacs,60,158
./benchmark_tests/original/Biere/adder_3_4/pec_adder_3_bit_4_52.dqdimacs,61,158
./benchmark_tests/original/Biere/adder_3_4/pec_adder_3_bit_4_52.dqdimacs,62,159
./benchmark_tests/original/Biere/adder_3_4/pec_adder_3_bit_4_52.dqdimacs,63,160
./benchmark_tests/original/Biere/adder_3_4/pec_adder_3_bit_4_52.dqdimacs,64,159
./benchmark_tests/original/Biere/adder_3_4/pec_adder_3_bit_4_52.dqdimacs,65,162
./benchmark_tests/original/Biere/adder_3_4/pec_adder_3_bit_4_52.dqdimacs,66,159
./benchmark_tests/original/Biere/adder_3_4/pec_adder_3_bit_4_53.dqdimacs,4,337
./benchmark_tests/original/Biere/adder_3_4/pec_adder_3_bit_4_53.dqdimacs,5,286
./benchmark_tests/original/Biere/adder_3_4/pec_adder_3_bit_4_53.dqdimacs,6,285
./benchmark_tests/original/Biere/adder_3_4/pec_adder_3_bit_4_53.dqdimacs,10,286
./benchmark_tests/original/Biere/adder_3_4/pec_adder_3_bit_4_53.dqdimacs,11,286
./benchmark_tests/original/Biere/adder_3_4/pec_adder_3_bit_4_53.dqdimacs,12,265
./benchmark_tests/original/Biere/adder_3_4/pec_adder_3_bit_4_53.dqdimacs,13,230
./benchmark_tests/original/Biere/adder_3_4/pec_adder_3_bit_4_53.dqdimacs,17,195
./benchmark_tests/original/Biere/adder_3_4/pec_adder_3_bit_4_53.dqdimacs,18,171
./benchmark_tests/original/Biere/adder_3_4/pec_adder_3_bit_4_53.dqdimacs,19,154
./benchmark_tests/original/Biere/adder_3_4/pec_adder_3_bit_4_53.dqdimacs,20,153
./benchmark_tests/original/Biere/adder_3_4/pec_adder_3_bit_4_53.dqdimacs,22,152
./benchmark_tests/original/Biere/adder_3_4/pec_adder_3_bit_4_53.dqdimacs,23,152
./benchmark_tests/original/Biere/adder_3_4/pec_adder_3_bit_4_53.dqdimacs,24,152
./benchmark_tests/original/Biere/adder_3_4/pec_adder_3_bit_4_53.dqdimacs,25,152
./benchmark_tests/original/Biere/adder_3_4/pec_adder_3_bit_4_53.dqdimacs,26,151
./benchmark_tests/original/Biere/adder_3_4/pec_adder_3_bit_4_53.dqdimacs,27,153
./benchmark_tests/original/Biere/adder_3_4/pec_adder_3_bit_4_53.dqdimacs,29,151
./benchmark_tests/original/Biere/adder_3_4/pec_adder_3_bit_4_53.dqdimacs,30,150
./benchmark_tests/original/Biere/adder_3_4/pec_adder_3_bit_4_53.dqdimacs,31,152
./benchmark_tests/original/Biere/adder_3_4/pec_adder_3_bit_4_53.dqdimacs,33,151
./benchmark_tests/original/Biere/adder_3_4/pec_adder_3_bit_4_53.dqdimacs,34,151
./benchmark_tests/original/Biere/adder_3_4/pec_adder_3_bit_4_53.dqdimacs,35,153
./benchmark_tests/original/Biere/adder_3_4/pec_adder_3_bit_4_53.dqdimacs,37,151
./benchmark_tests/original/Biere/adder_3_4/pec_adder_3_bit_4_53.dqdimacs,38,151
./benchmark_tests/original/Biere/adder_3_4/pec_adder_3_bit_4_53.dqdimacs,39,150
./benchmark_tests/original/Biere/adder_3_4/pec_adder_3_bit_4_53.dqdimacs,40,152
./benchmark_tests/original/Biere/adder_3_4/pec_adder_3_bit_4_53.dqdimacs,42,150
./benchmark_tests/original/Biere/adder_3_4/pec_adder_3_bit_4_53.dqdimacs,43,151
./benchmark_tests/original/Biere/adder_3_4/pec_adder_3_bit_4_53.dqdimacs,44,153
./benchmark_tests/original/Biere/adder_3_4/pec_adder_3_bit_4_53.dqdimacs,46,150
./benchmark_tests/original/Biere/adder_3_4/pec_adder_3_bit_4_53.dqdimacs,47,150
./benchmark_tests/original/Biere/adder_3_4/pec_adder_3_bit_4_53.dqdimacs,48,153
./benchmark_tests/original/Biere/adder_3_4/pec_adder_3_bit_4_53.dqdimacs,50,150
./benchmark_tests/original/Biere/adder_3_4/pec_adder_3_bit_4_53.dqdimacs,51,150
./benchmark_tests/original/Biere/adder_3_4/pec_adder_3_bit_4_53.dqdimacs,52,151
./benchmark_tests/original/Biere/adder_3_4/pec_adder_3_bit_4_53.dqdimacs,53,151
./benchmark_tests/original/Biere/adder_3_4/pec_adder_3_bit_4_53.dqdimacs,54,151
./benchmark_tests/original/Biere/adder_3_4/pec_adder_3_bit_4_53.dqdimacs,55,153
./benchmark_tests/original/Biere/adder_3_4/pec_adder_3_bit_4_53.dqdimacs,57,152
./benchmark_tests/original/Biere/adder_3_4/pec_adder_3_bit_4_53.dqdimacs,58,151
./benchmark_tests/original/Biere/adder_3_4/pec_adder_3_bit_4_53.dqdimacs,59,153
./benchmark_tests/original/Biere/adder_3_4/pec_adder_3_bit_4_53.dqdimacs,61,150
./benchmark_tests/original/Biere/adder_3_4/pec_adder_3_bit_4_53.dqdimacs,62,151
./benchmark_tests/original/Biere/adder_3_4/pec_adder_3_bit_4_53.dqdimacs,63,153
./benchmark_tests/original/Biere/adder_3_4/pec_adder_3_bit_4_53.dqdimacs,64,150
./benchmark_tests/original/Biere/adder_3_4/pec_adder_3_bit_4_53.dqdimacs,65,151
./benchmark_tests/original/Biere/adder_3_4/pec_adder_3_bit_4_53.dqdimacs,66,151
./benchmark_tests/original/Biere/adder_3_4/pec_adder_3_bit_4_53.dqdimacs,67,151
./benchmark_tests/original/Biere/adder_3_4/pec_adder_3_bit_4_53.dqdimacs,68,152
./benchmark_tests/original/Biere/adder_3_4/pec_adder_3_bit_4_53.dqdimacs,69,151
./benchmark_tests/original/Biere/adder_3_4/pec_adder_3_bit_4_53.dqdimacs,70,150
./benchmark_tests/original/Biere/adder_3_4/pec_adder_3_bit_4_53.dqdimacs,71,150
./benchmark_tests/original/Biere/adder_3_4/pec_adder_3_bit_4_53.dqdimacs,72,151
./benchmark_tests/original/Biere/adder_3_4/pec_adder_3_bit_4_53.dqdimacs,73,151
./benchmark_tests/original/Biere/adder_3_4/pec_adder_3_bit_4_53.dqdimacs,74,151
./benchmark_tests/original/Biere/adder_3_4/pec_adder_3_bit_4_53.dqdimacs,75,150
./benchmark_tests/original/Biere/adder_3_4/pec_adder_3_bit_4_53.dqdimacs,76,153
./benchmark_tests/original/Biere/adder_3_4/pec_adder_3_bit_4_53.dqdimacs,77,150
./benchmark_tests/original/Biere/adder_3_4/pec_adder_3_bit_4_53.dqdimacs,78,152
./benchmark_tests/original/Biere/adder_3_4/pec_adder_3_bit_4_53.dqdimacs,79,151
./benchmark_tests/original/Biere/adder_3_4/pec_adder_3_bit_4_53.dqdimacs,80,152
./benchmark_tests/original/Biere/adder_3_4/pec_adder_3_bit_4_53.dqdimacs,81,153
./benchmark_tests/original/Biere/adder_3_4/pec_adder_3_bit_4_53.dqdimacs,82,152
./benchmark_tests/original/Biere/adder_3_4/pec_adder_3_bit_4_54.dqdimacs,4,223
./benchmark_tests/original/Biere/adder_3_4/pec_adder_3_bit_4_54.dqdimacs,5,173
./benchmark_tests/original/Biere/adder_3_4/pec_adder_3_bit_4_54.dqdimacs,6,171
./benchmark_tests/original/Biere/adder_3_4/pec_adder_3_bit_4_54.dqdimacs,10,171
./benchmark_tests/original/Biere/adder_3_4/pec_adder_3_bit_4_54.dqdimacs,11,172
./benchmark_tests/original/Biere/adder_3_4/pec_adder_3_bit_4_54.dqdimacs,12,172
./benchmark_tests/original/Biere/adder_3_4/pec_adder_3_bit_4_54.dqdimacs,13,172
./benchmark_tests/original/Biere/adder_3_4/pec_adder_3_bit_4_54.dqdimacs,17,171
./benchmark_tests/original/Biere/adder_3_4/pec_adder_3_bit_4_54.dqdimacs,18,167
./benchmark_tests/original/Biere/adder_3_4/pec_adder_3_bit_4_54.dqdimacs,19,156
./benchmark_tests/original/Biere/adder_3_4/pec_adder_3_bit_4_54.dqdimacs,20,145
./benchmark_tests/original/Biere/adder_3_4/pec_adder_3_bit_4_54.dqdimacs,22,130
./benchmark_tests/original/Biere/adder_3_4/pec_adder_3_bit_4_54.dqdimacs,23,118
./benchmark_tests/original/Biere/adder_3_4/pec_adder_3_bit_4_54.dqdimacs,24,109
./benchmark_tests/original/Biere/adder_3_4/pec_adder_3_bit_4_54.dqdimacs,25,101
./benchmark_tests/original/Biere/adder_3_4/pec_adder_3_bit_4_54.dqdimacs,26,94
./benchmark_tests/original/Biere/adder_3_4/pec_adder_3_bit_4_54.dqdimacs,27,94
./benchmark_tests/original/Biere/adder_3_4/pec_adder_3_bit_4_54.dqdimacs,29,92
./benchmark_tests/original/Biere/adder_3_4/pec_adder_3_bit_4_54.dqdimacs,30,93
./benchmark_tests/original/Biere/adder_3_4/pec_adder_3_bit_4_54.dqdimacs,31,94
./benchmark_tests/original/Biere/adder_3_4/pec_adder_3_bit_4_54.dqdimacs,33,93
./benchmark_tests/original/Biere/adder_3_4/pec_adder_3_bit_4_54.dqdimacs,34,93
./benchmark_tests/original/Biere/adder_3_4/pec_adder_3_bit_4_54.dqdimacs,35,95
./benchmark_tests/original/Biere/adder_3_4/pec_adder_3_bit_4_54.dqdimacs,37,93
./benchmark_tests/original/Biere/adder_3_4/pec_adder_3_bit_4_54.dqdimacs,38,93
./benchmark_tests/original/Biere/adder_3_4/pec_adder_3_bit_4_54.dqdimacs,39,97
./benchmark_tests/original/Biere/adder_3_4/pec_adder_3_bit_4_54.dqdimacs,41,94
./benchmark_tests/original/Biere/adder_3_4/pec_adder_3_bit_4_54.dqdimacs,42,93
./benchmark_tests/original/Biere/adder_3_4/pec_adder_3_bit_4_54.dqdimacs,43,96
./benchmark_tests/original/Biere/adder_3_4/pec_adder_3_bit_4_54.dqdimacs,45,93
./benchmark_tests/original/Biere/adder_3_4/pec_adder_3_bit_4_54.dqdimacs,46,94
./benchmark_tests/original/Biere/adder_3_4/pec_adder_3_bit_4_54.dqdimacs,47,97
./benchmark_tests/original/Biere/adder_3_4/pec_adder_3_bit_4_54.dqdimacs,49,92
./benchmark_tests/original/Biere/adder_3_4/pec_adder_3_bit_4_54.dqdimacs,50,92
./benchmark_tests/original/Biere/adder_3_4/pec_adder_3_bit_4_54.dqdimacs,51,92
./benchmark_tests/original/Biere/adder_3_4/pec_adder_3_bit_4_54.dqdimacs,52,94
./benchmark_tests/original/Biere/adder_3_4/pec_adder_3_bit_4_54.dqdimacs,54,92
./benchmark_tests/original/Biere/adder_3_4/pec_adder_3_bit_4_54.dqdimacs,55,92
./benchmark_tests/original/Biere/adder_3_4/pec_adder_3_bit_4_54.dqdimacs,56,92
./benchmark_tests/original/Biere/adder_3_4/pec_adder_3_bit_4_54.dqdimacs,57,92
./benchmark_tests/original/Biere/adder_3_4/pec_adder_3_bit_4_54.dqdimacs,58,93
./benchmark_tests/original/Biere/adder_3_4/pec_adder_3_bit_4_54.dqdimacs,59,93
./benchmark_tests/original/Biere/adder_3_4/pec_adder_3_bit_4_54.dqdimacs,60,92
./benchmark_tests/original/Biere/adder_3_4/pec_adder_3_bit_4_54.dqdimacs,61,93
./benchmark_tests/original/Biere/adder_3_4/pec_adder_3_bit_4_54.dqdimacs,62,92
./benchmark_tests/original/Biere/adder_3_4/pec_adder_3_bit_4_54.dqdimacs,63,93
./benchmark_tests/original/Biere/adder_3_4/pec_adder_3_bit_4_54.dqdimacs,64,93
./benchmark_tests/original/Biere/adder_3_4/pec_adder_3_bit_4_54.dqdimacs,65,92
./benchmark_tests/original/Biere/adder_3_4/pec_adder_3_bit_4_54.dqdimacs,66,93
./benchmark_tests/original/Biere/adder_3_4/pec_adder_3_bit_4_54.dqdimacs,67,93
./benchmark_tests/original/Biere/adder_3_4/pec_adder_3_bit_4_54.dqdimacs,68,92
./benchmark_tests/original/Biere/adder_3_4/pec_adder_3_bit_4_54.dqdimacs,69,93
./benchmark_tests/original/Biere/adder_3_4/pec_adder_3_bit_4_54.dqdimacs,70,92
./benchmark_tests/original/Biere/adder_3_4/pec_adder_3_bit_4_54.dqdimacs,71,92
./benchmark_tests/original/Biere/adder_3_4/pec_adder_3_bit_4_54.dqdimacs,72,92
./benchmark_tests/original/Biere/adder_3_4/pec_adder_3_bit_4_54.dqdimacs,73,92
./benchmark_tests/original/Biere/adder_3_4/pec_adder_3_bit_4_54.dqdimacs,74,92
./benchmark_tests/original/Biere/adder_3_4/pec_adder_3_bit_4_54.dqdimacs,75,92
./benchmark_tests/original/Biere/adder_3_4/pec_adder_3_bit_4_54.dqdimacs,76,93
./benchmark_tests/original/Biere/adder_3_4/pec_adder_3_bit_4_54.dqdimacs,77,92
./benchmark_tests/original/Biere/adder_3_4/pec_adder_3_bit_4_55.dqdimacs,4,312
./benchmark_tests/original/Biere/adder_3_4/pec_adder_3_bit_4_55.dqdimacs,5,262
./benchmark_tests/original/Biere/adder_3_4/pec_adder_3_bit_4_55.dqdimacs,6,264
./benchmark_tests/original/Biere/adder_3_4/pec_adder_3_bit_4_55.dqdimacs,10,264
./benchmark_tests/original/Biere/adder_3_4/pec_adder_3_bit_4_55.dqdimacs,11,264
./benchmark_tests/original/Biere/adder_3_4/pec_adder_3_bit_4_55.dqdimacs,12,257
./benchmark_tests/original/Biere/adder_3_4/pec_adder_3_bit_4_55.dqdimacs,13,230
./benchmark_tests/original/Biere/adder_3_4/pec_adder_3_bit_4_55.dqdimacs,17,198
./benchmark_tests/original/Biere/adder_3_4/pec_adder_3_bit_4_55.dqdimacs,18,173
./benchmark_tests/original/Biere/adder_3_4/pec_adder_3_bit_4_55.dqdimacs,19,153
./benchmark_tests/original/Biere/adder_3_4/pec_adder_3_bit_4_55.dqdimacs,20,142
./benchmark_tests/original/Biere/adder_3_4/pec_adder_3_bit_4_55.dqdimacs,22,140
./benchmark_tests/original/Biere/adder_3_4/pec_adder_3_bit_4_55.dqdimacs,23,140
./benchmark_tests/original/Biere/adder_3_4/pec_adder_3_bit_4_55.dqdimacs,24,141
./benchmark_tests/original/Biere/adder_3_4/pec_adder_3_bit_4_55.dqdimacs,25,141
./benchmark_tests/original/Biere/adder_3_4/pec_adder_3_bit_4_55.dqdimacs,26,140
./benchmark_tests/original/Biere/adder_3_4/pec_adder_3_bit_4_55.dqdimacs,27,142
./benchmark_tests/original/Biere/adder_3_4/pec_adder_3_bit_4_55.dqdimacs,29,141
./benchmark_tests/original/Biere/adder_3_4/pec_adder_3_bit_4_55.dqdimacs,30,141
./benchmark_tests/original/Biere/adder_3_4/pec_adder_3_bit_4_55.dqdimacs,31,144
./benchmark_tests/original/Biere/adder_3_4/pec_adder_3_bit_4_55.dqdimacs,33,140
./benchmark_tests/original/Biere/adder_3_4/pec_adder_3_bit_4_55.dqdimacs,34,140
./benchmark_tests/original/Biere/adder_3_4/pec_adder_3_bit_4_55.dqdimacs,35,144
./benchmark_tests/original/Biere/adder_3_4/pec_adder_3_bit_4_55.dqdimacs,37,140
./benchmark_tests/original/Biere/adder_3_4/pec_adder_3_bit_4_55.dqdimacs,38,139
./benchmark_tests/original/Biere/adder_3_4/pec_adder_3_bit_4_55.dqdimacs,39,140
./benchmark_tests/original/Biere/adder_3_4/pec_adder_3_bit_4_55.dqdimacs,40,139
./benchmark_tests/original/Biere/adder_3_4/pec_adder_3_bit_4_55.dqdimacs,41,140
./benchmark_tests/original/Biere/adder_3_4/pec_adder_3_bit_4_55.dqdimacs,42,142
./benchmark_tests/original/Biere/adder_3_4/pec_adder_3_bit_4_55.dqdimacs,44,140
./benchmark_tests/original/Biere/adder_3_4/pec_adder_3_bit_4_55.dqdimacs,45,140
./benchmark_tests/original/Biere/adder_3_4/pec_adder_3_bit_4_55.dqdimacs,46,139
./benchmark_tests/original/Biere/adder_3_4/pec_adder_3_bit_4_55.dqdimacs,47,139
./benchmark_tests/original/Biere/adder_3_4/pec_adder_3_bit_4_55.dqdimacs,48,142
./benchmark_tests/original/Biere/adder_3_4/pec_adder_3_bit_4_55.dqdimacs,50,139
./benchmark_tests/original/Biere/adder_3_4/pec_adder_3_bit_4_55.dqdimacs,51,139
./benchmark_tests/original/Biere/adder_3_4/pec_adder_3_bit_4_55.dqdimacs,52,140
./benchmark_tests/original/Biere/adder_3_4/pec_adder_3_bit_4_55.dqdimacs,53,141
./benchmark_tests/original/Biere/adder_3_4/pec_adder_3_bit_4_55.dqdimacs,54,141
./benchmark_tests/original/Biere/adder_3_4/pec_adder_3_bit_4_55.dqdimacs,55,141
./benchmark_tests/original/Biere/adder_3_4/pec_adder_3_bit_4_55.dqdimacs,56,140
./benchmark_tests/original/Biere/adder_3_4/pec_adder_3_bit_4_55.dqdimacs,57,139
./benchmark_tests/original/Biere/adder_3_4/pec_adder_3_bit_4_55.dqdimacs,58,139
./benchmark_tests/original/Biere/adder_3_4/pec_adder_3_bit_4_55.dqdimacs,59,139
./benchmark_tests/original/Biere/adder_3_4/pec_adder_3_bit_4_55.dqdimacs,60,141
./benchmark_tests/original/Biere/adder_3_4/pec_adder_3_bit_4_55.dqdimacs,61,139
./benchmark_tests/original/Biere/adder_3_4/pec_adder_3_bit_4_55.dqdimacs,62,140
./benchmark_tests/original/Biere/adder_3_4/pec_adder_3_bit_4_55.dqdimacs,63,140
./benchmark_tests/original/Biere/adder_3_4/pec_adder_3_bit_4_55.dqdimacs,64,140
./benchmark_tests/original/Biere/adder_3_4/pec_adder_3_bit_4_55.dqdimacs,65,139
./benchmark_tests/original/Biere/adder_3_4/pec_adder_3_bit_4_55.dqdimacs,66,139
./benchmark_tests/original/Biere/adder_3_4/pec_adder_3_bit_4_55.dqdimacs,67,139
./benchmark_tests/original/Biere/adder_3_4/pec_adder_3_bit_4_55.dqdimacs,68,141
./benchmark_tests/original/Biere/adder_3_4/pec_adder_3_bit_4_55.dqdimacs,69,139
./benchmark_tests/original/Biere/adder_3_4/pec_adder_3_bit_4_55.dqdimacs,70,139
./benchmark_tests/original/Biere/adder_3_4/pec_adder_3_bit_4_55.dqdimacs,71,139
./benchmark_tests/original/Biere/adder_3_4/pec_adder_3_bit_4_56.dqdimacs,4,265
./benchmark_tests/original/Biere/adder_3_4/pec_adder_3_bit_4_56.dqdimacs,5,211
./benchmark_tests/original/Biere/adder_3_4/pec_adder_3_bit_4_56.dqdimacs,6,210
./benchmark_tests/original/Biere/adder_3_4/pec_adder_3_bit_4_56.dqdimacs,10,210
./benchmark_tests/original/Biere/adder_3_4/pec_adder_3_bit_4_56.dqdimacs,11,211
./benchmark_tests/original/Biere/adder_3_4/pec_adder_3_bit_4_56.dqdimacs,12,211
./benchmark_tests/original/Biere/adder_3_4/pec_adder_3_bit_4_56.dqdimacs,13,210
./benchmark_tests/original/Biere/adder_3_4/pec_adder_3_bit_4_56.dqdimacs,17,196
./benchmark_tests/original/Biere/adder_3_4/pec_adder_3_bit_4_56.dqdimacs,18,178
./benchmark_tests/original/Biere/adder_3_4/pec_adder_3_bit_4_56.dqdimacs,19,157
./benchmark_tests/original/Biere/adder_3_4/pec_adder_3_bit_4_56.dqdimacs,20,140
./benchmark_tests/original/Biere/adder_3_4/pec_adder_3_bit_4_56.dqdimacs,22,127
./benchmark_tests/original/Biere/adder_3_4/pec_adder_3_bit_4_56.dqdimacs,23,116
./benchmark_tests/original/Biere/adder_3_4/pec_adder_3_bit_4_56.dqdimacs,24,113
./benchmark_tests/original/Biere/adder_3_4/pec_adder_3_bit_4_56.dqdimacs,25,113
./benchmark_tests/original/Biere/adder_3_4/pec_adder_3_bit_4_56.dqdimacs,26,114
./benchmark_tests/original/Biere/adder_3_4/pec_adder_3_bit_4_56.dqdimacs,27,114
./benchmark_tests/original/Biere/adder_3_4/pec_adder_3_bit_4_56.dqdimacs,29,113
./benchmark_tests/original/Biere/adder_3_4/pec_adder_3_bit_4_56.dqdimacs,30,112
./benchmark_tests/original/Biere/adder_3_4/pec_adder_3_bit_4_56.dqdimacs,31,115
./benchmark_tests/original/Biere/adder_3_4/pec_adder_3_bit_4_56.dqdimacs,33,112
./benchmark_tests/original/Biere/adder_3_4/pec_adder_3_bit_4_56.dqdimacs,34,115
./benchmark_tests/original/Biere/adder_3_4/pec_adder_3_bit_4_56.dqdimacs,35,117
./benchmark_tests/original/Biere/adder_3_4/pec_adder_3_bit_4_56.dqdimacs,37,113
./benchmark_tests/original/Biere/adder_3_4/pec_adder_3_bit_4_56.dqdimacs,38,112
./benchmark_tests/original/Biere/adder_3_4/pec_adder_3_bit_4_56.dqdimacs,39,115
./benchmark_tests/original/Biere/adder_3_4/pec_adder_3_bit_4_56.dqdimacs,41,112
./benchmark_tests/original/Biere/adder_3_4/pec_adder_3_bit_4_56.dqdimacs,42,111
./benchmark_tests/original/Biere/adder_3_4/pec_adder_3_bit_4_56.dqdimacs,43,114
./benchmark_tests/original/Biere/adder_3_4/pec_adder_3_bit_4_56.dqdimacs,45,112
./benchmark_tests/original/Biere/adder_3_4/pec_adder_3_bit_4_56.dqdimacs,46,112
./benchmark_tests/original/Biere/adder_3_4/pec_adder_3_bit_4_56.dqdimacs,47,116
./benchmark_tests/original/Biere/adder_3_4/pec_adder_3_bit_4_56.dqdimacs,49,112
./benchmark_tests/original/Biere/adder_3_4/pec_adder_3_bit_4_56.dqdimacs,50,113
./benchmark_tests/original/Biere/adder_3_4/pec_adder_3_bit_4_56.dqdimacs,51,113
./benchmark_tests/original/Biere/adder_3_4/pec_adder_3_bit_4_56.dqdimacs,52,116
./benchmark_tests/original/Biere/adder_3_4/pec_adder_3_bit_4_56.dqdimacs,54,114
./benchmark_tests/original/Biere/adder_3_4/pec_adder_3_bit_4_56.dqdimacs,55,114
./benchmark_tests/original/Biere/adder_3_4/pec_adder_3_bit_4_56.dqdimacs,56,112
./benchmark_tests/original/Biere/adder_3_4/pec_adder_3_bit_4_56.dqdimacs,57,114
./benchmark_tests/original/Biere/adder_3_4/pec_adder_3_bit_4_56.dqdimacs,58,113
./benchmark_tests/original/Biere/adder_3_4/pec_adder_3_bit_4_56.dqdimacs,59,112
./benchmark_tests/original/Biere/adder_3_4/pec_adder_3_bit_4_56.dqdimacs,60,111
./benchmark_tests/original/Biere/adder_3_4/pec_adder_3_bit_4_56.dqdimacs,61,113
./benchmark_tests/original/Biere/adder_3_4/pec_adder_3_bit_4_56.dqdimacs,62,111
./benchmark_tests/original/Biere/adder_3_4/pec_adder_3_bit_4_56.dqdimacs,63,112
./benchmark_tests/original/Biere/adder_3_4/pec_adder_3_bit_4_56.dqdimacs,64,112
./benchmark_tests/original/Biere/adder_3_4/pec_adder_3_bit_4_56.dqdimacs,65,112
./benchmark_tests/original/Biere/adder_3_4/pec_adder_3_bit_4_56.dqdimacs,66,112
./benchmark_tests/original/Biere/adder_3_4/pec_adder_3_bit_4_56.dqdimacs,67,112
./benchmark_tests/original/Biere/adder_3_4/pec_adder_3_bit_4_56.dqdimacs,68,112
./benchmark_tests/original/Biere/adder_3_4/pec_adder_3_bit_4_56.dqdimacs,69,114
./benchmark_tests/original/Biere/adder_3_4/pec_adder_3_bit_4_56.dqdimacs,70,113
./benchmark_tests/original/Biere/adder_3_4/pec_adder_3_bit_4_56.dqdimacs,71,113
./benchmark_tests/original/Biere/adder_3_4/pec_adder_3_bit_4_56.dqdimacs,72,112
./benchmark_tests/original/Biere/adder_3_4/pec_adder_3_bit_4_56.dqdimacs,73,112
./benchmark_tests/original/Biere/adder_3_4/pec_adder_3_bit_4_56.dqdimacs,74,112
./benchmark_tests/original/Biere/adder_3_4/pec_adder_3_bit_4_56.dqdimacs,75,112
./benchmark_tests/original/Biere/adder_3_4/pec_adder_3_bit_4_56.dqdimacs,76,111
./benchmark_tests/original/Biere/adder_3_4/pec_adder_3_bit_4_56.dqdimacs,77,111
./benchmark_tests/original/Biere/adder_3_4/pec_adder_3_bit_4_56.dqdimacs,78,111
./benchmark_tests/original/Biere/adder_3_4/pec_adder_3_bit_4_57.dqdimacs,4,231
./benchmark_tests/original/Biere/adder_3_4/pec_adder_3_bit_4_57.dqdimacs,5,184
./benchmark_tests/original/Biere/adder_3_4/pec_adder_3_bit_4_57.dqdimacs,6,180
./benchmark_tests/original/Biere/adder_3_4/pec_adder_3_bit_4_57.dqdimacs,10,180
./benchmark_tests/original/Biere/adder_3_4/pec_adder_3_bit_4_57.dqdimacs,11,181
./benchmark_tests/original/Biere/adder_3_4/pec_adder_3_bit_4_57.dqdimacs,12,183
./benchmark_tests/original/Biere/adder_3_4/pec_adder_3_bit_4_57.dqdimacs,13,183
./benchmark_tests/original/Biere/adder_3_4/pec_adder_3_bit_4_57.dqdimacs,17,181
./benchmark_tests/original/Biere/adder_3_4/pec_adder_3_bit_4_57.dqdimacs,18,171
./benchmark_tests/original/Biere/adder_3_4/pec_adder_3_bit_4_57.dqdimacs,19,157
./benchmark_tests/original/Biere/adder_3_4/pec_adder_3_bit_4_57.dqdimacs,20,143
./benchmark_tests/original/Biere/adder_3_4/pec_adder_3_bit_4_57.dqdimacs,22,129
./benchmark_tests/original/Biere/adder_3_4/pec_adder_3_bit_4_57.dqdimacs,23,117
./benchmark_tests/original/Biere/adder_3_4/pec_adder_3_bit_4_57.dqdimacs,24,108
./benchmark_tests/original/Biere/adder_3_4/pec_adder_3_bit_4_57.dqdimacs,25,101
./benchmark_tests/original/Biere/adder_3_4/pec_adder_3_bit_4_57.dqdimacs,26,97
./benchmark_tests/original/Biere/adder_3_4/pec_adder_3_bit_4_57.dqdimacs,27,99
./benchmark_tests/original/Biere/adder_3_4/pec_adder_3_bit_4_57.dqdimacs,29,98
./benchmark_tests/original/Biere/adder_3_4/pec_adder_3_bit_4_57.dqdimacs,30,97
./benchmark_tests/original/Biere/adder_3_4/pec_adder_3_bit_4_57.dqdimacs,31,100
./benchmark_tests/original/Biere/adder_3_4/pec_adder_3_bit_4_57.dqdimacs,33,97
./benchmark_tests/original/Biere/adder_3_4/pec_adder_3_bit_4_57.dqdimacs,34,98
./benchmark_tests/original/Biere/adder_3_4/pec_adder_3_bit_4_57.dqdimacs,35,100
./benchmark_tests/original/Biere/adder_3_4/pec_adder_3_bit_4_57.dqdimacs,37,98
./benchmark_tests/original/Biere/adder_3_4/pec_adder_3_bit_4_57.dqdimacs,38,96
./benchmark_tests/original/Biere/adder_3_4/pec_adder_3_bit_4_57.dqdimacs,39,100
./benchmark_tests/original/Biere/adder_3_4/pec_adder_3_bit_4_57.dqdimacs,41,97
./benchmark_tests/original/Biere/adder_3_4/pec_adder_3_bit_4_57.dqdimacs,42,97
./benchmark_tests/original/Biere/adder_3_4/pec_adder_3_bit_4_57.dqdimacs,43,99
./benchmark_tests/original/Biere/adder_3_4/pec_adder_3_bit_4_57.dqdimacs,45,97
./benchmark_tests/original/Biere/adder_3_4/pec_adder_3_bit_4_57.dqdimacs,46,97
./benchmark_tests/original/Biere/adder_3_4/pec_adder_3_bit_4_57.dqdimacs,47,100
./benchmark_tests/original/Biere/adder_3_4/pec_adder_3_bit_4_57.dqdimacs,49,97
./benchmark_tests/original/Biere/adder_3_4/pec_adder_3_bit_4_57.dqdimacs,50,96
./benchmark_tests/original/Biere/adder_3_4/pec_adder_3_bit_4_57.dqdimacs,51,97
./benchmark_tests/original/Biere/adder_3_4/pec_adder_3_bit_4_57.dqdimacs,52,99
./benchmark_tests/original/Biere/adder_3_4/pec_adder_3_bit_4_57.dqdimacs,54,97
./benchmark_tests/original/Biere/adder_3_4/pec_adder_3_bit_4_57.dqdimacs,55,96
./benchmark_tests/original/Biere/adder_3_4/pec_adder_3_bit_4_57.dqdimacs,56,97
./benchmark_tests/original/Biere/adder_3_4/pec_adder_3_bit_4_57.dqdimacs,57,98
./benchmark_tests/original/Biere/adder_3_4/pec_adder_3_bit_4_57.dqdimacs,58,97
./benchmark_tests/original/Biere/adder_3_4/pec_adder_3_bit_4_57.dqdimacs,59,96
./benchmark_tests/original/Biere/adder_3_4/pec_adder_3_bit_4_57.dqdimacs,60,98
./benchmark_tests/original/Biere/adder_3_4/pec_adder_3_bit_4_57.dqdimacs,61,98
./benchmark_tests/original/Biere/adder_3_4/pec_adder_3_bit_4_57.dqdimacs,62,98
./benchmark_tests/original/Biere/adder_3_4/pec_adder_3_bit_4_57.dqdimacs,63,98
./benchmark_tests/original/Biere/adder_3_4/pec_adder_3_bit_4_57.dqdimacs,64,96
./benchmark_tests/original/Biere/adder_3_4/pec_adder_3_bit_4_57.dqdimacs,65,97
./benchmark_tests/original/Biere/adder_3_4/pec_adder_3_bit_4_57.dqdimacs,66,98
./benchmark_tests/original/Biere/adder_3_4/pec_adder_3_bit_4_57.dqdimacs,67,97
./benchmark_tests/original/Biere/adder_3_4/pec_adder_3_bit_4_57.dqdimacs,68,97
./benchmark_tests/original/Biere/adder_3_4/pec_adder_3_bit_4_57.dqdimacs,69,97
./benchmark_tests/original/Biere/adder_3_4/pec_adder_3_bit_4_57.dqdimacs,70,97
./benchmark_tests/original/Biere/adder_3_4/pec_adder_3_bit_4_57.dqdimacs,71,98
./benchmark_tests/original/Biere/adder_3_4/pec_adder_3_bit_4_57.dqdimacs,72,97
./benchmark_tests/original/Biere/adder_3_4/pec_adder_3_bit_4_57.dqdimacs,73,97
./benchmark_tests/original/Biere/adder_3_4/pec_adder_3_bit_4_57.dqdimacs,74,97
./benchmark_tests/original/Biere/adder_3_4/pec_adder_3_bit_4_57.dqdimacs,75,97
./benchmark_tests/original/Biere/adder_3_4/pec_adder_3_bit_4_57.dqdimacs,76,98
./benchmark_tests/original/Biere/adder_3_4/pec_adder_3_bit_4_57.dqdimacs,77,97
./benchmark_tests/original/Biere/adder_3_4/pec_adder_3_bit_4_57.dqdimacs,78,97
./benchmark_tests/original/Biere/adder_3_4/pec_adder_3_bit_4_58.dqdimacs,4,354
./benchmark_tests/original/Biere/adder_3_4/pec_adder_3_bit_4_58.dqdimacs,5,306
./benchmark_tests/original/Biere/adder_3_4/pec_adder_3_bit_4_58.dqdimacs,6,302
./benchmark_tests/original/Biere/adder_3_4/pec_adder_3_bit_4_58.dqdimacs,10,300
./benchmark_tests/original/Biere/adder_3_4/pec_adder_3_bit_4_58.dqdimacs,11,297
./benchmark_tests/original/Biere/adder_3_4/pec_adder_3_bit_4_58.dqdimacs,12,271
./benchmark_tests/original/Biere/adder_3_4/pec_adder_3_bit_4_58.dqdimacs,13,229
./benchmark_tests/original/Biere/adder_3_4/pec_adder_3_bit_4_58.dqdimacs,17,194
./benchmark_tests/original/Biere/adder_3_4/pec_adder_3_bit_4_58.dqdimacs,18,168
./benchmark_tests/original/Biere/adder_3_4/pec_adder_3_bit_4_58.dqdimacs,19,160
./benchmark_tests/original/Biere/adder_3_4/pec_adder_3_bit_4_58.dqdimacs,20,161
./benchmark_tests/original/Biere/adder_3_4/pec_adder_3_bit_4_58.dqdimacs,22,159
./benchmark_tests/original/Biere/adder_3_4/pec_adder_3_bit_4_58.dqdimacs,23,160
./benchmark_tests/original/Biere/adder_3_4/pec_adder_3_bit_4_58.dqdimacs,24,159
./benchmark_tests/original/Biere/adder_3_4/pec_adder_3_bit_4_58.dqdimacs,25,160
./benchmark_tests/original/Biere/adder_3_4/pec_adder_3_bit_4_58.dqdimacs,26,161
./benchmark_tests/original/Biere/adder_3_4/pec_adder_3_bit_4_58.dqdimacs,27,162
./benchmark_tests/original/Biere/adder_3_4/pec_adder_3_bit_4_58.dqdimacs,29,160
./benchmark_tests/original/Biere/adder_3_4/pec_adder_3_bit_4_58.dqdimacs,30,159
./benchmark_tests/original/Biere/adder_3_4/pec_adder_3_bit_4_58.dqdimacs,31,162
./benchmark_tests/original/Biere/adder_3_4/pec_adder_3_bit_4_58.dqdimacs,33,160
./benchmark_tests/original/Biere/adder_3_4/pec_adder_3_bit_4_58.dqdimacs,34,160
./benchmark_tests/original/Biere/adder_3_4/pec_adder_3_bit_4_58.dqdimacs,35,163
./benchmark_tests/original/Biere/adder_3_4/pec_adder_3_bit_4_58.dqdimacs,37,160
./benchmark_tests/original/Biere/adder_3_4/pec_adder_3_bit_4_58.dqdimacs,38,161
./benchmark_tests/original/Biere/adder_3_4/pec_adder_3_bit_4_58.dqdimacs,39,164
./benchmark_tests/original/Biere/adder_3_4/pec_adder_3_bit_4_58.dqdimacs,41,161
./benchmark_tests/original/Biere/adder_3_4/pec_adder_3_bit_4_58.dqdimacs,42,161
./benchmark_tests/original/Biere/adder_3_4/pec_adder_3_bit_4_58.dqdimacs,43,164
./benchmark_tests/original/Biere/adder_3_4/pec_adder_3_bit_4_58.dqdimacs,45,160
./benchmark_tests/original/Biere/adder_3_4/pec_adder_3_bit_4_58.dqdimacs,46,160
./benchmark_tests/original/Biere/adder_3_4/pec_adder_3_bit_4_58.dqdimacs,47,161
./benchmark_tests/original/Biere/adder_3_4/pec_adder_3_bit_4_58.dqdimacs,48,164
./benchmark_tests/original/Biere/adder_3_4/pec_adder_3_bit_4_58.dqdimacs,50,161
./benchmark_tests/original/Biere/adder_3_4/pec_adder_3_bit_4_58.dqdimacs,51,161
./benchmark_tests/original/Biere/adder_3_4/pec_adder_3_bit_4_58.dqdimacs,52,161
./benchmark_tests/original/Biere/adder_3_4/pec_adder_3_bit_4_58.dqdimacs,53,163
./benchmark_tests/original/Biere/adder_3_4/pec_adder_3_bit_4_58.dqdimacs,55,160
./benchmark_tests/original/Biere/adder_3_4/pec_adder_3_bit_4_58.dqdimacs,56,162
./benchmark_tests/original/Biere/adder_3_4/pec_adder_3_bit_4_58.dqdimacs,57,161
./benchmark_tests/original/Biere/adder_3_4/pec_adder_3_bit_4_58.dqdimacs,58,162
./benchmark_tests/original/Biere/adder_3_4/pec_adder_3_bit_4_58.dqdimacs,59,161
./benchmark_tests/original/Biere/adder_3_4/pec_adder_3_bit_4_58.dqdimacs,60,160
./benchmark_tests/original/Biere/adder_3_4/pec_adder_3_bit_4_58.dqdimacs,61,161
./benchmark_tests/original/Biere/adder_3_4/pec_adder_3_bit_4_58.dqdimacs,62,160
./benchmark_tests/original/Biere/adder_3_4/pec_adder_3_bit_4_58.dqdimacs,63,161
./benchmark_tests/original/Biere/adder_3_4/pec_adder_3_bit_4_58.dqdimacs,64,161
./benchmark_tests/original/Biere/adder_3_4/pec_adder_3_bit_4_58.dqdimacs,65,160
./benchmark_tests/original/Biere/adder_3_4/pec_adder_3_bit_4_58.dqdimacs,66,160
./benchmark_tests/original/Biere/adder_3_4/pec_adder_3_bit_4_58.dqdimacs,67,160
./benchmark_tests/original/Biere/adder_3_4/pec_adder_3_bit_4_58.dqdimacs,68,160
./benchmark_tests/original/Biere/adder_3_4/pec_adder_3_bit_4_58.dqdimacs,69,160
./benchmark_tests/original/Biere/adder_3_4/pec_adder_3_bit_4_58.dqdimacs,70,161
./benchmark_tests/original/Biere/adder_3_4/pec_adder_3_bit_4_58.dqdimacs,71,161
./benchmark_tests/original/Biere/adder_3_4/pec_adder_3_bit_4_58.dqdimacs,72,159
./benchmark_tests/original/Biere/adder_3_4/pec_adder_3_bit_4_58.dqdimacs,73,159
./benchmark_tests/original/Biere/adder_3_4/pec_adder_3_bit_4_58.dqdimacs,74,161
./benchmark_tests/original/Biere/adder_3_4/pec_adder_3_bit_4_58.dqdimacs,75,160
./benchmark_tests/original/Biere/adder_3_4/pec_adder_3_bit_4_58.dqdimacs,76,160
./benchmark_tests/original/Biere/adder_3_4/pec_adder_3_bit_4_58.dqdimacs,77,160
./benchmark_tests/original/Biere/adder_3_4/pec_adder_3_bit_4_58.dqdimacs,78,159
./benchmark_tests/original/Biere/adder_3_4/pec_adder_3_bit_4_59.dqdimacs,4,418
./benchmark_tests/original/Biere/adder_3_4/pec_adder_3_bit_4_59.dqdimacs,5,368
./benchmark_tests/original/Biere/adder_3_4/pec_adder_3_bit_4_59.dqdimacs,6,365
./benchmark_tests/original/Biere/adder_3_4/pec_adder_3_bit_4_59.dqdimacs,10,367
./benchmark_tests/original/Biere/adder_3_4/pec_adder_3_bit_4_59.dqdimacs,11,331
./benchmark_tests/original/Biere/adder_3_4/pec_adder_3_bit_4_59.dqdimacs,12,268
./benchmark_tests/original/Biere/adder_3_4/pec_adder_3_bit_4_59.dqdimacs,13,226
./benchmark_tests/original/Biere/adder_3_4/pec_adder_3_bit_4_59.dqdimacs,17,198
./benchmark_tests/original/Biere/adder_3_4/pec_adder_3_bit_4_59.dqdimacs,18,193
./benchmark_tests/original/Biere/adder_3_4/pec_adder_3_bit_4_59.dqdimacs,19,195
./benchmark_tests/original/Biere/adder_3_4/pec_adder_3_bit_4_59.dqdimacs,20,194
./benchmark_tests/original/Biere/adder_3_4/pec_adder_3_bit_4_59.dqdimacs,22,195
./benchmark_tests/original/Biere/adder_3_4/pec_adder_3_bit_4_59.dqdimacs,23,195
./benchmark_tests/original/Biere/adder_3_4/pec_adder_3_bit_4_59.dqdimacs,24,196
./benchmark_tests/original/Biere/adder_3_4/pec_adder_3_bit_4_59.dqdimacs,25,196
./benchmark_tests/original/Biere/adder_3_4/pec_adder_3_bit_4_59.dqdimacs,26,195
./benchmark_tests/original/Biere/adder_3_4/pec_adder_3_bit_4_59.dqdimacs,27,198
./benchmark_tests/original/Biere/adder_3_4/pec_adder_3_bit_4_59.dqdimacs,29,196
./benchmark_tests/original/Biere/adder_3_4/pec_adder_3_bit_4_59.dqdimacs,30,194
./benchmark_tests/original/Biere/adder_3_4/pec_adder_3_bit_4_59.dqdimacs,31,194
./benchmark_tests/original/Biere/adder_3_4/pec_adder_3_bit_4_59.dqdimacs,32,194
./benchmark_tests/original/Biere/adder_3_4/pec_adder_3_bit_4_59.dqdimacs,33,197
./benchmark_tests/original/Biere/adder_3_4/pec_adder_3_bit_4_59.dqdimacs,35,195
./benchmark_tests/original/Biere/adder_3_4/pec_adder_3_bit_4_59.dqdimacs,36,194
./benchmark_tests/original/Biere/adder_3_4/pec_adder_3_bit_4_59.dqdimacs,37,194
./benchmark_tests/original/Biere/adder_3_4/pec_adder_3_bit_4_59.dqdimacs,39,193
./benchmark_tests/original/Biere/adder_3_4/pec_adder_3_bit_4_59.dqdimacs,40,193
./benchmark_tests/original/Biere/adder_3_4/pec_adder_3_bit_4_59.dqdimacs,41,196
./benchmark_tests/original/Biere/adder_3_4/pec_adder_3_bit_4_59.dqdimacs,43,192
./benchmark_tests/original/Biere/adder_3_4/pec_adder_3_bit_4_59.dqdimacs,44,194
./benchmark_tests/original/Biere/adder_3_4/pec_adder_3_bit_4_59.dqdimacs,45,195
./benchmark_tests/original/Biere/adder_3_4/pec_adder_3_bit_4_59.dqdimacs,46,199
./benchmark_tests/original/Biere/adder_3_4/pec_adder_3_bit_4_59.dqdimacs,48,193
./benchmark_tests/original/Biere/adder_3_4/pec_adder_3_bit_4_59.dqdimacs,49,194
./benchmark_tests/original/Biere/adder_3_4/pec_adder_3_bit_4_59.dqdimacs,50,193
./benchmark_tests/original/Biere/adder_3_4/pec_adder_3_bit_4_59.dqdimacs,51,197
./benchmark_tests/original/Biere/adder_3_4/pec_adder_3_bit_4_59.dqdimacs,53,193
./benchmark_tests/original/Biere/adder_3_4/pec_adder_3_bit_4_59.dqdimacs,54,195
./benchmark_tests/original/Biere/adder_3_4/pec_adder_3_bit_4_59.dqdimacs,55,196
./benchmark_tests/original/Biere/adder_3_4/pec_adder_3_bit_4_59.dqdimacs,57,192
./benchmark_tests/original/Biere/adder_3_4/pec_adder_3_bit_4_59.dqdimacs,58,192
./benchmark_tests/original/Biere/adder_3_4/pec_adder_3_bit_4_59.dqdimacs,59,193
./benchmark_tests/original/Biere/adder_3_4/pec_adder_3_bit_4_59.dqdimacs,60,195
./benchmark_tests/original/Biere/adder_3_4/pec_adder_3_bit_4_59.dqdimacs,61,192
./benchmark_tests/original/Biere/adder_3_4/pec_adder_3_bit_4_59.dqdimacs,62,194
./benchmark_tests/original/Biere/adder_3_4/pec_adder_3_bit_4_59.dqdimacs,63,194
./benchmark_tests/original/Biere/adder_3_4/pec_adder_3_bit_4_59.dqdimacs,64,193
./benchmark_tests/original/Biere/adder_3_4/pec_adder_3_bit_4_59.dqdimacs,65,192
./benchmark_tests/original/Biere/adder_3_4/pec_adder_3_bit_4_59.dqdimacs,66,194
./benchmark_tests/original/Biere/adder_3_4/pec_adder_3_bit_4_59.dqdimacs,67,194
./benchmark_tests/original/Biere/adder_3_4/pec_adder_3_bit_4_59.dqdimacs,68,192
./benchmark_tests/original/Biere/adder_3_4/pec_adder_3_bit_4_59.dqdimacs,69,194
./benchmark_tests/original/Biere/adder_3_4/pec_adder_3_bit_4_59.dqdimacs,70,196
./benchmark_tests/original/Biere/adder_3_4/pec_adder_3_bit_4_59.dqdimacs,71,195
./benchmark_tests/original/Biere/adder_3_4/pec_adder_3_bit_4_59.dqdimacs,72,194
./benchmark_tests/original/Biere/adder_3_4/pec_adder_3_bit_4_59.dqdimacs,73,194
./benchmark_tests/original/Biere/adder_3_4/pec_adder_3_bit_4_59.dqdimacs,74,195
./benchmark_tests/original/Biere/adder_3_4/pec_adder_3_bit_4_59.dqdimacs,75,194
./benchmark_tests/original/Biere/adder_3_4/pec_adder_3_bit_4_59.dqdimacs,76,193
./benchmark_tests/original/Biere/adder_3_4/pec_adder_3_bit_4_59.dqdimacs,77,193
./benchmark_tests/original/Biere/adder_3_4/pec_adder_3_bit_4_59.dqdimacs,78,192
./benchmark_tests/original/Biere/adder_3_4/pec_adder_3_bit_4_59.dqdimacs,79,192
./benchmark_tests/original/Biere/adder_3_4/pec_adder_3_bit_4_5.dqdimacs,4,188
./benchmark_tests/original/Biere/adder_3_4/pec_adder_3_bit_4_5.dqdimacs,5,136
./benchmark_tests/original/Biere/adder_3_4/pec_adder_3_bit_4_5.dqdimacs,6,137
./benchmark_tests/original/Biere/adder_3_4/pec_adder_3_bit_4_5.dqdimacs,10,137
./benchmark_tests/original/Biere/adder_3_4/pec_adder_3_bit_4_5.dqdimacs,11,137
./benchmark_tests/original/Biere/adder_3_4/pec_adder_3_bit_4_5.dqdimacs,12,137
./benchmark_tests/original/Biere/adder_3_4/pec_adder_3_bit_4_5.dqdimacs,13,138
./benchmark_tests/original/Biere/adder_3_4/pec_adder_3_bit_4_5.dqdimacs,17,136
./benchmark_tests/original/Biere/adder_3_4/pec_adder_3_bit_4_5.dqdimacs,18,137
./benchmark_tests/original/Biere/adder_3_4/pec_adder_3_bit_4_5.dqdimacs,19,136
./benchmark_tests/original/Biere/adder_3_4/pec_adder_3_bit_4_5.dqdimacs,20,136
./benchmark_tests/original/Biere/adder_3_4/pec_adder_3_bit_4_5.dqdimacs,22,127
./benchmark_tests/original/Biere/adder_3_4/pec_adder_3_bit_4_5.dqdimacs,23,116
./benchmark_tests/original/Biere/adder_3_4/pec_adder_3_bit_4_5.dqdimacs,24,109
./benchmark_tests/original/Biere/adder_3_4/pec_adder_3_bit_4_5.dqdimacs,25,102
./benchmark_tests/original/Biere/adder_3_4/pec_adder_3_bit_4_5.dqdimacs,26,95
./benchmark_tests/original/Biere/adder_3_4/pec_adder_3_bit_4_5.dqdimacs,27,91
./benchmark_tests/original/Biere/adder_3_4/pec_adder_3_bit_4_5.dqdimacs,29,83
./benchmark_tests/original/Biere/adder_3_4/pec_adder_3_bit_4_5.dqdimacs,30,78
./benchmark_tests/original/Biere/adder_3_4/pec_adder_3_bit_4_5.dqdimacs,31,77
./benchmark_tests/original/Biere/adder_3_4/pec_adder_3_bit_4_5.dqdimacs,33,74
./benchmark_tests/original/Biere/adder_3_4/pec_adder_3_bit_4_5.dqdimacs,34,73
./benchmark_tests/original/Biere/adder_3_4/pec_adder_3_bit_4_5.dqdimacs,35,73
./benchmark_tests/original/Biere/adder_3_4/pec_adder_3_bit_4_5.dqdimacs,36,73
./benchmark_tests/original/Biere/adder_3_4/pec_adder_3_bit_4_5.dqdimacs,37,73
./benchmark_tests/original/Biere/adder_3_4/pec_adder_3_bit_4_5.dqdimacs,38,74
./benchmark_tests/original/Biere/adder_3_4/pec_adder_3_bit_4_5.dqdimacs,39,75
./benchmark_tests/original/Biere/adder_3_4/pec_adder_3_bit_4_5.dqdimacs,40,74
./benchmark_tests/original/Biere/adder_3_4/pec_adder_3_bit_4_5.dqdimacs,41,74
./benchmark_tests/original/Biere/adder_3_4/pec_adder_3_bit_4_5.dqdimacs,42,74
./benchmark_tests/original/Biere/adder_3_4/pec_adder_3_bit_4_5.dqdimacs,43,74
./benchmark_tests/original/Biere/adder_3_4/pec_adder_3_bit_4_5.dqdimacs,44,73
./benchmark_tests/original/Biere/adder_3_4/pec_adder_3_bit_4_5.dqdimacs,45,73
./benchmark_tests/original/Biere/adder_3_4/pec_adder_3_bit_4_5.dqdimacs,46,73
./benchmark_tests/original/Biere/adder_3_4/pec_adder_3_bit_4_5.dqdimacs,47,73
./benchmark_tests/original/Biere/adder_3_4/pec_adder_3_bit_4_5.dqdimacs,48,74
./benchmark_tests/original/Biere/adder_3_4/pec_adder_3_bit_4_5.dqdimacs,49,73
./benchmark_tests/original/Biere/adder_3_4/pec_adder_3_bit_4_5.dqdimacs,50,74
./benchmark_tests/original/Biere/adder_3_4/pec_adder_3_bit_4_5.dqdimacs,51,73
./benchmark_tests/original/Biere/adder_3_4/pec_adder_3_bit_4_5.dqdimacs,52,73
./benchmark_tests/original/Biere/adder_3_4/pec_adder_3_bit_4_5.dqdimacs,53,74
./benchmark_tests/original/Biere/adder_3_4/pec_adder_3_bit_4_5.dqdimacs,54,73
./benchmark_tests/original/Biere/adder_3_4/pec_adder_3_bit_4_5.dqdimacs,55,74
./benchmark_tests/original/Biere/adder_3_4/pec_adder_3_bit_4_5.dqdimacs,56,74
./benchmark_tests/original/Biere/adder_3_4/pec_adder_3_bit_4_5.dqdimacs,57,74
./benchmark_tests/original/Biere/adder_3_4/pec_adder_3_bit_4_5.dqdimacs,58,72
./benchmark_tests/original/Biere/adder_3_4/pec_adder_3_bit_4_5.dqdimacs,59,74
./benchmark_tests/original/Biere/adder_3_4/pec_adder_3_bit_4_5.dqdimacs,60,74
./benchmark_tests/original/Biere/adder_3_4/pec_adder_3_bit_4_60.dqdimacs,4,336
./benchmark_tests/original/Biere/adder_3_4/pec_adder_3_bit_4_60.dqdimacs,5,285
./benchmark_tests/original/Biere/adder_3_4/pec_adder_3_bit_4_60.dqdimacs,6,285
./benchmark_tests/original/Biere/adder_3_4/pec_adder_3_bit_4_60.dqdimacs,10,285
./benchmark_tests/original/Biere/adder_3_4/pec_adder_3_bit_4_60.dqdimacs,11,286
./benchmark_tests/original/Biere/adder_3_4/pec_adder_3_bit_4_60.dqdimacs,12,263
./benchmark_tests/original/Biere/adder_3_4/pec_adder_3_bit_4_60.dqdimacs,13,229
./benchmark_tests/original/Biere/adder_3_4/pec_adder_3_bit_4_60.dqdimacs,17,195
./benchmark_tests/original/Biere/adder_3_4/pec_adder_3_bit_4_60.dqdimacs,18,171
./benchmark_tests/original/Biere/adder_3_4/pec_adder_3_bit_4_60.dqdimacs,19,153
./benchmark_tests/original/Biere/adder_3_4/pec_adder_3_bit_4_60.dqdimacs,20,152
./benchmark_tests/original/Biere/adder_3_4/pec_adder_3_bit_4_60.dqdimacs,22,152
./benchmark_tests/original/Biere/adder_3_4/pec_adder_3_bit_4_60.dqdimacs,23,153
./benchmark_tests/original/Biere/adder_3_4/pec_adder_3_bit_4_60.dqdimacs,24,153
./benchmark_tests/original/Biere/adder_3_4/pec_adder_3_bit_4_60.dqdimacs,25,150
./benchmark_tests/original/Biere/adder_3_4/pec_adder_3_bit_4_60.dqdimacs,26,150
./benchmark_tests/original/Biere/adder_3_4/pec_adder_3_bit_4_60.dqdimacs,27,152
./benchmark_tests/original/Biere/adder_3_4/pec_adder_3_bit_4_60.dqdimacs,29,151
./benchmark_tests/original/Biere/adder_3_4/pec_adder_3_bit_4_60.dqdimacs,30,151
./benchmark_tests/original/Biere/adder_3_4/pec_adder_3_bit_4_60.dqdimacs,31,153
./benchmark_tests/original/Biere/adder_3_4/pec_adder_3_bit_4_60.dqdimacs,33,150
./benchmark_tests/original/Biere/adder_3_4/pec_adder_3_bit_4_60.dqdimacs,34,151
./benchmark_tests/original/Biere/adder_3_4/pec_adder_3_bit_4_60.dqdimacs,35,152
./benchmark_tests/original/Biere/adder_3_4/pec_adder_3_bit_4_60.dqdimacs,37,151
./benchmark_tests/original/Biere/adder_3_4/pec_adder_3_bit_4_60.dqdimacs,38,153
./benchmark_tests/original/Biere/adder_3_4/pec_adder_3_bit_4_60.dqdimacs,39,152
./benchmark_tests/original/Biere/adder_3_4/pec_adder_3_bit_4_60.dqdimacs,40,152
./benchmark_tests/original/Biere/adder_3_4/pec_adder_3_bit_4_60.dqdimacs,41,152
./benchmark_tests/original/Biere/adder_3_4/pec_adder_3_bit_4_60.dqdimacs,42,151
./benchmark_tests/original/Biere/adder_3_4/pec_adder_3_bit_4_60.dqdimacs,43,152
./benchmark_tests/original/Biere/adder_3_4/pec_adder_3_bit_4_60.dqdimacs,45,151
./benchmark_tests/original/Biere/adder_3_4/pec_adder_3_bit_4_60.dqdimacs,46,152
./benchmark_tests/original/Biere/adder_3_4/pec_adder_3_bit_4_60.dqdimacs,47,152
./benchmark_tests/original/Biere/adder_3_4/pec_adder_3_bit_4_60.dqdimacs,48,154
./benchmark_tests/original/Biere/adder_3_4/pec_adder_3_bit_4_60.dqdimacs,50,152
./benchmark_tests/original/Biere/adder_3_4/pec_adder_3_bit_4_60.dqdimacs,51,152
./benchmark_tests/original/Biere/adder_3_4/pec_adder_3_bit_4_60.dqdimacs,52,151
./benchmark_tests/original/Biere/adder_3_4/pec_adder_3_bit_4_60.dqdimacs,53,152
./benchmark_tests/original/Biere/adder_3_4/pec_adder_3_bit_4_60.dqdimacs,54,150
./benchmark_tests/original/Biere/adder_3_4/pec_adder_3_bit_4_60.dqdimacs,55,152
./benchmark_tests/original/Biere/adder_3_4/pec_adder_3_bit_4_60.dqdimacs,56,151
./benchmark_tests/original/Biere/adder_3_4/pec_adder_3_bit_4_60.dqdimacs,57,152
./benchmark_tests/original/Biere/adder_3_4/pec_adder_3_bit_4_60.dqdimacs,58,150
./benchmark_tests/original/Biere/adder_3_4/pec_adder_3_bit_4_60.dqdimacs,59,151
./benchmark_tests/original/Biere/adder_3_4/pec_adder_3_bit_4_60.dqdimacs,60,150
./benchmark_tests/original/Biere/adder_3_4/pec_adder_3_bit_4_60.dqdimacs,61,152
./benchmark_tests/original/Biere/adder_3_4/pec_adder_3_bit_4_60.dqdimacs,62,153
./benchmark_tests/original/Biere/adder_3_4/pec_adder_3_bit_4_60.dqdimacs,63,152
./benchmark_tests/original/Biere/adder_3_4/pec_adder_3_bit_4_60.dqdimacs,64,152
./benchmark_tests/original/Biere/adder_3_4/pec_adder_3_bit_4_60.dqdimacs,65,153
./benchmark_tests/original/Biere/adder_3_4/pec_adder_3_bit_4_60.dqdimacs,66,153
./benchmark_tests/original/Biere/adder_3_4/pec_adder_3_bit_4_60.dqdimacs,67,151
./benchmark_tests/original/Biere/adder_3_4/pec_adder_3_bit_4_60.dqdimacs,68,153
./benchmark_tests/original/Biere/adder_3_4/pec_adder_3_bit_4_60.dqdimacs,69,154
./benchmark_tests/original/Biere/adder_3_4/pec_adder_3_bit_4_61.dqdimacs,4,307
./benchmark_tests/original/Biere/adder_3_4/pec_adder_3_bit_4_61.dqdimacs,5,256
./benchmark_tests/original/Biere/adder_3_4/pec_adder_3_bit_4_61.dqdimacs,6,255
./benchmark_tests/original/Biere/adder_3_4/pec_adder_3_bit_4_61.dqdimacs,10,255
./benchmark_tests/original/Biere/adder_3_4/pec_adder_3_bit_4_61.dqdimacs,11,255
./benchmark_tests/original/Biere/adder_3_4/pec_adder_3_bit_4_61.dqdimacs,12,251
./benchmark_tests/original/Biere/adder_3_4/pec_adder_3_bit_4_61.dqdimacs,13,230
./benchmark_tests/original/Biere/adder_3_4/pec_adder_3_bit_4_61.dqdimacs,17,196
./benchmark_tests/original/Biere/adder_3_4/pec_adder_3_bit_4_61.dqdimacs,18,158
./benchmark_tests/original/Biere/adder_3_4/pec_adder_3_bit_4_61.dqdimacs,19,140
./benchmark_tests/original/Biere/adder_3_4/pec_adder_3_bit_4_61.dqdimacs,20,129
./benchmark_tests/original/Biere/adder_3_4/pec_adder_3_bit_4_61.dqdimacs,22,123
./benchmark_tests/original/Biere/adder_3_4/pec_adder_3_bit_4_61.dqdimacs,23,122
./benchmark_tests/original/Biere/adder_3_4/pec_adder_3_bit_4_61.dqdimacs,24,122
./benchmark_tests/original/Biere/adder_3_4/pec_adder_3_bit_4_61.dqdimacs,25,122
./benchmark_tests/original/Biere/adder_3_4/pec_adder_3_bit_4_61.dqdimacs,26,122
./benchmark_tests/original/Biere/adder_3_4/pec_adder_3_bit_4_61.dqdimacs,27,124
./benchmark_tests/original/Biere/adder_3_4/pec_adder_3_bit_4_61.dqdimacs,29,121
./benchmark_tests/original/Biere/adder_3_4/pec_adder_3_bit_4_61.dqdimacs,30,122
./benchmark_tests/original/Biere/adder_3_4/pec_adder_3_bit_4_61.dqdimacs,31,121
./benchmark_tests/original/Biere/adder_3_4/pec_adder_3_bit_4_61.dqdimacs,32,123
./benchmark_tests/original/Biere/adder_3_4/pec_adder_3_bit_4_61.dqdimacs,34,130
./benchmark_tests/original/Biere/adder_3_4/pec_adder_3_bit_4_61.dqdimacs,35,136
./benchmark_tests/original/Biere/adder_3_4/pec_adder_3_bit_4_61.dqdimacs,36,137
./benchmark_tests/original/Biere/adder_3_4/pec_adder_3_bit_4_61.dqdimacs,38,135
./benchmark_tests/original/Biere/adder_3_4/pec_adder_3_bit_4_61.dqdimacs,39,136
./benchmark_tests/original/Biere/adder_3_4/pec_adder_3_bit_4_61.dqdimacs,40,137
./benchmark_tests/original/Biere/adder_3_4/pec_adder_3_bit_4_61.dqdimacs,42,136
./benchmark_tests/original/Biere/adder_3_4/pec_adder_3_bit_4_61.dqdimacs,43,135
./benchmark_tests/original/Biere/adder_3_4/pec_adder_3_bit_4_61.dqdimacs,44,136
./benchmark_tests/original/Biere/adder_3_4/pec_adder_3_bit_4_61.dqdimacs,46,135
./benchmark_tests/original/Biere/adder_3_4/pec_adder_3_bit_4_61.dqdimacs,47,134
./benchmark_tests/original/Biere/adder_3_4/pec_adder_3_bit_4_61.dqdimacs,48,136
./benchmark_tests/original/Biere/adder_3_4/pec_adder_3_bit_4_61.dqdimacs,50,135
./benchmark_tests/original/Biere/adder_3_4/pec_adder_3_bit_4_61.dqdimacs,51,136
./benchmark_tests/original/Biere/adder_3_4/pec_adder_3_bit_4_61.dqdimacs,52,138
./benchmark_tests/original/Biere/adder_3_4/pec_adder_3_bit_4_61.dqdimacs,54,135
./benchmark_tests/original/Biere/adder_3_4/pec_adder_3_bit_4_61.dqdimacs,55,135
./benchmark_tests/original/Biere/adder_3_4/pec_adder_3_bit_4_61.dqdimacs,56,136
./benchmark_tests/original/Biere/adder_3_4/pec_adder_3_bit_4_61.dqdimacs,57,136
./benchmark_tests/original/Biere/adder_3_4/pec_adder_3_bit_4_61.dqdimacs,58,137
./benchmark_tests/original/Biere/adder_3_4/pec_adder_3_bit_4_61.dqdimacs,59,136
./benchmark_tests/original/Biere/adder_3_4/pec_adder_3_bit_4_61.dqdimacs,60,135
./benchmark_tests/original/Biere/adder_3_4/pec_adder_3_bit_4_61.dqdimacs,61,135
./benchmark_tests/original/Biere/adder_3_4/pec_adder_3_bit_4_61.dqdimacs,62,135
./benchmark_tests/original/Biere/adder_3_4/pec_adder_3_bit_4_61.dqdimacs,63,135
./benchmark_tests/original/Biere/adder_3_4/pec_adder_3_bit_4_61.dqdimacs,64,135
./benchmark_tests/original/Biere/adder_3_4/pec_adder_3_bit_4_61.dqdimacs,65,135
./benchmark_tests/original/Biere/adder_3_4/pec_adder_3_bit_4_61.dqdimacs,66,135
./benchmark_tests/original/Biere/adder_3_4/pec_adder_3_bit_4_61.dqdimacs,67,136
./benchmark_tests/original/Biere/adder_3_4/pec_adder_3_bit_4_61.dqdimacs,68,135
./benchmark_tests/original/Biere/adder_3_4/pec_adder_3_bit_4_61.dqdimacs,69,135
./benchmark_tests/original/Biere/adder_3_4/pec_adder_3_bit_4_61.dqdimacs,70,135
./benchmark_tests/original/Biere/adder_3_4/pec_adder_3_bit_4_61.dqdimacs,71,135
./benchmark_tests/original/Biere/adder_3_4/pec_adder_3_bit_4_61.dqdimacs,72,135
./benchmark_tests/original/Biere/adder_3_4/pec_adder_3_bit_4_61.dqdimacs,73,135
./benchmark_tests/original/Biere/adder_3_4/pec_adder_3_bit_4_61.dqdimacs,74,136
./benchmark_tests/original/Biere/adder_3_4/pec_adder_3_bit_4_61.dqdimacs,75,135
./benchmark_tests/original/Biere/adder_3_4/pec_adder_3_bit_4_61.dqdimacs,76,135
./benchmark_tests/original/Biere/adder_3_4/pec_adder_3_bit_4_61.dqdimacs,77,136
./benchmark_tests/original/Biere/adder_3_4/pec_adder_3_bit_4_61.dqdimacs,78,135
./benchmark_tests/original/Biere/adder_3_4/pec_adder_3_bit_4_62.dqdimacs,4,310
./benchmark_tests/original/Biere/adder_3_4/pec_adder_3_bit_4_62.dqdimacs,5,261
./benchmark_tests/original/Biere/adder_3_4/pec_adder_3_bit_4_62.dqdimacs,6,256
./benchmark_tests/original/Biere/adder_3_4/pec_adder_3_bit_4_62.dqdimacs,10,259
./benchmark_tests/original/Biere/adder_3_4/pec_adder_3_bit_4_62.dqdimacs,11,258
./benchmark_tests/original/Biere/adder_3_4/pec_adder_3_bit_4_62.dqdimacs,12,241
./benchmark_tests/original/Biere/adder_3_4/pec_adder_3_bit_4_62.dqdimacs,13,213
./benchmark_tests/original/Biere/adder_3_4/pec_adder_3_bit_4_62.dqdimacs,17,185
./benchmark_tests/original/Biere/adder_3_4/pec_adder_3_bit_4_62.dqdimacs,18,163
./benchmark_tests/original/Biere/adder_3_4/pec_adder_3_bit_4_62.dqdimacs,19,147
./benchmark_tests/original/Biere/adder_3_4/pec_adder_3_bit_4_62.dqdimacs,20,140
./benchmark_tests/original/Biere/adder_3_4/pec_adder_3_bit_4_62.dqdimacs,22,140
./benchmark_tests/original/Biere/adder_3_4/pec_adder_3_bit_4_62.dqdimacs,23,138
./benchmark_tests/original/Biere/adder_3_4/pec_adder_3_bit_4_62.dqdimacs,24,139
./benchmark_tests/original/Biere/adder_3_4/pec_adder_3_bit_4_62.dqdimacs,25,138
./benchmark_tests/original/Biere/adder_3_4/pec_adder_3_bit_4_62.dqdimacs,26,138
./benchmark_tests/original/Biere/adder_3_4/pec_adder_3_bit_4_62.dqdimacs,27,139
./benchmark_tests/original/Biere/adder_3_4/pec_adder_3_bit_4_62.dqdimacs,29,138
./benchmark_tests/original/Biere/adder_3_4/pec_adder_3_bit_4_62.dqdimacs,30,139
./benchmark_tests/original/Biere/adder_3_4/pec_adder_3_bit_4_62.dqdimacs,31,141
./benchmark_tests/original/Biere/adder_3_4/pec_adder_3_bit_4_62.dqdimacs,33,139
./benchmark_tests/original/Biere/adder_3_4/pec_adder_3_bit_4_62.dqdimacs,34,139
./benchmark_tests/original/Biere/adder_3_4/pec_adder_3_bit_4_62.dqdimacs,35,141
./benchmark_tests/original/Biere/adder_3_4/pec_adder_3_bit_4_62.dqdimacs,37,137
./benchmark_tests/original/Biere/adder_3_4/pec_adder_3_bit_4_62.dqdimacs,38,137
./benchmark_tests/original/Biere/adder_3_4/pec_adder_3_bit_4_62.dqdimacs,39,142
./benchmark_tests/original/Biere/adder_3_4/pec_adder_3_bit_4_62.dqdimacs,41,138
./benchmark_tests/original/Biere/adder_3_4/pec_adder_3_bit_4_62.dqdimacs,42,138
./benchmark_tests/original/Biere/adder_3_4/pec_adder_3_bit_4_62.dqdimacs,43,142
./benchmark_tests/original/Biere/adder_3_4/pec_adder_3_bit_4_62.dqdimacs,45,140
./benchmark_tests/original/Biere/adder_3_4/pec_adder_3_bit_4_62.dqdimacs,46,140
./benchmark_tests/original/Biere/adder_3_4/pec_adder_3_bit_4_62.dqdimacs,47,140
./benchmark_tests/original/Biere/adder_3_4/pec_adder_3_bit_4_62.dqdimacs,48,141
./benchmark_tests/original/Biere/adder_3_4/pec_adder_3_bit_4_62.dqdimacs,50,142
./benchmark_tests/original/Biere/adder_3_4/pec_adder_3_bit_4_62.dqdimacs,51,142
./benchmark_tests/original/Biere/adder_3_4/pec_adder_3_bit_4_62.dqdimacs,52,140
./benchmark_tests/original/Biere/adder_3_4/pec_adder_3_bit_4_62.dqdimacs,54,139
./benchmark_tests/original/Biere/adder_3_4/pec_adder_3_bit_4_62.dqdimacs,55,139
./benchmark_tests/original/Biere/adder_3_4/pec_adder_3_bit_4_62.dqdimacs,56,140
./benchmark_tests/original/Biere/adder_3_4/pec_adder_3_bit_4_62.dqdimacs,57,140
./benchmark_tests/original/Biere/adder_3_4/pec_adder_3_bit_4_62.dqdimacs,58,139
./benchmark_tests/original/Biere/adder_3_4/pec_adder_3_bit_4_62.dqdimacs,59,140
./benchmark_tests/original/Biere/adder_3_4/pec_adder_3_bit_4_62.dqdimacs,61,140
./benchmark_tests/original/Biere/adder_3_4/pec_adder_3_bit_4_62.dqdimacs,62,141
./benchmark_tests/original/Biere/adder_3_4/pec_adder_3_bit_4_62.dqdimacs,63,140
./benchmark_tests/original/Biere/adder_3_4/pec_adder_3_bit_4_62.dqdimacs,64,141
./benchmark_tests/original/Biere/adder_3_4/pec_adder_3_bit_4_62.dqdimacs,65,142
./benchmark_tests/original/Biere/adder_3_4/pec_adder_3_bit_4_62.dqdimacs,66,140
./benchmark_tests/original/Biere/adder_3_4/pec_adder_3_bit_4_62.dqdimacs,67,139
./benchmark_tests/original/Biere/adder_3_4/pec_adder_3_bit_4_62.dqdimacs,68,141
./benchmark_tests/original/Biere/adder_3_4/pec_adder_3_bit_4_62.dqdimacs,69,140
./benchmark_tests/original/Biere/adder_3_4/pec_adder_3_bit_4_62.dqdimacs,70,140
./benchmark_tests/original/Biere/adder_3_4/pec_adder_3_bit_4_62.dqdimacs,71,139
./benchmark_tests/original/Biere/adder_3_4/pec_adder_3_bit_4_62.dqdimacs,72,139
./benchmark_tests/original/Biere/adder_3_4/pec_adder_3_bit_4_62.dqdimacs,73,139
./benchmark_tests/original/Biere/adder_3_4/pec_adder_3_bit_4_62.dqdimacs,74,139
./benchmark_tests/original/Biere/adder_3_4/pec_adder_3_bit_4_62.dqdimacs,75,139
./benchmark_tests/original/Biere/adder_3_4/pec_adder_3_bit_4_62.dqdimacs,76,141
./benchmark_tests/original/Biere/adder_3_4/pec_adder_3_bit_4_62.dqdimacs,77,142
./benchmark_tests/original/Biere/adder_3_4/pec_adder_3_bit_4_62.dqdimacs,78,139
./benchmark_tests/original/Biere/adder_3_4/pec_adder_3_bit_4_62.dqdimacs,79,139
./benchmark_tests/original/Biere/adder_3_4/pec_adder_3_bit_4_62.dqdimacs,80,138
./benchmark_tests/original/Biere/adder_3_4/pec_adder_3_bit_4_63.dqdimacs,4,283
./benchmark_tests/original/Biere/adder_3_4/pec_adder_3_bit_4_63.dqdimacs,5,241
./benchmark_tests/original/Biere/adder_3_4/pec_adder_3_bit_4_63.dqdimacs,6,240
./benchmark_tests/original/Biere/adder_3_4/pec_adder_3_bit_4_63.dqdimacs,10,241
./benchmark_tests/original/Biere/adder_3_4/pec_adder_3_bit_4_63.dqdimacs,11,244
./benchmark_tests/original/Biere/adder_3_4/pec_adder_3_bit_4_63.dqdimacs,12,244
./benchmark_tests/original/Biere/adder_3_4/pec_adder_3_bit_4_63.dqdimacs,13,241
./benchmark_tests/original/Biere/adder_3_4/pec_adder_3_bit_4_63.dqdimacs,17,245
./benchmark_tests/original/Biere/adder_3_4/pec_adder_3_bit_4_63.dqdimacs,18,217
./benchmark_tests/original/Biere/adder_3_4/pec_adder_3_bit_4_63.dqdimacs,19,191
./benchmark_tests/original/Biere/adder_3_4/pec_adder_3_bit_4_63.dqdimacs,20,173
./benchmark_tests/original/Biere/adder_3_4/pec_adder_3_bit_4_63.dqdimacs,22,170
./benchmark_tests/original/Biere/adder_3_4/pec_adder_3_bit_4_63.dqdimacs,23,170
./benchmark_tests/original/Biere/adder_3_4/pec_adder_3_bit_4_63.dqdimacs,24,170
./benchmark_tests/original/Biere/adder_3_4/pec_adder_3_bit_4_63.dqdimacs,25,169
./benchmark_tests/original/Biere/adder_3_4/pec_adder_3_bit_4_63.dqdimacs,26,173
./benchmark_tests/original/Biere/adder_3_4/pec_adder_3_bit_4_63.dqdimacs,27,175
./benchmark_tests/original/Biere/adder_3_4/pec_adder_3_bit_4_63.dqdimacs,29,173
./benchmark_tests/original/Biere/adder_3_4/pec_adder_3_bit_4_63.dqdimacs,30,170
./benchmark_tests/original/Biere/adder_3_4/pec_adder_3_bit_4_63.dqdimacs,31,173
./benchmark_tests/original/Biere/adder_3_4/pec_adder_3_bit_4_63.dqdimacs,33,170
./benchmark_tests/original/Biere/adder_3_4/pec_adder_3_bit_4_63.dqdimacs,34,173
./benchmark_tests/original/Biere/adder_3_4/pec_adder_3_bit_4_63.dqdimacs,35,171
./benchmark_tests/original/Biere/adder_3_4/pec_adder_3_bit_4_63.dqdimacs,36,172
./benchmark_tests/original/Biere/adder_3_4/pec_adder_3_bit_4_63.dqdimacs,38,173
./benchmark_tests/original/Biere/adder_3_4/pec_adder_3_bit_4_63.dqdimacs,39,171
./benchmark_tests/original/Biere/adder_3_4/pec_adder_3_bit_4_63.dqdimacs,40,173
./benchmark_tests/original/Biere/adder_3_4/pec_adder_3_bit_4_63.dqdimacs,42,170
./benchmark_tests/original/Biere/adder_3_4/pec_adder_3_bit_4_63.dqdimacs,43,173
./benchmark_tests/original/Biere/adder_3_4/pec_adder_3_bit_4_63.dqdimacs,44,170
./benchmark_tests/original/Biere/adder_3_4/pec_adder_3_bit_4_63.dqdimacs,45,172
./benchmark_tests/original/Biere/adder_3_4/pec_adder_3_bit_4_63.dqdimacs,46,174
./benchmark_tests/original/Biere/adder_3_4/pec_adder_3_bit_4_63.dqdimacs,48,175
./benchmark_tests/original/Biere/adder_3_4/pec_adder_3_bit_4_63.dqdimacs,49,173
./benchmark_tests/original/Biere/adder_3_4/pec_adder_3_bit_4_63.dqdimacs,50,175
./benchmark_tests/original/Biere/adder_3_4/pec_adder_3_bit_4_63.dqdimacs,52,172
./benchmark_tests/original/Biere/adder_3_4/pec_adder_3_bit_4_63.dqdimacs,53,169
./benchmark_tests/original/Biere/adder_3_4/pec_adder_3_bit_4_63.dqdimacs,54,170
./benchmark_tests/original/Biere/adder_3_4/pec_adder_3_bit_4_63.dqdimacs,55,172
./benchmark_tests/original/Biere/adder_3_4/pec_adder_3_bit_4_63.dqdimacs,56,172
./benchmark_tests/original/Biere/adder_3_4/pec_adder_3_bit_4_63.dqdimacs,57,172
./benchmark_tests/original/Biere/adder_3_4/pec_adder_3_bit_4_63.dqdimacs,58,170
./benchmark_tests/original/Biere/adder_3_4/pec_adder_3_bit_4_63.dqdimacs,59,169
./benchmark_tests/original/Biere/adder_3_4/pec_adder_3_bit_4_63.dqdimacs,60,172
./benchmark_tests/original/Biere/adder_3_4/pec_adder_3_bit_4_63.dqdimacs,61,172
./benchmark_tests/original/Biere/adder_3_4/pec_adder_3_bit_4_63.dqdimacs,62,172
./benchmark_tests/original/Biere/adder_3_4/pec_adder_3_bit_4_63.dqdimacs,63,170
./benchmark_tests/original/Biere/adder_3_4/pec_adder_3_bit_4_63.dqdimacs,64,173
./benchmark_tests/original/Biere/adder_3_4/pec_adder_3_bit_4_63.dqdimacs,65,170
./benchmark_tests/original/Biere/adder_3_4/pec_adder_3_bit_4_63.dqdimacs,66,172
./benchmark_tests/original/Biere/adder_3_4/pec_adder_3_bit_4_63.dqdimacs,67,172
./benchmark_tests/original/Biere/adder_3_4/pec_adder_3_bit_4_63.dqdimacs,68,171
./benchmark_tests/original/Biere/adder_3_4/pec_adder_3_bit_4_63.dqdimacs,69,172
./benchmark_tests/original/Biere/adder_3_4/pec_adder_3_bit_4_63.dqdimacs,70,169
./benchmark_tests/original/Biere/adder_3_4/pec_adder_3_bit_4_63.dqdimacs,71,173
./benchmark_tests/original/Biere/adder_3_4/pec_adder_3_bit_4_63.dqdimacs,72,171
./benchmark_tests/original/Biere/adder_3_4/pec_adder_3_bit_4_63.dqdimacs,73,172
./benchmark_tests/original/Biere/adder_3_4/pec_adder_3_bit_4_64.dqdimacs,4,383
./benchmark_tests/original/Biere/adder_3_4/pec_adder_3_bit_4_64.dqdimacs,5,332
./benchmark_tests/original/Biere/adder_3_4/pec_adder_3_bit_4_64.dqdimacs,6,338
./benchmark_tests/original/Biere/adder_3_4/pec_adder_3_bit_4_64.dqdimacs,10,335
./benchmark_tests/original/Biere/adder_3_4/pec_adder_3_bit_4_64.dqdimacs,11,304
./benchmark_tests/original/Biere/adder_3_4/pec_adder_3_bit_4_64.dqdimacs,12,251
./benchmark_tests/original/Biere/adder_3_4/pec_adder_3_bit_4_64.dqdimacs,13,216
./benchmark_tests/original/Biere/adder_3_4/pec_adder_3_bit_4_64.dqdimacs,17,185
./benchmark_tests/original/Biere/adder_3_4/pec_adder_3_bit_4_64.dqdimacs,18,175
./benchmark_tests/original/Biere/adder_3_4/pec_adder_3_bit_4_64.dqdimacs,19,180
./benchmark_tests/original/Biere/adder_3_4/pec_adder_3_bit_4_64.dqdimacs,20,182
./benchmark_tests/original/Biere/adder_3_4/pec_adder_3_bit_4_64.dqdimacs,22,178
./benchmark_tests/original/Biere/adder_3_4/pec_adder_3_bit_4_64.dqdimacs,23,181
./benchmark_tests/original/Biere/adder_3_4/pec_adder_3_bit_4_64.dqdimacs,24,180
./benchmark_tests/original/Biere/adder_3_4/pec_adder_3_bit_4_64.dqdimacs,25,180
./benchmark_tests/original/Biere/adder_3_4/pec_adder_3_bit_4_64.dqdimacs,26,181
./benchmark_tests/original/Biere/adder_3_4/pec_adder_3_bit_4_64.dqdimacs,27,181
./benchmark_tests/original/Biere/adder_3_4/pec_adder_3_bit_4_64.dqdimacs,29,180
./benchmark_tests/original/Biere/adder_3_4/pec_adder_3_bit_4_64.dqdimacs,30,181
./benchmark_tests/original/Biere/adder_3_4/pec_adder_3_bit_4_64.dqdimacs,31,181
./benchmark_tests/original/Biere/adder_3_4/pec_adder_3_bit_4_64.dqdimacs,33,181
./benchmark_tests/original/Biere/adder_3_4/pec_adder_3_bit_4_64.dqdimacs,34,183
./benchmark_tests/original/Biere/adder_3_4/pec_adder_3_bit_4_64.dqdimacs,35,184
./benchmark_tests/original/Biere/adder_3_4/pec_adder_3_bit_4_64.dqdimacs,37,180
./benchmark_tests/original/Biere/adder_3_4/pec_adder_3_bit_4_64.dqdimacs,38,180
./benchmark_tests/original/Biere/adder_3_4/pec_adder_3_bit_4_64.dqdimacs,39,183
./benchmark_tests/original/Biere/adder_3_4/pec_adder_3_bit_4_64.dqdimacs,41,180
./benchmark_tests/original/Biere/adder_3_4/pec_adder_3_bit_4_64.dqdimacs,42,180
./benchmark_tests/original/Biere/adder_3_4/pec_adder_3_bit_4_64.dqdimacs,43,180
./benchmark_tests/original/Biere/adder_3_4/pec_adder_3_bit_4_64.dqdimacs,44,181
./benchmark_tests/original/Biere/adder_3_4/pec_adder_3_bit_4_64.dqdimacs,46,179
./benchmark_tests/original/Biere/adder_3_4/pec_adder_3_bit_4_64.dqdimacs,47,179
./benchmark_tests/original/Biere/adder_3_4/pec_adder_3_bit_4_64.dqdimacs,48,185
./benchmark_tests/original/Biere/adder_3_4/pec_adder_3_bit_4_64.dqdimacs,50,181
./benchmark_tests/original/Biere/adder_3_4/pec_adder_3_bit_4_64.dqdimacs,51,181
./benchmark_tests/original/Biere/adder_3_4/pec_adder_3_bit_4_64.dqdimacs,52,183
./benchmark_tests/original/Biere/adder_3_4/pec_adder_3_bit_4_64.dqdimacs,54,178
./benchmark_tests/original/Biere/adder_3_4/pec_adder_3_bit_4_64.dqdimacs,55,179
./benchmark_tests/original/Biere/adder_3_4/pec_adder_3_bit_4_64.dqdimacs,56,179
./benchmark_tests/original/Biere/adder_3_4/pec_adder_3_bit_4_64.dqdimacs,57,181
./benchmark_tests/original/Biere/adder_3_4/pec_adder_3_bit_4_64.dqdimacs,58,176
./benchmark_tests/original/Biere/adder_3_4/pec_adder_3_bit_4_64.dqdimacs,59,179
./benchmark_tests/original/Biere/adder_3_4/pec_adder_3_bit_4_64.dqdimacs,60,179
./benchmark_tests/original/Biere/adder_3_4/pec_adder_3_bit_4_64.dqdimacs,61,180
./benchmark_tests/original/Biere/adder_3_4/pec_adder_3_bit_4_64.dqdimacs,62,180
./benchmark_tests/original/Biere/adder_3_4/pec_adder_3_bit_4_64.dqdimacs,63,179
./benchmark_tests/original/Biere/adder_3_4/pec_adder_3_bit_4_64.dqdimacs,64,177
./benchmark_tests/original/Biere/adder_3_4/pec_adder_3_bit_4_64.dqdimacs,65,179
./benchmark_tests/original/Biere/adder_3_4/pec_adder_3_bit_4_64.dqdimacs,66,176
./benchmark_tests/original/Biere/adder_3_4/pec_adder_3_bit_4_64.dqdimacs,67,176
./benchmark_tests/original/Biere/adder_3_4/pec_adder_3_bit_4_64.dqdimacs,68,178
./benchmark_tests/original/Biere/adder_3_4/pec_adder_3_bit_4_64.dqdimacs,69,177
./benchmark_tests/original/Biere/adder_3_4/pec_adder_3_bit_4_64.dqdimacs,70,178
./benchmark_tests/original/Biere/adder_3_4/pec_adder_3_bit_4_64.dqdimacs,71,178
./benchmark_tests/original/Biere/adder_3_4/pec_adder_3_bit_4_64.dqdimacs,72,177
./benchmark_tests/original/Biere/adder_3_4/pec_adder_3_bit_4_64.dqdimacs,73,178
./benchmark_tests/original/Biere/adder_3_4/pec_adder_3_bit_4_64.dqdimacs,74,178
./benchmark_tests/original/Biere/adder_3_4/pec_adder_3_bit_4_64.dqdimacs,75,178
./benchmark_tests/original/Biere/adder_3_4/pec_adder_3_bit_4_64.dqdimacs,76,176
./benchmark_tests/original/Biere/adder_3_4/pec_adder_3_bit_4_64.dqdimacs,77,178
./benchmark_tests/original/Biere/adder_3_4/pec_adder_3_bit_4_65.dqdimacs,4,393
./benchmark_tests/original/Biere/adder_3_4/pec_adder_3_bit_4_65.dqdimacs,5,346
./benchmark_tests/original/Biere/adder_3_4/pec_adder_3_bit_4_65.dqdimacs,6,344
./benchmark_tests/original/Biere/adder_3_4/pec_adder_3_bit_4_65.dqdimacs,10,343
./benchmark_tests/original/Biere/adder_3_4/pec_adder_3_bit_4_65.dqdimacs,11,322
./benchmark_tests/original/Biere/adder_3_4/pec_adder_3_bit_4_65.dqdimacs,12,272
./benchmark_tests/original/Biere/adder_3_4/pec_adder_3_bit_4_65.dqdimacs,13,227
./benchmark_tests/original/Biere/adder_3_4/pec_adder_3_bit_4_65.dqdimacs,17,193
./benchmark_tests/original/Biere/adder_3_4/pec_adder_3_bit_4_65.dqdimacs,18,185
./benchmark_tests/original/Biere/adder_3_4/pec_adder_3_bit_4_65.dqdimacs,19,183
./benchmark_tests/original/Biere/adder_3_4/pec_adder_3_bit_4_65.dqdimacs,20,185
./benchmark_tests/original/Biere/adder_3_4/pec_adder_3_bit_4_65.dqdimacs,22,182
./benchmark_tests/original/Biere/adder_3_4/pec_adder_3_bit_4_65.dqdimacs,23,182
./benchmark_tests/original/Biere/adder_3_4/pec_adder_3_bit_4_65.dqdimacs,24,183
./benchmark_tests/original/Biere/adder_3_4/pec_adder_3_bit_4_65.dqdimacs,25,183
./benchmark_tests/original/Biere/adder_3_4/pec_adder_3_bit_4_65.dqdimacs,26,182
./benchmark_tests/original/Biere/adder_3_4/pec_adder_3_bit_4_65.dqdimacs,27,184
./benchmark_tests/original/Biere/adder_3_4/pec_adder_3_bit_4_65.dqdimacs,29,182
./benchmark_tests/original/Biere/adder_3_4/pec_adder_3_bit_4_65.dqdimacs,30,182
./benchmark_tests/original/Biere/adder_3_4/pec_adder_3_bit_4_65.dqdimacs,31,183
./benchmark_tests/original/Biere/adder_3_4/pec_adder_3_bit_4_65.dqdimacs,33,181
./benchmark_tests/original/Biere/adder_3_4/pec_adder_3_bit_4_65.dqdimacs,34,181
./benchmark_tests/original/Biere/adder_3_4/pec_adder_3_bit_4_65.dqdimacs,35,184
./benchmark_tests/original/Biere/adder_3_4/pec_adder_3_bit_4_65.dqdimacs,37,181
./benchmark_tests/original/Biere/adder_3_4/pec_adder_3_bit_4_65.dqdimacs,38,183
./benchmark_tests/original/Biere/adder_3_4/pec_adder_3_bit_4_65.dqdimacs,39,182
./benchmark_tests/original/Biere/adder_3_4/pec_adder_3_bit_4_65.dqdimacs,40,183
./benchmark_tests/original/Biere/adder_3_4/pec_adder_3_bit_4_65.dqdimacs,41,182
./benchmark_tests/original/Biere/adder_3_4/pec_adder_3_bit_4_65.dqdimacs,42,184
./benchmark_tests/original/Biere/adder_3_4/pec_adder_3_bit_4_65.dqdimacs,44,180
./benchmark_tests/original/Biere/adder_3_4/pec_adder_3_bit_4_65.dqdimacs,45,182
./benchmark_tests/original/Biere/adder_3_4/pec_adder_3_bit_4_65.dqdimacs,46,182
./benchmark_tests/original/Biere/adder_3_4/pec_adder_3_bit_4_65.dqdimacs,47,186
./benchmark_tests/original/Biere/adder_3_4/pec_adder_3_bit_4_65.dqdimacs,49,183
./benchmark_tests/original/Biere/adder_3_4/pec_adder_3_bit_4_65.dqdimacs,50,182
./benchmark_tests/original/Biere/adder_3_4/pec_adder_3_bit_4_65.dqdimacs,51,185
./benchmark_tests/original/Biere/adder_3_4/pec_adder_3_bit_4_65.dqdimacs,53,183
./benchmark_tests/original/Biere/adder_3_4/pec_adder_3_bit_4_65.dqdimacs,54,182
./benchmark_tests/original/Biere/adder_3_4/pec_adder_3_bit_4_65.dqdimacs,55,181
./benchmark_tests/original/Biere/adder_3_4/pec_adder_3_bit_4_65.dqdimacs,56,184
./benchmark_tests/original/Biere/adder_3_4/pec_adder_3_bit_4_65.dqdimacs,58,181
./benchmark_tests/original/Biere/adder_3_4/pec_adder_3_bit_4_65.dqdimacs,59,181
./benchmark_tests/original/Biere/adder_3_4/pec_adder_3_bit_4_65.dqdimacs,60,181
./benchmark_tests/original/Biere/adder_3_4/pec_adder_3_bit_4_65.dqdimacs,61,183
./benchmark_tests/original/Biere/adder_3_4/pec_adder_3_bit_4_65.dqdimacs,62,181
./benchmark_tests/original/Biere/adder_3_4/pec_adder_3_bit_4_65.dqdimacs,63,181
./benchmark_tests/original/Biere/adder_3_4/pec_adder_3_bit_4_65.dqdimacs,64,181
./benchmark_tests/original/Biere/adder_3_4/pec_adder_3_bit_4_65.dqdimacs,65,182
./benchmark_tests/original/Biere/adder_3_4/pec_adder_3_bit_4_65.dqdimacs,66,183
./benchmark_tests/original/Biere/adder_3_4/pec_adder_3_bit_4_65.dqdimacs,67,182
./benchmark_tests/original/Biere/adder_3_4/pec_adder_3_bit_4_65.dqdimacs,68,181
./benchmark_tests/original/Biere/adder_3_4/pec_adder_3_bit_4_65.dqdimacs,69,181
./benchmark_tests/original/Biere/adder_3_4/pec_adder_3_bit_4_65.dqdimacs,70,182
./benchmark_tests/original/Biere/adder_3_4/pec_adder_3_bit_4_65.dqdimacs,71,183
./benchmark_tests/original/Biere/adder_3_4/pec_adder_3_bit_4_65.dqdimacs,72,182
./benchmark_tests/original/Biere/adder_3_4/pec_adder_3_bit_4_65.dqdimacs,73,182
./benchmark_tests/original/Biere/adder_3_4/pec_adder_3_bit_4_65.dqdimacs,74,182
./benchmark_tests/original/Biere/adder_3_4/pec_adder_3_bit_4_65.dqdimacs,75,181
./benchmark_tests/original/Biere/adder_3_4/pec_adder_3_bit_4_65.dqdimacs,76,182
./benchmark_tests/original/Biere/adder_3_4/pec_adder_3_bit_4_65.dqdimacs,77,181
./benchmark_tests/original/Biere/adder_3_4/pec_adder_3_bit_4_66.dqdimacs,4,327
./benchmark_tests/original/Biere/adder_3_4/pec_adder_3_bit_4_66.dqdimacs,5,273
./benchmark_tests/original/Biere/adder_3_4/pec_adder_3_bit_4_66.dqdimacs,6,252
./benchmark_tests/original/Biere/adder_3_4/pec_adder_3_bit_4_66.dqdimacs,10,249
./benchmark_tests/original/Biere/adder_3_4/pec_adder_3_bit_4_66.dqdimacs,11,248
./benchmark_tests/original/Biere/adder_3_4/pec_adder_3_bit_4_66.dqdimacs,12,244
./benchmark_tests/original/Biere/adder_3_4/pec_adder_3_bit_4_66.dqdimacs,13,221
./benchmark_tests/original/Biere/adder_3_4/pec_adder_3_bit_4_66.dqdimacs,17,192
./benchmark_tests/original/Biere/adder_3_4/pec_adder_3_bit_4_66.dqdimacs,18,168
./benchmark_tests/original/Biere/adder_3_4/pec_adder_3_bit_4_66.dqdimacs,19,150
./benchmark_tests/original/Biere/adder_3_4/pec_adder_3_bit_4_66.dqdimacs,20,136
./benchmark_tests/original/Biere/adder_3_4/pec_adder_3_bit_4_66.dqdimacs,22,131
./benchmark_tests/original/Biere/adder_3_4/pec_adder_3_bit_4_66.dqdimacs,23,132
./benchmark_tests/original/Biere/adder_3_4/pec_adder_3_bit_4_66.dqdimacs,24,132
./benchmark_tests/original/Biere/adder_3_4/pec_adder_3_bit_4_66.dqdimacs,25,133
./benchmark_tests/original/Biere/adder_3_4/pec_adder_3_bit_4_66.dqdimacs,26,132
./benchmark_tests/original/Biere/adder_3_4/pec_adder_3_bit_4_66.dqdimacs,27,134
./benchmark_tests/original/Biere/adder_3_4/pec_adder_3_bit_4_66.dqdimacs,29,132
./benchmark_tests/original/Biere/adder_3_4/pec_adder_3_bit_4_66.dqdimacs,30,139
./benchmark_tests/original/Biere/adder_3_4/pec_adder_3_bit_4_66.dqdimacs,31,146
./benchmark_tests/original/Biere/adder_3_4/pec_adder_3_bit_4_66.dqdimacs,33,146
./benchmark_tests/original/Biere/adder_3_4/pec_adder_3_bit_4_66.dqdimacs,34,147
./benchmark_tests/original/Biere/adder_3_4/pec_adder_3_bit_4_66.dqdimacs,35,148
./benchmark_tests/original/Biere/adder_3_4/pec_adder_3_bit_4_66.dqdimacs,37,145
./benchmark_tests/original/Biere/adder_3_4/pec_adder_3_bit_4_66.dqdimacs,38,145
./benchmark_tests/original/Biere/adder_3_4/pec_adder_3_bit_4_66.dqdimacs,39,149
./benchmark_tests/original/Biere/adder_3_4/pec_adder_3_bit_4_66.dqdimacs,41,146
./benchmark_tests/original/Biere/adder_3_4/pec_adder_3_bit_4_66.dqdimacs,42,146
./benchmark_tests/original/Biere/adder_3_4/pec_adder_3_bit_4_66.dqdimacs,43,148
./benchmark_tests/original/Biere/adder_3_4/pec_adder_3_bit_4_66.dqdimacs,45,146
./benchmark_tests/original/Biere/adder_3_4/pec_adder_3_bit_4_66.dqdimacs,46,145
./benchmark_tests/original/Biere/adder_3_4/pec_adder_3_bit_4_66.dqdimacs,47,148
./benchmark_tests/original/Biere/adder_3_4/pec_adder_3_bit_4_66.dqdimacs,49,144
./benchmark_tests/original/Biere/adder_3_4/pec_adder_3_bit_4_66.dqdimacs,50,146
./benchmark_tests/original/Biere/adder_3_4/pec_adder_3_bit_4_66.dqdimacs,51,150
./benchmark_tests/original/Biere/adder_3_4/pec_adder_3_bit_4_66.dqdimacs,53,145
./benchmark_tests/original/Biere/adder_3_4/pec_adder_3_bit_4_66.dqdimacs,54,145
./benchmark_tests/original/Biere/adder_3_4/pec_adder_3_bit_4_66.dqdimacs,55,148
./benchmark_tests/original/Biere/adder_3_4/pec_adder_3_bit_4_66.dqdimacs,57,145
./benchmark_tests/original/Biere/adder_3_4/pec_adder_3_bit_4_66.dqdimacs,58,145
./benchmark_tests/original/Biere/adder_3_4/pec_adder_3_bit_4_66.dqdimacs,59,146
./benchmark_tests/original/Biere/adder_3_4/pec_adder_3_bit_4_66.dqdimacs,60,148
./benchmark_tests/original/Biere/adder_3_4/pec_adder_3_bit_4_66.dqdimacs,62,146
./benchmark_tests/original/Biere/adder_3_4/pec_adder_3_bit_4_66.dqdimacs,63,146
./benchmark_tests/original/Biere/adder_3_4/pec_adder_3_bit_4_66.dqdimacs,64,147
./benchmark_tests/original/Biere/adder_3_4/pec_adder_3_bit_4_66.dqdimacs,66,145
./benchmark_tests/original/Biere/adder_3_4/pec_adder_3_bit_4_66.dqdimacs,67,145
./benchmark_tests/original/Biere/adder_3_4/pec_adder_3_bit_4_66.dqdimacs,68,148
./benchmark_tests/original/Biere/adder_3_4/pec_adder_3_bit_4_66.dqdimacs,70,146
./benchmark_tests/original/Biere/adder_3_4/pec_adder_3_bit_4_66.dqdimacs,71,145
./benchmark_tests/original/Biere/adder_3_4/pec_adder_3_bit_4_66.dqdimacs,72,145
./benchmark_tests/original/Biere/adder_3_4/pec_adder_3_bit_4_66.dqdimacs,73,147
./benchmark_tests/original/Biere/adder_3_4/pec_adder_3_bit_4_66.dqdimacs,74,145
./benchmark_tests/original/Biere/adder_3_4/pec_adder_3_bit_4_66.dqdimacs,75,145
./benchmark_tests/original/Biere/adder_3_4/pec_adder_3_bit_4_66.dqdimacs,76,145
./benchmark_tests/original/Biere/adder_3_4/pec_adder_3_bit_4_66.dqdimacs,77,145
./benchmark_tests/original/Biere/adder_3_4/pec_adder_3_bit_4_66.dqdimacs,78,144
./benchmark_tests/original/Biere/adder_3_4/pec_adder_3_bit_4_66.dqdimacs,79,145
./benchmark_tests/original/Biere/adder_3_4/pec_adder_3_bit_4_66.dqdimacs,80,145
./benchmark_tests/original/Biere/adder_3_4/pec_adder_3_bit_4_66.dqdimacs,81,144
./benchmark_tests/original/Biere/adder_3_4/pec_adder_3_bit_4_66.dqdimacs,82,144
./benchmark_tests/original/Biere/adder_3_4/pec_adder_3_bit_4_66.dqdimacs,83,144
./benchmark_tests/original/Biere/adder_3_4/pec_adder_3_bit_4_66.dqdimacs,84,144
./benchmark_tests/original/Biere/adder_3_4/pec_adder_3_bit_4_66.dqdimacs,85,145
./benchmark_tests/original/Biere/adder_3_4/pec_adder_3_bit_4_66.dqdimacs,86,145
./benchmark_tests/original/Biere/adder_3_4/pec_adder_3_bit_4_66.dqdimacs,87,145
./benchmark_tests/original/Biere/adder_3_4/pec_adder_3_bit_4_66.dqdimacs,88,145
./benchmark_tests/original/Biere/adder_3_4/pec_adder_3_bit_4_66.dqdimacs,89,144
./benchmark_tests/original/Biere/adder_3_4/pec_adder_3_bit_4_66.dqdimacs,90,144
./benchmark_tests/original/Biere/adder_3_4/pec_adder_3_bit_4_66.dqdimacs,91,145
./benchmark_tests/original/Biere/adder_3_4/pec_adder_3_bit_4_67.dqdimacs,4,223
./benchmark_tests/original/Biere/adder_3_4/pec_adder_3_bit_4_67.dqdimacs,5,172
./benchmark_tests/original/Biere/adder_3_4/pec_adder_3_bit_4_67.dqdimacs,6,171
./benchmark_tests/original/Biere/adder_3_4/pec_adder_3_bit_4_67.dqdimacs,10,169
./benchmark_tests/original/Biere/adder_3_4/pec_adder_3_bit_4_67.dqdimacs,11,169
./benchmark_tests/original/Biere/adder_3_4/pec_adder_3_bit_4_67.dqdimacs,12,170
./benchmark_tests/original/Biere/adder_3_4/pec_adder_3_bit_4_67.dqdimacs,13,171
./benchmark_tests/original/Biere/adder_3_4/pec_adder_3_bit_4_67.dqdimacs,17,170
./benchmark_tests/original/Biere/adder_3_4/pec_adder_3_bit_4_67.dqdimacs,18,166
./benchmark_tests/original/Biere/adder_3_4/pec_adder_3_bit_4_67.dqdimacs,19,155
./benchmark_tests/original/Biere/adder_3_4/pec_adder_3_bit_4_67.dqdimacs,20,144
./benchmark_tests/original/Biere/adder_3_4/pec_adder_3_bit_4_67.dqdimacs,22,130
./benchmark_tests/original/Biere/adder_3_4/pec_adder_3_bit_4_67.dqdimacs,23,118
./benchmark_tests/original/Biere/adder_3_4/pec_adder_3_bit_4_67.dqdimacs,24,109
./benchmark_tests/original/Biere/adder_3_4/pec_adder_3_bit_4_67.dqdimacs,25,101
./benchmark_tests/original/Biere/adder_3_4/pec_adder_3_bit_4_67.dqdimacs,26,94
./benchmark_tests/original/Biere/adder_3_4/pec_adder_3_bit_4_67.dqdimacs,27,94
./benchmark_tests/original/Biere/adder_3_4/pec_adder_3_bit_4_67.dqdimacs,29,92
./benchmark_tests/original/Biere/adder_3_4/pec_adder_3_bit_4_67.dqdimacs,30,92
./benchmark_tests/original/Biere/adder_3_4/pec_adder_3_bit_4_67.dqdimacs,31,94
./benchmark_tests/original/Biere/adder_3_4/pec_adder_3_bit_4_67.dqdimacs,33,92
./benchmark_tests/original/Biere/adder_3_4/pec_adder_3_bit_4_67.dqdimacs,34,92
./benchmark_tests/original/Biere/adder_3_4/pec_adder_3_bit_4_67.dqdimacs,35,94
./benchmark_tests/original/Biere/adder_3_4/pec_adder_3_bit_4_67.dqdimacs,37,92
./benchmark_tests/original/Biere/adder_3_4/pec_adder_3_bit_4_67.dqdimacs,38,93
./benchmark_tests/original/Biere/adder_3_4/pec_adder_3_bit_4_67.dqdimacs,39,95
./benchmark_tests/original/Biere/adder_3_4/pec_adder_3_bit_4_67.dqdimacs,41,91
./benchmark_tests/original/Biere/adder_3_4/pec_adder_3_bit_4_67.dqdimacs,42,92
./benchmark_tests/original/Biere/adder_3_4/pec_adder_3_bit_4_67.dqdimacs,43,95
./benchmark_tests/original/Biere/adder_3_4/pec_adder_3_bit_4_67.dqdimacs,45,92
./benchmark_tests/original/Biere/adder_3_4/pec_adder_3_bit_4_67.dqdimacs,46,92
./benchmark_tests/original/Biere/adder_3_4/pec_adder_3_bit_4_67.dqdimacs,47,96
./benchmark_tests/original/Biere/adder_3_4/pec_adder_3_bit_4_67.dqdimacs,49,93
./benchmark_tests/original/Biere/adder_3_4/pec_adder_3_bit_4_67.dqdimacs,50,93
./benchmark_tests/original/Biere/adder_3_4/pec_adder_3_bit_4_67.dqdimacs,51,96
./benchmark_tests/original/Biere/adder_3_4/pec_adder_3_bit_4_67.dqdimacs,53,92
./benchmark_tests/original/Biere/adder_3_4/pec_adder_3_bit_4_67.dqdimacs,54,93
./benchmark_tests/original/Biere/adder_3_4/pec_adder_3_bit_4_67.dqdimacs,55,92
./benchmark_tests/original/Biere/adder_3_4/pec_adder_3_bit_4_67.dqdimacs,56,92
./benchmark_tests/original/Biere/adder_3_4/pec_adder_3_bit_4_67.dqdimacs,57,91
./benchmark_tests/original/Biere/adder_3_4/pec_adder_3_bit_4_67.dqdimacs,58,94
./benchmark_tests/original/Biere/adder_3_4/pec_adder_3_bit_4_67.dqdimacs,60,92
./benchmark_tests/original/Biere/adder_3_4/pec_adder_3_bit_4_67.dqdimacs,61,92
./benchmark_tests/original/Biere/adder_3_4/pec_adder_3_bit_4_67.dqdimacs,62,93
./benchmark_tests/original/Biere/adder_3_4/pec_adder_3_bit_4_67.dqdimacs,64,92
./benchmark_tests/original/Biere/adder_3_4/pec_adder_3_bit_4_67.dqdimacs,65,92
./benchmark_tests/original/Biere/adder_3_4/pec_adder_3_bit_4_67.dqdimacs,66,94
./benchmark_tests/original/Biere/adder_3_4/pec_adder_3_bit_4_67.dqdimacs,68,92
./benchmark_tests/original/Biere/adder_3_4/pec_adder_3_bit_4_67.dqdimacs,69,93
./benchmark_tests/original/Biere/adder_3_4/pec_adder_3_bit_4_67.dqdimacs,70,94
./benchmark_tests/original/Biere/adder_3_4/pec_adder_3_bit_4_67.dqdimacs,71,92
./benchmark_tests/original/Biere/adder_3_4/pec_adder_3_bit_4_67.dqdimacs,72,92
./benchmark_tests/original/Biere/adder_3_4/pec_adder_3_bit_4_67.dqdimacs,73,92
./benchmark_tests/original/Biere/adder_3_4/pec_adder_3_bit_4_67.dqdimacs,74,91
./benchmark_tests/original/Biere/adder_3_4/pec_adder_3_bit_4_67.dqdimacs,75,93
./benchmark_tests/original/Biere/adder_3_4/pec_adder_3_bit_4_67.dqdimacs,76,92
./benchmark_tests/original/Biere/adder_3_4/pec_adder_3_bit_4_67.dqdimacs,77,92
./benchmark_tests/original/Biere/adder_3_4/pec_adder_3_bit_4_67.dqdimacs,78,93
./benchmark_tests/original/Biere/adder_3_4/pec_adder_3_bit_4_67.dqdimacs,79,92
./benchmark_tests/original/Biere/adder_3_4/pec_adder_3_bit_4_67.dqdimacs,80,92
./benchmark_tests/original/Biere/adder_3_4/pec_adder_3_bit_4_67.dqdimacs,81,92
./benchmark_tests/original/Biere/adder_3_4/pec_adder_3_bit_4_67.dqdimacs,82,92
./benchmark_tests/original/Biere/adder_3_4/pec_adder_3_bit_4_67.dqdimacs,83,92
./benchmark_tests/original/Biere/adder_3_4/pec_adder_3_bit_4_67.dqdimacs,84,92
./benchmark_tests/original/Biere/adder_3_4/pec_adder_3_bit_4_67.dqdimacs,85,92
./benchmark_tests/original/Biere/adder_3_4/pec_adder_3_bit_4_67.dqdimacs,86,92
./benchmark_tests/original/Biere/adder_3_4/pec_adder_3_bit_4_67.dqdimacs,87,92
./benchmark_tests/original/Biere/adder_3_4/pec_adder_3_bit_4_67.dqdimacs,88,92
./benchmark_tests/original/Biere/adder_3_4/pec_adder_3_bit_4_67.dqdimacs,89,92
./benchmark_tests/original/Biere/adder_3_4/pec_adder_3_bit_4_68.dqdimacs,4,378
./benchmark_tests/original/Biere/adder_3_4/pec_adder_3_bit_4_68.dqdimacs,5,325
./benchmark_tests/original/Biere/adder_3_4/pec_adder_3_bit_4_68.dqdimacs,6,324
./benchmark_tests/original/Biere/adder_3_4/pec_adder_3_bit_4_68.dqdimacs,10,324
./benchmark_tests/original/Biere/adder_3_4/pec_adder_3_bit_4_68.dqdimacs,11,315
./benchmark_tests/original/Biere/adder_3_4/pec_adder_3_bit_4_68.dqdimacs,12,274
./benchmark_tests/original/Biere/adder_3_4/pec_adder_3_bit_4_68.dqdimacs,13,229
./benchmark_tests/original/Biere/adder_3_4/pec_adder_3_bit_4_68.dqdimacs,17,196
./benchmark_tests/original/Biere/adder_3_4/pec_adder_3_bit_4_68.dqdimacs,18,177
./benchmark_tests/original/Biere/adder_3_4/pec_adder_3_bit_4_68.dqdimacs,19,176
./benchmark_tests/original/Biere/adder_3_4/pec_adder_3_bit_4_68.dqdimacs,20,176
./benchmark_tests/original/Biere/adder_3_4/pec_adder_3_bit_4_68.dqdimacs,22,175
./benchmark_tests/original/Biere/adder_3_4/pec_adder_3_bit_4_68.dqdimacs,23,175
./benchmark_tests/original/Biere/adder_3_4/pec_adder_3_bit_4_68.dqdimacs,24,175
./benchmark_tests/original/Biere/adder_3_4/pec_adder_3_bit_4_68.dqdimacs,25,176
./benchmark_tests/original/Biere/adder_3_4/pec_adder_3_bit_4_68.dqdimacs,26,176
./benchmark_tests/original/Biere/adder_3_4/pec_adder_3_bit_4_68.dqdimacs,27,178
./benchmark_tests/original/Biere/adder_3_4/pec_adder_3_bit_4_68.dqdimacs,29,175
./benchmark_tests/original/Biere/adder_3_4/pec_adder_3_bit_4_68.dqdimacs,30,175
./benchmark_tests/original/Biere/adder_3_4/pec_adder_3_bit_4_68.dqdimacs,31,177
./benchmark_tests/original/Biere/adder_3_4/pec_adder_3_bit_4_68.dqdimacs,33,174
./benchmark_tests/original/Biere/adder_3_4/pec_adder_3_bit_4_68.dqdimacs,34,174
./benchmark_tests/original/Biere/adder_3_4/pec_adder_3_bit_4_68.dqdimacs,35,177
./benchmark_tests/original/Biere/adder_3_4/pec_adder_3_bit_4_68.dqdimacs,37,175
./benchmark_tests/original/Biere/adder_3_4/pec_adder_3_bit_4_68.dqdimacs,38,175
./benchmark_tests/original/Biere/adder_3_4/pec_adder_3_bit_4_68.dqdimacs,39,177
./benchmark_tests/original/Biere/adder_3_4/pec_adder_3_bit_4_68.dqdimacs,41,174
./benchmark_tests/original/Biere/adder_3_4/pec_adder_3_bit_4_68.dqdimacs,42,174
./benchmark_tests/original/Biere/adder_3_4/pec_adder_3_bit_4_68.dqdimacs,43,177
./benchmark_tests/original/Biere/adder_3_4/pec_adder_3_bit_4_68.dqdimacs,45,174
./benchmark_tests/original/Biere/adder_3_4/pec_adder_3_bit_4_68.dqdimacs,46,174
./benchmark_tests/original/Biere/adder_3_4/pec_adder_3_bit_4_68.dqdimacs,47,176
./benchmark_tests/original/Biere/adder_3_4/pec_adder_3_bit_4_68.dqdimacs,49,174
./benchmark_tests/original/Biere/adder_3_4/pec_adder_3_bit_4_68.dqdimacs,50,174
./benchmark_tests/original/Biere/adder_3_4/pec_adder_3_bit_4_68.dqdimacs,51,178
./benchmark_tests/original/Biere/adder_3_4/pec_adder_3_bit_4_68.dqdimacs,53,174
./benchmark_tests/original/Biere/adder_3_4/pec_adder_3_bit_4_68.dqdimacs,54,175
./benchmark_tests/original/Biere/adder_3_4/pec_adder_3_bit_4_68.dqdimacs,55,174
./benchmark_tests/original/Biere/adder_3_4/pec_adder_3_bit_4_68.dqdimacs,56,174
./benchmark_tests/original/Biere/adder_3_4/pec_adder_3_bit_4_68.dqdimacs,57,177
./benchmark_tests/original/Biere/adder_3_4/pec_adder_3_bit_4_68.dqdimacs,59,174
./benchmark_tests/original/Biere/adder_3_4/pec_adder_3_bit_4_68.dqdimacs,60,175
./benchmark_tests/original/Biere/adder_3_4/pec_adder_3_bit_4_68.dqdimacs,61,176
./benchmark_tests/original/Biere/adder_3_4/pec_adder_3_bit_4_68.dqdimacs,63,173
./benchmark_tests/original/Biere/adder_3_4/pec_adder_3_bit_4_68.dqdimacs,64,173
./benchmark_tests/original/Biere/adder_3_4/pec_adder_3_bit_4_68.dqdimacs,65,176
./benchmark_tests/original/Biere/adder_3_4/pec_adder_3_bit_4_68.dqdimacs,67,175
./benchmark_tests/original/Biere/adder_3_4/pec_adder_3_bit_4_68.dqdimacs,68,174
./benchmark_tests/original/Biere/adder_3_4/pec_adder_3_bit_4_68.dqdimacs,69,177
./benchmark_tests/original/Biere/adder_3_4/pec_adder_3_bit_4_68.dqdimacs,71,174
./benchmark_tests/original/Biere/adder_3_4/pec_adder_3_bit_4_68.dqdimacs,72,174
./benchmark_tests/original/Biere/adder_3_4/pec_adder_3_bit_4_68.dqdimacs,73,174
./benchmark_tests/original/Biere/adder_3_4/pec_adder_3_bit_4_68.dqdimacs,74,176
./benchmark_tests/original/Biere/adder_3_4/pec_adder_3_bit_4_68.dqdimacs,76,174
./benchmark_tests/original/Biere/adder_3_4/pec_adder_3_bit_4_68.dqdimacs,77,174
./benchmark_tests/original/Biere/adder_3_4/pec_adder_3_bit_4_68.dqdimacs,78,175
./benchmark_tests/original/Biere/adder_3_4/pec_adder_3_bit_4_68.dqdimacs,79,177
./benchmark_tests/original/Biere/adder_3_4/pec_adder_3_bit_4_68.dqdimacs,80,176
./benchmark_tests/original/Biere/adder_3_4/pec_adder_3_bit_4_68.dqdimacs,81,175
./benchmark_tests/original/Biere/adder_3_4/pec_adder_3_bit_4_68.dqdimacs,82,174
./benchmark_tests/original/Biere/adder_3_4/pec_adder_3_bit_4_68.dqdimacs,83,173
./benchmark_tests/original/Biere/adder_3_4/pec_adder_3_bit_4_68.dqdimacs,84,174
./benchmark_tests/original/Biere/adder_3_4/pec_adder_3_bit_4_68.dqdimacs,85,174
./benchmark_tests/original/Biere/adder_3_4/pec_adder_3_bit_4_68.dqdimacs,86,174
./benchmark_tests/original/Biere/adder_3_4/pec_adder_3_bit_4_68.dqdimacs,87,172
./benchmark_tests/original/Biere/adder_3_4/pec_adder_3_bit_4_68.dqdimacs,88,173
./benchmark_tests/original/Biere/adder_3_4/pec_adder_3_bit_4_68.dqdimacs,89,172
./benchmark_tests/original/Biere/adder_3_4/pec_adder_3_bit_4_68.dqdimacs,90,173
./benchmark_tests/original/Biere/adder_3_4/pec_adder_3_bit_4_68.dqdimacs,91,173
./benchmark_tests/original/Biere/adder_3_4/pec_adder_3_bit_4_68.dqdimacs,92,173
./benchmark_tests/original/Biere/adder_3_4/pec_adder_3_bit_4_68.dqdimacs,93,174
./benchmark_tests/original/Biere/adder_3_4/pec_adder_3_bit_4_68.dqdimacs,94,175
./benchmark_tests/original/Biere/adder_3_4/pec_adder_3_bit_4_68.dqdimacs,95,174
./benchmark_tests/original/Biere/adder_3_4/pec_adder_3_bit_4_68.dqdimacs,96,173
./benchmark_tests/original/Biere/adder_3_4/pec_adder_3_bit_4_69.dqdimacs,4,318
./benchmark_tests/original/Biere/adder_3_4/pec_adder_3_bit_4_69.dqdimacs,5,270
./benchmark_tests/original/Biere/adder_3_4/pec_adder_3_bit_4_69.dqdimacs,6,266
./benchmark_tests/original/Biere/adder_3_4/pec_adder_3_bit_4_69.dqdimacs,10,267
./benchmark_tests/original/Biere/adder_3_4/pec_adder_3_bit_4_69.dqdimacs,11,265
./benchmark_tests/original/Biere/adder_3_4/pec_adder_3_bit_4_69.dqdimacs,12,257
./benchmark_tests/original/Biere/adder_3_4/pec_adder_3_bit_4_69.dqdimacs,13,228
./benchmark_tests/original/Biere/adder_3_4/pec_adder_3_bit_4_69.dqdimacs,17,197
./benchmark_tests/original/Biere/adder_3_4/pec_adder_3_bit_4_69.dqdimacs,18,171
./benchmark_tests/original/Biere/adder_3_4/pec_adder_3_bit_4_69.dqdimacs,19,152
./benchmark_tests/original/Biere/adder_3_4/pec_adder_3_bit_4_69.dqdimacs,20,142
./benchmark_tests/original/Biere/adder_3_4/pec_adder_3_bit_4_69.dqdimacs,22,141
./benchmark_tests/original/Biere/adder_3_4/pec_adder_3_bit_4_69.dqdimacs,23,141
./benchmark_tests/original/Biere/adder_3_4/pec_adder_3_bit_4_69.dqdimacs,24,141
./benchmark_tests/original/Biere/adder_3_4/pec_adder_3_bit_4_69.dqdimacs,25,141
./benchmark_tests/original/Biere/adder_3_4/pec_adder_3_bit_4_69.dqdimacs,26,141
./benchmark_tests/original/Biere/adder_3_4/pec_adder_3_bit_4_69.dqdimacs,27,143
./benchmark_tests/original/Biere/adder_3_4/pec_adder_3_bit_4_69.dqdimacs,29,142
./benchmark_tests/original/Biere/adder_3_4/pec_adder_3_bit_4_69.dqdimacs,30,141
./benchmark_tests/original/Biere/adder_3_4/pec_adder_3_bit_4_69.dqdimacs,31,144
./benchmark_tests/original/Biere/adder_3_4/pec_adder_3_bit_4_69.dqdimacs,33,142
./benchmark_tests/original/Biere/adder_3_4/pec_adder_3_bit_4_69.dqdimacs,34,142
./benchmark_tests/original/Biere/adder_3_4/pec_adder_3_bit_4_69.dqdimacs,35,145
./benchmark_tests/original/Biere/adder_3_4/pec_adder_3_bit_4_69.dqdimacs,37,142
./benchmark_tests/original/Biere/adder_3_4/pec_adder_3_bit_4_69.dqdimacs,38,142
./benchmark_tests/original/Biere/adder_3_4/pec_adder_3_bit_4_69.dqdimacs,39,142
./benchmark_tests/original/Biere/adder_3_4/pec_adder_3_bit_4_69.dqdimacs,40,142
./benchmark_tests/original/Biere/adder_3_4/pec_adder_3_bit_4_69.dqdimacs,41,142
./benchmark_tests/original/Biere/adder_3_4/pec_adder_3_bit_4_69.dqdimacs,42,145
./benchmark_tests/original/Biere/adder_3_4/pec_adder_3_bit_4_69.dqdimacs,44,142
./benchmark_tests/original/Biere/adder_3_4/pec_adder_3_bit_4_69.dqdimacs,45,141
./benchmark_tests/original/Biere/adder_3_4/pec_adder_3_bit_4_69.dqdimacs,46,143
./benchmark_tests/original/Biere/adder_3_4/pec_adder_3_bit_4_69.dqdimacs,47,144
./benchmark_tests/original/Biere/adder_3_4/pec_adder_3_bit_4_69.dqdimacs,49,142
./benchmark_tests/original/Biere/adder_3_4/pec_adder_3_bit_4_69.dqdimacs,50,142
./benchmark_tests/original/Biere/adder_3_4/pec_adder_3_bit_4_69.dqdimacs,51,300
./benchmark_tests/original/Biere/adder_3_4/pec_adder_3_bit_4_69.dqdimacs,53,291
./benchmark_tests/original/Biere/adder_3_4/pec_adder_3_bit_4_69.dqdimacs,54,268
./benchmark_tests/original/Biere/adder_3_4/pec_adder_3_bit_4_69.dqdimacs,55,265
./benchmark_tests/original/Biere/adder_3_4/pec_adder_3_bit_4_69.dqdimacs,56,268
./benchmark_tests/original/Biere/adder_3_4/pec_adder_3_bit_4_69.dqdimacs,58,263
./benchmark_tests/original/Biere/adder_3_4/pec_adder_3_bit_4_69.dqdimacs,59,254
./benchmark_tests/original/Biere/adder_3_4/pec_adder_3_bit_4_69.dqdimacs,60,226
./benchmark_tests/original/Biere/adder_3_4/pec_adder_3_bit_4_69.dqdimacs,61,199
./benchmark_tests/original/Biere/adder_3_4/pec_adder_3_bit_4_69.dqdimacs,62,172
./benchmark_tests/original/Biere/adder_3_4/pec_adder_3_bit_4_69.dqdimacs,63,152
./benchmark_tests/original/Biere/adder_3_4/pec_adder_3_bit_4_69.dqdimacs,64,142
./benchmark_tests/original/Biere/adder_3_4/pec_adder_3_bit_4_69.dqdimacs,65,141
./benchmark_tests/original/Biere/adder_3_4/pec_adder_3_bit_4_69.dqdimacs,66,142
./benchmark_tests/original/Biere/adder_3_4/pec_adder_3_bit_4_69.dqdimacs,67,142
./benchmark_tests/original/Biere/adder_3_4/pec_adder_3_bit_4_69.dqdimacs,68,141
./benchmark_tests/original/Biere/adder_3_4/pec_adder_3_bit_4_69.dqdimacs,69,142
./benchmark_tests/original/Biere/adder_3_4/pec_adder_3_bit_4_69.dqdimacs,70,142
./benchmark_tests/original/Biere/adder_3_4/pec_adder_3_bit_4_69.dqdimacs,71,142
./benchmark_tests/original/Biere/adder_3_4/pec_adder_3_bit_4_69.dqdimacs,72,141
./benchmark_tests/original/Biere/adder_3_4/pec_adder_3_bit_4_69.dqdimacs,73,142
./benchmark_tests/original/Biere/adder_3_4/pec_adder_3_bit_4_69.dqdimacs,74,141
./benchmark_tests/original/Biere/adder_3_4/pec_adder_3_bit_4_69.dqdimacs,75,141
./benchmark_tests/original/Biere/adder_3_4/pec_adder_3_bit_4_69.dqdimacs,76,140
./benchmark_tests/original/Biere/adder_3_4/pec_adder_3_bit_4_69.dqdimacs,77,142
./benchmark_tests/original/Biere/adder_3_4/pec_adder_3_bit_4_69.dqdimacs,78,140
./benchmark_tests/original/Biere/adder_3_4/pec_adder_3_bit_4_6.dqdimacs,4,422
./benchmark_tests/original/Biere/adder_3_4/pec_adder_3_bit_4_6.dqdimacs,5,367
./benchmark_tests/original/Biere/adder_3_4/pec_adder_3_bit_4_6.dqdimacs,6,347
./benchmark_tests/original/Biere/adder_3_4/pec_adder_3_bit_4_6.dqdimacs,10,350
./benchmark_tests/original/Biere/adder_3_4/pec_adder_3_bit_4_6.dqdimacs,11,313
./benchmark_tests/original/Biere/adder_3_4/pec_adder_3_bit_4_6.dqdimacs,12,265
./benchmark_tests/original/Biere/adder_3_4/pec_adder_3_bit_4_6.dqdimacs,13,220
./benchmark_tests/original/Biere/adder_3_4/pec_adder_3_bit_4_6.dqdimacs,17,190
./benchmark_tests/original/Biere/adder_3_4/pec_adder_3_bit_4_6.dqdimacs,18,182
./benchmark_tests/original/Biere/adder_3_4/pec_adder_3_bit_4_6.dqdimacs,19,182
./benchmark_tests/original/Biere/adder_3_4/pec_adder_3_bit_4_6.dqdimacs,20,185
./benchmark_tests/original/Biere/adder_3_4/pec_adder_3_bit_4_6.dqdimacs,22,181
./benchmark_tests/original/Biere/adder_3_4/pec_adder_3_bit_4_6.dqdimacs,23,182
./benchmark_tests/original/Biere/adder_3_4/pec_adder_3_bit_4_6.dqdimacs,24,181
./benchmark_tests/original/Biere/adder_3_4/pec_adder_3_bit_4_6.dqdimacs,25,181
./benchmark_tests/original/Biere/adder_3_4/pec_adder_3_bit_4_6.dqdimacs,26,182
./benchmark_tests/original/Biere/adder_3_4/pec_adder_3_bit_4_6.dqdimacs,27,183
./benchmark_tests/original/Biere/adder_3_4/pec_adder_3_bit_4_6.dqdimacs,29,187
./benchmark_tests/original/Biere/adder_3_4/pec_adder_3_bit_4_6.dqdimacs,30,181
./benchmark_tests/original/Biere/adder_3_4/pec_adder_3_bit_4_6.dqdimacs,31,183
./benchmark_tests/original/Biere/adder_3_4/pec_adder_3_bit_4_6.dqdimacs,33,181
./benchmark_tests/original/Biere/adder_3_4/pec_adder_3_bit_4_6.dqdimacs,34,180
./benchmark_tests/original/Biere/adder_3_4/pec_adder_3_bit_4_6.dqdimacs,35,183
./benchmark_tests/original/Biere/adder_3_4/pec_adder_3_bit_4_6.dqdimacs,37,180
./benchmark_tests/original/Biere/adder_3_4/pec_adder_3_bit_4_6.dqdimacs,38,180
./benchmark_tests/original/Biere/adder_3_4/pec_adder_3_bit_4_6.dqdimacs,39,183
./benchmark_tests/original/Biere/adder_3_4/pec_adder_3_bit_4_6.dqdimacs,41,181
./benchmark_tests/original/Biere/adder_3_4/pec_adder_3_bit_4_6.dqdimacs,42,182
./benchmark_tests/original/Biere/adder_3_4/pec_adder_3_bit_4_6.dqdimacs,43,181
./benchmark_tests/original/Biere/adder_3_4/pec_adder_3_bit_4_6.dqdimacs,44,182
./benchmark_tests/original/Biere/adder_3_4/pec_adder_3_bit_4_6.dqdimacs,46,180
./benchmark_tests/original/Biere/adder_3_4/pec_adder_3_bit_4_6.dqdimacs,47,180
./benchmark_tests/original/Biere/adder_3_4/pec_adder_3_bit_4_6.dqdimacs,48,180
./benchmark_tests/original/Biere/adder_3_4/pec_adder_3_bit_4_6.dqdimacs,49,181
./benchmark_tests/original/Biere/adder_3_4/pec_adder_3_bit_4_6.dqdimacs,50,181
./benchmark_tests/original/Biere/adder_3_4/pec_adder_3_bit_4_6.dqdimacs,51,183
./benchmark_tests/original/Biere/adder_3_4/pec_adder_3_bit_4_6.dqdimacs,53,181
./benchmark_tests/original/Biere/adder_3_4/pec_adder_3_bit_4_6.dqdimacs,54,181
./benchmark_tests/original/Biere/adder_3_4/pec_adder_3_bit_4_6.dqdimacs,55,182
./benchmark_tests/original/Biere/adder_3_4/pec_adder_3_bit_4_6.dqdimacs,57,181
./benchmark_tests/original/Biere/adder_3_4/pec_adder_3_bit_4_6.dqdimacs,58,182
./benchmark_tests/original/Biere/adder_3_4/pec_adder_3_bit_4_6.dqdimacs,59,183
./benchmark_tests/original/Biere/adder_3_4/pec_adder_3_bit_4_6.dqdimacs,60,180
./benchmark_tests/original/Biere/adder_3_4/pec_adder_3_bit_4_6.dqdimacs,61,183
./benchmark_tests/original/Biere/adder_3_4/pec_adder_3_bit_4_6.dqdimacs,62,183
./benchmark_tests/original/Biere/adder_3_4/pec_adder_3_bit_4_6.dqdimacs,63,184
./benchmark_tests/original/Biere/adder_3_4/pec_adder_3_bit_4_6.dqdimacs,64,183
./benchmark_tests/original/Biere/adder_3_4/pec_adder_3_bit_4_6.dqdimacs,65,183
./benchmark_tests/original/Biere/adder_3_4/pec_adder_3_bit_4_6.dqdimacs,66,182
./benchmark_tests/original/Biere/adder_3_4/pec_adder_3_bit_4_6.dqdimacs,67,181
./benchmark_tests/original/Biere/adder_3_4/pec_adder_3_bit_4_6.dqdimacs,68,181
./benchmark_tests/original/Biere/adder_3_4/pec_adder_3_bit_4_6.dqdimacs,69,181
./benchmark_tests/original/Biere/adder_3_4/pec_adder_3_bit_4_6.dqdimacs,70,180
./benchmark_tests/original/Biere/adder_3_4/pec_adder_3_bit_4_6.dqdimacs,71,180
./benchmark_tests/original/Biere/adder_3_4/pec_adder_3_bit_4_6.dqdimacs,72,180
./benchmark_tests/original/Biere/adder_3_4/pec_adder_3_bit_4_6.dqdimacs,73,179
./benchmark_tests/original/Biere/adder_3_4/pec_adder_3_bit_4_6.dqdimacs,74,180
./benchmark_tests/original/Biere/adder_3_4/pec_adder_3_bit_4_6.dqdimacs,75,181
./benchmark_tests/original/Biere/adder_3_4/pec_adder_3_bit_4_6.dqdimacs,76,180
./benchmark_tests/original/Biere/adder_3_4/pec_adder_3_bit_4_6.dqdimacs,77,181
./benchmark_tests/original/Biere/adder_3_4/pec_adder_3_bit_4_6.dqdimacs,78,180
./benchmark_tests/original/Biere/adder_3_4/pec_adder_3_bit_4_70.dqdimacs,4,278
./benchmark_tests/original/Biere/adder_3_4/pec_adder_3_bit_4_70.dqdimacs,5,226
./benchmark_tests/original/Biere/adder_3_4/pec_adder_3_bit_4_70.dqdimacs,6,228
./benchmark_tests/original/Biere/adder_3_4/pec_adder_3_bit_4_70.dqdimacs,10,228
./benchmark_tests/original/Biere/adder_3_4/pec_adder_3_bit_4_70.dqdimacs,11,228
./benchmark_tests/original/Biere/adder_3_4/pec_adder_3_bit_4_70.dqdimacs,12,229
./benchmark_tests/original/Biere/adder_3_4/pec_adder_3_bit_4_70.dqdimacs,13,220
./benchmark_tests/original/Biere/adder_3_4/pec_adder_3_bit_4_70.dqdimacs,17,200
./benchmark_tests/original/Biere/adder_3_4/pec_adder_3_bit_4_70.dqdimacs,18,175
./benchmark_tests/original/Biere/adder_3_4/pec_adder_3_bit_4_70.dqdimacs,19,157
./benchmark_tests/original/Biere/adder_3_4/pec_adder_3_bit_4_70.dqdimacs,20,141
./benchmark_tests/original/Biere/adder_3_4/pec_adder_3_bit_4_70.dqdimacs,22,127
./benchmark_tests/original/Biere/adder_3_4/pec_adder_3_bit_4_70.dqdimacs,23,123
./benchmark_tests/original/Biere/adder_3_4/pec_adder_3_bit_4_70.dqdimacs,24,122
./benchmark_tests/original/Biere/adder_3_4/pec_adder_3_bit_4_70.dqdimacs,25,125
./benchmark_tests/original/Biere/adder_3_4/pec_adder_3_bit_4_70.dqdimacs,26,124
./benchmark_tests/original/Biere/adder_3_4/pec_adder_3_bit_4_70.dqdimacs,27,125
./benchmark_tests/original/Biere/adder_3_4/pec_adder_3_bit_4_70.dqdimacs,29,124
./benchmark_tests/original/Biere/adder_3_4/pec_adder_3_bit_4_70.dqdimacs,30,124
./benchmark_tests/original/Biere/adder_3_4/pec_adder_3_bit_4_70.dqdimacs,31,126
./benchmark_tests/original/Biere/adder_3_4/pec_adder_3_bit_4_70.dqdimacs,33,123
./benchmark_tests/original/Biere/adder_3_4/pec_adder_3_bit_4_70.dqdimacs,34,123
./benchmark_tests/original/Biere/adder_3_4/pec_adder_3_bit_4_70.dqdimacs,35,125
./benchmark_tests/original/Biere/adder_3_4/pec_adder_3_bit_4_70.dqdimacs,37,123
./benchmark_tests/original/Biere/adder_3_4/pec_adder_3_bit_4_70.dqdimacs,38,123
./benchmark_tests/original/Biere/adder_3_4/pec_adder_3_bit_4_70.dqdimacs,39,126
./benchmark_tests/original/Biere/adder_3_4/pec_adder_3_bit_4_70.dqdimacs,41,123
./benchmark_tests/original/Biere/adder_3_4/pec_adder_3_bit_4_70.dqdimacs,42,123
./benchmark_tests/original/Biere/adder_3_4/pec_adder_3_bit_4_70.dqdimacs,43,125
./benchmark_tests/original/Biere/adder_3_4/pec_adder_3_bit_4_70.dqdimacs,45,123
./benchmark_tests/original/Biere/adder_3_4/pec_adder_3_bit_4_70.dqdimacs,46,123
./benchmark_tests/original/Biere/adder_3_4/pec_adder_3_bit_4_70.dqdimacs,47,123
./benchmark_tests/original/Biere/adder_3_4/pec_adder_3_bit_4_70.dqdimacs,48,123
./benchmark_tests/original/Biere/adder_3_4/pec_adder_3_bit_4_70.dqdimacs,49,126
./benchmark_tests/original/Biere/adder_3_4/pec_adder_3_bit_4_70.dqdimacs,51,124
./benchmark_tests/original/Biere/adder_3_4/pec_adder_3_bit_4_70.dqdimacs,52,122
./benchmark_tests/original/Biere/adder_3_4/pec_adder_3_bit_4_70.dqdimacs,53,125
./benchmark_tests/original/Biere/adder_3_4/pec_adder_3_bit_4_70.dqdimacs,55,122
./benchmark_tests/original/Biere/adder_3_4/pec_adder_3_bit_4_70.dqdimacs,56,122
./benchmark_tests/original/Biere/adder_3_4/pec_adder_3_bit_4_70.dqdimacs,57,126
./benchmark_tests/original/Biere/adder_3_4/pec_adder_3_bit_4_70.dqdimacs,59,122
./benchmark_tests/original/Biere/adder_3_4/pec_adder_3_bit_4_70.dqdimacs,60,123
./benchmark_tests/original/Biere/adder_3_4/pec_adder_3_bit_4_70.dqdimacs,61,123
./benchmark_tests/original/Biere/adder_3_4/pec_adder_3_bit_4_70.dqdimacs,62,123
./benchmark_tests/original/Biere/adder_3_4/pec_adder_3_bit_4_70.dqdimacs,63,123
./benchmark_tests/original/Biere/adder_3_4/pec_adder_3_bit_4_70.dqdimacs,64,125
./benchmark_tests/original/Biere/adder_3_4/pec_adder_3_bit_4_70.dqdimacs,66,122
./benchmark_tests/original/Biere/adder_3_4/pec_adder_3_bit_4_70.dqdimacs,67,123
./benchmark_tests/original/Biere/adder_3_4/pec_adder_3_bit_4_70.dqdimacs,68,122
./benchmark_tests/original/Biere/adder_3_4/pec_adder_3_bit_4_70.dqdimacs,69,125
./benchmark_tests/original/Biere/adder_3_4/pec_adder_3_bit_4_70.dqdimacs,71,123
./benchmark_tests/original/Biere/adder_3_4/pec_adder_3_bit_4_70.dqdimacs,72,122
./benchmark_tests/original/Biere/adder_3_4/pec_adder_3_bit_4_70.dqdimacs,73,125
./benchmark_tests/original/Biere/adder_3_4/pec_adder_3_bit_4_70.dqdimacs,74,122
./benchmark_tests/original/Biere/adder_3_4/pec_adder_3_bit_4_70.dqdimacs,75,122
./benchmark_tests/original/Biere/adder_3_4/pec_adder_3_bit_4_70.dqdimacs,76,122
./benchmark_tests/original/Biere/adder_3_4/pec_adder_3_bit_4_70.dqdimacs,77,122
./benchmark_tests/original/Biere/adder_3_4/pec_adder_3_bit_4_70.dqdimacs,78,122
./benchmark_tests/original/Biere/adder_3_4/pec_adder_3_bit_4_70.dqdimacs,79,123
./benchmark_tests/original/Biere/adder_3_4/pec_adder_3_bit_4_70.dqdimacs,80,123
./benchmark_tests/original/Biere/adder_3_4/pec_adder_3_bit_4_70.dqdimacs,81,123
./benchmark_tests/original/Biere/adder_3_4/pec_adder_3_bit_4_70.dqdimacs,82,123
./benchmark_tests/original/Biere/adder_3_4/pec_adder_3_bit_4_70.dqdimacs,83,123
./benchmark_tests/original/Biere/adder_3_4/pec_adder_3_bit_4_70.dqdimacs,84,122
./benchmark_tests/original/Biere/adder_3_4/pec_adder_3_bit_4_70.dqdimacs,85,123
./benchmark_tests/original/Biere/adder_3_4/pec_adder_3_bit_4_70.dqdimacs,86,125
./benchmark_tests/original/Biere/adder_3_4/pec_adder_3_bit_4_70.dqdimacs,87,122
./benchmark_tests/original/Biere/adder_3_4/pec_adder_3_bit_4_70.dqdimacs,88,123
./benchmark_tests/original/Biere/adder_3_4/pec_adder_3_bit_4_70.dqdimacs,89,123
./benchmark_tests/original/Biere/adder_3_4/pec_adder_3_bit_4_71.dqdimacs,4,400
./benchmark_tests/original/Biere/adder_3_4/pec_adder_3_bit_4_71.dqdimacs,5,349
./benchmark_tests/original/Biere/adder_3_4/pec_adder_3_bit_4_71.dqdimacs,6,351
./benchmark_tests/original/Biere/adder_3_4/pec_adder_3_bit_4_71.dqdimacs,10,351
./benchmark_tests/original/Biere/adder_3_4/pec_adder_3_bit_4_71.dqdimacs,11,321
./benchmark_tests/original/Biere/adder_3_4/pec_adder_3_bit_4_71.dqdimacs,12,271
./benchmark_tests/original/Biere/adder_3_4/pec_adder_3_bit_4_71.dqdimacs,13,224
./benchmark_tests/original/Biere/adder_3_4/pec_adder_3_bit_4_71.dqdimacs,17,191
./benchmark_tests/original/Biere/adder_3_4/pec_adder_3_bit_4_71.dqdimacs,18,183
./benchmark_tests/original/Biere/adder_3_4/pec_adder_3_bit_4_71.dqdimacs,19,182
./benchmark_tests/original/Biere/adder_3_4/pec_adder_3_bit_4_71.dqdimacs,20,184
./benchmark_tests/original/Biere/adder_3_4/pec_adder_3_bit_4_71.dqdimacs,22,183
./benchmark_tests/original/Biere/adder_3_4/pec_adder_3_bit_4_71.dqdimacs,23,185
./benchmark_tests/original/Biere/adder_3_4/pec_adder_3_bit_4_71.dqdimacs,24,183
./benchmark_tests/original/Biere/adder_3_4/pec_adder_3_bit_4_71.dqdimacs,25,185
./benchmark_tests/original/Biere/adder_3_4/pec_adder_3_bit_4_71.dqdimacs,26,183
./benchmark_tests/original/Biere/adder_3_4/pec_adder_3_bit_4_71.dqdimacs,27,189
./benchmark_tests/original/Biere/adder_3_4/pec_adder_3_bit_4_71.dqdimacs,29,187
./benchmark_tests/original/Biere/adder_3_4/pec_adder_3_bit_4_71.dqdimacs,30,187
./benchmark_tests/original/Biere/adder_3_4/pec_adder_3_bit_4_71.dqdimacs,31,189
./benchmark_tests/original/Biere/adder_3_4/pec_adder_3_bit_4_71.dqdimacs,33,187
./benchmark_tests/original/Biere/adder_3_4/pec_adder_3_bit_4_71.dqdimacs,34,185
./benchmark_tests/original/Biere/adder_3_4/pec_adder_3_bit_4_71.dqdimacs,35,188
./benchmark_tests/original/Biere/adder_3_4/pec_adder_3_bit_4_71.dqdimacs,37,183
./benchmark_tests/original/Biere/adder_3_4/pec_adder_3_bit_4_71.dqdimacs,38,186
./benchmark_tests/original/Biere/adder_3_4/pec_adder_3_bit_4_71.dqdimacs,39,190
./benchmark_tests/original/Biere/adder_3_4/pec_adder_3_bit_4_71.dqdimacs,41,183
./benchmark_tests/original/Biere/adder_3_4/pec_adder_3_bit_4_71.dqdimacs,42,185
./benchmark_tests/original/Biere/adder_3_4/pec_adder_3_bit_4_71.dqdimacs,43,187
./benchmark_tests/original/Biere/adder_3_4/pec_adder_3_bit_4_71.dqdimacs,45,184
./benchmark_tests/original/Biere/adder_3_4/pec_adder_3_bit_4_71.dqdimacs,46,186
./benchmark_tests/original/Biere/adder_3_4/pec_adder_3_bit_4_71.dqdimacs,47,187
./benchmark_tests/original/Biere/adder_3_4/pec_adder_3_bit_4_71.dqdimacs,48,188
./benchmark_tests/original/Biere/adder_3_4/pec_adder_3_bit_4_71.dqdimacs,50,183
./benchmark_tests/original/Biere/adder_3_4/pec_adder_3_bit_4_71.dqdimacs,51,183
./benchmark_tests/original/Biere/adder_3_4/pec_adder_3_bit_4_71.dqdimacs,52,185
./benchmark_tests/original/Biere/adder_3_4/pec_adder_3_bit_4_71.dqdimacs,53,188
./benchmark_tests/original/Biere/adder_3_4/pec_adder_3_bit_4_71.dqdimacs,54,186
./benchmark_tests/original/Biere/adder_3_4/pec_adder_3_bit_4_71.dqdimacs,55,189
./benchmark_tests/original/Biere/adder_3_4/pec_adder_3_bit_4_71.dqdimacs,57,187
./benchmark_tests/original/Biere/adder_3_4/pec_adder_3_bit_4_71.dqdimacs,58,189
./benchmark_tests/original/Biere/adder_3_4/pec_adder_3_bit_4_71.dqdimacs,59,189
./benchmark_tests/original/Biere/adder_3_4/pec_adder_3_bit_4_71.dqdimacs,60,186
./benchmark_tests/original/Biere/adder_3_4/pec_adder_3_bit_4_71.dqdimacs,61,186
./benchmark_tests/original/Biere/adder_3_4/pec_adder_3_bit_4_71.dqdimacs,62,187
./benchmark_tests/original/Biere/adder_3_4/pec_adder_3_bit_4_71.dqdimacs,63,187
./benchmark_tests/original/Biere/adder_3_4/pec_adder_3_bit_4_71.dqdimacs,64,185
./benchmark_tests/original/Biere/adder_3_4/pec_adder_3_bit_4_71.dqdimacs,65,187
./benchmark_tests/original/Biere/adder_3_4/pec_adder_3_bit_4_71.dqdimacs,66,185
./benchmark_tests/original/Biere/adder_3_4/pec_adder_3_bit_4_71.dqdimacs,67,187
./benchmark_tests/original/Biere/adder_3_4/pec_adder_3_bit_4_71.dqdimacs,68,187
./benchmark_tests/original/Biere/adder_3_4/pec_adder_3_bit_4_71.dqdimacs,69,187
./benchmark_tests/original/Biere/adder_3_4/pec_adder_3_bit_4_71.dqdimacs,70,187
./benchmark_tests/original/Biere/adder_3_4/pec_adder_3_bit_4_71.dqdimacs,71,186
./benchmark_tests/original/Biere/adder_3_4/pec_adder_3_bit_4_71.dqdimacs,72,187
./benchmark_tests/original/Biere/adder_3_4/pec_adder_3_bit_4_71.dqdimacs,73,187
./benchmark_tests/original/Biere/adder_3_4/pec_adder_3_bit_4_71.dqdimacs,74,188
./benchmark_tests/original/Biere/adder_3_4/pec_adder_3_bit_4_71.dqdimacs,75,187
./benchmark_tests/original/Biere/adder_3_4/pec_adder_3_bit_4_71.dqdimacs,76,187
./benchmark_tests/original/Biere/adder_3_4/pec_adder_3_bit_4_71.dqdimacs,77,187
./benchmark_tests/original/Biere/adder_3_4/pec_adder_3_bit_4_71.dqdimacs,78,184
./benchmark_tests/original/Biere/adder_3_4/pec_adder_3_bit_4_72.dqdimacs,4,382
./benchmark_tests/original/Biere/adder_3_4/pec_adder_3_bit_4_72.dqdimacs,5,331
./benchmark_tests/original/Biere/adder_3_4/pec_adder_3_bit_4_72.dqdimacs,6,331
./benchmark_tests/original/Biere/adder_3_4/pec_adder_3_bit_4_72.dqdimacs,10,332
./benchmark_tests/original/Biere/adder_3_4/pec_adder_3_bit_4_72.dqdimacs,11,318
./benchmark_tests/original/Biere/adder_3_4/pec_adder_3_bit_4_72.dqdimacs,12,273
./benchmark_tests/original/Biere/adder_3_4/pec_adder_3_bit_4_72.dqdimacs,13,228
./benchmark_tests/original/Biere/adder_3_4/pec_adder_3_bit_4_72.dqdimacs,17,195
./benchmark_tests/original/Biere/adder_3_4/pec_adder_3_bit_4_72.dqdimacs,18,178
./benchmark_tests/original/Biere/adder_3_4/pec_adder_3_bit_4_72.dqdimacs,19,178
./benchmark_tests/original/Biere/adder_3_4/pec_adder_3_bit_4_72.dqdimacs,20,178
./benchmark_tests/original/Biere/adder_3_4/pec_adder_3_bit_4_72.dqdimacs,22,179
./benchmark_tests/original/Biere/adder_3_4/pec_adder_3_bit_4_72.dqdimacs,23,178
./benchmark_tests/original/Biere/adder_3_4/pec_adder_3_bit_4_72.dqdimacs,24,178
./benchmark_tests/original/Biere/adder_3_4/pec_adder_3_bit_4_72.dqdimacs,25,177
./benchmark_tests/original/Biere/adder_3_4/pec_adder_3_bit_4_72.dqdimacs,26,178
./benchmark_tests/original/Biere/adder_3_4/pec_adder_3_bit_4_72.dqdimacs,27,180
./benchmark_tests/original/Biere/adder_3_4/pec_adder_3_bit_4_72.dqdimacs,29,177
./benchmark_tests/original/Biere/adder_3_4/pec_adder_3_bit_4_72.dqdimacs,30,177
./benchmark_tests/original/Biere/adder_3_4/pec_adder_3_bit_4_72.dqdimacs,31,179
./benchmark_tests/original/Biere/adder_3_4/pec_adder_3_bit_4_72.dqdimacs,33,177
./benchmark_tests/original/Biere/adder_3_4/pec_adder_3_bit_4_72.dqdimacs,34,176
./benchmark_tests/original/Biere/adder_3_4/pec_adder_3_bit_4_72.dqdimacs,35,179
./benchmark_tests/original/Biere/adder_3_4/pec_adder_3_bit_4_72.dqdimacs,37,177
./benchmark_tests/original/Biere/adder_3_4/pec_adder_3_bit_4_72.dqdimacs,38,177
./benchmark_tests/original/Biere/adder_3_4/pec_adder_3_bit_4_72.dqdimacs,39,180
./benchmark_tests/original/Biere/adder_3_4/pec_adder_3_bit_4_72.dqdimacs,41,177
./benchmark_tests/original/Biere/adder_3_4/pec_adder_3_bit_4_72.dqdimacs,42,177
./benchmark_tests/original/Biere/adder_3_4/pec_adder_3_bit_4_72.dqdimacs,43,178
./benchmark_tests/original/Biere/adder_3_4/pec_adder_3_bit_4_72.dqdimacs,45,176
./benchmark_tests/original/Biere/adder_3_4/pec_adder_3_bit_4_72.dqdimacs,46,176
./benchmark_tests/original/Biere/adder_3_4/pec_adder_3_bit_4_72.dqdimacs,47,175
./benchmark_tests/original/Biere/adder_3_4/pec_adder_3_bit_4_72.dqdimacs,48,179
./benchmark_tests/original/Biere/adder_3_4/pec_adder_3_bit_4_72.dqdimacs,50,175
./benchmark_tests/original/Biere/adder_3_4/pec_adder_3_bit_4_72.dqdimacs,51,175
./benchmark_tests/original/Biere/adder_3_4/pec_adder_3_bit_4_72.dqdimacs,52,180
./benchmark_tests/original/Biere/adder_3_4/pec_adder_3_bit_4_72.dqdimacs,54,177
./benchmark_tests/original/Biere/adder_3_4/pec_adder_3_bit_4_72.dqdimacs,55,177
./benchmark_tests/original/Biere/adder_3_4/pec_adder_3_bit_4_72.dqdimacs,56,180
./benchmark_tests/original/Biere/adder_3_4/pec_adder_3_bit_4_72.dqdimacs,58,176
./benchmark_tests/original/Biere/adder_3_4/pec_adder_3_bit_4_72.dqdimacs,59,175
./benchmark_tests/original/Biere/adder_3_4/pec_adder_3_bit_4_72.dqdimacs,60,176
./benchmark_tests/original/Biere/adder_3_4/pec_adder_3_bit_4_72.dqdimacs,61,176
./benchmark_tests/original/Biere/adder_3_4/pec_adder_3_bit_4_72.dqdimacs,62,176
./benchmark_tests/original/Biere/adder_3_4/pec_adder_3_bit_4_72.dqdimacs,63,178
./benchmark_tests/original/Biere/adder_3_4/pec_adder_3_bit_4_72.dqdimacs,64,176
./benchmark_tests/original/Biere/adder_3_4/pec_adder_3_bit_4_72.dqdimacs,65,176
./benchmark_tests/original/Biere/adder_3_4/pec_adder_3_bit_4_72.dqdimacs,66,176
./benchmark_tests/original/Biere/adder_3_4/pec_adder_3_bit_4_72.dqdimacs,67,175
./benchmark_tests/original/Biere/adder_3_4/pec_adder_3_bit_4_72.dqdimacs,68,177
./benchmark_tests/original/Biere/adder_3_4/pec_adder_3_bit_4_72.dqdimacs,69,176
./benchmark_tests/original/Biere/adder_3_4/pec_adder_3_bit_4_72.dqdimacs,70,177
./benchmark_tests/original/Biere/adder_3_4/pec_adder_3_bit_4_72.dqdimacs,71,176
./benchmark_tests/original/Biere/adder_3_4/pec_adder_3_bit_4_72.dqdimacs,72,176
./benchmark_tests/original/Biere/adder_3_4/pec_adder_3_bit_4_72.dqdimacs,73,176
./benchmark_tests/original/Biere/adder_3_4/pec_adder_3_bit_4_72.dqdimacs,74,176
./benchmark_tests/original/Biere/adder_3_4/pec_adder_3_bit_4_72.dqdimacs,75,175
./benchmark_tests/original/Biere/adder_3_4/pec_adder_3_bit_4_72.dqdimacs,76,175
./benchmark_tests/original/Biere/adder_3_4/pec_adder_3_bit_4_72.dqdimacs,77,175
./benchmark_tests/original/Biere/adder_3_4/pec_adder_3_bit_4_72.dqdimacs,78,175
./benchmark_tests/original/Biere/adder_3_4/pec_adder_3_bit_4_72.dqdimacs,79,176
./benchmark_tests/original/Biere/adder_3_4/pec_adder_3_bit_4_72.dqdimacs,80,177
./benchmark_tests/original/Biere/adder_3_4/pec_adder_3_bit_4_72.dqdimacs,81,175
./benchmark_tests/original/Biere/adder_3_4/pec_adder_3_bit_4_73.dqdimacs,4,454
./benchmark_tests/original/Biere/adder_3_4/pec_adder_3_bit_4_73.dqdimacs,5,399
./benchmark_tests/original/Biere/adder_3_4/pec_adder_3_bit_4_73.dqdimacs,6,379
./benchmark_tests/original/Biere/adder_3_4/pec_adder_3_bit_4_73.dqdimacs,10,377
./benchmark_tests/original/Biere/adder_3_4/pec_adder_3_bit_4_73.dqdimacs,11,325
./benchmark_tests/original/Biere/adder_3_4/pec_adder_3_bit_4_73.dqdimacs,12,267
./benchmark_tests/original/Biere/adder_3_4/pec_adder_3_bit_4_73.dqdimacs,13,222
./benchmark_tests/original/Biere/adder_3_4/pec_adder_3_bit_4_73.dqdimacs,17,204
./benchmark_tests/original/Biere/adder_3_4/pec_adder_3_bit_4_73.dqdimacs,18,204
./benchmark_tests/original/Biere/adder_3_4/pec_adder_3_bit_4_73.dqdimacs,19,206
./benchmark_tests/original/Biere/adder_3_4/pec_adder_3_bit_4_73.dqdimacs,20,204
./benchmark_tests/original/Biere/adder_3_4/pec_adder_3_bit_4_73.dqdimacs,22,204
./benchmark_tests/original/Biere/adder_3_4/pec_adder_3_bit_4_73.dqdimacs,23,203
./benchmark_tests/original/Biere/adder_3_4/pec_adder_3_bit_4_73.dqdimacs,24,200
./benchmark_tests/original/Biere/adder_3_4/pec_adder_3_bit_4_73.dqdimacs,25,201
./benchmark_tests/original/Biere/adder_3_4/pec_adder_3_bit_4_73.dqdimacs,26,204
./benchmark_tests/original/Biere/adder_3_4/pec_adder_3_bit_4_73.dqdimacs,27,209
./benchmark_tests/original/Biere/adder_3_4/pec_adder_3_bit_4_73.dqdimacs,29,202
./benchmark_tests/original/Biere/adder_3_4/pec_adder_3_bit_4_73.dqdimacs,30,204
./benchmark_tests/original/Biere/adder_3_4/pec_adder_3_bit_4_73.dqdimacs,31,203
./benchmark_tests/original/Biere/adder_3_4/pec_adder_3_bit_4_73.dqdimacs,33,203
./benchmark_tests/original/Biere/adder_3_4/pec_adder_3_bit_4_73.dqdimacs,34,203
./benchmark_tests/original/Biere/adder_3_4/pec_adder_3_bit_4_73.dqdimacs,35,205
./benchmark_tests/original/Biere/adder_3_4/pec_adder_3_bit_4_73.dqdimacs,37,204
./benchmark_tests/original/Biere/adder_3_4/pec_adder_3_bit_4_73.dqdimacs,38,203
./benchmark_tests/original/Biere/adder_3_4/pec_adder_3_bit_4_73.dqdimacs,39,205
./benchmark_tests/original/Biere/adder_3_4/pec_adder_3_bit_4_73.dqdimacs,41,204
./benchmark_tests/original/Biere/adder_3_4/pec_adder_3_bit_4_73.dqdimacs,42,204
./benchmark_tests/original/Biere/adder_3_4/pec_adder_3_bit_4_73.dqdimacs,43,205
./benchmark_tests/original/Biere/adder_3_4/pec_adder_3_bit_4_73.dqdimacs,45,202
./benchmark_tests/original/Biere/adder_3_4/pec_adder_3_bit_4_73.dqdimacs,46,203
./benchmark_tests/original/Biere/adder_3_4/pec_adder_3_bit_4_73.dqdimacs,47,204
./benchmark_tests/original/Biere/adder_3_4/pec_adder_3_bit_4_73.dqdimacs,49,203
./benchmark_tests/original/Biere/adder_3_4/pec_adder_3_bit_4_73.dqdimacs,50,202
./benchmark_tests/original/Biere/adder_3_4/pec_adder_3_bit_4_73.dqdimacs,51,201
./benchmark_tests/original/Biere/adder_3_4/pec_adder_3_bit_4_73.dqdimacs,52,202
./benchmark_tests/original/Biere/adder_3_4/pec_adder_3_bit_4_73.dqdimacs,53,206
./benchmark_tests/original/Biere/adder_3_4/pec_adder_3_bit_4_73.dqdimacs,55,203
./benchmark_tests/original/Biere/adder_3_4/pec_adder_3_bit_4_73.dqdimacs,56,204
./benchmark_tests/original/Biere/adder_3_4/pec_adder_3_bit_4_73.dqdimacs,57,205
./benchmark_tests/original/Biere/adder_3_4/pec_adder_3_bit_4_73.dqdimacs,59,203
./benchmark_tests/original/Biere/adder_3_4/pec_adder_3_bit_4_73.dqdimacs,60,204
./benchmark_tests/original/Biere/adder_3_4/pec_adder_3_bit_4_73.dqdimacs,61,203
./benchmark_tests/original/Biere/adder_3_4/pec_adder_3_bit_4_73.dqdimacs,62,201
./benchmark_tests/original/Biere/adder_3_4/pec_adder_3_bit_4_73.dqdimacs,63,202
./benchmark_tests/original/Biere/adder_3_4/pec_adder_3_bit_4_73.dqdimacs,64,204
./benchmark_tests/original/Biere/adder_3_4/pec_adder_3_bit_4_73.dqdimacs,65,204
./benchmark_tests/original/Biere/adder_3_4/pec_adder_3_bit_4_73.dqdimacs,66,203
./benchmark_tests/original/Biere/adder_3_4/pec_adder_3_bit_4_73.dqdimacs,67,201
./benchmark_tests/original/Biere/adder_3_4/pec_adder_3_bit_4_73.dqdimacs,68,201
./benchmark_tests/original/Biere/adder_3_4/pec_adder_3_bit_4_73.dqdimacs,69,203
./benchmark_tests/original/Biere/adder_3_4/pec_adder_3_bit_4_73.dqdimacs,70,203
./benchmark_tests/original/Biere/adder_3_4/pec_adder_3_bit_4_73.dqdimacs,71,203
./benchmark_tests/original/Biere/adder_3_4/pec_adder_3_bit_4_73.dqdimacs,72,205
./benchmark_tests/original/Biere/adder_3_4/pec_adder_3_bit_4_73.dqdimacs,73,202
./benchmark_tests/original/Biere/adder_3_4/pec_adder_3_bit_4_73.dqdimacs,74,204
./benchmark_tests/original/Biere/adder_3_4/pec_adder_3_bit_4_73.dqdimacs,75,204
./benchmark_tests/original/Biere/adder_3_4/pec_adder_3_bit_4_73.dqdimacs,76,204
./benchmark_tests/original/Biere/adder_3_4/pec_adder_3_bit_4_73.dqdimacs,77,204
./benchmark_tests/original/Biere/adder_3_4/pec_adder_3_bit_4_73.dqdimacs,78,205
./benchmark_tests/original/Biere/adder_3_4/pec_adder_3_bit_4_73.dqdimacs,79,200
./benchmark_tests/original/Biere/adder_3_4/pec_adder_3_bit_4_73.dqdimacs,80,203
./benchmark_tests/original/Biere/adder_3_4/pec_adder_3_bit_4_73.dqdimacs,81,202
./benchmark_tests/original/Biere/adder_3_4/pec_adder_3_bit_4_74.dqdimacs,4,307
./benchmark_tests/original/Biere/adder_3_4/pec_adder_3_bit_4_74.dqdimacs,5,256
./benchmark_tests/original/Biere/adder_3_4/pec_adder_3_bit_4_74.dqdimacs,6,254
./benchmark_tests/original/Biere/adder_3_4/pec_adder_3_bit_4_74.dqdimacs,10,254
./benchmark_tests/original/Biere/adder_3_4/pec_adder_3_bit_4_74.dqdimacs,11,254
./benchmark_tests/original/Biere/adder_3_4/pec_adder_3_bit_4_74.dqdimacs,12,252
./benchmark_tests/original/Biere/adder_3_4/pec_adder_3_bit_4_74.dqdimacs,13,229
./benchmark_tests/original/Biere/adder_3_4/pec_adder_3_bit_4_74.dqdimacs,17,200
./benchmark_tests/original/Biere/adder_3_4/pec_adder_3_bit_4_74.dqdimacs,18,173
./benchmark_tests/original/Biere/adder_3_4/pec_adder_3_bit_4_74.dqdimacs,19,154
./benchmark_tests/original/Biere/adder_3_4/pec_adder_3_bit_4_74.dqdimacs,20,140
./benchmark_tests/original/Biere/adder_3_4/pec_adder_3_bit_4_74.dqdimacs,22,137
./benchmark_tests/original/Biere/adder_3_4/pec_adder_3_bit_4_74.dqdimacs,23,138
./benchmark_tests/original/Biere/adder_3_4/pec_adder_3_bit_4_74.dqdimacs,24,137
./benchmark_tests/original/Biere/adder_3_4/pec_adder_3_bit_4_74.dqdimacs,25,138
./benchmark_tests/original/Biere/adder_3_4/pec_adder_3_bit_4_74.dqdimacs,26,137
./benchmark_tests/original/Biere/adder_3_4/pec_adder_3_bit_4_74.dqdimacs,27,138
./benchmark_tests/original/Biere/adder_3_4/pec_adder_3_bit_4_74.dqdimacs,29,138
./benchmark_tests/original/Biere/adder_3_4/pec_adder_3_bit_4_74.dqdimacs,30,137
./benchmark_tests/original/Biere/adder_3_4/pec_adder_3_bit_4_74.dqdimacs,31,140
./benchmark_tests/original/Biere/adder_3_4/pec_adder_3_bit_4_74.dqdimacs,33,138
./benchmark_tests/original/Biere/adder_3_4/pec_adder_3_bit_4_74.dqdimacs,34,137
./benchmark_tests/original/Biere/adder_3_4/pec_adder_3_bit_4_74.dqdimacs,35,140
./benchmark_tests/original/Biere/adder_3_4/pec_adder_3_bit_4_74.dqdimacs,37,138
./benchmark_tests/original/Biere/adder_3_4/pec_adder_3_bit_4_74.dqdimacs,38,137
./benchmark_tests/original/Biere/adder_3_4/pec_adder_3_bit_4_74.dqdimacs,39,141
./benchmark_tests/original/Biere/adder_3_4/pec_adder_3_bit_4_74.dqdimacs,41,138
./benchmark_tests/original/Biere/adder_3_4/pec_adder_3_bit_4_74.dqdimacs,42,138
./benchmark_tests/original/Biere/adder_3_4/pec_adder_3_bit_4_74.dqdimacs,43,140
./benchmark_tests/original/Biere/adder_3_4/pec_adder_3_bit_4_74.dqdimacs,45,137
./benchmark_tests/original/Biere/adder_3_4/pec_adder_3_bit_4_74.dqdimacs,46,137
./benchmark_tests/original/Biere/adder_3_4/pec_adder_3_bit_4_74.dqdimacs,47,140
./benchmark_tests/original/Biere/adder_3_4/pec_adder_3_bit_4_74.dqdimacs,49,137
./benchmark_tests/original/Biere/adder_3_4/pec_adder_3_bit_4_74.dqdimacs,50,137
./benchmark_tests/original/Biere/adder_3_4/pec_adder_3_bit_4_74.dqdimacs,51,141
./benchmark_tests/original/Biere/adder_3_4/pec_adder_3_bit_4_74.dqdimacs,53,137
./benchmark_tests/original/Biere/adder_3_4/pec_adder_3_bit_4_74.dqdimacs,54,137
./benchmark_tests/original/Biere/adder_3_4/pec_adder_3_bit_4_74.dqdimacs,55,137
./benchmark_tests/original/Biere/adder_3_4/pec_adder_3_bit_4_74.dqdimacs,56,137
./benchmark_tests/original/Biere/adder_3_4/pec_adder_3_bit_4_74.dqdimacs,57,139
./benchmark_tests/original/Biere/adder_3_4/pec_adder_3_bit_4_74.dqdimacs,59,137
./benchmark_tests/original/Biere/adder_3_4/pec_adder_3_bit_4_74.dqdimacs,60,137
./benchmark_tests/original/Biere/adder_3_4/pec_adder_3_bit_4_74.dqdimacs,61,140
./benchmark_tests/original/Biere/adder_3_4/pec_adder_3_bit_4_74.dqdimacs,63,137
./benchmark_tests/original/Biere/adder_3_4/pec_adder_3_bit_4_74.dqdimacs,64,137
./benchmark_tests/original/Biere/adder_3_4/pec_adder_3_bit_4_74.dqdimacs,65,137
./benchmark_tests/original/Biere/adder_3_4/pec_adder_3_bit_4_74.dqdimacs,66,137
./benchmark_tests/original/Biere/adder_3_4/pec_adder_3_bit_4_74.dqdimacs,67,140
./benchmark_tests/original/Biere/adder_3_4/pec_adder_3_bit_4_74.dqdimacs,69,137
./benchmark_tests/original/Biere/adder_3_4/pec_adder_3_bit_4_74.dqdimacs,70,137
./benchmark_tests/original/Biere/adder_3_4/pec_adder_3_bit_4_74.dqdimacs,71,137
./benchmark_tests/original/Biere/adder_3_4/pec_adder_3_bit_4_74.dqdimacs,72,139
./benchmark_tests/original/Biere/adder_3_4/pec_adder_3_bit_4_74.dqdimacs,73,135
./benchmark_tests/original/Biere/adder_3_4/pec_adder_3_bit_4_74.dqdimacs,74,136
./benchmark_tests/original/Biere/adder_3_4/pec_adder_3_bit_4_74.dqdimacs,75,136
./benchmark_tests/original/Biere/adder_3_4/pec_adder_3_bit_4_74.dqdimacs,76,136
./benchmark_tests/original/Biere/adder_3_4/pec_adder_3_bit_4_74.dqdimacs,77,136
./benchmark_tests/original/Biere/adder_3_4/pec_adder_3_bit_4_74.dqdimacs,78,136
./benchmark_tests/original/Biere/adder_3_4/pec_adder_3_bit_4_74.dqdimacs,79,137
./benchmark_tests/original/Biere/adder_3_4/pec_adder_3_bit_4_74.dqdimacs,80,137
./benchmark_tests/original/Biere/adder_3_4/pec_adder_3_bit_4_74.dqdimacs,81,137
./benchmark_tests/original/Biere/adder_3_4/pec_adder_3_bit_4_74.dqdimacs,82,136
./benchmark_tests/original/Biere/adder_3_4/pec_adder_3_bit_4_74.dqdimacs,83,137
./benchmark_tests/original/Biere/adder_3_4/pec_adder_3_bit_4_74.dqdimacs,84,137
./benchmark_tests/original/Biere/adder_3_4/pec_adder_3_bit_4_74.dqdimacs,85,137
./benchmark_tests/original/Biere/adder_3_4/pec_adder_3_bit_4_74.dqdimacs,86,137
./benchmark_tests/original/Biere/adder_3_4/pec_adder_3_bit_4_74.dqdimacs,87,137
./benchmark_tests/original/Biere/adder_3_4/pec_adder_3_bit_4_74.dqdimacs,88,139
./benchmark_tests/original/Biere/adder_3_4/pec_adder_3_bit_4_74.dqdimacs,89,138
./benchmark_tests/original/Biere/adder_3_4/pec_adder_3_bit_4_75.dqdimacs,4,279
./benchmark_tests/original/Biere/adder_3_4/pec_adder_3_bit_4_75.dqdimacs,5,230
./benchmark_tests/original/Biere/adder_3_4/pec_adder_3_bit_4_75.dqdimacs,6,231
./benchmark_tests/original/Biere/adder_3_4/pec_adder_3_bit_4_75.dqdimacs,10,230
./benchmark_tests/original/Biere/adder_3_4/pec_adder_3_bit_4_75.dqdimacs,11,230
./benchmark_tests/original/Biere/adder_3_4/pec_adder_3_bit_4_75.dqdimacs,12,231
./benchmark_tests/original/Biere/adder_3_4/pec_adder_3_bit_4_75.dqdimacs,13,222
./benchmark_tests/original/Biere/adder_3_4/pec_adder_3_bit_4_75.dqdimacs,17,199
./benchmark_tests/original/Biere/adder_3_4/pec_adder_3_bit_4_75.dqdimacs,18,176
./benchmark_tests/original/Biere/adder_3_4/pec_adder_3_bit_4_75.dqdimacs,19,156
./benchmark_tests/original/Biere/adder_3_4/pec_adder_3_bit_4_75.dqdimacs,20,140
./benchmark_tests/original/Biere/adder_3_4/pec_adder_3_bit_4_75.dqdimacs,22,127
./benchmark_tests/original/Biere/adder_3_4/pec_adder_3_bit_4_75.dqdimacs,23,123
./benchmark_tests/original/Biere/adder_3_4/pec_adder_3_bit_4_75.dqdimacs,24,124
./benchmark_tests/original/Biere/adder_3_4/pec_adder_3_bit_4_75.dqdimacs,25,124
./benchmark_tests/original/Biere/adder_3_4/pec_adder_3_bit_4_75.dqdimacs,26,123
./benchmark_tests/original/Biere/adder_3_4/pec_adder_3_bit_4_75.dqdimacs,27,125
./benchmark_tests/original/Biere/adder_3_4/pec_adder_3_bit_4_75.dqdimacs,29,123
./benchmark_tests/original/Biere/adder_3_4/pec_adder_3_bit_4_75.dqdimacs,30,124
./benchmark_tests/original/Biere/adder_3_4/pec_adder_3_bit_4_75.dqdimacs,31,124
./benchmark_tests/original/Biere/adder_3_4/pec_adder_3_bit_4_75.dqdimacs,32,125
./benchmark_tests/original/Biere/adder_3_4/pec_adder_3_bit_4_75.dqdimacs,34,123
./benchmark_tests/original/Biere/adder_3_4/pec_adder_3_bit_4_75.dqdimacs,35,124
./benchmark_tests/original/Biere/adder_3_4/pec_adder_3_bit_4_75.dqdimacs,36,125
./benchmark_tests/original/Biere/adder_3_4/pec_adder_3_bit_4_75.dqdimacs,38,124
./benchmark_tests/original/Biere/adder_3_4/pec_adder_3_bit_4_75.dqdimacs,39,124
./benchmark_tests/original/Biere/adder_3_4/pec_adder_3_bit_4_75.dqdimacs,40,125
./benchmark_tests/original/Biere/adder_3_4/pec_adder_3_bit_4_75.dqdimacs,42,123
./benchmark_tests/original/Biere/adder_3_4/pec_adder_3_bit_4_75.dqdimacs,43,123
./benchmark_tests/original/Biere/adder_3_4/pec_adder_3_bit_4_75.dqdimacs,44,124
./benchmark_tests/original/Biere/adder_3_4/pec_adder_3_bit_4_75.dqdimacs,46,123
./benchmark_tests/original/Biere/adder_3_4/pec_adder_3_bit_4_75.dqdimacs,47,123
./benchmark_tests/original/Biere/adder_3_4/pec_adder_3_bit_4_75.dqdimacs,48,125
./benchmark_tests/original/Biere/adder_3_4/pec_adder_3_bit_4_75.dqdimacs,50,123
./benchmark_tests/original/Biere/adder_3_4/pec_adder_3_bit_4_75.dqdimacs,51,123
./benchmark_tests/original/Biere/adder_3_4/pec_adder_3_bit_4_75.dqdimacs,52,125
./benchmark_tests/original/Biere/adder_3_4/pec_adder_3_bit_4_75.dqdimacs,54,123
./benchmark_tests/original/Biere/adder_3_4/pec_adder_3_bit_4_75.dqdimacs,55,123
./benchmark_tests/original/Biere/adder_3_4/pec_adder_3_bit_4_75.dqdimacs,56,123
./benchmark_tests/original/Biere/adder_3_4/pec_adder_3_bit_4_75.dqdimacs,57,123
./benchmark_tests/original/Biere/adder_3_4/pec_adder_3_bit_4_75.dqdimacs,58,124
./benchmark_tests/original/Biere/adder_3_4/pec_adder_3_bit_4_75.dqdimacs,60,123
./benchmark_tests/original/Biere/adder_3_4/pec_adder_3_bit_4_75.dqdimacs,61,123
./benchmark_tests/original/Biere/adder_3_4/pec_adder_3_bit_4_75.dqdimacs,62,123
./benchmark_tests/original/Biere/adder_3_4/pec_adder_3_bit_4_75.dqdimacs,63,125
./benchmark_tests/original/Biere/adder_3_4/pec_adder_3_bit_4_75.dqdimacs,65,123
./benchmark_tests/original/Biere/adder_3_4/pec_adder_3_bit_4_75.dqdimacs,66,123
./benchmark_tests/original/Biere/adder_3_4/pec_adder_3_bit_4_75.dqdimacs,67,123
./benchmark_tests/original/Biere/adder_3_4/pec_adder_3_bit_4_75.dqdimacs,68,124
./benchmark_tests/original/Biere/adder_3_4/pec_adder_3_bit_4_75.dqdimacs,69,123
./benchmark_tests/original/Biere/adder_3_4/pec_adder_3_bit_4_75.dqdimacs,70,123
./benchmark_tests/original/Biere/adder_3_4/pec_adder_3_bit_4_75.dqdimacs,71,123
./benchmark_tests/original/Biere/adder_3_4/pec_adder_3_bit_4_75.dqdimacs,72,123
./benchmark_tests/original/Biere/adder_3_4/pec_adder_3_bit_4_75.dqdimacs,73,124
./benchmark_tests/original/Biere/adder_3_4/pec_adder_3_bit_4_75.dqdimacs,74,122
./benchmark_tests/original/Biere/adder_3_4/pec_adder_3_bit_4_75.dqdimacs,75,123
./benchmark_tests/original/Biere/adder_3_4/pec_adder_3_bit_4_75.dqdimacs,76,123
./benchmark_tests/original/Biere/adder_3_4/pec_adder_3_bit_4_75.dqdimacs,77,123
./benchmark_tests/original/Biere/adder_3_4/pec_adder_3_bit_4_75.dqdimacs,78,123
./benchmark_tests/original/Biere/adder_3_4/pec_adder_3_bit_4_75.dqdimacs,79,123
./benchmark_tests/original/Biere/adder_3_4/pec_adder_3_bit_4_75.dqdimacs,80,122
./benchmark_tests/original/Biere/adder_3_4/pec_adder_3_bit_4_75.dqdimacs,81,123
./benchmark_tests/original/Biere/adder_3_4/pec_adder_3_bit_4_75.dqdimacs,82,122
./benchmark_tests/original/Biere/adder_3_4/pec_adder_3_bit_4_75.dqdimacs,83,122
./benchmark_tests/original/Biere/adder_3_4/pec_adder_3_bit_4_75.dqdimacs,84,123
./benchmark_tests/original/Biere/adder_3_4/pec_adder_3_bit_4_75.dqdimacs,85,122
./benchmark_tests/original/Biere/adder_3_4/pec_adder_3_bit_4_76.dqdimacs,4,255
./benchmark_tests/original/Biere/adder_3_4/pec_adder_3_bit_4_76.dqdimacs,5,208
./benchmark_tests/original/Biere/adder_3_4/pec_adder_3_bit_4_76.dqdimacs,6,206
./benchmark_tests/original/Biere/adder_3_4/pec_adder_3_bit_4_76.dqdimacs,10,207
./benchmark_tests/original/Biere/adder_3_4/pec_adder_3_bit_4_76.dqdimacs,11,207
./benchmark_tests/original/Biere/adder_3_4/pec_adder_3_bit_4_76.dqdimacs,12,208
./benchmark_tests/original/Biere/adder_3_4/pec_adder_3_bit_4_76.dqdimacs,13,205
./benchmark_tests/original/Biere/adder_3_4/pec_adder_3_bit_4_76.dqdimacs,17,194
./benchmark_tests/original/Biere/adder_3_4/pec_adder_3_bit_4_76.dqdimacs,18,176
./benchmark_tests/original/Biere/adder_3_4/pec_adder_3_bit_4_76.dqdimacs,19,157
./benchmark_tests/original/Biere/adder_3_4/pec_adder_3_bit_4_76.dqdimacs,20,141
./benchmark_tests/original/Biere/adder_3_4/pec_adder_3_bit_4_76.dqdimacs,22,127
./benchmark_tests/original/Biere/adder_3_4/pec_adder_3_bit_4_76.dqdimacs,23,117
./benchmark_tests/original/Biere/adder_3_4/pec_adder_3_bit_4_76.dqdimacs,24,111
./benchmark_tests/original/Biere/adder_3_4/pec_adder_3_bit_4_76.dqdimacs,25,111
./benchmark_tests/original/Biere/adder_3_4/pec_adder_3_bit_4_76.dqdimacs,26,111
./benchmark_tests/original/Biere/adder_3_4/pec_adder_3_bit_4_76.dqdimacs,27,111
./benchmark_tests/original/Biere/adder_3_4/pec_adder_3_bit_4_76.dqdimacs,29,109
./benchmark_tests/original/Biere/adder_3_4/pec_adder_3_bit_4_76.dqdimacs,30,109
./benchmark_tests/original/Biere/adder_3_4/pec_adder_3_bit_4_76.dqdimacs,31,112
./benchmark_tests/original/Biere/adder_3_4/pec_adder_3_bit_4_76.dqdimacs,33,111
./benchmark_tests/original/Biere/adder_3_4/pec_adder_3_bit_4_76.dqdimacs,34,110
./benchmark_tests/original/Biere/adder_3_4/pec_adder_3_bit_4_76.dqdimacs,35,113
./benchmark_tests/original/Biere/adder_3_4/pec_adder_3_bit_4_76.dqdimacs,37,110
./benchmark_tests/original/Biere/adder_3_4/pec_adder_3_bit_4_76.dqdimacs,38,110
./benchmark_tests/original/Biere/adder_3_4/pec_adder_3_bit_4_76.dqdimacs,39,112
./benchmark_tests/original/Biere/adder_3_4/pec_adder_3_bit_4_76.dqdimacs,41,110
./benchmark_tests/original/Biere/adder_3_4/pec_adder_3_bit_4_76.dqdimacs,42,110
./benchmark_tests/original/Biere/adder_3_4/pec_adder_3_bit_4_76.dqdimacs,43,112
./benchmark_tests/original/Biere/adder_3_4/pec_adder_3_bit_4_76.dqdimacs,45,110
./benchmark_tests/original/Biere/adder_3_4/pec_adder_3_bit_4_76.dqdimacs,46,110
./benchmark_tests/original/Biere/adder_3_4/pec_adder_3_bit_4_76.dqdimacs,47,112
./benchmark_tests/original/Biere/adder_3_4/pec_adder_3_bit_4_76.dqdimacs,49,109
./benchmark_tests/original/Biere/adder_3_4/pec_adder_3_bit_4_76.dqdimacs,50,109
./benchmark_tests/original/Biere/adder_3_4/pec_adder_3_bit_4_76.dqdimacs,51,109
./benchmark_tests/original/Biere/adder_3_4/pec_adder_3_bit_4_76.dqdimacs,52,114
./benchmark_tests/original/Biere/adder_3_4/pec_adder_3_bit_4_76.dqdimacs,54,110
./benchmark_tests/original/Biere/adder_3_4/pec_adder_3_bit_4_76.dqdimacs,55,109
./benchmark_tests/original/Biere/adder_3_4/pec_adder_3_bit_4_76.dqdimacs,56,109
./benchmark_tests/original/Biere/adder_3_4/pec_adder_3_bit_4_76.dqdimacs,57,111
./benchmark_tests/original/Biere/adder_3_4/pec_adder_3_bit_4_76.dqdimacs,58,109
./benchmark_tests/original/Biere/adder_3_4/pec_adder_3_bit_4_76.dqdimacs,59,109
./benchmark_tests/original/Biere/adder_3_4/pec_adder_3_bit_4_76.dqdimacs,60,109
./benchmark_tests/original/Biere/adder_3_4/pec_adder_3_bit_4_76.dqdimacs,61,110
./benchmark_tests/original/Biere/adder_3_4/pec_adder_3_bit_4_76.dqdimacs,62,110
./benchmark_tests/original/Biere/adder_3_4/pec_adder_3_bit_4_76.dqdimacs,63,110
./benchmark_tests/original/Biere/adder_3_4/pec_adder_3_bit_4_76.dqdimacs,64,110
./benchmark_tests/original/Biere/adder_3_4/pec_adder_3_bit_4_76.dqdimacs,65,110
./benchmark_tests/original/Biere/adder_3_4/pec_adder_3_bit_4_76.dqdimacs,66,110
./benchmark_tests/original/Biere/adder_3_4/pec_adder_3_bit_4_76.dqdimacs,67,110
./benchmark_tests/original/Biere/adder_3_4/pec_adder_3_bit_4_76.dqdimacs,68,111
./benchmark_tests/original/Biere/adder_3_4/pec_adder_3_bit_4_76.dqdimacs,69,111
./benchmark_tests/original/Biere/adder_3_4/pec_adder_3_bit_4_76.dqdimacs,70,111
./benchmark_tests/original/Biere/adder_3_4/pec_adder_3_bit_4_76.dqdimacs,71,111
./benchmark_tests/original/Biere/adder_3_4/pec_adder_3_bit_4_76.dqdimacs,72,110
./benchmark_tests/original/Biere/adder_3_4/pec_adder_3_bit_4_76.dqdimacs,73,111
./benchmark_tests/original/Biere/adder_3_4/pec_adder_3_bit_4_76.dqdimacs,74,110
./benchmark_tests/original/Biere/adder_3_4/pec_adder_3_bit_4_76.dqdimacs,75,111
./benchmark_tests/original/Biere/adder_3_4/pec_adder_3_bit_4_76.dqdimacs,76,111
./benchmark_tests/original/Biere/adder_3_4/pec_adder_3_bit_4_76.dqdimacs,77,110
./benchmark_tests/original/Biere/adder_3_4/pec_adder_3_bit_4_77.dqdimacs,4,208
./benchmark_tests/original/Biere/adder_3_4/pec_adder_3_bit_4_77.dqdimacs,5,158
./benchmark_tests/original/Biere/adder_3_4/pec_adder_3_bit_4_77.dqdimacs,6,158
./benchmark_tests/original/Biere/adder_3_4/pec_adder_3_bit_4_77.dqdimacs,10,158
./benchmark_tests/original/Biere/adder_3_4/pec_adder_3_bit_4_77.dqdimacs,11,158
./benchmark_tests/original/Biere/adder_3_4/pec_adder_3_bit_4_77.dqdimacs,12,158
./benchmark_tests/original/Biere/adder_3_4/pec_adder_3_bit_4_77.dqdimacs,13,158
./benchmark_tests/original/Biere/adder_3_4/pec_adder_3_bit_4_77.dqdimacs,17,157
./benchmark_tests/original/Biere/adder_3_4/pec_adder_3_bit_4_77.dqdimacs,18,157
./benchmark_tests/original/Biere/adder_3_4/pec_adder_3_bit_4_77.dqdimacs,19,151
./benchmark_tests/original/Biere/adder_3_4/pec_adder_3_bit_4_77.dqdimacs,20,143
./benchmark_tests/original/Biere/adder_3_4/pec_adder_3_bit_4_77.dqdimacs,22,130
./benchmark_tests/original/Biere/adder_3_4/pec_adder_3_bit_4_77.dqdimacs,23,120
./benchmark_tests/original/Biere/adder_3_4/pec_adder_3_bit_4_77.dqdimacs,24,110
./benchmark_tests/original/Biere/adder_3_4/pec_adder_3_bit_4_77.dqdimacs,25,102
./benchmark_tests/original/Biere/adder_3_4/pec_adder_3_bit_4_77.dqdimacs,26,95
./benchmark_tests/original/Biere/adder_3_4/pec_adder_3_bit_4_77.dqdimacs,27,90
./benchmark_tests/original/Biere/adder_3_4/pec_adder_3_bit_4_77.dqdimacs,29,85
./benchmark_tests/original/Biere/adder_3_4/pec_adder_3_bit_4_77.dqdimacs,30,85
./benchmark_tests/original/Biere/adder_3_4/pec_adder_3_bit_4_77.dqdimacs,31,87
./benchmark_tests/original/Biere/adder_3_4/pec_adder_3_bit_4_77.dqdimacs,33,85
./benchmark_tests/original/Biere/adder_3_4/pec_adder_3_bit_4_77.dqdimacs,34,85
./benchmark_tests/original/Biere/adder_3_4/pec_adder_3_bit_4_77.dqdimacs,35,88
./benchmark_tests/original/Biere/adder_3_4/pec_adder_3_bit_4_77.dqdimacs,37,85
./benchmark_tests/original/Biere/adder_3_4/pec_adder_3_bit_4_77.dqdimacs,38,85
./benchmark_tests/original/Biere/adder_3_4/pec_adder_3_bit_4_77.dqdimacs,39,85
./benchmark_tests/original/Biere/adder_3_4/pec_adder_3_bit_4_77.dqdimacs,40,86
./benchmark_tests/original/Biere/adder_3_4/pec_adder_3_bit_4_77.dqdimacs,42,85
./benchmark_tests/original/Biere/adder_3_4/pec_adder_3_bit_4_77.dqdimacs,43,86
./benchmark_tests/original/Biere/adder_3_4/pec_adder_3_bit_4_77.dqdimacs,44,85
./benchmark_tests/original/Biere/adder_3_4/pec_adder_3_bit_4_77.dqdimacs,46,84
./benchmark_tests/original/Biere/adder_3_4/pec_adder_3_bit_4_77.dqdimacs,47,84
./benchmark_tests/original/Biere/adder_3_4/pec_adder_3_bit_4_77.dqdimacs,48,86
./benchmark_tests/original/Biere/adder_3_4/pec_adder_3_bit_4_77.dqdimacs,50,84
./benchmark_tests/original/Biere/adder_3_4/pec_adder_3_bit_4_77.dqdimacs,51,85
./benchmark_tests/original/Biere/adder_3_4/pec_adder_3_bit_4_77.dqdimacs,52,85
./benchmark_tests/original/Biere/adder_3_4/pec_adder_3_bit_4_77.dqdimacs,53,85
./benchmark_tests/original/Biere/adder_3_4/pec_adder_3_bit_4_77.dqdimacs,54,86
./benchmark_tests/original/Biere/adder_3_4/pec_adder_3_bit_4_77.dqdimacs,56,85
./benchmark_tests/original/Biere/adder_3_4/pec_adder_3_bit_4_77.dqdimacs,57,85
./benchmark_tests/original/Biere/adder_3_4/pec_adder_3_bit_4_77.dqdimacs,58,87
./benchmark_tests/original/Biere/adder_3_4/pec_adder_3_bit_4_77.dqdimacs,60,85
./benchmark_tests/original/Biere/adder_3_4/pec_adder_3_bit_4_77.dqdimacs,61,85
./benchmark_tests/original/Biere/adder_3_4/pec_adder_3_bit_4_77.dqdimacs,62,87
./benchmark_tests/original/Biere/adder_3_4/pec_adder_3_bit_4_77.dqdimacs,64,85
./benchmark_tests/original/Biere/adder_3_4/pec_adder_3_bit_4_77.dqdimacs,65,85
./benchmark_tests/original/Biere/adder_3_4/pec_adder_3_bit_4_77.dqdimacs,66,87
./benchmark_tests/original/Biere/adder_3_4/pec_adder_3_bit_4_77.dqdimacs,67,85
./benchmark_tests/original/Biere/adder_3_4/pec_adder_3_bit_4_77.dqdimacs,68,85
./benchmark_tests/original/Biere/adder_3_4/pec_adder_3_bit_4_77.dqdimacs,69,85
./benchmark_tests/original/Biere/adder_3_4/pec_adder_3_bit_4_77.dqdimacs,70,85
./benchmark_tests/original/Biere/adder_3_4/pec_adder_3_bit_4_77.dqdimacs,71,85
./benchmark_tests/original/Biere/adder_3_4/pec_adder_3_bit_4_77.dqdimacs,72,85
./benchmark_tests/original/Biere/adder_3_4/pec_adder_3_bit_4_77.dqdimacs,73,85
./benchmark_tests/original/Biere/adder_3_4/pec_adder_3_bit_4_77.dqdimacs,74,85
./benchmark_tests/original/Biere/adder_3_4/pec_adder_3_bit_4_77.dqdimacs,75,85
./benchmark_tests/original/Biere/adder_3_4/pec_adder_3_bit_4_77.dqdimacs,76,85
./benchmark_tests/original/Biere/adder_3_4/pec_adder_3_bit_4_77.dqdimacs,77,85
./benchmark_tests/original/Biere/adder_3_4/pec_adder_3_bit_4_77.dqdimacs,78,85
./benchmark_tests/original/Biere/adder_3_4/pec_adder_3_bit_4_77.dqdimacs,79,85
./benchmark_tests/original/Biere/adder_3_4/pec_adder_3_bit_4_77.dqdimacs,80,84
./benchmark_tests/original/Biere/adder_3_4/pec_adder_3_bit_4_77.dqdimacs,81,84
./benchmark_tests/original/Biere/adder_3_4/pec_adder_3_bit_4_77.dqdimacs,82,85
./benchmark_tests/original/Biere/adder_3_4/pec_adder_3_bit_4_77.dqdimacs,83,85
./benchmark_tests/original/Biere/adder_3_4/pec_adder_3_bit_4_77.dqdimacs,84,84
./benchmark_tests/original/Biere/adder_3_4/pec_adder_3_bit_4_77.dqdimacs,85,84
./benchmark_tests/original/Biere/adder_3_4/pec_adder_3_bit_4_78.dqdimacs,4,668
./benchmark_tests/original/Biere/adder_3_4/pec_adder_3_bit_4_78.dqdimacs,5,628
./benchmark_tests/original/Biere/adder_3_4/pec_adder_3_bit_4_78.dqdimacs,6,582
./benchmark_tests/original/Biere/adder_3_4/pec_adder_3_bit_4_78.dqdimacs,10,425
./benchmark_tests/original/Biere/adder_3_4/pec_adder_3_bit_4_78.dqdimacs,11,337
./benchmark_tests/original/Biere/adder_3_4/pec_adder_3_bit_4_78.dqdimacs,12,325
./benchmark_tests/original/Biere/adder_3_4/pec_adder_3_bit_4_78.dqdimacs,13,332
./benchmark_tests/original/Biere/adder_3_4/pec_adder_3_bit_4_78.dqdimacs,17,332
./benchmark_tests/original/Biere/adder_3_4/pec_adder_3_bit_4_78.dqdimacs,18,326
./benchmark_tests/original/Biere/adder_3_4/pec_adder_3_bit_4_78.dqdimacs,19,325
./benchmark_tests/original/Biere/adder_3_4/pec_adder_3_bit_4_78.dqdimacs,20,324
./benchmark_tests/original/Biere/adder_3_4/pec_adder_3_bit_4_78.dqdimacs,22,319
./benchmark_tests/original/Biere/adder_3_4/pec_adder_3_bit_4_78.dqdimacs,23,317
./benchmark_tests/original/Biere/adder_3_4/pec_adder_3_bit_4_78.dqdimacs,24,317
./benchmark_tests/original/Biere/adder_3_4/pec_adder_3_bit_4_78.dqdimacs,25,317
./benchmark_tests/original/Biere/adder_3_4/pec_adder_3_bit_4_78.dqdimacs,26,318
./benchmark_tests/original/Biere/adder_3_4/pec_adder_3_bit_4_78.dqdimacs,27,320
./benchmark_tests/original/Biere/adder_3_4/pec_adder_3_bit_4_78.dqdimacs,29,318
./benchmark_tests/original/Biere/adder_3_4/pec_adder_3_bit_4_78.dqdimacs,30,317
./benchmark_tests/original/Biere/adder_3_4/pec_adder_3_bit_4_78.dqdimacs,31,315
./benchmark_tests/original/Biere/adder_3_4/pec_adder_3_bit_4_78.dqdimacs,33,313
./benchmark_tests/original/Biere/adder_3_4/pec_adder_3_bit_4_78.dqdimacs,34,313
./benchmark_tests/original/Biere/adder_3_4/pec_adder_3_bit_4_78.dqdimacs,35,316
./benchmark_tests/original/Biere/adder_3_4/pec_adder_3_bit_4_78.dqdimacs,37,313
./benchmark_tests/original/Biere/adder_3_4/pec_adder_3_bit_4_78.dqdimacs,38,316
./benchmark_tests/original/Biere/adder_3_4/pec_adder_3_bit_4_78.dqdimacs,39,324
./benchmark_tests/original/Biere/adder_3_4/pec_adder_3_bit_4_78.dqdimacs,40,329
./benchmark_tests/original/Biere/adder_3_4/pec_adder_3_bit_4_78.dqdimacs,42,331
./benchmark_tests/original/Biere/adder_3_4/pec_adder_3_bit_4_78.dqdimacs,43,323
./benchmark_tests/original/Biere/adder_3_4/pec_adder_3_bit_4_78.dqdimacs,44,322
./benchmark_tests/original/Biere/adder_3_4/pec_adder_3_bit_4_78.dqdimacs,46,326
./benchmark_tests/original/Biere/adder_3_4/pec_adder_3_bit_4_78.dqdimacs,47,326
./benchmark_tests/original/Biere/adder_3_4/pec_adder_3_bit_4_78.dqdimacs,48,327
./benchmark_tests/original/Biere/adder_3_4/pec_adder_3_bit_4_78.dqdimacs,49,325
./benchmark_tests/original/Biere/adder_3_4/pec_adder_3_bit_4_78.dqdimacs,50,329
./benchmark_tests/original/Biere/adder_3_4/pec_adder_3_bit_4_78.dqdimacs,52,326
./benchmark_tests/original/Biere/adder_3_4/pec_adder_3_bit_4_78.dqdimacs,53,327
./benchmark_tests/original/Biere/adder_3_4/pec_adder_3_bit_4_78.dqdimacs,54,320
./benchmark_tests/original/Biere/adder_3_4/pec_adder_3_bit_4_78.dqdimacs,55,329
./benchmark_tests/original/Biere/adder_3_4/pec_adder_3_bit_4_78.dqdimacs,57,320
./benchmark_tests/original/Biere/adder_3_4/pec_adder_3_bit_4_78.dqdimacs,58,327
./benchmark_tests/original/Biere/adder_3_4/pec_adder_3_bit_4_78.dqdimacs,59,326
./benchmark_tests/original/Biere/adder_3_4/pec_adder_3_bit_4_78.dqdimacs,60,329
./benchmark_tests/original/Biere/adder_3_4/pec_adder_3_bit_4_78.dqdimacs,61,324
./benchmark_tests/original/Biere/adder_3_4/pec_adder_3_bit_4_78.dqdimacs,62,325
./benchmark_tests/original/Biere/adder_3_4/pec_adder_3_bit_4_78.dqdimacs,63,325
./benchmark_tests/original/Biere/adder_3_4/pec_adder_3_bit_4_78.dqdimacs,64,326
./benchmark_tests/original/Biere/adder_3_4/pec_adder_3_bit_4_78.dqdimacs,65,324
./benchmark_tests/original/Biere/adder_3_4/pec_adder_3_bit_4_78.dqdimacs,66,324
./benchmark_tests/original/Biere/adder_3_4/pec_adder_3_bit_4_78.dqdimacs,67,323
./benchmark_tests/original/Biere/adder_3_4/pec_adder_3_bit_4_78.dqdimacs,68,325
./benchmark_tests/original/Biere/adder_3_4/pec_adder_3_bit_4_78.dqdimacs,69,321
./benchmark_tests/original/Biere/adder_3_4/pec_adder_3_bit_4_78.dqdimacs,70,322
./benchmark_tests/original/Biere/adder_3_4/pec_adder_3_bit_4_78.dqdimacs,71,323
./benchmark_tests/original/Biere/adder_3_4/pec_adder_3_bit_4_78.dqdimacs,72,326
./benchmark_tests/original/Biere/adder_3_4/pec_adder_3_bit_4_78.dqdimacs,73,324
./benchmark_tests/original/Biere/adder_3_4/pec_adder_3_bit_4_78.dqdimacs,74,320
./benchmark_tests/original/Biere/adder_3_4/pec_adder_3_bit_4_78.dqdimacs,75,321
./benchmark_tests/original/Biere/adder_3_4/pec_adder_3_bit_4_78.dqdimacs,76,323
./benchmark_tests/original/Biere/adder_3_4/pec_adder_3_bit_4_78.dqdimacs,77,323
./benchmark_tests/original/Biere/adder_3_4/pec_adder_3_bit_4_79.dqdimacs,4,268
./benchmark_tests/original/Biere/adder_3_4/pec_adder_3_bit_4_79.dqdimacs,5,216
./benchmark_tests/original/Biere/adder_3_4/pec_adder_3_bit_4_79.dqdimacs,6,221
./benchmark_tests/original/Biere/adder_3_4/pec_adder_3_bit_4_79.dqdimacs,10,220
./benchmark_tests/original/Biere/adder_3_4/pec_adder_3_bit_4_79.dqdimacs,11,220
./benchmark_tests/original/Biere/adder_3_4/pec_adder_3_bit_4_79.dqdimacs,12,219
./benchmark_tests/original/Biere/adder_3_4/pec_adder_3_bit_4_79.dqdimacs,13,216
./benchmark_tests/original/Biere/adder_3_4/pec_adder_3_bit_4_79.dqdimacs,17,197
./benchmark_tests/original/Biere/adder_3_4/pec_adder_3_bit_4_79.dqdimacs,18,174
./benchmark_tests/original/Biere/adder_3_4/pec_adder_3_bit_4_79.dqdimacs,19,152
./benchmark_tests/original/Biere/adder_3_4/pec_adder_3_bit_4_79.dqdimacs,20,139
./benchmark_tests/original/Biere/adder_3_4/pec_adder_3_bit_4_79.dqdimacs,22,127
./benchmark_tests/original/Biere/adder_3_4/pec_adder_3_bit_4_79.dqdimacs,23,115
./benchmark_tests/original/Biere/adder_3_4/pec_adder_3_bit_4_79.dqdimacs,24,116
./benchmark_tests/original/Biere/adder_3_4/pec_adder_3_bit_4_79.dqdimacs,25,116
./benchmark_tests/original/Biere/adder_3_4/pec_adder_3_bit_4_79.dqdimacs,26,115
./benchmark_tests/original/Biere/adder_3_4/pec_adder_3_bit_4_79.dqdimacs,27,117
./benchmark_tests/original/Biere/adder_3_4/pec_adder_3_bit_4_79.dqdimacs,29,116
./benchmark_tests/original/Biere/adder_3_4/pec_adder_3_bit_4_79.dqdimacs,30,115
./benchmark_tests/original/Biere/adder_3_4/pec_adder_3_bit_4_79.dqdimacs,31,118
./benchmark_tests/original/Biere/adder_3_4/pec_adder_3_bit_4_79.dqdimacs,33,116
./benchmark_tests/original/Biere/adder_3_4/pec_adder_3_bit_4_79.dqdimacs,34,115
./benchmark_tests/original/Biere/adder_3_4/pec_adder_3_bit_4_79.dqdimacs,35,118
./benchmark_tests/original/Biere/adder_3_4/pec_adder_3_bit_4_79.dqdimacs,37,115
./benchmark_tests/original/Biere/adder_3_4/pec_adder_3_bit_4_79.dqdimacs,38,114
./benchmark_tests/original/Biere/adder_3_4/pec_adder_3_bit_4_79.dqdimacs,39,114
./benchmark_tests/original/Biere/adder_3_4/pec_adder_3_bit_4_79.dqdimacs,40,114
./benchmark_tests/original/Biere/adder_3_4/pec_adder_3_bit_4_79.dqdimacs,41,114
./benchmark_tests/original/Biere/adder_3_4/pec_adder_3_bit_4_79.dqdimacs,42,114
./benchmark_tests/original/Biere/adder_3_4/pec_adder_3_bit_4_79.dqdimacs,43,115
./benchmark_tests/original/Biere/adder_3_4/pec_adder_3_bit_4_79.dqdimacs,45,113
./benchmark_tests/original/Biere/adder_3_4/pec_adder_3_bit_4_79.dqdimacs,46,115
./benchmark_tests/original/Biere/adder_3_4/pec_adder_3_bit_4_79.dqdimacs,47,117
./benchmark_tests/original/Biere/adder_3_4/pec_adder_3_bit_4_79.dqdimacs,49,115
./benchmark_tests/original/Biere/adder_3_4/pec_adder_3_bit_4_79.dqdimacs,50,116
./benchmark_tests/original/Biere/adder_3_4/pec_adder_3_bit_4_79.dqdimacs,51,116
./benchmark_tests/original/Biere/adder_3_4/pec_adder_3_bit_4_79.dqdimacs,52,114
./benchmark_tests/original/Biere/adder_3_4/pec_adder_3_bit_4_79.dqdimacs,53,114
./benchmark_tests/original/Biere/adder_3_4/pec_adder_3_bit_4_79.dqdimacs,54,115
./benchmark_tests/original/Biere/adder_3_4/pec_adder_3_bit_4_79.dqdimacs,55,115
./benchmark_tests/original/Biere/adder_3_4/pec_adder_3_bit_4_79.dqdimacs,56,116
./benchmark_tests/original/Biere/adder_3_4/pec_adder_3_bit_4_79.dqdimacs,57,116
./benchmark_tests/original/Biere/adder_3_4/pec_adder_3_bit_4_79.dqdimacs,58,116
./benchmark_tests/original/Biere/adder_3_4/pec_adder_3_bit_4_79.dqdimacs,59,116
./benchmark_tests/original/Biere/adder_3_4/pec_adder_3_bit_4_79.dqdimacs,60,116
./benchmark_tests/original/Biere/adder_3_4/pec_adder_3_bit_4_79.dqdimacs,61,115
./benchmark_tests/original/Biere/adder_3_4/pec_adder_3_bit_4_79.dqdimacs,62,113
./benchmark_tests/original/Biere/adder_3_4/pec_adder_3_bit_4_79.dqdimacs,63,115
./benchmark_tests/original/Biere/adder_3_4/pec_adder_3_bit_4_79.dqdimacs,64,116
./benchmark_tests/original/Biere/adder_3_4/pec_adder_3_bit_4_79.dqdimacs,65,116
./benchmark_tests/original/Biere/adder_3_4/pec_adder_3_bit_4_79.dqdimacs,66,115
./benchmark_tests/original/Biere/adder_3_4/pec_adder_3_bit_4_79.dqdimacs,67,116
./benchmark_tests/original/Biere/adder_3_4/pec_adder_3_bit_4_79.dqdimacs,68,116
./benchmark_tests/original/Biere/adder_3_4/pec_adder_3_bit_4_79.dqdimacs,69,115
./benchmark_tests/original/Biere/adder_3_4/pec_adder_3_bit_4_79.dqdimacs,70,116
./benchmark_tests/original/Biere/adder_3_4/pec_adder_3_bit_4_79.dqdimacs,71,116
./benchmark_tests/original/Biere/adder_3_4/pec_adder_3_bit_4_7.dqdimacs,4,289
./benchmark_tests/original/Biere/adder_3_4/pec_adder_3_bit_4_7.dqdimacs,5,242
./benchmark_tests/original/Biere/adder_3_4/pec_adder_3_bit_4_7.dqdimacs,6,238
./benchmark_tests/original/Biere/adder_3_4/pec_adder_3_bit_4_7.dqdimacs,10,238
./benchmark_tests/original/Biere/adder_3_4/pec_adder_3_bit_4_7.dqdimacs,11,240
./benchmark_tests/original/Biere/adder_3_4/pec_adder_3_bit_4_7.dqdimacs,12,239
./benchmark_tests/original/Biere/adder_3_4/pec_adder_3_bit_4_7.dqdimacs,13,223
./benchmark_tests/original/Biere/adder_3_4/pec_adder_3_bit_4_7.dqdimacs,17,198
./benchmark_tests/original/Biere/adder_3_4/pec_adder_3_bit_4_7.dqdimacs,18,175
./benchmark_tests/original/Biere/adder_3_4/pec_adder_3_bit_4_7.dqdimacs,19,155
./benchmark_tests/original/Biere/adder_3_4/pec_adder_3_bit_4_7.dqdimacs,20,139
./benchmark_tests/original/Biere/adder_3_4/pec_adder_3_bit_4_7.dqdimacs,22,127
./benchmark_tests/original/Biere/adder_3_4/pec_adder_3_bit_4_7.dqdimacs,23,126
./benchmark_tests/original/Biere/adder_3_4/pec_adder_3_bit_4_7.dqdimacs,24,128
./benchmark_tests/original/Biere/adder_3_4/pec_adder_3_bit_4_7.dqdimacs,25,125
./benchmark_tests/original/Biere/adder_3_4/pec_adder_3_bit_4_7.dqdimacs,26,126
./benchmark_tests/original/Biere/adder_3_4/pec_adder_3_bit_4_7.dqdimacs,27,128
./benchmark_tests/original/Biere/adder_3_4/pec_adder_3_bit_4_7.dqdimacs,29,126
./benchmark_tests/original/Biere/adder_3_4/pec_adder_3_bit_4_7.dqdimacs,30,127
./benchmark_tests/original/Biere/adder_3_4/pec_adder_3_bit_4_7.dqdimacs,31,129
./benchmark_tests/original/Biere/adder_3_4/pec_adder_3_bit_4_7.dqdimacs,33,127
./benchmark_tests/original/Biere/adder_3_4/pec_adder_3_bit_4_7.dqdimacs,34,126
./benchmark_tests/original/Biere/adder_3_4/pec_adder_3_bit_4_7.dqdimacs,35,127
./benchmark_tests/original/Biere/adder_3_4/pec_adder_3_bit_4_7.dqdimacs,36,128
./benchmark_tests/original/Biere/adder_3_4/pec_adder_3_bit_4_7.dqdimacs,38,126
./benchmark_tests/original/Biere/adder_3_4/pec_adder_3_bit_4_7.dqdimacs,39,126
./benchmark_tests/original/Biere/adder_3_4/pec_adder_3_bit_4_7.dqdimacs,40,127
./benchmark_tests/original/Biere/adder_3_4/pec_adder_3_bit_4_7.dqdimacs,41,128
./benchmark_tests/original/Biere/adder_3_4/pec_adder_3_bit_4_7.dqdimacs,43,126
./benchmark_tests/original/Biere/adder_3_4/pec_adder_3_bit_4_7.dqdimacs,44,127
./benchmark_tests/original/Biere/adder_3_4/pec_adder_3_bit_4_7.dqdimacs,45,126
./benchmark_tests/original/Biere/adder_3_4/pec_adder_3_bit_4_7.dqdimacs,46,127
./benchmark_tests/original/Biere/adder_3_4/pec_adder_3_bit_4_7.dqdimacs,47,127
./benchmark_tests/original/Biere/adder_3_4/pec_adder_3_bit_4_7.dqdimacs,48,128
./benchmark_tests/original/Biere/adder_3_4/pec_adder_3_bit_4_7.dqdimacs,50,127
./benchmark_tests/original/Biere/adder_3_4/pec_adder_3_bit_4_7.dqdimacs,51,127
./benchmark_tests/original/Biere/adder_3_4/pec_adder_3_bit_4_7.dqdimacs,52,129
./benchmark_tests/original/Biere/adder_3_4/pec_adder_3_bit_4_7.dqdimacs,54,127
./benchmark_tests/original/Biere/adder_3_4/pec_adder_3_bit_4_7.dqdimacs,55,127
./benchmark_tests/original/Biere/adder_3_4/pec_adder_3_bit_4_7.dqdimacs,56,129
./benchmark_tests/original/Biere/adder_3_4/pec_adder_3_bit_4_7.dqdimacs,57,127
./benchmark_tests/original/Biere/adder_3_4/pec_adder_3_bit_4_7.dqdimacs,58,127
./benchmark_tests/original/Biere/adder_3_4/pec_adder_3_bit_4_7.dqdimacs,59,127
./benchmark_tests/original/Biere/adder_3_4/pec_adder_3_bit_4_7.dqdimacs,60,128
./benchmark_tests/original/Biere/adder_3_4/pec_adder_3_bit_4_7.dqdimacs,61,127
./benchmark_tests/original/Biere/adder_3_4/pec_adder_3_bit_4_7.dqdimacs,62,128
./benchmark_tests/original/Biere/adder_3_4/pec_adder_3_bit_4_7.dqdimacs,63,127
./benchmark_tests/original/Biere/adder_3_4/pec_adder_3_bit_4_7.dqdimacs,64,127
./benchmark_tests/original/Biere/adder_3_4/pec_adder_3_bit_4_7.dqdimacs,65,128
./benchmark_tests/original/Biere/adder_3_4/pec_adder_3_bit_4_7.dqdimacs,66,129
./benchmark_tests/original/Biere/adder_3_4/pec_adder_3_bit_4_7.dqdimacs,67,126
./benchmark_tests/original/Biere/adder_3_4/pec_adder_3_bit_4_7.dqdimacs,68,128
./benchmark_tests/original/Biere/adder_3_4/pec_adder_3_bit_4_7.dqdimacs,69,128
./benchmark_tests/original/Biere/adder_3_4/pec_adder_3_bit_4_7.dqdimacs,70,127
./benchmark_tests/original/Biere/adder_3_4/pec_adder_3_bit_4_7.dqdimacs,71,129
./benchmark_tests/original/Biere/adder_3_4/pec_adder_3_bit_4_7.dqdimacs,72,127
./benchmark_tests/original/Biere/adder_3_4/pec_adder_3_bit_4_7.dqdimacs,73,128
./benchmark_tests/original/Biere/adder_3_4/pec_adder_3_bit_4_7.dqdimacs,74,128
./benchmark_tests/original/Biere/adder_3_4/pec_adder_3_bit_4_80.dqdimacs,4,312
./benchmark_tests/original/Biere/adder_3_4/pec_adder_3_bit_4_80.dqdimacs,5,265
./benchmark_tests/original/Biere/adder_3_4/pec_adder_3_bit_4_80.dqdimacs,6,262
./benchmark_tests/original/Biere/adder_3_4/pec_adder_3_bit_4_80.dqdimacs,10,264
./benchmark_tests/original/Biere/adder_3_4/pec_adder_3_bit_4_80.dqdimacs,11,264
./benchmark_tests/original/Biere/adder_3_4/pec_adder_3_bit_4_80.dqdimacs,12,255
./benchmark_tests/original/Biere/adder_3_4/pec_adder_3_bit_4_80.dqdimacs,13,230
./benchmark_tests/original/Biere/adder_3_4/pec_adder_3_bit_4_80.dqdimacs,17,199
./benchmark_tests/original/Biere/adder_3_4/pec_adder_3_bit_4_80.dqdimacs,18,174
./benchmark_tests/original/Biere/adder_3_4/pec_adder_3_bit_4_80.dqdimacs,19,154
./benchmark_tests/original/Biere/adder_3_4/pec_adder_3_bit_4_80.dqdimacs,20,143
./benchmark_tests/original/Biere/adder_3_4/pec_adder_3_bit_4_80.dqdimacs,22,142
./benchmark_tests/original/Biere/adder_3_4/pec_adder_3_bit_4_80.dqdimacs,23,141
./benchmark_tests/original/Biere/adder_3_4/pec_adder_3_bit_4_80.dqdimacs,24,142
./benchmark_tests/original/Biere/adder_3_4/pec_adder_3_bit_4_80.dqdimacs,25,142
./benchmark_tests/original/Biere/adder_3_4/pec_adder_3_bit_4_80.dqdimacs,26,142
./benchmark_tests/original/Biere/adder_3_4/pec_adder_3_bit_4_80.dqdimacs,27,143
./benchmark_tests/original/Biere/adder_3_4/pec_adder_3_bit_4_80.dqdimacs,29,141
./benchmark_tests/original/Biere/adder_3_4/pec_adder_3_bit_4_80.dqdimacs,30,141
./benchmark_tests/original/Biere/adder_3_4/pec_adder_3_bit_4_80.dqdimacs,31,142
./benchmark_tests/original/Biere/adder_3_4/pec_adder_3_bit_4_80.dqdimacs,33,140
./benchmark_tests/original/Biere/adder_3_4/pec_adder_3_bit_4_80.dqdimacs,34,140
./benchmark_tests/original/Biere/adder_3_4/pec_adder_3_bit_4_80.dqdimacs,35,140
./benchmark_tests/original/Biere/adder_3_4/pec_adder_3_bit_4_80.dqdimacs,37,130
./benchmark_tests/original/Biere/adder_3_4/pec_adder_3_bit_4_80.dqdimacs,38,127
./benchmark_tests/original/Biere/adder_3_4/pec_adder_3_bit_4_80.dqdimacs,39,130
./benchmark_tests/original/Biere/adder_3_4/pec_adder_3_bit_4_80.dqdimacs,41,126
./benchmark_tests/original/Biere/adder_3_4/pec_adder_3_bit_4_80.dqdimacs,42,127
./benchmark_tests/original/Biere/adder_3_4/pec_adder_3_bit_4_80.dqdimacs,43,129
./benchmark_tests/original/Biere/adder_3_4/pec_adder_3_bit_4_80.dqdimacs,45,125
./benchmark_tests/original/Biere/adder_3_4/pec_adder_3_bit_4_80.dqdimacs,46,125
./benchmark_tests/original/Biere/adder_3_4/pec_adder_3_bit_4_80.dqdimacs,47,126
./benchmark_tests/original/Biere/adder_3_4/pec_adder_3_bit_4_80.dqdimacs,48,126
./benchmark_tests/original/Biere/adder_3_4/pec_adder_3_bit_4_80.dqdimacs,49,128
./benchmark_tests/original/Biere/adder_3_4/pec_adder_3_bit_4_80.dqdimacs,51,126
./benchmark_tests/original/Biere/adder_3_4/pec_adder_3_bit_4_80.dqdimacs,52,126
./benchmark_tests/original/Biere/adder_3_4/pec_adder_3_bit_4_80.dqdimacs,53,127
./benchmark_tests/original/Biere/adder_3_4/pec_adder_3_bit_4_80.dqdimacs,54,128
./benchmark_tests/original/Biere/adder_3_4/pec_adder_3_bit_4_80.dqdimacs,56,126
./benchmark_tests/original/Biere/adder_3_4/pec_adder_3_bit_4_80.dqdimacs,57,134
./benchmark_tests/original/Biere/adder_3_4/pec_adder_3_bit_4_80.dqdimacs,58,141
./benchmark_tests/original/Biere/adder_3_4/pec_adder_3_bit_4_80.dqdimacs,59,139
./benchmark_tests/original/Biere/adder_3_4/pec_adder_3_bit_4_80.dqdimacs,60,139
./benchmark_tests/original/Biere/adder_3_4/pec_adder_3_bit_4_80.dqdimacs,61,140
./benchmark_tests/original/Biere/adder_3_4/pec_adder_3_bit_4_80.dqdimacs,62,138
./benchmark_tests/original/Biere/adder_3_4/pec_adder_3_bit_4_80.dqdimacs,63,139
./benchmark_tests/original/Biere/adder_3_4/pec_adder_3_bit_4_80.dqdimacs,64,138
./benchmark_tests/original/Biere/adder_3_4/pec_adder_3_bit_4_80.dqdimacs,65,139
./benchmark_tests/original/Biere/adder_3_4/pec_adder_3_bit_4_80.dqdimacs,66,141
./benchmark_tests/original/Biere/adder_3_4/pec_adder_3_bit_4_80.dqdimacs,67,142
./benchmark_tests/original/Biere/adder_3_4/pec_adder_3_bit_4_80.dqdimacs,68,140
./benchmark_tests/original/Biere/adder_3_4/pec_adder_3_bit_4_80.dqdimacs,69,139
./benchmark_tests/original/Biere/adder_3_4/pec_adder_3_bit_4_80.dqdimacs,70,140
./benchmark_tests/original/Biere/adder_3_4/pec_adder_3_bit_4_80.dqdimacs,71,140
./benchmark_tests/original/Biere/adder_3_4/pec_adder_3_bit_4_80.dqdimacs,72,140
./benchmark_tests/original/Biere/adder_3_4/pec_adder_3_bit_4_80.dqdimacs,73,141
./benchmark_tests/original/Biere/adder_3_4/pec_adder_3_bit_4_80.dqdimacs,74,141
./benchmark_tests/original/Biere/adder_3_4/pec_adder_3_bit_4_80.dqdimacs,75,139
./benchmark_tests/original/Biere/adder_3_4/pec_adder_3_bit_4_80.dqdimacs,76,139
./benchmark_tests/original/Biere/adder_3_4/pec_adder_3_bit_4_80.dqdimacs,77,140
./benchmark_tests/original/Biere/adder_3_4/pec_adder_3_bit_4_81.dqdimacs,4,437
./benchmark_tests/original/Biere/adder_3_4/pec_adder_3_bit_4_81.dqdimacs,5,379
./benchmark_tests/original/Biere/adder_3_4/pec_adder_3_bit_4_81.dqdimacs,6,386
./benchmark_tests/original/Biere/adder_3_4/pec_adder_3_bit_4_81.dqdimacs,10,382
./benchmark_tests/original/Biere/adder_3_4/pec_adder_3_bit_4_81.dqdimacs,11,333
./benchmark_tests/original/Biere/adder_3_4/pec_adder_3_bit_4_81.dqdimacs,12,269
./benchmark_tests/original/Biere/adder_3_4/pec_adder_3_bit_4_81.dqdimacs,13,225
./benchmark_tests/original/Biere/adder_3_4/pec_adder_3_bit_4_81.dqdimacs,17,205
./benchmark_tests/original/Biere/adder_3_4/pec_adder_3_bit_4_81.dqdimacs,18,204
./benchmark_tests/original/Biere/adder_3_4/pec_adder_3_bit_4_81.dqdimacs,19,205
./benchmark_tests/original/Biere/adder_3_4/pec_adder_3_bit_4_81.dqdimacs,20,205
./benchmark_tests/original/Biere/adder_3_4/pec_adder_3_bit_4_81.dqdimacs,22,204
./benchmark_tests/original/Biere/adder_3_4/pec_adder_3_bit_4_81.dqdimacs,23,207
./benchmark_tests/original/Biere/adder_3_4/pec_adder_3_bit_4_81.dqdimacs,24,209
./benchmark_tests/original/Biere/adder_3_4/pec_adder_3_bit_4_81.dqdimacs,25,204
./benchmark_tests/original/Biere/adder_3_4/pec_adder_3_bit_4_81.dqdimacs,26,205
./benchmark_tests/original/Biere/adder_3_4/pec_adder_3_bit_4_81.dqdimacs,27,203
./benchmark_tests/original/Biere/adder_3_4/pec_adder_3_bit_4_81.dqdimacs,29,204
./benchmark_tests/original/Biere/adder_3_4/pec_adder_3_bit_4_81.dqdimacs,30,207
./benchmark_tests/original/Biere/adder_3_4/pec_adder_3_bit_4_81.dqdimacs,31,206
./benchmark_tests/original/Biere/adder_3_4/pec_adder_3_bit_4_81.dqdimacs,33,205
./benchmark_tests/original/Biere/adder_3_4/pec_adder_3_bit_4_81.dqdimacs,34,204
./benchmark_tests/original/Biere/adder_3_4/pec_adder_3_bit_4_81.dqdimacs,35,206
./benchmark_tests/original/Biere/adder_3_4/pec_adder_3_bit_4_81.dqdimacs,37,203
./benchmark_tests/original/Biere/adder_3_4/pec_adder_3_bit_4_81.dqdimacs,38,204
./benchmark_tests/original/Biere/adder_3_4/pec_adder_3_bit_4_81.dqdimacs,39,206
./benchmark_tests/original/Biere/adder_3_4/pec_adder_3_bit_4_81.dqdimacs,41,202
./benchmark_tests/original/Biere/adder_3_4/pec_adder_3_bit_4_81.dqdimacs,42,203
./benchmark_tests/original/Biere/adder_3_4/pec_adder_3_bit_4_81.dqdimacs,43,204
./benchmark_tests/original/Biere/adder_3_4/pec_adder_3_bit_4_81.dqdimacs,45,202
./benchmark_tests/original/Biere/adder_3_4/pec_adder_3_bit_4_81.dqdimacs,46,202
./benchmark_tests/original/Biere/adder_3_4/pec_adder_3_bit_4_81.dqdimacs,47,204
./benchmark_tests/original/Biere/adder_3_4/pec_adder_3_bit_4_81.dqdimacs,48,209
./benchmark_tests/original/Biere/adder_3_4/pec_adder_3_bit_4_81.dqdimacs,50,204
./benchmark_tests/original/Biere/adder_3_4/pec_adder_3_bit_4_81.dqdimacs,51,203
./benchmark_tests/original/Biere/adder_3_4/pec_adder_3_bit_4_81.dqdimacs,52,206
./benchmark_tests/original/Biere/adder_3_4/pec_adder_3_bit_4_81.dqdimacs,54,202
./benchmark_tests/original/Biere/adder_3_4/pec_adder_3_bit_4_81.dqdimacs,55,205
./benchmark_tests/original/Biere/adder_3_4/pec_adder_3_bit_4_81.dqdimacs,56,205
./benchmark_tests/original/Biere/adder_3_4/pec_adder_3_bit_4_81.dqdimacs,57,209
./benchmark_tests/original/Biere/adder_3_4/pec_adder_3_bit_4_81.dqdimacs,59,205
./benchmark_tests/original/Biere/adder_3_4/pec_adder_3_bit_4_81.dqdimacs,60,206
./benchmark_tests/original/Biere/adder_3_4/pec_adder_3_bit_4_81.dqdimacs,61,210
./benchmark_tests/original/Biere/adder_3_4/pec_adder_3_bit_4_81.dqdimacs,63,204
./benchmark_tests/original/Biere/adder_3_4/pec_adder_3_bit_4_81.dqdimacs,64,206
./benchmark_tests/original/Biere/adder_3_4/pec_adder_3_bit_4_81.dqdimacs,65,204
./benchmark_tests/original/Biere/adder_3_4/pec_adder_3_bit_4_81.dqdimacs,66,206
./benchmark_tests/original/Biere/adder_3_4/pec_adder_3_bit_4_81.dqdimacs,67,204
./benchmark_tests/original/Biere/adder_3_4/pec_adder_3_bit_4_81.dqdimacs,68,206
./benchmark_tests/original/Biere/adder_3_4/pec_adder_3_bit_4_81.dqdimacs,69,207
./benchmark_tests/original/Biere/adder_3_4/pec_adder_3_bit_4_81.dqdimacs,70,205
./benchmark_tests/original/Biere/adder_3_4/pec_adder_3_bit_4_81.dqdimacs,71,205
./benchmark_tests/original/Biere/adder_3_4/pec_adder_3_bit_4_81.dqdimacs,72,205
./benchmark_tests/original/Biere/adder_3_4/pec_adder_3_bit_4_81.dqdimacs,73,205
./benchmark_tests/original/Biere/adder_3_4/pec_adder_3_bit_4_81.dqdimacs,74,203
./benchmark_tests/original/Biere/adder_3_4/pec_adder_3_bit_4_81.dqdimacs,75,203
./benchmark_tests/original/Biere/adder_3_4/pec_adder_3_bit_4_81.dqdimacs,76,201
./benchmark_tests/original/Biere/adder_3_4/pec_adder_3_bit_4_81.dqdimacs,77,202
./benchmark_tests/original/Biere/adder_3_4/pec_adder_3_bit_4_81.dqdimacs,78,206
./benchmark_tests/original/Biere/adder_3_4/pec_adder_3_bit_4_81.dqdimacs,79,206
./benchmark_tests/original/Biere/adder_3_4/pec_adder_3_bit_4_81.dqdimacs,80,205
./benchmark_tests/original/Biere/adder_3_4/pec_adder_3_bit_4_81.dqdimacs,81,204
./benchmark_tests/original/Biere/adder_3_4/pec_adder_3_bit_4_81.dqdimacs,82,204
./benchmark_tests/original/Biere/adder_3_4/pec_adder_3_bit_4_81.dqdimacs,83,205
./benchmark_tests/original/Biere/adder_3_4/pec_adder_3_bit_4_81.dqdimacs,84,203
./benchmark_tests/original/Biere/adder_3_4/pec_adder_3_bit_4_81.dqdimacs,85,203
./benchmark_tests/original/Biere/adder_3_4/pec_adder_3_bit_4_82.dqdimacs,4,321
./benchmark_tests/original/Biere/adder_3_4/pec_adder_3_bit_4_82.dqdimacs,5,357
./benchmark_tests/original/Biere/adder_3_4/pec_adder_3_bit_4_82.dqdimacs,6,293
./benchmark_tests/original/Biere/adder_3_4/pec_adder_3_bit_4_82.dqdimacs,10,294
./benchmark_tests/original/Biere/adder_3_4/pec_adder_3_bit_4_82.dqdimacs,11,290
./benchmark_tests/original/Biere/adder_3_4/pec_adder_3_bit_4_82.dqdimacs,12,262
./benchmark_tests/original/Biere/adder_3_4/pec_adder_3_bit_4_82.dqdimacs,13,227
./benchmark_tests/original/Biere/adder_3_4/pec_adder_3_bit_4_82.dqdimacs,17,198
./benchmark_tests/original/Biere/adder_3_4/pec_adder_3_bit_4_82.dqdimacs,18,168
./benchmark_tests/original/Biere/adder_3_4/pec_adder_3_bit_4_82.dqdimacs,19,155
./benchmark_tests/original/Biere/adder_3_4/pec_adder_3_bit_4_82.dqdimacs,20,155
./benchmark_tests/original/Biere/adder_3_4/pec_adder_3_bit_4_82.dqdimacs,22,153
./benchmark_tests/original/Biere/adder_3_4/pec_adder_3_bit_4_82.dqdimacs,23,156
./benchmark_tests/original/Biere/adder_3_4/pec_adder_3_bit_4_82.dqdimacs,24,154
./benchmark_tests/original/Biere/adder_3_4/pec_adder_3_bit_4_82.dqdimacs,25,155
./benchmark_tests/original/Biere/adder_3_4/pec_adder_3_bit_4_82.dqdimacs,26,156
./benchmark_tests/original/Biere/adder_3_4/pec_adder_3_bit_4_82.dqdimacs,27,155
./benchmark_tests/original/Biere/adder_3_4/pec_adder_3_bit_4_82.dqdimacs,29,154
./benchmark_tests/original/Biere/adder_3_4/pec_adder_3_bit_4_82.dqdimacs,30,153
./benchmark_tests/original/Biere/adder_3_4/pec_adder_3_bit_4_82.dqdimacs,31,157
./benchmark_tests/original/Biere/adder_3_4/pec_adder_3_bit_4_82.dqdimacs,33,153
./benchmark_tests/original/Biere/adder_3_4/pec_adder_3_bit_4_82.dqdimacs,34,155
./benchmark_tests/original/Biere/adder_3_4/pec_adder_3_bit_4_82.dqdimacs,35,157
./benchmark_tests/original/Biere/adder_3_4/pec_adder_3_bit_4_82.dqdimacs,37,155
./benchmark_tests/original/Biere/adder_3_4/pec_adder_3_bit_4_82.dqdimacs,38,153
./benchmark_tests/original/Biere/adder_3_4/pec_adder_3_bit_4_82.dqdimacs,39,156
./benchmark_tests/original/Biere/adder_3_4/pec_adder_3_bit_4_82.dqdimacs,41,153
./benchmark_tests/original/Biere/adder_3_4/pec_adder_3_bit_4_82.dqdimacs,42,154
./benchmark_tests/original/Biere/adder_3_4/pec_adder_3_bit_4_82.dqdimacs,43,153
./benchmark_tests/original/Biere/adder_3_4/pec_adder_3_bit_4_82.dqdimacs,44,153
./benchmark_tests/original/Biere/adder_3_4/pec_adder_3_bit_4_82.dqdimacs,45,154
./benchmark_tests/original/Biere/adder_3_4/pec_adder_3_bit_4_82.dqdimacs,46,154
./benchmark_tests/original/Biere/adder_3_4/pec_adder_3_bit_4_82.dqdimacs,47,158
./benchmark_tests/original/Biere/adder_3_4/pec_adder_3_bit_4_82.dqdimacs,49,153
./benchmark_tests/original/Biere/adder_3_4/pec_adder_3_bit_4_82.dqdimacs,50,154
./benchmark_tests/original/Biere/adder_3_4/pec_adder_3_bit_4_82.dqdimacs,51,157
./benchmark_tests/original/Biere/adder_3_4/pec_adder_3_bit_4_82.dqdimacs,52,152
./benchmark_tests/original/Biere/adder_3_4/pec_adder_3_bit_4_82.dqdimacs,53,151
./benchmark_tests/original/Biere/adder_3_4/pec_adder_3_bit_4_82.dqdimacs,54,152
./benchmark_tests/original/Biere/adder_3_4/pec_adder_3_bit_4_82.dqdimacs,55,151
./benchmark_tests/original/Biere/adder_3_4/pec_adder_3_bit_4_82.dqdimacs,56,152
./benchmark_tests/original/Biere/adder_3_4/pec_adder_3_bit_4_82.dqdimacs,57,154
./benchmark_tests/original/Biere/adder_3_4/pec_adder_3_bit_4_82.dqdimacs,58,153
./benchmark_tests/original/Biere/adder_3_4/pec_adder_3_bit_4_82.dqdimacs,59,152
./benchmark_tests/original/Biere/adder_3_4/pec_adder_3_bit_4_82.dqdimacs,60,152
./benchmark_tests/original/Biere/adder_3_4/pec_adder_3_bit_4_82.dqdimacs,61,153
./benchmark_tests/original/Biere/adder_3_4/pec_adder_3_bit_4_82.dqdimacs,62,153
./benchmark_tests/original/Biere/adder_3_4/pec_adder_3_bit_4_82.dqdimacs,63,151
./benchmark_tests/original/Biere/adder_3_4/pec_adder_3_bit_4_82.dqdimacs,64,152
./benchmark_tests/original/Biere/adder_3_4/pec_adder_3_bit_4_82.dqdimacs,65,152
./benchmark_tests/original/Biere/adder_3_4/pec_adder_3_bit_4_82.dqdimacs,66,152
./benchmark_tests/original/Biere/adder_3_4/pec_adder_3_bit_4_82.dqdimacs,67,152
./benchmark_tests/original/Biere/adder_3_4/pec_adder_3_bit_4_82.dqdimacs,68,152
./benchmark_tests/original/Biere/adder_3_4/pec_adder_3_bit_4_82.dqdimacs,69,153
./benchmark_tests/original/Biere/adder_3_4/pec_adder_3_bit_4_82.dqdimacs,70,153
./benchmark_tests/original/Biere/adder_3_4/pec_adder_3_bit_4_82.dqdimacs,71,153
./benchmark_tests/original/Biere/adder_3_4/pec_adder_3_bit_4_83.dqdimacs,4,182
./benchmark_tests/original/Biere/adder_3_4/pec_adder_3_bit_4_83.dqdimacs,5,131
./benchmark_tests/original/Biere/adder_3_4/pec_adder_3_bit_4_83.dqdimacs,6,131
./benchmark_tests/original/Biere/adder_3_4/pec_adder_3_bit_4_83.dqdimacs,10,131
./benchmark_tests/original/Biere/adder_3_4/pec_adder_3_bit_4_83.dqdimacs,11,130
./benchmark_tests/original/Biere/adder_3_4/pec_adder_3_bit_4_83.dqdimacs,12,130
./benchmark_tests/original/Biere/adder_3_4/pec_adder_3_bit_4_83.dqdimacs,13,130
./benchmark_tests/original/Biere/adder_3_4/pec_adder_3_bit_4_83.dqdimacs,17,130
./benchmark_tests/original/Biere/adder_3_4/pec_adder_3_bit_4_83.dqdimacs,18,130
./benchmark_tests/original/Biere/adder_3_4/pec_adder_3_bit_4_83.dqdimacs,19,130
./benchmark_tests/original/Biere/adder_3_4/pec_adder_3_bit_4_83.dqdimacs,20,129
./benchmark_tests/original/Biere/adder_3_4/pec_adder_3_bit_4_83.dqdimacs,22,123
./benchmark_tests/original/Biere/adder_3_4/pec_adder_3_bit_4_83.dqdimacs,23,117
./benchmark_tests/original/Biere/adder_3_4/pec_adder_3_bit_4_83.dqdimacs,24,109
./benchmark_tests/original/Biere/adder_3_4/pec_adder_3_bit_4_83.dqdimacs,25,102
./benchmark_tests/original/Biere/adder_3_4/pec_adder_3_bit_4_83.dqdimacs,26,96
./benchmark_tests/original/Biere/adder_3_4/pec_adder_3_bit_4_83.dqdimacs,27,91
./benchmark_tests/original/Biere/adder_3_4/pec_adder_3_bit_4_83.dqdimacs,29,84
./benchmark_tests/original/Biere/adder_3_4/pec_adder_3_bit_4_83.dqdimacs,30,79
./benchmark_tests/original/Biere/adder_3_4/pec_adder_3_bit_4_83.dqdimacs,31,76
./benchmark_tests/original/Biere/adder_3_4/pec_adder_3_bit_4_83.dqdimacs,33,71
./benchmark_tests/original/Biere/adder_3_4/pec_adder_3_bit_4_83.dqdimacs,34,69
./benchmark_tests/original/Biere/adder_3_4/pec_adder_3_bit_4_83.dqdimacs,35,71
./benchmark_tests/original/Biere/adder_3_4/pec_adder_3_bit_4_83.dqdimacs,37,69
./benchmark_tests/original/Biere/adder_3_4/pec_adder_3_bit_4_83.dqdimacs,38,69
./benchmark_tests/original/Biere/adder_3_4/pec_adder_3_bit_4_83.dqdimacs,39,70
./benchmark_tests/original/Biere/adder_3_4/pec_adder_3_bit_4_83.dqdimacs,40,70
./benchmark_tests/original/Biere/adder_3_4/pec_adder_3_bit_4_83.dqdimacs,41,70
./benchmark_tests/original/Biere/adder_3_4/pec_adder_3_bit_4_83.dqdimacs,42,70
./benchmark_tests/original/Biere/adder_3_4/pec_adder_3_bit_4_83.dqdimacs,43,69
./benchmark_tests/original/Biere/adder_3_4/pec_adder_3_bit_4_83.dqdimacs,44,71
./benchmark_tests/original/Biere/adder_3_4/pec_adder_3_bit_4_83.dqdimacs,46,70
./benchmark_tests/original/Biere/adder_3_4/pec_adder_3_bit_4_83.dqdimacs,47,70
./benchmark_tests/original/Biere/adder_3_4/pec_adder_3_bit_4_83.dqdimacs,48,71
./benchmark_tests/original/Biere/adder_3_4/pec_adder_3_bit_4_83.dqdimacs,49,69
./benchmark_tests/original/Biere/adder_3_4/pec_adder_3_bit_4_83.dqdimacs,50,70
./benchmark_tests/original/Biere/adder_3_4/pec_adder_3_bit_4_83.dqdimacs,51,70
./benchmark_tests/original/Biere/adder_3_4/pec_adder_3_bit_4_83.dqdimacs,52,70
./benchmark_tests/original/Biere/adder_3_4/pec_adder_3_bit_4_83.dqdimacs,53,69
./benchmark_tests/original/Biere/adder_3_4/pec_adder_3_bit_4_83.dqdimacs,54,69
./benchmark_tests/original/Biere/adder_3_4/pec_adder_3_bit_4_83.dqdimacs,55,69
./benchmark_tests/original/Biere/adder_3_4/pec_adder_3_bit_4_83.dqdimacs,56,70
./benchmark_tests/original/Biere/adder_3_4/pec_adder_3_bit_4_83.dqdimacs,57,70
./benchmark_tests/original/Biere/adder_3_4/pec_adder_3_bit_4_83.dqdimacs,58,70
./benchmark_tests/original/Biere/adder_3_4/pec_adder_3_bit_4_83.dqdimacs,59,70
./benchmark_tests/original/Biere/adder_3_4/pec_adder_3_bit_4_83.dqdimacs,60,70
./benchmark_tests/original/Biere/adder_3_4/pec_adder_3_bit_4_83.dqdimacs,61,70
./benchmark_tests/original/Biere/adder_3_4/pec_adder_3_bit_4_83.dqdimacs,62,70
./benchmark_tests/original/Biere/adder_3_4/pec_adder_3_bit_4_83.dqdimacs,63,70
./benchmark_tests/original/Biere/adder_3_4/pec_adder_3_bit_4_83.dqdimacs,64,70
./benchmark_tests/original/Biere/adder_3_4/pec_adder_3_bit_4_83.dqdimacs,65,70
./benchmark_tests/original/Biere/adder_3_4/pec_adder_3_bit_4_83.dqdimacs,66,70
./benchmark_tests/original/Biere/adder_3_4/pec_adder_3_bit_4_83.dqdimacs,67,70
./benchmark_tests/original/Biere/adder_3_4/pec_adder_3_bit_4_84.dqdimacs,4,262
./benchmark_tests/original/Biere/adder_3_4/pec_adder_3_bit_4_84.dqdimacs,5,211
./benchmark_tests/original/Biere/adder_3_4/pec_adder_3_bit_4_84.dqdimacs,6,210
./benchmark_tests/original/Biere/adder_3_4/pec_adder_3_bit_4_84.dqdimacs,10,210
./benchmark_tests/original/Biere/adder_3_4/pec_adder_3_bit_4_84.dqdimacs,11,211
./benchmark_tests/original/Biere/adder_3_4/pec_adder_3_bit_4_84.dqdimacs,12,212
./benchmark_tests/original/Biere/adder_3_4/pec_adder_3_bit_4_84.dqdimacs,13,212
./benchmark_tests/original/Biere/adder_3_4/pec_adder_3_bit_4_84.dqdimacs,17,196
./benchmark_tests/original/Biere/adder_3_4/pec_adder_3_bit_4_84.dqdimacs,18,177
./benchmark_tests/original/Biere/adder_3_4/pec_adder_3_bit_4_84.dqdimacs,19,158
./benchmark_tests/original/Biere/adder_3_4/pec_adder_3_bit_4_84.dqdimacs,20,141
./benchmark_tests/original/Biere/adder_3_4/pec_adder_3_bit_4_84.dqdimacs,22,128
./benchmark_tests/original/Biere/adder_3_4/pec_adder_3_bit_4_84.dqdimacs,23,117
./benchmark_tests/original/Biere/adder_3_4/pec_adder_3_bit_4_84.dqdimacs,24,114
./benchmark_tests/original/Biere/adder_3_4/pec_adder_3_bit_4_84.dqdimacs,25,113
./benchmark_tests/original/Biere/adder_3_4/pec_adder_3_bit_4_84.dqdimacs,26,114
./benchmark_tests/original/Biere/adder_3_4/pec_adder_3_bit_4_84.dqdimacs,27,115
./benchmark_tests/original/Biere/adder_3_4/pec_adder_3_bit_4_84.dqdimacs,29,114
./benchmark_tests/original/Biere/adder_3_4/pec_adder_3_bit_4_84.dqdimacs,30,113
./benchmark_tests/original/Biere/adder_3_4/pec_adder_3_bit_4_84.dqdimacs,31,116
./benchmark_tests/original/Biere/adder_3_4/pec_adder_3_bit_4_84.dqdimacs,33,114
./benchmark_tests/original/Biere/adder_3_4/pec_adder_3_bit_4_84.dqdimacs,34,113
./benchmark_tests/original/Biere/adder_3_4/pec_adder_3_bit_4_84.dqdimacs,35,116
./benchmark_tests/original/Biere/adder_3_4/pec_adder_3_bit_4_84.dqdimacs,37,113
./benchmark_tests/original/Biere/adder_3_4/pec_adder_3_bit_4_84.dqdimacs,38,113
./benchmark_tests/original/Biere/adder_3_4/pec_adder_3_bit_4_84.dqdimacs,39,116
./benchmark_tests/original/Biere/adder_3_4/pec_adder_3_bit_4_84.dqdimacs,41,113
./benchmark_tests/original/Biere/adder_3_4/pec_adder_3_bit_4_84.dqdimacs,42,114
./benchmark_tests/original/Biere/adder_3_4/pec_adder_3_bit_4_84.dqdimacs,43,117
./benchmark_tests/original/Biere/adder_3_4/pec_adder_3_bit_4_84.dqdimacs,45,114
./benchmark_tests/original/Biere/adder_3_4/pec_adder_3_bit_4_84.dqdimacs,46,113
./benchmark_tests/original/Biere/adder_3_4/pec_adder_3_bit_4_84.dqdimacs,47,116
./benchmark_tests/original/Biere/adder_3_4/pec_adder_3_bit_4_84.dqdimacs,49,113
./benchmark_tests/original/Biere/adder_3_4/pec_adder_3_bit_4_84.dqdimacs,50,113
./benchmark_tests/original/Biere/adder_3_4/pec_adder_3_bit_4_84.dqdimacs,51,117
./benchmark_tests/original/Biere/adder_3_4/pec_adder_3_bit_4_84.dqdimacs,53,113
./benchmark_tests/original/Biere/adder_3_4/pec_adder_3_bit_4_84.dqdimacs,54,113
./benchmark_tests/original/Biere/adder_3_4/pec_adder_3_bit_4_84.dqdimacs,55,113
./benchmark_tests/original/Biere/adder_3_4/pec_adder_3_bit_4_84.dqdimacs,56,115
./benchmark_tests/original/Biere/adder_3_4/pec_adder_3_bit_4_84.dqdimacs,58,114
./benchmark_tests/original/Biere/adder_3_4/pec_adder_3_bit_4_84.dqdimacs,59,113
./benchmark_tests/original/Biere/adder_3_4/pec_adder_3_bit_4_84.dqdimacs,60,114
./benchmark_tests/original/Biere/adder_3_4/pec_adder_3_bit_4_84.dqdimacs,62,112
./benchmark_tests/original/Biere/adder_3_4/pec_adder_3_bit_4_84.dqdimacs,63,112
./benchmark_tests/original/Biere/adder_3_4/pec_adder_3_bit_4_84.dqdimacs,64,112
./benchmark_tests/original/Biere/adder_3_4/pec_adder_3_bit_4_84.dqdimacs,65,115
./benchmark_tests/original/Biere/adder_3_4/pec_adder_3_bit_4_84.dqdimacs,67,113
./benchmark_tests/original/Biere/adder_3_4/pec_adder_3_bit_4_84.dqdimacs,68,113
./benchmark_tests/original/Biere/adder_3_4/pec_adder_3_bit_4_84.dqdimacs,69,115
./benchmark_tests/original/Biere/adder_3_4/pec_adder_3_bit_4_84.dqdimacs,71,112
./benchmark_tests/original/Biere/adder_3_4/pec_adder_3_bit_4_84.dqdimacs,72,112
./benchmark_tests/original/Biere/adder_3_4/pec_adder_3_bit_4_84.dqdimacs,73,114
./benchmark_tests/original/Biere/adder_3_4/pec_adder_3_bit_4_84.dqdimacs,74,112
./benchmark_tests/original/Biere/adder_3_4/pec_adder_3_bit_4_84.dqdimacs,75,112
./benchmark_tests/original/Biere/adder_3_4/pec_adder_3_bit_4_84.dqdimacs,76,112
./benchmark_tests/original/Biere/adder_3_4/pec_adder_3_bit_4_84.dqdimacs,77,112
./benchmark_tests/original/Biere/adder_3_4/pec_adder_3_bit_4_84.dqdimacs,78,112
./benchmark_tests/original/Biere/adder_3_4/pec_adder_3_bit_4_84.dqdimacs,79,112
./benchmark_tests/original/Biere/adder_3_4/pec_adder_3_bit_4_84.dqdimacs,80,112
./benchmark_tests/original/Biere/adder_3_4/pec_adder_3_bit_4_84.dqdimacs,81,112
./benchmark_tests/original/Biere/adder_3_4/pec_adder_3_bit_4_84.dqdimacs,82,112
./benchmark_tests/original/Biere/adder_3_4/pec_adder_3_bit_4_84.dqdimacs,83,113
./benchmark_tests/original/Biere/adder_3_4/pec_adder_3_bit_4_84.dqdimacs,84,112
./benchmark_tests/original/Biere/adder_3_4/pec_adder_3_bit_4_84.dqdimacs,85,113
./benchmark_tests/original/Biere/adder_3_4/pec_adder_3_bit_4_84.dqdimacs,86,113
./benchmark_tests/original/Biere/adder_3_4/pec_adder_3_bit_4_84.dqdimacs,87,113
./benchmark_tests/original/Biere/adder_3_4/pec_adder_3_bit_4_84.dqdimacs,88,113
./benchmark_tests/original/Biere/adder_3_4/pec_adder_3_bit_4_84.dqdimacs,89,112
./benchmark_tests/original/Biere/adder_3_4/pec_adder_3_bit_4_84.dqdimacs,90,113
./benchmark_tests/original/Biere/adder_3_4/pec_adder_3_bit_4_84.dqdimacs,91,114
./benchmark_tests/original/Biere/adder_3_4/pec_adder_3_bit_4_84.dqdimacs,92,113
./benchmark_tests/original/Biere/adder_3_4/pec_adder_3_bit_4_85.dqdimacs,4,212
./benchmark_tests/original/Biere/adder_3_4/pec_adder_3_bit_4_85.dqdimacs,5,162
./benchmark_tests/original/Biere/adder_3_4/pec_adder_3_bit_4_85.dqdimacs,6,162
./benchmark_tests/original/Biere/adder_3_4/pec_adder_3_bit_4_85.dqdimacs,10,162
./benchmark_tests/original/Biere/adder_3_4/pec_adder_3_bit_4_85.dqdimacs,11,160
./benchmark_tests/original/Biere/adder_3_4/pec_adder_3_bit_4_85.dqdimacs,12,160
./benchmark_tests/original/Biere/adder_3_4/pec_adder_3_bit_4_85.dqdimacs,13,160
./benchmark_tests/original/Biere/adder_3_4/pec_adder_3_bit_4_85.dqdimacs,17,160
./benchmark_tests/original/Biere/adder_3_4/pec_adder_3_bit_4_85.dqdimacs,18,159
./benchmark_tests/original/Biere/adder_3_4/pec_adder_3_bit_4_85.dqdimacs,19,152
./benchmark_tests/original/Biere/adder_3_4/pec_adder_3_bit_4_85.dqdimacs,20,142
./benchmark_tests/original/Biere/adder_3_4/pec_adder_3_bit_4_85.dqdimacs,22,129
./benchmark_tests/original/Biere/adder_3_4/pec_adder_3_bit_4_85.dqdimacs,23,119
./benchmark_tests/original/Biere/adder_3_4/pec_adder_3_bit_4_85.dqdimacs,24,109
./benchmark_tests/original/Biere/adder_3_4/pec_adder_3_bit_4_85.dqdimacs,25,101
./benchmark_tests/original/Biere/adder_3_4/pec_adder_3_bit_4_85.dqdimacs,26,94
./benchmark_tests/original/Biere/adder_3_4/pec_adder_3_bit_4_85.dqdimacs,27,90
./benchmark_tests/original/Biere/adder_3_4/pec_adder_3_bit_4_85.dqdimacs,29,87
./benchmark_tests/original/Biere/adder_3_4/pec_adder_3_bit_4_85.dqdimacs,30,87
./benchmark_tests/original/Biere/adder_3_4/pec_adder_3_bit_4_85.dqdimacs,31,89
./benchmark_tests/original/Biere/adder_3_4/pec_adder_3_bit_4_85.dqdimacs,33,87
./benchmark_tests/original/Biere/adder_3_4/pec_adder_3_bit_4_85.dqdimacs,34,86
./benchmark_tests/original/Biere/adder_3_4/pec_adder_3_bit_4_85.dqdimacs,35,88
./benchmark_tests/original/Biere/adder_3_4/pec_adder_3_bit_4_85.dqdimacs,37,87
./benchmark_tests/original/Biere/adder_3_4/pec_adder_3_bit_4_85.dqdimacs,38,87
./benchmark_tests/original/Biere/adder_3_4/pec_adder_3_bit_4_85.dqdimacs,39,90
./benchmark_tests/original/Biere/adder_3_4/pec_adder_3_bit_4_85.dqdimacs,41,86
./benchmark_tests/original/Biere/adder_3_4/pec_adder_3_bit_4_85.dqdimacs,42,87
./benchmark_tests/original/Biere/adder_3_4/pec_adder_3_bit_4_85.dqdimacs,43,89
./benchmark_tests/original/Biere/adder_3_4/pec_adder_3_bit_4_85.dqdimacs,45,86
./benchmark_tests/original/Biere/adder_3_4/pec_adder_3_bit_4_85.dqdimacs,46,86
./benchmark_tests/original/Biere/adder_3_4/pec_adder_3_bit_4_85.dqdimacs,47,87
./benchmark_tests/original/Biere/adder_3_4/pec_adder_3_bit_4_85.dqdimacs,48,88
./benchmark_tests/original/Biere/adder_3_4/pec_adder_3_bit_4_85.dqdimacs,50,86
./benchmark_tests/original/Biere/adder_3_4/pec_adder_3_bit_4_85.dqdimacs,51,87
./benchmark_tests/original/Biere/adder_3_4/pec_adder_3_bit_4_85.dqdimacs,52,87
./benchmark_tests/original/Biere/adder_3_4/pec_adder_3_bit_4_85.dqdimacs,53,87
./benchmark_tests/original/Biere/adder_3_4/pec_adder_3_bit_4_85.dqdimacs,54,88
./benchmark_tests/original/Biere/adder_3_4/pec_adder_3_bit_4_85.dqdimacs,56,86
./benchmark_tests/original/Biere/adder_3_4/pec_adder_3_bit_4_85.dqdimacs,57,86
./benchmark_tests/original/Biere/adder_3_4/pec_adder_3_bit_4_85.dqdimacs,58,88
./benchmark_tests/original/Biere/adder_3_4/pec_adder_3_bit_4_85.dqdimacs,60,86
./benchmark_tests/original/Biere/adder_3_4/pec_adder_3_bit_4_85.dqdimacs,61,86
./benchmark_tests/original/Biere/adder_3_4/pec_adder_3_bit_4_85.dqdimacs,62,88
./benchmark_tests/original/Biere/adder_3_4/pec_adder_3_bit_4_85.dqdimacs,64,87
./benchmark_tests/original/Biere/adder_3_4/pec_adder_3_bit_4_85.dqdimacs,65,87
./benchmark_tests/original/Biere/adder_3_4/pec_adder_3_bit_4_85.dqdimacs,66,88
./benchmark_tests/original/Biere/adder_3_4/pec_adder_3_bit_4_85.dqdimacs,67,86
./benchmark_tests/original/Biere/adder_3_4/pec_adder_3_bit_4_85.dqdimacs,68,86
./benchmark_tests/original/Biere/adder_3_4/pec_adder_3_bit_4_85.dqdimacs,69,86
./benchmark_tests/original/Biere/adder_3_4/pec_adder_3_bit_4_85.dqdimacs,70,86
./benchmark_tests/original/Biere/adder_3_4/pec_adder_3_bit_4_85.dqdimacs,71,86
./benchmark_tests/original/Biere/adder_3_4/pec_adder_3_bit_4_85.dqdimacs,72,87
./benchmark_tests/original/Biere/adder_3_4/pec_adder_3_bit_4_85.dqdimacs,73,86
./benchmark_tests/original/Biere/adder_3_4/pec_adder_3_bit_4_85.dqdimacs,74,86
./benchmark_tests/original/Biere/adder_3_4/pec_adder_3_bit_4_85.dqdimacs,75,88
./benchmark_tests/original/Biere/adder_3_4/pec_adder_3_bit_4_85.dqdimacs,76,86
./benchmark_tests/original/Biere/adder_3_4/pec_adder_3_bit_4_85.dqdimacs,77,86
./benchmark_tests/original/Biere/adder_3_4/pec_adder_3_bit_4_85.dqdimacs,78,87
./benchmark_tests/original/Biere/adder_3_4/pec_adder_3_bit_4_85.dqdimacs,79,87
./benchmark_tests/original/Biere/adder_3_4/pec_adder_3_bit_4_85.dqdimacs,80,87
./benchmark_tests/original/Biere/adder_3_4/pec_adder_3_bit_4_85.dqdimacs,81,87
./benchmark_tests/original/Biere/adder_3_4/pec_adder_3_bit_4_85.dqdimacs,82,86
./benchmark_tests/original/Biere/adder_3_4/pec_adder_3_bit_4_85.dqdimacs,83,87
./benchmark_tests/original/Biere/adder_3_4/pec_adder_3_bit_4_85.dqdimacs,84,86
./benchmark_tests/original/Biere/adder_3_4/pec_adder_3_bit_4_86.dqdimacs,4,325
./benchmark_tests/original/Biere/adder_3_4/pec_adder_3_bit_4_86.dqdimacs,5,276
./benchmark_tests/original/Biere/adder_3_4/pec_adder_3_bit_4_86.dqdimacs,6,275
./benchmark_tests/original/Biere/adder_3_4/pec_adder_3_bit_4_86.dqdimacs,10,278
./benchmark_tests/original/Biere/adder_3_4/pec_adder_3_bit_4_86.dqdimacs,11,277
./benchmark_tests/original/Biere/adder_3_4/pec_adder_3_bit_4_86.dqdimacs,12,264
./benchmark_tests/original/Biere/adder_3_4/pec_adder_3_bit_4_86.dqdimacs,13,232
./benchmark_tests/original/Biere/adder_3_4/pec_adder_3_bit_4_86.dqdimacs,17,200
./benchmark_tests/original/Biere/adder_3_4/pec_adder_3_bit_4_86.dqdimacs,18,173
./benchmark_tests/original/Biere/adder_3_4/pec_adder_3_bit_4_86.dqdimacs,19,153
./benchmark_tests/original/Biere/adder_3_4/pec_adder_3_bit_4_86.dqdimacs,20,148
./benchmark_tests/original/Biere/adder_3_4/pec_adder_3_bit_4_86.dqdimacs,22,148
./benchmark_tests/original/Biere/adder_3_4/pec_adder_3_bit_4_86.dqdimacs,23,148
./benchmark_tests/original/Biere/adder_3_4/pec_adder_3_bit_4_86.dqdimacs,24,147
./benchmark_tests/original/Biere/adder_3_4/pec_adder_3_bit_4_86.dqdimacs,25,148
./benchmark_tests/original/Biere/adder_3_4/pec_adder_3_bit_4_86.dqdimacs,26,148
./benchmark_tests/original/Biere/adder_3_4/pec_adder_3_bit_4_86.dqdimacs,27,149
./benchmark_tests/original/Biere/adder_3_4/pec_adder_3_bit_4_86.dqdimacs,29,148
./benchmark_tests/original/Biere/adder_3_4/pec_adder_3_bit_4_86.dqdimacs,30,147
./benchmark_tests/original/Biere/adder_3_4/pec_adder_3_bit_4_86.dqdimacs,31,145
./benchmark_tests/original/Biere/adder_3_4/pec_adder_3_bit_4_86.dqdimacs,32,148
./benchmark_tests/original/Biere/adder_3_4/pec_adder_3_bit_4_86.dqdimacs,33,148
./benchmark_tests/original/Biere/adder_3_4/pec_adder_3_bit_4_86.dqdimacs,35,146
./benchmark_tests/original/Biere/adder_3_4/pec_adder_3_bit_4_86.dqdimacs,36,145
./benchmark_tests/original/Biere/adder_3_4/pec_adder_3_bit_4_86.dqdimacs,37,147
./benchmark_tests/original/Biere/adder_3_4/pec_adder_3_bit_4_86.dqdimacs,38,145
./benchmark_tests/original/Biere/adder_3_4/pec_adder_3_bit_4_86.dqdimacs,39,148
./benchmark_tests/original/Biere/adder_3_4/pec_adder_3_bit_4_86.dqdimacs,41,146
./benchmark_tests/original/Biere/adder_3_4/pec_adder_3_bit_4_86.dqdimacs,42,146
./benchmark_tests/original/Biere/adder_3_4/pec_adder_3_bit_4_86.dqdimacs,43,148
./benchmark_tests/original/Biere/adder_3_4/pec_adder_3_bit_4_86.dqdimacs,44,145
./benchmark_tests/original/Biere/adder_3_4/pec_adder_3_bit_4_86.dqdimacs,45,146
./benchmark_tests/original/Biere/adder_3_4/pec_adder_3_bit_4_86.dqdimacs,46,145
./benchmark_tests/original/Biere/adder_3_4/pec_adder_3_bit_4_86.dqdimacs,47,146
./benchmark_tests/original/Biere/adder_3_4/pec_adder_3_bit_4_86.dqdimacs,48,145
./benchmark_tests/original/Biere/adder_3_4/pec_adder_3_bit_4_86.dqdimacs,49,147
./benchmark_tests/original/Biere/adder_3_4/pec_adder_3_bit_4_86.dqdimacs,50,147
./benchmark_tests/original/Biere/adder_3_4/pec_adder_3_bit_4_86.dqdimacs,51,147
./benchmark_tests/original/Biere/adder_3_4/pec_adder_3_bit_4_86.dqdimacs,52,146
./benchmark_tests/original/Biere/adder_3_4/pec_adder_3_bit_4_86.dqdimacs,53,147
./benchmark_tests/original/Biere/adder_3_4/pec_adder_3_bit_4_86.dqdimacs,54,147
./benchmark_tests/original/Biere/adder_3_4/pec_adder_3_bit_4_86.dqdimacs,55,146
./benchmark_tests/original/Biere/adder_3_4/pec_adder_3_bit_4_86.dqdimacs,56,147
./benchmark_tests/original/Biere/adder_3_4/pec_adder_3_bit_4_86.dqdimacs,57,147
./benchmark_tests/original/Biere/adder_3_4/pec_adder_3_bit_4_86.dqdimacs,58,145
./benchmark_tests/original/Biere/adder_3_4/pec_adder_3_bit_4_86.dqdimacs,59,146
./benchmark_tests/original/Biere/adder_3_4/pec_adder_3_bit_4_86.dqdimacs,60,145
./benchmark_tests/original/Biere/adder_3_4/pec_adder_3_bit_4_86.dqdimacs,61,146
./benchmark_tests/original/Biere/adder_3_4/pec_adder_3_bit_4_86.dqdimacs,62,147
./benchmark_tests/original/Biere/adder_3_4/pec_adder_3_bit_4_86.dqdimacs,63,147
./benchmark_tests/original/Biere/adder_3_4/pec_adder_3_bit_4_86.dqdimacs,64,145
./benchmark_tests/original/Biere/adder_3_4/pec_adder_3_bit_4_87.dqdimacs,4,312
./benchmark_tests/original/Biere/adder_3_4/pec_adder_3_bit_4_87.dqdimacs,5,263
./benchmark_tests/original/Biere/adder_3_4/pec_adder_3_bit_4_87.dqdimacs,6,262
./benchmark_tests/original/Biere/adder_3_4/pec_adder_3_bit_4_87.dqdimacs,10,262
./benchmark_tests/original/Biere/adder_3_4/pec_adder_3_bit_4_87.dqdimacs,11,261
./benchmark_tests/original/Biere/adder_3_4/pec_adder_3_bit_4_87.dqdimacs,12,255
./benchmark_tests/original/Biere/adder_3_4/pec_adder_3_bit_4_87.dqdimacs,13,230
./benchmark_tests/original/Biere/adder_3_4/pec_adder_3_bit_4_87.dqdimacs,17,199
./benchmark_tests/original/Biere/adder_3_4/pec_adder_3_bit_4_87.dqdimacs,18,173
./benchmark_tests/original/Biere/adder_3_4/pec_adder_3_bit_4_87.dqdimacs,19,154
./benchmark_tests/original/Biere/adder_3_4/pec_adder_3_bit_4_87.dqdimacs,20,141
./benchmark_tests/original/Biere/adder_3_4/pec_adder_3_bit_4_87.dqdimacs,22,140
./benchmark_tests/original/Biere/adder_3_4/pec_adder_3_bit_4_87.dqdimacs,23,141
./benchmark_tests/original/Biere/adder_3_4/pec_adder_3_bit_4_87.dqdimacs,24,140
./benchmark_tests/original/Biere/adder_3_4/pec_adder_3_bit_4_87.dqdimacs,25,140
./benchmark_tests/original/Biere/adder_3_4/pec_adder_3_bit_4_87.dqdimacs,26,139
./benchmark_tests/original/Biere/adder_3_4/pec_adder_3_bit_4_87.dqdimacs,27,141
./benchmark_tests/original/Biere/adder_3_4/pec_adder_3_bit_4_87.dqdimacs,29,139
./benchmark_tests/original/Biere/adder_3_4/pec_adder_3_bit_4_87.dqdimacs,30,140
./benchmark_tests/original/Biere/adder_3_4/pec_adder_3_bit_4_87.dqdimacs,31,141
./benchmark_tests/original/Biere/adder_3_4/pec_adder_3_bit_4_87.dqdimacs,33,140
./benchmark_tests/original/Biere/adder_3_4/pec_adder_3_bit_4_87.dqdimacs,34,140
./benchmark_tests/original/Biere/adder_3_4/pec_adder_3_bit_4_87.dqdimacs,35,142
./benchmark_tests/original/Biere/adder_3_4/pec_adder_3_bit_4_87.dqdimacs,37,139
./benchmark_tests/original/Biere/adder_3_4/pec_adder_3_bit_4_87.dqdimacs,38,140
./benchmark_tests/original/Biere/adder_3_4/pec_adder_3_bit_4_87.dqdimacs,39,142
./benchmark_tests/original/Biere/adder_3_4/pec_adder_3_bit_4_87.dqdimacs,41,140
./benchmark_tests/original/Biere/adder_3_4/pec_adder_3_bit_4_87.dqdimacs,42,140
./benchmark_tests/original/Biere/adder_3_4/pec_adder_3_bit_4_87.dqdimacs,43,143
./benchmark_tests/original/Biere/adder_3_4/pec_adder_3_bit_4_87.dqdimacs,45,140
./benchmark_tests/original/Biere/adder_3_4/pec_adder_3_bit_4_87.dqdimacs,46,140
./benchmark_tests/original/Biere/adder_3_4/pec_adder_3_bit_4_87.dqdimacs,47,143
./benchmark_tests/original/Biere/adder_3_4/pec_adder_3_bit_4_87.dqdimacs,49,139
./benchmark_tests/original/Biere/adder_3_4/pec_adder_3_bit_4_87.dqdimacs,50,140
./benchmark_tests/original/Biere/adder_3_4/pec_adder_3_bit_4_87.dqdimacs,51,143
./benchmark_tests/original/Biere/adder_3_4/pec_adder_3_bit_4_87.dqdimacs,53,140
./benchmark_tests/original/Biere/adder_3_4/pec_adder_3_bit_4_87.dqdimacs,54,139
./benchmark_tests/original/Biere/adder_3_4/pec_adder_3_bit_4_87.dqdimacs,55,143
./benchmark_tests/original/Biere/adder_3_4/pec_adder_3_bit_4_87.dqdimacs,57,139
./benchmark_tests/original/Biere/adder_3_4/pec_adder_3_bit_4_87.dqdimacs,58,139
./benchmark_tests/original/Biere/adder_3_4/pec_adder_3_bit_4_87.dqdimacs,59,144
./benchmark_tests/original/Biere/adder_3_4/pec_adder_3_bit_4_87.dqdimacs,61,139
./benchmark_tests/original/Biere/adder_3_4/pec_adder_3_bit_4_87.dqdimacs,62,140
./benchmark_tests/original/Biere/adder_3_4/pec_adder_3_bit_4_87.dqdimacs,63,140
./benchmark_tests/original/Biere/adder_3_4/pec_adder_3_bit_4_87.dqdimacs,64,142
./benchmark_tests/original/Biere/adder_3_4/pec_adder_3_bit_4_87.dqdimacs,66,140
./benchmark_tests/original/Biere/adder_3_4/pec_adder_3_bit_4_87.dqdimacs,67,139
./benchmark_tests/original/Biere/adder_3_4/pec_adder_3_bit_4_87.dqdimacs,68,142
./benchmark_tests/original/Biere/adder_3_4/pec_adder_3_bit_4_87.dqdimacs,70,140
./benchmark_tests/original/Biere/adder_3_4/pec_adder_3_bit_4_87.dqdimacs,71,140
./benchmark_tests/original/Biere/adder_3_4/pec_adder_3_bit_4_87.dqdimacs,72,140
./benchmark_tests/original/Biere/adder_3_4/pec_adder_3_bit_4_87.dqdimacs,73,142
./benchmark_tests/original/Biere/adder_3_4/pec_adder_3_bit_4_87.dqdimacs,74,140
./benchmark_tests/original/Biere/adder_3_4/pec_adder_3_bit_4_87.dqdimacs,75,140
./benchmark_tests/original/Biere/adder_3_4/pec_adder_3_bit_4_87.dqdimacs,76,140
./benchmark_tests/original/Biere/adder_3_4/pec_adder_3_bit_4_87.dqdimacs,77,141
./benchmark_tests/original/Biere/adder_3_4/pec_adder_3_bit_4_87.dqdimacs,78,140
./benchmark_tests/original/Biere/adder_3_4/pec_adder_3_bit_4_87.dqdimacs,79,139
./benchmark_tests/original/Biere/adder_3_4/pec_adder_3_bit_4_87.dqdimacs,80,139
./benchmark_tests/original/Biere/adder_3_4/pec_adder_3_bit_4_87.dqdimacs,81,139
./benchmark_tests/original/Biere/adder_3_4/pec_adder_3_bit_4_87.dqdimacs,82,139
./benchmark_tests/original/Biere/adder_3_4/pec_adder_3_bit_4_87.dqdimacs,83,138
./benchmark_tests/original/Biere/adder_3_4/pec_adder_3_bit_4_87.dqdimacs,84,139
./benchmark_tests/original/Biere/adder_3_4/pec_adder_3_bit_4_87.dqdimacs,85,139
./benchmark_tests/original/Biere/adder_3_4/pec_adder_3_bit_4_87.dqdimacs,86,140
./benchmark_tests/original/Biere/adder_3_4/pec_adder_3_bit_4_87.dqdimacs,87,140
./benchmark_tests/original/Biere/adder_3_4/pec_adder_3_bit_4_87.dqdimacs,88,140
./benchmark_tests/original/Biere/adder_3_4/pec_adder_3_bit_4_87.dqdimacs,89,140
./benchmark_tests/original/Biere/adder_3_4/pec_adder_3_bit_4_87.dqdimacs,90,140
./benchmark_tests/original/Biere/adder_3_4/pec_adder_3_bit_4_87.dqdimacs,91,140
./benchmark_tests/original/Biere/adder_3_4/pec_adder_3_bit_4_88.dqdimacs,4,249
./benchmark_tests/original/Biere/adder_3_4/pec_adder_3_bit_4_88.dqdimacs,5,201
./benchmark_tests/original/Biere/adder_3_4/pec_adder_3_bit_4_88.dqdimacs,6,200
./benchmark_tests/original/Biere/adder_3_4/pec_adder_3_bit_4_88.dqdimacs,10,201
./benchmark_tests/original/Biere/adder_3_4/pec_adder_3_bit_4_88.dqdimacs,11,201
./benchmark_tests/original/Biere/adder_3_4/pec_adder_3_bit_4_88.dqdimacs,12,201
./benchmark_tests/original/Biere/adder_3_4/pec_adder_3_bit_4_88.dqdimacs,13,201
./benchmark_tests/original/Biere/adder_3_4/pec_adder_3_bit_4_88.dqdimacs,17,191
./benchmark_tests/original/Biere/adder_3_4/pec_adder_3_bit_4_88.dqdimacs,18,175
./benchmark_tests/original/Biere/adder_3_4/pec_adder_3_bit_4_88.dqdimacs,19,158
./benchmark_tests/original/Biere/adder_3_4/pec_adder_3_bit_4_88.dqdimacs,20,140
./benchmark_tests/original/Biere/adder_3_4/pec_adder_3_bit_4_88.dqdimacs,22,126
./benchmark_tests/original/Biere/adder_3_4/pec_adder_3_bit_4_88.dqdimacs,23,114
./benchmark_tests/original/Biere/adder_3_4/pec_adder_3_bit_4_88.dqdimacs,24,106
./benchmark_tests/original/Biere/adder_3_4/pec_adder_3_bit_4_88.dqdimacs,25,105
./benchmark_tests/original/Biere/adder_3_4/pec_adder_3_bit_4_88.dqdimacs,26,107
./benchmark_tests/original/Biere/adder_3_4/pec_adder_3_bit_4_88.dqdimacs,27,108
./benchmark_tests/original/Biere/adder_3_4/pec_adder_3_bit_4_88.dqdimacs,29,105
./benchmark_tests/original/Biere/adder_3_4/pec_adder_3_bit_4_88.dqdimacs,30,106
./benchmark_tests/original/Biere/adder_3_4/pec_adder_3_bit_4_88.dqdimacs,31,108
./benchmark_tests/original/Biere/adder_3_4/pec_adder_3_bit_4_88.dqdimacs,33,106
./benchmark_tests/original/Biere/adder_3_4/pec_adder_3_bit_4_88.dqdimacs,34,105
./benchmark_tests/original/Biere/adder_3_4/pec_adder_3_bit_4_88.dqdimacs,35,108
./benchmark_tests/original/Biere/adder_3_4/pec_adder_3_bit_4_88.dqdimacs,37,105
./benchmark_tests/original/Biere/adder_3_4/pec_adder_3_bit_4_88.dqdimacs,38,105
./benchmark_tests/original/Biere/adder_3_4/pec_adder_3_bit_4_88.dqdimacs,39,105
./benchmark_tests/original/Biere/adder_3_4/pec_adder_3_bit_4_88.dqdimacs,40,105
./benchmark_tests/original/Biere/adder_3_4/pec_adder_3_bit_4_88.dqdimacs,41,106
./benchmark_tests/original/Biere/adder_3_4/pec_adder_3_bit_4_88.dqdimacs,42,104
./benchmark_tests/original/Biere/adder_3_4/pec_adder_3_bit_4_88.dqdimacs,43,106
./benchmark_tests/original/Biere/adder_3_4/pec_adder_3_bit_4_88.dqdimacs,45,105
./benchmark_tests/original/Biere/adder_3_4/pec_adder_3_bit_4_88.dqdimacs,46,106
./benchmark_tests/original/Biere/adder_3_4/pec_adder_3_bit_4_88.dqdimacs,47,106
./benchmark_tests/original/Biere/adder_3_4/pec_adder_3_bit_4_88.dqdimacs,49,106
./benchmark_tests/original/Biere/adder_3_4/pec_adder_3_bit_4_88.dqdimacs,50,105
./benchmark_tests/original/Biere/adder_3_4/pec_adder_3_bit_4_88.dqdimacs,51,107
./benchmark_tests/original/Biere/adder_3_4/pec_adder_3_bit_4_88.dqdimacs,52,105
./benchmark_tests/original/Biere/adder_3_4/pec_adder_3_bit_4_88.dqdimacs,53,105
./benchmark_tests/original/Biere/adder_3_4/pec_adder_3_bit_4_88.dqdimacs,54,106
./benchmark_tests/original/Biere/adder_3_4/pec_adder_3_bit_4_88.dqdimacs,55,106
./benchmark_tests/original/Biere/adder_3_4/pec_adder_3_bit_4_88.dqdimacs,56,105
./benchmark_tests/original/Biere/adder_3_4/pec_adder_3_bit_4_88.dqdimacs,57,106
./benchmark_tests/original/Biere/adder_3_4/pec_adder_3_bit_4_88.dqdimacs,58,105
./benchmark_tests/original/Biere/adder_3_4/pec_adder_3_bit_4_88.dqdimacs,59,105
./benchmark_tests/original/Biere/adder_3_4/pec_adder_3_bit_4_88.dqdimacs,60,105
./benchmark_tests/original/Biere/adder_3_4/pec_adder_3_bit_4_88.dqdimacs,61,107
./benchmark_tests/original/Biere/adder_3_4/pec_adder_3_bit_4_88.dqdimacs,62,106
./benchmark_tests/original/Biere/adder_3_4/pec_adder_3_bit_4_88.dqdimacs,63,105
./benchmark_tests/original/Biere/adder_3_4/pec_adder_3_bit_4_88.dqdimacs,64,105
./benchmark_tests/original/Biere/adder_3_4/pec_adder_3_bit_4_88.dqdimacs,65,105
./benchmark_tests/original/Biere/adder_3_4/pec_adder_3_bit_4_88.dqdimacs,66,106
./benchmark_tests/original/Biere/adder_3_4/pec_adder_3_bit_4_88.dqdimacs,67,105
./benchmark_tests/original/Biere/adder_3_4/pec_adder_3_bit_4_88.dqdimacs,68,105
./benchmark_tests/original/Biere/adder_3_4/pec_adder_3_bit_4_88.dqdimacs,69,105
./benchmark_tests/original/Biere/adder_3_4/pec_adder_3_bit_4_88.dqdimacs,70,104
./benchmark_tests/original/Biere/adder_3_4/pec_adder_3_bit_4_89.dqdimacs,4,290
./benchmark_tests/original/Biere/adder_3_4/pec_adder_3_bit_4_89.dqdimacs,5,326
./benchmark_tests/original/Biere/adder_3_4/pec_adder_3_bit_4_89.dqdimacs,6,260
./benchmark_tests/original/Biere/adder_3_4/pec_adder_3_bit_4_89.dqdimacs,10,258
./benchmark_tests/original/Biere/adder_3_4/pec_adder_3_bit_4_89.dqdimacs,11,260
./benchmark_tests/original/Biere/adder_3_4/pec_adder_3_bit_4_89.dqdimacs,12,253
./benchmark_tests/original/Biere/adder_3_4/pec_adder_3_bit_4_89.dqdimacs,13,225
./benchmark_tests/original/Biere/adder_3_4/pec_adder_3_bit_4_89.dqdimacs,17,194
./benchmark_tests/original/Biere/adder_3_4/pec_adder_3_bit_4_89.dqdimacs,18,170
./benchmark_tests/original/Biere/adder_3_4/pec_adder_3_bit_4_89.dqdimacs,19,148
./benchmark_tests/original/Biere/adder_3_4/pec_adder_3_bit_4_89.dqdimacs,20,139
./benchmark_tests/original/Biere/adder_3_4/pec_adder_3_bit_4_89.dqdimacs,22,138
./benchmark_tests/original/Biere/adder_3_4/pec_adder_3_bit_4_89.dqdimacs,23,138
./benchmark_tests/original/Biere/adder_3_4/pec_adder_3_bit_4_89.dqdimacs,24,138
./benchmark_tests/original/Biere/adder_3_4/pec_adder_3_bit_4_89.dqdimacs,25,138
./benchmark_tests/original/Biere/adder_3_4/pec_adder_3_bit_4_89.dqdimacs,26,138
./benchmark_tests/original/Biere/adder_3_4/pec_adder_3_bit_4_89.dqdimacs,27,140
./benchmark_tests/original/Biere/adder_3_4/pec_adder_3_bit_4_89.dqdimacs,29,145
./benchmark_tests/original/Biere/adder_3_4/pec_adder_3_bit_4_89.dqdimacs,30,152
./benchmark_tests/original/Biere/adder_3_4/pec_adder_3_bit_4_89.dqdimacs,31,151
./benchmark_tests/original/Biere/adder_3_4/pec_adder_3_bit_4_89.dqdimacs,33,150
./benchmark_tests/original/Biere/adder_3_4/pec_adder_3_bit_4_89.dqdimacs,34,152
./benchmark_tests/original/Biere/adder_3_4/pec_adder_3_bit_4_89.dqdimacs,35,152
./benchmark_tests/original/Biere/adder_3_4/pec_adder_3_bit_4_89.dqdimacs,36,151
./benchmark_tests/original/Biere/adder_3_4/pec_adder_3_bit_4_89.dqdimacs,37,152
./benchmark_tests/original/Biere/adder_3_4/pec_adder_3_bit_4_89.dqdimacs,38,155
./benchmark_tests/original/Biere/adder_3_4/pec_adder_3_bit_4_89.dqdimacs,40,151
./benchmark_tests/original/Biere/adder_3_4/pec_adder_3_bit_4_89.dqdimacs,41,151
./benchmark_tests/original/Biere/adder_3_4/pec_adder_3_bit_4_89.dqdimacs,42,152
./benchmark_tests/original/Biere/adder_3_4/pec_adder_3_bit_4_89.dqdimacs,43,153
./benchmark_tests/original/Biere/adder_3_4/pec_adder_3_bit_4_89.dqdimacs,44,155
./benchmark_tests/original/Biere/adder_3_4/pec_adder_3_bit_4_89.dqdimacs,46,152
./benchmark_tests/original/Biere/adder_3_4/pec_adder_3_bit_4_89.dqdimacs,47,151
./benchmark_tests/original/Biere/adder_3_4/pec_adder_3_bit_4_89.dqdimacs,48,152
./benchmark_tests/original/Biere/adder_3_4/pec_adder_3_bit_4_89.dqdimacs,49,155
./benchmark_tests/original/Biere/adder_3_4/pec_adder_3_bit_4_89.dqdimacs,50,151
./benchmark_tests/original/Biere/adder_3_4/pec_adder_3_bit_4_89.dqdimacs,51,152
./benchmark_tests/original/Biere/adder_3_4/pec_adder_3_bit_4_89.dqdimacs,52,151
./benchmark_tests/original/Biere/adder_3_4/pec_adder_3_bit_4_89.dqdimacs,53,151
./benchmark_tests/original/Biere/adder_3_4/pec_adder_3_bit_4_89.dqdimacs,54,151
./benchmark_tests/original/Biere/adder_3_4/pec_adder_3_bit_4_89.dqdimacs,55,150
./benchmark_tests/original/Biere/adder_3_4/pec_adder_3_bit_4_89.dqdimacs,56,151
./benchmark_tests/original/Biere/adder_3_4/pec_adder_3_bit_4_89.dqdimacs,57,152
./benchmark_tests/original/Biere/adder_3_4/pec_adder_3_bit_4_89.dqdimacs,58,150
./benchmark_tests/original/Biere/adder_3_4/pec_adder_3_bit_4_89.dqdimacs,59,150
./benchmark_tests/original/Biere/adder_3_4/pec_adder_3_bit_4_89.dqdimacs,60,151
./benchmark_tests/original/Biere/adder_3_4/pec_adder_3_bit_4_89.dqdimacs,61,153
./benchmark_tests/original/Biere/adder_3_4/pec_adder_3_bit_4_89.dqdimacs,62,153
./benchmark_tests/original/Biere/adder_3_4/pec_adder_3_bit_4_89.dqdimacs,63,151
./benchmark_tests/original/Biere/adder_3_4/pec_adder_3_bit_4_89.dqdimacs,64,152
./benchmark_tests/original/Biere/adder_3_4/pec_adder_3_bit_4_89.dqdimacs,65,152
./benchmark_tests/original/Biere/adder_3_4/pec_adder_3_bit_4_8.dqdimacs,4,391
./benchmark_tests/original/Biere/adder_3_4/pec_adder_3_bit_4_8.dqdimacs,5,344
./benchmark_tests/original/Biere/adder_3_4/pec_adder_3_bit_4_8.dqdimacs,6,344
./benchmark_tests/original/Biere/adder_3_4/pec_adder_3_bit_4_8.dqdimacs,10,341
./benchmark_tests/original/Biere/adder_3_4/pec_adder_3_bit_4_8.dqdimacs,11,322
./benchmark_tests/original/Biere/adder_3_4/pec_adder_3_bit_4_8.dqdimacs,12,272
./benchmark_tests/original/Biere/adder_3_4/pec_adder_3_bit_4_8.dqdimacs,13,227
./benchmark_tests/original/Biere/adder_3_4/pec_adder_3_bit_4_8.dqdimacs,17,194
./benchmark_tests/original/Biere/adder_3_4/pec_adder_3_bit_4_8.dqdimacs,18,182
./benchmark_tests/original/Biere/adder_3_4/pec_adder_3_bit_4_8.dqdimacs,19,182
./benchmark_tests/original/Biere/adder_3_4/pec_adder_3_bit_4_8.dqdimacs,20,183
./benchmark_tests/original/Biere/adder_3_4/pec_adder_3_bit_4_8.dqdimacs,22,183
./benchmark_tests/original/Biere/adder_3_4/pec_adder_3_bit_4_8.dqdimacs,23,183
./benchmark_tests/original/Biere/adder_3_4/pec_adder_3_bit_4_8.dqdimacs,24,184
./benchmark_tests/original/Biere/adder_3_4/pec_adder_3_bit_4_8.dqdimacs,25,183
./benchmark_tests/original/Biere/adder_3_4/pec_adder_3_bit_4_8.dqdimacs,26,184
./benchmark_tests/original/Biere/adder_3_4/pec_adder_3_bit_4_8.dqdimacs,27,185
./benchmark_tests/original/Biere/adder_3_4/pec_adder_3_bit_4_8.dqdimacs,29,183
./benchmark_tests/original/Biere/adder_3_4/pec_adder_3_bit_4_8.dqdimacs,30,183
./benchmark_tests/original/Biere/adder_3_4/pec_adder_3_bit_4_8.dqdimacs,31,186
./benchmark_tests/original/Biere/adder_3_4/pec_adder_3_bit_4_8.dqdimacs,33,184
./benchmark_tests/original/Biere/adder_3_4/pec_adder_3_bit_4_8.dqdimacs,34,184
./benchmark_tests/original/Biere/adder_3_4/pec_adder_3_bit_4_8.dqdimacs,35,185
./benchmark_tests/original/Biere/adder_3_4/pec_adder_3_bit_4_8.dqdimacs,36,184
./benchmark_tests/original/Biere/adder_3_4/pec_adder_3_bit_4_8.dqdimacs,37,186
./benchmark_tests/original/Biere/adder_3_4/pec_adder_3_bit_4_8.dqdimacs,39,182
./benchmark_tests/original/Biere/adder_3_4/pec_adder_3_bit_4_8.dqdimacs,40,183
./benchmark_tests/original/Biere/adder_3_4/pec_adder_3_bit_4_8.dqdimacs,41,185
./benchmark_tests/original/Biere/adder_3_4/pec_adder_3_bit_4_8.dqdimacs,43,182
./benchmark_tests/original/Biere/adder_3_4/pec_adder_3_bit_4_8.dqdimacs,44,182
./benchmark_tests/original/Biere/adder_3_4/pec_adder_3_bit_4_8.dqdimacs,45,186
./benchmark_tests/original/Biere/adder_3_4/pec_adder_3_bit_4_8.dqdimacs,47,181
./benchmark_tests/original/Biere/adder_3_4/pec_adder_3_bit_4_8.dqdimacs,48,184
./benchmark_tests/original/Biere/adder_3_4/pec_adder_3_bit_4_8.dqdimacs,49,184
./benchmark_tests/original/Biere/adder_3_4/pec_adder_3_bit_4_8.dqdimacs,50,184
./benchmark_tests/original/Biere/adder_3_4/pec_adder_3_bit_4_8.dqdimacs,51,184
./benchmark_tests/original/Biere/adder_3_4/pec_adder_3_bit_4_8.dqdimacs,52,186
./benchmark_tests/original/Biere/adder_3_4/pec_adder_3_bit_4_8.dqdimacs,54,183
./benchmark_tests/original/Biere/adder_3_4/pec_adder_3_bit_4_8.dqdimacs,55,184
./benchmark_tests/original/Biere/adder_3_4/pec_adder_3_bit_4_8.dqdimacs,56,185
./benchmark_tests/original/Biere/adder_3_4/pec_adder_3_bit_4_8.dqdimacs,57,183
./benchmark_tests/original/Biere/adder_3_4/pec_adder_3_bit_4_8.dqdimacs,58,182
./benchmark_tests/original/Biere/adder_3_4/pec_adder_3_bit_4_8.dqdimacs,59,183
./benchmark_tests/original/Biere/adder_3_4/pec_adder_3_bit_4_8.dqdimacs,60,183
./benchmark_tests/original/Biere/adder_3_4/pec_adder_3_bit_4_8.dqdimacs,61,184
./benchmark_tests/original/Biere/adder_3_4/pec_adder_3_bit_4_8.dqdimacs,62,184
./benchmark_tests/original/Biere/adder_3_4/pec_adder_3_bit_4_8.dqdimacs,63,183
./benchmark_tests/original/Biere/adder_3_4/pec_adder_3_bit_4_8.dqdimacs,64,182
./benchmark_tests/original/Biere/adder_3_4/pec_adder_3_bit_4_8.dqdimacs,65,182
./benchmark_tests/original/Biere/adder_3_4/pec_adder_3_bit_4_8.dqdimacs,66,183
./benchmark_tests/original/Biere/adder_3_4/pec_adder_3_bit_4_8.dqdimacs,67,184
./benchmark_tests/original/Biere/adder_3_4/pec_adder_3_bit_4_8.dqdimacs,68,183
./benchmark_tests/original/Biere/adder_3_4/pec_adder_3_bit_4_8.dqdimacs,69,183
./benchmark_tests/original/Biere/adder_3_4/pec_adder_3_bit_4_8.dqdimacs,70,184
./benchmark_tests/original/Biere/adder_3_4/pec_adder_3_bit_4_8.dqdimacs,71,184
./benchmark_tests/original/Biere/adder_3_4/pec_adder_3_bit_4_8.dqdimacs,72,183
./benchmark_tests/original/Biere/adder_3_4/pec_adder_3_bit_4_8.dqdimacs,73,184
./benchmark_tests/original/Biere/adder_3_4/pec_adder_3_bit_4_8.dqdimacs,74,184
./benchmark_tests/original/Biere/adder_3_4/pec_adder_3_bit_4_8.dqdimacs,75,184
./benchmark_tests/original/Biere/adder_3_4/pec_adder_3_bit_4_8.dqdimacs,76,183
./benchmark_tests/original/Biere/adder_3_4/pec_adder_3_bit_4_90.dqdimacs,4,373
./benchmark_tests/original/Biere/adder_3_4/pec_adder_3_bit_4_90.dqdimacs,5,321
./benchmark_tests/original/Biere/adder_3_4/pec_adder_3_bit_4_90.dqdimacs,6,322
./benchmark_tests/original/Biere/adder_3_4/pec_adder_3_bit_4_90.dqdimacs,10,321
./benchmark_tests/original/Biere/adder_3_4/pec_adder_3_bit_4_90.dqdimacs,11,314
./benchmark_tests/original/Biere/adder_3_4/pec_adder_3_bit_4_90.dqdimacs,12,272
./benchmark_tests/original/Biere/adder_3_4/pec_adder_3_bit_4_90.dqdimacs,13,230
./benchmark_tests/original/Biere/adder_3_4/pec_adder_3_bit_4_90.dqdimacs,17,195
./benchmark_tests/original/Biere/adder_3_4/pec_adder_3_bit_4_90.dqdimacs,18,173
./benchmark_tests/original/Biere/adder_3_4/pec_adder_3_bit_4_90.dqdimacs,19,171
./benchmark_tests/original/Biere/adder_3_4/pec_adder_3_bit_4_90.dqdimacs,20,171
./benchmark_tests/original/Biere/adder_3_4/pec_adder_3_bit_4_90.dqdimacs,22,171
./benchmark_tests/original/Biere/adder_3_4/pec_adder_3_bit_4_90.dqdimacs,23,171
./benchmark_tests/original/Biere/adder_3_4/pec_adder_3_bit_4_90.dqdimacs,24,170
./benchmark_tests/original/Biere/adder_3_4/pec_adder_3_bit_4_90.dqdimacs,25,170
./benchmark_tests/original/Biere/adder_3_4/pec_adder_3_bit_4_90.dqdimacs,26,172
./benchmark_tests/original/Biere/adder_3_4/pec_adder_3_bit_4_90.dqdimacs,27,172
./benchmark_tests/original/Biere/adder_3_4/pec_adder_3_bit_4_90.dqdimacs,29,171
./benchmark_tests/original/Biere/adder_3_4/pec_adder_3_bit_4_90.dqdimacs,30,171
./benchmark_tests/original/Biere/adder_3_4/pec_adder_3_bit_4_90.dqdimacs,31,173
./benchmark_tests/original/Biere/adder_3_4/pec_adder_3_bit_4_90.dqdimacs,33,169
./benchmark_tests/original/Biere/adder_3_4/pec_adder_3_bit_4_90.dqdimacs,34,170
./benchmark_tests/original/Biere/adder_3_4/pec_adder_3_bit_4_90.dqdimacs,35,172
./benchmark_tests/original/Biere/adder_3_4/pec_adder_3_bit_4_90.dqdimacs,37,171
./benchmark_tests/original/Biere/adder_3_4/pec_adder_3_bit_4_90.dqdimacs,38,170
./benchmark_tests/original/Biere/adder_3_4/pec_adder_3_bit_4_90.dqdimacs,39,173
./benchmark_tests/original/Biere/adder_3_4/pec_adder_3_bit_4_90.dqdimacs,41,169
./benchmark_tests/original/Biere/adder_3_4/pec_adder_3_bit_4_90.dqdimacs,42,170
./benchmark_tests/original/Biere/adder_3_4/pec_adder_3_bit_4_90.dqdimacs,43,170
./benchmark_tests/original/Biere/adder_3_4/pec_adder_3_bit_4_90.dqdimacs,44,173
./benchmark_tests/original/Biere/adder_3_4/pec_adder_3_bit_4_90.dqdimacs,46,171
./benchmark_tests/original/Biere/adder_3_4/pec_adder_3_bit_4_90.dqdimacs,47,171
./benchmark_tests/original/Biere/adder_3_4/pec_adder_3_bit_4_90.dqdimacs,48,171
./benchmark_tests/original/Biere/adder_3_4/pec_adder_3_bit_4_90.dqdimacs,49,171
./benchmark_tests/original/Biere/adder_3_4/pec_adder_3_bit_4_90.dqdimacs,50,171
./benchmark_tests/original/Biere/adder_3_4/pec_adder_3_bit_4_90.dqdimacs,51,173
./benchmark_tests/original/Biere/adder_3_4/pec_adder_3_bit_4_90.dqdimacs,52,171
./benchmark_tests/original/Biere/adder_3_4/pec_adder_3_bit_4_90.dqdimacs,53,171
./benchmark_tests/original/Biere/adder_3_4/pec_adder_3_bit_4_90.dqdimacs,54,171
./benchmark_tests/original/Biere/adder_3_4/pec_adder_3_bit_4_90.dqdimacs,55,172
./benchmark_tests/original/Biere/adder_3_4/pec_adder_3_bit_4_90.dqdimacs,56,170
./benchmark_tests/original/Biere/adder_3_4/pec_adder_3_bit_4_90.dqdimacs,57,170
./benchmark_tests/original/Biere/adder_3_4/pec_adder_3_bit_4_90.dqdimacs,58,170
./benchmark_tests/original/Biere/adder_3_4/pec_adder_3_bit_4_90.dqdimacs,59,172
./benchmark_tests/original/Biere/adder_3_4/pec_adder_3_bit_4_90.dqdimacs,60,172
./benchmark_tests/original/Biere/adder_3_4/pec_adder_3_bit_4_90.dqdimacs,61,172
./benchmark_tests/original/Biere/adder_3_4/pec_adder_3_bit_4_90.dqdimacs,62,170
./benchmark_tests/original/Biere/adder_3_4/pec_adder_3_bit_4_90.dqdimacs,63,170
./benchmark_tests/original/Biere/adder_3_4/pec_adder_3_bit_4_90.dqdimacs,64,170
./benchmark_tests/original/Biere/adder_3_4/pec_adder_3_bit_4_90.dqdimacs,65,170
./benchmark_tests/original/Biere/adder_3_4/pec_adder_3_bit_4_90.dqdimacs,66,171
./benchmark_tests/original/Biere/adder_3_4/pec_adder_3_bit_4_90.dqdimacs,67,171
./benchmark_tests/original/Biere/adder_3_4/pec_adder_3_bit_4_90.dqdimacs,68,171
./benchmark_tests/original/Biere/adder_3_4/pec_adder_3_bit_4_90.dqdimacs,69,172
./benchmark_tests/original/Biere/adder_3_4/pec_adder_3_bit_4_90.dqdimacs,70,170
./benchmark_tests/original/Biere/adder_3_4/pec_adder_3_bit_4_91.dqdimacs,4,175
./benchmark_tests/original/Biere/adder_3_4/pec_adder_3_bit_4_91.dqdimacs,5,121
./benchmark_tests/original/Biere/adder_3_4/pec_adder_3_bit_4_91.dqdimacs,6,121
./benchmark_tests/original/Biere/adder_3_4/pec_adder_3_bit_4_91.dqdimacs,10,122
./benchmark_tests/original/Biere/adder_3_4/pec_adder_3_bit_4_91.dqdimacs,11,121
./benchmark_tests/original/Biere/adder_3_4/pec_adder_3_bit_4_91.dqdimacs,12,123
./benchmark_tests/original/Biere/adder_3_4/pec_adder_3_bit_4_91.dqdimacs,13,125
./benchmark_tests/original/Biere/adder_3_4/pec_adder_3_bit_4_91.dqdimacs,17,124
./benchmark_tests/original/Biere/adder_3_4/pec_adder_3_bit_4_91.dqdimacs,18,121
./benchmark_tests/original/Biere/adder_3_4/pec_adder_3_bit_4_91.dqdimacs,19,121
./benchmark_tests/original/Biere/adder_3_4/pec_adder_3_bit_4_91.dqdimacs,20,124
./benchmark_tests/original/Biere/adder_3_4/pec_adder_3_bit_4_91.dqdimacs,22,123
./benchmark_tests/original/Biere/adder_3_4/pec_adder_3_bit_4_91.dqdimacs,23,116
./benchmark_tests/original/Biere/adder_3_4/pec_adder_3_bit_4_91.dqdimacs,24,109
./benchmark_tests/original/Biere/adder_3_4/pec_adder_3_bit_4_91.dqdimacs,25,104
./benchmark_tests/original/Biere/adder_3_4/pec_adder_3_bit_4_91.dqdimacs,26,97
./benchmark_tests/original/Biere/adder_3_4/pec_adder_3_bit_4_91.dqdimacs,27,93
./benchmark_tests/original/Biere/adder_3_4/pec_adder_3_bit_4_91.dqdimacs,29,85
./benchmark_tests/original/Biere/adder_3_4/pec_adder_3_bit_4_91.dqdimacs,30,79
./benchmark_tests/original/Biere/adder_3_4/pec_adder_3_bit_4_91.dqdimacs,31,76
./benchmark_tests/original/Biere/adder_3_4/pec_adder_3_bit_4_91.dqdimacs,32,72
./benchmark_tests/original/Biere/adder_3_4/pec_adder_3_bit_4_91.dqdimacs,33,68
./benchmark_tests/original/Biere/adder_3_4/pec_adder_3_bit_4_91.dqdimacs,34,67
./benchmark_tests/original/Biere/adder_3_4/pec_adder_3_bit_4_91.dqdimacs,35,68
./benchmark_tests/original/Biere/adder_3_4/pec_adder_3_bit_4_91.dqdimacs,36,66
./benchmark_tests/original/Biere/adder_3_4/pec_adder_3_bit_4_91.dqdimacs,37,66
./benchmark_tests/original/Biere/adder_3_4/pec_adder_3_bit_4_91.dqdimacs,38,67
./benchmark_tests/original/Biere/adder_3_4/pec_adder_3_bit_4_91.dqdimacs,39,67
./benchmark_tests/original/Biere/adder_3_4/pec_adder_3_bit_4_91.dqdimacs,40,66
./benchmark_tests/original/Biere/adder_3_4/pec_adder_3_bit_4_91.dqdimacs,41,65
./benchmark_tests/original/Biere/adder_3_4/pec_adder_3_bit_4_91.dqdimacs,42,66
./benchmark_tests/original/Biere/adder_3_4/pec_adder_3_bit_4_91.dqdimacs,43,66
./benchmark_tests/original/Biere/adder_3_4/pec_adder_3_bit_4_91.dqdimacs,44,66
./benchmark_tests/original/Biere/adder_3_4/pec_adder_3_bit_4_91.dqdimacs,45,65
./benchmark_tests/original/Biere/adder_3_4/pec_adder_3_bit_4_91.dqdimacs,46,65
./benchmark_tests/original/Biere/adder_3_4/pec_adder_3_bit_4_91.dqdimacs,47,66
./benchmark_tests/original/Biere/adder_3_4/pec_adder_3_bit_4_91.dqdimacs,48,67
./benchmark_tests/original/Biere/adder_3_4/pec_adder_3_bit_4_91.dqdimacs,49,65
./benchmark_tests/original/Biere/adder_3_4/pec_adder_3_bit_4_91.dqdimacs,50,67
./benchmark_tests/original/Biere/adder_3_4/pec_adder_3_bit_4_91.dqdimacs,51,67
./benchmark_tests/original/Biere/adder_3_4/pec_adder_3_bit_4_91.dqdimacs,52,65
./benchmark_tests/original/Biere/adder_3_4/pec_adder_3_bit_4_91.dqdimacs,53,66
./benchmark_tests/original/Biere/adder_3_4/pec_adder_3_bit_4_91.dqdimacs,54,66
./benchmark_tests/original/Biere/adder_3_4/pec_adder_3_bit_4_91.dqdimacs,55,67
./benchmark_tests/original/Biere/adder_3_4/pec_adder_3_bit_4_92.dqdimacs,4,289
./benchmark_tests/original/Biere/adder_3_4/pec_adder_3_bit_4_92.dqdimacs,5,241
./benchmark_tests/original/Biere/adder_3_4/pec_adder_3_bit_4_92.dqdimacs,6,238
./benchmark_tests/original/Biere/adder_3_4/pec_adder_3_bit_4_92.dqdimacs,10,239
./benchmark_tests/original/Biere/adder_3_4/pec_adder_3_bit_4_92.dqdimacs,11,238
./benchmark_tests/original/Biere/adder_3_4/pec_adder_3_bit_4_92.dqdimacs,12,239
./benchmark_tests/original/Biere/adder_3_4/pec_adder_3_bit_4_92.dqdimacs,13,226
./benchmark_tests/original/Biere/adder_3_4/pec_adder_3_bit_4_92.dqdimacs,17,199
./benchmark_tests/original/Biere/adder_3_4/pec_adder_3_bit_4_92.dqdimacs,18,175
./benchmark_tests/original/Biere/adder_3_4/pec_adder_3_bit_4_92.dqdimacs,19,153
./benchmark_tests/original/Biere/adder_3_4/pec_adder_3_bit_4_92.dqdimacs,20,138
./benchmark_tests/original/Biere/adder_3_4/pec_adder_3_bit_4_92.dqdimacs,22,127
./benchmark_tests/original/Biere/adder_3_4/pec_adder_3_bit_4_92.dqdimacs,23,128
./benchmark_tests/original/Biere/adder_3_4/pec_adder_3_bit_4_92.dqdimacs,24,128
./benchmark_tests/original/Biere/adder_3_4/pec_adder_3_bit_4_92.dqdimacs,25,128
./benchmark_tests/original/Biere/adder_3_4/pec_adder_3_bit_4_92.dqdimacs,26,127
./benchmark_tests/original/Biere/adder_3_4/pec_adder_3_bit_4_92.dqdimacs,27,130
./benchmark_tests/original/Biere/adder_3_4/pec_adder_3_bit_4_92.dqdimacs,29,127
./benchmark_tests/original/Biere/adder_3_4/pec_adder_3_bit_4_92.dqdimacs,30,127
./benchmark_tests/original/Biere/adder_3_4/pec_adder_3_bit_4_92.dqdimacs,31,130
./benchmark_tests/original/Biere/adder_3_4/pec_adder_3_bit_4_92.dqdimacs,33,128
./benchmark_tests/original/Biere/adder_3_4/pec_adder_3_bit_4_92.dqdimacs,34,128
./benchmark_tests/original/Biere/adder_3_4/pec_adder_3_bit_4_92.dqdimacs,35,126
./benchmark_tests/original/Biere/adder_3_4/pec_adder_3_bit_4_92.dqdimacs,36,127
./benchmark_tests/original/Biere/adder_3_4/pec_adder_3_bit_4_92.dqdimacs,37,127
./benchmark_tests/original/Biere/adder_3_4/pec_adder_3_bit_4_92.dqdimacs,38,127
./benchmark_tests/original/Biere/adder_3_4/pec_adder_3_bit_4_92.dqdimacs,39,130
./benchmark_tests/original/Biere/adder_3_4/pec_adder_3_bit_4_92.dqdimacs,41,127
./benchmark_tests/original/Biere/adder_3_4/pec_adder_3_bit_4_92.dqdimacs,42,127
./benchmark_tests/original/Biere/adder_3_4/pec_adder_3_bit_4_92.dqdimacs,43,128
./benchmark_tests/original/Biere/adder_3_4/pec_adder_3_bit_4_92.dqdimacs,44,129
./benchmark_tests/original/Biere/adder_3_4/pec_adder_3_bit_4_92.dqdimacs,46,128
./benchmark_tests/original/Biere/adder_3_4/pec_adder_3_bit_4_92.dqdimacs,47,128
./benchmark_tests/original/Biere/adder_3_4/pec_adder_3_bit_4_92.dqdimacs,48,129
./benchmark_tests/original/Biere/adder_3_4/pec_adder_3_bit_4_92.dqdimacs,50,127
./benchmark_tests/original/Biere/adder_3_4/pec_adder_3_bit_4_92.dqdimacs,51,127
./benchmark_tests/original/Biere/adder_3_4/pec_adder_3_bit_4_92.dqdimacs,52,127
./benchmark_tests/original/Biere/adder_3_4/pec_adder_3_bit_4_92.dqdimacs,53,128
./benchmark_tests/original/Biere/adder_3_4/pec_adder_3_bit_4_92.dqdimacs,55,127
./benchmark_tests/original/Biere/adder_3_4/pec_adder_3_bit_4_92.dqdimacs,56,127
./benchmark_tests/original/Biere/adder_3_4/pec_adder_3_bit_4_92.dqdimacs,57,128
./benchmark_tests/original/Biere/adder_3_4/pec_adder_3_bit_4_92.dqdimacs,58,129
./benchmark_tests/original/Biere/adder_3_4/pec_adder_3_bit_4_92.dqdimacs,59,128
./benchmark_tests/original/Biere/adder_3_4/pec_adder_3_bit_4_92.dqdimacs,60,127
./benchmark_tests/original/Biere/adder_3_4/pec_adder_3_bit_4_92.dqdimacs,61,127
./benchmark_tests/original/Biere/adder_3_4/pec_adder_3_bit_4_92.dqdimacs,62,128
./benchmark_tests/original/Biere/adder_3_4/pec_adder_3_bit_4_92.dqdimacs,63,127
./benchmark_tests/original/Biere/adder_3_4/pec_adder_3_bit_4_92.dqdimacs,64,128
./benchmark_tests/original/Biere/adder_3_4/pec_adder_3_bit_4_92.dqdimacs,65,127
./benchmark_tests/original/Biere/adder_3_4/pec_adder_3_bit_4_92.dqdimacs,66,127
./benchmark_tests/original/Biere/adder_3_4/pec_adder_3_bit_4_92.dqdimacs,67,126
./benchmark_tests/original/Biere/adder_3_4/pec_adder_3_bit_4_92.dqdimacs,68,128
./benchmark_tests/original/Biere/adder_3_4/pec_adder_3_bit_4_92.dqdimacs,69,127
./benchmark_tests/original/Biere/adder_3_4/pec_adder_3_bit_4_92.dqdimacs,70,129
./benchmark_tests/original/Biere/adder_3_4/pec_adder_3_bit_4_92.dqdimacs,71,128
./benchmark_tests/original/Biere/adder_3_4/pec_adder_3_bit_4_92.dqdimacs,72,128
./benchmark_tests/original/Biere/adder_3_4/pec_adder_3_bit_4_92.dqdimacs,73,127
./benchmark_tests/original/Biere/adder_3_4/pec_adder_3_bit_4_92.dqdimacs,74,127
./benchmark_tests/original/Biere/adder_3_4/pec_adder_3_bit_4_93.dqdimacs,4,344
./benchmark_tests/original/Biere/adder_3_4/pec_adder_3_bit_4_93.dqdimacs,5,293
./benchmark_tests/original/Biere/adder_3_4/pec_adder_3_bit_4_93.dqdimacs,6,295
./benchmark_tests/original/Biere/adder_3_4/pec_adder_3_bit_4_93.dqdimacs,10,294
./benchmark_tests/original/Biere/adder_3_4/pec_adder_3_bit_4_93.dqdimacs,11,294
./benchmark_tests/original/Biere/adder_3_4/pec_adder_3_bit_4_93.dqdimacs,12,269
./benchmark_tests/original/Biere/adder_3_4/pec_adder_3_bit_4_93.dqdimacs,13,232
./benchmark_tests/original/Biere/adder_3_4/pec_adder_3_bit_4_93.dqdimacs,17,197
./benchmark_tests/original/Biere/adder_3_4/pec_adder_3_bit_4_93.dqdimacs,18,170
./benchmark_tests/original/Biere/adder_3_4/pec_adder_3_bit_4_93.dqdimacs,19,155
./benchmark_tests/original/Biere/adder_3_4/pec_adder_3_bit_4_93.dqdimacs,20,156
./benchmark_tests/original/Biere/adder_3_4/pec_adder_3_bit_4_93.dqdimacs,22,155
./benchmark_tests/original/Biere/adder_3_4/pec_adder_3_bit_4_93.dqdimacs,23,155
./benchmark_tests/original/Biere/adder_3_4/pec_adder_3_bit_4_93.dqdimacs,24,156
./benchmark_tests/original/Biere/adder_3_4/pec_adder_3_bit_4_93.dqdimacs,25,155
./benchmark_tests/original/Biere/adder_3_4/pec_adder_3_bit_4_93.dqdimacs,26,155
./benchmark_tests/original/Biere/adder_3_4/pec_adder_3_bit_4_93.dqdimacs,27,156
./benchmark_tests/original/Biere/adder_3_4/pec_adder_3_bit_4_93.dqdimacs,29,155
./benchmark_tests/original/Biere/adder_3_4/pec_adder_3_bit_4_93.dqdimacs,30,155
./benchmark_tests/original/Biere/adder_3_4/pec_adder_3_bit_4_93.dqdimacs,31,158
./benchmark_tests/original/Biere/adder_3_4/pec_adder_3_bit_4_93.dqdimacs,33,155
./benchmark_tests/original/Biere/adder_3_4/pec_adder_3_bit_4_93.dqdimacs,34,155
./benchmark_tests/original/Biere/adder_3_4/pec_adder_3_bit_4_93.dqdimacs,35,157
./benchmark_tests/original/Biere/adder_3_4/pec_adder_3_bit_4_93.dqdimacs,37,156
./benchmark_tests/original/Biere/adder_3_4/pec_adder_3_bit_4_93.dqdimacs,38,156
./benchmark_tests/original/Biere/adder_3_4/pec_adder_3_bit_4_93.dqdimacs,39,158
./benchmark_tests/original/Biere/adder_3_4/pec_adder_3_bit_4_93.dqdimacs,41,155
./benchmark_tests/original/Biere/adder_3_4/pec_adder_3_bit_4_93.dqdimacs,42,156
./benchmark_tests/original/Biere/adder_3_4/pec_adder_3_bit_4_93.dqdimacs,43,157
./benchmark_tests/original/Biere/adder_3_4/pec_adder_3_bit_4_93.dqdimacs,44,158
./benchmark_tests/original/Biere/adder_3_4/pec_adder_3_bit_4_93.dqdimacs,46,157
./benchmark_tests/original/Biere/adder_3_4/pec_adder_3_bit_4_93.dqdimacs,47,156
./benchmark_tests/original/Biere/adder_3_4/pec_adder_3_bit_4_93.dqdimacs,48,158
./benchmark_tests/original/Biere/adder_3_4/pec_adder_3_bit_4_93.dqdimacs,50,156
./benchmark_tests/original/Biere/adder_3_4/pec_adder_3_bit_4_93.dqdimacs,51,156
./benchmark_tests/original/Biere/adder_3_4/pec_adder_3_bit_4_93.dqdimacs,52,155
./benchmark_tests/original/Biere/adder_3_4/pec_adder_3_bit_4_93.dqdimacs,53,154
./benchmark_tests/original/Biere/adder_3_4/pec_adder_3_bit_4_93.dqdimacs,54,154
./benchmark_tests/original/Biere/adder_3_4/pec_adder_3_bit_4_93.dqdimacs,55,157
./benchmark_tests/original/Biere/adder_3_4/pec_adder_3_bit_4_93.dqdimacs,57,155
./benchmark_tests/original/Biere/adder_3_4/pec_adder_3_bit_4_93.dqdimacs,58,156
./benchmark_tests/original/Biere/adder_3_4/pec_adder_3_bit_4_93.dqdimacs,59,157
./benchmark_tests/original/Biere/adder_3_4/pec_adder_3_bit_4_93.dqdimacs,60,156
./benchmark_tests/original/Biere/adder_3_4/pec_adder_3_bit_4_93.dqdimacs,61,156
./benchmark_tests/original/Biere/adder_3_4/pec_adder_3_bit_4_93.dqdimacs,62,157
./benchmark_tests/original/Biere/adder_3_4/pec_adder_3_bit_4_93.dqdimacs,63,156
./benchmark_tests/original/Biere/adder_3_4/pec_adder_3_bit_4_93.dqdimacs,64,156
./benchmark_tests/original/Biere/adder_3_4/pec_adder_3_bit_4_93.dqdimacs,65,156
./benchmark_tests/original/Biere/adder_3_4/pec_adder_3_bit_4_93.dqdimacs,66,156
./benchmark_tests/original/Biere/adder_3_4/pec_adder_3_bit_4_93.dqdimacs,67,155
./benchmark_tests/original/Biere/adder_3_4/pec_adder_3_bit_4_93.dqdimacs,68,155
./benchmark_tests/original/Biere/adder_3_4/pec_adder_3_bit_4_93.dqdimacs,69,155
./benchmark_tests/original/Biere/adder_3_4/pec_adder_3_bit_4_93.dqdimacs,70,155
./benchmark_tests/original/Biere/adder_3_4/pec_adder_3_bit_4_93.dqdimacs,71,155
./benchmark_tests/original/Biere/adder_3_4/pec_adder_3_bit_4_93.dqdimacs,72,155
./benchmark_tests/original/Biere/adder_3_4/pec_adder_3_bit_4_93.dqdimacs,73,155
./benchmark_tests/original/Biere/adder_3_4/pec_adder_3_bit_4_93.dqdimacs,74,156
./benchmark_tests/original/Biere/adder_3_4/pec_adder_3_bit_4_93.dqdimacs,75,156
./benchmark_tests/original/Biere/adder_3_4/pec_adder_3_bit_4_93.dqdimacs,76,156
./benchmark_tests/original/Biere/adder_3_4/pec_adder_3_bit_4_93.dqdimacs,77,156
./benchmark_tests/original/Biere/adder_3_4/pec_adder_3_bit_4_94.dqdimacs,4,215
./benchmark_tests/original/Biere/adder_3_4/pec_adder_3_bit_4_94.dqdimacs,5,164
./benchmark_tests/original/Biere/adder_3_4/pec_adder_3_bit_4_94.dqdimacs,6,166
./benchmark_tests/original/Biere/adder_3_4/pec_adder_3_bit_4_94.dqdimacs,10,167
./benchmark_tests/original/Biere/adder_3_4/pec_adder_3_bit_4_94.dqdimacs,11,162
./benchmark_tests/original/Biere/adder_3_4/pec_adder_3_bit_4_94.dqdimacs,12,164
./benchmark_tests/original/Biere/adder_3_4/pec_adder_3_bit_4_94.dqdimacs,13,167
./benchmark_tests/original/Biere/adder_3_4/pec_adder_3_bit_4_94.dqdimacs,17,164
./benchmark_tests/original/Biere/adder_3_4/pec_adder_3_bit_4_94.dqdimacs,18,154
./benchmark_tests/original/Biere/adder_3_4/pec_adder_3_bit_4_94.dqdimacs,19,142
./benchmark_tests/original/Biere/adder_3_4/pec_adder_3_bit_4_94.dqdimacs,20,131
./benchmark_tests/original/Biere/adder_3_4/pec_adder_3_bit_4_94.dqdimacs,22,122
./benchmark_tests/original/Biere/adder_3_4/pec_adder_3_bit_4_94.dqdimacs,23,112
./benchmark_tests/original/Biere/adder_3_4/pec_adder_3_bit_4_94.dqdimacs,24,103
./benchmark_tests/original/Biere/adder_3_4/pec_adder_3_bit_4_94.dqdimacs,25,96
./benchmark_tests/original/Biere/adder_3_4/pec_adder_3_bit_4_94.dqdimacs,26,88
./benchmark_tests/original/Biere/adder_3_4/pec_adder_3_bit_4_94.dqdimacs,27,90
./benchmark_tests/original/Biere/adder_3_4/pec_adder_3_bit_4_94.dqdimacs,29,89
./benchmark_tests/original/Biere/adder_3_4/pec_adder_3_bit_4_94.dqdimacs,30,88
./benchmark_tests/original/Biere/adder_3_4/pec_adder_3_bit_4_94.dqdimacs,31,91
./benchmark_tests/original/Biere/adder_3_4/pec_adder_3_bit_4_94.dqdimacs,33,89
./benchmark_tests/original/Biere/adder_3_4/pec_adder_3_bit_4_94.dqdimacs,34,89
./benchmark_tests/original/Biere/adder_3_4/pec_adder_3_bit_4_94.dqdimacs,35,92
./benchmark_tests/original/Biere/adder_3_4/pec_adder_3_bit_4_94.dqdimacs,37,87
./benchmark_tests/original/Biere/adder_3_4/pec_adder_3_bit_4_94.dqdimacs,38,88
./benchmark_tests/original/Biere/adder_3_4/pec_adder_3_bit_4_94.dqdimacs,39,89
./benchmark_tests/original/Biere/adder_3_4/pec_adder_3_bit_4_94.dqdimacs,40,90
./benchmark_tests/original/Biere/adder_3_4/pec_adder_3_bit_4_94.dqdimacs,42,89
./benchmark_tests/original/Biere/adder_3_4/pec_adder_3_bit_4_94.dqdimacs,43,89
./benchmark_tests/original/Biere/adder_3_4/pec_adder_3_bit_4_94.dqdimacs,44,89
./benchmark_tests/original/Biere/adder_3_4/pec_adder_3_bit_4_94.dqdimacs,45,89
./benchmark_tests/original/Biere/adder_3_4/pec_adder_3_bit_4_94.dqdimacs,47,88
./benchmark_tests/original/Biere/adder_3_4/pec_adder_3_bit_4_94.dqdimacs,48,88
./benchmark_tests/original/Biere/adder_3_4/pec_adder_3_bit_4_94.dqdimacs,49,89
./benchmark_tests/original/Biere/adder_3_4/pec_adder_3_bit_4_94.dqdimacs,51,89
./benchmark_tests/original/Biere/adder_3_4/pec_adder_3_bit_4_94.dqdimacs,52,89
./benchmark_tests/original/Biere/adder_3_4/pec_adder_3_bit_4_94.dqdimacs,53,90
./benchmark_tests/original/Biere/adder_3_4/pec_adder_3_bit_4_94.dqdimacs,55,87
./benchmark_tests/original/Biere/adder_3_4/pec_adder_3_bit_4_94.dqdimacs,56,90
./benchmark_tests/original/Biere/adder_3_4/pec_adder_3_bit_4_94.dqdimacs,57,90
./benchmark_tests/original/Biere/adder_3_4/pec_adder_3_bit_4_94.dqdimacs,58,90
./benchmark_tests/original/Biere/adder_3_4/pec_adder_3_bit_4_94.dqdimacs,60,89
./benchmark_tests/original/Biere/adder_3_4/pec_adder_3_bit_4_94.dqdimacs,61,89
./benchmark_tests/original/Biere/adder_3_4/pec_adder_3_bit_4_94.dqdimacs,62,90
./benchmark_tests/original/Biere/adder_3_4/pec_adder_3_bit_4_94.dqdimacs,63,89
./benchmark_tests/original/Biere/adder_3_4/pec_adder_3_bit_4_94.dqdimacs,64,87
./benchmark_tests/original/Biere/adder_3_4/pec_adder_3_bit_4_94.dqdimacs,65,89
./benchmark_tests/original/Biere/adder_3_4/pec_adder_3_bit_4_94.dqdimacs,66,88
./benchmark_tests/original/Biere/adder_3_4/pec_adder_3_bit_4_94.dqdimacs,67,89
./benchmark_tests/original/Biere/adder_3_4/pec_adder_3_bit_4_94.dqdimacs,68,87
./benchmark_tests/original/Biere/adder_3_4/pec_adder_3_bit_4_94.dqdimacs,69,89
./benchmark_tests/original/Biere/adder_3_4/pec_adder_3_bit_4_94.dqdimacs,70,88
./benchmark_tests/original/Biere/adder_3_4/pec_adder_3_bit_4_94.dqdimacs,71,89
./benchmark_tests/original/Biere/adder_3_4/pec_adder_3_bit_4_94.dqdimacs,72,88
./benchmark_tests/original/Biere/adder_3_4/pec_adder_3_bit_4_94.dqdimacs,73,88
./benchmark_tests/original/Biere/adder_3_4/pec_adder_3_bit_4_94.dqdimacs,74,89
./benchmark_tests/original/Biere/adder_3_4/pec_adder_3_bit_4_94.dqdimacs,75,87
./benchmark_tests/original/Biere/adder_3_4/pec_adder_3_bit_4_94.dqdimacs,76,88
./benchmark_tests/original/Biere/adder_3_4/pec_adder_3_bit_4_94.dqdimacs,77,88
./benchmark_tests/original/Biere/adder_3_4/pec_adder_3_bit_4_94.dqdimacs,78,87
./benchmark_tests/original/Biere/adder_3_4/pec_adder_3_bit_4_94.dqdimacs,79,87
./benchmark_tests/original/Biere/adder_3_4/pec_adder_3_bit_4_94.dqdimacs,80,88
./benchmark_tests/original/Biere/adder_3_4/pec_adder_3_bit_4_94.dqdimacs,81,87
./benchmark_tests/original/Biere/adder_3_4/pec_adder_3_bit_4_95.dqdimacs,4,226
./benchmark_tests/original/Biere/adder_3_4/pec_adder_3_bit_4_95.dqdimacs,5,169
./benchmark_tests/original/Biere/adder_3_4/pec_adder_3_bit_4_95.dqdimacs,6,149
./benchmark_tests/original/Biere/adder_3_4/pec_adder_3_bit_4_95.dqdimacs,10,150
./benchmark_tests/original/Biere/adder_3_4/pec_adder_3_bit_4_95.dqdimacs,11,149
./benchmark_tests/original/Biere/adder_3_4/pec_adder_3_bit_4_95.dqdimacs,12,150
./benchmark_tests/original/Biere/adder_3_4/pec_adder_3_bit_4_95.dqdimacs,13,150
./benchmark_tests/original/Biere/adder_3_4/pec_adder_3_bit_4_95.dqdimacs,17,149
./benchmark_tests/original/Biere/adder_3_4/pec_adder_3_bit_4_95.dqdimacs,18,148
./benchmark_tests/original/Biere/adder_3_4/pec_adder_3_bit_4_95.dqdimacs,19,143
./benchmark_tests/original/Biere/adder_3_4/pec_adder_3_bit_4_95.dqdimacs,20,136
./benchmark_tests/original/Biere/adder_3_4/pec_adder_3_bit_4_95.dqdimacs,22,125
./benchmark_tests/original/Biere/adder_3_4/pec_adder_3_bit_4_95.dqdimacs,23,116
./benchmark_tests/original/Biere/adder_3_4/pec_adder_3_bit_4_95.dqdimacs,24,106
./benchmark_tests/original/Biere/adder_3_4/pec_adder_3_bit_4_95.dqdimacs,25,99
./benchmark_tests/original/Biere/adder_3_4/pec_adder_3_bit_4_95.dqdimacs,26,92
./benchmark_tests/original/Biere/adder_3_4/pec_adder_3_bit_4_95.dqdimacs,27,88
./benchmark_tests/original/Biere/adder_3_4/pec_adder_3_bit_4_95.dqdimacs,29,81
./benchmark_tests/original/Biere/adder_3_4/pec_adder_3_bit_4_95.dqdimacs,30,85
./benchmark_tests/original/Biere/adder_3_4/pec_adder_3_bit_4_95.dqdimacs,31,81
./benchmark_tests/original/Biere/adder_3_4/pec_adder_3_bit_4_95.dqdimacs,33,78
./benchmark_tests/original/Biere/adder_3_4/pec_adder_3_bit_4_95.dqdimacs,34,79
./benchmark_tests/original/Biere/adder_3_4/pec_adder_3_bit_4_95.dqdimacs,35,81
./benchmark_tests/original/Biere/adder_3_4/pec_adder_3_bit_4_95.dqdimacs,37,79
./benchmark_tests/original/Biere/adder_3_4/pec_adder_3_bit_4_95.dqdimacs,38,80
./benchmark_tests/original/Biere/adder_3_4/pec_adder_3_bit_4_95.dqdimacs,39,79
./benchmark_tests/original/Biere/adder_3_4/pec_adder_3_bit_4_95.dqdimacs,40,80
./benchmark_tests/original/Biere/adder_3_4/pec_adder_3_bit_4_95.dqdimacs,42,78
./benchmark_tests/original/Biere/adder_3_4/pec_adder_3_bit_4_95.dqdimacs,43,79
./benchmark_tests/original/Biere/adder_3_4/pec_adder_3_bit_4_95.dqdimacs,44,80
./benchmark_tests/original/Biere/adder_3_4/pec_adder_3_bit_4_95.dqdimacs,45,79
./benchmark_tests/original/Biere/adder_3_4/pec_adder_3_bit_4_95.dqdimacs,46,79
./benchmark_tests/original/Biere/adder_3_4/pec_adder_3_bit_4_95.dqdimacs,47,79
./benchmark_tests/original/Biere/adder_3_4/pec_adder_3_bit_4_95.dqdimacs,48,79
./benchmark_tests/original/Biere/adder_3_4/pec_adder_3_bit_4_95.dqdimacs,49,79
./benchmark_tests/original/Biere/adder_3_4/pec_adder_3_bit_4_95.dqdimacs,50,80
./benchmark_tests/original/Biere/adder_3_4/pec_adder_3_bit_4_95.dqdimacs,51,80
./benchmark_tests/original/Biere/adder_3_4/pec_adder_3_bit_4_95.dqdimacs,52,79
./benchmark_tests/original/Biere/adder_3_4/pec_adder_3_bit_4_95.dqdimacs,53,80
./benchmark_tests/original/Biere/adder_3_4/pec_adder_3_bit_4_95.dqdimacs,54,79
./benchmark_tests/original/Biere/adder_3_4/pec_adder_3_bit_4_95.dqdimacs,55,79
./benchmark_tests/original/Biere/adder_3_4/pec_adder_3_bit_4_95.dqdimacs,56,79
./benchmark_tests/original/Biere/adder_3_4/pec_adder_3_bit_4_95.dqdimacs,57,79
./benchmark_tests/original/Biere/adder_3_4/pec_adder_3_bit_4_95.dqdimacs,58,79
./benchmark_tests/original/Biere/adder_3_4/pec_adder_3_bit_4_95.dqdimacs,59,80
./benchmark_tests/original/Biere/adder_3_4/pec_adder_3_bit_4_95.dqdimacs,60,79
./benchmark_tests/original/Biere/adder_3_4/pec_adder_3_bit_4_95.dqdimacs,61,79
./benchmark_tests/original/Biere/adder_3_4/pec_adder_3_bit_4_95.dqdimacs,62,80
./benchmark_tests/original/Biere/adder_3_4/pec_adder_3_bit_4_95.dqdimacs,63,81
./benchmark_tests/original/Biere/adder_3_4/pec_adder_3_bit_4_95.dqdimacs,64,79
./benchmark_tests/original/Biere/adder_3_4/pec_adder_3_bit_4_95.dqdimacs,65,79
./benchmark_tests/original/Biere/adder_3_4/pec_adder_3_bit_4_95.dqdimacs,66,79
./benchmark_tests/original/Biere/adder_3_4/pec_adder_3_bit_4_95.dqdimacs,67,78
./benchmark_tests/original/Biere/adder_3_4/pec_adder_3_bit_4_96.dqdimacs,4,343
./benchmark_tests/original/Biere/adder_3_4/pec_adder_3_bit_4_96.dqdimacs,5,293
./benchmark_tests/original/Biere/adder_3_4/pec_adder_3_bit_4_96.dqdimacs,6,291
./benchmark_tests/original/Biere/adder_3_4/pec_adder_3_bit_4_96.dqdimacs,10,291
./benchmark_tests/original/Biere/adder_3_4/pec_adder_3_bit_4_96.dqdimacs,11,291
./benchmark_tests/original/Biere/adder_3_4/pec_adder_3_bit_4_96.dqdimacs,12,267
./benchmark_tests/original/Biere/adder_3_4/pec_adder_3_bit_4_96.dqdimacs,13,231
./benchmark_tests/original/Biere/adder_3_4/pec_adder_3_bit_4_96.dqdimacs,17,197
./benchmark_tests/original/Biere/adder_3_4/pec_adder_3_bit_4_96.dqdimacs,18,172
./benchmark_tests/original/Biere/adder_3_4/pec_adder_3_bit_4_96.dqdimacs,19,157
./benchmark_tests/original/Biere/adder_3_4/pec_adder_3_bit_4_96.dqdimacs,20,155
./benchmark_tests/original/Biere/adder_3_4/pec_adder_3_bit_4_96.dqdimacs,22,154
./benchmark_tests/original/Biere/adder_3_4/pec_adder_3_bit_4_96.dqdimacs,23,154
./benchmark_tests/original/Biere/adder_3_4/pec_adder_3_bit_4_96.dqdimacs,24,155
./benchmark_tests/original/Biere/adder_3_4/pec_adder_3_bit_4_96.dqdimacs,25,155
./benchmark_tests/original/Biere/adder_3_4/pec_adder_3_bit_4_96.dqdimacs,26,155
./benchmark_tests/original/Biere/adder_3_4/pec_adder_3_bit_4_96.dqdimacs,27,158
./benchmark_tests/original/Biere/adder_3_4/pec_adder_3_bit_4_96.dqdimacs,29,156
./benchmark_tests/original/Biere/adder_3_4/pec_adder_3_bit_4_96.dqdimacs,30,156
./benchmark_tests/original/Biere/adder_3_4/pec_adder_3_bit_4_96.dqdimacs,31,158
./benchmark_tests/original/Biere/adder_3_4/pec_adder_3_bit_4_96.dqdimacs,33,156
./benchmark_tests/original/Biere/adder_3_4/pec_adder_3_bit_4_96.dqdimacs,34,156
./benchmark_tests/original/Biere/adder_3_4/pec_adder_3_bit_4_96.dqdimacs,35,158
./benchmark_tests/original/Biere/adder_3_4/pec_adder_3_bit_4_96.dqdimacs,37,155
./benchmark_tests/original/Biere/adder_3_4/pec_adder_3_bit_4_96.dqdimacs,38,156
./benchmark_tests/original/Biere/adder_3_4/pec_adder_3_bit_4_96.dqdimacs,39,156
./benchmark_tests/original/Biere/adder_3_4/pec_adder_3_bit_4_96.dqdimacs,40,159
./benchmark_tests/original/Biere/adder_3_4/pec_adder_3_bit_4_96.dqdimacs,42,156
./benchmark_tests/original/Biere/adder_3_4/pec_adder_3_bit_4_96.dqdimacs,43,156
./benchmark_tests/original/Biere/adder_3_4/pec_adder_3_bit_4_96.dqdimacs,44,155
./benchmark_tests/original/Biere/adder_3_4/pec_adder_3_bit_4_96.dqdimacs,45,158
./benchmark_tests/original/Biere/adder_3_4/pec_adder_3_bit_4_96.dqdimacs,47,154
./benchmark_tests/original/Biere/adder_3_4/pec_adder_3_bit_4_96.dqdimacs,48,154
./benchmark_tests/original/Biere/adder_3_4/pec_adder_3_bit_4_96.dqdimacs,49,154
./benchmark_tests/original/Biere/adder_3_4/pec_adder_3_bit_4_96.dqdimacs,50,156
./benchmark_tests/original/Biere/adder_3_4/pec_adder_3_bit_4_96.dqdimacs,52,155
./benchmark_tests/original/Biere/adder_3_4/pec_adder_3_bit_4_96.dqdimacs,53,155
./benchmark_tests/original/Biere/adder_3_4/pec_adder_3_bit_4_96.dqdimacs,54,156
./benchmark_tests/original/Biere/adder_3_4/pec_adder_3_bit_4_96.dqdimacs,56,155
./benchmark_tests/original/Biere/adder_3_4/pec_adder_3_bit_4_96.dqdimacs,57,155
./benchmark_tests/original/Biere/adder_3_4/pec_adder_3_bit_4_96.dqdimacs,58,155
./benchmark_tests/original/Biere/adder_3_4/pec_adder_3_bit_4_96.dqdimacs,59,157
./benchmark_tests/original/Biere/adder_3_4/pec_adder_3_bit_4_96.dqdimacs,60,154
./benchmark_tests/original/Biere/adder_3_4/pec_adder_3_bit_4_96.dqdimacs,61,154
./benchmark_tests/original/Biere/adder_3_4/pec_adder_3_bit_4_96.dqdimacs,62,154
./benchmark_tests/original/Biere/adder_3_4/pec_adder_3_bit_4_96.dqdimacs,63,155
./benchmark_tests/original/Biere/adder_3_4/pec_adder_3_bit_4_96.dqdimacs,64,155
./benchmark_tests/original/Biere/adder_3_4/pec_adder_3_bit_4_96.dqdimacs,65,154
./benchmark_tests/original/Biere/adder_3_4/pec_adder_3_bit_4_96.dqdimacs,66,155
./benchmark_tests/original/Biere/adder_3_4/pec_adder_3_bit_4_96.dqdimacs,67,154
./benchmark_tests/original/Biere/adder_3_4/pec_adder_3_bit_4_96.dqdimacs,68,154
./benchmark_tests/original/Biere/adder_3_4/pec_adder_3_bit_4_96.dqdimacs,69,154
./benchmark_tests/original/Biere/adder_3_4/pec_adder_3_bit_4_96.dqdimacs,70,155
./benchmark_tests/original/Biere/adder_3_4/pec_adder_3_bit_4_96.dqdimacs,71,155
./benchmark_tests/original/Biere/adder_3_4/pec_adder_3_bit_4_96.dqdimacs,72,155
./benchmark_tests/original/Biere/adder_3_4/pec_adder_3_bit_4_96.dqdimacs,73,156
./benchmark_tests/original/Biere/adder_3_4/pec_adder_3_bit_4_96.dqdimacs,74,156
./benchmark_tests/original/Biere/adder_3_4/pec_adder_3_bit_4_96.dqdimacs,75,156
./benchmark_tests/original/Biere/adder_3_4/pec_adder_3_bit_4_96.dqdimacs,76,156
./benchmark_tests/original/Biere/adder_3_4/pec_adder_3_bit_4_96.dqdimacs,77,155
./benchmark_tests/original/Biere/adder_3_4/pec_adder_3_bit_4_96.dqdimacs,78,156
./benchmark_tests/original/Biere/adder_3_4/pec_adder_3_bit_4_97.dqdimacs,4,336
./benchmark_tests/original/Biere/adder_3_4/pec_adder_3_bit_4_97.dqdimacs,5,289
./benchmark_tests/original/Biere/adder_3_4/pec_adder_3_bit_4_97.dqdimacs,6,288
./benchmark_tests/original/Biere/adder_3_4/pec_adder_3_bit_4_97.dqdimacs,10,284
./benchmark_tests/original/Biere/adder_3_4/pec_adder_3_bit_4_97.dqdimacs,11,286
./benchmark_tests/original/Biere/adder_3_4/pec_adder_3_bit_4_97.dqdimacs,12,267
./benchmark_tests/original/Biere/adder_3_4/pec_adder_3_bit_4_97.dqdimacs,13,233
./benchmark_tests/original/Biere/adder_3_4/pec_adder_3_bit_4_97.dqdimacs,17,199
./benchmark_tests/original/Biere/adder_3_4/pec_adder_3_bit_4_97.dqdimacs,18,173
./benchmark_tests/original/Biere/adder_3_4/pec_adder_3_bit_4_97.dqdimacs,19,155
./benchmark_tests/original/Biere/adder_3_4/pec_adder_3_bit_4_97.dqdimacs,20,156
./benchmark_tests/original/Biere/adder_3_4/pec_adder_3_bit_4_97.dqdimacs,22,151
./benchmark_tests/original/Biere/adder_3_4/pec_adder_3_bit_4_97.dqdimacs,23,154
./benchmark_tests/original/Biere/adder_3_4/pec_adder_3_bit_4_97.dqdimacs,24,153
./benchmark_tests/original/Biere/adder_3_4/pec_adder_3_bit_4_97.dqdimacs,25,155
./benchmark_tests/original/Biere/adder_3_4/pec_adder_3_bit_4_97.dqdimacs,26,154
./benchmark_tests/original/Biere/adder_3_4/pec_adder_3_bit_4_97.dqdimacs,27,155
./benchmark_tests/original/Biere/adder_3_4/pec_adder_3_bit_4_97.dqdimacs,29,153
./benchmark_tests/original/Biere/adder_3_4/pec_adder_3_bit_4_97.dqdimacs,30,153
./benchmark_tests/original/Biere/adder_3_4/pec_adder_3_bit_4_97.dqdimacs,31,156
./benchmark_tests/original/Biere/adder_3_4/pec_adder_3_bit_4_97.dqdimacs,33,153
./benchmark_tests/original/Biere/adder_3_4/pec_adder_3_bit_4_97.dqdimacs,34,152
./benchmark_tests/original/Biere/adder_3_4/pec_adder_3_bit_4_97.dqdimacs,35,156
./benchmark_tests/original/Biere/adder_3_4/pec_adder_3_bit_4_97.dqdimacs,37,153
./benchmark_tests/original/Biere/adder_3_4/pec_adder_3_bit_4_97.dqdimacs,38,154
./benchmark_tests/original/Biere/adder_3_4/pec_adder_3_bit_4_97.dqdimacs,39,157
./benchmark_tests/original/Biere/adder_3_4/pec_adder_3_bit_4_97.dqdimacs,41,154
./benchmark_tests/original/Biere/adder_3_4/pec_adder_3_bit_4_97.dqdimacs,42,152
./benchmark_tests/original/Biere/adder_3_4/pec_adder_3_bit_4_97.dqdimacs,43,157
./benchmark_tests/original/Biere/adder_3_4/pec_adder_3_bit_4_97.dqdimacs,45,153
./benchmark_tests/original/Biere/adder_3_4/pec_adder_3_bit_4_97.dqdimacs,46,155
./benchmark_tests/original/Biere/adder_3_4/pec_adder_3_bit_4_97.dqdimacs,47,155
./benchmark_tests/original/Biere/adder_3_4/pec_adder_3_bit_4_97.dqdimacs,48,154
./benchmark_tests/original/Biere/adder_3_4/pec_adder_3_bit_4_97.dqdimacs,49,156
./benchmark_tests/original/Biere/adder_3_4/pec_adder_3_bit_4_97.dqdimacs,50,154
./benchmark_tests/original/Biere/adder_3_4/pec_adder_3_bit_4_97.dqdimacs,51,153
./benchmark_tests/original/Biere/adder_3_4/pec_adder_3_bit_4_97.dqdimacs,52,154
./benchmark_tests/original/Biere/adder_3_4/pec_adder_3_bit_4_97.dqdimacs,53,155
./benchmark_tests/original/Biere/adder_3_4/pec_adder_3_bit_4_97.dqdimacs,54,152
./benchmark_tests/original/Biere/adder_3_4/pec_adder_3_bit_4_97.dqdimacs,55,155
./benchmark_tests/original/Biere/adder_3_4/pec_adder_3_bit_4_97.dqdimacs,56,152
./benchmark_tests/original/Biere/adder_3_4/pec_adder_3_bit_4_97.dqdimacs,57,155
./benchmark_tests/original/Biere/adder_3_4/pec_adder_3_bit_4_97.dqdimacs,58,155
./benchmark_tests/original/Biere/adder_3_4/pec_adder_3_bit_4_97.dqdimacs,59,154
./benchmark_tests/original/Biere/adder_3_4/pec_adder_3_bit_4_97.dqdimacs,60,152
./benchmark_tests/original/Biere/adder_3_4/pec_adder_3_bit_4_97.dqdimacs,61,154
./benchmark_tests/original/Biere/adder_3_4/pec_adder_3_bit_4_97.dqdimacs,62,152
./benchmark_tests/original/Biere/adder_3_4/pec_adder_3_bit_4_97.dqdimacs,63,153
./benchmark_tests/original/Biere/adder_3_4/pec_adder_3_bit_4_97.dqdimacs,64,153
./benchmark_tests/original/Biere/adder_3_4/pec_adder_3_bit_4_97.dqdimacs,65,153
./benchmark_tests/original/Biere/adder_3_4/pec_adder_3_bit_4_97.dqdimacs,66,153
./benchmark_tests/original/Biere/adder_3_4/pec_adder_3_bit_4_97.dqdimacs,67,153
./benchmark_tests/original/Biere/adder_3_4/pec_adder_3_bit_4_97.dqdimacs,68,152
./benchmark_tests/original/Biere/adder_3_4/pec_adder_3_bit_4_97.dqdimacs,69,154
./benchmark_tests/original/Biere/adder_3_4/pec_adder_3_bit_4_97.dqdimacs,70,154
./benchmark_tests/original/Biere/adder_3_4/pec_adder_3_bit_4_98.dqdimacs,4,242
./benchmark_tests/original/Biere/adder_3_4/pec_adder_3_bit_4_98.dqdimacs,5,190
./benchmark_tests/original/Biere/adder_3_4/pec_adder_3_bit_4_98.dqdimacs,6,190
./benchmark_tests/original/Biere/adder_3_4/pec_adder_3_bit_4_98.dqdimacs,10,190
./benchmark_tests/original/Biere/adder_3_4/pec_adder_3_bit_4_98.dqdimacs,11,191
./benchmark_tests/original/Biere/adder_3_4/pec_adder_3_bit_4_98.dqdimacs,12,190
./benchmark_tests/original/Biere/adder_3_4/pec_adder_3_bit_4_98.dqdimacs,13,193
./benchmark_tests/original/Biere/adder_3_4/pec_adder_3_bit_4_98.dqdimacs,17,188
./benchmark_tests/original/Biere/adder_3_4/pec_adder_3_bit_4_98.dqdimacs,18,172
./benchmark_tests/original/Biere/adder_3_4/pec_adder_3_bit_4_98.dqdimacs,19,155
./benchmark_tests/original/Biere/adder_3_4/pec_adder_3_bit_4_98.dqdimacs,20,142
./benchmark_tests/original/Biere/adder_3_4/pec_adder_3_bit_4_98.dqdimacs,22,128
./benchmark_tests/original/Biere/adder_3_4/pec_adder_3_bit_4_98.dqdimacs,23,117
./benchmark_tests/original/Biere/adder_3_4/pec_adder_3_bit_4_98.dqdimacs,24,107
./benchmark_tests/original/Biere/adder_3_4/pec_adder_3_bit_4_98.dqdimacs,25,102
./benchmark_tests/original/Biere/adder_3_4/pec_adder_3_bit_4_98.dqdimacs,26,102
./benchmark_tests/original/Biere/adder_3_4/pec_adder_3_bit_4_98.dqdimacs,27,103
./benchmark_tests/original/Biere/adder_3_4/pec_adder_3_bit_4_98.dqdimacs,29,102
./benchmark_tests/original/Biere/adder_3_4/pec_adder_3_bit_4_98.dqdimacs,30,101
./benchmark_tests/original/Biere/adder_3_4/pec_adder_3_bit_4_98.dqdimacs,31,104
./benchmark_tests/original/Biere/adder_3_4/pec_adder_3_bit_4_98.dqdimacs,33,103
./benchmark_tests/original/Biere/adder_3_4/pec_adder_3_bit_4_98.dqdimacs,34,102
./benchmark_tests/original/Biere/adder_3_4/pec_adder_3_bit_4_98.dqdimacs,35,104
./benchmark_tests/original/Biere/adder_3_4/pec_adder_3_bit_4_98.dqdimacs,37,102
./benchmark_tests/original/Biere/adder_3_4/pec_adder_3_bit_4_98.dqdimacs,38,101
./benchmark_tests/original/Biere/adder_3_4/pec_adder_3_bit_4_98.dqdimacs,39,101
./benchmark_tests/original/Biere/adder_3_4/pec_adder_3_bit_4_98.dqdimacs,40,102
./benchmark_tests/original/Biere/adder_3_4/pec_adder_3_bit_4_98.dqdimacs,41,101
./benchmark_tests/original/Biere/adder_3_4/pec_adder_3_bit_4_98.dqdimacs,42,103
./benchmark_tests/original/Biere/adder_3_4/pec_adder_3_bit_4_98.dqdimacs,44,102
./benchmark_tests/original/Biere/adder_3_4/pec_adder_3_bit_4_98.dqdimacs,45,101
./benchmark_tests/original/Biere/adder_3_4/pec_adder_3_bit_4_98.dqdimacs,46,101
./benchmark_tests/original/Biere/adder_3_4/pec_adder_3_bit_4_98.dqdimacs,47,102
./benchmark_tests/original/Biere/adder_3_4/pec_adder_3_bit_4_98.dqdimacs,49,102
./benchmark_tests/original/Biere/adder_3_4/pec_adder_3_bit_4_98.dqdimacs,50,101
./benchmark_tests/original/Biere/adder_3_4/pec_adder_3_bit_4_98.dqdimacs,51,103
./benchmark_tests/original/Biere/adder_3_4/pec_adder_3_bit_4_98.dqdimacs,52,101
./benchmark_tests/original/Biere/adder_3_4/pec_adder_3_bit_4_98.dqdimacs,53,102
./benchmark_tests/original/Biere/adder_3_4/pec_adder_3_bit_4_98.dqdimacs,54,102
./benchmark_tests/original/Biere/adder_3_4/pec_adder_3_bit_4_98.dqdimacs,55,102
./benchmark_tests/original/Biere/adder_3_4/pec_adder_3_bit_4_98.dqdimacs,56,102
./benchmark_tests/original/Biere/adder_3_4/pec_adder_3_bit_4_98.dqdimacs,57,103
./benchmark_tests/original/Biere/adder_3_4/pec_adder_3_bit_4_98.dqdimacs,58,101
./benchmark_tests/original/Biere/adder_3_4/pec_adder_3_bit_4_98.dqdimacs,59,102
./benchmark_tests/original/Biere/adder_3_4/pec_adder_3_bit_4_98.dqdimacs,60,103
./benchmark_tests/original/Biere/adder_3_4/pec_adder_3_bit_4_98.dqdimacs,61,102
./benchmark_tests/original/Biere/adder_3_4/pec_adder_3_bit_4_98.dqdimacs,62,103
./benchmark_tests/original/Biere/adder_3_4/pec_adder_3_bit_4_98.dqdimacs,63,101
./benchmark_tests/original/Biere/adder_3_4/pec_adder_3_bit_4_98.dqdimacs,64,102
./benchmark_tests/original/Biere/adder_3_4/pec_adder_3_bit_4_98.dqdimacs,65,102
./benchmark_tests/original/Biere/adder_3_4/pec_adder_3_bit_4_98.dqdimacs,66,102
./benchmark_tests/original/Biere/adder_3_4/pec_adder_3_bit_4_98.dqdimacs,67,102
./benchmark_tests/original/Biere/adder_3_4/pec_adder_3_bit_4_98.dqdimacs,68,103
./benchmark_tests/original/Biere/adder_3_4/pec_adder_3_bit_4_98.dqdimacs,69,102
./benchmark_tests/original/Biere/adder_3_4/pec_adder_3_bit_4_98.dqdimacs,70,103
./benchmark_tests/original/Biere/adder_3_4/pec_adder_3_bit_4_98.dqdimacs,71,102
./benchmark_tests/original/Biere/adder_3_4/pec_adder_3_bit_4_99.dqdimacs,4,272
./benchmark_tests/original/Biere/adder_3_4/pec_adder_3_bit_4_99.dqdimacs,5,225
./benchmark_tests/original/Biere/adder_3_4/pec_adder_3_bit_4_99.dqdimacs,6,224
./benchmark_tests/original/Biere/adder_3_4/pec_adder_3_bit_4_99.dqdimacs,10,223
./benchmark_tests/original/Biere/adder_3_4/pec_adder_3_bit_4_99.dqdimacs,11,222
./benchmark_tests/original/Biere/adder_3_4/pec_adder_3_bit_4_99.dqdimacs,12,223
./benchmark_tests/original/Biere/adder_3_4/pec_adder_3_bit_4_99.dqdimacs,13,217
./benchmark_tests/original/Biere/adder_3_4/pec_adder_3_bit_4_99.dqdimacs,17,195
./benchmark_tests/original/Biere/adder_3_4/pec_adder_3_bit_4_99.dqdimacs,18,174
./benchmark_tests/original/Biere/adder_3_4/pec_adder_3_bit_4_99.dqdimacs,19,153
./benchmark_tests/original/Biere/adder_3_4/pec_adder_3_bit_4_99.dqdimacs,20,139
./benchmark_tests/original/Biere/adder_3_4/pec_adder_3_bit_4_99.dqdimacs,22,124
./benchmark_tests/original/Biere/adder_3_4/pec_adder_3_bit_4_99.dqdimacs,23,117
./benchmark_tests/original/Biere/adder_3_4/pec_adder_3_bit_4_99.dqdimacs,24,117
./benchmark_tests/original/Biere/adder_3_4/pec_adder_3_bit_4_99.dqdimacs,25,117
./benchmark_tests/original/Biere/adder_3_4/pec_adder_3_bit_4_99.dqdimacs,26,118
./benchmark_tests/original/Biere/adder_3_4/pec_adder_3_bit_4_99.dqdimacs,27,118
./benchmark_tests/original/Biere/adder_3_4/pec_adder_3_bit_4_99.dqdimacs,29,116
./benchmark_tests/original/Biere/adder_3_4/pec_adder_3_bit_4_99.dqdimacs,30,117
./benchmark_tests/original/Biere/adder_3_4/pec_adder_3_bit_4_99.dqdimacs,31,117
./benchmark_tests/original/Biere/adder_3_4/pec_adder_3_bit_4_99.dqdimacs,32,119
./benchmark_tests/original/Biere/adder_3_4/pec_adder_3_bit_4_99.dqdimacs,34,117
./benchmark_tests/original/Biere/adder_3_4/pec_adder_3_bit_4_99.dqdimacs,35,117
./benchmark_tests/original/Biere/adder_3_4/pec_adder_3_bit_4_99.dqdimacs,36,120
./benchmark_tests/original/Biere/adder_3_4/pec_adder_3_bit_4_99.dqdimacs,38,117
./benchmark_tests/original/Biere/adder_3_4/pec_adder_3_bit_4_99.dqdimacs,39,117
./benchmark_tests/original/Biere/adder_3_4/pec_adder_3_bit_4_99.dqdimacs,40,118
./benchmark_tests/original/Biere/adder_3_4/pec_adder_3_bit_4_99.dqdimacs,41,119
./benchmark_tests/original/Biere/adder_3_4/pec_adder_3_bit_4_99.dqdimacs,43,117
./benchmark_tests/original/Biere/adder_3_4/pec_adder_3_bit_4_99.dqdimacs,44,118
./benchmark_tests/original/Biere/adder_3_4/pec_adder_3_bit_4_99.dqdimacs,45,119
./benchmark_tests/original/Biere/adder_3_4/pec_adder_3_bit_4_99.dqdimacs,47,117
./benchmark_tests/original/Biere/adder_3_4/pec_adder_3_bit_4_99.dqdimacs,48,117
./benchmark_tests/original/Biere/adder_3_4/pec_adder_3_bit_4_99.dqdimacs,49,117
./benchmark_tests/original/Biere/adder_3_4/pec_adder_3_bit_4_99.dqdimacs,50,118
./benchmark_tests/original/Biere/adder_3_4/pec_adder_3_bit_4_99.dqdimacs,52,118
./benchmark_tests/original/Biere/adder_3_4/pec_adder_3_bit_4_99.dqdimacs,53,118
./benchmark_tests/original/Biere/adder_3_4/pec_adder_3_bit_4_99.dqdimacs,54,118
./benchmark_tests/original/Biere/adder_3_4/pec_adder_3_bit_4_99.dqdimacs,55,120
./benchmark_tests/original/Biere/adder_3_4/pec_adder_3_bit_4_99.dqdimacs,56,117
./benchmark_tests/original/Biere/adder_3_4/pec_adder_3_bit_4_99.dqdimacs,57,117
./benchmark_tests/original/Biere/adder_3_4/pec_adder_3_bit_4_99.dqdimacs,58,118
./benchmark_tests/original/Biere/adder_3_4/pec_adder_3_bit_4_99.dqdimacs,59,117
./benchmark_tests/original/Biere/adder_3_4/pec_adder_3_bit_4_99.dqdimacs,60,117
./benchmark_tests/original/Biere/adder_3_4/pec_adder_3_bit_4_99.dqdimacs,61,117
./benchmark_tests/original/Biere/adder_3_4/pec_adder_3_bit_4_99.dqdimacs,62,117
./benchmark_tests/original/Biere/adder_3_4/pec_adder_3_bit_4_99.dqdimacs,63,117
./benchmark_tests/original/Biere/adder_3_4/pec_adder_3_bit_4_99.dqdimacs,64,117
./benchmark_tests/original/Biere/adder_3_4/pec_adder_3_bit_4_99.dqdimacs,65,117
./benchmark_tests/original/Biere/adder_3_4/pec_adder_3_bit_4_99.dqdimacs,66,117
./benchmark_tests/original/Biere/adder_3_4/pec_adder_3_bit_4_99.dqdimacs,67,117
./benchmark_tests/original/Biere/adder_3_4/pec_adder_3_bit_4_99.dqdimacs,68,117
./benchmark_tests/original/Biere/adder_3_4/pec_adder_3_bit_4_99.dqdimacs,69,117
./benchmark_tests/original/Biere/adder_3_4/pec_adder_3_bit_4_99.dqdimacs,70,117
./benchmark_tests/original/Biere/adder_3_4/pec_adder_3_bit_4_99.dqdimacs,71,117
./benchmark_tests/original/Biere/adder_3_4/pec_adder_3_bit_4_99.dqdimacs,72,118
./benchmark_tests/original/Biere/adder_3_4/pec_adder_3_bit_4_99.dqdimacs,73,117
./benchmark_tests/original/Biere/adder_3_4/pec_adder_3_bit_4_9.dqdimacs,4,332
./benchmark_tests/original/Biere/adder_3_4/pec_adder_3_bit_4_9.dqdimacs,5,283
./benchmark_tests/original/Biere/adder_3_4/pec_adder_3_bit_4_9.dqdimacs,6,283
./benchmark_tests/original/Biere/adder_3_4/pec_adder_3_bit_4_9.dqdimacs,10,283
./benchmark_tests/original/Biere/adder_3_4/pec_adder_3_bit_4_9.dqdimacs,11,283
./benchmark_tests/original/Biere/adder_3_4/pec_adder_3_bit_4_9.dqdimacs,12,267
./benchmark_tests/original/Biere/adder_3_4/pec_adder_3_bit_4_9.dqdimacs,13,230
./benchmark_tests/original/Biere/adder_3_4/pec_adder_3_bit_4_9.dqdimacs,17,197
./benchmark_tests/original/Biere/adder_3_4/pec_adder_3_bit_4_9.dqdimacs,18,173
./benchmark_tests/original/Biere/adder_3_4/pec_adder_3_bit_4_9.dqdimacs,19,154
./benchmark_tests/original/Biere/adder_3_4/pec_adder_3_bit_4_9.dqdimacs,20,151
./benchmark_tests/original/Biere/adder_3_4/pec_adder_3_bit_4_9.dqdimacs,22,150
./benchmark_tests/original/Biere/adder_3_4/pec_adder_3_bit_4_9.dqdimacs,23,151
./benchmark_tests/original/Biere/adder_3_4/pec_adder_3_bit_4_9.dqdimacs,24,150
./benchmark_tests/original/Biere/adder_3_4/pec_adder_3_bit_4_9.dqdimacs,25,150
./benchmark_tests/original/Biere/adder_3_4/pec_adder_3_bit_4_9.dqdimacs,26,150
./benchmark_tests/original/Biere/adder_3_4/pec_adder_3_bit_4_9.dqdimacs,27,152
./benchmark_tests/original/Biere/adder_3_4/pec_adder_3_bit_4_9.dqdimacs,29,150
./benchmark_tests/original/Biere/adder_3_4/pec_adder_3_bit_4_9.dqdimacs,30,150
./benchmark_tests/original/Biere/adder_3_4/pec_adder_3_bit_4_9.dqdimacs,31,153
./benchmark_tests/original/Biere/adder_3_4/pec_adder_3_bit_4_9.dqdimacs,33,151
./benchmark_tests/original/Biere/adder_3_4/pec_adder_3_bit_4_9.dqdimacs,34,150
./benchmark_tests/original/Biere/adder_3_4/pec_adder_3_bit_4_9.dqdimacs,35,151
./benchmark_tests/original/Biere/adder_3_4/pec_adder_3_bit_4_9.dqdimacs,37,148
./benchmark_tests/original/Biere/adder_3_4/pec_adder_3_bit_4_9.dqdimacs,38,150
./benchmark_tests/original/Biere/adder_3_4/pec_adder_3_bit_4_9.dqdimacs,39,151
./benchmark_tests/original/Biere/adder_3_4/pec_adder_3_bit_4_9.dqdimacs,41,150
./benchmark_tests/original/Biere/adder_3_4/pec_adder_3_bit_4_9.dqdimacs,42,150
./benchmark_tests/original/Biere/adder_3_4/pec_adder_3_bit_4_9.dqdimacs,43,155
./benchmark_tests/original/Biere/adder_3_4/pec_adder_3_bit_4_9.dqdimacs,45,152
./benchmark_tests/original/Biere/adder_3_4/pec_adder_3_bit_4_9.dqdimacs,46,152
./benchmark_tests/original/Biere/adder_3_4/pec_adder_3_bit_4_9.dqdimacs,47,152
./benchmark_tests/original/Biere/adder_3_4/pec_adder_3_bit_4_9.dqdimacs,48,154
./benchmark_tests/original/Biere/adder_3_4/pec_adder_3_bit_4_9.dqdimacs,50,150
./benchmark_tests/original/Biere/adder_3_4/pec_adder_3_bit_4_9.dqdimacs,51,149
./benchmark_tests/original/Biere/adder_3_4/pec_adder_3_bit_4_9.dqdimacs,52,153
./benchmark_tests/original/Biere/adder_3_4/pec_adder_3_bit_4_9.dqdimacs,53,149
./benchmark_tests/original/Biere/adder_3_4/pec_adder_3_bit_4_9.dqdimacs,54,152
./benchmark_tests/original/Biere/adder_3_4/pec_adder_3_bit_4_9.dqdimacs,55,152
./benchmark_tests/original/Biere/adder_3_4/pec_adder_3_bit_4_9.dqdimacs,56,151
./benchmark_tests/original/Biere/adder_3_4/pec_adder_3_bit_4_9.dqdimacs,57,151
./benchmark_tests/original/Biere/adder_3_4/pec_adder_3_bit_4_9.dqdimacs,58,151
./benchmark_tests/original/Biere/adder_3_4/pec_adder_3_bit_4_9.dqdimacs,59,151
./benchmark_tests/original/Biere/adder_3_4/pec_adder_3_bit_4_9.dqdimacs,60,149
./benchmark_tests/original/Biere/adder_3_4/pec_adder_3_bit_4_9.dqdimacs,61,150
./benchmark_tests/original/Biere/adder_3_4/pec_adder_3_bit_4_9.dqdimacs,62,150
./benchmark_tests/original/Biere/adder_3_4/pec_adder_3_bit_4_9.dqdimacs,63,149
./benchmark_tests/original/Biere/adder_3_4/pec_adder_3_bit_4_9.dqdimacs,64,150
./benchmark_tests/original/Biere/adder_3_4/pec_adder_3_bit_4_9.dqdimacs,65,152
./benchmark_tests/original/Biere/adder_3_4/pec_adder_3_bit_4_9.dqdimacs,66,152
./benchmark_tests/original/Biere/adder_3_4/pec_adder_3_bit_4_9.dqdimacs,67,151
./benchmark_tests/original/Biere/adder_3_4/pec_adder_3_bit_4_9.dqdimacs,68,151
./benchmark_tests/original/Biere/adder_3_4/pec_adder_3_bit_4_9.dqdimacs,69,149
./benchmark_tests/original/Biere/adder_3_4/pec_adder_3_bit_4_9.dqdimacs,70,150
./benchmark_tests/original/Biere/adder_3_4/pec_adder_3_bit_4_9.dqdimacs,71,152
./benchmark_tests/original/Biere/adder_3_4/pec_adder_3_bit_4_9.dqdimacs,72,152
./benchmark_tests/original/Biere/adder_3_4/pec_adder_3_bit_4_9.dqdimacs,73,151
./benchmark_tests/original/Biere/adder_3_4/pec_adder_3_bit_4_9.dqdimacs,74,151
