./benchmark_tests/original/Biere/adder_3_6/pec_adder_3_bit_6_0.dqdimacs,4,198
./benchmark_tests/original/Biere/adder_3_6/pec_adder_3_bit_6_0.dqdimacs,5,146
./benchmark_tests/original/Biere/adder_3_6/pec_adder_3_bit_6_0.dqdimacs,6,149
./benchmark_tests/original/Biere/adder_3_6/pec_adder_3_bit_6_0.dqdimacs,10,149
./benchmark_tests/original/Biere/adder_3_6/pec_adder_3_bit_6_0.dqdimacs,11,146
./benchmark_tests/original/Biere/adder_3_6/pec_adder_3_bit_6_0.dqdimacs,12,149
./benchmark_tests/original/Biere/adder_3_6/pec_adder_3_bit_6_0.dqdimacs,13,150
./benchmark_tests/original/Biere/adder_3_6/pec_adder_3_bit_6_0.dqdimacs,17,149
./benchmark_tests/original/Biere/adder_3_6/pec_adder_3_bit_6_0.dqdimacs,18,148
./benchmark_tests/original/Biere/adder_3_6/pec_adder_3_bit_6_0.dqdimacs,19,147
./benchmark_tests/original/Biere/adder_3_6/pec_adder_3_bit_6_0.dqdimacs,20,141
./benchmark_tests/original/Biere/adder_3_6/pec_adder_3_bit_6_0.dqdimacs,22,129
./benchmark_tests/original/Biere/adder_3_6/pec_adder_3_bit_6_0.dqdimacs,23,120
./benchmark_tests/original/Biere/adder_3_6/pec_adder_3_bit_6_0.dqdimacs,24,111
./benchmark_tests/original/Biere/adder_3_6/pec_adder_3_bit_6_0.dqdimacs,25,102
./benchmark_tests/original/Biere/adder_3_6/pec_adder_3_bit_6_0.dqdimacs,26,93
./benchmark_tests/original/Biere/adder_3_6/pec_adder_3_bit_6_0.dqdimacs,27,91
./benchmark_tests/original/Biere/adder_3_6/pec_adder_3_bit_6_0.dqdimacs,29,83
./benchmark_tests/original/Biere/adder_3_6/pec_adder_3_bit_6_0.dqdimacs,30,80
./benchmark_tests/original/Biere/adder_3_6/pec_adder_3_bit_6_0.dqdimacs,31,80
./benchmark_tests/original/Biere/adder_3_6/pec_adder_3_bit_6_0.dqdimacs,32,82
./benchmark_tests/original/Biere/adder_3_6/pec_adder_3_bit_6_0.dqdimacs,34,80
./benchmark_tests/original/Biere/adder_3_6/pec_adder_3_bit_6_0.dqdimacs,35,80
./benchmark_tests/original/Biere/adder_3_6/pec_adder_3_bit_6_0.dqdimacs,36,82
./benchmark_tests/original/Biere/adder_3_6/pec_adder_3_bit_6_0.dqdimacs,38,79
./benchmark_tests/original/Biere/adder_3_6/pec_adder_3_bit_6_0.dqdimacs,39,81
./benchmark_tests/original/Biere/adder_3_6/pec_adder_3_bit_6_0.dqdimacs,40,83
./benchmark_tests/original/Biere/adder_3_6/pec_adder_3_bit_6_0.dqdimacs,42,80
./benchmark_tests/original/Biere/adder_3_6/pec_adder_3_bit_6_0.dqdimacs,43,80
./benchmark_tests/original/Biere/adder_3_6/pec_adder_3_bit_6_0.dqdimacs,44,80
./benchmark_tests/original/Biere/adder_3_6/pec_adder_3_bit_6_0.dqdimacs,45,80
./benchmark_tests/original/Biere/adder_3_6/pec_adder_3_bit_6_0.dqdimacs,46,80
./benchmark_tests/original/Biere/adder_3_6/pec_adder_3_bit_6_0.dqdimacs,47,79
./benchmark_tests/original/Biere/adder_3_6/pec_adder_3_bit_6_0.dqdimacs,48,82
./benchmark_tests/original/Biere/adder_3_6/pec_adder_3_bit_6_0.dqdimacs,50,81
./benchmark_tests/original/Biere/adder_3_6/pec_adder_3_bit_6_0.dqdimacs,51,79
./benchmark_tests/original/Biere/adder_3_6/pec_adder_3_bit_6_0.dqdimacs,52,80
./benchmark_tests/original/Biere/adder_3_6/pec_adder_3_bit_6_0.dqdimacs,54,80
./benchmark_tests/original/Biere/adder_3_6/pec_adder_3_bit_6_0.dqdimacs,55,80
./benchmark_tests/original/Biere/adder_3_6/pec_adder_3_bit_6_0.dqdimacs,56,82
./benchmark_tests/original/Biere/adder_3_6/pec_adder_3_bit_6_0.dqdimacs,58,79
./benchmark_tests/original/Biere/adder_3_6/pec_adder_3_bit_6_0.dqdimacs,59,80
./benchmark_tests/original/Biere/adder_3_6/pec_adder_3_bit_6_0.dqdimacs,60,81
./benchmark_tests/original/Biere/adder_3_6/pec_adder_3_bit_6_0.dqdimacs,62,80
./benchmark_tests/original/Biere/adder_3_6/pec_adder_3_bit_6_0.dqdimacs,63,80
./benchmark_tests/original/Biere/adder_3_6/pec_adder_3_bit_6_0.dqdimacs,64,80
./benchmark_tests/original/Biere/adder_3_6/pec_adder_3_bit_6_0.dqdimacs,65,81
./benchmark_tests/original/Biere/adder_3_6/pec_adder_3_bit_6_0.dqdimacs,67,78
./benchmark_tests/original/Biere/adder_3_6/pec_adder_3_bit_6_0.dqdimacs,68,80
./benchmark_tests/original/Biere/adder_3_6/pec_adder_3_bit_6_0.dqdimacs,69,79
./benchmark_tests/original/Biere/adder_3_6/pec_adder_3_bit_6_0.dqdimacs,70,81
./benchmark_tests/original/Biere/adder_3_6/pec_adder_3_bit_6_0.dqdimacs,71,80
./benchmark_tests/original/Biere/adder_3_6/pec_adder_3_bit_6_0.dqdimacs,72,79
./benchmark_tests/original/Biere/adder_3_6/pec_adder_3_bit_6_0.dqdimacs,73,79
./benchmark_tests/original/Biere/adder_3_6/pec_adder_3_bit_6_0.dqdimacs,74,79
./benchmark_tests/original/Biere/adder_3_6/pec_adder_3_bit_6_0.dqdimacs,75,78
./benchmark_tests/original/Biere/adder_3_6/pec_adder_3_bit_6_0.dqdimacs,76,78
./benchmark_tests/original/Biere/adder_3_6/pec_adder_3_bit_6_0.dqdimacs,77,80
./benchmark_tests/original/Biere/adder_3_6/pec_adder_3_bit_6_0.dqdimacs,78,80
./benchmark_tests/original/Biere/adder_3_6/pec_adder_3_bit_6_0.dqdimacs,79,80
./benchmark_tests/original/Biere/adder_3_6/pec_adder_3_bit_6_0.dqdimacs,80,79
./benchmark_tests/original/Biere/adder_3_6/pec_adder_3_bit_6_0.dqdimacs,81,79
./benchmark_tests/original/Biere/adder_3_6/pec_adder_3_bit_6_0.dqdimacs,82,79
./benchmark_tests/original/Biere/adder_3_6/pec_adder_3_bit_6_0.dqdimacs,83,79
./benchmark_tests/original/Biere/adder_3_6/pec_adder_3_bit_6_0.dqdimacs,84,80
./benchmark_tests/original/Biere/adder_3_6/pec_adder_3_bit_6_0.dqdimacs,85,79
./benchmark_tests/original/Biere/adder_3_6/pec_adder_3_bit_6_0.dqdimacs,86,80
./benchmark_tests/original/Biere/adder_3_6/pec_adder_3_bit_6_0.dqdimacs,87,80
./benchmark_tests/original/Biere/adder_3_6/pec_adder_3_bit_6_10.dqdimacs,4,249
./benchmark_tests/original/Biere/adder_3_6/pec_adder_3_bit_6_10.dqdimacs,5,202
./benchmark_tests/original/Biere/adder_3_6/pec_adder_3_bit_6_10.dqdimacs,6,198
./benchmark_tests/original/Biere/adder_3_6/pec_adder_3_bit_6_10.dqdimacs,10,200
./benchmark_tests/original/Biere/adder_3_6/pec_adder_3_bit_6_10.dqdimacs,11,199
./benchmark_tests/original/Biere/adder_3_6/pec_adder_3_bit_6_10.dqdimacs,12,199
./benchmark_tests/original/Biere/adder_3_6/pec_adder_3_bit_6_10.dqdimacs,13,199
./benchmark_tests/original/Biere/adder_3_6/pec_adder_3_bit_6_10.dqdimacs,17,191
./benchmark_tests/original/Biere/adder_3_6/pec_adder_3_bit_6_10.dqdimacs,18,175
./benchmark_tests/original/Biere/adder_3_6/pec_adder_3_bit_6_10.dqdimacs,19,156
./benchmark_tests/original/Biere/adder_3_6/pec_adder_3_bit_6_10.dqdimacs,20,142
./benchmark_tests/original/Biere/adder_3_6/pec_adder_3_bit_6_10.dqdimacs,22,127
./benchmark_tests/original/Biere/adder_3_6/pec_adder_3_bit_6_10.dqdimacs,23,117
./benchmark_tests/original/Biere/adder_3_6/pec_adder_3_bit_6_10.dqdimacs,24,108
./benchmark_tests/original/Biere/adder_3_6/pec_adder_3_bit_6_10.dqdimacs,25,105
./benchmark_tests/original/Biere/adder_3_6/pec_adder_3_bit_6_10.dqdimacs,26,107
./benchmark_tests/original/Biere/adder_3_6/pec_adder_3_bit_6_10.dqdimacs,27,108
./benchmark_tests/original/Biere/adder_3_6/pec_adder_3_bit_6_10.dqdimacs,29,106
./benchmark_tests/original/Biere/adder_3_6/pec_adder_3_bit_6_10.dqdimacs,30,106
./benchmark_tests/original/Biere/adder_3_6/pec_adder_3_bit_6_10.dqdimacs,31,109
./benchmark_tests/original/Biere/adder_3_6/pec_adder_3_bit_6_10.dqdimacs,33,107
./benchmark_tests/original/Biere/adder_3_6/pec_adder_3_bit_6_10.dqdimacs,34,107
./benchmark_tests/original/Biere/adder_3_6/pec_adder_3_bit_6_10.dqdimacs,35,108
./benchmark_tests/original/Biere/adder_3_6/pec_adder_3_bit_6_10.dqdimacs,37,106
./benchmark_tests/original/Biere/adder_3_6/pec_adder_3_bit_6_10.dqdimacs,38,106
./benchmark_tests/original/Biere/adder_3_6/pec_adder_3_bit_6_10.dqdimacs,39,106
./benchmark_tests/original/Biere/adder_3_6/pec_adder_3_bit_6_10.dqdimacs,40,107
./benchmark_tests/original/Biere/adder_3_6/pec_adder_3_bit_6_10.dqdimacs,42,105
./benchmark_tests/original/Biere/adder_3_6/pec_adder_3_bit_6_10.dqdimacs,43,106
./benchmark_tests/original/Biere/adder_3_6/pec_adder_3_bit_6_10.dqdimacs,44,108
./benchmark_tests/original/Biere/adder_3_6/pec_adder_3_bit_6_10.dqdimacs,46,106
./benchmark_tests/original/Biere/adder_3_6/pec_adder_3_bit_6_10.dqdimacs,47,107
./benchmark_tests/original/Biere/adder_3_6/pec_adder_3_bit_6_10.dqdimacs,48,106
./benchmark_tests/original/Biere/adder_3_6/pec_adder_3_bit_6_10.dqdimacs,50,105
./benchmark_tests/original/Biere/adder_3_6/pec_adder_3_bit_6_10.dqdimacs,51,106
./benchmark_tests/original/Biere/adder_3_6/pec_adder_3_bit_6_10.dqdimacs,52,106
./benchmark_tests/original/Biere/adder_3_6/pec_adder_3_bit_6_10.dqdimacs,53,108
./benchmark_tests/original/Biere/adder_3_6/pec_adder_3_bit_6_10.dqdimacs,55,106
./benchmark_tests/original/Biere/adder_3_6/pec_adder_3_bit_6_10.dqdimacs,56,106
./benchmark_tests/original/Biere/adder_3_6/pec_adder_3_bit_6_10.dqdimacs,57,105
./benchmark_tests/original/Biere/adder_3_6/pec_adder_3_bit_6_10.dqdimacs,58,107
./benchmark_tests/original/Biere/adder_3_6/pec_adder_3_bit_6_10.dqdimacs,60,105
./benchmark_tests/original/Biere/adder_3_6/pec_adder_3_bit_6_10.dqdimacs,61,105
./benchmark_tests/original/Biere/adder_3_6/pec_adder_3_bit_6_10.dqdimacs,62,105
./benchmark_tests/original/Biere/adder_3_6/pec_adder_3_bit_6_10.dqdimacs,63,107
./benchmark_tests/original/Biere/adder_3_6/pec_adder_3_bit_6_10.dqdimacs,64,106
./benchmark_tests/original/Biere/adder_3_6/pec_adder_3_bit_6_10.dqdimacs,65,106
./benchmark_tests/original/Biere/adder_3_6/pec_adder_3_bit_6_10.dqdimacs,66,106
./benchmark_tests/original/Biere/adder_3_6/pec_adder_3_bit_6_10.dqdimacs,67,107
./benchmark_tests/original/Biere/adder_3_6/pec_adder_3_bit_6_10.dqdimacs,68,107
./benchmark_tests/original/Biere/adder_3_6/pec_adder_3_bit_6_10.dqdimacs,69,107
./benchmark_tests/original/Biere/adder_3_6/pec_adder_3_bit_6_10.dqdimacs,70,106
./benchmark_tests/original/Biere/adder_3_6/pec_adder_3_bit_6_10.dqdimacs,71,107
./benchmark_tests/original/Biere/adder_3_6/pec_adder_3_bit_6_10.dqdimacs,72,105
./benchmark_tests/original/Biere/adder_3_6/pec_adder_3_bit_6_10.dqdimacs,73,107
./benchmark_tests/original/Biere/adder_3_6/pec_adder_3_bit_6_10.dqdimacs,74,106
./benchmark_tests/original/Biere/adder_3_6/pec_adder_3_bit_6_10.dqdimacs,75,106
./benchmark_tests/original/Biere/adder_3_6/pec_adder_3_bit_6_10.dqdimacs,76,106
./benchmark_tests/original/Biere/adder_3_6/pec_adder_3_bit_6_10.dqdimacs,77,106
./benchmark_tests/original/Biere/adder_3_6/pec_adder_3_bit_6_10.dqdimacs,78,106
./benchmark_tests/original/Biere/adder_3_6/pec_adder_3_bit_6_10.dqdimacs,79,106
./benchmark_tests/original/Biere/adder_3_6/pec_adder_3_bit_6_10.dqdimacs,80,106
./benchmark_tests/original/Biere/adder_3_6/pec_adder_3_bit_6_10.dqdimacs,81,106
./benchmark_tests/original/Biere/adder_3_6/pec_adder_3_bit_6_10.dqdimacs,82,107
./benchmark_tests/original/Biere/adder_3_6/pec_adder_3_bit_6_10.dqdimacs,83,107
./benchmark_tests/original/Biere/adder_3_6/pec_adder_3_bit_6_10.dqdimacs,84,105
./benchmark_tests/original/Biere/adder_3_6/pec_adder_3_bit_6_11.dqdimacs,4,209
./benchmark_tests/original/Biere/adder_3_6/pec_adder_3_bit_6_11.dqdimacs,5,159
./benchmark_tests/original/Biere/adder_3_6/pec_adder_3_bit_6_11.dqdimacs,6,159
./benchmark_tests/original/Biere/adder_3_6/pec_adder_3_bit_6_11.dqdimacs,10,159
./benchmark_tests/original/Biere/adder_3_6/pec_adder_3_bit_6_11.dqdimacs,11,160
./benchmark_tests/original/Biere/adder_3_6/pec_adder_3_bit_6_11.dqdimacs,12,158
./benchmark_tests/original/Biere/adder_3_6/pec_adder_3_bit_6_11.dqdimacs,13,159
./benchmark_tests/original/Biere/adder_3_6/pec_adder_3_bit_6_11.dqdimacs,17,157
./benchmark_tests/original/Biere/adder_3_6/pec_adder_3_bit_6_11.dqdimacs,18,157
./benchmark_tests/original/Biere/adder_3_6/pec_adder_3_bit_6_11.dqdimacs,19,151
./benchmark_tests/original/Biere/adder_3_6/pec_adder_3_bit_6_11.dqdimacs,20,142
./benchmark_tests/original/Biere/adder_3_6/pec_adder_3_bit_6_11.dqdimacs,22,130
./benchmark_tests/original/Biere/adder_3_6/pec_adder_3_bit_6_11.dqdimacs,23,119
./benchmark_tests/original/Biere/adder_3_6/pec_adder_3_bit_6_11.dqdimacs,24,109
./benchmark_tests/original/Biere/adder_3_6/pec_adder_3_bit_6_11.dqdimacs,25,101
./benchmark_tests/original/Biere/adder_3_6/pec_adder_3_bit_6_11.dqdimacs,26,94
./benchmark_tests/original/Biere/adder_3_6/pec_adder_3_bit_6_11.dqdimacs,27,90
./benchmark_tests/original/Biere/adder_3_6/pec_adder_3_bit_6_11.dqdimacs,29,85
./benchmark_tests/original/Biere/adder_3_6/pec_adder_3_bit_6_11.dqdimacs,30,85
./benchmark_tests/original/Biere/adder_3_6/pec_adder_3_bit_6_11.dqdimacs,31,87
./benchmark_tests/original/Biere/adder_3_6/pec_adder_3_bit_6_11.dqdimacs,33,84
./benchmark_tests/original/Biere/adder_3_6/pec_adder_3_bit_6_11.dqdimacs,34,85
./benchmark_tests/original/Biere/adder_3_6/pec_adder_3_bit_6_11.dqdimacs,35,85
./benchmark_tests/original/Biere/adder_3_6/pec_adder_3_bit_6_11.dqdimacs,36,85
./benchmark_tests/original/Biere/adder_3_6/pec_adder_3_bit_6_11.dqdimacs,37,86
./benchmark_tests/original/Biere/adder_3_6/pec_adder_3_bit_6_11.dqdimacs,39,85
./benchmark_tests/original/Biere/adder_3_6/pec_adder_3_bit_6_11.dqdimacs,40,86
./benchmark_tests/original/Biere/adder_3_6/pec_adder_3_bit_6_11.dqdimacs,41,86
./benchmark_tests/original/Biere/adder_3_6/pec_adder_3_bit_6_11.dqdimacs,42,87
./benchmark_tests/original/Biere/adder_3_6/pec_adder_3_bit_6_11.dqdimacs,43,85
./benchmark_tests/original/Biere/adder_3_6/pec_adder_3_bit_6_11.dqdimacs,44,86
./benchmark_tests/original/Biere/adder_3_6/pec_adder_3_bit_6_11.dqdimacs,45,85
./benchmark_tests/original/Biere/adder_3_6/pec_adder_3_bit_6_11.dqdimacs,46,84
./benchmark_tests/original/Biere/adder_3_6/pec_adder_3_bit_6_11.dqdimacs,47,85
./benchmark_tests/original/Biere/adder_3_6/pec_adder_3_bit_6_11.dqdimacs,48,85
./benchmark_tests/original/Biere/adder_3_6/pec_adder_3_bit_6_11.dqdimacs,49,85
./benchmark_tests/original/Biere/adder_3_6/pec_adder_3_bit_6_11.dqdimacs,50,85
./benchmark_tests/original/Biere/adder_3_6/pec_adder_3_bit_6_11.dqdimacs,51,86
./benchmark_tests/original/Biere/adder_3_6/pec_adder_3_bit_6_11.dqdimacs,52,86
./benchmark_tests/original/Biere/adder_3_6/pec_adder_3_bit_6_11.dqdimacs,53,86
./benchmark_tests/original/Biere/adder_3_6/pec_adder_3_bit_6_11.dqdimacs,54,85
./benchmark_tests/original/Biere/adder_3_6/pec_adder_3_bit_6_11.dqdimacs,55,85
./benchmark_tests/original/Biere/adder_3_6/pec_adder_3_bit_6_11.dqdimacs,56,85
./benchmark_tests/original/Biere/adder_3_6/pec_adder_3_bit_6_11.dqdimacs,57,85
./benchmark_tests/original/Biere/adder_3_6/pec_adder_3_bit_6_11.dqdimacs,58,85
./benchmark_tests/original/Biere/adder_3_6/pec_adder_3_bit_6_11.dqdimacs,59,85
./benchmark_tests/original/Biere/adder_3_6/pec_adder_3_bit_6_11.dqdimacs,60,85
./benchmark_tests/original/Biere/adder_3_6/pec_adder_3_bit_6_11.dqdimacs,61,86
./benchmark_tests/original/Biere/adder_3_6/pec_adder_3_bit_6_11.dqdimacs,62,85
./benchmark_tests/original/Biere/adder_3_6/pec_adder_3_bit_6_11.dqdimacs,63,85
./benchmark_tests/original/Biere/adder_3_6/pec_adder_3_bit_6_11.dqdimacs,64,85
./benchmark_tests/original/Biere/adder_3_6/pec_adder_3_bit_6_11.dqdimacs,65,85
./benchmark_tests/original/Biere/adder_3_6/pec_adder_3_bit_6_12.dqdimacs,4,270
./benchmark_tests/original/Biere/adder_3_6/pec_adder_3_bit_6_12.dqdimacs,5,222
./benchmark_tests/original/Biere/adder_3_6/pec_adder_3_bit_6_12.dqdimacs,6,221
./benchmark_tests/original/Biere/adder_3_6/pec_adder_3_bit_6_12.dqdimacs,10,220
./benchmark_tests/original/Biere/adder_3_6/pec_adder_3_bit_6_12.dqdimacs,11,220
./benchmark_tests/original/Biere/adder_3_6/pec_adder_3_bit_6_12.dqdimacs,12,220
./benchmark_tests/original/Biere/adder_3_6/pec_adder_3_bit_6_12.dqdimacs,13,216
./benchmark_tests/original/Biere/adder_3_6/pec_adder_3_bit_6_12.dqdimacs,17,197
./benchmark_tests/original/Biere/adder_3_6/pec_adder_3_bit_6_12.dqdimacs,18,176
./benchmark_tests/original/Biere/adder_3_6/pec_adder_3_bit_6_12.dqdimacs,19,157
./benchmark_tests/original/Biere/adder_3_6/pec_adder_3_bit_6_12.dqdimacs,20,141
./benchmark_tests/original/Biere/adder_3_6/pec_adder_3_bit_6_12.dqdimacs,22,127
./benchmark_tests/original/Biere/adder_3_6/pec_adder_3_bit_6_12.dqdimacs,23,118
./benchmark_tests/original/Biere/adder_3_6/pec_adder_3_bit_6_12.dqdimacs,24,121
./benchmark_tests/original/Biere/adder_3_6/pec_adder_3_bit_6_12.dqdimacs,25,119
./benchmark_tests/original/Biere/adder_3_6/pec_adder_3_bit_6_12.dqdimacs,26,119
./benchmark_tests/original/Biere/adder_3_6/pec_adder_3_bit_6_12.dqdimacs,27,120
./benchmark_tests/original/Biere/adder_3_6/pec_adder_3_bit_6_12.dqdimacs,29,119
./benchmark_tests/original/Biere/adder_3_6/pec_adder_3_bit_6_12.dqdimacs,30,118
./benchmark_tests/original/Biere/adder_3_6/pec_adder_3_bit_6_12.dqdimacs,31,120
./benchmark_tests/original/Biere/adder_3_6/pec_adder_3_bit_6_12.dqdimacs,33,117
./benchmark_tests/original/Biere/adder_3_6/pec_adder_3_bit_6_12.dqdimacs,34,118
./benchmark_tests/original/Biere/adder_3_6/pec_adder_3_bit_6_12.dqdimacs,35,121
./benchmark_tests/original/Biere/adder_3_6/pec_adder_3_bit_6_12.dqdimacs,37,118
./benchmark_tests/original/Biere/adder_3_6/pec_adder_3_bit_6_12.dqdimacs,38,118
./benchmark_tests/original/Biere/adder_3_6/pec_adder_3_bit_6_12.dqdimacs,39,120
./benchmark_tests/original/Biere/adder_3_6/pec_adder_3_bit_6_12.dqdimacs,41,117
./benchmark_tests/original/Biere/adder_3_6/pec_adder_3_bit_6_12.dqdimacs,42,117
./benchmark_tests/original/Biere/adder_3_6/pec_adder_3_bit_6_12.dqdimacs,43,120
./benchmark_tests/original/Biere/adder_3_6/pec_adder_3_bit_6_12.dqdimacs,45,118
./benchmark_tests/original/Biere/adder_3_6/pec_adder_3_bit_6_12.dqdimacs,46,118
./benchmark_tests/original/Biere/adder_3_6/pec_adder_3_bit_6_12.dqdimacs,47,120
./benchmark_tests/original/Biere/adder_3_6/pec_adder_3_bit_6_12.dqdimacs,49,117
./benchmark_tests/original/Biere/adder_3_6/pec_adder_3_bit_6_12.dqdimacs,50,117
./benchmark_tests/original/Biere/adder_3_6/pec_adder_3_bit_6_12.dqdimacs,51,120
./benchmark_tests/original/Biere/adder_3_6/pec_adder_3_bit_6_12.dqdimacs,53,117
./benchmark_tests/original/Biere/adder_3_6/pec_adder_3_bit_6_12.dqdimacs,54,116
./benchmark_tests/original/Biere/adder_3_6/pec_adder_3_bit_6_12.dqdimacs,55,117
./benchmark_tests/original/Biere/adder_3_6/pec_adder_3_bit_6_12.dqdimacs,56,122
./benchmark_tests/original/Biere/adder_3_6/pec_adder_3_bit_6_12.dqdimacs,58,118
./benchmark_tests/original/Biere/adder_3_6/pec_adder_3_bit_6_12.dqdimacs,59,117
./benchmark_tests/original/Biere/adder_3_6/pec_adder_3_bit_6_12.dqdimacs,60,117
./benchmark_tests/original/Biere/adder_3_6/pec_adder_3_bit_6_12.dqdimacs,61,117
./benchmark_tests/original/Biere/adder_3_6/pec_adder_3_bit_6_12.dqdimacs,62,121
./benchmark_tests/original/Biere/adder_3_6/pec_adder_3_bit_6_12.dqdimacs,64,117
./benchmark_tests/original/Biere/adder_3_6/pec_adder_3_bit_6_12.dqdimacs,65,118
./benchmark_tests/original/Biere/adder_3_6/pec_adder_3_bit_6_12.dqdimacs,66,117
./benchmark_tests/original/Biere/adder_3_6/pec_adder_3_bit_6_12.dqdimacs,67,120
./benchmark_tests/original/Biere/adder_3_6/pec_adder_3_bit_6_12.dqdimacs,69,117
./benchmark_tests/original/Biere/adder_3_6/pec_adder_3_bit_6_12.dqdimacs,70,118
./benchmark_tests/original/Biere/adder_3_6/pec_adder_3_bit_6_12.dqdimacs,71,120
./benchmark_tests/original/Biere/adder_3_6/pec_adder_3_bit_6_12.dqdimacs,73,117
./benchmark_tests/original/Biere/adder_3_6/pec_adder_3_bit_6_12.dqdimacs,74,117
./benchmark_tests/original/Biere/adder_3_6/pec_adder_3_bit_6_12.dqdimacs,75,120
./benchmark_tests/original/Biere/adder_3_6/pec_adder_3_bit_6_12.dqdimacs,77,117
./benchmark_tests/original/Biere/adder_3_6/pec_adder_3_bit_6_12.dqdimacs,78,117
./benchmark_tests/original/Biere/adder_3_6/pec_adder_3_bit_6_12.dqdimacs,79,117
./benchmark_tests/original/Biere/adder_3_6/pec_adder_3_bit_6_12.dqdimacs,80,119
./benchmark_tests/original/Biere/adder_3_6/pec_adder_3_bit_6_12.dqdimacs,82,117
./benchmark_tests/original/Biere/adder_3_6/pec_adder_3_bit_6_12.dqdimacs,83,117
./benchmark_tests/original/Biere/adder_3_6/pec_adder_3_bit_6_12.dqdimacs,84,117
./benchmark_tests/original/Biere/adder_3_6/pec_adder_3_bit_6_12.dqdimacs,85,120
./benchmark_tests/original/Biere/adder_3_6/pec_adder_3_bit_6_12.dqdimacs,86,118
./benchmark_tests/original/Biere/adder_3_6/pec_adder_3_bit_6_12.dqdimacs,87,117
./benchmark_tests/original/Biere/adder_3_6/pec_adder_3_bit_6_12.dqdimacs,88,117
./benchmark_tests/original/Biere/adder_3_6/pec_adder_3_bit_6_12.dqdimacs,89,116
./benchmark_tests/original/Biere/adder_3_6/pec_adder_3_bit_6_12.dqdimacs,90,117
./benchmark_tests/original/Biere/adder_3_6/pec_adder_3_bit_6_12.dqdimacs,91,116
./benchmark_tests/original/Biere/adder_3_6/pec_adder_3_bit_6_12.dqdimacs,92,117
./benchmark_tests/original/Biere/adder_3_6/pec_adder_3_bit_6_12.dqdimacs,93,117
./benchmark_tests/original/Biere/adder_3_6/pec_adder_3_bit_6_12.dqdimacs,94,117
./benchmark_tests/original/Biere/adder_3_6/pec_adder_3_bit_6_12.dqdimacs,95,117
./benchmark_tests/original/Biere/adder_3_6/pec_adder_3_bit_6_12.dqdimacs,96,117
./benchmark_tests/original/Biere/adder_3_6/pec_adder_3_bit_6_12.dqdimacs,97,117
./benchmark_tests/original/Biere/adder_3_6/pec_adder_3_bit_6_12.dqdimacs,98,117
./benchmark_tests/original/Biere/adder_3_6/pec_adder_3_bit_6_12.dqdimacs,99,118
./benchmark_tests/original/Biere/adder_3_6/pec_adder_3_bit_6_12.dqdimacs,100,117
./benchmark_tests/original/Biere/adder_3_6/pec_adder_3_bit_6_12.dqdimacs,101,117
./benchmark_tests/original/Biere/adder_3_6/pec_adder_3_bit_6_12.dqdimacs,102,118
./benchmark_tests/original/Biere/adder_3_6/pec_adder_3_bit_6_13.dqdimacs,4,410
./benchmark_tests/original/Biere/adder_3_6/pec_adder_3_bit_6_13.dqdimacs,5,354
./benchmark_tests/original/Biere/adder_3_6/pec_adder_3_bit_6_13.dqdimacs,6,333
./benchmark_tests/original/Biere/adder_3_6/pec_adder_3_bit_6_13.dqdimacs,10,336
./benchmark_tests/original/Biere/adder_3_6/pec_adder_3_bit_6_13.dqdimacs,11,313
./benchmark_tests/original/Biere/adder_3_6/pec_adder_3_bit_6_13.dqdimacs,12,263
./benchmark_tests/original/Biere/adder_3_6/pec_adder_3_bit_6_13.dqdimacs,13,225
./benchmark_tests/original/Biere/adder_3_6/pec_adder_3_bit_6_13.dqdimacs,17,191
./benchmark_tests/original/Biere/adder_3_6/pec_adder_3_bit_6_13.dqdimacs,18,176
./benchmark_tests/original/Biere/adder_3_6/pec_adder_3_bit_6_13.dqdimacs,19,176
./benchmark_tests/original/Biere/adder_3_6/pec_adder_3_bit_6_13.dqdimacs,20,175
./benchmark_tests/original/Biere/adder_3_6/pec_adder_3_bit_6_13.dqdimacs,22,176
./benchmark_tests/original/Biere/adder_3_6/pec_adder_3_bit_6_13.dqdimacs,23,176
./benchmark_tests/original/Biere/adder_3_6/pec_adder_3_bit_6_13.dqdimacs,24,176
./benchmark_tests/original/Biere/adder_3_6/pec_adder_3_bit_6_13.dqdimacs,25,176
./benchmark_tests/original/Biere/adder_3_6/pec_adder_3_bit_6_13.dqdimacs,26,184
./benchmark_tests/original/Biere/adder_3_6/pec_adder_3_bit_6_13.dqdimacs,27,179
./benchmark_tests/original/Biere/adder_3_6/pec_adder_3_bit_6_13.dqdimacs,29,176
./benchmark_tests/original/Biere/adder_3_6/pec_adder_3_bit_6_13.dqdimacs,30,179
./benchmark_tests/original/Biere/adder_3_6/pec_adder_3_bit_6_13.dqdimacs,31,179
./benchmark_tests/original/Biere/adder_3_6/pec_adder_3_bit_6_13.dqdimacs,33,176
./benchmark_tests/original/Biere/adder_3_6/pec_adder_3_bit_6_13.dqdimacs,34,179
./benchmark_tests/original/Biere/adder_3_6/pec_adder_3_bit_6_13.dqdimacs,35,179
./benchmark_tests/original/Biere/adder_3_6/pec_adder_3_bit_6_13.dqdimacs,37,176
./benchmark_tests/original/Biere/adder_3_6/pec_adder_3_bit_6_13.dqdimacs,38,179
./benchmark_tests/original/Biere/adder_3_6/pec_adder_3_bit_6_13.dqdimacs,39,180
./benchmark_tests/original/Biere/adder_3_6/pec_adder_3_bit_6_13.dqdimacs,41,173
./benchmark_tests/original/Biere/adder_3_6/pec_adder_3_bit_6_13.dqdimacs,42,174
./benchmark_tests/original/Biere/adder_3_6/pec_adder_3_bit_6_13.dqdimacs,43,177
./benchmark_tests/original/Biere/adder_3_6/pec_adder_3_bit_6_13.dqdimacs,44,177
./benchmark_tests/original/Biere/adder_3_6/pec_adder_3_bit_6_13.dqdimacs,46,174
./benchmark_tests/original/Biere/adder_3_6/pec_adder_3_bit_6_13.dqdimacs,47,174
./benchmark_tests/original/Biere/adder_3_6/pec_adder_3_bit_6_13.dqdimacs,48,176
./benchmark_tests/original/Biere/adder_3_6/pec_adder_3_bit_6_13.dqdimacs,49,177
./benchmark_tests/original/Biere/adder_3_6/pec_adder_3_bit_6_13.dqdimacs,51,174
./benchmark_tests/original/Biere/adder_3_6/pec_adder_3_bit_6_13.dqdimacs,52,173
./benchmark_tests/original/Biere/adder_3_6/pec_adder_3_bit_6_13.dqdimacs,53,175
./benchmark_tests/original/Biere/adder_3_6/pec_adder_3_bit_6_13.dqdimacs,55,173
./benchmark_tests/original/Biere/adder_3_6/pec_adder_3_bit_6_13.dqdimacs,56,174
./benchmark_tests/original/Biere/adder_3_6/pec_adder_3_bit_6_13.dqdimacs,57,175
./benchmark_tests/original/Biere/adder_3_6/pec_adder_3_bit_6_13.dqdimacs,58,175
./benchmark_tests/original/Biere/adder_3_6/pec_adder_3_bit_6_13.dqdimacs,59,175
./benchmark_tests/original/Biere/adder_3_6/pec_adder_3_bit_6_13.dqdimacs,61,173
./benchmark_tests/original/Biere/adder_3_6/pec_adder_3_bit_6_13.dqdimacs,62,175
./benchmark_tests/original/Biere/adder_3_6/pec_adder_3_bit_6_13.dqdimacs,63,172
./benchmark_tests/original/Biere/adder_3_6/pec_adder_3_bit_6_13.dqdimacs,64,174
./benchmark_tests/original/Biere/adder_3_6/pec_adder_3_bit_6_13.dqdimacs,65,173
./benchmark_tests/original/Biere/adder_3_6/pec_adder_3_bit_6_13.dqdimacs,66,175
./benchmark_tests/original/Biere/adder_3_6/pec_adder_3_bit_6_13.dqdimacs,67,176
./benchmark_tests/original/Biere/adder_3_6/pec_adder_3_bit_6_13.dqdimacs,68,176
./benchmark_tests/original/Biere/adder_3_6/pec_adder_3_bit_6_13.dqdimacs,69,174
./benchmark_tests/original/Biere/adder_3_6/pec_adder_3_bit_6_13.dqdimacs,70,174
./benchmark_tests/original/Biere/adder_3_6/pec_adder_3_bit_6_13.dqdimacs,71,176
./benchmark_tests/original/Biere/adder_3_6/pec_adder_3_bit_6_13.dqdimacs,72,173
./benchmark_tests/original/Biere/adder_3_6/pec_adder_3_bit_6_13.dqdimacs,73,174
./benchmark_tests/original/Biere/adder_3_6/pec_adder_3_bit_6_13.dqdimacs,74,173
./benchmark_tests/original/Biere/adder_3_6/pec_adder_3_bit_6_13.dqdimacs,75,175
./benchmark_tests/original/Biere/adder_3_6/pec_adder_3_bit_6_13.dqdimacs,76,173
./benchmark_tests/original/Biere/adder_3_6/pec_adder_3_bit_6_13.dqdimacs,77,174
./benchmark_tests/original/Biere/adder_3_6/pec_adder_3_bit_6_13.dqdimacs,78,175
./benchmark_tests/original/Biere/adder_3_6/pec_adder_3_bit_6_13.dqdimacs,79,173
./benchmark_tests/original/Biere/adder_3_6/pec_adder_3_bit_6_13.dqdimacs,80,174
./benchmark_tests/original/Biere/adder_3_6/pec_adder_3_bit_6_13.dqdimacs,81,174
./benchmark_tests/original/Biere/adder_3_6/pec_adder_3_bit_6_13.dqdimacs,82,174
./benchmark_tests/original/Biere/adder_3_6/pec_adder_3_bit_6_14.dqdimacs,4,368
./benchmark_tests/original/Biere/adder_3_6/pec_adder_3_bit_6_14.dqdimacs,5,316
./benchmark_tests/original/Biere/adder_3_6/pec_adder_3_bit_6_14.dqdimacs,6,319
./benchmark_tests/original/Biere/adder_3_6/pec_adder_3_bit_6_14.dqdimacs,10,316
./benchmark_tests/original/Biere/adder_3_6/pec_adder_3_bit_6_14.dqdimacs,11,309
./benchmark_tests/original/Biere/adder_3_6/pec_adder_3_bit_6_14.dqdimacs,12,271
./benchmark_tests/original/Biere/adder_3_6/pec_adder_3_bit_6_14.dqdimacs,13,230
./benchmark_tests/original/Biere/adder_3_6/pec_adder_3_bit_6_14.dqdimacs,17,196
./benchmark_tests/original/Biere/adder_3_6/pec_adder_3_bit_6_14.dqdimacs,18,171
./benchmark_tests/original/Biere/adder_3_6/pec_adder_3_bit_6_14.dqdimacs,19,168
./benchmark_tests/original/Biere/adder_3_6/pec_adder_3_bit_6_14.dqdimacs,20,169
./benchmark_tests/original/Biere/adder_3_6/pec_adder_3_bit_6_14.dqdimacs,22,169
./benchmark_tests/original/Biere/adder_3_6/pec_adder_3_bit_6_14.dqdimacs,23,168
./benchmark_tests/original/Biere/adder_3_6/pec_adder_3_bit_6_14.dqdimacs,24,168
./benchmark_tests/original/Biere/adder_3_6/pec_adder_3_bit_6_14.dqdimacs,25,168
./benchmark_tests/original/Biere/adder_3_6/pec_adder_3_bit_6_14.dqdimacs,26,168
./benchmark_tests/original/Biere/adder_3_6/pec_adder_3_bit_6_14.dqdimacs,27,171
./benchmark_tests/original/Biere/adder_3_6/pec_adder_3_bit_6_14.dqdimacs,29,168
./benchmark_tests/original/Biere/adder_3_6/pec_adder_3_bit_6_14.dqdimacs,30,169
./benchmark_tests/original/Biere/adder_3_6/pec_adder_3_bit_6_14.dqdimacs,31,170
./benchmark_tests/original/Biere/adder_3_6/pec_adder_3_bit_6_14.dqdimacs,33,168
./benchmark_tests/original/Biere/adder_3_6/pec_adder_3_bit_6_14.dqdimacs,34,168
./benchmark_tests/original/Biere/adder_3_6/pec_adder_3_bit_6_14.dqdimacs,35,168
./benchmark_tests/original/Biere/adder_3_6/pec_adder_3_bit_6_14.dqdimacs,36,168
./benchmark_tests/original/Biere/adder_3_6/pec_adder_3_bit_6_14.dqdimacs,37,169
./benchmark_tests/original/Biere/adder_3_6/pec_adder_3_bit_6_14.dqdimacs,38,168
./benchmark_tests/original/Biere/adder_3_6/pec_adder_3_bit_6_14.dqdimacs,39,168
./benchmark_tests/original/Biere/adder_3_6/pec_adder_3_bit_6_14.dqdimacs,40,169
./benchmark_tests/original/Biere/adder_3_6/pec_adder_3_bit_6_14.dqdimacs,42,170
./benchmark_tests/original/Biere/adder_3_6/pec_adder_3_bit_6_14.dqdimacs,43,169
./benchmark_tests/original/Biere/adder_3_6/pec_adder_3_bit_6_14.dqdimacs,44,170
./benchmark_tests/original/Biere/adder_3_6/pec_adder_3_bit_6_14.dqdimacs,46,169
./benchmark_tests/original/Biere/adder_3_6/pec_adder_3_bit_6_14.dqdimacs,47,169
./benchmark_tests/original/Biere/adder_3_6/pec_adder_3_bit_6_14.dqdimacs,48,169
./benchmark_tests/original/Biere/adder_3_6/pec_adder_3_bit_6_14.dqdimacs,50,167
./benchmark_tests/original/Biere/adder_3_6/pec_adder_3_bit_6_14.dqdimacs,51,168
./benchmark_tests/original/Biere/adder_3_6/pec_adder_3_bit_6_14.dqdimacs,52,168
./benchmark_tests/original/Biere/adder_3_6/pec_adder_3_bit_6_14.dqdimacs,53,168
./benchmark_tests/original/Biere/adder_3_6/pec_adder_3_bit_6_14.dqdimacs,55,168
./benchmark_tests/original/Biere/adder_3_6/pec_adder_3_bit_6_14.dqdimacs,56,167
./benchmark_tests/original/Biere/adder_3_6/pec_adder_3_bit_6_14.dqdimacs,57,168
./benchmark_tests/original/Biere/adder_3_6/pec_adder_3_bit_6_14.dqdimacs,58,169
./benchmark_tests/original/Biere/adder_3_6/pec_adder_3_bit_6_14.dqdimacs,59,166
./benchmark_tests/original/Biere/adder_3_6/pec_adder_3_bit_6_14.dqdimacs,60,167
./benchmark_tests/original/Biere/adder_3_6/pec_adder_3_bit_6_14.dqdimacs,61,168
./benchmark_tests/original/Biere/adder_3_6/pec_adder_3_bit_6_14.dqdimacs,62,168
./benchmark_tests/original/Biere/adder_3_6/pec_adder_3_bit_6_14.dqdimacs,63,169
./benchmark_tests/original/Biere/adder_3_6/pec_adder_3_bit_6_14.dqdimacs,64,169
./benchmark_tests/original/Biere/adder_3_6/pec_adder_3_bit_6_14.dqdimacs,65,168
./benchmark_tests/original/Biere/adder_3_6/pec_adder_3_bit_6_14.dqdimacs,66,168
./benchmark_tests/original/Biere/adder_3_6/pec_adder_3_bit_6_14.dqdimacs,67,168
./benchmark_tests/original/Biere/adder_3_6/pec_adder_3_bit_6_14.dqdimacs,68,168
./benchmark_tests/original/Biere/adder_3_6/pec_adder_3_bit_6_14.dqdimacs,69,168
./benchmark_tests/original/Biere/adder_3_6/pec_adder_3_bit_6_14.dqdimacs,70,167
./benchmark_tests/original/Biere/adder_3_6/pec_adder_3_bit_6_14.dqdimacs,71,167
./benchmark_tests/original/Biere/adder_3_6/pec_adder_3_bit_6_14.dqdimacs,72,167
./benchmark_tests/original/Biere/adder_3_6/pec_adder_3_bit_6_14.dqdimacs,73,167
./benchmark_tests/original/Biere/adder_3_6/pec_adder_3_bit_6_14.dqdimacs,74,168
./benchmark_tests/original/Biere/adder_3_6/pec_adder_3_bit_6_14.dqdimacs,75,169
./benchmark_tests/original/Biere/adder_3_6/pec_adder_3_bit_6_15.dqdimacs,4,435
./benchmark_tests/original/Biere/adder_3_6/pec_adder_3_bit_6_15.dqdimacs,5,381
./benchmark_tests/original/Biere/adder_3_6/pec_adder_3_bit_6_15.dqdimacs,6,386
./benchmark_tests/original/Biere/adder_3_6/pec_adder_3_bit_6_15.dqdimacs,10,385
./benchmark_tests/original/Biere/adder_3_6/pec_adder_3_bit_6_15.dqdimacs,11,334
./benchmark_tests/original/Biere/adder_3_6/pec_adder_3_bit_6_15.dqdimacs,12,272
./benchmark_tests/original/Biere/adder_3_6/pec_adder_3_bit_6_15.dqdimacs,13,225
./benchmark_tests/original/Biere/adder_3_6/pec_adder_3_bit_6_15.dqdimacs,17,206
./benchmark_tests/original/Biere/adder_3_6/pec_adder_3_bit_6_15.dqdimacs,18,205
./benchmark_tests/original/Biere/adder_3_6/pec_adder_3_bit_6_15.dqdimacs,19,203
./benchmark_tests/original/Biere/adder_3_6/pec_adder_3_bit_6_15.dqdimacs,20,207
./benchmark_tests/original/Biere/adder_3_6/pec_adder_3_bit_6_15.dqdimacs,22,205
./benchmark_tests/original/Biere/adder_3_6/pec_adder_3_bit_6_15.dqdimacs,23,204
./benchmark_tests/original/Biere/adder_3_6/pec_adder_3_bit_6_15.dqdimacs,24,205
./benchmark_tests/original/Biere/adder_3_6/pec_adder_3_bit_6_15.dqdimacs,25,204
./benchmark_tests/original/Biere/adder_3_6/pec_adder_3_bit_6_15.dqdimacs,26,206
./benchmark_tests/original/Biere/adder_3_6/pec_adder_3_bit_6_15.dqdimacs,27,207
./benchmark_tests/original/Biere/adder_3_6/pec_adder_3_bit_6_15.dqdimacs,29,203
./benchmark_tests/original/Biere/adder_3_6/pec_adder_3_bit_6_15.dqdimacs,30,203
./benchmark_tests/original/Biere/adder_3_6/pec_adder_3_bit_6_15.dqdimacs,31,205
./benchmark_tests/original/Biere/adder_3_6/pec_adder_3_bit_6_15.dqdimacs,32,205
./benchmark_tests/original/Biere/adder_3_6/pec_adder_3_bit_6_15.dqdimacs,34,203
./benchmark_tests/original/Biere/adder_3_6/pec_adder_3_bit_6_15.dqdimacs,35,202
./benchmark_tests/original/Biere/adder_3_6/pec_adder_3_bit_6_15.dqdimacs,36,202
./benchmark_tests/original/Biere/adder_3_6/pec_adder_3_bit_6_15.dqdimacs,38,199
./benchmark_tests/original/Biere/adder_3_6/pec_adder_3_bit_6_15.dqdimacs,39,200
./benchmark_tests/original/Biere/adder_3_6/pec_adder_3_bit_6_15.dqdimacs,40,205
./benchmark_tests/original/Biere/adder_3_6/pec_adder_3_bit_6_15.dqdimacs,42,200
./benchmark_tests/original/Biere/adder_3_6/pec_adder_3_bit_6_15.dqdimacs,43,203
./benchmark_tests/original/Biere/adder_3_6/pec_adder_3_bit_6_15.dqdimacs,44,201
./benchmark_tests/original/Biere/adder_3_6/pec_adder_3_bit_6_15.dqdimacs,46,204
./benchmark_tests/original/Biere/adder_3_6/pec_adder_3_bit_6_15.dqdimacs,47,205
./benchmark_tests/original/Biere/adder_3_6/pec_adder_3_bit_6_15.dqdimacs,48,204
./benchmark_tests/original/Biere/adder_3_6/pec_adder_3_bit_6_15.dqdimacs,50,203
./benchmark_tests/original/Biere/adder_3_6/pec_adder_3_bit_6_15.dqdimacs,51,203
./benchmark_tests/original/Biere/adder_3_6/pec_adder_3_bit_6_15.dqdimacs,52,206
./benchmark_tests/original/Biere/adder_3_6/pec_adder_3_bit_6_15.dqdimacs,53,205
./benchmark_tests/original/Biere/adder_3_6/pec_adder_3_bit_6_15.dqdimacs,54,205
./benchmark_tests/original/Biere/adder_3_6/pec_adder_3_bit_6_15.dqdimacs,56,200
./benchmark_tests/original/Biere/adder_3_6/pec_adder_3_bit_6_15.dqdimacs,57,199
./benchmark_tests/original/Biere/adder_3_6/pec_adder_3_bit_6_15.dqdimacs,58,204
./benchmark_tests/original/Biere/adder_3_6/pec_adder_3_bit_6_15.dqdimacs,59,203
./benchmark_tests/original/Biere/adder_3_6/pec_adder_3_bit_6_15.dqdimacs,60,205
./benchmark_tests/original/Biere/adder_3_6/pec_adder_3_bit_6_15.dqdimacs,62,200
./benchmark_tests/original/Biere/adder_3_6/pec_adder_3_bit_6_15.dqdimacs,63,201
./benchmark_tests/original/Biere/adder_3_6/pec_adder_3_bit_6_15.dqdimacs,64,203
./benchmark_tests/original/Biere/adder_3_6/pec_adder_3_bit_6_15.dqdimacs,65,205
./benchmark_tests/original/Biere/adder_3_6/pec_adder_3_bit_6_15.dqdimacs,66,201
./benchmark_tests/original/Biere/adder_3_6/pec_adder_3_bit_6_15.dqdimacs,67,200
./benchmark_tests/original/Biere/adder_3_6/pec_adder_3_bit_6_15.dqdimacs,68,198
./benchmark_tests/original/Biere/adder_3_6/pec_adder_3_bit_6_15.dqdimacs,69,205
./benchmark_tests/original/Biere/adder_3_6/pec_adder_3_bit_6_15.dqdimacs,70,205
./benchmark_tests/original/Biere/adder_3_6/pec_adder_3_bit_6_15.dqdimacs,71,203
./benchmark_tests/original/Biere/adder_3_6/pec_adder_3_bit_6_15.dqdimacs,72,201
./benchmark_tests/original/Biere/adder_3_6/pec_adder_3_bit_6_15.dqdimacs,73,203
./benchmark_tests/original/Biere/adder_3_6/pec_adder_3_bit_6_15.dqdimacs,74,203
./benchmark_tests/original/Biere/adder_3_6/pec_adder_3_bit_6_15.dqdimacs,75,201
./benchmark_tests/original/Biere/adder_3_6/pec_adder_3_bit_6_15.dqdimacs,76,200
./benchmark_tests/original/Biere/adder_3_6/pec_adder_3_bit_6_15.dqdimacs,77,200
./benchmark_tests/original/Biere/adder_3_6/pec_adder_3_bit_6_15.dqdimacs,78,204
./benchmark_tests/original/Biere/adder_3_6/pec_adder_3_bit_6_15.dqdimacs,79,204
./benchmark_tests/original/Biere/adder_3_6/pec_adder_3_bit_6_15.dqdimacs,80,203
./benchmark_tests/original/Biere/adder_3_6/pec_adder_3_bit_6_15.dqdimacs,81,204
./benchmark_tests/original/Biere/adder_3_6/pec_adder_3_bit_6_15.dqdimacs,82,200
./benchmark_tests/original/Biere/adder_3_6/pec_adder_3_bit_6_16.dqdimacs,4,360
./benchmark_tests/original/Biere/adder_3_6/pec_adder_3_bit_6_16.dqdimacs,5,313
./benchmark_tests/original/Biere/adder_3_6/pec_adder_3_bit_6_16.dqdimacs,6,311
./benchmark_tests/original/Biere/adder_3_6/pec_adder_3_bit_6_16.dqdimacs,10,308
./benchmark_tests/original/Biere/adder_3_6/pec_adder_3_bit_6_16.dqdimacs,11,304
./benchmark_tests/original/Biere/adder_3_6/pec_adder_3_bit_6_16.dqdimacs,12,269
./benchmark_tests/original/Biere/adder_3_6/pec_adder_3_bit_6_16.dqdimacs,13,231
./benchmark_tests/original/Biere/adder_3_6/pec_adder_3_bit_6_16.dqdimacs,17,195
./benchmark_tests/original/Biere/adder_3_6/pec_adder_3_bit_6_16.dqdimacs,18,170
./benchmark_tests/original/Biere/adder_3_6/pec_adder_3_bit_6_16.dqdimacs,19,164
./benchmark_tests/original/Biere/adder_3_6/pec_adder_3_bit_6_16.dqdimacs,20,165
./benchmark_tests/original/Biere/adder_3_6/pec_adder_3_bit_6_16.dqdimacs,22,165
./benchmark_tests/original/Biere/adder_3_6/pec_adder_3_bit_6_16.dqdimacs,23,164
./benchmark_tests/original/Biere/adder_3_6/pec_adder_3_bit_6_16.dqdimacs,24,164
./benchmark_tests/original/Biere/adder_3_6/pec_adder_3_bit_6_16.dqdimacs,25,165
./benchmark_tests/original/Biere/adder_3_6/pec_adder_3_bit_6_16.dqdimacs,26,163
./benchmark_tests/original/Biere/adder_3_6/pec_adder_3_bit_6_16.dqdimacs,27,167
./benchmark_tests/original/Biere/adder_3_6/pec_adder_3_bit_6_16.dqdimacs,29,166
./benchmark_tests/original/Biere/adder_3_6/pec_adder_3_bit_6_16.dqdimacs,30,166
./benchmark_tests/original/Biere/adder_3_6/pec_adder_3_bit_6_16.dqdimacs,31,166
./benchmark_tests/original/Biere/adder_3_6/pec_adder_3_bit_6_16.dqdimacs,33,164
./benchmark_tests/original/Biere/adder_3_6/pec_adder_3_bit_6_16.dqdimacs,34,165
./benchmark_tests/original/Biere/adder_3_6/pec_adder_3_bit_6_16.dqdimacs,35,168
./benchmark_tests/original/Biere/adder_3_6/pec_adder_3_bit_6_16.dqdimacs,37,163
./benchmark_tests/original/Biere/adder_3_6/pec_adder_3_bit_6_16.dqdimacs,38,164
./benchmark_tests/original/Biere/adder_3_6/pec_adder_3_bit_6_16.dqdimacs,39,168
./benchmark_tests/original/Biere/adder_3_6/pec_adder_3_bit_6_16.dqdimacs,41,165
./benchmark_tests/original/Biere/adder_3_6/pec_adder_3_bit_6_16.dqdimacs,42,166
./benchmark_tests/original/Biere/adder_3_6/pec_adder_3_bit_6_16.dqdimacs,43,168
./benchmark_tests/original/Biere/adder_3_6/pec_adder_3_bit_6_16.dqdimacs,45,164
./benchmark_tests/original/Biere/adder_3_6/pec_adder_3_bit_6_16.dqdimacs,46,165
./benchmark_tests/original/Biere/adder_3_6/pec_adder_3_bit_6_16.dqdimacs,47,168
./benchmark_tests/original/Biere/adder_3_6/pec_adder_3_bit_6_16.dqdimacs,49,164
./benchmark_tests/original/Biere/adder_3_6/pec_adder_3_bit_6_16.dqdimacs,50,164
./benchmark_tests/original/Biere/adder_3_6/pec_adder_3_bit_6_16.dqdimacs,51,168
./benchmark_tests/original/Biere/adder_3_6/pec_adder_3_bit_6_16.dqdimacs,53,164
./benchmark_tests/original/Biere/adder_3_6/pec_adder_3_bit_6_16.dqdimacs,54,165
./benchmark_tests/original/Biere/adder_3_6/pec_adder_3_bit_6_16.dqdimacs,55,166
./benchmark_tests/original/Biere/adder_3_6/pec_adder_3_bit_6_16.dqdimacs,56,169
./benchmark_tests/original/Biere/adder_3_6/pec_adder_3_bit_6_16.dqdimacs,58,164
./benchmark_tests/original/Biere/adder_3_6/pec_adder_3_bit_6_16.dqdimacs,59,164
./benchmark_tests/original/Biere/adder_3_6/pec_adder_3_bit_6_16.dqdimacs,60,164
./benchmark_tests/original/Biere/adder_3_6/pec_adder_3_bit_6_16.dqdimacs,61,166
./benchmark_tests/original/Biere/adder_3_6/pec_adder_3_bit_6_16.dqdimacs,63,164
./benchmark_tests/original/Biere/adder_3_6/pec_adder_3_bit_6_16.dqdimacs,64,163
./benchmark_tests/original/Biere/adder_3_6/pec_adder_3_bit_6_16.dqdimacs,65,165
./benchmark_tests/original/Biere/adder_3_6/pec_adder_3_bit_6_16.dqdimacs,66,166
./benchmark_tests/original/Biere/adder_3_6/pec_adder_3_bit_6_16.dqdimacs,67,164
./benchmark_tests/original/Biere/adder_3_6/pec_adder_3_bit_6_16.dqdimacs,68,164
./benchmark_tests/original/Biere/adder_3_6/pec_adder_3_bit_6_16.dqdimacs,69,164
./benchmark_tests/original/Biere/adder_3_6/pec_adder_3_bit_6_16.dqdimacs,70,164
./benchmark_tests/original/Biere/adder_3_6/pec_adder_3_bit_6_16.dqdimacs,71,164
./benchmark_tests/original/Biere/adder_3_6/pec_adder_3_bit_6_16.dqdimacs,72,164
./benchmark_tests/original/Biere/adder_3_6/pec_adder_3_bit_6_16.dqdimacs,73,163
./benchmark_tests/original/Biere/adder_3_6/pec_adder_3_bit_6_16.dqdimacs,74,164
./benchmark_tests/original/Biere/adder_3_6/pec_adder_3_bit_6_16.dqdimacs,75,164
./benchmark_tests/original/Biere/adder_3_6/pec_adder_3_bit_6_16.dqdimacs,76,165
./benchmark_tests/original/Biere/adder_3_6/pec_adder_3_bit_6_16.dqdimacs,77,163
./benchmark_tests/original/Biere/adder_3_6/pec_adder_3_bit_6_16.dqdimacs,78,164
./benchmark_tests/original/Biere/adder_3_6/pec_adder_3_bit_6_16.dqdimacs,79,164
./benchmark_tests/original/Biere/adder_3_6/pec_adder_3_bit_6_16.dqdimacs,80,164
./benchmark_tests/original/Biere/adder_3_6/pec_adder_3_bit_6_16.dqdimacs,81,164
./benchmark_tests/original/Biere/adder_3_6/pec_adder_3_bit_6_16.dqdimacs,82,164
./benchmark_tests/original/Biere/adder_3_6/pec_adder_3_bit_6_16.dqdimacs,83,164
./benchmark_tests/original/Biere/adder_3_6/pec_adder_3_bit_6_16.dqdimacs,84,164
./benchmark_tests/original/Biere/adder_3_6/pec_adder_3_bit_6_16.dqdimacs,85,164
./benchmark_tests/original/Biere/adder_3_6/pec_adder_3_bit_6_16.dqdimacs,86,165
./benchmark_tests/original/Biere/adder_3_6/pec_adder_3_bit_6_17.dqdimacs,4,281
./benchmark_tests/original/Biere/adder_3_6/pec_adder_3_bit_6_17.dqdimacs,5,233
./benchmark_tests/original/Biere/adder_3_6/pec_adder_3_bit_6_17.dqdimacs,6,231
./benchmark_tests/original/Biere/adder_3_6/pec_adder_3_bit_6_17.dqdimacs,10,230
./benchmark_tests/original/Biere/adder_3_6/pec_adder_3_bit_6_17.dqdimacs,11,231
./benchmark_tests/original/Biere/adder_3_6/pec_adder_3_bit_6_17.dqdimacs,12,231
./benchmark_tests/original/Biere/adder_3_6/pec_adder_3_bit_6_17.dqdimacs,13,220
./benchmark_tests/original/Biere/adder_3_6/pec_adder_3_bit_6_17.dqdimacs,17,195
./benchmark_tests/original/Biere/adder_3_6/pec_adder_3_bit_6_17.dqdimacs,18,173
./benchmark_tests/original/Biere/adder_3_6/pec_adder_3_bit_6_17.dqdimacs,19,153
./benchmark_tests/original/Biere/adder_3_6/pec_adder_3_bit_6_17.dqdimacs,20,139
./benchmark_tests/original/Biere/adder_3_6/pec_adder_3_bit_6_17.dqdimacs,22,126
./benchmark_tests/original/Biere/adder_3_6/pec_adder_3_bit_6_17.dqdimacs,23,124
./benchmark_tests/original/Biere/adder_3_6/pec_adder_3_bit_6_17.dqdimacs,24,123
./benchmark_tests/original/Biere/adder_3_6/pec_adder_3_bit_6_17.dqdimacs,25,123
./benchmark_tests/original/Biere/adder_3_6/pec_adder_3_bit_6_17.dqdimacs,26,124
./benchmark_tests/original/Biere/adder_3_6/pec_adder_3_bit_6_17.dqdimacs,27,126
./benchmark_tests/original/Biere/adder_3_6/pec_adder_3_bit_6_17.dqdimacs,29,123
./benchmark_tests/original/Biere/adder_3_6/pec_adder_3_bit_6_17.dqdimacs,30,123
./benchmark_tests/original/Biere/adder_3_6/pec_adder_3_bit_6_17.dqdimacs,31,124
./benchmark_tests/original/Biere/adder_3_6/pec_adder_3_bit_6_17.dqdimacs,32,124
./benchmark_tests/original/Biere/adder_3_6/pec_adder_3_bit_6_17.dqdimacs,34,123
./benchmark_tests/original/Biere/adder_3_6/pec_adder_3_bit_6_17.dqdimacs,35,124
./benchmark_tests/original/Biere/adder_3_6/pec_adder_3_bit_6_17.dqdimacs,36,123
./benchmark_tests/original/Biere/adder_3_6/pec_adder_3_bit_6_17.dqdimacs,37,129
./benchmark_tests/original/Biere/adder_3_6/pec_adder_3_bit_6_17.dqdimacs,39,124
./benchmark_tests/original/Biere/adder_3_6/pec_adder_3_bit_6_17.dqdimacs,40,124
./benchmark_tests/original/Biere/adder_3_6/pec_adder_3_bit_6_17.dqdimacs,41,126
./benchmark_tests/original/Biere/adder_3_6/pec_adder_3_bit_6_17.dqdimacs,43,124
./benchmark_tests/original/Biere/adder_3_6/pec_adder_3_bit_6_17.dqdimacs,44,123
./benchmark_tests/original/Biere/adder_3_6/pec_adder_3_bit_6_17.dqdimacs,45,125
./benchmark_tests/original/Biere/adder_3_6/pec_adder_3_bit_6_17.dqdimacs,47,123
./benchmark_tests/original/Biere/adder_3_6/pec_adder_3_bit_6_17.dqdimacs,48,123
./benchmark_tests/original/Biere/adder_3_6/pec_adder_3_bit_6_17.dqdimacs,49,123
./benchmark_tests/original/Biere/adder_3_6/pec_adder_3_bit_6_17.dqdimacs,50,125
./benchmark_tests/original/Biere/adder_3_6/pec_adder_3_bit_6_17.dqdimacs,52,124
./benchmark_tests/original/Biere/adder_3_6/pec_adder_3_bit_6_17.dqdimacs,53,125
./benchmark_tests/original/Biere/adder_3_6/pec_adder_3_bit_6_17.dqdimacs,54,125
./benchmark_tests/original/Biere/adder_3_6/pec_adder_3_bit_6_17.dqdimacs,56,123
./benchmark_tests/original/Biere/adder_3_6/pec_adder_3_bit_6_17.dqdimacs,57,123
./benchmark_tests/original/Biere/adder_3_6/pec_adder_3_bit_6_17.dqdimacs,58,123
./benchmark_tests/original/Biere/adder_3_6/pec_adder_3_bit_6_17.dqdimacs,59,127
./benchmark_tests/original/Biere/adder_3_6/pec_adder_3_bit_6_17.dqdimacs,60,124
./benchmark_tests/original/Biere/adder_3_6/pec_adder_3_bit_6_17.dqdimacs,61,123
./benchmark_tests/original/Biere/adder_3_6/pec_adder_3_bit_6_17.dqdimacs,62,124
./benchmark_tests/original/Biere/adder_3_6/pec_adder_3_bit_6_17.dqdimacs,63,124
./benchmark_tests/original/Biere/adder_3_6/pec_adder_3_bit_6_17.dqdimacs,64,124
./benchmark_tests/original/Biere/adder_3_6/pec_adder_3_bit_6_17.dqdimacs,65,124
./benchmark_tests/original/Biere/adder_3_6/pec_adder_3_bit_6_17.dqdimacs,66,124
./benchmark_tests/original/Biere/adder_3_6/pec_adder_3_bit_6_17.dqdimacs,67,126
./benchmark_tests/original/Biere/adder_3_6/pec_adder_3_bit_6_17.dqdimacs,68,124
./benchmark_tests/original/Biere/adder_3_6/pec_adder_3_bit_6_17.dqdimacs,69,124
./benchmark_tests/original/Biere/adder_3_6/pec_adder_3_bit_6_17.dqdimacs,70,124
./benchmark_tests/original/Biere/adder_3_6/pec_adder_3_bit_6_17.dqdimacs,71,125
./benchmark_tests/original/Biere/adder_3_6/pec_adder_3_bit_6_17.dqdimacs,72,125
./benchmark_tests/original/Biere/adder_3_6/pec_adder_3_bit_6_17.dqdimacs,73,123
./benchmark_tests/original/Biere/adder_3_6/pec_adder_3_bit_6_17.dqdimacs,74,125
./benchmark_tests/original/Biere/adder_3_6/pec_adder_3_bit_6_17.dqdimacs,75,124
./benchmark_tests/original/Biere/adder_3_6/pec_adder_3_bit_6_17.dqdimacs,76,123
./benchmark_tests/original/Biere/adder_3_6/pec_adder_3_bit_6_17.dqdimacs,77,124
./benchmark_tests/original/Biere/adder_3_6/pec_adder_3_bit_6_17.dqdimacs,78,124
./benchmark_tests/original/Biere/adder_3_6/pec_adder_3_bit_6_17.dqdimacs,79,124
./benchmark_tests/original/Biere/adder_3_6/pec_adder_3_bit_6_18.dqdimacs,4,416
./benchmark_tests/original/Biere/adder_3_6/pec_adder_3_bit_6_18.dqdimacs,5,366
./benchmark_tests/original/Biere/adder_3_6/pec_adder_3_bit_6_18.dqdimacs,6,362
./benchmark_tests/original/Biere/adder_3_6/pec_adder_3_bit_6_18.dqdimacs,10,359
./benchmark_tests/original/Biere/adder_3_6/pec_adder_3_bit_6_18.dqdimacs,11,324
./benchmark_tests/original/Biere/adder_3_6/pec_adder_3_bit_6_18.dqdimacs,12,276
./benchmark_tests/original/Biere/adder_3_6/pec_adder_3_bit_6_18.dqdimacs,13,228
./benchmark_tests/original/Biere/adder_3_6/pec_adder_3_bit_6_18.dqdimacs,17,194
./benchmark_tests/original/Biere/adder_3_6/pec_adder_3_bit_6_18.dqdimacs,18,196
./benchmark_tests/original/Biere/adder_3_6/pec_adder_3_bit_6_18.dqdimacs,19,195
./benchmark_tests/original/Biere/adder_3_6/pec_adder_3_bit_6_18.dqdimacs,20,196
./benchmark_tests/original/Biere/adder_3_6/pec_adder_3_bit_6_18.dqdimacs,22,194
./benchmark_tests/original/Biere/adder_3_6/pec_adder_3_bit_6_18.dqdimacs,23,190
./benchmark_tests/original/Biere/adder_3_6/pec_adder_3_bit_6_18.dqdimacs,24,190
./benchmark_tests/original/Biere/adder_3_6/pec_adder_3_bit_6_18.dqdimacs,25,193
./benchmark_tests/original/Biere/adder_3_6/pec_adder_3_bit_6_18.dqdimacs,26,192
./benchmark_tests/original/Biere/adder_3_6/pec_adder_3_bit_6_18.dqdimacs,27,192
./benchmark_tests/original/Biere/adder_3_6/pec_adder_3_bit_6_18.dqdimacs,29,189
./benchmark_tests/original/Biere/adder_3_6/pec_adder_3_bit_6_18.dqdimacs,30,191
./benchmark_tests/original/Biere/adder_3_6/pec_adder_3_bit_6_18.dqdimacs,31,192
./benchmark_tests/original/Biere/adder_3_6/pec_adder_3_bit_6_18.dqdimacs,32,197
./benchmark_tests/original/Biere/adder_3_6/pec_adder_3_bit_6_18.dqdimacs,34,195
./benchmark_tests/original/Biere/adder_3_6/pec_adder_3_bit_6_18.dqdimacs,35,192
./benchmark_tests/original/Biere/adder_3_6/pec_adder_3_bit_6_18.dqdimacs,36,195
./benchmark_tests/original/Biere/adder_3_6/pec_adder_3_bit_6_18.dqdimacs,38,194
./benchmark_tests/original/Biere/adder_3_6/pec_adder_3_bit_6_18.dqdimacs,39,193
./benchmark_tests/original/Biere/adder_3_6/pec_adder_3_bit_6_18.dqdimacs,40,193
./benchmark_tests/original/Biere/adder_3_6/pec_adder_3_bit_6_18.dqdimacs,41,195
./benchmark_tests/original/Biere/adder_3_6/pec_adder_3_bit_6_18.dqdimacs,43,196
./benchmark_tests/original/Biere/adder_3_6/pec_adder_3_bit_6_18.dqdimacs,44,195
./benchmark_tests/original/Biere/adder_3_6/pec_adder_3_bit_6_18.dqdimacs,45,194
./benchmark_tests/original/Biere/adder_3_6/pec_adder_3_bit_6_18.dqdimacs,47,189
./benchmark_tests/original/Biere/adder_3_6/pec_adder_3_bit_6_18.dqdimacs,48,193
./benchmark_tests/original/Biere/adder_3_6/pec_adder_3_bit_6_18.dqdimacs,49,195
./benchmark_tests/original/Biere/adder_3_6/pec_adder_3_bit_6_18.dqdimacs,51,195
./benchmark_tests/original/Biere/adder_3_6/pec_adder_3_bit_6_18.dqdimacs,52,195
./benchmark_tests/original/Biere/adder_3_6/pec_adder_3_bit_6_18.dqdimacs,53,197
./benchmark_tests/original/Biere/adder_3_6/pec_adder_3_bit_6_18.dqdimacs,55,195
./benchmark_tests/original/Biere/adder_3_6/pec_adder_3_bit_6_18.dqdimacs,56,194
./benchmark_tests/original/Biere/adder_3_6/pec_adder_3_bit_6_18.dqdimacs,57,193
./benchmark_tests/original/Biere/adder_3_6/pec_adder_3_bit_6_18.dqdimacs,58,191
./benchmark_tests/original/Biere/adder_3_6/pec_adder_3_bit_6_18.dqdimacs,60,195
./benchmark_tests/original/Biere/adder_3_6/pec_adder_3_bit_6_18.dqdimacs,61,194
./benchmark_tests/original/Biere/adder_3_6/pec_adder_3_bit_6_18.dqdimacs,62,196
./benchmark_tests/original/Biere/adder_3_6/pec_adder_3_bit_6_18.dqdimacs,64,194
./benchmark_tests/original/Biere/adder_3_6/pec_adder_3_bit_6_18.dqdimacs,65,194
./benchmark_tests/original/Biere/adder_3_6/pec_adder_3_bit_6_18.dqdimacs,66,197
./benchmark_tests/original/Biere/adder_3_6/pec_adder_3_bit_6_18.dqdimacs,68,195
./benchmark_tests/original/Biere/adder_3_6/pec_adder_3_bit_6_18.dqdimacs,69,194
./benchmark_tests/original/Biere/adder_3_6/pec_adder_3_bit_6_18.dqdimacs,70,195
./benchmark_tests/original/Biere/adder_3_6/pec_adder_3_bit_6_18.dqdimacs,71,193
./benchmark_tests/original/Biere/adder_3_6/pec_adder_3_bit_6_18.dqdimacs,72,189
./benchmark_tests/original/Biere/adder_3_6/pec_adder_3_bit_6_18.dqdimacs,73,192
./benchmark_tests/original/Biere/adder_3_6/pec_adder_3_bit_6_18.dqdimacs,74,194
./benchmark_tests/original/Biere/adder_3_6/pec_adder_3_bit_6_18.dqdimacs,75,194
./benchmark_tests/original/Biere/adder_3_6/pec_adder_3_bit_6_18.dqdimacs,76,195
./benchmark_tests/original/Biere/adder_3_6/pec_adder_3_bit_6_18.dqdimacs,77,194
./benchmark_tests/original/Biere/adder_3_6/pec_adder_3_bit_6_18.dqdimacs,78,194
./benchmark_tests/original/Biere/adder_3_6/pec_adder_3_bit_6_18.dqdimacs,79,193
./benchmark_tests/original/Biere/adder_3_6/pec_adder_3_bit_6_18.dqdimacs,80,193
./benchmark_tests/original/Biere/adder_3_6/pec_adder_3_bit_6_18.dqdimacs,81,194
./benchmark_tests/original/Biere/adder_3_6/pec_adder_3_bit_6_18.dqdimacs,82,193
./benchmark_tests/original/Biere/adder_3_6/pec_adder_3_bit_6_18.dqdimacs,83,189
./benchmark_tests/original/Biere/adder_3_6/pec_adder_3_bit_6_18.dqdimacs,84,192
./benchmark_tests/original/Biere/adder_3_6/pec_adder_3_bit_6_18.dqdimacs,85,193
./benchmark_tests/original/Biere/adder_3_6/pec_adder_3_bit_6_18.dqdimacs,86,187
./benchmark_tests/original/Biere/adder_3_6/pec_adder_3_bit_6_18.dqdimacs,87,190
./benchmark_tests/original/Biere/adder_3_6/pec_adder_3_bit_6_18.dqdimacs,88,192
./benchmark_tests/original/Biere/adder_3_6/pec_adder_3_bit_6_18.dqdimacs,89,190
./benchmark_tests/original/Biere/adder_3_6/pec_adder_3_bit_6_18.dqdimacs,90,191
./benchmark_tests/original/Biere/adder_3_6/pec_adder_3_bit_6_19.dqdimacs,4,211
./benchmark_tests/original/Biere/adder_3_6/pec_adder_3_bit_6_19.dqdimacs,5,160
./benchmark_tests/original/Biere/adder_3_6/pec_adder_3_bit_6_19.dqdimacs,6,159
./benchmark_tests/original/Biere/adder_3_6/pec_adder_3_bit_6_19.dqdimacs,10,160
./benchmark_tests/original/Biere/adder_3_6/pec_adder_3_bit_6_19.dqdimacs,11,159
./benchmark_tests/original/Biere/adder_3_6/pec_adder_3_bit_6_19.dqdimacs,12,160
./benchmark_tests/original/Biere/adder_3_6/pec_adder_3_bit_6_19.dqdimacs,13,160
./benchmark_tests/original/Biere/adder_3_6/pec_adder_3_bit_6_19.dqdimacs,17,160
./benchmark_tests/original/Biere/adder_3_6/pec_adder_3_bit_6_19.dqdimacs,18,159
./benchmark_tests/original/Biere/adder_3_6/pec_adder_3_bit_6_19.dqdimacs,19,152
./benchmark_tests/original/Biere/adder_3_6/pec_adder_3_bit_6_19.dqdimacs,20,142
./benchmark_tests/original/Biere/adder_3_6/pec_adder_3_bit_6_19.dqdimacs,22,130
./benchmark_tests/original/Biere/adder_3_6/pec_adder_3_bit_6_19.dqdimacs,23,119
./benchmark_tests/original/Biere/adder_3_6/pec_adder_3_bit_6_19.dqdimacs,24,109
./benchmark_tests/original/Biere/adder_3_6/pec_adder_3_bit_6_19.dqdimacs,25,101
./benchmark_tests/original/Biere/adder_3_6/pec_adder_3_bit_6_19.dqdimacs,26,94
./benchmark_tests/original/Biere/adder_3_6/pec_adder_3_bit_6_19.dqdimacs,27,89
./benchmark_tests/original/Biere/adder_3_6/pec_adder_3_bit_6_19.dqdimacs,29,86
./benchmark_tests/original/Biere/adder_3_6/pec_adder_3_bit_6_19.dqdimacs,30,86
./benchmark_tests/original/Biere/adder_3_6/pec_adder_3_bit_6_19.dqdimacs,31,88
./benchmark_tests/original/Biere/adder_3_6/pec_adder_3_bit_6_19.dqdimacs,33,86
./benchmark_tests/original/Biere/adder_3_6/pec_adder_3_bit_6_19.dqdimacs,34,86
./benchmark_tests/original/Biere/adder_3_6/pec_adder_3_bit_6_19.dqdimacs,35,86
./benchmark_tests/original/Biere/adder_3_6/pec_adder_3_bit_6_19.dqdimacs,36,87
./benchmark_tests/original/Biere/adder_3_6/pec_adder_3_bit_6_19.dqdimacs,38,86
./benchmark_tests/original/Biere/adder_3_6/pec_adder_3_bit_6_19.dqdimacs,39,86
./benchmark_tests/original/Biere/adder_3_6/pec_adder_3_bit_6_19.dqdimacs,40,86
./benchmark_tests/original/Biere/adder_3_6/pec_adder_3_bit_6_19.dqdimacs,41,86
./benchmark_tests/original/Biere/adder_3_6/pec_adder_3_bit_6_19.dqdimacs,42,86
./benchmark_tests/original/Biere/adder_3_6/pec_adder_3_bit_6_19.dqdimacs,43,86
./benchmark_tests/original/Biere/adder_3_6/pec_adder_3_bit_6_19.dqdimacs,44,86
./benchmark_tests/original/Biere/adder_3_6/pec_adder_3_bit_6_19.dqdimacs,45,87
./benchmark_tests/original/Biere/adder_3_6/pec_adder_3_bit_6_19.dqdimacs,47,86
./benchmark_tests/original/Biere/adder_3_6/pec_adder_3_bit_6_19.dqdimacs,48,86
./benchmark_tests/original/Biere/adder_3_6/pec_adder_3_bit_6_19.dqdimacs,49,88
./benchmark_tests/original/Biere/adder_3_6/pec_adder_3_bit_6_19.dqdimacs,51,86
./benchmark_tests/original/Biere/adder_3_6/pec_adder_3_bit_6_19.dqdimacs,52,86
./benchmark_tests/original/Biere/adder_3_6/pec_adder_3_bit_6_19.dqdimacs,53,88
./benchmark_tests/original/Biere/adder_3_6/pec_adder_3_bit_6_19.dqdimacs,55,86
./benchmark_tests/original/Biere/adder_3_6/pec_adder_3_bit_6_19.dqdimacs,56,86
./benchmark_tests/original/Biere/adder_3_6/pec_adder_3_bit_6_19.dqdimacs,57,87
./benchmark_tests/original/Biere/adder_3_6/pec_adder_3_bit_6_19.dqdimacs,58,86
./benchmark_tests/original/Biere/adder_3_6/pec_adder_3_bit_6_19.dqdimacs,59,85
./benchmark_tests/original/Biere/adder_3_6/pec_adder_3_bit_6_19.dqdimacs,60,86
./benchmark_tests/original/Biere/adder_3_6/pec_adder_3_bit_6_19.dqdimacs,61,86
./benchmark_tests/original/Biere/adder_3_6/pec_adder_3_bit_6_19.dqdimacs,62,85
./benchmark_tests/original/Biere/adder_3_6/pec_adder_3_bit_6_19.dqdimacs,63,85
./benchmark_tests/original/Biere/adder_3_6/pec_adder_3_bit_6_19.dqdimacs,64,85
./benchmark_tests/original/Biere/adder_3_6/pec_adder_3_bit_6_19.dqdimacs,65,86
./benchmark_tests/original/Biere/adder_3_6/pec_adder_3_bit_6_19.dqdimacs,66,85
./benchmark_tests/original/Biere/adder_3_6/pec_adder_3_bit_6_19.dqdimacs,67,86
./benchmark_tests/original/Biere/adder_3_6/pec_adder_3_bit_6_19.dqdimacs,68,85
./benchmark_tests/original/Biere/adder_3_6/pec_adder_3_bit_6_19.dqdimacs,69,86
./benchmark_tests/original/Biere/adder_3_6/pec_adder_3_bit_6_19.dqdimacs,70,86
./benchmark_tests/original/Biere/adder_3_6/pec_adder_3_bit_6_19.dqdimacs,71,86
./benchmark_tests/original/Biere/adder_3_6/pec_adder_3_bit_6_19.dqdimacs,72,86
./benchmark_tests/original/Biere/adder_3_6/pec_adder_3_bit_6_19.dqdimacs,73,86
./benchmark_tests/original/Biere/adder_3_6/pec_adder_3_bit_6_19.dqdimacs,74,86
./benchmark_tests/original/Biere/adder_3_6/pec_adder_3_bit_6_19.dqdimacs,75,86
./benchmark_tests/original/Biere/adder_3_6/pec_adder_3_bit_6_19.dqdimacs,76,85
./benchmark_tests/original/Biere/adder_3_6/pec_adder_3_bit_6_1.dqdimacs,4,246
./benchmark_tests/original/Biere/adder_3_6/pec_adder_3_bit_6_1.dqdimacs,5,190
./benchmark_tests/original/Biere/adder_3_6/pec_adder_3_bit_6_1.dqdimacs,6,168
./benchmark_tests/original/Biere/adder_3_6/pec_adder_3_bit_6_1.dqdimacs,10,171
./benchmark_tests/original/Biere/adder_3_6/pec_adder_3_bit_6_1.dqdimacs,11,170
./benchmark_tests/original/Biere/adder_3_6/pec_adder_3_bit_6_1.dqdimacs,12,169
./benchmark_tests/original/Biere/adder_3_6/pec_adder_3_bit_6_1.dqdimacs,13,169
./benchmark_tests/original/Biere/adder_3_6/pec_adder_3_bit_6_1.dqdimacs,17,170
./benchmark_tests/original/Biere/adder_3_6/pec_adder_3_bit_6_1.dqdimacs,18,164
./benchmark_tests/original/Biere/adder_3_6/pec_adder_3_bit_6_1.dqdimacs,19,151
./benchmark_tests/original/Biere/adder_3_6/pec_adder_3_bit_6_1.dqdimacs,20,140
./benchmark_tests/original/Biere/adder_3_6/pec_adder_3_bit_6_1.dqdimacs,22,127
./benchmark_tests/original/Biere/adder_3_6/pec_adder_3_bit_6_1.dqdimacs,23,115
./benchmark_tests/original/Biere/adder_3_6/pec_adder_3_bit_6_1.dqdimacs,24,106
./benchmark_tests/original/Biere/adder_3_6/pec_adder_3_bit_6_1.dqdimacs,25,104
./benchmark_tests/original/Biere/adder_3_6/pec_adder_3_bit_6_1.dqdimacs,26,91
./benchmark_tests/original/Biere/adder_3_6/pec_adder_3_bit_6_1.dqdimacs,27,93
./benchmark_tests/original/Biere/adder_3_6/pec_adder_3_bit_6_1.dqdimacs,29,89
./benchmark_tests/original/Biere/adder_3_6/pec_adder_3_bit_6_1.dqdimacs,30,89
./benchmark_tests/original/Biere/adder_3_6/pec_adder_3_bit_6_1.dqdimacs,31,90
./benchmark_tests/original/Biere/adder_3_6/pec_adder_3_bit_6_1.dqdimacs,32,92
./benchmark_tests/original/Biere/adder_3_6/pec_adder_3_bit_6_1.dqdimacs,34,92
./benchmark_tests/original/Biere/adder_3_6/pec_adder_3_bit_6_1.dqdimacs,35,90
./benchmark_tests/original/Biere/adder_3_6/pec_adder_3_bit_6_1.dqdimacs,36,91
./benchmark_tests/original/Biere/adder_3_6/pec_adder_3_bit_6_1.dqdimacs,37,91
./benchmark_tests/original/Biere/adder_3_6/pec_adder_3_bit_6_1.dqdimacs,39,90
./benchmark_tests/original/Biere/adder_3_6/pec_adder_3_bit_6_1.dqdimacs,40,89
./benchmark_tests/original/Biere/adder_3_6/pec_adder_3_bit_6_1.dqdimacs,41,91
./benchmark_tests/original/Biere/adder_3_6/pec_adder_3_bit_6_1.dqdimacs,42,92
./benchmark_tests/original/Biere/adder_3_6/pec_adder_3_bit_6_1.dqdimacs,44,91
./benchmark_tests/original/Biere/adder_3_6/pec_adder_3_bit_6_1.dqdimacs,45,90
./benchmark_tests/original/Biere/adder_3_6/pec_adder_3_bit_6_1.dqdimacs,46,91
./benchmark_tests/original/Biere/adder_3_6/pec_adder_3_bit_6_1.dqdimacs,48,89
./benchmark_tests/original/Biere/adder_3_6/pec_adder_3_bit_6_1.dqdimacs,49,89
./benchmark_tests/original/Biere/adder_3_6/pec_adder_3_bit_6_1.dqdimacs,50,90
./benchmark_tests/original/Biere/adder_3_6/pec_adder_3_bit_6_1.dqdimacs,51,91
./benchmark_tests/original/Biere/adder_3_6/pec_adder_3_bit_6_1.dqdimacs,53,89
./benchmark_tests/original/Biere/adder_3_6/pec_adder_3_bit_6_1.dqdimacs,54,90
./benchmark_tests/original/Biere/adder_3_6/pec_adder_3_bit_6_1.dqdimacs,55,91
./benchmark_tests/original/Biere/adder_3_6/pec_adder_3_bit_6_1.dqdimacs,57,91
./benchmark_tests/original/Biere/adder_3_6/pec_adder_3_bit_6_1.dqdimacs,58,91
./benchmark_tests/original/Biere/adder_3_6/pec_adder_3_bit_6_1.dqdimacs,59,90
./benchmark_tests/original/Biere/adder_3_6/pec_adder_3_bit_6_1.dqdimacs,60,91
./benchmark_tests/original/Biere/adder_3_6/pec_adder_3_bit_6_1.dqdimacs,62,90
./benchmark_tests/original/Biere/adder_3_6/pec_adder_3_bit_6_1.dqdimacs,63,91
./benchmark_tests/original/Biere/adder_3_6/pec_adder_3_bit_6_1.dqdimacs,64,90
./benchmark_tests/original/Biere/adder_3_6/pec_adder_3_bit_6_1.dqdimacs,65,91
./benchmark_tests/original/Biere/adder_3_6/pec_adder_3_bit_6_1.dqdimacs,67,91
./benchmark_tests/original/Biere/adder_3_6/pec_adder_3_bit_6_1.dqdimacs,68,91
./benchmark_tests/original/Biere/adder_3_6/pec_adder_3_bit_6_1.dqdimacs,69,90
./benchmark_tests/original/Biere/adder_3_6/pec_adder_3_bit_6_1.dqdimacs,70,92
./benchmark_tests/original/Biere/adder_3_6/pec_adder_3_bit_6_1.dqdimacs,71,90
./benchmark_tests/original/Biere/adder_3_6/pec_adder_3_bit_6_1.dqdimacs,72,90
./benchmark_tests/original/Biere/adder_3_6/pec_adder_3_bit_6_1.dqdimacs,73,90
./benchmark_tests/original/Biere/adder_3_6/pec_adder_3_bit_6_1.dqdimacs,74,91
./benchmark_tests/original/Biere/adder_3_6/pec_adder_3_bit_6_1.dqdimacs,75,92
./benchmark_tests/original/Biere/adder_3_6/pec_adder_3_bit_6_1.dqdimacs,76,90
./benchmark_tests/original/Biere/adder_3_6/pec_adder_3_bit_6_1.dqdimacs,77,90
./benchmark_tests/original/Biere/adder_3_6/pec_adder_3_bit_6_1.dqdimacs,78,90
./benchmark_tests/original/Biere/adder_3_6/pec_adder_3_bit_6_1.dqdimacs,79,91
./benchmark_tests/original/Biere/adder_3_6/pec_adder_3_bit_6_1.dqdimacs,80,91
./benchmark_tests/original/Biere/adder_3_6/pec_adder_3_bit_6_1.dqdimacs,81,91
./benchmark_tests/original/Biere/adder_3_6/pec_adder_3_bit_6_1.dqdimacs,82,90
./benchmark_tests/original/Biere/adder_3_6/pec_adder_3_bit_6_1.dqdimacs,83,91
./benchmark_tests/original/Biere/adder_3_6/pec_adder_3_bit_6_1.dqdimacs,84,90
./benchmark_tests/original/Biere/adder_3_6/pec_adder_3_bit_6_1.dqdimacs,85,90
./benchmark_tests/original/Biere/adder_3_6/pec_adder_3_bit_6_1.dqdimacs,86,90
./benchmark_tests/original/Biere/adder_3_6/pec_adder_3_bit_6_20.dqdimacs,4,256
./benchmark_tests/original/Biere/adder_3_6/pec_adder_3_bit_6_20.dqdimacs,5,205
./benchmark_tests/original/Biere/adder_3_6/pec_adder_3_bit_6_20.dqdimacs,6,205
./benchmark_tests/original/Biere/adder_3_6/pec_adder_3_bit_6_20.dqdimacs,10,207
./benchmark_tests/original/Biere/adder_3_6/pec_adder_3_bit_6_20.dqdimacs,11,205
./benchmark_tests/original/Biere/adder_3_6/pec_adder_3_bit_6_20.dqdimacs,12,206
./benchmark_tests/original/Biere/adder_3_6/pec_adder_3_bit_6_20.dqdimacs,13,205
./benchmark_tests/original/Biere/adder_3_6/pec_adder_3_bit_6_20.dqdimacs,17,194
./benchmark_tests/original/Biere/adder_3_6/pec_adder_3_bit_6_20.dqdimacs,18,177
./benchmark_tests/original/Biere/adder_3_6/pec_adder_3_bit_6_20.dqdimacs,19,156
./benchmark_tests/original/Biere/adder_3_6/pec_adder_3_bit_6_20.dqdimacs,20,142
./benchmark_tests/original/Biere/adder_3_6/pec_adder_3_bit_6_20.dqdimacs,22,127
./benchmark_tests/original/Biere/adder_3_6/pec_adder_3_bit_6_20.dqdimacs,23,116
./benchmark_tests/original/Biere/adder_3_6/pec_adder_3_bit_6_20.dqdimacs,24,110
./benchmark_tests/original/Biere/adder_3_6/pec_adder_3_bit_6_20.dqdimacs,25,111
./benchmark_tests/original/Biere/adder_3_6/pec_adder_3_bit_6_20.dqdimacs,26,110
./benchmark_tests/original/Biere/adder_3_6/pec_adder_3_bit_6_20.dqdimacs,27,112
./benchmark_tests/original/Biere/adder_3_6/pec_adder_3_bit_6_20.dqdimacs,29,110
./benchmark_tests/original/Biere/adder_3_6/pec_adder_3_bit_6_20.dqdimacs,30,111
./benchmark_tests/original/Biere/adder_3_6/pec_adder_3_bit_6_20.dqdimacs,31,111
./benchmark_tests/original/Biere/adder_3_6/pec_adder_3_bit_6_20.dqdimacs,32,110
./benchmark_tests/original/Biere/adder_3_6/pec_adder_3_bit_6_20.dqdimacs,33,113
./benchmark_tests/original/Biere/adder_3_6/pec_adder_3_bit_6_20.dqdimacs,35,111
./benchmark_tests/original/Biere/adder_3_6/pec_adder_3_bit_6_20.dqdimacs,36,111
./benchmark_tests/original/Biere/adder_3_6/pec_adder_3_bit_6_20.dqdimacs,37,112
./benchmark_tests/original/Biere/adder_3_6/pec_adder_3_bit_6_20.dqdimacs,39,110
./benchmark_tests/original/Biere/adder_3_6/pec_adder_3_bit_6_20.dqdimacs,40,111
./benchmark_tests/original/Biere/adder_3_6/pec_adder_3_bit_6_20.dqdimacs,41,111
./benchmark_tests/original/Biere/adder_3_6/pec_adder_3_bit_6_20.dqdimacs,42,112
./benchmark_tests/original/Biere/adder_3_6/pec_adder_3_bit_6_20.dqdimacs,44,111
./benchmark_tests/original/Biere/adder_3_6/pec_adder_3_bit_6_20.dqdimacs,45,110
./benchmark_tests/original/Biere/adder_3_6/pec_adder_3_bit_6_20.dqdimacs,46,110
./benchmark_tests/original/Biere/adder_3_6/pec_adder_3_bit_6_20.dqdimacs,47,111
./benchmark_tests/original/Biere/adder_3_6/pec_adder_3_bit_6_20.dqdimacs,49,110
./benchmark_tests/original/Biere/adder_3_6/pec_adder_3_bit_6_20.dqdimacs,50,110
./benchmark_tests/original/Biere/adder_3_6/pec_adder_3_bit_6_20.dqdimacs,51,109
./benchmark_tests/original/Biere/adder_3_6/pec_adder_3_bit_6_20.dqdimacs,52,110
./benchmark_tests/original/Biere/adder_3_6/pec_adder_3_bit_6_20.dqdimacs,54,109
./benchmark_tests/original/Biere/adder_3_6/pec_adder_3_bit_6_20.dqdimacs,55,110
./benchmark_tests/original/Biere/adder_3_6/pec_adder_3_bit_6_20.dqdimacs,56,110
./benchmark_tests/original/Biere/adder_3_6/pec_adder_3_bit_6_20.dqdimacs,57,112
./benchmark_tests/original/Biere/adder_3_6/pec_adder_3_bit_6_20.dqdimacs,59,111
./benchmark_tests/original/Biere/adder_3_6/pec_adder_3_bit_6_20.dqdimacs,60,110
./benchmark_tests/original/Biere/adder_3_6/pec_adder_3_bit_6_20.dqdimacs,61,109
./benchmark_tests/original/Biere/adder_3_6/pec_adder_3_bit_6_20.dqdimacs,62,113
./benchmark_tests/original/Biere/adder_3_6/pec_adder_3_bit_6_20.dqdimacs,63,110
./benchmark_tests/original/Biere/adder_3_6/pec_adder_3_bit_6_20.dqdimacs,64,110
./benchmark_tests/original/Biere/adder_3_6/pec_adder_3_bit_6_20.dqdimacs,65,110
./benchmark_tests/original/Biere/adder_3_6/pec_adder_3_bit_6_20.dqdimacs,66,110
./benchmark_tests/original/Biere/adder_3_6/pec_adder_3_bit_6_20.dqdimacs,67,109
./benchmark_tests/original/Biere/adder_3_6/pec_adder_3_bit_6_20.dqdimacs,68,110
./benchmark_tests/original/Biere/adder_3_6/pec_adder_3_bit_6_20.dqdimacs,69,111
./benchmark_tests/original/Biere/adder_3_6/pec_adder_3_bit_6_20.dqdimacs,70,111
./benchmark_tests/original/Biere/adder_3_6/pec_adder_3_bit_6_20.dqdimacs,71,110
./benchmark_tests/original/Biere/adder_3_6/pec_adder_3_bit_6_20.dqdimacs,72,110
./benchmark_tests/original/Biere/adder_3_6/pec_adder_3_bit_6_20.dqdimacs,73,111
./benchmark_tests/original/Biere/adder_3_6/pec_adder_3_bit_6_20.dqdimacs,74,111
./benchmark_tests/original/Biere/adder_3_6/pec_adder_3_bit_6_20.dqdimacs,75,111
./benchmark_tests/original/Biere/adder_3_6/pec_adder_3_bit_6_20.dqdimacs,76,111
./benchmark_tests/original/Biere/adder_3_6/pec_adder_3_bit_6_20.dqdimacs,77,111
./benchmark_tests/original/Biere/adder_3_6/pec_adder_3_bit_6_20.dqdimacs,78,112
./benchmark_tests/original/Biere/adder_3_6/pec_adder_3_bit_6_20.dqdimacs,79,111
./benchmark_tests/original/Biere/adder_3_6/pec_adder_3_bit_6_20.dqdimacs,80,110
./benchmark_tests/original/Biere/adder_3_6/pec_adder_3_bit_6_21.dqdimacs,4,250
./benchmark_tests/original/Biere/adder_3_6/pec_adder_3_bit_6_21.dqdimacs,5,199
./benchmark_tests/original/Biere/adder_3_6/pec_adder_3_bit_6_21.dqdimacs,6,198
./benchmark_tests/original/Biere/adder_3_6/pec_adder_3_bit_6_21.dqdimacs,10,197
./benchmark_tests/original/Biere/adder_3_6/pec_adder_3_bit_6_21.dqdimacs,11,198
./benchmark_tests/original/Biere/adder_3_6/pec_adder_3_bit_6_21.dqdimacs,12,197
./benchmark_tests/original/Biere/adder_3_6/pec_adder_3_bit_6_21.dqdimacs,13,198
./benchmark_tests/original/Biere/adder_3_6/pec_adder_3_bit_6_21.dqdimacs,17,190
./benchmark_tests/original/Biere/adder_3_6/pec_adder_3_bit_6_21.dqdimacs,18,175
./benchmark_tests/original/Biere/adder_3_6/pec_adder_3_bit_6_21.dqdimacs,19,158
./benchmark_tests/original/Biere/adder_3_6/pec_adder_3_bit_6_21.dqdimacs,20,142
./benchmark_tests/original/Biere/adder_3_6/pec_adder_3_bit_6_21.dqdimacs,22,128
./benchmark_tests/original/Biere/adder_3_6/pec_adder_3_bit_6_21.dqdimacs,23,117
./benchmark_tests/original/Biere/adder_3_6/pec_adder_3_bit_6_21.dqdimacs,24,108
./benchmark_tests/original/Biere/adder_3_6/pec_adder_3_bit_6_21.dqdimacs,25,106
./benchmark_tests/original/Biere/adder_3_6/pec_adder_3_bit_6_21.dqdimacs,26,106
./benchmark_tests/original/Biere/adder_3_6/pec_adder_3_bit_6_21.dqdimacs,27,108
./benchmark_tests/original/Biere/adder_3_6/pec_adder_3_bit_6_21.dqdimacs,29,106
./benchmark_tests/original/Biere/adder_3_6/pec_adder_3_bit_6_21.dqdimacs,30,106
./benchmark_tests/original/Biere/adder_3_6/pec_adder_3_bit_6_21.dqdimacs,31,105
./benchmark_tests/original/Biere/adder_3_6/pec_adder_3_bit_6_21.dqdimacs,32,107
./benchmark_tests/original/Biere/adder_3_6/pec_adder_3_bit_6_21.dqdimacs,34,105
./benchmark_tests/original/Biere/adder_3_6/pec_adder_3_bit_6_21.dqdimacs,35,106
./benchmark_tests/original/Biere/adder_3_6/pec_adder_3_bit_6_21.dqdimacs,36,106
./benchmark_tests/original/Biere/adder_3_6/pec_adder_3_bit_6_21.dqdimacs,37,107
./benchmark_tests/original/Biere/adder_3_6/pec_adder_3_bit_6_21.dqdimacs,39,107
./benchmark_tests/original/Biere/adder_3_6/pec_adder_3_bit_6_21.dqdimacs,40,106
./benchmark_tests/original/Biere/adder_3_6/pec_adder_3_bit_6_21.dqdimacs,41,108
./benchmark_tests/original/Biere/adder_3_6/pec_adder_3_bit_6_21.dqdimacs,43,106
./benchmark_tests/original/Biere/adder_3_6/pec_adder_3_bit_6_21.dqdimacs,44,106
./benchmark_tests/original/Biere/adder_3_6/pec_adder_3_bit_6_21.dqdimacs,45,107
./benchmark_tests/original/Biere/adder_3_6/pec_adder_3_bit_6_21.dqdimacs,47,106
./benchmark_tests/original/Biere/adder_3_6/pec_adder_3_bit_6_21.dqdimacs,48,106
./benchmark_tests/original/Biere/adder_3_6/pec_adder_3_bit_6_21.dqdimacs,49,106
./benchmark_tests/original/Biere/adder_3_6/pec_adder_3_bit_6_21.dqdimacs,50,107
./benchmark_tests/original/Biere/adder_3_6/pec_adder_3_bit_6_21.dqdimacs,51,109
./benchmark_tests/original/Biere/adder_3_6/pec_adder_3_bit_6_21.dqdimacs,53,107
./benchmark_tests/original/Biere/adder_3_6/pec_adder_3_bit_6_21.dqdimacs,54,107
./benchmark_tests/original/Biere/adder_3_6/pec_adder_3_bit_6_21.dqdimacs,55,109
./benchmark_tests/original/Biere/adder_3_6/pec_adder_3_bit_6_21.dqdimacs,57,106
./benchmark_tests/original/Biere/adder_3_6/pec_adder_3_bit_6_21.dqdimacs,58,106
./benchmark_tests/original/Biere/adder_3_6/pec_adder_3_bit_6_21.dqdimacs,59,108
./benchmark_tests/original/Biere/adder_3_6/pec_adder_3_bit_6_21.dqdimacs,61,107
./benchmark_tests/original/Biere/adder_3_6/pec_adder_3_bit_6_21.dqdimacs,62,107
./benchmark_tests/original/Biere/adder_3_6/pec_adder_3_bit_6_21.dqdimacs,63,109
./benchmark_tests/original/Biere/adder_3_6/pec_adder_3_bit_6_21.dqdimacs,64,106
./benchmark_tests/original/Biere/adder_3_6/pec_adder_3_bit_6_21.dqdimacs,65,107
./benchmark_tests/original/Biere/adder_3_6/pec_adder_3_bit_6_21.dqdimacs,66,106
./benchmark_tests/original/Biere/adder_3_6/pec_adder_3_bit_6_21.dqdimacs,67,107
./benchmark_tests/original/Biere/adder_3_6/pec_adder_3_bit_6_21.dqdimacs,68,107
./benchmark_tests/original/Biere/adder_3_6/pec_adder_3_bit_6_21.dqdimacs,69,107
./benchmark_tests/original/Biere/adder_3_6/pec_adder_3_bit_6_21.dqdimacs,70,107
./benchmark_tests/original/Biere/adder_3_6/pec_adder_3_bit_6_21.dqdimacs,71,107
./benchmark_tests/original/Biere/adder_3_6/pec_adder_3_bit_6_21.dqdimacs,72,107
./benchmark_tests/original/Biere/adder_3_6/pec_adder_3_bit_6_21.dqdimacs,73,106
./benchmark_tests/original/Biere/adder_3_6/pec_adder_3_bit_6_21.dqdimacs,74,107
./benchmark_tests/original/Biere/adder_3_6/pec_adder_3_bit_6_21.dqdimacs,75,106
./benchmark_tests/original/Biere/adder_3_6/pec_adder_3_bit_6_21.dqdimacs,76,107
./benchmark_tests/original/Biere/adder_3_6/pec_adder_3_bit_6_21.dqdimacs,77,107
./benchmark_tests/original/Biere/adder_3_6/pec_adder_3_bit_6_21.dqdimacs,78,106
./benchmark_tests/original/Biere/adder_3_6/pec_adder_3_bit_6_21.dqdimacs,79,106
./benchmark_tests/original/Biere/adder_3_6/pec_adder_3_bit_6_21.dqdimacs,80,106
./benchmark_tests/original/Biere/adder_3_6/pec_adder_3_bit_6_21.dqdimacs,81,106
./benchmark_tests/original/Biere/adder_3_6/pec_adder_3_bit_6_21.dqdimacs,82,106
./benchmark_tests/original/Biere/adder_3_6/pec_adder_3_bit_6_22.dqdimacs,4,196
./benchmark_tests/original/Biere/adder_3_6/pec_adder_3_bit_6_22.dqdimacs,5,142
./benchmark_tests/original/Biere/adder_3_6/pec_adder_3_bit_6_22.dqdimacs,6,142
./benchmark_tests/original/Biere/adder_3_6/pec_adder_3_bit_6_22.dqdimacs,10,143
./benchmark_tests/original/Biere/adder_3_6/pec_adder_3_bit_6_22.dqdimacs,11,141
./benchmark_tests/original/Biere/adder_3_6/pec_adder_3_bit_6_22.dqdimacs,12,142
./benchmark_tests/original/Biere/adder_3_6/pec_adder_3_bit_6_22.dqdimacs,13,142
./benchmark_tests/original/Biere/adder_3_6/pec_adder_3_bit_6_22.dqdimacs,17,142
./benchmark_tests/original/Biere/adder_3_6/pec_adder_3_bit_6_22.dqdimacs,18,143
./benchmark_tests/original/Biere/adder_3_6/pec_adder_3_bit_6_22.dqdimacs,19,140
./benchmark_tests/original/Biere/adder_3_6/pec_adder_3_bit_6_22.dqdimacs,20,135
./benchmark_tests/original/Biere/adder_3_6/pec_adder_3_bit_6_22.dqdimacs,22,125
./benchmark_tests/original/Biere/adder_3_6/pec_adder_3_bit_6_22.dqdimacs,23,115
./benchmark_tests/original/Biere/adder_3_6/pec_adder_3_bit_6_22.dqdimacs,24,109
./benchmark_tests/original/Biere/adder_3_6/pec_adder_3_bit_6_22.dqdimacs,25,100
./benchmark_tests/original/Biere/adder_3_6/pec_adder_3_bit_6_22.dqdimacs,26,91
./benchmark_tests/original/Biere/adder_3_6/pec_adder_3_bit_6_22.dqdimacs,27,87
./benchmark_tests/original/Biere/adder_3_6/pec_adder_3_bit_6_22.dqdimacs,29,80
./benchmark_tests/original/Biere/adder_3_6/pec_adder_3_bit_6_22.dqdimacs,30,76
./benchmark_tests/original/Biere/adder_3_6/pec_adder_3_bit_6_22.dqdimacs,31,78
./benchmark_tests/original/Biere/adder_3_6/pec_adder_3_bit_6_22.dqdimacs,33,75
./benchmark_tests/original/Biere/adder_3_6/pec_adder_3_bit_6_22.dqdimacs,34,75
./benchmark_tests/original/Biere/adder_3_6/pec_adder_3_bit_6_22.dqdimacs,35,74
./benchmark_tests/original/Biere/adder_3_6/pec_adder_3_bit_6_22.dqdimacs,36,76
./benchmark_tests/original/Biere/adder_3_6/pec_adder_3_bit_6_22.dqdimacs,38,76
./benchmark_tests/original/Biere/adder_3_6/pec_adder_3_bit_6_22.dqdimacs,39,76
./benchmark_tests/original/Biere/adder_3_6/pec_adder_3_bit_6_22.dqdimacs,40,77
./benchmark_tests/original/Biere/adder_3_6/pec_adder_3_bit_6_22.dqdimacs,42,76
./benchmark_tests/original/Biere/adder_3_6/pec_adder_3_bit_6_22.dqdimacs,43,75
./benchmark_tests/original/Biere/adder_3_6/pec_adder_3_bit_6_22.dqdimacs,44,76
./benchmark_tests/original/Biere/adder_3_6/pec_adder_3_bit_6_22.dqdimacs,45,76
./benchmark_tests/original/Biere/adder_3_6/pec_adder_3_bit_6_22.dqdimacs,47,76
./benchmark_tests/original/Biere/adder_3_6/pec_adder_3_bit_6_22.dqdimacs,48,75
./benchmark_tests/original/Biere/adder_3_6/pec_adder_3_bit_6_22.dqdimacs,49,76
./benchmark_tests/original/Biere/adder_3_6/pec_adder_3_bit_6_22.dqdimacs,50,78
./benchmark_tests/original/Biere/adder_3_6/pec_adder_3_bit_6_22.dqdimacs,52,77
./benchmark_tests/original/Biere/adder_3_6/pec_adder_3_bit_6_22.dqdimacs,53,77
./benchmark_tests/original/Biere/adder_3_6/pec_adder_3_bit_6_22.dqdimacs,54,76
./benchmark_tests/original/Biere/adder_3_6/pec_adder_3_bit_6_22.dqdimacs,56,76
./benchmark_tests/original/Biere/adder_3_6/pec_adder_3_bit_6_22.dqdimacs,57,76
./benchmark_tests/original/Biere/adder_3_6/pec_adder_3_bit_6_22.dqdimacs,58,76
./benchmark_tests/original/Biere/adder_3_6/pec_adder_3_bit_6_22.dqdimacs,59,78
./benchmark_tests/original/Biere/adder_3_6/pec_adder_3_bit_6_22.dqdimacs,61,74
./benchmark_tests/original/Biere/adder_3_6/pec_adder_3_bit_6_22.dqdimacs,62,75
./benchmark_tests/original/Biere/adder_3_6/pec_adder_3_bit_6_22.dqdimacs,63,78
./benchmark_tests/original/Biere/adder_3_6/pec_adder_3_bit_6_22.dqdimacs,65,74
./benchmark_tests/original/Biere/adder_3_6/pec_adder_3_bit_6_22.dqdimacs,66,76
./benchmark_tests/original/Biere/adder_3_6/pec_adder_3_bit_6_22.dqdimacs,67,78
./benchmark_tests/original/Biere/adder_3_6/pec_adder_3_bit_6_22.dqdimacs,68,75
./benchmark_tests/original/Biere/adder_3_6/pec_adder_3_bit_6_22.dqdimacs,69,76
./benchmark_tests/original/Biere/adder_3_6/pec_adder_3_bit_6_22.dqdimacs,70,75
./benchmark_tests/original/Biere/adder_3_6/pec_adder_3_bit_6_22.dqdimacs,71,77
./benchmark_tests/original/Biere/adder_3_6/pec_adder_3_bit_6_22.dqdimacs,72,76
./benchmark_tests/original/Biere/adder_3_6/pec_adder_3_bit_6_22.dqdimacs,73,76
./benchmark_tests/original/Biere/adder_3_6/pec_adder_3_bit_6_22.dqdimacs,74,76
./benchmark_tests/original/Biere/adder_3_6/pec_adder_3_bit_6_22.dqdimacs,75,75
./benchmark_tests/original/Biere/adder_3_6/pec_adder_3_bit_6_22.dqdimacs,76,76
./benchmark_tests/original/Biere/adder_3_6/pec_adder_3_bit_6_22.dqdimacs,77,76
./benchmark_tests/original/Biere/adder_3_6/pec_adder_3_bit_6_22.dqdimacs,78,77
./benchmark_tests/original/Biere/adder_3_6/pec_adder_3_bit_6_22.dqdimacs,79,76
./benchmark_tests/original/Biere/adder_3_6/pec_adder_3_bit_6_22.dqdimacs,80,76
./benchmark_tests/original/Biere/adder_3_6/pec_adder_3_bit_6_22.dqdimacs,81,76
./benchmark_tests/original/Biere/adder_3_6/pec_adder_3_bit_6_22.dqdimacs,82,75
./benchmark_tests/original/Biere/adder_3_6/pec_adder_3_bit_6_22.dqdimacs,83,75
./benchmark_tests/original/Biere/adder_3_6/pec_adder_3_bit_6_22.dqdimacs,84,76
./benchmark_tests/original/Biere/adder_3_6/pec_adder_3_bit_6_22.dqdimacs,85,75
./benchmark_tests/original/Biere/adder_3_6/pec_adder_3_bit_6_22.dqdimacs,86,75
./benchmark_tests/original/Biere/adder_3_6/pec_adder_3_bit_6_23.dqdimacs,4,564
./benchmark_tests/original/Biere/adder_3_6/pec_adder_3_bit_6_23.dqdimacs,5,510
./benchmark_tests/original/Biere/adder_3_6/pec_adder_3_bit_6_23.dqdimacs,6,500
./benchmark_tests/original/Biere/adder_3_6/pec_adder_3_bit_6_23.dqdimacs,10,424
./benchmark_tests/original/Biere/adder_3_6/pec_adder_3_bit_6_23.dqdimacs,11,326
./benchmark_tests/original/Biere/adder_3_6/pec_adder_3_bit_6_23.dqdimacs,12,272
./benchmark_tests/original/Biere/adder_3_6/pec_adder_3_bit_6_23.dqdimacs,13,268
./benchmark_tests/original/Biere/adder_3_6/pec_adder_3_bit_6_23.dqdimacs,17,268
./benchmark_tests/original/Biere/adder_3_6/pec_adder_3_bit_6_23.dqdimacs,18,271
./benchmark_tests/original/Biere/adder_3_6/pec_adder_3_bit_6_23.dqdimacs,19,268
./benchmark_tests/original/Biere/adder_3_6/pec_adder_3_bit_6_23.dqdimacs,20,267
./benchmark_tests/original/Biere/adder_3_6/pec_adder_3_bit_6_23.dqdimacs,22,272
./benchmark_tests/original/Biere/adder_3_6/pec_adder_3_bit_6_23.dqdimacs,23,270
./benchmark_tests/original/Biere/adder_3_6/pec_adder_3_bit_6_23.dqdimacs,24,272
./benchmark_tests/original/Biere/adder_3_6/pec_adder_3_bit_6_23.dqdimacs,25,269
./benchmark_tests/original/Biere/adder_3_6/pec_adder_3_bit_6_23.dqdimacs,26,272
./benchmark_tests/original/Biere/adder_3_6/pec_adder_3_bit_6_23.dqdimacs,27,273
./benchmark_tests/original/Biere/adder_3_6/pec_adder_3_bit_6_23.dqdimacs,29,270
./benchmark_tests/original/Biere/adder_3_6/pec_adder_3_bit_6_23.dqdimacs,30,270
./benchmark_tests/original/Biere/adder_3_6/pec_adder_3_bit_6_23.dqdimacs,31,275
./benchmark_tests/original/Biere/adder_3_6/pec_adder_3_bit_6_23.dqdimacs,33,271
./benchmark_tests/original/Biere/adder_3_6/pec_adder_3_bit_6_23.dqdimacs,34,272
./benchmark_tests/original/Biere/adder_3_6/pec_adder_3_bit_6_23.dqdimacs,35,273
./benchmark_tests/original/Biere/adder_3_6/pec_adder_3_bit_6_23.dqdimacs,37,270
./benchmark_tests/original/Biere/adder_3_6/pec_adder_3_bit_6_23.dqdimacs,38,268
./benchmark_tests/original/Biere/adder_3_6/pec_adder_3_bit_6_23.dqdimacs,39,268
./benchmark_tests/original/Biere/adder_3_6/pec_adder_3_bit_6_23.dqdimacs,40,272
./benchmark_tests/original/Biere/adder_3_6/pec_adder_3_bit_6_23.dqdimacs,42,270
./benchmark_tests/original/Biere/adder_3_6/pec_adder_3_bit_6_23.dqdimacs,43,267
./benchmark_tests/original/Biere/adder_3_6/pec_adder_3_bit_6_23.dqdimacs,44,270
./benchmark_tests/original/Biere/adder_3_6/pec_adder_3_bit_6_23.dqdimacs,46,270
./benchmark_tests/original/Biere/adder_3_6/pec_adder_3_bit_6_23.dqdimacs,47,270
./benchmark_tests/original/Biere/adder_3_6/pec_adder_3_bit_6_23.dqdimacs,48,270
./benchmark_tests/original/Biere/adder_3_6/pec_adder_3_bit_6_23.dqdimacs,49,272
./benchmark_tests/original/Biere/adder_3_6/pec_adder_3_bit_6_23.dqdimacs,51,271
./benchmark_tests/original/Biere/adder_3_6/pec_adder_3_bit_6_23.dqdimacs,52,270
./benchmark_tests/original/Biere/adder_3_6/pec_adder_3_bit_6_23.dqdimacs,53,270
./benchmark_tests/original/Biere/adder_3_6/pec_adder_3_bit_6_23.dqdimacs,54,272
./benchmark_tests/original/Biere/adder_3_6/pec_adder_3_bit_6_23.dqdimacs,56,268
./benchmark_tests/original/Biere/adder_3_6/pec_adder_3_bit_6_23.dqdimacs,57,270
./benchmark_tests/original/Biere/adder_3_6/pec_adder_3_bit_6_23.dqdimacs,58,273
./benchmark_tests/original/Biere/adder_3_6/pec_adder_3_bit_6_23.dqdimacs,60,272
./benchmark_tests/original/Biere/adder_3_6/pec_adder_3_bit_6_23.dqdimacs,61,272
./benchmark_tests/original/Biere/adder_3_6/pec_adder_3_bit_6_23.dqdimacs,62,269
./benchmark_tests/original/Biere/adder_3_6/pec_adder_3_bit_6_23.dqdimacs,63,270
./benchmark_tests/original/Biere/adder_3_6/pec_adder_3_bit_6_23.dqdimacs,64,270
./benchmark_tests/original/Biere/adder_3_6/pec_adder_3_bit_6_23.dqdimacs,65,269
./benchmark_tests/original/Biere/adder_3_6/pec_adder_3_bit_6_23.dqdimacs,66,271
./benchmark_tests/original/Biere/adder_3_6/pec_adder_3_bit_6_23.dqdimacs,67,269
./benchmark_tests/original/Biere/adder_3_6/pec_adder_3_bit_6_23.dqdimacs,68,270
./benchmark_tests/original/Biere/adder_3_6/pec_adder_3_bit_6_23.dqdimacs,69,270
./benchmark_tests/original/Biere/adder_3_6/pec_adder_3_bit_6_23.dqdimacs,70,269
./benchmark_tests/original/Biere/adder_3_6/pec_adder_3_bit_6_23.dqdimacs,71,273
./benchmark_tests/original/Biere/adder_3_6/pec_adder_3_bit_6_23.dqdimacs,72,271
./benchmark_tests/original/Biere/adder_3_6/pec_adder_3_bit_6_23.dqdimacs,73,272
./benchmark_tests/original/Biere/adder_3_6/pec_adder_3_bit_6_23.dqdimacs,74,273
./benchmark_tests/original/Biere/adder_3_6/pec_adder_3_bit_6_23.dqdimacs,75,270
./benchmark_tests/original/Biere/adder_3_6/pec_adder_3_bit_6_23.dqdimacs,76,268
./benchmark_tests/original/Biere/adder_3_6/pec_adder_3_bit_6_23.dqdimacs,77,272
./benchmark_tests/original/Biere/adder_3_6/pec_adder_3_bit_6_23.dqdimacs,78,272
./benchmark_tests/original/Biere/adder_3_6/pec_adder_3_bit_6_23.dqdimacs,79,271
./benchmark_tests/original/Biere/adder_3_6/pec_adder_3_bit_6_23.dqdimacs,80,270
./benchmark_tests/original/Biere/adder_3_6/pec_adder_3_bit_6_23.dqdimacs,81,269
./benchmark_tests/original/Biere/adder_3_6/pec_adder_3_bit_6_23.dqdimacs,82,271
./benchmark_tests/original/Biere/adder_3_6/pec_adder_3_bit_6_23.dqdimacs,83,267
./benchmark_tests/original/Biere/adder_3_6/pec_adder_3_bit_6_24.dqdimacs,4,283
./benchmark_tests/original/Biere/adder_3_6/pec_adder_3_bit_6_24.dqdimacs,5,227
./benchmark_tests/original/Biere/adder_3_6/pec_adder_3_bit_6_24.dqdimacs,6,231
./benchmark_tests/original/Biere/adder_3_6/pec_adder_3_bit_6_24.dqdimacs,10,228
./benchmark_tests/original/Biere/adder_3_6/pec_adder_3_bit_6_24.dqdimacs,11,230
./benchmark_tests/original/Biere/adder_3_6/pec_adder_3_bit_6_24.dqdimacs,12,229
./benchmark_tests/original/Biere/adder_3_6/pec_adder_3_bit_6_24.dqdimacs,13,222
./benchmark_tests/original/Biere/adder_3_6/pec_adder_3_bit_6_24.dqdimacs,17,199
./benchmark_tests/original/Biere/adder_3_6/pec_adder_3_bit_6_24.dqdimacs,18,176
./benchmark_tests/original/Biere/adder_3_6/pec_adder_3_bit_6_24.dqdimacs,19,155
./benchmark_tests/original/Biere/adder_3_6/pec_adder_3_bit_6_24.dqdimacs,20,141
./benchmark_tests/original/Biere/adder_3_6/pec_adder_3_bit_6_24.dqdimacs,22,127
./benchmark_tests/original/Biere/adder_3_6/pec_adder_3_bit_6_24.dqdimacs,23,124
./benchmark_tests/original/Biere/adder_3_6/pec_adder_3_bit_6_24.dqdimacs,24,124
./benchmark_tests/original/Biere/adder_3_6/pec_adder_3_bit_6_24.dqdimacs,25,124
./benchmark_tests/original/Biere/adder_3_6/pec_adder_3_bit_6_24.dqdimacs,26,123
./benchmark_tests/original/Biere/adder_3_6/pec_adder_3_bit_6_24.dqdimacs,27,124
./benchmark_tests/original/Biere/adder_3_6/pec_adder_3_bit_6_24.dqdimacs,29,123
./benchmark_tests/original/Biere/adder_3_6/pec_adder_3_bit_6_24.dqdimacs,30,123
./benchmark_tests/original/Biere/adder_3_6/pec_adder_3_bit_6_24.dqdimacs,31,126
./benchmark_tests/original/Biere/adder_3_6/pec_adder_3_bit_6_24.dqdimacs,33,122
./benchmark_tests/original/Biere/adder_3_6/pec_adder_3_bit_6_24.dqdimacs,34,125
./benchmark_tests/original/Biere/adder_3_6/pec_adder_3_bit_6_24.dqdimacs,35,125
./benchmark_tests/original/Biere/adder_3_6/pec_adder_3_bit_6_24.dqdimacs,37,123
./benchmark_tests/original/Biere/adder_3_6/pec_adder_3_bit_6_24.dqdimacs,38,123
./benchmark_tests/original/Biere/adder_3_6/pec_adder_3_bit_6_24.dqdimacs,39,126
./benchmark_tests/original/Biere/adder_3_6/pec_adder_3_bit_6_24.dqdimacs,41,122
./benchmark_tests/original/Biere/adder_3_6/pec_adder_3_bit_6_24.dqdimacs,42,123
./benchmark_tests/original/Biere/adder_3_6/pec_adder_3_bit_6_24.dqdimacs,43,120
./benchmark_tests/original/Biere/adder_3_6/pec_adder_3_bit_6_24.dqdimacs,44,125
./benchmark_tests/original/Biere/adder_3_6/pec_adder_3_bit_6_24.dqdimacs,46,121
./benchmark_tests/original/Biere/adder_3_6/pec_adder_3_bit_6_24.dqdimacs,47,121
./benchmark_tests/original/Biere/adder_3_6/pec_adder_3_bit_6_24.dqdimacs,48,124
./benchmark_tests/original/Biere/adder_3_6/pec_adder_3_bit_6_24.dqdimacs,50,122
./benchmark_tests/original/Biere/adder_3_6/pec_adder_3_bit_6_24.dqdimacs,51,122
./benchmark_tests/original/Biere/adder_3_6/pec_adder_3_bit_6_24.dqdimacs,52,122
./benchmark_tests/original/Biere/adder_3_6/pec_adder_3_bit_6_24.dqdimacs,53,123
./benchmark_tests/original/Biere/adder_3_6/pec_adder_3_bit_6_24.dqdimacs,54,124
./benchmark_tests/original/Biere/adder_3_6/pec_adder_3_bit_6_24.dqdimacs,56,122
./benchmark_tests/original/Biere/adder_3_6/pec_adder_3_bit_6_24.dqdimacs,57,123
./benchmark_tests/original/Biere/adder_3_6/pec_adder_3_bit_6_24.dqdimacs,58,123
./benchmark_tests/original/Biere/adder_3_6/pec_adder_3_bit_6_24.dqdimacs,60,123
./benchmark_tests/original/Biere/adder_3_6/pec_adder_3_bit_6_24.dqdimacs,61,122
./benchmark_tests/original/Biere/adder_3_6/pec_adder_3_bit_6_24.dqdimacs,62,125
./benchmark_tests/original/Biere/adder_3_6/pec_adder_3_bit_6_24.dqdimacs,64,122
./benchmark_tests/original/Biere/adder_3_6/pec_adder_3_bit_6_24.dqdimacs,65,123
./benchmark_tests/original/Biere/adder_3_6/pec_adder_3_bit_6_24.dqdimacs,66,124
./benchmark_tests/original/Biere/adder_3_6/pec_adder_3_bit_6_24.dqdimacs,68,122
./benchmark_tests/original/Biere/adder_3_6/pec_adder_3_bit_6_24.dqdimacs,69,123
./benchmark_tests/original/Biere/adder_3_6/pec_adder_3_bit_6_24.dqdimacs,70,123
./benchmark_tests/original/Biere/adder_3_6/pec_adder_3_bit_6_24.dqdimacs,71,125
./benchmark_tests/original/Biere/adder_3_6/pec_adder_3_bit_6_24.dqdimacs,73,123
./benchmark_tests/original/Biere/adder_3_6/pec_adder_3_bit_6_24.dqdimacs,74,123
./benchmark_tests/original/Biere/adder_3_6/pec_adder_3_bit_6_24.dqdimacs,75,122
./benchmark_tests/original/Biere/adder_3_6/pec_adder_3_bit_6_24.dqdimacs,76,126
./benchmark_tests/original/Biere/adder_3_6/pec_adder_3_bit_6_24.dqdimacs,77,122
./benchmark_tests/original/Biere/adder_3_6/pec_adder_3_bit_6_24.dqdimacs,78,123
./benchmark_tests/original/Biere/adder_3_6/pec_adder_3_bit_6_24.dqdimacs,79,122
./benchmark_tests/original/Biere/adder_3_6/pec_adder_3_bit_6_24.dqdimacs,80,123
./benchmark_tests/original/Biere/adder_3_6/pec_adder_3_bit_6_24.dqdimacs,81,124
./benchmark_tests/original/Biere/adder_3_6/pec_adder_3_bit_6_24.dqdimacs,82,124
./benchmark_tests/original/Biere/adder_3_6/pec_adder_3_bit_6_24.dqdimacs,83,124
./benchmark_tests/original/Biere/adder_3_6/pec_adder_3_bit_6_24.dqdimacs,84,122
./benchmark_tests/original/Biere/adder_3_6/pec_adder_3_bit_6_24.dqdimacs,85,122
./benchmark_tests/original/Biere/adder_3_6/pec_adder_3_bit_6_24.dqdimacs,86,123
./benchmark_tests/original/Biere/adder_3_6/pec_adder_3_bit_6_24.dqdimacs,87,123
./benchmark_tests/original/Biere/adder_3_6/pec_adder_3_bit_6_24.dqdimacs,88,122
./benchmark_tests/original/Biere/adder_3_6/pec_adder_3_bit_6_24.dqdimacs,89,121
./benchmark_tests/original/Biere/adder_3_6/pec_adder_3_bit_6_24.dqdimacs,90,124
./benchmark_tests/original/Biere/adder_3_6/pec_adder_3_bit_6_24.dqdimacs,91,122
./benchmark_tests/original/Biere/adder_3_6/pec_adder_3_bit_6_24.dqdimacs,92,121
./benchmark_tests/original/Biere/adder_3_6/pec_adder_3_bit_6_24.dqdimacs,93,123
./benchmark_tests/original/Biere/adder_3_6/pec_adder_3_bit_6_24.dqdimacs,94,123
./benchmark_tests/original/Biere/adder_3_6/pec_adder_3_bit_6_25.dqdimacs,4,425
./benchmark_tests/original/Biere/adder_3_6/pec_adder_3_bit_6_25.dqdimacs,5,372
./benchmark_tests/original/Biere/adder_3_6/pec_adder_3_bit_6_25.dqdimacs,6,375
./benchmark_tests/original/Biere/adder_3_6/pec_adder_3_bit_6_25.dqdimacs,10,369
./benchmark_tests/original/Biere/adder_3_6/pec_adder_3_bit_6_25.dqdimacs,11,329
./benchmark_tests/original/Biere/adder_3_6/pec_adder_3_bit_6_25.dqdimacs,12,269
./benchmark_tests/original/Biere/adder_3_6/pec_adder_3_bit_6_25.dqdimacs,13,227
./benchmark_tests/original/Biere/adder_3_6/pec_adder_3_bit_6_25.dqdimacs,17,199
./benchmark_tests/original/Biere/adder_3_6/pec_adder_3_bit_6_25.dqdimacs,18,199
./benchmark_tests/original/Biere/adder_3_6/pec_adder_3_bit_6_25.dqdimacs,19,201
./benchmark_tests/original/Biere/adder_3_6/pec_adder_3_bit_6_25.dqdimacs,20,202
./benchmark_tests/original/Biere/adder_3_6/pec_adder_3_bit_6_25.dqdimacs,22,197
./benchmark_tests/original/Biere/adder_3_6/pec_adder_3_bit_6_25.dqdimacs,23,200
./benchmark_tests/original/Biere/adder_3_6/pec_adder_3_bit_6_25.dqdimacs,24,200
./benchmark_tests/original/Biere/adder_3_6/pec_adder_3_bit_6_25.dqdimacs,25,200
./benchmark_tests/original/Biere/adder_3_6/pec_adder_3_bit_6_25.dqdimacs,26,198
./benchmark_tests/original/Biere/adder_3_6/pec_adder_3_bit_6_25.dqdimacs,27,201
./benchmark_tests/original/Biere/adder_3_6/pec_adder_3_bit_6_25.dqdimacs,29,198
./benchmark_tests/original/Biere/adder_3_6/pec_adder_3_bit_6_25.dqdimacs,30,198
./benchmark_tests/original/Biere/adder_3_6/pec_adder_3_bit_6_25.dqdimacs,31,198
./benchmark_tests/original/Biere/adder_3_6/pec_adder_3_bit_6_25.dqdimacs,32,202
./benchmark_tests/original/Biere/adder_3_6/pec_adder_3_bit_6_25.dqdimacs,34,197
./benchmark_tests/original/Biere/adder_3_6/pec_adder_3_bit_6_25.dqdimacs,35,197
./benchmark_tests/original/Biere/adder_3_6/pec_adder_3_bit_6_25.dqdimacs,36,197
./benchmark_tests/original/Biere/adder_3_6/pec_adder_3_bit_6_25.dqdimacs,37,196
./benchmark_tests/original/Biere/adder_3_6/pec_adder_3_bit_6_25.dqdimacs,38,194
./benchmark_tests/original/Biere/adder_3_6/pec_adder_3_bit_6_25.dqdimacs,39,198
./benchmark_tests/original/Biere/adder_3_6/pec_adder_3_bit_6_25.dqdimacs,41,195
./benchmark_tests/original/Biere/adder_3_6/pec_adder_3_bit_6_25.dqdimacs,42,199
./benchmark_tests/original/Biere/adder_3_6/pec_adder_3_bit_6_25.dqdimacs,43,198
./benchmark_tests/original/Biere/adder_3_6/pec_adder_3_bit_6_25.dqdimacs,45,198
./benchmark_tests/original/Biere/adder_3_6/pec_adder_3_bit_6_25.dqdimacs,46,197
./benchmark_tests/original/Biere/adder_3_6/pec_adder_3_bit_6_25.dqdimacs,47,199
./benchmark_tests/original/Biere/adder_3_6/pec_adder_3_bit_6_25.dqdimacs,49,197
./benchmark_tests/original/Biere/adder_3_6/pec_adder_3_bit_6_25.dqdimacs,50,195
./benchmark_tests/original/Biere/adder_3_6/pec_adder_3_bit_6_25.dqdimacs,51,197
./benchmark_tests/original/Biere/adder_3_6/pec_adder_3_bit_6_25.dqdimacs,52,200
./benchmark_tests/original/Biere/adder_3_6/pec_adder_3_bit_6_25.dqdimacs,54,198
./benchmark_tests/original/Biere/adder_3_6/pec_adder_3_bit_6_25.dqdimacs,55,194
./benchmark_tests/original/Biere/adder_3_6/pec_adder_3_bit_6_25.dqdimacs,56,196
./benchmark_tests/original/Biere/adder_3_6/pec_adder_3_bit_6_25.dqdimacs,57,199
./benchmark_tests/original/Biere/adder_3_6/pec_adder_3_bit_6_25.dqdimacs,59,195
./benchmark_tests/original/Biere/adder_3_6/pec_adder_3_bit_6_25.dqdimacs,60,199
./benchmark_tests/original/Biere/adder_3_6/pec_adder_3_bit_6_25.dqdimacs,61,198
./benchmark_tests/original/Biere/adder_3_6/pec_adder_3_bit_6_25.dqdimacs,62,201
./benchmark_tests/original/Biere/adder_3_6/pec_adder_3_bit_6_25.dqdimacs,63,198
./benchmark_tests/original/Biere/adder_3_6/pec_adder_3_bit_6_25.dqdimacs,64,198
./benchmark_tests/original/Biere/adder_3_6/pec_adder_3_bit_6_25.dqdimacs,65,197
./benchmark_tests/original/Biere/adder_3_6/pec_adder_3_bit_6_25.dqdimacs,66,197
./benchmark_tests/original/Biere/adder_3_6/pec_adder_3_bit_6_25.dqdimacs,67,199
./benchmark_tests/original/Biere/adder_3_6/pec_adder_3_bit_6_25.dqdimacs,68,197
./benchmark_tests/original/Biere/adder_3_6/pec_adder_3_bit_6_25.dqdimacs,69,197
./benchmark_tests/original/Biere/adder_3_6/pec_adder_3_bit_6_25.dqdimacs,70,197
./benchmark_tests/original/Biere/adder_3_6/pec_adder_3_bit_6_25.dqdimacs,71,196
./benchmark_tests/original/Biere/adder_3_6/pec_adder_3_bit_6_25.dqdimacs,72,196
./benchmark_tests/original/Biere/adder_3_6/pec_adder_3_bit_6_25.dqdimacs,73,196
./benchmark_tests/original/Biere/adder_3_6/pec_adder_3_bit_6_25.dqdimacs,74,198
./benchmark_tests/original/Biere/adder_3_6/pec_adder_3_bit_6_25.dqdimacs,75,199
./benchmark_tests/original/Biere/adder_3_6/pec_adder_3_bit_6_25.dqdimacs,76,197
./benchmark_tests/original/Biere/adder_3_6/pec_adder_3_bit_6_25.dqdimacs,77,196
./benchmark_tests/original/Biere/adder_3_6/pec_adder_3_bit_6_25.dqdimacs,78,197
./benchmark_tests/original/Biere/adder_3_6/pec_adder_3_bit_6_25.dqdimacs,79,197
./benchmark_tests/original/Biere/adder_3_6/pec_adder_3_bit_6_26.dqdimacs,4,288
./benchmark_tests/original/Biere/adder_3_6/pec_adder_3_bit_6_26.dqdimacs,5,237
./benchmark_tests/original/Biere/adder_3_6/pec_adder_3_bit_6_26.dqdimacs,6,236
./benchmark_tests/original/Biere/adder_3_6/pec_adder_3_bit_6_26.dqdimacs,10,233
./benchmark_tests/original/Biere/adder_3_6/pec_adder_3_bit_6_26.dqdimacs,11,234
./benchmark_tests/original/Biere/adder_3_6/pec_adder_3_bit_6_26.dqdimacs,12,238
./benchmark_tests/original/Biere/adder_3_6/pec_adder_3_bit_6_26.dqdimacs,13,224
./benchmark_tests/original/Biere/adder_3_6/pec_adder_3_bit_6_26.dqdimacs,17,199
./benchmark_tests/original/Biere/adder_3_6/pec_adder_3_bit_6_26.dqdimacs,18,175
./benchmark_tests/original/Biere/adder_3_6/pec_adder_3_bit_6_26.dqdimacs,19,155
./benchmark_tests/original/Biere/adder_3_6/pec_adder_3_bit_6_26.dqdimacs,20,139
./benchmark_tests/original/Biere/adder_3_6/pec_adder_3_bit_6_26.dqdimacs,22,128
./benchmark_tests/original/Biere/adder_3_6/pec_adder_3_bit_6_26.dqdimacs,23,127
./benchmark_tests/original/Biere/adder_3_6/pec_adder_3_bit_6_26.dqdimacs,24,126
./benchmark_tests/original/Biere/adder_3_6/pec_adder_3_bit_6_26.dqdimacs,25,126
./benchmark_tests/original/Biere/adder_3_6/pec_adder_3_bit_6_26.dqdimacs,26,126
./benchmark_tests/original/Biere/adder_3_6/pec_adder_3_bit_6_26.dqdimacs,27,128
./benchmark_tests/original/Biere/adder_3_6/pec_adder_3_bit_6_26.dqdimacs,29,127
./benchmark_tests/original/Biere/adder_3_6/pec_adder_3_bit_6_26.dqdimacs,30,126
./benchmark_tests/original/Biere/adder_3_6/pec_adder_3_bit_6_26.dqdimacs,31,129
./benchmark_tests/original/Biere/adder_3_6/pec_adder_3_bit_6_26.dqdimacs,33,126
./benchmark_tests/original/Biere/adder_3_6/pec_adder_3_bit_6_26.dqdimacs,34,127
./benchmark_tests/original/Biere/adder_3_6/pec_adder_3_bit_6_26.dqdimacs,35,128
./benchmark_tests/original/Biere/adder_3_6/pec_adder_3_bit_6_26.dqdimacs,37,124
./benchmark_tests/original/Biere/adder_3_6/pec_adder_3_bit_6_26.dqdimacs,38,124
./benchmark_tests/original/Biere/adder_3_6/pec_adder_3_bit_6_26.dqdimacs,39,127
./benchmark_tests/original/Biere/adder_3_6/pec_adder_3_bit_6_26.dqdimacs,40,129
./benchmark_tests/original/Biere/adder_3_6/pec_adder_3_bit_6_26.dqdimacs,42,126
./benchmark_tests/original/Biere/adder_3_6/pec_adder_3_bit_6_26.dqdimacs,43,125
./benchmark_tests/original/Biere/adder_3_6/pec_adder_3_bit_6_26.dqdimacs,44,125
./benchmark_tests/original/Biere/adder_3_6/pec_adder_3_bit_6_26.dqdimacs,45,126
./benchmark_tests/original/Biere/adder_3_6/pec_adder_3_bit_6_26.dqdimacs,47,126
./benchmark_tests/original/Biere/adder_3_6/pec_adder_3_bit_6_26.dqdimacs,48,129
./benchmark_tests/original/Biere/adder_3_6/pec_adder_3_bit_6_26.dqdimacs,49,129
./benchmark_tests/original/Biere/adder_3_6/pec_adder_3_bit_6_26.dqdimacs,51,127
./benchmark_tests/original/Biere/adder_3_6/pec_adder_3_bit_6_26.dqdimacs,52,124
./benchmark_tests/original/Biere/adder_3_6/pec_adder_3_bit_6_26.dqdimacs,53,126
./benchmark_tests/original/Biere/adder_3_6/pec_adder_3_bit_6_26.dqdimacs,54,127
./benchmark_tests/original/Biere/adder_3_6/pec_adder_3_bit_6_26.dqdimacs,55,125
./benchmark_tests/original/Biere/adder_3_6/pec_adder_3_bit_6_26.dqdimacs,56,129
./benchmark_tests/original/Biere/adder_3_6/pec_adder_3_bit_6_26.dqdimacs,58,127
./benchmark_tests/original/Biere/adder_3_6/pec_adder_3_bit_6_26.dqdimacs,59,124
./benchmark_tests/original/Biere/adder_3_6/pec_adder_3_bit_6_26.dqdimacs,60,125
./benchmark_tests/original/Biere/adder_3_6/pec_adder_3_bit_6_26.dqdimacs,61,129
./benchmark_tests/original/Biere/adder_3_6/pec_adder_3_bit_6_26.dqdimacs,62,127
./benchmark_tests/original/Biere/adder_3_6/pec_adder_3_bit_6_26.dqdimacs,63,128
./benchmark_tests/original/Biere/adder_3_6/pec_adder_3_bit_6_26.dqdimacs,64,126
./benchmark_tests/original/Biere/adder_3_6/pec_adder_3_bit_6_26.dqdimacs,65,127
./benchmark_tests/original/Biere/adder_3_6/pec_adder_3_bit_6_26.dqdimacs,66,127
./benchmark_tests/original/Biere/adder_3_6/pec_adder_3_bit_6_26.dqdimacs,67,126
./benchmark_tests/original/Biere/adder_3_6/pec_adder_3_bit_6_26.dqdimacs,68,127
./benchmark_tests/original/Biere/adder_3_6/pec_adder_3_bit_6_26.dqdimacs,69,126
./benchmark_tests/original/Biere/adder_3_6/pec_adder_3_bit_6_26.dqdimacs,70,128
./benchmark_tests/original/Biere/adder_3_6/pec_adder_3_bit_6_26.dqdimacs,71,127
./benchmark_tests/original/Biere/adder_3_6/pec_adder_3_bit_6_26.dqdimacs,72,128
./benchmark_tests/original/Biere/adder_3_6/pec_adder_3_bit_6_26.dqdimacs,73,127
./benchmark_tests/original/Biere/adder_3_6/pec_adder_3_bit_6_26.dqdimacs,74,127
./benchmark_tests/original/Biere/adder_3_6/pec_adder_3_bit_6_26.dqdimacs,75,128
./benchmark_tests/original/Biere/adder_3_6/pec_adder_3_bit_6_26.dqdimacs,76,124
./benchmark_tests/original/Biere/adder_3_6/pec_adder_3_bit_6_26.dqdimacs,77,126
./benchmark_tests/original/Biere/adder_3_6/pec_adder_3_bit_6_26.dqdimacs,78,126
./benchmark_tests/original/Biere/adder_3_6/pec_adder_3_bit_6_27.dqdimacs,4,387
./benchmark_tests/original/Biere/adder_3_6/pec_adder_3_bit_6_27.dqdimacs,5,334
./benchmark_tests/original/Biere/adder_3_6/pec_adder_3_bit_6_27.dqdimacs,6,333
./benchmark_tests/original/Biere/adder_3_6/pec_adder_3_bit_6_27.dqdimacs,10,335
./benchmark_tests/original/Biere/adder_3_6/pec_adder_3_bit_6_27.dqdimacs,11,320
./benchmark_tests/original/Biere/adder_3_6/pec_adder_3_bit_6_27.dqdimacs,12,271
./benchmark_tests/original/Biere/adder_3_6/pec_adder_3_bit_6_27.dqdimacs,13,226
./benchmark_tests/original/Biere/adder_3_6/pec_adder_3_bit_6_27.dqdimacs,17,193
./benchmark_tests/original/Biere/adder_3_6/pec_adder_3_bit_6_27.dqdimacs,18,177
./benchmark_tests/original/Biere/adder_3_6/pec_adder_3_bit_6_27.dqdimacs,19,177
./benchmark_tests/original/Biere/adder_3_6/pec_adder_3_bit_6_27.dqdimacs,20,178
./benchmark_tests/original/Biere/adder_3_6/pec_adder_3_bit_6_27.dqdimacs,22,177
./benchmark_tests/original/Biere/adder_3_6/pec_adder_3_bit_6_27.dqdimacs,23,177
./benchmark_tests/original/Biere/adder_3_6/pec_adder_3_bit_6_27.dqdimacs,24,177
./benchmark_tests/original/Biere/adder_3_6/pec_adder_3_bit_6_27.dqdimacs,25,178
./benchmark_tests/original/Biere/adder_3_6/pec_adder_3_bit_6_27.dqdimacs,26,177
./benchmark_tests/original/Biere/adder_3_6/pec_adder_3_bit_6_27.dqdimacs,27,178
./benchmark_tests/original/Biere/adder_3_6/pec_adder_3_bit_6_27.dqdimacs,29,177
./benchmark_tests/original/Biere/adder_3_6/pec_adder_3_bit_6_27.dqdimacs,30,179
./benchmark_tests/original/Biere/adder_3_6/pec_adder_3_bit_6_27.dqdimacs,31,180
./benchmark_tests/original/Biere/adder_3_6/pec_adder_3_bit_6_27.dqdimacs,33,176
./benchmark_tests/original/Biere/adder_3_6/pec_adder_3_bit_6_27.dqdimacs,34,178
./benchmark_tests/original/Biere/adder_3_6/pec_adder_3_bit_6_27.dqdimacs,35,180
./benchmark_tests/original/Biere/adder_3_6/pec_adder_3_bit_6_27.dqdimacs,37,177
./benchmark_tests/original/Biere/adder_3_6/pec_adder_3_bit_6_27.dqdimacs,38,178
./benchmark_tests/original/Biere/adder_3_6/pec_adder_3_bit_6_27.dqdimacs,39,178
./benchmark_tests/original/Biere/adder_3_6/pec_adder_3_bit_6_27.dqdimacs,40,181
./benchmark_tests/original/Biere/adder_3_6/pec_adder_3_bit_6_27.dqdimacs,42,177
./benchmark_tests/original/Biere/adder_3_6/pec_adder_3_bit_6_27.dqdimacs,43,178
./benchmark_tests/original/Biere/adder_3_6/pec_adder_3_bit_6_27.dqdimacs,44,177
./benchmark_tests/original/Biere/adder_3_6/pec_adder_3_bit_6_27.dqdimacs,45,181
./benchmark_tests/original/Biere/adder_3_6/pec_adder_3_bit_6_27.dqdimacs,47,176
./benchmark_tests/original/Biere/adder_3_6/pec_adder_3_bit_6_27.dqdimacs,48,177
./benchmark_tests/original/Biere/adder_3_6/pec_adder_3_bit_6_27.dqdimacs,49,176
./benchmark_tests/original/Biere/adder_3_6/pec_adder_3_bit_6_27.dqdimacs,50,178
./benchmark_tests/original/Biere/adder_3_6/pec_adder_3_bit_6_27.dqdimacs,52,177
./benchmark_tests/original/Biere/adder_3_6/pec_adder_3_bit_6_27.dqdimacs,53,179
./benchmark_tests/original/Biere/adder_3_6/pec_adder_3_bit_6_27.dqdimacs,54,176
./benchmark_tests/original/Biere/adder_3_6/pec_adder_3_bit_6_27.dqdimacs,55,179
./benchmark_tests/original/Biere/adder_3_6/pec_adder_3_bit_6_27.dqdimacs,57,178
./benchmark_tests/original/Biere/adder_3_6/pec_adder_3_bit_6_27.dqdimacs,58,179
./benchmark_tests/original/Biere/adder_3_6/pec_adder_3_bit_6_27.dqdimacs,59,179
./benchmark_tests/original/Biere/adder_3_6/pec_adder_3_bit_6_27.dqdimacs,60,181
./benchmark_tests/original/Biere/adder_3_6/pec_adder_3_bit_6_27.dqdimacs,62,179
./benchmark_tests/original/Biere/adder_3_6/pec_adder_3_bit_6_27.dqdimacs,63,178
./benchmark_tests/original/Biere/adder_3_6/pec_adder_3_bit_6_27.dqdimacs,64,177
./benchmark_tests/original/Biere/adder_3_6/pec_adder_3_bit_6_27.dqdimacs,65,181
./benchmark_tests/original/Biere/adder_3_6/pec_adder_3_bit_6_27.dqdimacs,66,177
./benchmark_tests/original/Biere/adder_3_6/pec_adder_3_bit_6_27.dqdimacs,67,177
./benchmark_tests/original/Biere/adder_3_6/pec_adder_3_bit_6_27.dqdimacs,68,178
./benchmark_tests/original/Biere/adder_3_6/pec_adder_3_bit_6_27.dqdimacs,69,178
./benchmark_tests/original/Biere/adder_3_6/pec_adder_3_bit_6_27.dqdimacs,70,178
./benchmark_tests/original/Biere/adder_3_6/pec_adder_3_bit_6_27.dqdimacs,71,178
./benchmark_tests/original/Biere/adder_3_6/pec_adder_3_bit_6_27.dqdimacs,72,176
./benchmark_tests/original/Biere/adder_3_6/pec_adder_3_bit_6_27.dqdimacs,73,177
./benchmark_tests/original/Biere/adder_3_6/pec_adder_3_bit_6_27.dqdimacs,74,177
./benchmark_tests/original/Biere/adder_3_6/pec_adder_3_bit_6_27.dqdimacs,75,179
./benchmark_tests/original/Biere/adder_3_6/pec_adder_3_bit_6_27.dqdimacs,76,179
./benchmark_tests/original/Biere/adder_3_6/pec_adder_3_bit_6_27.dqdimacs,77,179
./benchmark_tests/original/Biere/adder_3_6/pec_adder_3_bit_6_27.dqdimacs,78,178
./benchmark_tests/original/Biere/adder_3_6/pec_adder_3_bit_6_27.dqdimacs,79,176
./benchmark_tests/original/Biere/adder_3_6/pec_adder_3_bit_6_27.dqdimacs,80,177
./benchmark_tests/original/Biere/adder_3_6/pec_adder_3_bit_6_27.dqdimacs,81,177
./benchmark_tests/original/Biere/adder_3_6/pec_adder_3_bit_6_28.dqdimacs,4,188
./benchmark_tests/original/Biere/adder_3_6/pec_adder_3_bit_6_28.dqdimacs,5,136
./benchmark_tests/original/Biere/adder_3_6/pec_adder_3_bit_6_28.dqdimacs,6,138
./benchmark_tests/original/Biere/adder_3_6/pec_adder_3_bit_6_28.dqdimacs,10,136
./benchmark_tests/original/Biere/adder_3_6/pec_adder_3_bit_6_28.dqdimacs,11,137
./benchmark_tests/original/Biere/adder_3_6/pec_adder_3_bit_6_28.dqdimacs,12,137
./benchmark_tests/original/Biere/adder_3_6/pec_adder_3_bit_6_28.dqdimacs,13,137
./benchmark_tests/original/Biere/adder_3_6/pec_adder_3_bit_6_28.dqdimacs,17,138
./benchmark_tests/original/Biere/adder_3_6/pec_adder_3_bit_6_28.dqdimacs,18,137
./benchmark_tests/original/Biere/adder_3_6/pec_adder_3_bit_6_28.dqdimacs,19,138
./benchmark_tests/original/Biere/adder_3_6/pec_adder_3_bit_6_28.dqdimacs,20,136
./benchmark_tests/original/Biere/adder_3_6/pec_adder_3_bit_6_28.dqdimacs,22,128
./benchmark_tests/original/Biere/adder_3_6/pec_adder_3_bit_6_28.dqdimacs,23,120
./benchmark_tests/original/Biere/adder_3_6/pec_adder_3_bit_6_28.dqdimacs,24,112
./benchmark_tests/original/Biere/adder_3_6/pec_adder_3_bit_6_28.dqdimacs,25,104
./benchmark_tests/original/Biere/adder_3_6/pec_adder_3_bit_6_28.dqdimacs,26,95
./benchmark_tests/original/Biere/adder_3_6/pec_adder_3_bit_6_28.dqdimacs,27,92
./benchmark_tests/original/Biere/adder_3_6/pec_adder_3_bit_6_28.dqdimacs,29,84
./benchmark_tests/original/Biere/adder_3_6/pec_adder_3_bit_6_28.dqdimacs,30,80
./benchmark_tests/original/Biere/adder_3_6/pec_adder_3_bit_6_28.dqdimacs,31,77
./benchmark_tests/original/Biere/adder_3_6/pec_adder_3_bit_6_28.dqdimacs,33,74
./benchmark_tests/original/Biere/adder_3_6/pec_adder_3_bit_6_28.dqdimacs,34,74
./benchmark_tests/original/Biere/adder_3_6/pec_adder_3_bit_6_28.dqdimacs,35,76
./benchmark_tests/original/Biere/adder_3_6/pec_adder_3_bit_6_28.dqdimacs,37,73
./benchmark_tests/original/Biere/adder_3_6/pec_adder_3_bit_6_28.dqdimacs,38,74
./benchmark_tests/original/Biere/adder_3_6/pec_adder_3_bit_6_28.dqdimacs,39,74
./benchmark_tests/original/Biere/adder_3_6/pec_adder_3_bit_6_28.dqdimacs,40,75
./benchmark_tests/original/Biere/adder_3_6/pec_adder_3_bit_6_28.dqdimacs,42,74
./benchmark_tests/original/Biere/adder_3_6/pec_adder_3_bit_6_28.dqdimacs,43,75
./benchmark_tests/original/Biere/adder_3_6/pec_adder_3_bit_6_28.dqdimacs,44,75
./benchmark_tests/original/Biere/adder_3_6/pec_adder_3_bit_6_28.dqdimacs,46,74
./benchmark_tests/original/Biere/adder_3_6/pec_adder_3_bit_6_28.dqdimacs,47,74
./benchmark_tests/original/Biere/adder_3_6/pec_adder_3_bit_6_28.dqdimacs,48,76
./benchmark_tests/original/Biere/adder_3_6/pec_adder_3_bit_6_28.dqdimacs,50,74
./benchmark_tests/original/Biere/adder_3_6/pec_adder_3_bit_6_28.dqdimacs,51,74
./benchmark_tests/original/Biere/adder_3_6/pec_adder_3_bit_6_28.dqdimacs,52,75
./benchmark_tests/original/Biere/adder_3_6/pec_adder_3_bit_6_28.dqdimacs,54,74
./benchmark_tests/original/Biere/adder_3_6/pec_adder_3_bit_6_28.dqdimacs,55,74
./benchmark_tests/original/Biere/adder_3_6/pec_adder_3_bit_6_28.dqdimacs,56,75
./benchmark_tests/original/Biere/adder_3_6/pec_adder_3_bit_6_28.dqdimacs,58,74
./benchmark_tests/original/Biere/adder_3_6/pec_adder_3_bit_6_28.dqdimacs,59,74
./benchmark_tests/original/Biere/adder_3_6/pec_adder_3_bit_6_28.dqdimacs,60,74
./benchmark_tests/original/Biere/adder_3_6/pec_adder_3_bit_6_28.dqdimacs,61,74
./benchmark_tests/original/Biere/adder_3_6/pec_adder_3_bit_6_28.dqdimacs,62,74
./benchmark_tests/original/Biere/adder_3_6/pec_adder_3_bit_6_28.dqdimacs,63,76
./benchmark_tests/original/Biere/adder_3_6/pec_adder_3_bit_6_28.dqdimacs,65,74
./benchmark_tests/original/Biere/adder_3_6/pec_adder_3_bit_6_28.dqdimacs,66,74
./benchmark_tests/original/Biere/adder_3_6/pec_adder_3_bit_6_28.dqdimacs,67,76
./benchmark_tests/original/Biere/adder_3_6/pec_adder_3_bit_6_28.dqdimacs,69,74
./benchmark_tests/original/Biere/adder_3_6/pec_adder_3_bit_6_28.dqdimacs,70,75
./benchmark_tests/original/Biere/adder_3_6/pec_adder_3_bit_6_28.dqdimacs,71,77
./benchmark_tests/original/Biere/adder_3_6/pec_adder_3_bit_6_28.dqdimacs,73,75
./benchmark_tests/original/Biere/adder_3_6/pec_adder_3_bit_6_28.dqdimacs,74,73
./benchmark_tests/original/Biere/adder_3_6/pec_adder_3_bit_6_28.dqdimacs,75,76
./benchmark_tests/original/Biere/adder_3_6/pec_adder_3_bit_6_28.dqdimacs,76,73
./benchmark_tests/original/Biere/adder_3_6/pec_adder_3_bit_6_28.dqdimacs,77,74
./benchmark_tests/original/Biere/adder_3_6/pec_adder_3_bit_6_28.dqdimacs,78,74
./benchmark_tests/original/Biere/adder_3_6/pec_adder_3_bit_6_28.dqdimacs,79,74
./benchmark_tests/original/Biere/adder_3_6/pec_adder_3_bit_6_28.dqdimacs,80,74
./benchmark_tests/original/Biere/adder_3_6/pec_adder_3_bit_6_28.dqdimacs,81,74
./benchmark_tests/original/Biere/adder_3_6/pec_adder_3_bit_6_28.dqdimacs,82,74
./benchmark_tests/original/Biere/adder_3_6/pec_adder_3_bit_6_28.dqdimacs,83,73
./benchmark_tests/original/Biere/adder_3_6/pec_adder_3_bit_6_28.dqdimacs,84,74
./benchmark_tests/original/Biere/adder_3_6/pec_adder_3_bit_6_28.dqdimacs,85,73
./benchmark_tests/original/Biere/adder_3_6/pec_adder_3_bit_6_28.dqdimacs,86,74
./benchmark_tests/original/Biere/adder_3_6/pec_adder_3_bit_6_28.dqdimacs,87,74
./benchmark_tests/original/Biere/adder_3_6/pec_adder_3_bit_6_28.dqdimacs,88,75
./benchmark_tests/original/Biere/adder_3_6/pec_adder_3_bit_6_28.dqdimacs,89,74
./benchmark_tests/original/Biere/adder_3_6/pec_adder_3_bit_6_28.dqdimacs,90,73
./benchmark_tests/original/Biere/adder_3_6/pec_adder_3_bit_6_28.dqdimacs,91,74
./benchmark_tests/original/Biere/adder_3_6/pec_adder_3_bit_6_28.dqdimacs,92,75
./benchmark_tests/original/Biere/adder_3_6/pec_adder_3_bit_6_28.dqdimacs,93,73
./benchmark_tests/original/Biere/adder_3_6/pec_adder_3_bit_6_28.dqdimacs,94,73
./benchmark_tests/original/Biere/adder_3_6/pec_adder_3_bit_6_29.dqdimacs,4,463
./benchmark_tests/original/Biere/adder_3_6/pec_adder_3_bit_6_29.dqdimacs,5,410
./benchmark_tests/original/Biere/adder_3_6/pec_adder_3_bit_6_29.dqdimacs,6,411
./benchmark_tests/original/Biere/adder_3_6/pec_adder_3_bit_6_29.dqdimacs,10,392
./benchmark_tests/original/Biere/adder_3_6/pec_adder_3_bit_6_29.dqdimacs,11,322
./benchmark_tests/original/Biere/adder_3_6/pec_adder_3_bit_6_29.dqdimacs,12,261
./benchmark_tests/original/Biere/adder_3_6/pec_adder_3_bit_6_29.dqdimacs,13,223
./benchmark_tests/original/Biere/adder_3_6/pec_adder_3_bit_6_29.dqdimacs,17,218
./benchmark_tests/original/Biere/adder_3_6/pec_adder_3_bit_6_29.dqdimacs,18,217
./benchmark_tests/original/Biere/adder_3_6/pec_adder_3_bit_6_29.dqdimacs,19,219
./benchmark_tests/original/Biere/adder_3_6/pec_adder_3_bit_6_29.dqdimacs,20,219
./benchmark_tests/original/Biere/adder_3_6/pec_adder_3_bit_6_29.dqdimacs,22,218
./benchmark_tests/original/Biere/adder_3_6/pec_adder_3_bit_6_29.dqdimacs,23,216
./benchmark_tests/original/Biere/adder_3_6/pec_adder_3_bit_6_29.dqdimacs,24,217
./benchmark_tests/original/Biere/adder_3_6/pec_adder_3_bit_6_29.dqdimacs,25,218
./benchmark_tests/original/Biere/adder_3_6/pec_adder_3_bit_6_29.dqdimacs,26,217
./benchmark_tests/original/Biere/adder_3_6/pec_adder_3_bit_6_29.dqdimacs,27,220
./benchmark_tests/original/Biere/adder_3_6/pec_adder_3_bit_6_29.dqdimacs,29,220
./benchmark_tests/original/Biere/adder_3_6/pec_adder_3_bit_6_29.dqdimacs,30,218
./benchmark_tests/original/Biere/adder_3_6/pec_adder_3_bit_6_29.dqdimacs,31,221
./benchmark_tests/original/Biere/adder_3_6/pec_adder_3_bit_6_29.dqdimacs,33,218
./benchmark_tests/original/Biere/adder_3_6/pec_adder_3_bit_6_29.dqdimacs,34,219
./benchmark_tests/original/Biere/adder_3_6/pec_adder_3_bit_6_29.dqdimacs,35,222
./benchmark_tests/original/Biere/adder_3_6/pec_adder_3_bit_6_29.dqdimacs,37,219
./benchmark_tests/original/Biere/adder_3_6/pec_adder_3_bit_6_29.dqdimacs,38,217
./benchmark_tests/original/Biere/adder_3_6/pec_adder_3_bit_6_29.dqdimacs,39,217
./benchmark_tests/original/Biere/adder_3_6/pec_adder_3_bit_6_29.dqdimacs,40,219
./benchmark_tests/original/Biere/adder_3_6/pec_adder_3_bit_6_29.dqdimacs,42,219
./benchmark_tests/original/Biere/adder_3_6/pec_adder_3_bit_6_29.dqdimacs,43,219
./benchmark_tests/original/Biere/adder_3_6/pec_adder_3_bit_6_29.dqdimacs,44,220
./benchmark_tests/original/Biere/adder_3_6/pec_adder_3_bit_6_29.dqdimacs,46,218
./benchmark_tests/original/Biere/adder_3_6/pec_adder_3_bit_6_29.dqdimacs,47,219
./benchmark_tests/original/Biere/adder_3_6/pec_adder_3_bit_6_29.dqdimacs,48,220
./benchmark_tests/original/Biere/adder_3_6/pec_adder_3_bit_6_29.dqdimacs,50,217
./benchmark_tests/original/Biere/adder_3_6/pec_adder_3_bit_6_29.dqdimacs,51,223
./benchmark_tests/original/Biere/adder_3_6/pec_adder_3_bit_6_29.dqdimacs,52,404
./benchmark_tests/original/Biere/adder_3_6/pec_adder_3_bit_6_29.dqdimacs,53,400
./benchmark_tests/original/Biere/adder_3_6/pec_adder_3_bit_6_29.dqdimacs,54,401
./benchmark_tests/original/Biere/adder_3_6/pec_adder_3_bit_6_29.dqdimacs,56,398
./benchmark_tests/original/Biere/adder_3_6/pec_adder_3_bit_6_29.dqdimacs,57,351
./benchmark_tests/original/Biere/adder_3_6/pec_adder_3_bit_6_29.dqdimacs,58,283
./benchmark_tests/original/Biere/adder_3_6/pec_adder_3_bit_6_29.dqdimacs,59,234
./benchmark_tests/original/Biere/adder_3_6/pec_adder_3_bit_6_29.dqdimacs,60,213
./benchmark_tests/original/Biere/adder_3_6/pec_adder_3_bit_6_29.dqdimacs,62,211
./benchmark_tests/original/Biere/adder_3_6/pec_adder_3_bit_6_29.dqdimacs,63,211
./benchmark_tests/original/Biere/adder_3_6/pec_adder_3_bit_6_29.dqdimacs,64,212
./benchmark_tests/original/Biere/adder_3_6/pec_adder_3_bit_6_29.dqdimacs,65,213
./benchmark_tests/original/Biere/adder_3_6/pec_adder_3_bit_6_29.dqdimacs,66,214
./benchmark_tests/original/Biere/adder_3_6/pec_adder_3_bit_6_29.dqdimacs,67,211
./benchmark_tests/original/Biere/adder_3_6/pec_adder_3_bit_6_29.dqdimacs,68,212
./benchmark_tests/original/Biere/adder_3_6/pec_adder_3_bit_6_29.dqdimacs,69,212
./benchmark_tests/original/Biere/adder_3_6/pec_adder_3_bit_6_29.dqdimacs,70,212
./benchmark_tests/original/Biere/adder_3_6/pec_adder_3_bit_6_29.dqdimacs,71,212
./benchmark_tests/original/Biere/adder_3_6/pec_adder_3_bit_6_29.dqdimacs,72,213
./benchmark_tests/original/Biere/adder_3_6/pec_adder_3_bit_6_29.dqdimacs,73,213
./benchmark_tests/original/Biere/adder_3_6/pec_adder_3_bit_6_29.dqdimacs,74,215
./benchmark_tests/original/Biere/adder_3_6/pec_adder_3_bit_6_29.dqdimacs,75,211
./benchmark_tests/original/Biere/adder_3_6/pec_adder_3_bit_6_29.dqdimacs,76,210
./benchmark_tests/original/Biere/adder_3_6/pec_adder_3_bit_6_29.dqdimacs,77,212
./benchmark_tests/original/Biere/adder_3_6/pec_adder_3_bit_6_29.dqdimacs,78,212
./benchmark_tests/original/Biere/adder_3_6/pec_adder_3_bit_6_29.dqdimacs,79,213
./benchmark_tests/original/Biere/adder_3_6/pec_adder_3_bit_6_29.dqdimacs,80,213
./benchmark_tests/original/Biere/adder_3_6/pec_adder_3_bit_6_29.dqdimacs,81,213
./benchmark_tests/original/Biere/adder_3_6/pec_adder_3_bit_6_29.dqdimacs,82,213
./benchmark_tests/original/Biere/adder_3_6/pec_adder_3_bit_6_29.dqdimacs,83,213
./benchmark_tests/original/Biere/adder_3_6/pec_adder_3_bit_6_2.dqdimacs,4,194
./benchmark_tests/original/Biere/adder_3_6/pec_adder_3_bit_6_2.dqdimacs,5,140
./benchmark_tests/original/Biere/adder_3_6/pec_adder_3_bit_6_2.dqdimacs,6,120
./benchmark_tests/original/Biere/adder_3_6/pec_adder_3_bit_6_2.dqdimacs,10,120
./benchmark_tests/original/Biere/adder_3_6/pec_adder_3_bit_6_2.dqdimacs,11,119
./benchmark_tests/original/Biere/adder_3_6/pec_adder_3_bit_6_2.dqdimacs,12,120
./benchmark_tests/original/Biere/adder_3_6/pec_adder_3_bit_6_2.dqdimacs,13,120
./benchmark_tests/original/Biere/adder_3_6/pec_adder_3_bit_6_2.dqdimacs,17,119
./benchmark_tests/original/Biere/adder_3_6/pec_adder_3_bit_6_2.dqdimacs,18,119
./benchmark_tests/original/Biere/adder_3_6/pec_adder_3_bit_6_2.dqdimacs,19,118
./benchmark_tests/original/Biere/adder_3_6/pec_adder_3_bit_6_2.dqdimacs,20,119
./benchmark_tests/original/Biere/adder_3_6/pec_adder_3_bit_6_2.dqdimacs,22,117
./benchmark_tests/original/Biere/adder_3_6/pec_adder_3_bit_6_2.dqdimacs,23,112
./benchmark_tests/original/Biere/adder_3_6/pec_adder_3_bit_6_2.dqdimacs,24,105
./benchmark_tests/original/Biere/adder_3_6/pec_adder_3_bit_6_2.dqdimacs,25,108
./benchmark_tests/original/Biere/adder_3_6/pec_adder_3_bit_6_2.dqdimacs,26,94
./benchmark_tests/original/Biere/adder_3_6/pec_adder_3_bit_6_2.dqdimacs,27,89
./benchmark_tests/original/Biere/adder_3_6/pec_adder_3_bit_6_2.dqdimacs,29,82
./benchmark_tests/original/Biere/adder_3_6/pec_adder_3_bit_6_2.dqdimacs,30,77
./benchmark_tests/original/Biere/adder_3_6/pec_adder_3_bit_6_2.dqdimacs,31,74
./benchmark_tests/original/Biere/adder_3_6/pec_adder_3_bit_6_2.dqdimacs,33,69
./benchmark_tests/original/Biere/adder_3_6/pec_adder_3_bit_6_2.dqdimacs,34,65
./benchmark_tests/original/Biere/adder_3_6/pec_adder_3_bit_6_2.dqdimacs,35,64
./benchmark_tests/original/Biere/adder_3_6/pec_adder_3_bit_6_2.dqdimacs,36,64
./benchmark_tests/original/Biere/adder_3_6/pec_adder_3_bit_6_2.dqdimacs,37,65
./benchmark_tests/original/Biere/adder_3_6/pec_adder_3_bit_6_2.dqdimacs,39,62
./benchmark_tests/original/Biere/adder_3_6/pec_adder_3_bit_6_2.dqdimacs,40,63
./benchmark_tests/original/Biere/adder_3_6/pec_adder_3_bit_6_2.dqdimacs,41,63
./benchmark_tests/original/Biere/adder_3_6/pec_adder_3_bit_6_2.dqdimacs,42,64
./benchmark_tests/original/Biere/adder_3_6/pec_adder_3_bit_6_2.dqdimacs,44,61
./benchmark_tests/original/Biere/adder_3_6/pec_adder_3_bit_6_2.dqdimacs,45,63
./benchmark_tests/original/Biere/adder_3_6/pec_adder_3_bit_6_2.dqdimacs,46,62
./benchmark_tests/original/Biere/adder_3_6/pec_adder_3_bit_6_2.dqdimacs,47,63
./benchmark_tests/original/Biere/adder_3_6/pec_adder_3_bit_6_2.dqdimacs,48,63
./benchmark_tests/original/Biere/adder_3_6/pec_adder_3_bit_6_2.dqdimacs,49,64
./benchmark_tests/original/Biere/adder_3_6/pec_adder_3_bit_6_2.dqdimacs,51,63
./benchmark_tests/original/Biere/adder_3_6/pec_adder_3_bit_6_2.dqdimacs,52,62
./benchmark_tests/original/Biere/adder_3_6/pec_adder_3_bit_6_2.dqdimacs,53,62
./benchmark_tests/original/Biere/adder_3_6/pec_adder_3_bit_6_2.dqdimacs,54,64
./benchmark_tests/original/Biere/adder_3_6/pec_adder_3_bit_6_2.dqdimacs,55,63
./benchmark_tests/original/Biere/adder_3_6/pec_adder_3_bit_6_2.dqdimacs,56,63
./benchmark_tests/original/Biere/adder_3_6/pec_adder_3_bit_6_2.dqdimacs,57,63
./benchmark_tests/original/Biere/adder_3_6/pec_adder_3_bit_6_2.dqdimacs,58,62
./benchmark_tests/original/Biere/adder_3_6/pec_adder_3_bit_6_2.dqdimacs,59,63
./benchmark_tests/original/Biere/adder_3_6/pec_adder_3_bit_6_2.dqdimacs,60,64
./benchmark_tests/original/Biere/adder_3_6/pec_adder_3_bit_6_2.dqdimacs,61,63
./benchmark_tests/original/Biere/adder_3_6/pec_adder_3_bit_6_2.dqdimacs,62,63
./benchmark_tests/original/Biere/adder_3_6/pec_adder_3_bit_6_2.dqdimacs,63,63
./benchmark_tests/original/Biere/adder_3_6/pec_adder_3_bit_6_2.dqdimacs,64,64
./benchmark_tests/original/Biere/adder_3_6/pec_adder_3_bit_6_2.dqdimacs,65,62
./benchmark_tests/original/Biere/adder_3_6/pec_adder_3_bit_6_2.dqdimacs,66,63
./benchmark_tests/original/Biere/adder_3_6/pec_adder_3_bit_6_2.dqdimacs,67,63
./benchmark_tests/original/Biere/adder_3_6/pec_adder_3_bit_6_2.dqdimacs,68,63
./benchmark_tests/original/Biere/adder_3_6/pec_adder_3_bit_6_2.dqdimacs,69,63
./benchmark_tests/original/Biere/adder_3_6/pec_adder_3_bit_6_2.dqdimacs,70,62
./benchmark_tests/original/Biere/adder_3_6/pec_adder_3_bit_6_2.dqdimacs,71,63
./benchmark_tests/original/Biere/adder_3_6/pec_adder_3_bit_6_30.dqdimacs,4,361
./benchmark_tests/original/Biere/adder_3_6/pec_adder_3_bit_6_30.dqdimacs,5,313
./benchmark_tests/original/Biere/adder_3_6/pec_adder_3_bit_6_30.dqdimacs,6,311
./benchmark_tests/original/Biere/adder_3_6/pec_adder_3_bit_6_30.dqdimacs,10,312
./benchmark_tests/original/Biere/adder_3_6/pec_adder_3_bit_6_30.dqdimacs,11,307
./benchmark_tests/original/Biere/adder_3_6/pec_adder_3_bit_6_30.dqdimacs,12,273
./benchmark_tests/original/Biere/adder_3_6/pec_adder_3_bit_6_30.dqdimacs,13,231
./benchmark_tests/original/Biere/adder_3_6/pec_adder_3_bit_6_30.dqdimacs,17,197
./benchmark_tests/original/Biere/adder_3_6/pec_adder_3_bit_6_30.dqdimacs,18,173
./benchmark_tests/original/Biere/adder_3_6/pec_adder_3_bit_6_30.dqdimacs,19,168
./benchmark_tests/original/Biere/adder_3_6/pec_adder_3_bit_6_30.dqdimacs,20,169
./benchmark_tests/original/Biere/adder_3_6/pec_adder_3_bit_6_30.dqdimacs,22,168
./benchmark_tests/original/Biere/adder_3_6/pec_adder_3_bit_6_30.dqdimacs,23,168
./benchmark_tests/original/Biere/adder_3_6/pec_adder_3_bit_6_30.dqdimacs,24,168
./benchmark_tests/original/Biere/adder_3_6/pec_adder_3_bit_6_30.dqdimacs,25,167
./benchmark_tests/original/Biere/adder_3_6/pec_adder_3_bit_6_30.dqdimacs,26,168
./benchmark_tests/original/Biere/adder_3_6/pec_adder_3_bit_6_30.dqdimacs,27,169
./benchmark_tests/original/Biere/adder_3_6/pec_adder_3_bit_6_30.dqdimacs,29,166
./benchmark_tests/original/Biere/adder_3_6/pec_adder_3_bit_6_30.dqdimacs,30,166
./benchmark_tests/original/Biere/adder_3_6/pec_adder_3_bit_6_30.dqdimacs,31,166
./benchmark_tests/original/Biere/adder_3_6/pec_adder_3_bit_6_30.dqdimacs,32,167
./benchmark_tests/original/Biere/adder_3_6/pec_adder_3_bit_6_30.dqdimacs,34,167
./benchmark_tests/original/Biere/adder_3_6/pec_adder_3_bit_6_30.dqdimacs,35,168
./benchmark_tests/original/Biere/adder_3_6/pec_adder_3_bit_6_30.dqdimacs,36,168
./benchmark_tests/original/Biere/adder_3_6/pec_adder_3_bit_6_30.dqdimacs,37,169
./benchmark_tests/original/Biere/adder_3_6/pec_adder_3_bit_6_30.dqdimacs,39,167
./benchmark_tests/original/Biere/adder_3_6/pec_adder_3_bit_6_30.dqdimacs,40,166
./benchmark_tests/original/Biere/adder_3_6/pec_adder_3_bit_6_30.dqdimacs,41,168
./benchmark_tests/original/Biere/adder_3_6/pec_adder_3_bit_6_30.dqdimacs,43,166
./benchmark_tests/original/Biere/adder_3_6/pec_adder_3_bit_6_30.dqdimacs,44,168
./benchmark_tests/original/Biere/adder_3_6/pec_adder_3_bit_6_30.dqdimacs,45,169
./benchmark_tests/original/Biere/adder_3_6/pec_adder_3_bit_6_30.dqdimacs,47,167
./benchmark_tests/original/Biere/adder_3_6/pec_adder_3_bit_6_30.dqdimacs,48,167
./benchmark_tests/original/Biere/adder_3_6/pec_adder_3_bit_6_30.dqdimacs,49,168
./benchmark_tests/original/Biere/adder_3_6/pec_adder_3_bit_6_30.dqdimacs,51,165
./benchmark_tests/original/Biere/adder_3_6/pec_adder_3_bit_6_30.dqdimacs,52,165
./benchmark_tests/original/Biere/adder_3_6/pec_adder_3_bit_6_30.dqdimacs,53,166
./benchmark_tests/original/Biere/adder_3_6/pec_adder_3_bit_6_30.dqdimacs,54,169
./benchmark_tests/original/Biere/adder_3_6/pec_adder_3_bit_6_30.dqdimacs,56,167
./benchmark_tests/original/Biere/adder_3_6/pec_adder_3_bit_6_30.dqdimacs,57,166
./benchmark_tests/original/Biere/adder_3_6/pec_adder_3_bit_6_30.dqdimacs,58,169
./benchmark_tests/original/Biere/adder_3_6/pec_adder_3_bit_6_30.dqdimacs,60,167
./benchmark_tests/original/Biere/adder_3_6/pec_adder_3_bit_6_30.dqdimacs,61,166
./benchmark_tests/original/Biere/adder_3_6/pec_adder_3_bit_6_30.dqdimacs,62,167
./benchmark_tests/original/Biere/adder_3_6/pec_adder_3_bit_6_30.dqdimacs,63,170
./benchmark_tests/original/Biere/adder_3_6/pec_adder_3_bit_6_30.dqdimacs,64,168
./benchmark_tests/original/Biere/adder_3_6/pec_adder_3_bit_6_30.dqdimacs,65,168
./benchmark_tests/original/Biere/adder_3_6/pec_adder_3_bit_6_30.dqdimacs,66,168
./benchmark_tests/original/Biere/adder_3_6/pec_adder_3_bit_6_30.dqdimacs,67,168
./benchmark_tests/original/Biere/adder_3_6/pec_adder_3_bit_6_30.dqdimacs,68,167
./benchmark_tests/original/Biere/adder_3_6/pec_adder_3_bit_6_30.dqdimacs,69,167
./benchmark_tests/original/Biere/adder_3_6/pec_adder_3_bit_6_30.dqdimacs,70,168
./benchmark_tests/original/Biere/adder_3_6/pec_adder_3_bit_6_30.dqdimacs,71,169
./benchmark_tests/original/Biere/adder_3_6/pec_adder_3_bit_6_30.dqdimacs,72,168
./benchmark_tests/original/Biere/adder_3_6/pec_adder_3_bit_6_30.dqdimacs,73,167
./benchmark_tests/original/Biere/adder_3_6/pec_adder_3_bit_6_30.dqdimacs,74,167
./benchmark_tests/original/Biere/adder_3_6/pec_adder_3_bit_6_30.dqdimacs,75,167
./benchmark_tests/original/Biere/adder_3_6/pec_adder_3_bit_6_30.dqdimacs,76,167
./benchmark_tests/original/Biere/adder_3_6/pec_adder_3_bit_6_30.dqdimacs,77,166
./benchmark_tests/original/Biere/adder_3_6/pec_adder_3_bit_6_30.dqdimacs,78,166
./benchmark_tests/original/Biere/adder_3_6/pec_adder_3_bit_6_30.dqdimacs,79,166
./benchmark_tests/original/Biere/adder_3_6/pec_adder_3_bit_6_30.dqdimacs,80,168
./benchmark_tests/original/Biere/adder_3_6/pec_adder_3_bit_6_30.dqdimacs,81,168
./benchmark_tests/original/Biere/adder_3_6/pec_adder_3_bit_6_30.dqdimacs,82,166
./benchmark_tests/original/Biere/adder_3_6/pec_adder_3_bit_6_30.dqdimacs,83,166
./benchmark_tests/original/Biere/adder_3_6/pec_adder_3_bit_6_31.dqdimacs,4,183
./benchmark_tests/original/Biere/adder_3_6/pec_adder_3_bit_6_31.dqdimacs,5,130
./benchmark_tests/original/Biere/adder_3_6/pec_adder_3_bit_6_31.dqdimacs,6,130
./benchmark_tests/original/Biere/adder_3_6/pec_adder_3_bit_6_31.dqdimacs,10,130
./benchmark_tests/original/Biere/adder_3_6/pec_adder_3_bit_6_31.dqdimacs,11,130
./benchmark_tests/original/Biere/adder_3_6/pec_adder_3_bit_6_31.dqdimacs,12,131
./benchmark_tests/original/Biere/adder_3_6/pec_adder_3_bit_6_31.dqdimacs,13,132
./benchmark_tests/original/Biere/adder_3_6/pec_adder_3_bit_6_31.dqdimacs,17,133
./benchmark_tests/original/Biere/adder_3_6/pec_adder_3_bit_6_31.dqdimacs,18,131
./benchmark_tests/original/Biere/adder_3_6/pec_adder_3_bit_6_31.dqdimacs,19,130
./benchmark_tests/original/Biere/adder_3_6/pec_adder_3_bit_6_31.dqdimacs,20,131
./benchmark_tests/original/Biere/adder_3_6/pec_adder_3_bit_6_31.dqdimacs,22,126
./benchmark_tests/original/Biere/adder_3_6/pec_adder_3_bit_6_31.dqdimacs,23,118
./benchmark_tests/original/Biere/adder_3_6/pec_adder_3_bit_6_31.dqdimacs,24,111
./benchmark_tests/original/Biere/adder_3_6/pec_adder_3_bit_6_31.dqdimacs,25,104
./benchmark_tests/original/Biere/adder_3_6/pec_adder_3_bit_6_31.dqdimacs,26,96
./benchmark_tests/original/Biere/adder_3_6/pec_adder_3_bit_6_31.dqdimacs,27,92
./benchmark_tests/original/Biere/adder_3_6/pec_adder_3_bit_6_31.dqdimacs,29,82
./benchmark_tests/original/Biere/adder_3_6/pec_adder_3_bit_6_31.dqdimacs,30,79
./benchmark_tests/original/Biere/adder_3_6/pec_adder_3_bit_6_31.dqdimacs,31,74
./benchmark_tests/original/Biere/adder_3_6/pec_adder_3_bit_6_31.dqdimacs,32,72
./benchmark_tests/original/Biere/adder_3_6/pec_adder_3_bit_6_31.dqdimacs,34,72
./benchmark_tests/original/Biere/adder_3_6/pec_adder_3_bit_6_31.dqdimacs,35,72
./benchmark_tests/original/Biere/adder_3_6/pec_adder_3_bit_6_31.dqdimacs,36,72
./benchmark_tests/original/Biere/adder_3_6/pec_adder_3_bit_6_31.dqdimacs,38,71
./benchmark_tests/original/Biere/adder_3_6/pec_adder_3_bit_6_31.dqdimacs,39,70
./benchmark_tests/original/Biere/adder_3_6/pec_adder_3_bit_6_31.dqdimacs,40,73
./benchmark_tests/original/Biere/adder_3_6/pec_adder_3_bit_6_31.dqdimacs,42,70
./benchmark_tests/original/Biere/adder_3_6/pec_adder_3_bit_6_31.dqdimacs,43,70
./benchmark_tests/original/Biere/adder_3_6/pec_adder_3_bit_6_31.dqdimacs,44,72
./benchmark_tests/original/Biere/adder_3_6/pec_adder_3_bit_6_31.dqdimacs,45,71
./benchmark_tests/original/Biere/adder_3_6/pec_adder_3_bit_6_31.dqdimacs,47,72
./benchmark_tests/original/Biere/adder_3_6/pec_adder_3_bit_6_31.dqdimacs,48,72
./benchmark_tests/original/Biere/adder_3_6/pec_adder_3_bit_6_31.dqdimacs,49,73
./benchmark_tests/original/Biere/adder_3_6/pec_adder_3_bit_6_31.dqdimacs,51,73
./benchmark_tests/original/Biere/adder_3_6/pec_adder_3_bit_6_31.dqdimacs,52,72
./benchmark_tests/original/Biere/adder_3_6/pec_adder_3_bit_6_31.dqdimacs,53,74
./benchmark_tests/original/Biere/adder_3_6/pec_adder_3_bit_6_31.dqdimacs,55,72
./benchmark_tests/original/Biere/adder_3_6/pec_adder_3_bit_6_31.dqdimacs,56,73
./benchmark_tests/original/Biere/adder_3_6/pec_adder_3_bit_6_31.dqdimacs,57,74
./benchmark_tests/original/Biere/adder_3_6/pec_adder_3_bit_6_31.dqdimacs,59,72
./benchmark_tests/original/Biere/adder_3_6/pec_adder_3_bit_6_31.dqdimacs,60,72
./benchmark_tests/original/Biere/adder_3_6/pec_adder_3_bit_6_31.dqdimacs,61,72
./benchmark_tests/original/Biere/adder_3_6/pec_adder_3_bit_6_31.dqdimacs,62,72
./benchmark_tests/original/Biere/adder_3_6/pec_adder_3_bit_6_31.dqdimacs,63,71
./benchmark_tests/original/Biere/adder_3_6/pec_adder_3_bit_6_31.dqdimacs,64,73
./benchmark_tests/original/Biere/adder_3_6/pec_adder_3_bit_6_31.dqdimacs,66,72
./benchmark_tests/original/Biere/adder_3_6/pec_adder_3_bit_6_31.dqdimacs,67,72
./benchmark_tests/original/Biere/adder_3_6/pec_adder_3_bit_6_31.dqdimacs,68,73
./benchmark_tests/original/Biere/adder_3_6/pec_adder_3_bit_6_31.dqdimacs,70,71
./benchmark_tests/original/Biere/adder_3_6/pec_adder_3_bit_6_31.dqdimacs,71,72
./benchmark_tests/original/Biere/adder_3_6/pec_adder_3_bit_6_31.dqdimacs,72,71
./benchmark_tests/original/Biere/adder_3_6/pec_adder_3_bit_6_31.dqdimacs,73,73
./benchmark_tests/original/Biere/adder_3_6/pec_adder_3_bit_6_31.dqdimacs,75,72
./benchmark_tests/original/Biere/adder_3_6/pec_adder_3_bit_6_31.dqdimacs,76,72
./benchmark_tests/original/Biere/adder_3_6/pec_adder_3_bit_6_31.dqdimacs,77,72
./benchmark_tests/original/Biere/adder_3_6/pec_adder_3_bit_6_31.dqdimacs,78,74
./benchmark_tests/original/Biere/adder_3_6/pec_adder_3_bit_6_31.dqdimacs,79,71
./benchmark_tests/original/Biere/adder_3_6/pec_adder_3_bit_6_31.dqdimacs,80,72
./benchmark_tests/original/Biere/adder_3_6/pec_adder_3_bit_6_31.dqdimacs,81,70
./benchmark_tests/original/Biere/adder_3_6/pec_adder_3_bit_6_31.dqdimacs,82,72
./benchmark_tests/original/Biere/adder_3_6/pec_adder_3_bit_6_31.dqdimacs,83,71
./benchmark_tests/original/Biere/adder_3_6/pec_adder_3_bit_6_31.dqdimacs,84,71
./benchmark_tests/original/Biere/adder_3_6/pec_adder_3_bit_6_31.dqdimacs,85,71
./benchmark_tests/original/Biere/adder_3_6/pec_adder_3_bit_6_31.dqdimacs,86,71
./benchmark_tests/original/Biere/adder_3_6/pec_adder_3_bit_6_31.dqdimacs,87,71
./benchmark_tests/original/Biere/adder_3_6/pec_adder_3_bit_6_31.dqdimacs,88,72
./benchmark_tests/original/Biere/adder_3_6/pec_adder_3_bit_6_31.dqdimacs,89,71
./benchmark_tests/original/Biere/adder_3_6/pec_adder_3_bit_6_31.dqdimacs,90,71
./benchmark_tests/original/Biere/adder_3_6/pec_adder_3_bit_6_31.dqdimacs,91,71
./benchmark_tests/original/Biere/adder_3_6/pec_adder_3_bit_6_31.dqdimacs,92,72
./benchmark_tests/original/Biere/adder_3_6/pec_adder_3_bit_6_31.dqdimacs,93,71
./benchmark_tests/original/Biere/adder_3_6/pec_adder_3_bit_6_31.dqdimacs,94,72
./benchmark_tests/original/Biere/adder_3_6/pec_adder_3_bit_6_32.dqdimacs,4,330
./benchmark_tests/original/Biere/adder_3_6/pec_adder_3_bit_6_32.dqdimacs,5,281
./benchmark_tests/original/Biere/adder_3_6/pec_adder_3_bit_6_32.dqdimacs,6,282
./benchmark_tests/original/Biere/adder_3_6/pec_adder_3_bit_6_32.dqdimacs,10,281
./benchmark_tests/original/Biere/adder_3_6/pec_adder_3_bit_6_32.dqdimacs,11,282
./benchmark_tests/original/Biere/adder_3_6/pec_adder_3_bit_6_32.dqdimacs,12,263
./benchmark_tests/original/Biere/adder_3_6/pec_adder_3_bit_6_32.dqdimacs,13,229
./benchmark_tests/original/Biere/adder_3_6/pec_adder_3_bit_6_32.dqdimacs,17,194
./benchmark_tests/original/Biere/adder_3_6/pec_adder_3_bit_6_32.dqdimacs,18,169
./benchmark_tests/original/Biere/adder_3_6/pec_adder_3_bit_6_32.dqdimacs,19,152
./benchmark_tests/original/Biere/adder_3_6/pec_adder_3_bit_6_32.dqdimacs,20,148
./benchmark_tests/original/Biere/adder_3_6/pec_adder_3_bit_6_32.dqdimacs,22,147
./benchmark_tests/original/Biere/adder_3_6/pec_adder_3_bit_6_32.dqdimacs,23,146
./benchmark_tests/original/Biere/adder_3_6/pec_adder_3_bit_6_32.dqdimacs,24,147
./benchmark_tests/original/Biere/adder_3_6/pec_adder_3_bit_6_32.dqdimacs,25,147
./benchmark_tests/original/Biere/adder_3_6/pec_adder_3_bit_6_32.dqdimacs,26,147
./benchmark_tests/original/Biere/adder_3_6/pec_adder_3_bit_6_32.dqdimacs,27,149
./benchmark_tests/original/Biere/adder_3_6/pec_adder_3_bit_6_32.dqdimacs,29,147
./benchmark_tests/original/Biere/adder_3_6/pec_adder_3_bit_6_32.dqdimacs,30,146
./benchmark_tests/original/Biere/adder_3_6/pec_adder_3_bit_6_32.dqdimacs,31,146
./benchmark_tests/original/Biere/adder_3_6/pec_adder_3_bit_6_32.dqdimacs,32,147
./benchmark_tests/original/Biere/adder_3_6/pec_adder_3_bit_6_32.dqdimacs,33,146
./benchmark_tests/original/Biere/adder_3_6/pec_adder_3_bit_6_32.dqdimacs,34,147
./benchmark_tests/original/Biere/adder_3_6/pec_adder_3_bit_6_32.dqdimacs,35,146
./benchmark_tests/original/Biere/adder_3_6/pec_adder_3_bit_6_32.dqdimacs,36,149
./benchmark_tests/original/Biere/adder_3_6/pec_adder_3_bit_6_32.dqdimacs,38,148
./benchmark_tests/original/Biere/adder_3_6/pec_adder_3_bit_6_32.dqdimacs,39,148
./benchmark_tests/original/Biere/adder_3_6/pec_adder_3_bit_6_32.dqdimacs,40,147
./benchmark_tests/original/Biere/adder_3_6/pec_adder_3_bit_6_32.dqdimacs,41,149
./benchmark_tests/original/Biere/adder_3_6/pec_adder_3_bit_6_32.dqdimacs,43,148
./benchmark_tests/original/Biere/adder_3_6/pec_adder_3_bit_6_32.dqdimacs,44,148
./benchmark_tests/original/Biere/adder_3_6/pec_adder_3_bit_6_32.dqdimacs,45,150
./benchmark_tests/original/Biere/adder_3_6/pec_adder_3_bit_6_32.dqdimacs,47,148
./benchmark_tests/original/Biere/adder_3_6/pec_adder_3_bit_6_32.dqdimacs,48,148
./benchmark_tests/original/Biere/adder_3_6/pec_adder_3_bit_6_32.dqdimacs,49,148
./benchmark_tests/original/Biere/adder_3_6/pec_adder_3_bit_6_32.dqdimacs,50,150
./benchmark_tests/original/Biere/adder_3_6/pec_adder_3_bit_6_32.dqdimacs,52,148
./benchmark_tests/original/Biere/adder_3_6/pec_adder_3_bit_6_32.dqdimacs,53,147
./benchmark_tests/original/Biere/adder_3_6/pec_adder_3_bit_6_32.dqdimacs,54,148
./benchmark_tests/original/Biere/adder_3_6/pec_adder_3_bit_6_32.dqdimacs,55,148
./benchmark_tests/original/Biere/adder_3_6/pec_adder_3_bit_6_32.dqdimacs,56,148
./benchmark_tests/original/Biere/adder_3_6/pec_adder_3_bit_6_32.dqdimacs,57,149
./benchmark_tests/original/Biere/adder_3_6/pec_adder_3_bit_6_32.dqdimacs,58,146
./benchmark_tests/original/Biere/adder_3_6/pec_adder_3_bit_6_32.dqdimacs,59,146
./benchmark_tests/original/Biere/adder_3_6/pec_adder_3_bit_6_32.dqdimacs,60,147
./benchmark_tests/original/Biere/adder_3_6/pec_adder_3_bit_6_32.dqdimacs,61,147
./benchmark_tests/original/Biere/adder_3_6/pec_adder_3_bit_6_32.dqdimacs,62,148
./benchmark_tests/original/Biere/adder_3_6/pec_adder_3_bit_6_32.dqdimacs,63,148
./benchmark_tests/original/Biere/adder_3_6/pec_adder_3_bit_6_32.dqdimacs,64,148
./benchmark_tests/original/Biere/adder_3_6/pec_adder_3_bit_6_32.dqdimacs,65,148
./benchmark_tests/original/Biere/adder_3_6/pec_adder_3_bit_6_32.dqdimacs,66,148
./benchmark_tests/original/Biere/adder_3_6/pec_adder_3_bit_6_32.dqdimacs,67,148
./benchmark_tests/original/Biere/adder_3_6/pec_adder_3_bit_6_32.dqdimacs,68,148
./benchmark_tests/original/Biere/adder_3_6/pec_adder_3_bit_6_32.dqdimacs,69,149
./benchmark_tests/original/Biere/adder_3_6/pec_adder_3_bit_6_32.dqdimacs,70,149
./benchmark_tests/original/Biere/adder_3_6/pec_adder_3_bit_6_32.dqdimacs,71,148
./benchmark_tests/original/Biere/adder_3_6/pec_adder_3_bit_6_32.dqdimacs,72,148
./benchmark_tests/original/Biere/adder_3_6/pec_adder_3_bit_6_32.dqdimacs,73,148
./benchmark_tests/original/Biere/adder_3_6/pec_adder_3_bit_6_33.dqdimacs,4,350
./benchmark_tests/original/Biere/adder_3_6/pec_adder_3_bit_6_33.dqdimacs,5,298
./benchmark_tests/original/Biere/adder_3_6/pec_adder_3_bit_6_33.dqdimacs,6,299
./benchmark_tests/original/Biere/adder_3_6/pec_adder_3_bit_6_33.dqdimacs,10,297
./benchmark_tests/original/Biere/adder_3_6/pec_adder_3_bit_6_33.dqdimacs,11,296
./benchmark_tests/original/Biere/adder_3_6/pec_adder_3_bit_6_33.dqdimacs,12,268
./benchmark_tests/original/Biere/adder_3_6/pec_adder_3_bit_6_33.dqdimacs,13,229
./benchmark_tests/original/Biere/adder_3_6/pec_adder_3_bit_6_33.dqdimacs,17,191
./benchmark_tests/original/Biere/adder_3_6/pec_adder_3_bit_6_33.dqdimacs,18,168
./benchmark_tests/original/Biere/adder_3_6/pec_adder_3_bit_6_33.dqdimacs,19,158
./benchmark_tests/original/Biere/adder_3_6/pec_adder_3_bit_6_33.dqdimacs,20,160
./benchmark_tests/original/Biere/adder_3_6/pec_adder_3_bit_6_33.dqdimacs,22,159
./benchmark_tests/original/Biere/adder_3_6/pec_adder_3_bit_6_33.dqdimacs,23,159
./benchmark_tests/original/Biere/adder_3_6/pec_adder_3_bit_6_33.dqdimacs,24,158
./benchmark_tests/original/Biere/adder_3_6/pec_adder_3_bit_6_33.dqdimacs,25,159
./benchmark_tests/original/Biere/adder_3_6/pec_adder_3_bit_6_33.dqdimacs,26,160
./benchmark_tests/original/Biere/adder_3_6/pec_adder_3_bit_6_33.dqdimacs,27,161
./benchmark_tests/original/Biere/adder_3_6/pec_adder_3_bit_6_33.dqdimacs,29,159
./benchmark_tests/original/Biere/adder_3_6/pec_adder_3_bit_6_33.dqdimacs,30,160
./benchmark_tests/original/Biere/adder_3_6/pec_adder_3_bit_6_33.dqdimacs,31,162
./benchmark_tests/original/Biere/adder_3_6/pec_adder_3_bit_6_33.dqdimacs,33,159
./benchmark_tests/original/Biere/adder_3_6/pec_adder_3_bit_6_33.dqdimacs,34,160
./benchmark_tests/original/Biere/adder_3_6/pec_adder_3_bit_6_33.dqdimacs,35,162
./benchmark_tests/original/Biere/adder_3_6/pec_adder_3_bit_6_33.dqdimacs,37,159
./benchmark_tests/original/Biere/adder_3_6/pec_adder_3_bit_6_33.dqdimacs,38,159
./benchmark_tests/original/Biere/adder_3_6/pec_adder_3_bit_6_33.dqdimacs,39,158
./benchmark_tests/original/Biere/adder_3_6/pec_adder_3_bit_6_33.dqdimacs,40,161
./benchmark_tests/original/Biere/adder_3_6/pec_adder_3_bit_6_33.dqdimacs,42,161
./benchmark_tests/original/Biere/adder_3_6/pec_adder_3_bit_6_33.dqdimacs,43,159
./benchmark_tests/original/Biere/adder_3_6/pec_adder_3_bit_6_33.dqdimacs,44,161
./benchmark_tests/original/Biere/adder_3_6/pec_adder_3_bit_6_33.dqdimacs,46,159
./benchmark_tests/original/Biere/adder_3_6/pec_adder_3_bit_6_33.dqdimacs,47,160
./benchmark_tests/original/Biere/adder_3_6/pec_adder_3_bit_6_33.dqdimacs,48,160
./benchmark_tests/original/Biere/adder_3_6/pec_adder_3_bit_6_33.dqdimacs,49,159
./benchmark_tests/original/Biere/adder_3_6/pec_adder_3_bit_6_33.dqdimacs,50,159
./benchmark_tests/original/Biere/adder_3_6/pec_adder_3_bit_6_33.dqdimacs,51,159
./benchmark_tests/original/Biere/adder_3_6/pec_adder_3_bit_6_33.dqdimacs,52,161
./benchmark_tests/original/Biere/adder_3_6/pec_adder_3_bit_6_33.dqdimacs,54,160
./benchmark_tests/original/Biere/adder_3_6/pec_adder_3_bit_6_33.dqdimacs,55,160
./benchmark_tests/original/Biere/adder_3_6/pec_adder_3_bit_6_33.dqdimacs,56,161
./benchmark_tests/original/Biere/adder_3_6/pec_adder_3_bit_6_33.dqdimacs,58,159
./benchmark_tests/original/Biere/adder_3_6/pec_adder_3_bit_6_33.dqdimacs,59,159
./benchmark_tests/original/Biere/adder_3_6/pec_adder_3_bit_6_33.dqdimacs,60,162
./benchmark_tests/original/Biere/adder_3_6/pec_adder_3_bit_6_33.dqdimacs,61,158
./benchmark_tests/original/Biere/adder_3_6/pec_adder_3_bit_6_33.dqdimacs,62,159
./benchmark_tests/original/Biere/adder_3_6/pec_adder_3_bit_6_33.dqdimacs,63,159
./benchmark_tests/original/Biere/adder_3_6/pec_adder_3_bit_6_33.dqdimacs,64,159
./benchmark_tests/original/Biere/adder_3_6/pec_adder_3_bit_6_33.dqdimacs,65,161
./benchmark_tests/original/Biere/adder_3_6/pec_adder_3_bit_6_33.dqdimacs,66,158
./benchmark_tests/original/Biere/adder_3_6/pec_adder_3_bit_6_33.dqdimacs,67,159
./benchmark_tests/original/Biere/adder_3_6/pec_adder_3_bit_6_33.dqdimacs,68,159
./benchmark_tests/original/Biere/adder_3_6/pec_adder_3_bit_6_33.dqdimacs,69,159
./benchmark_tests/original/Biere/adder_3_6/pec_adder_3_bit_6_33.dqdimacs,70,158
./benchmark_tests/original/Biere/adder_3_6/pec_adder_3_bit_6_33.dqdimacs,71,158
./benchmark_tests/original/Biere/adder_3_6/pec_adder_3_bit_6_33.dqdimacs,72,158
./benchmark_tests/original/Biere/adder_3_6/pec_adder_3_bit_6_33.dqdimacs,73,159
./benchmark_tests/original/Biere/adder_3_6/pec_adder_3_bit_6_33.dqdimacs,74,158
./benchmark_tests/original/Biere/adder_3_6/pec_adder_3_bit_6_33.dqdimacs,75,158
./benchmark_tests/original/Biere/adder_3_6/pec_adder_3_bit_6_33.dqdimacs,76,159
./benchmark_tests/original/Biere/adder_3_6/pec_adder_3_bit_6_33.dqdimacs,77,159
./benchmark_tests/original/Biere/adder_3_6/pec_adder_3_bit_6_33.dqdimacs,78,157
./benchmark_tests/original/Biere/adder_3_6/pec_adder_3_bit_6_33.dqdimacs,79,159
./benchmark_tests/original/Biere/adder_3_6/pec_adder_3_bit_6_33.dqdimacs,80,158
./benchmark_tests/original/Biere/adder_3_6/pec_adder_3_bit_6_34.dqdimacs,4,223
./benchmark_tests/original/Biere/adder_3_6/pec_adder_3_bit_6_34.dqdimacs,5,176
./benchmark_tests/original/Biere/adder_3_6/pec_adder_3_bit_6_34.dqdimacs,6,174
./benchmark_tests/original/Biere/adder_3_6/pec_adder_3_bit_6_34.dqdimacs,10,174
./benchmark_tests/original/Biere/adder_3_6/pec_adder_3_bit_6_34.dqdimacs,11,173
./benchmark_tests/original/Biere/adder_3_6/pec_adder_3_bit_6_34.dqdimacs,12,174
./benchmark_tests/original/Biere/adder_3_6/pec_adder_3_bit_6_34.dqdimacs,13,175
./benchmark_tests/original/Biere/adder_3_6/pec_adder_3_bit_6_34.dqdimacs,17,175
./benchmark_tests/original/Biere/adder_3_6/pec_adder_3_bit_6_34.dqdimacs,18,169
./benchmark_tests/original/Biere/adder_3_6/pec_adder_3_bit_6_34.dqdimacs,19,156
./benchmark_tests/original/Biere/adder_3_6/pec_adder_3_bit_6_34.dqdimacs,20,143
./benchmark_tests/original/Biere/adder_3_6/pec_adder_3_bit_6_34.dqdimacs,22,130
./benchmark_tests/original/Biere/adder_3_6/pec_adder_3_bit_6_34.dqdimacs,23,118
./benchmark_tests/original/Biere/adder_3_6/pec_adder_3_bit_6_34.dqdimacs,24,108
./benchmark_tests/original/Biere/adder_3_6/pec_adder_3_bit_6_34.dqdimacs,25,101
./benchmark_tests/original/Biere/adder_3_6/pec_adder_3_bit_6_34.dqdimacs,26,95
./benchmark_tests/original/Biere/adder_3_6/pec_adder_3_bit_6_34.dqdimacs,27,96
./benchmark_tests/original/Biere/adder_3_6/pec_adder_3_bit_6_34.dqdimacs,29,94
./benchmark_tests/original/Biere/adder_3_6/pec_adder_3_bit_6_34.dqdimacs,30,94
./benchmark_tests/original/Biere/adder_3_6/pec_adder_3_bit_6_34.dqdimacs,31,94
./benchmark_tests/original/Biere/adder_3_6/pec_adder_3_bit_6_34.dqdimacs,32,95
./benchmark_tests/original/Biere/adder_3_6/pec_adder_3_bit_6_34.dqdimacs,34,94
./benchmark_tests/original/Biere/adder_3_6/pec_adder_3_bit_6_34.dqdimacs,35,94
./benchmark_tests/original/Biere/adder_3_6/pec_adder_3_bit_6_34.dqdimacs,36,94
./benchmark_tests/original/Biere/adder_3_6/pec_adder_3_bit_6_34.dqdimacs,37,94
./benchmark_tests/original/Biere/adder_3_6/pec_adder_3_bit_6_34.dqdimacs,38,92
./benchmark_tests/original/Biere/adder_3_6/pec_adder_3_bit_6_34.dqdimacs,39,93
./benchmark_tests/original/Biere/adder_3_6/pec_adder_3_bit_6_34.dqdimacs,40,94
./benchmark_tests/original/Biere/adder_3_6/pec_adder_3_bit_6_34.dqdimacs,41,95
./benchmark_tests/original/Biere/adder_3_6/pec_adder_3_bit_6_34.dqdimacs,43,94
./benchmark_tests/original/Biere/adder_3_6/pec_adder_3_bit_6_34.dqdimacs,44,95
./benchmark_tests/original/Biere/adder_3_6/pec_adder_3_bit_6_34.dqdimacs,45,94
./benchmark_tests/original/Biere/adder_3_6/pec_adder_3_bit_6_34.dqdimacs,46,95
./benchmark_tests/original/Biere/adder_3_6/pec_adder_3_bit_6_34.dqdimacs,47,94
./benchmark_tests/original/Biere/adder_3_6/pec_adder_3_bit_6_34.dqdimacs,48,94
./benchmark_tests/original/Biere/adder_3_6/pec_adder_3_bit_6_34.dqdimacs,49,94
./benchmark_tests/original/Biere/adder_3_6/pec_adder_3_bit_6_34.dqdimacs,50,94
./benchmark_tests/original/Biere/adder_3_6/pec_adder_3_bit_6_34.dqdimacs,51,94
./benchmark_tests/original/Biere/adder_3_6/pec_adder_3_bit_6_34.dqdimacs,52,94
./benchmark_tests/original/Biere/adder_3_6/pec_adder_3_bit_6_34.dqdimacs,53,94
./benchmark_tests/original/Biere/adder_3_6/pec_adder_3_bit_6_34.dqdimacs,54,93
./benchmark_tests/original/Biere/adder_3_6/pec_adder_3_bit_6_34.dqdimacs,55,94
./benchmark_tests/original/Biere/adder_3_6/pec_adder_3_bit_6_34.dqdimacs,56,93
./benchmark_tests/original/Biere/adder_3_6/pec_adder_3_bit_6_34.dqdimacs,57,94
./benchmark_tests/original/Biere/adder_3_6/pec_adder_3_bit_6_34.dqdimacs,58,93
./benchmark_tests/original/Biere/adder_3_6/pec_adder_3_bit_6_34.dqdimacs,59,94
./benchmark_tests/original/Biere/adder_3_6/pec_adder_3_bit_6_34.dqdimacs,60,94
./benchmark_tests/original/Biere/adder_3_6/pec_adder_3_bit_6_34.dqdimacs,61,93
./benchmark_tests/original/Biere/adder_3_6/pec_adder_3_bit_6_34.dqdimacs,62,95
./benchmark_tests/original/Biere/adder_3_6/pec_adder_3_bit_6_34.dqdimacs,63,94
./benchmark_tests/original/Biere/adder_3_6/pec_adder_3_bit_6_34.dqdimacs,64,93
./benchmark_tests/original/Biere/adder_3_6/pec_adder_3_bit_6_34.dqdimacs,65,94
./benchmark_tests/original/Biere/adder_3_6/pec_adder_3_bit_6_35.dqdimacs,4,371
./benchmark_tests/original/Biere/adder_3_6/pec_adder_3_bit_6_35.dqdimacs,5,323
./benchmark_tests/original/Biere/adder_3_6/pec_adder_3_bit_6_35.dqdimacs,6,322
./benchmark_tests/original/Biere/adder_3_6/pec_adder_3_bit_6_35.dqdimacs,10,324
./benchmark_tests/original/Biere/adder_3_6/pec_adder_3_bit_6_35.dqdimacs,11,314
./benchmark_tests/original/Biere/adder_3_6/pec_adder_3_bit_6_35.dqdimacs,12,271
./benchmark_tests/original/Biere/adder_3_6/pec_adder_3_bit_6_35.dqdimacs,13,229
./benchmark_tests/original/Biere/adder_3_6/pec_adder_3_bit_6_35.dqdimacs,17,195
./benchmark_tests/original/Biere/adder_3_6/pec_adder_3_bit_6_35.dqdimacs,18,174
./benchmark_tests/original/Biere/adder_3_6/pec_adder_3_bit_6_35.dqdimacs,19,173
./benchmark_tests/original/Biere/adder_3_6/pec_adder_3_bit_6_35.dqdimacs,20,174
./benchmark_tests/original/Biere/adder_3_6/pec_adder_3_bit_6_35.dqdimacs,22,174
./benchmark_tests/original/Biere/adder_3_6/pec_adder_3_bit_6_35.dqdimacs,23,172
./benchmark_tests/original/Biere/adder_3_6/pec_adder_3_bit_6_35.dqdimacs,24,172
./benchmark_tests/original/Biere/adder_3_6/pec_adder_3_bit_6_35.dqdimacs,25,172
./benchmark_tests/original/Biere/adder_3_6/pec_adder_3_bit_6_35.dqdimacs,26,171
./benchmark_tests/original/Biere/adder_3_6/pec_adder_3_bit_6_35.dqdimacs,27,173
./benchmark_tests/original/Biere/adder_3_6/pec_adder_3_bit_6_35.dqdimacs,29,172
./benchmark_tests/original/Biere/adder_3_6/pec_adder_3_bit_6_35.dqdimacs,30,173
./benchmark_tests/original/Biere/adder_3_6/pec_adder_3_bit_6_35.dqdimacs,31,175
./benchmark_tests/original/Biere/adder_3_6/pec_adder_3_bit_6_35.dqdimacs,33,174
./benchmark_tests/original/Biere/adder_3_6/pec_adder_3_bit_6_35.dqdimacs,34,172
./benchmark_tests/original/Biere/adder_3_6/pec_adder_3_bit_6_35.dqdimacs,35,175
./benchmark_tests/original/Biere/adder_3_6/pec_adder_3_bit_6_35.dqdimacs,37,172
./benchmark_tests/original/Biere/adder_3_6/pec_adder_3_bit_6_35.dqdimacs,38,173
./benchmark_tests/original/Biere/adder_3_6/pec_adder_3_bit_6_35.dqdimacs,39,176
./benchmark_tests/original/Biere/adder_3_6/pec_adder_3_bit_6_35.dqdimacs,41,172
./benchmark_tests/original/Biere/adder_3_6/pec_adder_3_bit_6_35.dqdimacs,42,173
./benchmark_tests/original/Biere/adder_3_6/pec_adder_3_bit_6_35.dqdimacs,43,173
./benchmark_tests/original/Biere/adder_3_6/pec_adder_3_bit_6_35.dqdimacs,44,173
./benchmark_tests/original/Biere/adder_3_6/pec_adder_3_bit_6_35.dqdimacs,45,175
./benchmark_tests/original/Biere/adder_3_6/pec_adder_3_bit_6_35.dqdimacs,47,173
./benchmark_tests/original/Biere/adder_3_6/pec_adder_3_bit_6_35.dqdimacs,48,172
./benchmark_tests/original/Biere/adder_3_6/pec_adder_3_bit_6_35.dqdimacs,49,171
./benchmark_tests/original/Biere/adder_3_6/pec_adder_3_bit_6_35.dqdimacs,50,173
./benchmark_tests/original/Biere/adder_3_6/pec_adder_3_bit_6_35.dqdimacs,52,172
./benchmark_tests/original/Biere/adder_3_6/pec_adder_3_bit_6_35.dqdimacs,53,173
./benchmark_tests/original/Biere/adder_3_6/pec_adder_3_bit_6_35.dqdimacs,54,173
./benchmark_tests/original/Biere/adder_3_6/pec_adder_3_bit_6_35.dqdimacs,55,174
./benchmark_tests/original/Biere/adder_3_6/pec_adder_3_bit_6_35.dqdimacs,57,173
./benchmark_tests/original/Biere/adder_3_6/pec_adder_3_bit_6_35.dqdimacs,58,172
./benchmark_tests/original/Biere/adder_3_6/pec_adder_3_bit_6_35.dqdimacs,59,172
./benchmark_tests/original/Biere/adder_3_6/pec_adder_3_bit_6_35.dqdimacs,60,174
./benchmark_tests/original/Biere/adder_3_6/pec_adder_3_bit_6_35.dqdimacs,62,173
./benchmark_tests/original/Biere/adder_3_6/pec_adder_3_bit_6_35.dqdimacs,63,172
./benchmark_tests/original/Biere/adder_3_6/pec_adder_3_bit_6_35.dqdimacs,64,172
./benchmark_tests/original/Biere/adder_3_6/pec_adder_3_bit_6_35.dqdimacs,65,172
./benchmark_tests/original/Biere/adder_3_6/pec_adder_3_bit_6_35.dqdimacs,66,175
./benchmark_tests/original/Biere/adder_3_6/pec_adder_3_bit_6_35.dqdimacs,67,172
./benchmark_tests/original/Biere/adder_3_6/pec_adder_3_bit_6_35.dqdimacs,68,172
./benchmark_tests/original/Biere/adder_3_6/pec_adder_3_bit_6_35.dqdimacs,69,172
./benchmark_tests/original/Biere/adder_3_6/pec_adder_3_bit_6_35.dqdimacs,70,172
./benchmark_tests/original/Biere/adder_3_6/pec_adder_3_bit_6_35.dqdimacs,71,172
./benchmark_tests/original/Biere/adder_3_6/pec_adder_3_bit_6_35.dqdimacs,72,171
./benchmark_tests/original/Biere/adder_3_6/pec_adder_3_bit_6_35.dqdimacs,73,172
./benchmark_tests/original/Biere/adder_3_6/pec_adder_3_bit_6_35.dqdimacs,74,170
./benchmark_tests/original/Biere/adder_3_6/pec_adder_3_bit_6_35.dqdimacs,75,172
./benchmark_tests/original/Biere/adder_3_6/pec_adder_3_bit_6_35.dqdimacs,76,172
./benchmark_tests/original/Biere/adder_3_6/pec_adder_3_bit_6_35.dqdimacs,77,172
./benchmark_tests/original/Biere/adder_3_6/pec_adder_3_bit_6_35.dqdimacs,78,171
./benchmark_tests/original/Biere/adder_3_6/pec_adder_3_bit_6_35.dqdimacs,79,171
./benchmark_tests/original/Biere/adder_3_6/pec_adder_3_bit_6_35.dqdimacs,80,172
./benchmark_tests/original/Biere/adder_3_6/pec_adder_3_bit_6_35.dqdimacs,81,172
./benchmark_tests/original/Biere/adder_3_6/pec_adder_3_bit_6_35.dqdimacs,82,172
./benchmark_tests/original/Biere/adder_3_6/pec_adder_3_bit_6_35.dqdimacs,83,171
./benchmark_tests/original/Biere/adder_3_6/pec_adder_3_bit_6_36.dqdimacs,4,279
./benchmark_tests/original/Biere/adder_3_6/pec_adder_3_bit_6_36.dqdimacs,5,230
./benchmark_tests/original/Biere/adder_3_6/pec_adder_3_bit_6_36.dqdimacs,6,230
./benchmark_tests/original/Biere/adder_3_6/pec_adder_3_bit_6_36.dqdimacs,10,230
./benchmark_tests/original/Biere/adder_3_6/pec_adder_3_bit_6_36.dqdimacs,11,229
./benchmark_tests/original/Biere/adder_3_6/pec_adder_3_bit_6_36.dqdimacs,12,231
./benchmark_tests/original/Biere/adder_3_6/pec_adder_3_bit_6_36.dqdimacs,13,222
./benchmark_tests/original/Biere/adder_3_6/pec_adder_3_bit_6_36.dqdimacs,17,197
./benchmark_tests/original/Biere/adder_3_6/pec_adder_3_bit_6_36.dqdimacs,18,174
./benchmark_tests/original/Biere/adder_3_6/pec_adder_3_bit_6_36.dqdimacs,19,154
./benchmark_tests/original/Biere/adder_3_6/pec_adder_3_bit_6_36.dqdimacs,20,139
./benchmark_tests/original/Biere/adder_3_6/pec_adder_3_bit_6_36.dqdimacs,22,126
./benchmark_tests/original/Biere/adder_3_6/pec_adder_3_bit_6_36.dqdimacs,23,123
./benchmark_tests/original/Biere/adder_3_6/pec_adder_3_bit_6_36.dqdimacs,24,122
./benchmark_tests/original/Biere/adder_3_6/pec_adder_3_bit_6_36.dqdimacs,25,122
./benchmark_tests/original/Biere/adder_3_6/pec_adder_3_bit_6_36.dqdimacs,26,123
./benchmark_tests/original/Biere/adder_3_6/pec_adder_3_bit_6_36.dqdimacs,27,126
./benchmark_tests/original/Biere/adder_3_6/pec_adder_3_bit_6_36.dqdimacs,29,123
./benchmark_tests/original/Biere/adder_3_6/pec_adder_3_bit_6_36.dqdimacs,30,124
./benchmark_tests/original/Biere/adder_3_6/pec_adder_3_bit_6_36.dqdimacs,31,124
./benchmark_tests/original/Biere/adder_3_6/pec_adder_3_bit_6_36.dqdimacs,32,125
./benchmark_tests/original/Biere/adder_3_6/pec_adder_3_bit_6_36.dqdimacs,34,122
./benchmark_tests/original/Biere/adder_3_6/pec_adder_3_bit_6_36.dqdimacs,35,122
./benchmark_tests/original/Biere/adder_3_6/pec_adder_3_bit_6_36.dqdimacs,36,122
./benchmark_tests/original/Biere/adder_3_6/pec_adder_3_bit_6_36.dqdimacs,37,124
./benchmark_tests/original/Biere/adder_3_6/pec_adder_3_bit_6_36.dqdimacs,39,123
./benchmark_tests/original/Biere/adder_3_6/pec_adder_3_bit_6_36.dqdimacs,40,122
./benchmark_tests/original/Biere/adder_3_6/pec_adder_3_bit_6_36.dqdimacs,41,123
./benchmark_tests/original/Biere/adder_3_6/pec_adder_3_bit_6_36.dqdimacs,43,122
./benchmark_tests/original/Biere/adder_3_6/pec_adder_3_bit_6_36.dqdimacs,44,123
./benchmark_tests/original/Biere/adder_3_6/pec_adder_3_bit_6_36.dqdimacs,45,124
./benchmark_tests/original/Biere/adder_3_6/pec_adder_3_bit_6_36.dqdimacs,47,124
./benchmark_tests/original/Biere/adder_3_6/pec_adder_3_bit_6_36.dqdimacs,48,123
./benchmark_tests/original/Biere/adder_3_6/pec_adder_3_bit_6_36.dqdimacs,49,123
./benchmark_tests/original/Biere/adder_3_6/pec_adder_3_bit_6_36.dqdimacs,50,125
./benchmark_tests/original/Biere/adder_3_6/pec_adder_3_bit_6_36.dqdimacs,52,122
./benchmark_tests/original/Biere/adder_3_6/pec_adder_3_bit_6_36.dqdimacs,53,122
./benchmark_tests/original/Biere/adder_3_6/pec_adder_3_bit_6_36.dqdimacs,54,121
./benchmark_tests/original/Biere/adder_3_6/pec_adder_3_bit_6_36.dqdimacs,55,124
./benchmark_tests/original/Biere/adder_3_6/pec_adder_3_bit_6_36.dqdimacs,57,123
./benchmark_tests/original/Biere/adder_3_6/pec_adder_3_bit_6_36.dqdimacs,58,123
./benchmark_tests/original/Biere/adder_3_6/pec_adder_3_bit_6_36.dqdimacs,59,122
./benchmark_tests/original/Biere/adder_3_6/pec_adder_3_bit_6_36.dqdimacs,60,124
./benchmark_tests/original/Biere/adder_3_6/pec_adder_3_bit_6_36.dqdimacs,61,122
./benchmark_tests/original/Biere/adder_3_6/pec_adder_3_bit_6_36.dqdimacs,62,121
./benchmark_tests/original/Biere/adder_3_6/pec_adder_3_bit_6_36.dqdimacs,63,122
./benchmark_tests/original/Biere/adder_3_6/pec_adder_3_bit_6_36.dqdimacs,64,123
./benchmark_tests/original/Biere/adder_3_6/pec_adder_3_bit_6_36.dqdimacs,65,123
./benchmark_tests/original/Biere/adder_3_6/pec_adder_3_bit_6_36.dqdimacs,66,122
./benchmark_tests/original/Biere/adder_3_6/pec_adder_3_bit_6_36.dqdimacs,67,123
./benchmark_tests/original/Biere/adder_3_6/pec_adder_3_bit_6_36.dqdimacs,68,123
./benchmark_tests/original/Biere/adder_3_6/pec_adder_3_bit_6_36.dqdimacs,69,122
./benchmark_tests/original/Biere/adder_3_6/pec_adder_3_bit_6_36.dqdimacs,70,122
./benchmark_tests/original/Biere/adder_3_6/pec_adder_3_bit_6_36.dqdimacs,71,123
./benchmark_tests/original/Biere/adder_3_6/pec_adder_3_bit_6_36.dqdimacs,72,123
./benchmark_tests/original/Biere/adder_3_6/pec_adder_3_bit_6_36.dqdimacs,73,123
./benchmark_tests/original/Biere/adder_3_6/pec_adder_3_bit_6_36.dqdimacs,74,123
./benchmark_tests/original/Biere/adder_3_6/pec_adder_3_bit_6_36.dqdimacs,75,123
./benchmark_tests/original/Biere/adder_3_6/pec_adder_3_bit_6_36.dqdimacs,76,122
./benchmark_tests/original/Biere/adder_3_6/pec_adder_3_bit_6_36.dqdimacs,77,123
./benchmark_tests/original/Biere/adder_3_6/pec_adder_3_bit_6_36.dqdimacs,78,123
./benchmark_tests/original/Biere/adder_3_6/pec_adder_3_bit_6_36.dqdimacs,79,123
./benchmark_tests/original/Biere/adder_3_6/pec_adder_3_bit_6_37.dqdimacs,4,209
./benchmark_tests/original/Biere/adder_3_6/pec_adder_3_bit_6_37.dqdimacs,5,159
./benchmark_tests/original/Biere/adder_3_6/pec_adder_3_bit_6_37.dqdimacs,6,158
./benchmark_tests/original/Biere/adder_3_6/pec_adder_3_bit_6_37.dqdimacs,10,160
./benchmark_tests/original/Biere/adder_3_6/pec_adder_3_bit_6_37.dqdimacs,11,160
./benchmark_tests/original/Biere/adder_3_6/pec_adder_3_bit_6_37.dqdimacs,12,158
./benchmark_tests/original/Biere/adder_3_6/pec_adder_3_bit_6_37.dqdimacs,13,158
./benchmark_tests/original/Biere/adder_3_6/pec_adder_3_bit_6_37.dqdimacs,17,160
./benchmark_tests/original/Biere/adder_3_6/pec_adder_3_bit_6_37.dqdimacs,18,158
./benchmark_tests/original/Biere/adder_3_6/pec_adder_3_bit_6_37.dqdimacs,19,153
./benchmark_tests/original/Biere/adder_3_6/pec_adder_3_bit_6_37.dqdimacs,20,143
./benchmark_tests/original/Biere/adder_3_6/pec_adder_3_bit_6_37.dqdimacs,22,131
./benchmark_tests/original/Biere/adder_3_6/pec_adder_3_bit_6_37.dqdimacs,23,119
./benchmark_tests/original/Biere/adder_3_6/pec_adder_3_bit_6_37.dqdimacs,24,110
./benchmark_tests/original/Biere/adder_3_6/pec_adder_3_bit_6_37.dqdimacs,25,102
./benchmark_tests/original/Biere/adder_3_6/pec_adder_3_bit_6_37.dqdimacs,26,94
./benchmark_tests/original/Biere/adder_3_6/pec_adder_3_bit_6_37.dqdimacs,27,91
./benchmark_tests/original/Biere/adder_3_6/pec_adder_3_bit_6_37.dqdimacs,29,86
./benchmark_tests/original/Biere/adder_3_6/pec_adder_3_bit_6_37.dqdimacs,30,86
./benchmark_tests/original/Biere/adder_3_6/pec_adder_3_bit_6_37.dqdimacs,31,86
./benchmark_tests/original/Biere/adder_3_6/pec_adder_3_bit_6_37.dqdimacs,32,87
./benchmark_tests/original/Biere/adder_3_6/pec_adder_3_bit_6_37.dqdimacs,33,89
./benchmark_tests/original/Biere/adder_3_6/pec_adder_3_bit_6_37.dqdimacs,35,85
./benchmark_tests/original/Biere/adder_3_6/pec_adder_3_bit_6_37.dqdimacs,36,86
./benchmark_tests/original/Biere/adder_3_6/pec_adder_3_bit_6_37.dqdimacs,37,86
./benchmark_tests/original/Biere/adder_3_6/pec_adder_3_bit_6_37.dqdimacs,38,88
./benchmark_tests/original/Biere/adder_3_6/pec_adder_3_bit_6_37.dqdimacs,40,86
./benchmark_tests/original/Biere/adder_3_6/pec_adder_3_bit_6_37.dqdimacs,41,85
./benchmark_tests/original/Biere/adder_3_6/pec_adder_3_bit_6_37.dqdimacs,42,87
./benchmark_tests/original/Biere/adder_3_6/pec_adder_3_bit_6_37.dqdimacs,43,86
./benchmark_tests/original/Biere/adder_3_6/pec_adder_3_bit_6_37.dqdimacs,44,86
./benchmark_tests/original/Biere/adder_3_6/pec_adder_3_bit_6_37.dqdimacs,45,85
./benchmark_tests/original/Biere/adder_3_6/pec_adder_3_bit_6_37.dqdimacs,46,87
./benchmark_tests/original/Biere/adder_3_6/pec_adder_3_bit_6_37.dqdimacs,48,86
./benchmark_tests/original/Biere/adder_3_6/pec_adder_3_bit_6_37.dqdimacs,49,85
./benchmark_tests/original/Biere/adder_3_6/pec_adder_3_bit_6_37.dqdimacs,50,88
./benchmark_tests/original/Biere/adder_3_6/pec_adder_3_bit_6_37.dqdimacs,52,85
./benchmark_tests/original/Biere/adder_3_6/pec_adder_3_bit_6_37.dqdimacs,53,86
./benchmark_tests/original/Biere/adder_3_6/pec_adder_3_bit_6_37.dqdimacs,54,87
./benchmark_tests/original/Biere/adder_3_6/pec_adder_3_bit_6_37.dqdimacs,56,86
./benchmark_tests/original/Biere/adder_3_6/pec_adder_3_bit_6_37.dqdimacs,57,85
./benchmark_tests/original/Biere/adder_3_6/pec_adder_3_bit_6_37.dqdimacs,58,86
./benchmark_tests/original/Biere/adder_3_6/pec_adder_3_bit_6_37.dqdimacs,60,86
./benchmark_tests/original/Biere/adder_3_6/pec_adder_3_bit_6_37.dqdimacs,61,85
./benchmark_tests/original/Biere/adder_3_6/pec_adder_3_bit_6_37.dqdimacs,62,85
./benchmark_tests/original/Biere/adder_3_6/pec_adder_3_bit_6_37.dqdimacs,63,88
./benchmark_tests/original/Biere/adder_3_6/pec_adder_3_bit_6_37.dqdimacs,65,85
./benchmark_tests/original/Biere/adder_3_6/pec_adder_3_bit_6_37.dqdimacs,66,86
./benchmark_tests/original/Biere/adder_3_6/pec_adder_3_bit_6_37.dqdimacs,67,86
./benchmark_tests/original/Biere/adder_3_6/pec_adder_3_bit_6_37.dqdimacs,68,87
./benchmark_tests/original/Biere/adder_3_6/pec_adder_3_bit_6_37.dqdimacs,69,84
./benchmark_tests/original/Biere/adder_3_6/pec_adder_3_bit_6_37.dqdimacs,70,86
./benchmark_tests/original/Biere/adder_3_6/pec_adder_3_bit_6_37.dqdimacs,71,85
./benchmark_tests/original/Biere/adder_3_6/pec_adder_3_bit_6_37.dqdimacs,72,85
./benchmark_tests/original/Biere/adder_3_6/pec_adder_3_bit_6_37.dqdimacs,73,85
./benchmark_tests/original/Biere/adder_3_6/pec_adder_3_bit_6_37.dqdimacs,74,85
./benchmark_tests/original/Biere/adder_3_6/pec_adder_3_bit_6_37.dqdimacs,75,86
./benchmark_tests/original/Biere/adder_3_6/pec_adder_3_bit_6_37.dqdimacs,76,86
./benchmark_tests/original/Biere/adder_3_6/pec_adder_3_bit_6_37.dqdimacs,77,85
./benchmark_tests/original/Biere/adder_3_6/pec_adder_3_bit_6_37.dqdimacs,78,85
./benchmark_tests/original/Biere/adder_3_6/pec_adder_3_bit_6_37.dqdimacs,79,85
./benchmark_tests/original/Biere/adder_3_6/pec_adder_3_bit_6_37.dqdimacs,80,85
./benchmark_tests/original/Biere/adder_3_6/pec_adder_3_bit_6_37.dqdimacs,81,85
./benchmark_tests/original/Biere/adder_3_6/pec_adder_3_bit_6_37.dqdimacs,82,85
./benchmark_tests/original/Biere/adder_3_6/pec_adder_3_bit_6_37.dqdimacs,83,86
./benchmark_tests/original/Biere/adder_3_6/pec_adder_3_bit_6_37.dqdimacs,84,85
./benchmark_tests/original/Biere/adder_3_6/pec_adder_3_bit_6_38.dqdimacs,4,278
./benchmark_tests/original/Biere/adder_3_6/pec_adder_3_bit_6_38.dqdimacs,5,228
./benchmark_tests/original/Biere/adder_3_6/pec_adder_3_bit_6_38.dqdimacs,6,228
./benchmark_tests/original/Biere/adder_3_6/pec_adder_3_bit_6_38.dqdimacs,10,227
./benchmark_tests/original/Biere/adder_3_6/pec_adder_3_bit_6_38.dqdimacs,11,225
./benchmark_tests/original/Biere/adder_3_6/pec_adder_3_bit_6_38.dqdimacs,12,226
./benchmark_tests/original/Biere/adder_3_6/pec_adder_3_bit_6_38.dqdimacs,13,217
./benchmark_tests/original/Biere/adder_3_6/pec_adder_3_bit_6_38.dqdimacs,17,198
./benchmark_tests/original/Biere/adder_3_6/pec_adder_3_bit_6_38.dqdimacs,18,175
./benchmark_tests/original/Biere/adder_3_6/pec_adder_3_bit_6_38.dqdimacs,19,155
./benchmark_tests/original/Biere/adder_3_6/pec_adder_3_bit_6_38.dqdimacs,20,139
./benchmark_tests/original/Biere/adder_3_6/pec_adder_3_bit_6_38.dqdimacs,22,126
./benchmark_tests/original/Biere/adder_3_6/pec_adder_3_bit_6_38.dqdimacs,23,120
./benchmark_tests/original/Biere/adder_3_6/pec_adder_3_bit_6_38.dqdimacs,24,121
./benchmark_tests/original/Biere/adder_3_6/pec_adder_3_bit_6_38.dqdimacs,25,122
./benchmark_tests/original/Biere/adder_3_6/pec_adder_3_bit_6_38.dqdimacs,26,120
./benchmark_tests/original/Biere/adder_3_6/pec_adder_3_bit_6_38.dqdimacs,27,123
./benchmark_tests/original/Biere/adder_3_6/pec_adder_3_bit_6_38.dqdimacs,29,121
./benchmark_tests/original/Biere/adder_3_6/pec_adder_3_bit_6_38.dqdimacs,30,122
./benchmark_tests/original/Biere/adder_3_6/pec_adder_3_bit_6_38.dqdimacs,31,123
./benchmark_tests/original/Biere/adder_3_6/pec_adder_3_bit_6_38.dqdimacs,33,120
./benchmark_tests/original/Biere/adder_3_6/pec_adder_3_bit_6_38.dqdimacs,34,120
./benchmark_tests/original/Biere/adder_3_6/pec_adder_3_bit_6_38.dqdimacs,35,124
./benchmark_tests/original/Biere/adder_3_6/pec_adder_3_bit_6_38.dqdimacs,36,122
./benchmark_tests/original/Biere/adder_3_6/pec_adder_3_bit_6_38.dqdimacs,37,121
./benchmark_tests/original/Biere/adder_3_6/pec_adder_3_bit_6_38.dqdimacs,38,122
./benchmark_tests/original/Biere/adder_3_6/pec_adder_3_bit_6_38.dqdimacs,40,121
./benchmark_tests/original/Biere/adder_3_6/pec_adder_3_bit_6_38.dqdimacs,41,120
./benchmark_tests/original/Biere/adder_3_6/pec_adder_3_bit_6_38.dqdimacs,42,120
./benchmark_tests/original/Biere/adder_3_6/pec_adder_3_bit_6_38.dqdimacs,43,121
./benchmark_tests/original/Biere/adder_3_6/pec_adder_3_bit_6_38.dqdimacs,45,120
./benchmark_tests/original/Biere/adder_3_6/pec_adder_3_bit_6_38.dqdimacs,46,122
./benchmark_tests/original/Biere/adder_3_6/pec_adder_3_bit_6_38.dqdimacs,47,121
./benchmark_tests/original/Biere/adder_3_6/pec_adder_3_bit_6_38.dqdimacs,48,121
./benchmark_tests/original/Biere/adder_3_6/pec_adder_3_bit_6_38.dqdimacs,49,124
./benchmark_tests/original/Biere/adder_3_6/pec_adder_3_bit_6_38.dqdimacs,51,123
./benchmark_tests/original/Biere/adder_3_6/pec_adder_3_bit_6_38.dqdimacs,52,121
./benchmark_tests/original/Biere/adder_3_6/pec_adder_3_bit_6_38.dqdimacs,53,122
./benchmark_tests/original/Biere/adder_3_6/pec_adder_3_bit_6_38.dqdimacs,54,122
./benchmark_tests/original/Biere/adder_3_6/pec_adder_3_bit_6_38.dqdimacs,55,120
./benchmark_tests/original/Biere/adder_3_6/pec_adder_3_bit_6_38.dqdimacs,56,120
./benchmark_tests/original/Biere/adder_3_6/pec_adder_3_bit_6_38.dqdimacs,57,121
./benchmark_tests/original/Biere/adder_3_6/pec_adder_3_bit_6_38.dqdimacs,58,121
./benchmark_tests/original/Biere/adder_3_6/pec_adder_3_bit_6_38.dqdimacs,59,123
./benchmark_tests/original/Biere/adder_3_6/pec_adder_3_bit_6_38.dqdimacs,60,120
./benchmark_tests/original/Biere/adder_3_6/pec_adder_3_bit_6_38.dqdimacs,61,120
./benchmark_tests/original/Biere/adder_3_6/pec_adder_3_bit_6_38.dqdimacs,62,120
./benchmark_tests/original/Biere/adder_3_6/pec_adder_3_bit_6_38.dqdimacs,63,121
./benchmark_tests/original/Biere/adder_3_6/pec_adder_3_bit_6_38.dqdimacs,64,121
./benchmark_tests/original/Biere/adder_3_6/pec_adder_3_bit_6_38.dqdimacs,65,120
./benchmark_tests/original/Biere/adder_3_6/pec_adder_3_bit_6_38.dqdimacs,66,120
./benchmark_tests/original/Biere/adder_3_6/pec_adder_3_bit_6_38.dqdimacs,67,123
./benchmark_tests/original/Biere/adder_3_6/pec_adder_3_bit_6_38.dqdimacs,68,121
./benchmark_tests/original/Biere/adder_3_6/pec_adder_3_bit_6_38.dqdimacs,69,122
./benchmark_tests/original/Biere/adder_3_6/pec_adder_3_bit_6_38.dqdimacs,70,121
./benchmark_tests/original/Biere/adder_3_6/pec_adder_3_bit_6_38.dqdimacs,71,122
./benchmark_tests/original/Biere/adder_3_6/pec_adder_3_bit_6_39.dqdimacs,4,198
./benchmark_tests/original/Biere/adder_3_6/pec_adder_3_bit_6_39.dqdimacs,5,147
./benchmark_tests/original/Biere/adder_3_6/pec_adder_3_bit_6_39.dqdimacs,6,146
./benchmark_tests/original/Biere/adder_3_6/pec_adder_3_bit_6_39.dqdimacs,10,144
./benchmark_tests/original/Biere/adder_3_6/pec_adder_3_bit_6_39.dqdimacs,11,146
./benchmark_tests/original/Biere/adder_3_6/pec_adder_3_bit_6_39.dqdimacs,12,145
./benchmark_tests/original/Biere/adder_3_6/pec_adder_3_bit_6_39.dqdimacs,13,146
./benchmark_tests/original/Biere/adder_3_6/pec_adder_3_bit_6_39.dqdimacs,17,146
./benchmark_tests/original/Biere/adder_3_6/pec_adder_3_bit_6_39.dqdimacs,18,145
./benchmark_tests/original/Biere/adder_3_6/pec_adder_3_bit_6_39.dqdimacs,19,146
./benchmark_tests/original/Biere/adder_3_6/pec_adder_3_bit_6_39.dqdimacs,20,141
./benchmark_tests/original/Biere/adder_3_6/pec_adder_3_bit_6_39.dqdimacs,22,130
./benchmark_tests/original/Biere/adder_3_6/pec_adder_3_bit_6_39.dqdimacs,23,119
./benchmark_tests/original/Biere/adder_3_6/pec_adder_3_bit_6_39.dqdimacs,24,111
./benchmark_tests/original/Biere/adder_3_6/pec_adder_3_bit_6_39.dqdimacs,25,103
./benchmark_tests/original/Biere/adder_3_6/pec_adder_3_bit_6_39.dqdimacs,26,96
./benchmark_tests/original/Biere/adder_3_6/pec_adder_3_bit_6_39.dqdimacs,27,91
./benchmark_tests/original/Biere/adder_3_6/pec_adder_3_bit_6_39.dqdimacs,29,82
./benchmark_tests/original/Biere/adder_3_6/pec_adder_3_bit_6_39.dqdimacs,30,80
./benchmark_tests/original/Biere/adder_3_6/pec_adder_3_bit_6_39.dqdimacs,31,81
./benchmark_tests/original/Biere/adder_3_6/pec_adder_3_bit_6_39.dqdimacs,33,78
./benchmark_tests/original/Biere/adder_3_6/pec_adder_3_bit_6_39.dqdimacs,34,78
./benchmark_tests/original/Biere/adder_3_6/pec_adder_3_bit_6_39.dqdimacs,35,80
./benchmark_tests/original/Biere/adder_3_6/pec_adder_3_bit_6_39.dqdimacs,37,78
./benchmark_tests/original/Biere/adder_3_6/pec_adder_3_bit_6_39.dqdimacs,38,78
./benchmark_tests/original/Biere/adder_3_6/pec_adder_3_bit_6_39.dqdimacs,39,79
./benchmark_tests/original/Biere/adder_3_6/pec_adder_3_bit_6_39.dqdimacs,40,81
./benchmark_tests/original/Biere/adder_3_6/pec_adder_3_bit_6_39.dqdimacs,42,78
./benchmark_tests/original/Biere/adder_3_6/pec_adder_3_bit_6_39.dqdimacs,43,78
./benchmark_tests/original/Biere/adder_3_6/pec_adder_3_bit_6_39.dqdimacs,44,77
./benchmark_tests/original/Biere/adder_3_6/pec_adder_3_bit_6_39.dqdimacs,45,80
./benchmark_tests/original/Biere/adder_3_6/pec_adder_3_bit_6_39.dqdimacs,47,79
./benchmark_tests/original/Biere/adder_3_6/pec_adder_3_bit_6_39.dqdimacs,48,79
./benchmark_tests/original/Biere/adder_3_6/pec_adder_3_bit_6_39.dqdimacs,49,78
./benchmark_tests/original/Biere/adder_3_6/pec_adder_3_bit_6_39.dqdimacs,50,78
./benchmark_tests/original/Biere/adder_3_6/pec_adder_3_bit_6_39.dqdimacs,51,77
./benchmark_tests/original/Biere/adder_3_6/pec_adder_3_bit_6_39.dqdimacs,52,80
./benchmark_tests/original/Biere/adder_3_6/pec_adder_3_bit_6_39.dqdimacs,54,78
./benchmark_tests/original/Biere/adder_3_6/pec_adder_3_bit_6_39.dqdimacs,55,78
./benchmark_tests/original/Biere/adder_3_6/pec_adder_3_bit_6_39.dqdimacs,56,78
./benchmark_tests/original/Biere/adder_3_6/pec_adder_3_bit_6_39.dqdimacs,57,78
./benchmark_tests/original/Biere/adder_3_6/pec_adder_3_bit_6_39.dqdimacs,58,77
./benchmark_tests/original/Biere/adder_3_6/pec_adder_3_bit_6_39.dqdimacs,59,79
./benchmark_tests/original/Biere/adder_3_6/pec_adder_3_bit_6_39.dqdimacs,60,78
./benchmark_tests/original/Biere/adder_3_6/pec_adder_3_bit_6_39.dqdimacs,61,78
./benchmark_tests/original/Biere/adder_3_6/pec_adder_3_bit_6_39.dqdimacs,62,78
./benchmark_tests/original/Biere/adder_3_6/pec_adder_3_bit_6_39.dqdimacs,63,79
./benchmark_tests/original/Biere/adder_3_6/pec_adder_3_bit_6_39.dqdimacs,64,79
./benchmark_tests/original/Biere/adder_3_6/pec_adder_3_bit_6_39.dqdimacs,65,78
./benchmark_tests/original/Biere/adder_3_6/pec_adder_3_bit_6_39.dqdimacs,66,79
./benchmark_tests/original/Biere/adder_3_6/pec_adder_3_bit_6_39.dqdimacs,67,77
./benchmark_tests/original/Biere/adder_3_6/pec_adder_3_bit_6_39.dqdimacs,68,79
./benchmark_tests/original/Biere/adder_3_6/pec_adder_3_bit_6_39.dqdimacs,69,78
./benchmark_tests/original/Biere/adder_3_6/pec_adder_3_bit_6_39.dqdimacs,70,78
./benchmark_tests/original/Biere/adder_3_6/pec_adder_3_bit_6_39.dqdimacs,71,78
./benchmark_tests/original/Biere/adder_3_6/pec_adder_3_bit_6_39.dqdimacs,72,78
./benchmark_tests/original/Biere/adder_3_6/pec_adder_3_bit_6_39.dqdimacs,73,78
./benchmark_tests/original/Biere/adder_3_6/pec_adder_3_bit_6_39.dqdimacs,74,79
./benchmark_tests/original/Biere/adder_3_6/pec_adder_3_bit_6_39.dqdimacs,75,78
./benchmark_tests/original/Biere/adder_3_6/pec_adder_3_bit_6_3.dqdimacs,4,298
./benchmark_tests/original/Biere/adder_3_6/pec_adder_3_bit_6_3.dqdimacs,5,253
./benchmark_tests/original/Biere/adder_3_6/pec_adder_3_bit_6_3.dqdimacs,6,252
./benchmark_tests/original/Biere/adder_3_6/pec_adder_3_bit_6_3.dqdimacs,10,254
./benchmark_tests/original/Biere/adder_3_6/pec_adder_3_bit_6_3.dqdimacs,11,251
./benchmark_tests/original/Biere/adder_3_6/pec_adder_3_bit_6_3.dqdimacs,12,247
./benchmark_tests/original/Biere/adder_3_6/pec_adder_3_bit_6_3.dqdimacs,13,227
./benchmark_tests/original/Biere/adder_3_6/pec_adder_3_bit_6_3.dqdimacs,17,200
./benchmark_tests/original/Biere/adder_3_6/pec_adder_3_bit_6_3.dqdimacs,18,176
./benchmark_tests/original/Biere/adder_3_6/pec_adder_3_bit_6_3.dqdimacs,19,154
./benchmark_tests/original/Biere/adder_3_6/pec_adder_3_bit_6_3.dqdimacs,20,139
./benchmark_tests/original/Biere/adder_3_6/pec_adder_3_bit_6_3.dqdimacs,22,135
./benchmark_tests/original/Biere/adder_3_6/pec_adder_3_bit_6_3.dqdimacs,23,135
./benchmark_tests/original/Biere/adder_3_6/pec_adder_3_bit_6_3.dqdimacs,24,135
./benchmark_tests/original/Biere/adder_3_6/pec_adder_3_bit_6_3.dqdimacs,25,134
./benchmark_tests/original/Biere/adder_3_6/pec_adder_3_bit_6_3.dqdimacs,26,135
./benchmark_tests/original/Biere/adder_3_6/pec_adder_3_bit_6_3.dqdimacs,27,135
./benchmark_tests/original/Biere/adder_3_6/pec_adder_3_bit_6_3.dqdimacs,29,135
./benchmark_tests/original/Biere/adder_3_6/pec_adder_3_bit_6_3.dqdimacs,30,136
./benchmark_tests/original/Biere/adder_3_6/pec_adder_3_bit_6_3.dqdimacs,31,138
./benchmark_tests/original/Biere/adder_3_6/pec_adder_3_bit_6_3.dqdimacs,33,136
./benchmark_tests/original/Biere/adder_3_6/pec_adder_3_bit_6_3.dqdimacs,34,135
./benchmark_tests/original/Biere/adder_3_6/pec_adder_3_bit_6_3.dqdimacs,35,137
./benchmark_tests/original/Biere/adder_3_6/pec_adder_3_bit_6_3.dqdimacs,37,134
./benchmark_tests/original/Biere/adder_3_6/pec_adder_3_bit_6_3.dqdimacs,38,135
./benchmark_tests/original/Biere/adder_3_6/pec_adder_3_bit_6_3.dqdimacs,39,137
./benchmark_tests/original/Biere/adder_3_6/pec_adder_3_bit_6_3.dqdimacs,41,136
./benchmark_tests/original/Biere/adder_3_6/pec_adder_3_bit_6_3.dqdimacs,42,134
./benchmark_tests/original/Biere/adder_3_6/pec_adder_3_bit_6_3.dqdimacs,43,138
./benchmark_tests/original/Biere/adder_3_6/pec_adder_3_bit_6_3.dqdimacs,45,135
./benchmark_tests/original/Biere/adder_3_6/pec_adder_3_bit_6_3.dqdimacs,46,134
./benchmark_tests/original/Biere/adder_3_6/pec_adder_3_bit_6_3.dqdimacs,47,138
./benchmark_tests/original/Biere/adder_3_6/pec_adder_3_bit_6_3.dqdimacs,49,134
./benchmark_tests/original/Biere/adder_3_6/pec_adder_3_bit_6_3.dqdimacs,50,134
./benchmark_tests/original/Biere/adder_3_6/pec_adder_3_bit_6_3.dqdimacs,51,138
./benchmark_tests/original/Biere/adder_3_6/pec_adder_3_bit_6_3.dqdimacs,53,135
./benchmark_tests/original/Biere/adder_3_6/pec_adder_3_bit_6_3.dqdimacs,54,134
./benchmark_tests/original/Biere/adder_3_6/pec_adder_3_bit_6_3.dqdimacs,55,138
./benchmark_tests/original/Biere/adder_3_6/pec_adder_3_bit_6_3.dqdimacs,57,135
./benchmark_tests/original/Biere/adder_3_6/pec_adder_3_bit_6_3.dqdimacs,58,135
./benchmark_tests/original/Biere/adder_3_6/pec_adder_3_bit_6_3.dqdimacs,59,140
./benchmark_tests/original/Biere/adder_3_6/pec_adder_3_bit_6_3.dqdimacs,61,136
./benchmark_tests/original/Biere/adder_3_6/pec_adder_3_bit_6_3.dqdimacs,62,137
./benchmark_tests/original/Biere/adder_3_6/pec_adder_3_bit_6_3.dqdimacs,63,136
./benchmark_tests/original/Biere/adder_3_6/pec_adder_3_bit_6_3.dqdimacs,64,137
./benchmark_tests/original/Biere/adder_3_6/pec_adder_3_bit_6_3.dqdimacs,66,136
./benchmark_tests/original/Biere/adder_3_6/pec_adder_3_bit_6_3.dqdimacs,67,134
./benchmark_tests/original/Biere/adder_3_6/pec_adder_3_bit_6_3.dqdimacs,68,136
./benchmark_tests/original/Biere/adder_3_6/pec_adder_3_bit_6_3.dqdimacs,70,134
./benchmark_tests/original/Biere/adder_3_6/pec_adder_3_bit_6_3.dqdimacs,71,134
./benchmark_tests/original/Biere/adder_3_6/pec_adder_3_bit_6_3.dqdimacs,72,134
./benchmark_tests/original/Biere/adder_3_6/pec_adder_3_bit_6_3.dqdimacs,73,136
./benchmark_tests/original/Biere/adder_3_6/pec_adder_3_bit_6_3.dqdimacs,75,135
./benchmark_tests/original/Biere/adder_3_6/pec_adder_3_bit_6_3.dqdimacs,76,135
./benchmark_tests/original/Biere/adder_3_6/pec_adder_3_bit_6_3.dqdimacs,77,138
./benchmark_tests/original/Biere/adder_3_6/pec_adder_3_bit_6_3.dqdimacs,79,135
./benchmark_tests/original/Biere/adder_3_6/pec_adder_3_bit_6_3.dqdimacs,80,135
./benchmark_tests/original/Biere/adder_3_6/pec_adder_3_bit_6_3.dqdimacs,81,138
./benchmark_tests/original/Biere/adder_3_6/pec_adder_3_bit_6_3.dqdimacs,83,134
./benchmark_tests/original/Biere/adder_3_6/pec_adder_3_bit_6_3.dqdimacs,84,135
./benchmark_tests/original/Biere/adder_3_6/pec_adder_3_bit_6_3.dqdimacs,85,134
./benchmark_tests/original/Biere/adder_3_6/pec_adder_3_bit_6_3.dqdimacs,86,136
./benchmark_tests/original/Biere/adder_3_6/pec_adder_3_bit_6_3.dqdimacs,88,135
./benchmark_tests/original/Biere/adder_3_6/pec_adder_3_bit_6_3.dqdimacs,89,135
./benchmark_tests/original/Biere/adder_3_6/pec_adder_3_bit_6_3.dqdimacs,90,134
./benchmark_tests/original/Biere/adder_3_6/pec_adder_3_bit_6_3.dqdimacs,91,136
./benchmark_tests/original/Biere/adder_3_6/pec_adder_3_bit_6_3.dqdimacs,92,133
./benchmark_tests/original/Biere/adder_3_6/pec_adder_3_bit_6_3.dqdimacs,93,134
./benchmark_tests/original/Biere/adder_3_6/pec_adder_3_bit_6_3.dqdimacs,94,134
./benchmark_tests/original/Biere/adder_3_6/pec_adder_3_bit_6_3.dqdimacs,95,135
./benchmark_tests/original/Biere/adder_3_6/pec_adder_3_bit_6_3.dqdimacs,96,135
./benchmark_tests/original/Biere/adder_3_6/pec_adder_3_bit_6_3.dqdimacs,97,135
./benchmark_tests/original/Biere/adder_3_6/pec_adder_3_bit_6_3.dqdimacs,98,135
./benchmark_tests/original/Biere/adder_3_6/pec_adder_3_bit_6_3.dqdimacs,99,135
./benchmark_tests/original/Biere/adder_3_6/pec_adder_3_bit_6_3.dqdimacs,100,133
./benchmark_tests/original/Biere/adder_3_6/pec_adder_3_bit_6_3.dqdimacs,101,135
./benchmark_tests/original/Biere/adder_3_6/pec_adder_3_bit_6_3.dqdimacs,102,135
./benchmark_tests/original/Biere/adder_3_6/pec_adder_3_bit_6_3.dqdimacs,103,136
./benchmark_tests/original/Biere/adder_3_6/pec_adder_3_bit_6_3.dqdimacs,104,136
./benchmark_tests/original/Biere/adder_3_6/pec_adder_3_bit_6_3.dqdimacs,105,135
./benchmark_tests/original/Biere/adder_3_6/pec_adder_3_bit_6_3.dqdimacs,106,136
./benchmark_tests/original/Biere/adder_3_6/pec_adder_3_bit_6_3.dqdimacs,107,136
./benchmark_tests/original/Biere/adder_3_6/pec_adder_3_bit_6_40.dqdimacs,4,386
./benchmark_tests/original/Biere/adder_3_6/pec_adder_3_bit_6_40.dqdimacs,5,335
./benchmark_tests/original/Biere/adder_3_6/pec_adder_3_bit_6_40.dqdimacs,6,335
./benchmark_tests/original/Biere/adder_3_6/pec_adder_3_bit_6_40.dqdimacs,10,339
./benchmark_tests/original/Biere/adder_3_6/pec_adder_3_bit_6_40.dqdimacs,11,323
./benchmark_tests/original/Biere/adder_3_6/pec_adder_3_bit_6_40.dqdimacs,12,270
./benchmark_tests/original/Biere/adder_3_6/pec_adder_3_bit_6_40.dqdimacs,13,226
./benchmark_tests/original/Biere/adder_3_6/pec_adder_3_bit_6_40.dqdimacs,17,192
./benchmark_tests/original/Biere/adder_3_6/pec_adder_3_bit_6_40.dqdimacs,18,180
./benchmark_tests/original/Biere/adder_3_6/pec_adder_3_bit_6_40.dqdimacs,19,178
./benchmark_tests/original/Biere/adder_3_6/pec_adder_3_bit_6_40.dqdimacs,20,179
./benchmark_tests/original/Biere/adder_3_6/pec_adder_3_bit_6_40.dqdimacs,22,178
./benchmark_tests/original/Biere/adder_3_6/pec_adder_3_bit_6_40.dqdimacs,23,180
./benchmark_tests/original/Biere/adder_3_6/pec_adder_3_bit_6_40.dqdimacs,24,180
./benchmark_tests/original/Biere/adder_3_6/pec_adder_3_bit_6_40.dqdimacs,25,180
./benchmark_tests/original/Biere/adder_3_6/pec_adder_3_bit_6_40.dqdimacs,26,180
./benchmark_tests/original/Biere/adder_3_6/pec_adder_3_bit_6_40.dqdimacs,27,181
./benchmark_tests/original/Biere/adder_3_6/pec_adder_3_bit_6_40.dqdimacs,29,178
./benchmark_tests/original/Biere/adder_3_6/pec_adder_3_bit_6_40.dqdimacs,30,179
./benchmark_tests/original/Biere/adder_3_6/pec_adder_3_bit_6_40.dqdimacs,31,181
./benchmark_tests/original/Biere/adder_3_6/pec_adder_3_bit_6_40.dqdimacs,33,180
./benchmark_tests/original/Biere/adder_3_6/pec_adder_3_bit_6_40.dqdimacs,34,178
./benchmark_tests/original/Biere/adder_3_6/pec_adder_3_bit_6_40.dqdimacs,35,182
./benchmark_tests/original/Biere/adder_3_6/pec_adder_3_bit_6_40.dqdimacs,37,176
./benchmark_tests/original/Biere/adder_3_6/pec_adder_3_bit_6_40.dqdimacs,38,176
./benchmark_tests/original/Biere/adder_3_6/pec_adder_3_bit_6_40.dqdimacs,39,178
./benchmark_tests/original/Biere/adder_3_6/pec_adder_3_bit_6_40.dqdimacs,40,178
./benchmark_tests/original/Biere/adder_3_6/pec_adder_3_bit_6_40.dqdimacs,41,179
./benchmark_tests/original/Biere/adder_3_6/pec_adder_3_bit_6_40.dqdimacs,43,178
./benchmark_tests/original/Biere/adder_3_6/pec_adder_3_bit_6_40.dqdimacs,44,178
./benchmark_tests/original/Biere/adder_3_6/pec_adder_3_bit_6_40.dqdimacs,45,180
./benchmark_tests/original/Biere/adder_3_6/pec_adder_3_bit_6_40.dqdimacs,47,178
./benchmark_tests/original/Biere/adder_3_6/pec_adder_3_bit_6_40.dqdimacs,48,178
./benchmark_tests/original/Biere/adder_3_6/pec_adder_3_bit_6_40.dqdimacs,49,180
./benchmark_tests/original/Biere/adder_3_6/pec_adder_3_bit_6_40.dqdimacs,51,179
./benchmark_tests/original/Biere/adder_3_6/pec_adder_3_bit_6_40.dqdimacs,52,179
./benchmark_tests/original/Biere/adder_3_6/pec_adder_3_bit_6_40.dqdimacs,53,179
./benchmark_tests/original/Biere/adder_3_6/pec_adder_3_bit_6_40.dqdimacs,54,181
./benchmark_tests/original/Biere/adder_3_6/pec_adder_3_bit_6_40.dqdimacs,56,178
./benchmark_tests/original/Biere/adder_3_6/pec_adder_3_bit_6_40.dqdimacs,57,179
./benchmark_tests/original/Biere/adder_3_6/pec_adder_3_bit_6_40.dqdimacs,58,178
./benchmark_tests/original/Biere/adder_3_6/pec_adder_3_bit_6_40.dqdimacs,59,182
./benchmark_tests/original/Biere/adder_3_6/pec_adder_3_bit_6_40.dqdimacs,61,180
./benchmark_tests/original/Biere/adder_3_6/pec_adder_3_bit_6_40.dqdimacs,62,179
./benchmark_tests/original/Biere/adder_3_6/pec_adder_3_bit_6_40.dqdimacs,63,179
./benchmark_tests/original/Biere/adder_3_6/pec_adder_3_bit_6_40.dqdimacs,64,182
./benchmark_tests/original/Biere/adder_3_6/pec_adder_3_bit_6_40.dqdimacs,65,180
./benchmark_tests/original/Biere/adder_3_6/pec_adder_3_bit_6_40.dqdimacs,66,178
./benchmark_tests/original/Biere/adder_3_6/pec_adder_3_bit_6_40.dqdimacs,67,179
./benchmark_tests/original/Biere/adder_3_6/pec_adder_3_bit_6_40.dqdimacs,68,179
./benchmark_tests/original/Biere/adder_3_6/pec_adder_3_bit_6_40.dqdimacs,69,179
./benchmark_tests/original/Biere/adder_3_6/pec_adder_3_bit_6_40.dqdimacs,70,179
./benchmark_tests/original/Biere/adder_3_6/pec_adder_3_bit_6_40.dqdimacs,71,178
./benchmark_tests/original/Biere/adder_3_6/pec_adder_3_bit_6_40.dqdimacs,72,179
./benchmark_tests/original/Biere/adder_3_6/pec_adder_3_bit_6_40.dqdimacs,73,178
./benchmark_tests/original/Biere/adder_3_6/pec_adder_3_bit_6_40.dqdimacs,74,179
./benchmark_tests/original/Biere/adder_3_6/pec_adder_3_bit_6_40.dqdimacs,75,179
./benchmark_tests/original/Biere/adder_3_6/pec_adder_3_bit_6_40.dqdimacs,76,179
./benchmark_tests/original/Biere/adder_3_6/pec_adder_3_bit_6_40.dqdimacs,77,179
./benchmark_tests/original/Biere/adder_3_6/pec_adder_3_bit_6_40.dqdimacs,78,178
./benchmark_tests/original/Biere/adder_3_6/pec_adder_3_bit_6_40.dqdimacs,79,176
./benchmark_tests/original/Biere/adder_3_6/pec_adder_3_bit_6_40.dqdimacs,80,177
./benchmark_tests/original/Biere/adder_3_6/pec_adder_3_bit_6_40.dqdimacs,81,176
./benchmark_tests/original/Biere/adder_3_6/pec_adder_3_bit_6_41.dqdimacs,4,209
./benchmark_tests/original/Biere/adder_3_6/pec_adder_3_bit_6_41.dqdimacs,5,153
./benchmark_tests/original/Biere/adder_3_6/pec_adder_3_bit_6_41.dqdimacs,6,156
./benchmark_tests/original/Biere/adder_3_6/pec_adder_3_bit_6_41.dqdimacs,10,156
./benchmark_tests/original/Biere/adder_3_6/pec_adder_3_bit_6_41.dqdimacs,11,156
./benchmark_tests/original/Biere/adder_3_6/pec_adder_3_bit_6_41.dqdimacs,12,156
./benchmark_tests/original/Biere/adder_3_6/pec_adder_3_bit_6_41.dqdimacs,13,158
./benchmark_tests/original/Biere/adder_3_6/pec_adder_3_bit_6_41.dqdimacs,17,154
./benchmark_tests/original/Biere/adder_3_6/pec_adder_3_bit_6_41.dqdimacs,18,157
./benchmark_tests/original/Biere/adder_3_6/pec_adder_3_bit_6_41.dqdimacs,19,150
./benchmark_tests/original/Biere/adder_3_6/pec_adder_3_bit_6_41.dqdimacs,20,141
./benchmark_tests/original/Biere/adder_3_6/pec_adder_3_bit_6_41.dqdimacs,22,131
./benchmark_tests/original/Biere/adder_3_6/pec_adder_3_bit_6_41.dqdimacs,23,119
./benchmark_tests/original/Biere/adder_3_6/pec_adder_3_bit_6_41.dqdimacs,24,111
./benchmark_tests/original/Biere/adder_3_6/pec_adder_3_bit_6_41.dqdimacs,25,103
./benchmark_tests/original/Biere/adder_3_6/pec_adder_3_bit_6_41.dqdimacs,26,95
./benchmark_tests/original/Biere/adder_3_6/pec_adder_3_bit_6_41.dqdimacs,27,90
./benchmark_tests/original/Biere/adder_3_6/pec_adder_3_bit_6_41.dqdimacs,29,85
./benchmark_tests/original/Biere/adder_3_6/pec_adder_3_bit_6_41.dqdimacs,30,85
./benchmark_tests/original/Biere/adder_3_6/pec_adder_3_bit_6_41.dqdimacs,31,86
./benchmark_tests/original/Biere/adder_3_6/pec_adder_3_bit_6_41.dqdimacs,33,85
./benchmark_tests/original/Biere/adder_3_6/pec_adder_3_bit_6_41.dqdimacs,34,85
./benchmark_tests/original/Biere/adder_3_6/pec_adder_3_bit_6_41.dqdimacs,35,87
./benchmark_tests/original/Biere/adder_3_6/pec_adder_3_bit_6_41.dqdimacs,37,82
./benchmark_tests/original/Biere/adder_3_6/pec_adder_3_bit_6_41.dqdimacs,38,82
./benchmark_tests/original/Biere/adder_3_6/pec_adder_3_bit_6_41.dqdimacs,39,84
./benchmark_tests/original/Biere/adder_3_6/pec_adder_3_bit_6_41.dqdimacs,40,86
./benchmark_tests/original/Biere/adder_3_6/pec_adder_3_bit_6_41.dqdimacs,42,83
./benchmark_tests/original/Biere/adder_3_6/pec_adder_3_bit_6_41.dqdimacs,43,84
./benchmark_tests/original/Biere/adder_3_6/pec_adder_3_bit_6_41.dqdimacs,44,85
./benchmark_tests/original/Biere/adder_3_6/pec_adder_3_bit_6_41.dqdimacs,46,83
./benchmark_tests/original/Biere/adder_3_6/pec_adder_3_bit_6_41.dqdimacs,47,85
./benchmark_tests/original/Biere/adder_3_6/pec_adder_3_bit_6_41.dqdimacs,48,84
./benchmark_tests/original/Biere/adder_3_6/pec_adder_3_bit_6_41.dqdimacs,50,84
./benchmark_tests/original/Biere/adder_3_6/pec_adder_3_bit_6_41.dqdimacs,51,84
./benchmark_tests/original/Biere/adder_3_6/pec_adder_3_bit_6_41.dqdimacs,52,82
./benchmark_tests/original/Biere/adder_3_6/pec_adder_3_bit_6_41.dqdimacs,53,84
./benchmark_tests/original/Biere/adder_3_6/pec_adder_3_bit_6_41.dqdimacs,54,83
./benchmark_tests/original/Biere/adder_3_6/pec_adder_3_bit_6_41.dqdimacs,55,85
./benchmark_tests/original/Biere/adder_3_6/pec_adder_3_bit_6_41.dqdimacs,57,83
./benchmark_tests/original/Biere/adder_3_6/pec_adder_3_bit_6_41.dqdimacs,58,84
./benchmark_tests/original/Biere/adder_3_6/pec_adder_3_bit_6_41.dqdimacs,59,86
./benchmark_tests/original/Biere/adder_3_6/pec_adder_3_bit_6_41.dqdimacs,61,84
./benchmark_tests/original/Biere/adder_3_6/pec_adder_3_bit_6_41.dqdimacs,62,84
./benchmark_tests/original/Biere/adder_3_6/pec_adder_3_bit_6_41.dqdimacs,63,85
./benchmark_tests/original/Biere/adder_3_6/pec_adder_3_bit_6_41.dqdimacs,65,84
./benchmark_tests/original/Biere/adder_3_6/pec_adder_3_bit_6_41.dqdimacs,66,84
./benchmark_tests/original/Biere/adder_3_6/pec_adder_3_bit_6_41.dqdimacs,67,85
./benchmark_tests/original/Biere/adder_3_6/pec_adder_3_bit_6_41.dqdimacs,68,84
./benchmark_tests/original/Biere/adder_3_6/pec_adder_3_bit_6_41.dqdimacs,69,84
./benchmark_tests/original/Biere/adder_3_6/pec_adder_3_bit_6_41.dqdimacs,70,84
./benchmark_tests/original/Biere/adder_3_6/pec_adder_3_bit_6_41.dqdimacs,71,84
./benchmark_tests/original/Biere/adder_3_6/pec_adder_3_bit_6_41.dqdimacs,72,84
./benchmark_tests/original/Biere/adder_3_6/pec_adder_3_bit_6_41.dqdimacs,73,83
./benchmark_tests/original/Biere/adder_3_6/pec_adder_3_bit_6_41.dqdimacs,74,83
./benchmark_tests/original/Biere/adder_3_6/pec_adder_3_bit_6_41.dqdimacs,75,85
./benchmark_tests/original/Biere/adder_3_6/pec_adder_3_bit_6_41.dqdimacs,76,83
./benchmark_tests/original/Biere/adder_3_6/pec_adder_3_bit_6_41.dqdimacs,77,85
./benchmark_tests/original/Biere/adder_3_6/pec_adder_3_bit_6_41.dqdimacs,78,84
./benchmark_tests/original/Biere/adder_3_6/pec_adder_3_bit_6_41.dqdimacs,79,84
./benchmark_tests/original/Biere/adder_3_6/pec_adder_3_bit_6_41.dqdimacs,80,84
./benchmark_tests/original/Biere/adder_3_6/pec_adder_3_bit_6_41.dqdimacs,81,83
./benchmark_tests/original/Biere/adder_3_6/pec_adder_3_bit_6_41.dqdimacs,82,83
./benchmark_tests/original/Biere/adder_3_6/pec_adder_3_bit_6_41.dqdimacs,83,83
./benchmark_tests/original/Biere/adder_3_6/pec_adder_3_bit_6_41.dqdimacs,84,84
./benchmark_tests/original/Biere/adder_3_6/pec_adder_3_bit_6_41.dqdimacs,85,85
./benchmark_tests/original/Biere/adder_3_6/pec_adder_3_bit_6_41.dqdimacs,86,84
./benchmark_tests/original/Biere/adder_3_6/pec_adder_3_bit_6_42.dqdimacs,4,218
./benchmark_tests/original/Biere/adder_3_6/pec_adder_3_bit_6_42.dqdimacs,5,168
./benchmark_tests/original/Biere/adder_3_6/pec_adder_3_bit_6_42.dqdimacs,6,167
./benchmark_tests/original/Biere/adder_3_6/pec_adder_3_bit_6_42.dqdimacs,10,167
./benchmark_tests/original/Biere/adder_3_6/pec_adder_3_bit_6_42.dqdimacs,11,167
./benchmark_tests/original/Biere/adder_3_6/pec_adder_3_bit_6_42.dqdimacs,12,167
./benchmark_tests/original/Biere/adder_3_6/pec_adder_3_bit_6_42.dqdimacs,13,167
./benchmark_tests/original/Biere/adder_3_6/pec_adder_3_bit_6_42.dqdimacs,17,166
./benchmark_tests/original/Biere/adder_3_6/pec_adder_3_bit_6_42.dqdimacs,18,165
./benchmark_tests/original/Biere/adder_3_6/pec_adder_3_bit_6_42.dqdimacs,19,155
./benchmark_tests/original/Biere/adder_3_6/pec_adder_3_bit_6_42.dqdimacs,20,143
./benchmark_tests/original/Biere/adder_3_6/pec_adder_3_bit_6_42.dqdimacs,22,130
./benchmark_tests/original/Biere/adder_3_6/pec_adder_3_bit_6_42.dqdimacs,23,119
./benchmark_tests/original/Biere/adder_3_6/pec_adder_3_bit_6_42.dqdimacs,24,109
./benchmark_tests/original/Biere/adder_3_6/pec_adder_3_bit_6_42.dqdimacs,25,101
./benchmark_tests/original/Biere/adder_3_6/pec_adder_3_bit_6_42.dqdimacs,26,95
./benchmark_tests/original/Biere/adder_3_6/pec_adder_3_bit_6_42.dqdimacs,27,92
./benchmark_tests/original/Biere/adder_3_6/pec_adder_3_bit_6_42.dqdimacs,29,90
./benchmark_tests/original/Biere/adder_3_6/pec_adder_3_bit_6_42.dqdimacs,30,90
./benchmark_tests/original/Biere/adder_3_6/pec_adder_3_bit_6_42.dqdimacs,31,90
./benchmark_tests/original/Biere/adder_3_6/pec_adder_3_bit_6_42.dqdimacs,33,76
./benchmark_tests/original/Biere/adder_3_6/pec_adder_3_bit_6_42.dqdimacs,34,75
./benchmark_tests/original/Biere/adder_3_6/pec_adder_3_bit_6_42.dqdimacs,35,78
./benchmark_tests/original/Biere/adder_3_6/pec_adder_3_bit_6_42.dqdimacs,37,83
./benchmark_tests/original/Biere/adder_3_6/pec_adder_3_bit_6_42.dqdimacs,38,89
./benchmark_tests/original/Biere/adder_3_6/pec_adder_3_bit_6_42.dqdimacs,39,92
./benchmark_tests/original/Biere/adder_3_6/pec_adder_3_bit_6_42.dqdimacs,41,89
./benchmark_tests/original/Biere/adder_3_6/pec_adder_3_bit_6_42.dqdimacs,42,88
./benchmark_tests/original/Biere/adder_3_6/pec_adder_3_bit_6_42.dqdimacs,43,92
./benchmark_tests/original/Biere/adder_3_6/pec_adder_3_bit_6_42.dqdimacs,45,89
./benchmark_tests/original/Biere/adder_3_6/pec_adder_3_bit_6_42.dqdimacs,46,90
./benchmark_tests/original/Biere/adder_3_6/pec_adder_3_bit_6_42.dqdimacs,47,89
./benchmark_tests/original/Biere/adder_3_6/pec_adder_3_bit_6_42.dqdimacs,48,92
./benchmark_tests/original/Biere/adder_3_6/pec_adder_3_bit_6_42.dqdimacs,50,89
./benchmark_tests/original/Biere/adder_3_6/pec_adder_3_bit_6_42.dqdimacs,51,89
./benchmark_tests/original/Biere/adder_3_6/pec_adder_3_bit_6_42.dqdimacs,52,92
./benchmark_tests/original/Biere/adder_3_6/pec_adder_3_bit_6_42.dqdimacs,54,89
./benchmark_tests/original/Biere/adder_3_6/pec_adder_3_bit_6_42.dqdimacs,55,88
./benchmark_tests/original/Biere/adder_3_6/pec_adder_3_bit_6_42.dqdimacs,56,92
./benchmark_tests/original/Biere/adder_3_6/pec_adder_3_bit_6_42.dqdimacs,58,89
./benchmark_tests/original/Biere/adder_3_6/pec_adder_3_bit_6_42.dqdimacs,59,89
./benchmark_tests/original/Biere/adder_3_6/pec_adder_3_bit_6_42.dqdimacs,60,93
./benchmark_tests/original/Biere/adder_3_6/pec_adder_3_bit_6_42.dqdimacs,62,89
./benchmark_tests/original/Biere/adder_3_6/pec_adder_3_bit_6_42.dqdimacs,63,88
./benchmark_tests/original/Biere/adder_3_6/pec_adder_3_bit_6_42.dqdimacs,64,88
./benchmark_tests/original/Biere/adder_3_6/pec_adder_3_bit_6_42.dqdimacs,65,88
./benchmark_tests/original/Biere/adder_3_6/pec_adder_3_bit_6_42.dqdimacs,66,88
./benchmark_tests/original/Biere/adder_3_6/pec_adder_3_bit_6_42.dqdimacs,67,90
./benchmark_tests/original/Biere/adder_3_6/pec_adder_3_bit_6_42.dqdimacs,69,89
./benchmark_tests/original/Biere/adder_3_6/pec_adder_3_bit_6_42.dqdimacs,70,88
./benchmark_tests/original/Biere/adder_3_6/pec_adder_3_bit_6_42.dqdimacs,71,91
./benchmark_tests/original/Biere/adder_3_6/pec_adder_3_bit_6_42.dqdimacs,73,89
./benchmark_tests/original/Biere/adder_3_6/pec_adder_3_bit_6_42.dqdimacs,74,89
./benchmark_tests/original/Biere/adder_3_6/pec_adder_3_bit_6_42.dqdimacs,75,88
./benchmark_tests/original/Biere/adder_3_6/pec_adder_3_bit_6_42.dqdimacs,76,91
./benchmark_tests/original/Biere/adder_3_6/pec_adder_3_bit_6_42.dqdimacs,78,89
./benchmark_tests/original/Biere/adder_3_6/pec_adder_3_bit_6_42.dqdimacs,79,89
./benchmark_tests/original/Biere/adder_3_6/pec_adder_3_bit_6_42.dqdimacs,80,89
./benchmark_tests/original/Biere/adder_3_6/pec_adder_3_bit_6_42.dqdimacs,81,91
./benchmark_tests/original/Biere/adder_3_6/pec_adder_3_bit_6_42.dqdimacs,82,89
./benchmark_tests/original/Biere/adder_3_6/pec_adder_3_bit_6_42.dqdimacs,83,89
./benchmark_tests/original/Biere/adder_3_6/pec_adder_3_bit_6_42.dqdimacs,84,89
./benchmark_tests/original/Biere/adder_3_6/pec_adder_3_bit_6_42.dqdimacs,85,89
./benchmark_tests/original/Biere/adder_3_6/pec_adder_3_bit_6_42.dqdimacs,86,89
./benchmark_tests/original/Biere/adder_3_6/pec_adder_3_bit_6_42.dqdimacs,87,89
./benchmark_tests/original/Biere/adder_3_6/pec_adder_3_bit_6_42.dqdimacs,88,89
./benchmark_tests/original/Biere/adder_3_6/pec_adder_3_bit_6_42.dqdimacs,89,89
./benchmark_tests/original/Biere/adder_3_6/pec_adder_3_bit_6_42.dqdimacs,90,89
./benchmark_tests/original/Biere/adder_3_6/pec_adder_3_bit_6_42.dqdimacs,91,89
./benchmark_tests/original/Biere/adder_3_6/pec_adder_3_bit_6_42.dqdimacs,92,89
./benchmark_tests/original/Biere/adder_3_6/pec_adder_3_bit_6_42.dqdimacs,93,89
./benchmark_tests/original/Biere/adder_3_6/pec_adder_3_bit_6_42.dqdimacs,94,89
./benchmark_tests/original/Biere/adder_3_6/pec_adder_3_bit_6_42.dqdimacs,95,89
./benchmark_tests/original/Biere/adder_3_6/pec_adder_3_bit_6_42.dqdimacs,96,89
./benchmark_tests/original/Biere/adder_3_6/pec_adder_3_bit_6_42.dqdimacs,97,89
./benchmark_tests/original/Biere/adder_3_6/pec_adder_3_bit_6_42.dqdimacs,98,89
./benchmark_tests/original/Biere/adder_3_6/pec_adder_3_bit_6_43.dqdimacs,4,405
./benchmark_tests/original/Biere/adder_3_6/pec_adder_3_bit_6_43.dqdimacs,5,353
./benchmark_tests/original/Biere/adder_3_6/pec_adder_3_bit_6_43.dqdimacs,6,350
./benchmark_tests/original/Biere/adder_3_6/pec_adder_3_bit_6_43.dqdimacs,10,357
./benchmark_tests/original/Biere/adder_3_6/pec_adder_3_bit_6_43.dqdimacs,11,326
./benchmark_tests/original/Biere/adder_3_6/pec_adder_3_bit_6_43.dqdimacs,12,268
./benchmark_tests/original/Biere/adder_3_6/pec_adder_3_bit_6_43.dqdimacs,13,228
./benchmark_tests/original/Biere/adder_3_6/pec_adder_3_bit_6_43.dqdimacs,17,196
./benchmark_tests/original/Biere/adder_3_6/pec_adder_3_bit_6_43.dqdimacs,18,187
./benchmark_tests/original/Biere/adder_3_6/pec_adder_3_bit_6_43.dqdimacs,19,189
./benchmark_tests/original/Biere/adder_3_6/pec_adder_3_bit_6_43.dqdimacs,20,190
./benchmark_tests/original/Biere/adder_3_6/pec_adder_3_bit_6_43.dqdimacs,22,186
./benchmark_tests/original/Biere/adder_3_6/pec_adder_3_bit_6_43.dqdimacs,23,190
./benchmark_tests/original/Biere/adder_3_6/pec_adder_3_bit_6_43.dqdimacs,24,189
./benchmark_tests/original/Biere/adder_3_6/pec_adder_3_bit_6_43.dqdimacs,25,189
./benchmark_tests/original/Biere/adder_3_6/pec_adder_3_bit_6_43.dqdimacs,26,186
./benchmark_tests/original/Biere/adder_3_6/pec_adder_3_bit_6_43.dqdimacs,27,188
./benchmark_tests/original/Biere/adder_3_6/pec_adder_3_bit_6_43.dqdimacs,29,190
./benchmark_tests/original/Biere/adder_3_6/pec_adder_3_bit_6_43.dqdimacs,30,188
./benchmark_tests/original/Biere/adder_3_6/pec_adder_3_bit_6_43.dqdimacs,31,188
./benchmark_tests/original/Biere/adder_3_6/pec_adder_3_bit_6_43.dqdimacs,33,188
./benchmark_tests/original/Biere/adder_3_6/pec_adder_3_bit_6_43.dqdimacs,34,189
./benchmark_tests/original/Biere/adder_3_6/pec_adder_3_bit_6_43.dqdimacs,35,192
./benchmark_tests/original/Biere/adder_3_6/pec_adder_3_bit_6_43.dqdimacs,37,186
./benchmark_tests/original/Biere/adder_3_6/pec_adder_3_bit_6_43.dqdimacs,38,190
./benchmark_tests/original/Biere/adder_3_6/pec_adder_3_bit_6_43.dqdimacs,39,193
./benchmark_tests/original/Biere/adder_3_6/pec_adder_3_bit_6_43.dqdimacs,41,189
./benchmark_tests/original/Biere/adder_3_6/pec_adder_3_bit_6_43.dqdimacs,42,185
./benchmark_tests/original/Biere/adder_3_6/pec_adder_3_bit_6_43.dqdimacs,43,188
./benchmark_tests/original/Biere/adder_3_6/pec_adder_3_bit_6_43.dqdimacs,45,190
./benchmark_tests/original/Biere/adder_3_6/pec_adder_3_bit_6_43.dqdimacs,46,189
./benchmark_tests/original/Biere/adder_3_6/pec_adder_3_bit_6_43.dqdimacs,47,194
./benchmark_tests/original/Biere/adder_3_6/pec_adder_3_bit_6_43.dqdimacs,49,191
./benchmark_tests/original/Biere/adder_3_6/pec_adder_3_bit_6_43.dqdimacs,50,191
./benchmark_tests/original/Biere/adder_3_6/pec_adder_3_bit_6_43.dqdimacs,51,190
./benchmark_tests/original/Biere/adder_3_6/pec_adder_3_bit_6_43.dqdimacs,53,190
./benchmark_tests/original/Biere/adder_3_6/pec_adder_3_bit_6_43.dqdimacs,54,191
./benchmark_tests/original/Biere/adder_3_6/pec_adder_3_bit_6_43.dqdimacs,55,190
./benchmark_tests/original/Biere/adder_3_6/pec_adder_3_bit_6_43.dqdimacs,56,189
./benchmark_tests/original/Biere/adder_3_6/pec_adder_3_bit_6_43.dqdimacs,57,191
./benchmark_tests/original/Biere/adder_3_6/pec_adder_3_bit_6_43.dqdimacs,58,192
./benchmark_tests/original/Biere/adder_3_6/pec_adder_3_bit_6_43.dqdimacs,60,191
./benchmark_tests/original/Biere/adder_3_6/pec_adder_3_bit_6_43.dqdimacs,61,190
./benchmark_tests/original/Biere/adder_3_6/pec_adder_3_bit_6_43.dqdimacs,62,191
./benchmark_tests/original/Biere/adder_3_6/pec_adder_3_bit_6_43.dqdimacs,63,191
./benchmark_tests/original/Biere/adder_3_6/pec_adder_3_bit_6_43.dqdimacs,64,192
./benchmark_tests/original/Biere/adder_3_6/pec_adder_3_bit_6_43.dqdimacs,66,190
./benchmark_tests/original/Biere/adder_3_6/pec_adder_3_bit_6_43.dqdimacs,67,190
./benchmark_tests/original/Biere/adder_3_6/pec_adder_3_bit_6_43.dqdimacs,68,190
./benchmark_tests/original/Biere/adder_3_6/pec_adder_3_bit_6_43.dqdimacs,69,192
./benchmark_tests/original/Biere/adder_3_6/pec_adder_3_bit_6_43.dqdimacs,70,189
./benchmark_tests/original/Biere/adder_3_6/pec_adder_3_bit_6_43.dqdimacs,71,189
./benchmark_tests/original/Biere/adder_3_6/pec_adder_3_bit_6_43.dqdimacs,72,188
./benchmark_tests/original/Biere/adder_3_6/pec_adder_3_bit_6_43.dqdimacs,73,189
./benchmark_tests/original/Biere/adder_3_6/pec_adder_3_bit_6_43.dqdimacs,74,189
./benchmark_tests/original/Biere/adder_3_6/pec_adder_3_bit_6_43.dqdimacs,75,186
./benchmark_tests/original/Biere/adder_3_6/pec_adder_3_bit_6_43.dqdimacs,76,186
./benchmark_tests/original/Biere/adder_3_6/pec_adder_3_bit_6_43.dqdimacs,77,187
./benchmark_tests/original/Biere/adder_3_6/pec_adder_3_bit_6_43.dqdimacs,78,183
./benchmark_tests/original/Biere/adder_3_6/pec_adder_3_bit_6_43.dqdimacs,79,187
./benchmark_tests/original/Biere/adder_3_6/pec_adder_3_bit_6_43.dqdimacs,80,188
./benchmark_tests/original/Biere/adder_3_6/pec_adder_3_bit_6_43.dqdimacs,81,188
./benchmark_tests/original/Biere/adder_3_6/pec_adder_3_bit_6_43.dqdimacs,82,188
./benchmark_tests/original/Biere/adder_3_6/pec_adder_3_bit_6_43.dqdimacs,83,187
./benchmark_tests/original/Biere/adder_3_6/pec_adder_3_bit_6_43.dqdimacs,84,185
./benchmark_tests/original/Biere/adder_3_6/pec_adder_3_bit_6_43.dqdimacs,85,187
./benchmark_tests/original/Biere/adder_3_6/pec_adder_3_bit_6_43.dqdimacs,86,188
./benchmark_tests/original/Biere/adder_3_6/pec_adder_3_bit_6_43.dqdimacs,87,184
./benchmark_tests/original/Biere/adder_3_6/pec_adder_3_bit_6_44.dqdimacs,4,314
./benchmark_tests/original/Biere/adder_3_6/pec_adder_3_bit_6_44.dqdimacs,5,264
./benchmark_tests/original/Biere/adder_3_6/pec_adder_3_bit_6_44.dqdimacs,6,264
./benchmark_tests/original/Biere/adder_3_6/pec_adder_3_bit_6_44.dqdimacs,10,263
./benchmark_tests/original/Biere/adder_3_6/pec_adder_3_bit_6_44.dqdimacs,11,260
./benchmark_tests/original/Biere/adder_3_6/pec_adder_3_bit_6_44.dqdimacs,12,256
./benchmark_tests/original/Biere/adder_3_6/pec_adder_3_bit_6_44.dqdimacs,13,228
./benchmark_tests/original/Biere/adder_3_6/pec_adder_3_bit_6_44.dqdimacs,17,197
./benchmark_tests/original/Biere/adder_3_6/pec_adder_3_bit_6_44.dqdimacs,18,173
./benchmark_tests/original/Biere/adder_3_6/pec_adder_3_bit_6_44.dqdimacs,19,154
./benchmark_tests/original/Biere/adder_3_6/pec_adder_3_bit_6_44.dqdimacs,20,141
./benchmark_tests/original/Biere/adder_3_6/pec_adder_3_bit_6_44.dqdimacs,22,140
./benchmark_tests/original/Biere/adder_3_6/pec_adder_3_bit_6_44.dqdimacs,23,139
./benchmark_tests/original/Biere/adder_3_6/pec_adder_3_bit_6_44.dqdimacs,24,140
./benchmark_tests/original/Biere/adder_3_6/pec_adder_3_bit_6_44.dqdimacs,25,140
./benchmark_tests/original/Biere/adder_3_6/pec_adder_3_bit_6_44.dqdimacs,26,140
./benchmark_tests/original/Biere/adder_3_6/pec_adder_3_bit_6_44.dqdimacs,27,142
./benchmark_tests/original/Biere/adder_3_6/pec_adder_3_bit_6_44.dqdimacs,29,139
./benchmark_tests/original/Biere/adder_3_6/pec_adder_3_bit_6_44.dqdimacs,30,139
./benchmark_tests/original/Biere/adder_3_6/pec_adder_3_bit_6_44.dqdimacs,31,139
./benchmark_tests/original/Biere/adder_3_6/pec_adder_3_bit_6_44.dqdimacs,32,139
./benchmark_tests/original/Biere/adder_3_6/pec_adder_3_bit_6_44.dqdimacs,33,140
./benchmark_tests/original/Biere/adder_3_6/pec_adder_3_bit_6_44.dqdimacs,34,139
./benchmark_tests/original/Biere/adder_3_6/pec_adder_3_bit_6_44.dqdimacs,35,140
./benchmark_tests/original/Biere/adder_3_6/pec_adder_3_bit_6_44.dqdimacs,36,141
./benchmark_tests/original/Biere/adder_3_6/pec_adder_3_bit_6_44.dqdimacs,38,139
./benchmark_tests/original/Biere/adder_3_6/pec_adder_3_bit_6_44.dqdimacs,39,140
./benchmark_tests/original/Biere/adder_3_6/pec_adder_3_bit_6_44.dqdimacs,40,140
./benchmark_tests/original/Biere/adder_3_6/pec_adder_3_bit_6_44.dqdimacs,41,140
./benchmark_tests/original/Biere/adder_3_6/pec_adder_3_bit_6_44.dqdimacs,43,139
./benchmark_tests/original/Biere/adder_3_6/pec_adder_3_bit_6_44.dqdimacs,44,139
./benchmark_tests/original/Biere/adder_3_6/pec_adder_3_bit_6_44.dqdimacs,45,140
./benchmark_tests/original/Biere/adder_3_6/pec_adder_3_bit_6_44.dqdimacs,47,139
./benchmark_tests/original/Biere/adder_3_6/pec_adder_3_bit_6_44.dqdimacs,48,140
./benchmark_tests/original/Biere/adder_3_6/pec_adder_3_bit_6_44.dqdimacs,49,139
./benchmark_tests/original/Biere/adder_3_6/pec_adder_3_bit_6_44.dqdimacs,50,142
./benchmark_tests/original/Biere/adder_3_6/pec_adder_3_bit_6_44.dqdimacs,52,140
./benchmark_tests/original/Biere/adder_3_6/pec_adder_3_bit_6_44.dqdimacs,53,139
./benchmark_tests/original/Biere/adder_3_6/pec_adder_3_bit_6_44.dqdimacs,54,139
./benchmark_tests/original/Biere/adder_3_6/pec_adder_3_bit_6_44.dqdimacs,55,140
./benchmark_tests/original/Biere/adder_3_6/pec_adder_3_bit_6_44.dqdimacs,56,139
./benchmark_tests/original/Biere/adder_3_6/pec_adder_3_bit_6_44.dqdimacs,57,140
./benchmark_tests/original/Biere/adder_3_6/pec_adder_3_bit_6_44.dqdimacs,58,140
./benchmark_tests/original/Biere/adder_3_6/pec_adder_3_bit_6_44.dqdimacs,59,140
./benchmark_tests/original/Biere/adder_3_6/pec_adder_3_bit_6_44.dqdimacs,60,138
./benchmark_tests/original/Biere/adder_3_6/pec_adder_3_bit_6_44.dqdimacs,61,139
./benchmark_tests/original/Biere/adder_3_6/pec_adder_3_bit_6_44.dqdimacs,62,139
./benchmark_tests/original/Biere/adder_3_6/pec_adder_3_bit_6_44.dqdimacs,63,138
./benchmark_tests/original/Biere/adder_3_6/pec_adder_3_bit_6_44.dqdimacs,64,139
./benchmark_tests/original/Biere/adder_3_6/pec_adder_3_bit_6_44.dqdimacs,65,138
./benchmark_tests/original/Biere/adder_3_6/pec_adder_3_bit_6_44.dqdimacs,66,139
./benchmark_tests/original/Biere/adder_3_6/pec_adder_3_bit_6_44.dqdimacs,67,139
./benchmark_tests/original/Biere/adder_3_6/pec_adder_3_bit_6_44.dqdimacs,68,141
./benchmark_tests/original/Biere/adder_3_6/pec_adder_3_bit_6_44.dqdimacs,69,141
./benchmark_tests/original/Biere/adder_3_6/pec_adder_3_bit_6_44.dqdimacs,70,140
./benchmark_tests/original/Biere/adder_3_6/pec_adder_3_bit_6_44.dqdimacs,71,140
./benchmark_tests/original/Biere/adder_3_6/pec_adder_3_bit_6_44.dqdimacs,72,140
./benchmark_tests/original/Biere/adder_3_6/pec_adder_3_bit_6_45.dqdimacs,4,527
./benchmark_tests/original/Biere/adder_3_6/pec_adder_3_bit_6_45.dqdimacs,5,476
./benchmark_tests/original/Biere/adder_3_6/pec_adder_3_bit_6_45.dqdimacs,6,454
./benchmark_tests/original/Biere/adder_3_6/pec_adder_3_bit_6_45.dqdimacs,10,410
./benchmark_tests/original/Biere/adder_3_6/pec_adder_3_bit_6_45.dqdimacs,11,324
./benchmark_tests/original/Biere/adder_3_6/pec_adder_3_bit_6_45.dqdimacs,12,261
./benchmark_tests/original/Biere/adder_3_6/pec_adder_3_bit_6_45.dqdimacs,13,241
./benchmark_tests/original/Biere/adder_3_6/pec_adder_3_bit_6_45.dqdimacs,17,240
./benchmark_tests/original/Biere/adder_3_6/pec_adder_3_bit_6_45.dqdimacs,18,240
./benchmark_tests/original/Biere/adder_3_6/pec_adder_3_bit_6_45.dqdimacs,19,241
./benchmark_tests/original/Biere/adder_3_6/pec_adder_3_bit_6_45.dqdimacs,20,243
./benchmark_tests/original/Biere/adder_3_6/pec_adder_3_bit_6_45.dqdimacs,22,241
./benchmark_tests/original/Biere/adder_3_6/pec_adder_3_bit_6_45.dqdimacs,23,240
./benchmark_tests/original/Biere/adder_3_6/pec_adder_3_bit_6_45.dqdimacs,24,238
./benchmark_tests/original/Biere/adder_3_6/pec_adder_3_bit_6_45.dqdimacs,25,240
./benchmark_tests/original/Biere/adder_3_6/pec_adder_3_bit_6_45.dqdimacs,26,243
./benchmark_tests/original/Biere/adder_3_6/pec_adder_3_bit_6_45.dqdimacs,27,240
./benchmark_tests/original/Biere/adder_3_6/pec_adder_3_bit_6_45.dqdimacs,29,242
./benchmark_tests/original/Biere/adder_3_6/pec_adder_3_bit_6_45.dqdimacs,30,247
./benchmark_tests/original/Biere/adder_3_6/pec_adder_3_bit_6_45.dqdimacs,31,244
./benchmark_tests/original/Biere/adder_3_6/pec_adder_3_bit_6_45.dqdimacs,33,243
./benchmark_tests/original/Biere/adder_3_6/pec_adder_3_bit_6_45.dqdimacs,34,242
./benchmark_tests/original/Biere/adder_3_6/pec_adder_3_bit_6_45.dqdimacs,35,245
./benchmark_tests/original/Biere/adder_3_6/pec_adder_3_bit_6_45.dqdimacs,37,239
./benchmark_tests/original/Biere/adder_3_6/pec_adder_3_bit_6_45.dqdimacs,38,242
./benchmark_tests/original/Biere/adder_3_6/pec_adder_3_bit_6_45.dqdimacs,39,240
./benchmark_tests/original/Biere/adder_3_6/pec_adder_3_bit_6_45.dqdimacs,40,240
./benchmark_tests/original/Biere/adder_3_6/pec_adder_3_bit_6_45.dqdimacs,41,244
./benchmark_tests/original/Biere/adder_3_6/pec_adder_3_bit_6_45.dqdimacs,43,241
./benchmark_tests/original/Biere/adder_3_6/pec_adder_3_bit_6_45.dqdimacs,44,238
./benchmark_tests/original/Biere/adder_3_6/pec_adder_3_bit_6_45.dqdimacs,45,240
./benchmark_tests/original/Biere/adder_3_6/pec_adder_3_bit_6_45.dqdimacs,46,243
./benchmark_tests/original/Biere/adder_3_6/pec_adder_3_bit_6_45.dqdimacs,48,242
./benchmark_tests/original/Biere/adder_3_6/pec_adder_3_bit_6_45.dqdimacs,49,241
./benchmark_tests/original/Biere/adder_3_6/pec_adder_3_bit_6_45.dqdimacs,50,243
./benchmark_tests/original/Biere/adder_3_6/pec_adder_3_bit_6_45.dqdimacs,52,241
./benchmark_tests/original/Biere/adder_3_6/pec_adder_3_bit_6_45.dqdimacs,53,239
./benchmark_tests/original/Biere/adder_3_6/pec_adder_3_bit_6_45.dqdimacs,54,241
./benchmark_tests/original/Biere/adder_3_6/pec_adder_3_bit_6_45.dqdimacs,55,243
./benchmark_tests/original/Biere/adder_3_6/pec_adder_3_bit_6_45.dqdimacs,57,242
./benchmark_tests/original/Biere/adder_3_6/pec_adder_3_bit_6_45.dqdimacs,58,242
./benchmark_tests/original/Biere/adder_3_6/pec_adder_3_bit_6_45.dqdimacs,59,242
./benchmark_tests/original/Biere/adder_3_6/pec_adder_3_bit_6_45.dqdimacs,60,243
./benchmark_tests/original/Biere/adder_3_6/pec_adder_3_bit_6_45.dqdimacs,62,242
./benchmark_tests/original/Biere/adder_3_6/pec_adder_3_bit_6_45.dqdimacs,63,242
./benchmark_tests/original/Biere/adder_3_6/pec_adder_3_bit_6_45.dqdimacs,64,242
./benchmark_tests/original/Biere/adder_3_6/pec_adder_3_bit_6_45.dqdimacs,65,244
./benchmark_tests/original/Biere/adder_3_6/pec_adder_3_bit_6_45.dqdimacs,66,241
./benchmark_tests/original/Biere/adder_3_6/pec_adder_3_bit_6_45.dqdimacs,67,241
./benchmark_tests/original/Biere/adder_3_6/pec_adder_3_bit_6_45.dqdimacs,68,240
./benchmark_tests/original/Biere/adder_3_6/pec_adder_3_bit_6_45.dqdimacs,69,242
./benchmark_tests/original/Biere/adder_3_6/pec_adder_3_bit_6_45.dqdimacs,70,241
./benchmark_tests/original/Biere/adder_3_6/pec_adder_3_bit_6_45.dqdimacs,71,240
./benchmark_tests/original/Biere/adder_3_6/pec_adder_3_bit_6_45.dqdimacs,72,239
./benchmark_tests/original/Biere/adder_3_6/pec_adder_3_bit_6_45.dqdimacs,73,239
./benchmark_tests/original/Biere/adder_3_6/pec_adder_3_bit_6_45.dqdimacs,74,240
./benchmark_tests/original/Biere/adder_3_6/pec_adder_3_bit_6_45.dqdimacs,75,239
./benchmark_tests/original/Biere/adder_3_6/pec_adder_3_bit_6_45.dqdimacs,76,238
./benchmark_tests/original/Biere/adder_3_6/pec_adder_3_bit_6_45.dqdimacs,77,239
./benchmark_tests/original/Biere/adder_3_6/pec_adder_3_bit_6_45.dqdimacs,78,239
./benchmark_tests/original/Biere/adder_3_6/pec_adder_3_bit_6_45.dqdimacs,79,239
./benchmark_tests/original/Biere/adder_3_6/pec_adder_3_bit_6_45.dqdimacs,80,239
./benchmark_tests/original/Biere/adder_3_6/pec_adder_3_bit_6_45.dqdimacs,81,242
./benchmark_tests/original/Biere/adder_3_6/pec_adder_3_bit_6_45.dqdimacs,82,242
./benchmark_tests/original/Biere/adder_3_6/pec_adder_3_bit_6_46.dqdimacs,4,219
./benchmark_tests/original/Biere/adder_3_6/pec_adder_3_bit_6_46.dqdimacs,5,169
./benchmark_tests/original/Biere/adder_3_6/pec_adder_3_bit_6_46.dqdimacs,6,169
./benchmark_tests/original/Biere/adder_3_6/pec_adder_3_bit_6_46.dqdimacs,10,169
./benchmark_tests/original/Biere/adder_3_6/pec_adder_3_bit_6_46.dqdimacs,11,168
./benchmark_tests/original/Biere/adder_3_6/pec_adder_3_bit_6_46.dqdimacs,12,170
./benchmark_tests/original/Biere/adder_3_6/pec_adder_3_bit_6_46.dqdimacs,13,169
./benchmark_tests/original/Biere/adder_3_6/pec_adder_3_bit_6_46.dqdimacs,17,168
./benchmark_tests/original/Biere/adder_3_6/pec_adder_3_bit_6_46.dqdimacs,18,165
./benchmark_tests/original/Biere/adder_3_6/pec_adder_3_bit_6_46.dqdimacs,19,155
./benchmark_tests/original/Biere/adder_3_6/pec_adder_3_bit_6_46.dqdimacs,20,143
./benchmark_tests/original/Biere/adder_3_6/pec_adder_3_bit_6_46.dqdimacs,22,130
./benchmark_tests/original/Biere/adder_3_6/pec_adder_3_bit_6_46.dqdimacs,23,118
./benchmark_tests/original/Biere/adder_3_6/pec_adder_3_bit_6_46.dqdimacs,24,108
./benchmark_tests/original/Biere/adder_3_6/pec_adder_3_bit_6_46.dqdimacs,25,100
./benchmark_tests/original/Biere/adder_3_6/pec_adder_3_bit_6_46.dqdimacs,26,94
./benchmark_tests/original/Biere/adder_3_6/pec_adder_3_bit_6_46.dqdimacs,27,93
./benchmark_tests/original/Biere/adder_3_6/pec_adder_3_bit_6_46.dqdimacs,29,90
./benchmark_tests/original/Biere/adder_3_6/pec_adder_3_bit_6_46.dqdimacs,30,91
./benchmark_tests/original/Biere/adder_3_6/pec_adder_3_bit_6_46.dqdimacs,31,93
./benchmark_tests/original/Biere/adder_3_6/pec_adder_3_bit_6_46.dqdimacs,33,90
./benchmark_tests/original/Biere/adder_3_6/pec_adder_3_bit_6_46.dqdimacs,34,90
./benchmark_tests/original/Biere/adder_3_6/pec_adder_3_bit_6_46.dqdimacs,35,93
./benchmark_tests/original/Biere/adder_3_6/pec_adder_3_bit_6_46.dqdimacs,37,90
./benchmark_tests/original/Biere/adder_3_6/pec_adder_3_bit_6_46.dqdimacs,38,90
./benchmark_tests/original/Biere/adder_3_6/pec_adder_3_bit_6_46.dqdimacs,39,90
./benchmark_tests/original/Biere/adder_3_6/pec_adder_3_bit_6_46.dqdimacs,40,92
./benchmark_tests/original/Biere/adder_3_6/pec_adder_3_bit_6_46.dqdimacs,42,90
./benchmark_tests/original/Biere/adder_3_6/pec_adder_3_bit_6_46.dqdimacs,43,90
./benchmark_tests/original/Biere/adder_3_6/pec_adder_3_bit_6_46.dqdimacs,44,92
./benchmark_tests/original/Biere/adder_3_6/pec_adder_3_bit_6_46.dqdimacs,46,91
./benchmark_tests/original/Biere/adder_3_6/pec_adder_3_bit_6_46.dqdimacs,47,91
./benchmark_tests/original/Biere/adder_3_6/pec_adder_3_bit_6_46.dqdimacs,48,92
./benchmark_tests/original/Biere/adder_3_6/pec_adder_3_bit_6_46.dqdimacs,50,91
./benchmark_tests/original/Biere/adder_3_6/pec_adder_3_bit_6_46.dqdimacs,51,90
./benchmark_tests/original/Biere/adder_3_6/pec_adder_3_bit_6_46.dqdimacs,52,91
./benchmark_tests/original/Biere/adder_3_6/pec_adder_3_bit_6_46.dqdimacs,53,91
./benchmark_tests/original/Biere/adder_3_6/pec_adder_3_bit_6_46.dqdimacs,54,92
./benchmark_tests/original/Biere/adder_3_6/pec_adder_3_bit_6_46.dqdimacs,56,90
./benchmark_tests/original/Biere/adder_3_6/pec_adder_3_bit_6_46.dqdimacs,57,91
./benchmark_tests/original/Biere/adder_3_6/pec_adder_3_bit_6_46.dqdimacs,58,92
./benchmark_tests/original/Biere/adder_3_6/pec_adder_3_bit_6_46.dqdimacs,60,91
./benchmark_tests/original/Biere/adder_3_6/pec_adder_3_bit_6_46.dqdimacs,61,90
./benchmark_tests/original/Biere/adder_3_6/pec_adder_3_bit_6_46.dqdimacs,62,90
./benchmark_tests/original/Biere/adder_3_6/pec_adder_3_bit_6_46.dqdimacs,63,92
./benchmark_tests/original/Biere/adder_3_6/pec_adder_3_bit_6_46.dqdimacs,65,90
./benchmark_tests/original/Biere/adder_3_6/pec_adder_3_bit_6_46.dqdimacs,66,90
./benchmark_tests/original/Biere/adder_3_6/pec_adder_3_bit_6_46.dqdimacs,67,90
./benchmark_tests/original/Biere/adder_3_6/pec_adder_3_bit_6_46.dqdimacs,68,92
./benchmark_tests/original/Biere/adder_3_6/pec_adder_3_bit_6_46.dqdimacs,70,90
./benchmark_tests/original/Biere/adder_3_6/pec_adder_3_bit_6_46.dqdimacs,71,90
./benchmark_tests/original/Biere/adder_3_6/pec_adder_3_bit_6_46.dqdimacs,72,90
./benchmark_tests/original/Biere/adder_3_6/pec_adder_3_bit_6_46.dqdimacs,73,92
./benchmark_tests/original/Biere/adder_3_6/pec_adder_3_bit_6_46.dqdimacs,74,90
./benchmark_tests/original/Biere/adder_3_6/pec_adder_3_bit_6_46.dqdimacs,75,90
./benchmark_tests/original/Biere/adder_3_6/pec_adder_3_bit_6_46.dqdimacs,76,89
./benchmark_tests/original/Biere/adder_3_6/pec_adder_3_bit_6_46.dqdimacs,77,90
./benchmark_tests/original/Biere/adder_3_6/pec_adder_3_bit_6_46.dqdimacs,78,90
./benchmark_tests/original/Biere/adder_3_6/pec_adder_3_bit_6_46.dqdimacs,79,90
./benchmark_tests/original/Biere/adder_3_6/pec_adder_3_bit_6_46.dqdimacs,80,90
./benchmark_tests/original/Biere/adder_3_6/pec_adder_3_bit_6_46.dqdimacs,81,90
./benchmark_tests/original/Biere/adder_3_6/pec_adder_3_bit_6_46.dqdimacs,82,90
./benchmark_tests/original/Biere/adder_3_6/pec_adder_3_bit_6_46.dqdimacs,83,90
./benchmark_tests/original/Biere/adder_3_6/pec_adder_3_bit_6_46.dqdimacs,84,89
./benchmark_tests/original/Biere/adder_3_6/pec_adder_3_bit_6_46.dqdimacs,85,90
./benchmark_tests/original/Biere/adder_3_6/pec_adder_3_bit_6_46.dqdimacs,86,90
./benchmark_tests/original/Biere/adder_3_6/pec_adder_3_bit_6_46.dqdimacs,87,90
./benchmark_tests/original/Biere/adder_3_6/pec_adder_3_bit_6_46.dqdimacs,88,90
./benchmark_tests/original/Biere/adder_3_6/pec_adder_3_bit_6_46.dqdimacs,89,90
./benchmark_tests/original/Biere/adder_3_6/pec_adder_3_bit_6_46.dqdimacs,90,90
./benchmark_tests/original/Biere/adder_3_6/pec_adder_3_bit_6_47.dqdimacs,4,253
./benchmark_tests/original/Biere/adder_3_6/pec_adder_3_bit_6_47.dqdimacs,5,198
./benchmark_tests/original/Biere/adder_3_6/pec_adder_3_bit_6_47.dqdimacs,6,178
./benchmark_tests/original/Biere/adder_3_6/pec_adder_3_bit_6_47.dqdimacs,10,178
./benchmark_tests/original/Biere/adder_3_6/pec_adder_3_bit_6_47.dqdimacs,11,178
./benchmark_tests/original/Biere/adder_3_6/pec_adder_3_bit_6_47.dqdimacs,12,179
./benchmark_tests/original/Biere/adder_3_6/pec_adder_3_bit_6_47.dqdimacs,13,179
./benchmark_tests/original/Biere/adder_3_6/pec_adder_3_bit_6_47.dqdimacs,17,178
./benchmark_tests/original/Biere/adder_3_6/pec_adder_3_bit_6_47.dqdimacs,18,166
./benchmark_tests/original/Biere/adder_3_6/pec_adder_3_bit_6_47.dqdimacs,19,152
./benchmark_tests/original/Biere/adder_3_6/pec_adder_3_bit_6_47.dqdimacs,20,140
./benchmark_tests/original/Biere/adder_3_6/pec_adder_3_bit_6_47.dqdimacs,22,126
./benchmark_tests/original/Biere/adder_3_6/pec_adder_3_bit_6_47.dqdimacs,23,114
./benchmark_tests/original/Biere/adder_3_6/pec_adder_3_bit_6_47.dqdimacs,24,111
./benchmark_tests/original/Biere/adder_3_6/pec_adder_3_bit_6_47.dqdimacs,25,97
./benchmark_tests/original/Biere/adder_3_6/pec_adder_3_bit_6_47.dqdimacs,26,94
./benchmark_tests/original/Biere/adder_3_6/pec_adder_3_bit_6_47.dqdimacs,27,96
./benchmark_tests/original/Biere/adder_3_6/pec_adder_3_bit_6_47.dqdimacs,29,94
./benchmark_tests/original/Biere/adder_3_6/pec_adder_3_bit_6_47.dqdimacs,30,95
./benchmark_tests/original/Biere/adder_3_6/pec_adder_3_bit_6_47.dqdimacs,31,97
./benchmark_tests/original/Biere/adder_3_6/pec_adder_3_bit_6_47.dqdimacs,33,96
./benchmark_tests/original/Biere/adder_3_6/pec_adder_3_bit_6_47.dqdimacs,34,95
./benchmark_tests/original/Biere/adder_3_6/pec_adder_3_bit_6_47.dqdimacs,35,98
./benchmark_tests/original/Biere/adder_3_6/pec_adder_3_bit_6_47.dqdimacs,37,94
./benchmark_tests/original/Biere/adder_3_6/pec_adder_3_bit_6_47.dqdimacs,38,95
./benchmark_tests/original/Biere/adder_3_6/pec_adder_3_bit_6_47.dqdimacs,39,95
./benchmark_tests/original/Biere/adder_3_6/pec_adder_3_bit_6_47.dqdimacs,40,97
./benchmark_tests/original/Biere/adder_3_6/pec_adder_3_bit_6_47.dqdimacs,42,95
./benchmark_tests/original/Biere/adder_3_6/pec_adder_3_bit_6_47.dqdimacs,43,95
./benchmark_tests/original/Biere/adder_3_6/pec_adder_3_bit_6_47.dqdimacs,44,96
./benchmark_tests/original/Biere/adder_3_6/pec_adder_3_bit_6_47.dqdimacs,46,95
./benchmark_tests/original/Biere/adder_3_6/pec_adder_3_bit_6_47.dqdimacs,47,95
./benchmark_tests/original/Biere/adder_3_6/pec_adder_3_bit_6_47.dqdimacs,48,95
./benchmark_tests/original/Biere/adder_3_6/pec_adder_3_bit_6_47.dqdimacs,49,96
./benchmark_tests/original/Biere/adder_3_6/pec_adder_3_bit_6_47.dqdimacs,51,95
./benchmark_tests/original/Biere/adder_3_6/pec_adder_3_bit_6_47.dqdimacs,52,95
./benchmark_tests/original/Biere/adder_3_6/pec_adder_3_bit_6_47.dqdimacs,53,94
./benchmark_tests/original/Biere/adder_3_6/pec_adder_3_bit_6_47.dqdimacs,54,96
./benchmark_tests/original/Biere/adder_3_6/pec_adder_3_bit_6_47.dqdimacs,56,95
./benchmark_tests/original/Biere/adder_3_6/pec_adder_3_bit_6_47.dqdimacs,57,95
./benchmark_tests/original/Biere/adder_3_6/pec_adder_3_bit_6_47.dqdimacs,58,97
./benchmark_tests/original/Biere/adder_3_6/pec_adder_3_bit_6_47.dqdimacs,60,95
./benchmark_tests/original/Biere/adder_3_6/pec_adder_3_bit_6_47.dqdimacs,61,95
./benchmark_tests/original/Biere/adder_3_6/pec_adder_3_bit_6_47.dqdimacs,62,95
./benchmark_tests/original/Biere/adder_3_6/pec_adder_3_bit_6_47.dqdimacs,63,97
./benchmark_tests/original/Biere/adder_3_6/pec_adder_3_bit_6_47.dqdimacs,65,95
./benchmark_tests/original/Biere/adder_3_6/pec_adder_3_bit_6_47.dqdimacs,66,95
./benchmark_tests/original/Biere/adder_3_6/pec_adder_3_bit_6_47.dqdimacs,67,95
./benchmark_tests/original/Biere/adder_3_6/pec_adder_3_bit_6_47.dqdimacs,68,97
./benchmark_tests/original/Biere/adder_3_6/pec_adder_3_bit_6_47.dqdimacs,70,95
./benchmark_tests/original/Biere/adder_3_6/pec_adder_3_bit_6_47.dqdimacs,71,96
./benchmark_tests/original/Biere/adder_3_6/pec_adder_3_bit_6_47.dqdimacs,72,95
./benchmark_tests/original/Biere/adder_3_6/pec_adder_3_bit_6_47.dqdimacs,73,98
./benchmark_tests/original/Biere/adder_3_6/pec_adder_3_bit_6_47.dqdimacs,74,95
./benchmark_tests/original/Biere/adder_3_6/pec_adder_3_bit_6_47.dqdimacs,75,94
./benchmark_tests/original/Biere/adder_3_6/pec_adder_3_bit_6_47.dqdimacs,76,95
./benchmark_tests/original/Biere/adder_3_6/pec_adder_3_bit_6_47.dqdimacs,77,95
./benchmark_tests/original/Biere/adder_3_6/pec_adder_3_bit_6_47.dqdimacs,78,94
./benchmark_tests/original/Biere/adder_3_6/pec_adder_3_bit_6_47.dqdimacs,79,95
./benchmark_tests/original/Biere/adder_3_6/pec_adder_3_bit_6_47.dqdimacs,80,95
./benchmark_tests/original/Biere/adder_3_6/pec_adder_3_bit_6_47.dqdimacs,81,95
./benchmark_tests/original/Biere/adder_3_6/pec_adder_3_bit_6_47.dqdimacs,82,95
./benchmark_tests/original/Biere/adder_3_6/pec_adder_3_bit_6_47.dqdimacs,83,94
./benchmark_tests/original/Biere/adder_3_6/pec_adder_3_bit_6_47.dqdimacs,84,95
./benchmark_tests/original/Biere/adder_3_6/pec_adder_3_bit_6_47.dqdimacs,85,95
./benchmark_tests/original/Biere/adder_3_6/pec_adder_3_bit_6_47.dqdimacs,86,94
./benchmark_tests/original/Biere/adder_3_6/pec_adder_3_bit_6_47.dqdimacs,87,95
./benchmark_tests/original/Biere/adder_3_6/pec_adder_3_bit_6_47.dqdimacs,88,94
./benchmark_tests/original/Biere/adder_3_6/pec_adder_3_bit_6_47.dqdimacs,89,94
./benchmark_tests/original/Biere/adder_3_6/pec_adder_3_bit_6_48.dqdimacs,4,314
./benchmark_tests/original/Biere/adder_3_6/pec_adder_3_bit_6_48.dqdimacs,5,264
./benchmark_tests/original/Biere/adder_3_6/pec_adder_3_bit_6_48.dqdimacs,6,264
./benchmark_tests/original/Biere/adder_3_6/pec_adder_3_bit_6_48.dqdimacs,10,262
./benchmark_tests/original/Biere/adder_3_6/pec_adder_3_bit_6_48.dqdimacs,11,265
./benchmark_tests/original/Biere/adder_3_6/pec_adder_3_bit_6_48.dqdimacs,12,259
./benchmark_tests/original/Biere/adder_3_6/pec_adder_3_bit_6_48.dqdimacs,13,228
./benchmark_tests/original/Biere/adder_3_6/pec_adder_3_bit_6_48.dqdimacs,17,197
./benchmark_tests/original/Biere/adder_3_6/pec_adder_3_bit_6_48.dqdimacs,18,172
./benchmark_tests/original/Biere/adder_3_6/pec_adder_3_bit_6_48.dqdimacs,19,154
./benchmark_tests/original/Biere/adder_3_6/pec_adder_3_bit_6_48.dqdimacs,20,142
./benchmark_tests/original/Biere/adder_3_6/pec_adder_3_bit_6_48.dqdimacs,22,139
./benchmark_tests/original/Biere/adder_3_6/pec_adder_3_bit_6_48.dqdimacs,23,139
./benchmark_tests/original/Biere/adder_3_6/pec_adder_3_bit_6_48.dqdimacs,24,141
./benchmark_tests/original/Biere/adder_3_6/pec_adder_3_bit_6_48.dqdimacs,25,141
./benchmark_tests/original/Biere/adder_3_6/pec_adder_3_bit_6_48.dqdimacs,26,140
./benchmark_tests/original/Biere/adder_3_6/pec_adder_3_bit_6_48.dqdimacs,27,142
./benchmark_tests/original/Biere/adder_3_6/pec_adder_3_bit_6_48.dqdimacs,29,141
./benchmark_tests/original/Biere/adder_3_6/pec_adder_3_bit_6_48.dqdimacs,30,141
./benchmark_tests/original/Biere/adder_3_6/pec_adder_3_bit_6_48.dqdimacs,31,143
./benchmark_tests/original/Biere/adder_3_6/pec_adder_3_bit_6_48.dqdimacs,33,140
./benchmark_tests/original/Biere/adder_3_6/pec_adder_3_bit_6_48.dqdimacs,34,142
./benchmark_tests/original/Biere/adder_3_6/pec_adder_3_bit_6_48.dqdimacs,35,144
./benchmark_tests/original/Biere/adder_3_6/pec_adder_3_bit_6_48.dqdimacs,37,141
./benchmark_tests/original/Biere/adder_3_6/pec_adder_3_bit_6_48.dqdimacs,38,141
./benchmark_tests/original/Biere/adder_3_6/pec_adder_3_bit_6_48.dqdimacs,39,141
./benchmark_tests/original/Biere/adder_3_6/pec_adder_3_bit_6_48.dqdimacs,40,141
./benchmark_tests/original/Biere/adder_3_6/pec_adder_3_bit_6_48.dqdimacs,42,139
./benchmark_tests/original/Biere/adder_3_6/pec_adder_3_bit_6_48.dqdimacs,43,139
./benchmark_tests/original/Biere/adder_3_6/pec_adder_3_bit_6_48.dqdimacs,44,139
./benchmark_tests/original/Biere/adder_3_6/pec_adder_3_bit_6_48.dqdimacs,45,141
./benchmark_tests/original/Biere/adder_3_6/pec_adder_3_bit_6_48.dqdimacs,47,139
./benchmark_tests/original/Biere/adder_3_6/pec_adder_3_bit_6_48.dqdimacs,48,141
./benchmark_tests/original/Biere/adder_3_6/pec_adder_3_bit_6_48.dqdimacs,49,142
./benchmark_tests/original/Biere/adder_3_6/pec_adder_3_bit_6_48.dqdimacs,51,140
./benchmark_tests/original/Biere/adder_3_6/pec_adder_3_bit_6_48.dqdimacs,52,141
./benchmark_tests/original/Biere/adder_3_6/pec_adder_3_bit_6_48.dqdimacs,53,141
./benchmark_tests/original/Biere/adder_3_6/pec_adder_3_bit_6_48.dqdimacs,55,141
./benchmark_tests/original/Biere/adder_3_6/pec_adder_3_bit_6_48.dqdimacs,56,139
./benchmark_tests/original/Biere/adder_3_6/pec_adder_3_bit_6_48.dqdimacs,57,141
./benchmark_tests/original/Biere/adder_3_6/pec_adder_3_bit_6_48.dqdimacs,58,143
./benchmark_tests/original/Biere/adder_3_6/pec_adder_3_bit_6_48.dqdimacs,60,142
./benchmark_tests/original/Biere/adder_3_6/pec_adder_3_bit_6_48.dqdimacs,61,142
./benchmark_tests/original/Biere/adder_3_6/pec_adder_3_bit_6_48.dqdimacs,62,142
./benchmark_tests/original/Biere/adder_3_6/pec_adder_3_bit_6_48.dqdimacs,64,139
./benchmark_tests/original/Biere/adder_3_6/pec_adder_3_bit_6_48.dqdimacs,65,140
./benchmark_tests/original/Biere/adder_3_6/pec_adder_3_bit_6_48.dqdimacs,66,141
./benchmark_tests/original/Biere/adder_3_6/pec_adder_3_bit_6_48.dqdimacs,67,145
./benchmark_tests/original/Biere/adder_3_6/pec_adder_3_bit_6_48.dqdimacs,68,140
./benchmark_tests/original/Biere/adder_3_6/pec_adder_3_bit_6_48.dqdimacs,69,142
./benchmark_tests/original/Biere/adder_3_6/pec_adder_3_bit_6_48.dqdimacs,70,141
./benchmark_tests/original/Biere/adder_3_6/pec_adder_3_bit_6_48.dqdimacs,71,139
./benchmark_tests/original/Biere/adder_3_6/pec_adder_3_bit_6_48.dqdimacs,72,140
./benchmark_tests/original/Biere/adder_3_6/pec_adder_3_bit_6_48.dqdimacs,73,139
./benchmark_tests/original/Biere/adder_3_6/pec_adder_3_bit_6_48.dqdimacs,74,140
./benchmark_tests/original/Biere/adder_3_6/pec_adder_3_bit_6_48.dqdimacs,75,140
./benchmark_tests/original/Biere/adder_3_6/pec_adder_3_bit_6_48.dqdimacs,76,141
./benchmark_tests/original/Biere/adder_3_6/pec_adder_3_bit_6_48.dqdimacs,77,140
./benchmark_tests/original/Biere/adder_3_6/pec_adder_3_bit_6_48.dqdimacs,78,139
./benchmark_tests/original/Biere/adder_3_6/pec_adder_3_bit_6_48.dqdimacs,79,139
./benchmark_tests/original/Biere/adder_3_6/pec_adder_3_bit_6_48.dqdimacs,80,141
./benchmark_tests/original/Biere/adder_3_6/pec_adder_3_bit_6_48.dqdimacs,81,141
./benchmark_tests/original/Biere/adder_3_6/pec_adder_3_bit_6_48.dqdimacs,82,139
./benchmark_tests/original/Biere/adder_3_6/pec_adder_3_bit_6_48.dqdimacs,83,140
./benchmark_tests/original/Biere/adder_3_6/pec_adder_3_bit_6_48.dqdimacs,84,141
./benchmark_tests/original/Biere/adder_3_6/pec_adder_3_bit_6_48.dqdimacs,85,138
./benchmark_tests/original/Biere/adder_3_6/pec_adder_3_bit_6_49.dqdimacs,4,242
./benchmark_tests/original/Biere/adder_3_6/pec_adder_3_bit_6_49.dqdimacs,5,183
./benchmark_tests/original/Biere/adder_3_6/pec_adder_3_bit_6_49.dqdimacs,6,165
./benchmark_tests/original/Biere/adder_3_6/pec_adder_3_bit_6_49.dqdimacs,10,165
./benchmark_tests/original/Biere/adder_3_6/pec_adder_3_bit_6_49.dqdimacs,11,164
./benchmark_tests/original/Biere/adder_3_6/pec_adder_3_bit_6_49.dqdimacs,12,165
./benchmark_tests/original/Biere/adder_3_6/pec_adder_3_bit_6_49.dqdimacs,13,161
./benchmark_tests/original/Biere/adder_3_6/pec_adder_3_bit_6_49.dqdimacs,17,165
./benchmark_tests/original/Biere/adder_3_6/pec_adder_3_bit_6_49.dqdimacs,18,161
./benchmark_tests/original/Biere/adder_3_6/pec_adder_3_bit_6_49.dqdimacs,19,151
./benchmark_tests/original/Biere/adder_3_6/pec_adder_3_bit_6_49.dqdimacs,20,140
./benchmark_tests/original/Biere/adder_3_6/pec_adder_3_bit_6_49.dqdimacs,22,127
./benchmark_tests/original/Biere/adder_3_6/pec_adder_3_bit_6_49.dqdimacs,23,115
./benchmark_tests/original/Biere/adder_3_6/pec_adder_3_bit_6_49.dqdimacs,24,107
./benchmark_tests/original/Biere/adder_3_6/pec_adder_3_bit_6_49.dqdimacs,25,99
./benchmark_tests/original/Biere/adder_3_6/pec_adder_3_bit_6_49.dqdimacs,26,92
./benchmark_tests/original/Biere/adder_3_6/pec_adder_3_bit_6_49.dqdimacs,27,90
./benchmark_tests/original/Biere/adder_3_6/pec_adder_3_bit_6_49.dqdimacs,29,88
./benchmark_tests/original/Biere/adder_3_6/pec_adder_3_bit_6_49.dqdimacs,30,88
./benchmark_tests/original/Biere/adder_3_6/pec_adder_3_bit_6_49.dqdimacs,31,87
./benchmark_tests/original/Biere/adder_3_6/pec_adder_3_bit_6_49.dqdimacs,32,90
./benchmark_tests/original/Biere/adder_3_6/pec_adder_3_bit_6_49.dqdimacs,34,88
./benchmark_tests/original/Biere/adder_3_6/pec_adder_3_bit_6_49.dqdimacs,35,93
./benchmark_tests/original/Biere/adder_3_6/pec_adder_3_bit_6_49.dqdimacs,36,90
./benchmark_tests/original/Biere/adder_3_6/pec_adder_3_bit_6_49.dqdimacs,38,87
./benchmark_tests/original/Biere/adder_3_6/pec_adder_3_bit_6_49.dqdimacs,39,88
./benchmark_tests/original/Biere/adder_3_6/pec_adder_3_bit_6_49.dqdimacs,40,86
./benchmark_tests/original/Biere/adder_3_6/pec_adder_3_bit_6_49.dqdimacs,41,88
./benchmark_tests/original/Biere/adder_3_6/pec_adder_3_bit_6_49.dqdimacs,43,88
./benchmark_tests/original/Biere/adder_3_6/pec_adder_3_bit_6_49.dqdimacs,44,88
./benchmark_tests/original/Biere/adder_3_6/pec_adder_3_bit_6_49.dqdimacs,45,89
./benchmark_tests/original/Biere/adder_3_6/pec_adder_3_bit_6_49.dqdimacs,47,88
./benchmark_tests/original/Biere/adder_3_6/pec_adder_3_bit_6_49.dqdimacs,48,86
./benchmark_tests/original/Biere/adder_3_6/pec_adder_3_bit_6_49.dqdimacs,49,90
./benchmark_tests/original/Biere/adder_3_6/pec_adder_3_bit_6_49.dqdimacs,51,87
./benchmark_tests/original/Biere/adder_3_6/pec_adder_3_bit_6_49.dqdimacs,52,88
./benchmark_tests/original/Biere/adder_3_6/pec_adder_3_bit_6_49.dqdimacs,53,88
./benchmark_tests/original/Biere/adder_3_6/pec_adder_3_bit_6_49.dqdimacs,54,90
./benchmark_tests/original/Biere/adder_3_6/pec_adder_3_bit_6_49.dqdimacs,56,89
./benchmark_tests/original/Biere/adder_3_6/pec_adder_3_bit_6_49.dqdimacs,57,88
./benchmark_tests/original/Biere/adder_3_6/pec_adder_3_bit_6_49.dqdimacs,58,90
./benchmark_tests/original/Biere/adder_3_6/pec_adder_3_bit_6_49.dqdimacs,60,88
./benchmark_tests/original/Biere/adder_3_6/pec_adder_3_bit_6_49.dqdimacs,61,88
./benchmark_tests/original/Biere/adder_3_6/pec_adder_3_bit_6_49.dqdimacs,62,88
./benchmark_tests/original/Biere/adder_3_6/pec_adder_3_bit_6_49.dqdimacs,63,90
./benchmark_tests/original/Biere/adder_3_6/pec_adder_3_bit_6_49.dqdimacs,65,86
./benchmark_tests/original/Biere/adder_3_6/pec_adder_3_bit_6_49.dqdimacs,66,88
./benchmark_tests/original/Biere/adder_3_6/pec_adder_3_bit_6_49.dqdimacs,67,89
./benchmark_tests/original/Biere/adder_3_6/pec_adder_3_bit_6_49.dqdimacs,68,90
./benchmark_tests/original/Biere/adder_3_6/pec_adder_3_bit_6_49.dqdimacs,70,88
./benchmark_tests/original/Biere/adder_3_6/pec_adder_3_bit_6_49.dqdimacs,71,88
./benchmark_tests/original/Biere/adder_3_6/pec_adder_3_bit_6_49.dqdimacs,72,89
./benchmark_tests/original/Biere/adder_3_6/pec_adder_3_bit_6_49.dqdimacs,73,89
./benchmark_tests/original/Biere/adder_3_6/pec_adder_3_bit_6_49.dqdimacs,74,87
./benchmark_tests/original/Biere/adder_3_6/pec_adder_3_bit_6_49.dqdimacs,75,89
./benchmark_tests/original/Biere/adder_3_6/pec_adder_3_bit_6_49.dqdimacs,76,89
./benchmark_tests/original/Biere/adder_3_6/pec_adder_3_bit_6_49.dqdimacs,77,88
./benchmark_tests/original/Biere/adder_3_6/pec_adder_3_bit_6_49.dqdimacs,78,88
./benchmark_tests/original/Biere/adder_3_6/pec_adder_3_bit_6_49.dqdimacs,79,88
./benchmark_tests/original/Biere/adder_3_6/pec_adder_3_bit_6_49.dqdimacs,80,87
./benchmark_tests/original/Biere/adder_3_6/pec_adder_3_bit_6_49.dqdimacs,81,88
./benchmark_tests/original/Biere/adder_3_6/pec_adder_3_bit_6_49.dqdimacs,82,88
./benchmark_tests/original/Biere/adder_3_6/pec_adder_3_bit_6_49.dqdimacs,83,88
./benchmark_tests/original/Biere/adder_3_6/pec_adder_3_bit_6_49.dqdimacs,84,86
./benchmark_tests/original/Biere/adder_3_6/pec_adder_3_bit_6_49.dqdimacs,85,88
./benchmark_tests/original/Biere/adder_3_6/pec_adder_3_bit_6_49.dqdimacs,86,87
./benchmark_tests/original/Biere/adder_3_6/pec_adder_3_bit_6_49.dqdimacs,87,88
./benchmark_tests/original/Biere/adder_3_6/pec_adder_3_bit_6_49.dqdimacs,88,88
./benchmark_tests/original/Biere/adder_3_6/pec_adder_3_bit_6_49.dqdimacs,89,88
./benchmark_tests/original/Biere/adder_3_6/pec_adder_3_bit_6_49.dqdimacs,90,88
./benchmark_tests/original/Biere/adder_3_6/pec_adder_3_bit_6_4.dqdimacs,4,645
./benchmark_tests/original/Biere/adder_3_6/pec_adder_3_bit_6_4.dqdimacs,5,602
./benchmark_tests/original/Biere/adder_3_6/pec_adder_3_bit_6_4.dqdimacs,6,568
./benchmark_tests/original/Biere/adder_3_6/pec_adder_3_bit_6_4.dqdimacs,10,423
./benchmark_tests/original/Biere/adder_3_6/pec_adder_3_bit_6_4.dqdimacs,11,327
./benchmark_tests/original/Biere/adder_3_6/pec_adder_3_bit_6_4.dqdimacs,12,315
./benchmark_tests/original/Biere/adder_3_6/pec_adder_3_bit_6_4.dqdimacs,13,315
./benchmark_tests/original/Biere/adder_3_6/pec_adder_3_bit_6_4.dqdimacs,17,314
./benchmark_tests/original/Biere/adder_3_6/pec_adder_3_bit_6_4.dqdimacs,18,315
./benchmark_tests/original/Biere/adder_3_6/pec_adder_3_bit_6_4.dqdimacs,19,315
./benchmark_tests/original/Biere/adder_3_6/pec_adder_3_bit_6_4.dqdimacs,20,316
./benchmark_tests/original/Biere/adder_3_6/pec_adder_3_bit_6_4.dqdimacs,22,315
./benchmark_tests/original/Biere/adder_3_6/pec_adder_3_bit_6_4.dqdimacs,23,319
./benchmark_tests/original/Biere/adder_3_6/pec_adder_3_bit_6_4.dqdimacs,24,320
./benchmark_tests/original/Biere/adder_3_6/pec_adder_3_bit_6_4.dqdimacs,25,320
./benchmark_tests/original/Biere/adder_3_6/pec_adder_3_bit_6_4.dqdimacs,26,320
./benchmark_tests/original/Biere/adder_3_6/pec_adder_3_bit_6_4.dqdimacs,27,321
./benchmark_tests/original/Biere/adder_3_6/pec_adder_3_bit_6_4.dqdimacs,29,319
./benchmark_tests/original/Biere/adder_3_6/pec_adder_3_bit_6_4.dqdimacs,30,315
./benchmark_tests/original/Biere/adder_3_6/pec_adder_3_bit_6_4.dqdimacs,31,316
./benchmark_tests/original/Biere/adder_3_6/pec_adder_3_bit_6_4.dqdimacs,32,321
./benchmark_tests/original/Biere/adder_3_6/pec_adder_3_bit_6_4.dqdimacs,34,319
./benchmark_tests/original/Biere/adder_3_6/pec_adder_3_bit_6_4.dqdimacs,35,315
./benchmark_tests/original/Biere/adder_3_6/pec_adder_3_bit_6_4.dqdimacs,36,321
./benchmark_tests/original/Biere/adder_3_6/pec_adder_3_bit_6_4.dqdimacs,38,316
./benchmark_tests/original/Biere/adder_3_6/pec_adder_3_bit_6_4.dqdimacs,39,318
./benchmark_tests/original/Biere/adder_3_6/pec_adder_3_bit_6_4.dqdimacs,40,321
./benchmark_tests/original/Biere/adder_3_6/pec_adder_3_bit_6_4.dqdimacs,42,315
./benchmark_tests/original/Biere/adder_3_6/pec_adder_3_bit_6_4.dqdimacs,43,315
./benchmark_tests/original/Biere/adder_3_6/pec_adder_3_bit_6_4.dqdimacs,44,315
./benchmark_tests/original/Biere/adder_3_6/pec_adder_3_bit_6_4.dqdimacs,45,315
./benchmark_tests/original/Biere/adder_3_6/pec_adder_3_bit_6_4.dqdimacs,46,318
./benchmark_tests/original/Biere/adder_3_6/pec_adder_3_bit_6_4.dqdimacs,48,315
./benchmark_tests/original/Biere/adder_3_6/pec_adder_3_bit_6_4.dqdimacs,49,315
./benchmark_tests/original/Biere/adder_3_6/pec_adder_3_bit_6_4.dqdimacs,50,318
./benchmark_tests/original/Biere/adder_3_6/pec_adder_3_bit_6_4.dqdimacs,52,315
./benchmark_tests/original/Biere/adder_3_6/pec_adder_3_bit_6_4.dqdimacs,53,316
./benchmark_tests/original/Biere/adder_3_6/pec_adder_3_bit_6_4.dqdimacs,54,316
./benchmark_tests/original/Biere/adder_3_6/pec_adder_3_bit_6_4.dqdimacs,55,317
./benchmark_tests/original/Biere/adder_3_6/pec_adder_3_bit_6_4.dqdimacs,57,316
./benchmark_tests/original/Biere/adder_3_6/pec_adder_3_bit_6_4.dqdimacs,58,316
./benchmark_tests/original/Biere/adder_3_6/pec_adder_3_bit_6_4.dqdimacs,59,314
./benchmark_tests/original/Biere/adder_3_6/pec_adder_3_bit_6_4.dqdimacs,61,303
./benchmark_tests/original/Biere/adder_3_6/pec_adder_3_bit_6_4.dqdimacs,62,301
./benchmark_tests/original/Biere/adder_3_6/pec_adder_3_bit_6_4.dqdimacs,63,303
./benchmark_tests/original/Biere/adder_3_6/pec_adder_3_bit_6_4.dqdimacs,65,301
./benchmark_tests/original/Biere/adder_3_6/pec_adder_3_bit_6_4.dqdimacs,66,301
./benchmark_tests/original/Biere/adder_3_6/pec_adder_3_bit_6_4.dqdimacs,67,306
./benchmark_tests/original/Biere/adder_3_6/pec_adder_3_bit_6_4.dqdimacs,68,304
./benchmark_tests/original/Biere/adder_3_6/pec_adder_3_bit_6_4.dqdimacs,70,304
./benchmark_tests/original/Biere/adder_3_6/pec_adder_3_bit_6_4.dqdimacs,71,304
./benchmark_tests/original/Biere/adder_3_6/pec_adder_3_bit_6_4.dqdimacs,72,301
./benchmark_tests/original/Biere/adder_3_6/pec_adder_3_bit_6_4.dqdimacs,73,304
./benchmark_tests/original/Biere/adder_3_6/pec_adder_3_bit_6_4.dqdimacs,74,302
./benchmark_tests/original/Biere/adder_3_6/pec_adder_3_bit_6_4.dqdimacs,75,304
./benchmark_tests/original/Biere/adder_3_6/pec_adder_3_bit_6_4.dqdimacs,76,305
./benchmark_tests/original/Biere/adder_3_6/pec_adder_3_bit_6_4.dqdimacs,77,303
./benchmark_tests/original/Biere/adder_3_6/pec_adder_3_bit_6_4.dqdimacs,78,312
./benchmark_tests/original/Biere/adder_3_6/pec_adder_3_bit_6_4.dqdimacs,79,306
./benchmark_tests/original/Biere/adder_3_6/pec_adder_3_bit_6_4.dqdimacs,80,306
./benchmark_tests/original/Biere/adder_3_6/pec_adder_3_bit_6_4.dqdimacs,81,307
./benchmark_tests/original/Biere/adder_3_6/pec_adder_3_bit_6_4.dqdimacs,82,302
./benchmark_tests/original/Biere/adder_3_6/pec_adder_3_bit_6_4.dqdimacs,83,301
./benchmark_tests/original/Biere/adder_3_6/pec_adder_3_bit_6_4.dqdimacs,84,301
./benchmark_tests/original/Biere/adder_3_6/pec_adder_3_bit_6_4.dqdimacs,85,302
./benchmark_tests/original/Biere/adder_3_6/pec_adder_3_bit_6_4.dqdimacs,86,302
./benchmark_tests/original/Biere/adder_3_6/pec_adder_3_bit_6_4.dqdimacs,87,302
./benchmark_tests/original/Biere/adder_3_6/pec_adder_3_bit_6_4.dqdimacs,88,304
./benchmark_tests/original/Biere/adder_3_6/pec_adder_3_bit_6_4.dqdimacs,89,301
./benchmark_tests/original/Biere/adder_3_6/pec_adder_3_bit_6_4.dqdimacs,90,301
./benchmark_tests/original/Biere/adder_3_6/pec_adder_3_bit_6_50.dqdimacs,4,393
./benchmark_tests/original/Biere/adder_3_6/pec_adder_3_bit_6_50.dqdimacs,5,342
./benchmark_tests/original/Biere/adder_3_6/pec_adder_3_bit_6_50.dqdimacs,6,342
./benchmark_tests/original/Biere/adder_3_6/pec_adder_3_bit_6_50.dqdimacs,10,343
./benchmark_tests/original/Biere/adder_3_6/pec_adder_3_bit_6_50.dqdimacs,11,323
./benchmark_tests/original/Biere/adder_3_6/pec_adder_3_bit_6_50.dqdimacs,12,272
./benchmark_tests/original/Biere/adder_3_6/pec_adder_3_bit_6_50.dqdimacs,13,229
./benchmark_tests/original/Biere/adder_3_6/pec_adder_3_bit_6_50.dqdimacs,17,195
./benchmark_tests/original/Biere/adder_3_6/pec_adder_3_bit_6_50.dqdimacs,18,183
./benchmark_tests/original/Biere/adder_3_6/pec_adder_3_bit_6_50.dqdimacs,19,183
./benchmark_tests/original/Biere/adder_3_6/pec_adder_3_bit_6_50.dqdimacs,20,184
./benchmark_tests/original/Biere/adder_3_6/pec_adder_3_bit_6_50.dqdimacs,22,183
./benchmark_tests/original/Biere/adder_3_6/pec_adder_3_bit_6_50.dqdimacs,23,184
./benchmark_tests/original/Biere/adder_3_6/pec_adder_3_bit_6_50.dqdimacs,24,183
./benchmark_tests/original/Biere/adder_3_6/pec_adder_3_bit_6_50.dqdimacs,25,183
./benchmark_tests/original/Biere/adder_3_6/pec_adder_3_bit_6_50.dqdimacs,26,182
./benchmark_tests/original/Biere/adder_3_6/pec_adder_3_bit_6_50.dqdimacs,27,184
./benchmark_tests/original/Biere/adder_3_6/pec_adder_3_bit_6_50.dqdimacs,29,182
./benchmark_tests/original/Biere/adder_3_6/pec_adder_3_bit_6_50.dqdimacs,30,182
./benchmark_tests/original/Biere/adder_3_6/pec_adder_3_bit_6_50.dqdimacs,31,184
./benchmark_tests/original/Biere/adder_3_6/pec_adder_3_bit_6_50.dqdimacs,33,182
./benchmark_tests/original/Biere/adder_3_6/pec_adder_3_bit_6_50.dqdimacs,34,182
./benchmark_tests/original/Biere/adder_3_6/pec_adder_3_bit_6_50.dqdimacs,35,187
./benchmark_tests/original/Biere/adder_3_6/pec_adder_3_bit_6_50.dqdimacs,37,183
./benchmark_tests/original/Biere/adder_3_6/pec_adder_3_bit_6_50.dqdimacs,38,183
./benchmark_tests/original/Biere/adder_3_6/pec_adder_3_bit_6_50.dqdimacs,39,187
./benchmark_tests/original/Biere/adder_3_6/pec_adder_3_bit_6_50.dqdimacs,41,183
./benchmark_tests/original/Biere/adder_3_6/pec_adder_3_bit_6_50.dqdimacs,42,181
./benchmark_tests/original/Biere/adder_3_6/pec_adder_3_bit_6_50.dqdimacs,43,184
./benchmark_tests/original/Biere/adder_3_6/pec_adder_3_bit_6_50.dqdimacs,45,179
./benchmark_tests/original/Biere/adder_3_6/pec_adder_3_bit_6_50.dqdimacs,46,179
./benchmark_tests/original/Biere/adder_3_6/pec_adder_3_bit_6_50.dqdimacs,47,179
./benchmark_tests/original/Biere/adder_3_6/pec_adder_3_bit_6_50.dqdimacs,48,181
./benchmark_tests/original/Biere/adder_3_6/pec_adder_3_bit_6_50.dqdimacs,50,180
./benchmark_tests/original/Biere/adder_3_6/pec_adder_3_bit_6_50.dqdimacs,51,181
./benchmark_tests/original/Biere/adder_3_6/pec_adder_3_bit_6_50.dqdimacs,52,181
./benchmark_tests/original/Biere/adder_3_6/pec_adder_3_bit_6_50.dqdimacs,53,182
./benchmark_tests/original/Biere/adder_3_6/pec_adder_3_bit_6_50.dqdimacs,55,180
./benchmark_tests/original/Biere/adder_3_6/pec_adder_3_bit_6_50.dqdimacs,56,181
./benchmark_tests/original/Biere/adder_3_6/pec_adder_3_bit_6_50.dqdimacs,57,181
./benchmark_tests/original/Biere/adder_3_6/pec_adder_3_bit_6_50.dqdimacs,58,180
./benchmark_tests/original/Biere/adder_3_6/pec_adder_3_bit_6_50.dqdimacs,59,181
./benchmark_tests/original/Biere/adder_3_6/pec_adder_3_bit_6_50.dqdimacs,60,181
./benchmark_tests/original/Biere/adder_3_6/pec_adder_3_bit_6_50.dqdimacs,62,179
./benchmark_tests/original/Biere/adder_3_6/pec_adder_3_bit_6_50.dqdimacs,63,180
./benchmark_tests/original/Biere/adder_3_6/pec_adder_3_bit_6_50.dqdimacs,64,182
./benchmark_tests/original/Biere/adder_3_6/pec_adder_3_bit_6_50.dqdimacs,65,183
./benchmark_tests/original/Biere/adder_3_6/pec_adder_3_bit_6_50.dqdimacs,66,180
./benchmark_tests/original/Biere/adder_3_6/pec_adder_3_bit_6_50.dqdimacs,67,179
./benchmark_tests/original/Biere/adder_3_6/pec_adder_3_bit_6_50.dqdimacs,68,179
./benchmark_tests/original/Biere/adder_3_6/pec_adder_3_bit_6_50.dqdimacs,69,180
./benchmark_tests/original/Biere/adder_3_6/pec_adder_3_bit_6_50.dqdimacs,70,180
./benchmark_tests/original/Biere/adder_3_6/pec_adder_3_bit_6_50.dqdimacs,71,179
./benchmark_tests/original/Biere/adder_3_6/pec_adder_3_bit_6_50.dqdimacs,72,179
./benchmark_tests/original/Biere/adder_3_6/pec_adder_3_bit_6_50.dqdimacs,73,179
./benchmark_tests/original/Biere/adder_3_6/pec_adder_3_bit_6_50.dqdimacs,74,179
./benchmark_tests/original/Biere/adder_3_6/pec_adder_3_bit_6_50.dqdimacs,75,179
./benchmark_tests/original/Biere/adder_3_6/pec_adder_3_bit_6_50.dqdimacs,76,180
./benchmark_tests/original/Biere/adder_3_6/pec_adder_3_bit_6_50.dqdimacs,77,180
./benchmark_tests/original/Biere/adder_3_6/pec_adder_3_bit_6_50.dqdimacs,78,180
./benchmark_tests/original/Biere/adder_3_6/pec_adder_3_bit_6_50.dqdimacs,79,179
./benchmark_tests/original/Biere/adder_3_6/pec_adder_3_bit_6_50.dqdimacs,80,181
./benchmark_tests/original/Biere/adder_3_6/pec_adder_3_bit_6_50.dqdimacs,81,180
./benchmark_tests/original/Biere/adder_3_6/pec_adder_3_bit_6_50.dqdimacs,82,180
./benchmark_tests/original/Biere/adder_3_6/pec_adder_3_bit_6_51.dqdimacs,4,530
./benchmark_tests/original/Biere/adder_3_6/pec_adder_3_bit_6_51.dqdimacs,5,478
./benchmark_tests/original/Biere/adder_3_6/pec_adder_3_bit_6_51.dqdimacs,6,476
./benchmark_tests/original/Biere/adder_3_6/pec_adder_3_bit_6_51.dqdimacs,10,428
./benchmark_tests/original/Biere/adder_3_6/pec_adder_3_bit_6_51.dqdimacs,11,333
./benchmark_tests/original/Biere/adder_3_6/pec_adder_3_bit_6_51.dqdimacs,12,268
./benchmark_tests/original/Biere/adder_3_6/pec_adder_3_bit_6_51.dqdimacs,13,258
./benchmark_tests/original/Biere/adder_3_6/pec_adder_3_bit_6_51.dqdimacs,17,257
./benchmark_tests/original/Biere/adder_3_6/pec_adder_3_bit_6_51.dqdimacs,18,258
./benchmark_tests/original/Biere/adder_3_6/pec_adder_3_bit_6_51.dqdimacs,19,257
./benchmark_tests/original/Biere/adder_3_6/pec_adder_3_bit_6_51.dqdimacs,20,256
./benchmark_tests/original/Biere/adder_3_6/pec_adder_3_bit_6_51.dqdimacs,22,254
./benchmark_tests/original/Biere/adder_3_6/pec_adder_3_bit_6_51.dqdimacs,23,257
./benchmark_tests/original/Biere/adder_3_6/pec_adder_3_bit_6_51.dqdimacs,24,254
./benchmark_tests/original/Biere/adder_3_6/pec_adder_3_bit_6_51.dqdimacs,25,254
./benchmark_tests/original/Biere/adder_3_6/pec_adder_3_bit_6_51.dqdimacs,26,254
./benchmark_tests/original/Biere/adder_3_6/pec_adder_3_bit_6_51.dqdimacs,27,258
./benchmark_tests/original/Biere/adder_3_6/pec_adder_3_bit_6_51.dqdimacs,29,253
./benchmark_tests/original/Biere/adder_3_6/pec_adder_3_bit_6_51.dqdimacs,30,254
./benchmark_tests/original/Biere/adder_3_6/pec_adder_3_bit_6_51.dqdimacs,31,257
./benchmark_tests/original/Biere/adder_3_6/pec_adder_3_bit_6_51.dqdimacs,33,253
./benchmark_tests/original/Biere/adder_3_6/pec_adder_3_bit_6_51.dqdimacs,34,254
./benchmark_tests/original/Biere/adder_3_6/pec_adder_3_bit_6_51.dqdimacs,35,256
./benchmark_tests/original/Biere/adder_3_6/pec_adder_3_bit_6_51.dqdimacs,37,254
./benchmark_tests/original/Biere/adder_3_6/pec_adder_3_bit_6_51.dqdimacs,38,255
./benchmark_tests/original/Biere/adder_3_6/pec_adder_3_bit_6_51.dqdimacs,39,257
./benchmark_tests/original/Biere/adder_3_6/pec_adder_3_bit_6_51.dqdimacs,40,259
./benchmark_tests/original/Biere/adder_3_6/pec_adder_3_bit_6_51.dqdimacs,42,258
./benchmark_tests/original/Biere/adder_3_6/pec_adder_3_bit_6_51.dqdimacs,43,257
./benchmark_tests/original/Biere/adder_3_6/pec_adder_3_bit_6_51.dqdimacs,44,255
./benchmark_tests/original/Biere/adder_3_6/pec_adder_3_bit_6_51.dqdimacs,46,253
./benchmark_tests/original/Biere/adder_3_6/pec_adder_3_bit_6_51.dqdimacs,47,254
./benchmark_tests/original/Biere/adder_3_6/pec_adder_3_bit_6_51.dqdimacs,48,255
./benchmark_tests/original/Biere/adder_3_6/pec_adder_3_bit_6_51.dqdimacs,49,256
./benchmark_tests/original/Biere/adder_3_6/pec_adder_3_bit_6_51.dqdimacs,51,258
./benchmark_tests/original/Biere/adder_3_6/pec_adder_3_bit_6_51.dqdimacs,52,255
./benchmark_tests/original/Biere/adder_3_6/pec_adder_3_bit_6_51.dqdimacs,53,256
./benchmark_tests/original/Biere/adder_3_6/pec_adder_3_bit_6_51.dqdimacs,55,256
./benchmark_tests/original/Biere/adder_3_6/pec_adder_3_bit_6_51.dqdimacs,56,257
./benchmark_tests/original/Biere/adder_3_6/pec_adder_3_bit_6_51.dqdimacs,57,256
./benchmark_tests/original/Biere/adder_3_6/pec_adder_3_bit_6_51.dqdimacs,59,254
./benchmark_tests/original/Biere/adder_3_6/pec_adder_3_bit_6_51.dqdimacs,60,257
./benchmark_tests/original/Biere/adder_3_6/pec_adder_3_bit_6_51.dqdimacs,61,256
./benchmark_tests/original/Biere/adder_3_6/pec_adder_3_bit_6_51.dqdimacs,62,258
./benchmark_tests/original/Biere/adder_3_6/pec_adder_3_bit_6_51.dqdimacs,63,254
./benchmark_tests/original/Biere/adder_3_6/pec_adder_3_bit_6_51.dqdimacs,64,251
./benchmark_tests/original/Biere/adder_3_6/pec_adder_3_bit_6_51.dqdimacs,65,251
./benchmark_tests/original/Biere/adder_3_6/pec_adder_3_bit_6_51.dqdimacs,66,250
./benchmark_tests/original/Biere/adder_3_6/pec_adder_3_bit_6_51.dqdimacs,67,250
./benchmark_tests/original/Biere/adder_3_6/pec_adder_3_bit_6_51.dqdimacs,68,250
./benchmark_tests/original/Biere/adder_3_6/pec_adder_3_bit_6_51.dqdimacs,69,250
./benchmark_tests/original/Biere/adder_3_6/pec_adder_3_bit_6_51.dqdimacs,70,250
./benchmark_tests/original/Biere/adder_3_6/pec_adder_3_bit_6_51.dqdimacs,71,251
./benchmark_tests/original/Biere/adder_3_6/pec_adder_3_bit_6_51.dqdimacs,72,251
./benchmark_tests/original/Biere/adder_3_6/pec_adder_3_bit_6_51.dqdimacs,73,251
./benchmark_tests/original/Biere/adder_3_6/pec_adder_3_bit_6_51.dqdimacs,74,251
./benchmark_tests/original/Biere/adder_3_6/pec_adder_3_bit_6_51.dqdimacs,75,251
./benchmark_tests/original/Biere/adder_3_6/pec_adder_3_bit_6_51.dqdimacs,76,251
./benchmark_tests/original/Biere/adder_3_6/pec_adder_3_bit_6_51.dqdimacs,77,251
./benchmark_tests/original/Biere/adder_3_6/pec_adder_3_bit_6_51.dqdimacs,78,251
./benchmark_tests/original/Biere/adder_3_6/pec_adder_3_bit_6_51.dqdimacs,79,249
./benchmark_tests/original/Biere/adder_3_6/pec_adder_3_bit_6_51.dqdimacs,80,250
./benchmark_tests/original/Biere/adder_3_6/pec_adder_3_bit_6_51.dqdimacs,81,250
./benchmark_tests/original/Biere/adder_3_6/pec_adder_3_bit_6_51.dqdimacs,82,250
./benchmark_tests/original/Biere/adder_3_6/pec_adder_3_bit_6_52.dqdimacs,4,241
./benchmark_tests/original/Biere/adder_3_6/pec_adder_3_bit_6_52.dqdimacs,5,188
./benchmark_tests/original/Biere/adder_3_6/pec_adder_3_bit_6_52.dqdimacs,6,167
./benchmark_tests/original/Biere/adder_3_6/pec_adder_3_bit_6_52.dqdimacs,10,166
./benchmark_tests/original/Biere/adder_3_6/pec_adder_3_bit_6_52.dqdimacs,11,167
./benchmark_tests/original/Biere/adder_3_6/pec_adder_3_bit_6_52.dqdimacs,12,167
./benchmark_tests/original/Biere/adder_3_6/pec_adder_3_bit_6_52.dqdimacs,13,168
./benchmark_tests/original/Biere/adder_3_6/pec_adder_3_bit_6_52.dqdimacs,17,168
./benchmark_tests/original/Biere/adder_3_6/pec_adder_3_bit_6_52.dqdimacs,18,163
./benchmark_tests/original/Biere/adder_3_6/pec_adder_3_bit_6_52.dqdimacs,19,152
./benchmark_tests/original/Biere/adder_3_6/pec_adder_3_bit_6_52.dqdimacs,20,140
./benchmark_tests/original/Biere/adder_3_6/pec_adder_3_bit_6_52.dqdimacs,22,127
./benchmark_tests/original/Biere/adder_3_6/pec_adder_3_bit_6_52.dqdimacs,23,116
./benchmark_tests/original/Biere/adder_3_6/pec_adder_3_bit_6_52.dqdimacs,24,106
./benchmark_tests/original/Biere/adder_3_6/pec_adder_3_bit_6_52.dqdimacs,25,97
./benchmark_tests/original/Biere/adder_3_6/pec_adder_3_bit_6_52.dqdimacs,26,92
./benchmark_tests/original/Biere/adder_3_6/pec_adder_3_bit_6_52.dqdimacs,27,90
./benchmark_tests/original/Biere/adder_3_6/pec_adder_3_bit_6_52.dqdimacs,29,89
./benchmark_tests/original/Biere/adder_3_6/pec_adder_3_bit_6_52.dqdimacs,30,90
./benchmark_tests/original/Biere/adder_3_6/pec_adder_3_bit_6_52.dqdimacs,31,91
./benchmark_tests/original/Biere/adder_3_6/pec_adder_3_bit_6_52.dqdimacs,33,94
./benchmark_tests/original/Biere/adder_3_6/pec_adder_3_bit_6_52.dqdimacs,34,89
./benchmark_tests/original/Biere/adder_3_6/pec_adder_3_bit_6_52.dqdimacs,35,91
./benchmark_tests/original/Biere/adder_3_6/pec_adder_3_bit_6_52.dqdimacs,37,89
./benchmark_tests/original/Biere/adder_3_6/pec_adder_3_bit_6_52.dqdimacs,38,89
./benchmark_tests/original/Biere/adder_3_6/pec_adder_3_bit_6_52.dqdimacs,39,89
./benchmark_tests/original/Biere/adder_3_6/pec_adder_3_bit_6_52.dqdimacs,40,90
./benchmark_tests/original/Biere/adder_3_6/pec_adder_3_bit_6_52.dqdimacs,42,90
./benchmark_tests/original/Biere/adder_3_6/pec_adder_3_bit_6_52.dqdimacs,43,90
./benchmark_tests/original/Biere/adder_3_6/pec_adder_3_bit_6_52.dqdimacs,44,88
./benchmark_tests/original/Biere/adder_3_6/pec_adder_3_bit_6_52.dqdimacs,45,89
./benchmark_tests/original/Biere/adder_3_6/pec_adder_3_bit_6_52.dqdimacs,47,89
./benchmark_tests/original/Biere/adder_3_6/pec_adder_3_bit_6_52.dqdimacs,48,89
./benchmark_tests/original/Biere/adder_3_6/pec_adder_3_bit_6_52.dqdimacs,49,88
./benchmark_tests/original/Biere/adder_3_6/pec_adder_3_bit_6_52.dqdimacs,50,91
./benchmark_tests/original/Biere/adder_3_6/pec_adder_3_bit_6_52.dqdimacs,52,90
./benchmark_tests/original/Biere/adder_3_6/pec_adder_3_bit_6_52.dqdimacs,53,90
./benchmark_tests/original/Biere/adder_3_6/pec_adder_3_bit_6_52.dqdimacs,54,91
./benchmark_tests/original/Biere/adder_3_6/pec_adder_3_bit_6_52.dqdimacs,56,88
./benchmark_tests/original/Biere/adder_3_6/pec_adder_3_bit_6_52.dqdimacs,57,89
./benchmark_tests/original/Biere/adder_3_6/pec_adder_3_bit_6_52.dqdimacs,58,89
./benchmark_tests/original/Biere/adder_3_6/pec_adder_3_bit_6_52.dqdimacs,59,90
./benchmark_tests/original/Biere/adder_3_6/pec_adder_3_bit_6_52.dqdimacs,61,89
./benchmark_tests/original/Biere/adder_3_6/pec_adder_3_bit_6_52.dqdimacs,62,89
./benchmark_tests/original/Biere/adder_3_6/pec_adder_3_bit_6_52.dqdimacs,63,91
./benchmark_tests/original/Biere/adder_3_6/pec_adder_3_bit_6_52.dqdimacs,65,89
./benchmark_tests/original/Biere/adder_3_6/pec_adder_3_bit_6_52.dqdimacs,66,89
./benchmark_tests/original/Biere/adder_3_6/pec_adder_3_bit_6_52.dqdimacs,67,91
./benchmark_tests/original/Biere/adder_3_6/pec_adder_3_bit_6_52.dqdimacs,68,89
./benchmark_tests/original/Biere/adder_3_6/pec_adder_3_bit_6_52.dqdimacs,69,89
./benchmark_tests/original/Biere/adder_3_6/pec_adder_3_bit_6_52.dqdimacs,70,89
./benchmark_tests/original/Biere/adder_3_6/pec_adder_3_bit_6_52.dqdimacs,71,89
./benchmark_tests/original/Biere/adder_3_6/pec_adder_3_bit_6_52.dqdimacs,72,88
./benchmark_tests/original/Biere/adder_3_6/pec_adder_3_bit_6_52.dqdimacs,73,88
./benchmark_tests/original/Biere/adder_3_6/pec_adder_3_bit_6_52.dqdimacs,74,88
./benchmark_tests/original/Biere/adder_3_6/pec_adder_3_bit_6_52.dqdimacs,75,91
./benchmark_tests/original/Biere/adder_3_6/pec_adder_3_bit_6_52.dqdimacs,76,88
./benchmark_tests/original/Biere/adder_3_6/pec_adder_3_bit_6_52.dqdimacs,77,88
./benchmark_tests/original/Biere/adder_3_6/pec_adder_3_bit_6_52.dqdimacs,78,90
./benchmark_tests/original/Biere/adder_3_6/pec_adder_3_bit_6_52.dqdimacs,79,89
./benchmark_tests/original/Biere/adder_3_6/pec_adder_3_bit_6_52.dqdimacs,80,88
./benchmark_tests/original/Biere/adder_3_6/pec_adder_3_bit_6_52.dqdimacs,81,89
./benchmark_tests/original/Biere/adder_3_6/pec_adder_3_bit_6_52.dqdimacs,82,89
./benchmark_tests/original/Biere/adder_3_6/pec_adder_3_bit_6_52.dqdimacs,83,88
./benchmark_tests/original/Biere/adder_3_6/pec_adder_3_bit_6_52.dqdimacs,84,89
./benchmark_tests/original/Biere/adder_3_6/pec_adder_3_bit_6_52.dqdimacs,85,88
./benchmark_tests/original/Biere/adder_3_6/pec_adder_3_bit_6_52.dqdimacs,86,89
./benchmark_tests/original/Biere/adder_3_6/pec_adder_3_bit_6_53.dqdimacs,4,443
./benchmark_tests/original/Biere/adder_3_6/pec_adder_3_bit_6_53.dqdimacs,5,389
./benchmark_tests/original/Biere/adder_3_6/pec_adder_3_bit_6_53.dqdimacs,6,390
./benchmark_tests/original/Biere/adder_3_6/pec_adder_3_bit_6_53.dqdimacs,10,385
./benchmark_tests/original/Biere/adder_3_6/pec_adder_3_bit_6_53.dqdimacs,11,333
./benchmark_tests/original/Biere/adder_3_6/pec_adder_3_bit_6_53.dqdimacs,12,270
./benchmark_tests/original/Biere/adder_3_6/pec_adder_3_bit_6_53.dqdimacs,13,226
./benchmark_tests/original/Biere/adder_3_6/pec_adder_3_bit_6_53.dqdimacs,17,210
./benchmark_tests/original/Biere/adder_3_6/pec_adder_3_bit_6_53.dqdimacs,18,208
./benchmark_tests/original/Biere/adder_3_6/pec_adder_3_bit_6_53.dqdimacs,19,209
./benchmark_tests/original/Biere/adder_3_6/pec_adder_3_bit_6_53.dqdimacs,20,208
./benchmark_tests/original/Biere/adder_3_6/pec_adder_3_bit_6_53.dqdimacs,22,209
./benchmark_tests/original/Biere/adder_3_6/pec_adder_3_bit_6_53.dqdimacs,23,209
./benchmark_tests/original/Biere/adder_3_6/pec_adder_3_bit_6_53.dqdimacs,24,209
./benchmark_tests/original/Biere/adder_3_6/pec_adder_3_bit_6_53.dqdimacs,25,209
./benchmark_tests/original/Biere/adder_3_6/pec_adder_3_bit_6_53.dqdimacs,26,209
./benchmark_tests/original/Biere/adder_3_6/pec_adder_3_bit_6_53.dqdimacs,27,209
./benchmark_tests/original/Biere/adder_3_6/pec_adder_3_bit_6_53.dqdimacs,29,208
./benchmark_tests/original/Biere/adder_3_6/pec_adder_3_bit_6_53.dqdimacs,30,208
./benchmark_tests/original/Biere/adder_3_6/pec_adder_3_bit_6_53.dqdimacs,31,211
./benchmark_tests/original/Biere/adder_3_6/pec_adder_3_bit_6_53.dqdimacs,33,209
./benchmark_tests/original/Biere/adder_3_6/pec_adder_3_bit_6_53.dqdimacs,34,210
./benchmark_tests/original/Biere/adder_3_6/pec_adder_3_bit_6_53.dqdimacs,35,211
./benchmark_tests/original/Biere/adder_3_6/pec_adder_3_bit_6_53.dqdimacs,37,207
./benchmark_tests/original/Biere/adder_3_6/pec_adder_3_bit_6_53.dqdimacs,38,206
./benchmark_tests/original/Biere/adder_3_6/pec_adder_3_bit_6_53.dqdimacs,39,206
./benchmark_tests/original/Biere/adder_3_6/pec_adder_3_bit_6_53.dqdimacs,40,208
./benchmark_tests/original/Biere/adder_3_6/pec_adder_3_bit_6_53.dqdimacs,42,207
./benchmark_tests/original/Biere/adder_3_6/pec_adder_3_bit_6_53.dqdimacs,43,205
./benchmark_tests/original/Biere/adder_3_6/pec_adder_3_bit_6_53.dqdimacs,44,205
./benchmark_tests/original/Biere/adder_3_6/pec_adder_3_bit_6_53.dqdimacs,46,205
./benchmark_tests/original/Biere/adder_3_6/pec_adder_3_bit_6_53.dqdimacs,47,205
./benchmark_tests/original/Biere/adder_3_6/pec_adder_3_bit_6_53.dqdimacs,48,206
./benchmark_tests/original/Biere/adder_3_6/pec_adder_3_bit_6_53.dqdimacs,50,204
./benchmark_tests/original/Biere/adder_3_6/pec_adder_3_bit_6_53.dqdimacs,51,205
./benchmark_tests/original/Biere/adder_3_6/pec_adder_3_bit_6_53.dqdimacs,52,206
./benchmark_tests/original/Biere/adder_3_6/pec_adder_3_bit_6_53.dqdimacs,54,205
./benchmark_tests/original/Biere/adder_3_6/pec_adder_3_bit_6_53.dqdimacs,55,205
./benchmark_tests/original/Biere/adder_3_6/pec_adder_3_bit_6_53.dqdimacs,56,206
./benchmark_tests/original/Biere/adder_3_6/pec_adder_3_bit_6_53.dqdimacs,58,204
./benchmark_tests/original/Biere/adder_3_6/pec_adder_3_bit_6_53.dqdimacs,59,204
./benchmark_tests/original/Biere/adder_3_6/pec_adder_3_bit_6_53.dqdimacs,60,204
./benchmark_tests/original/Biere/adder_3_6/pec_adder_3_bit_6_53.dqdimacs,61,205
./benchmark_tests/original/Biere/adder_3_6/pec_adder_3_bit_6_53.dqdimacs,62,205
./benchmark_tests/original/Biere/adder_3_6/pec_adder_3_bit_6_53.dqdimacs,63,206
./benchmark_tests/original/Biere/adder_3_6/pec_adder_3_bit_6_53.dqdimacs,65,205
./benchmark_tests/original/Biere/adder_3_6/pec_adder_3_bit_6_53.dqdimacs,66,204
./benchmark_tests/original/Biere/adder_3_6/pec_adder_3_bit_6_53.dqdimacs,67,207
./benchmark_tests/original/Biere/adder_3_6/pec_adder_3_bit_6_53.dqdimacs,68,204
./benchmark_tests/original/Biere/adder_3_6/pec_adder_3_bit_6_53.dqdimacs,69,203
./benchmark_tests/original/Biere/adder_3_6/pec_adder_3_bit_6_53.dqdimacs,70,204
./benchmark_tests/original/Biere/adder_3_6/pec_adder_3_bit_6_53.dqdimacs,71,204
./benchmark_tests/original/Biere/adder_3_6/pec_adder_3_bit_6_53.dqdimacs,72,204
./benchmark_tests/original/Biere/adder_3_6/pec_adder_3_bit_6_53.dqdimacs,73,204
./benchmark_tests/original/Biere/adder_3_6/pec_adder_3_bit_6_53.dqdimacs,74,204
./benchmark_tests/original/Biere/adder_3_6/pec_adder_3_bit_6_53.dqdimacs,75,204
./benchmark_tests/original/Biere/adder_3_6/pec_adder_3_bit_6_53.dqdimacs,76,204
./benchmark_tests/original/Biere/adder_3_6/pec_adder_3_bit_6_53.dqdimacs,77,203
./benchmark_tests/original/Biere/adder_3_6/pec_adder_3_bit_6_53.dqdimacs,78,204
./benchmark_tests/original/Biere/adder_3_6/pec_adder_3_bit_6_53.dqdimacs,79,204
./benchmark_tests/original/Biere/adder_3_6/pec_adder_3_bit_6_53.dqdimacs,80,203
./benchmark_tests/original/Biere/adder_3_6/pec_adder_3_bit_6_53.dqdimacs,81,203
./benchmark_tests/original/Biere/adder_3_6/pec_adder_3_bit_6_53.dqdimacs,82,204
./benchmark_tests/original/Biere/adder_3_6/pec_adder_3_bit_6_53.dqdimacs,83,204
./benchmark_tests/original/Biere/adder_3_6/pec_adder_3_bit_6_53.dqdimacs,84,204
./benchmark_tests/original/Biere/adder_3_6/pec_adder_3_bit_6_53.dqdimacs,85,205
./benchmark_tests/original/Biere/adder_3_6/pec_adder_3_bit_6_53.dqdimacs,86,206
./benchmark_tests/original/Biere/adder_3_6/pec_adder_3_bit_6_53.dqdimacs,87,205
./benchmark_tests/original/Biere/adder_3_6/pec_adder_3_bit_6_54.dqdimacs,4,322
./benchmark_tests/original/Biere/adder_3_6/pec_adder_3_bit_6_54.dqdimacs,5,272
./benchmark_tests/original/Biere/adder_3_6/pec_adder_3_bit_6_54.dqdimacs,6,271
./benchmark_tests/original/Biere/adder_3_6/pec_adder_3_bit_6_54.dqdimacs,10,271
./benchmark_tests/original/Biere/adder_3_6/pec_adder_3_bit_6_54.dqdimacs,11,270
./benchmark_tests/original/Biere/adder_3_6/pec_adder_3_bit_6_54.dqdimacs,12,260
./benchmark_tests/original/Biere/adder_3_6/pec_adder_3_bit_6_54.dqdimacs,13,231
./benchmark_tests/original/Biere/adder_3_6/pec_adder_3_bit_6_54.dqdimacs,17,195
./benchmark_tests/original/Biere/adder_3_6/pec_adder_3_bit_6_54.dqdimacs,18,172
./benchmark_tests/original/Biere/adder_3_6/pec_adder_3_bit_6_54.dqdimacs,19,151
./benchmark_tests/original/Biere/adder_3_6/pec_adder_3_bit_6_54.dqdimacs,20,143
./benchmark_tests/original/Biere/adder_3_6/pec_adder_3_bit_6_54.dqdimacs,22,142
./benchmark_tests/original/Biere/adder_3_6/pec_adder_3_bit_6_54.dqdimacs,23,143
./benchmark_tests/original/Biere/adder_3_6/pec_adder_3_bit_6_54.dqdimacs,24,142
./benchmark_tests/original/Biere/adder_3_6/pec_adder_3_bit_6_54.dqdimacs,25,143
./benchmark_tests/original/Biere/adder_3_6/pec_adder_3_bit_6_54.dqdimacs,26,143
./benchmark_tests/original/Biere/adder_3_6/pec_adder_3_bit_6_54.dqdimacs,27,144
./benchmark_tests/original/Biere/adder_3_6/pec_adder_3_bit_6_54.dqdimacs,29,142
./benchmark_tests/original/Biere/adder_3_6/pec_adder_3_bit_6_54.dqdimacs,30,142
./benchmark_tests/original/Biere/adder_3_6/pec_adder_3_bit_6_54.dqdimacs,31,144
./benchmark_tests/original/Biere/adder_3_6/pec_adder_3_bit_6_54.dqdimacs,33,141
./benchmark_tests/original/Biere/adder_3_6/pec_adder_3_bit_6_54.dqdimacs,34,142
./benchmark_tests/original/Biere/adder_3_6/pec_adder_3_bit_6_54.dqdimacs,35,142
./benchmark_tests/original/Biere/adder_3_6/pec_adder_3_bit_6_54.dqdimacs,36,142
./benchmark_tests/original/Biere/adder_3_6/pec_adder_3_bit_6_54.dqdimacs,37,142
./benchmark_tests/original/Biere/adder_3_6/pec_adder_3_bit_6_54.dqdimacs,38,142
./benchmark_tests/original/Biere/adder_3_6/pec_adder_3_bit_6_54.dqdimacs,39,142
./benchmark_tests/original/Biere/adder_3_6/pec_adder_3_bit_6_54.dqdimacs,40,143
./benchmark_tests/original/Biere/adder_3_6/pec_adder_3_bit_6_54.dqdimacs,42,143
./benchmark_tests/original/Biere/adder_3_6/pec_adder_3_bit_6_54.dqdimacs,43,143
./benchmark_tests/original/Biere/adder_3_6/pec_adder_3_bit_6_54.dqdimacs,44,144
./benchmark_tests/original/Biere/adder_3_6/pec_adder_3_bit_6_54.dqdimacs,46,142
./benchmark_tests/original/Biere/adder_3_6/pec_adder_3_bit_6_54.dqdimacs,47,142
./benchmark_tests/original/Biere/adder_3_6/pec_adder_3_bit_6_54.dqdimacs,48,143
./benchmark_tests/original/Biere/adder_3_6/pec_adder_3_bit_6_54.dqdimacs,50,143
./benchmark_tests/original/Biere/adder_3_6/pec_adder_3_bit_6_54.dqdimacs,51,143
./benchmark_tests/original/Biere/adder_3_6/pec_adder_3_bit_6_54.dqdimacs,52,142
./benchmark_tests/original/Biere/adder_3_6/pec_adder_3_bit_6_54.dqdimacs,53,144
./benchmark_tests/original/Biere/adder_3_6/pec_adder_3_bit_6_54.dqdimacs,55,142
./benchmark_tests/original/Biere/adder_3_6/pec_adder_3_bit_6_54.dqdimacs,56,142
./benchmark_tests/original/Biere/adder_3_6/pec_adder_3_bit_6_54.dqdimacs,57,144
./benchmark_tests/original/Biere/adder_3_6/pec_adder_3_bit_6_54.dqdimacs,58,142
./benchmark_tests/original/Biere/adder_3_6/pec_adder_3_bit_6_54.dqdimacs,59,143
./benchmark_tests/original/Biere/adder_3_6/pec_adder_3_bit_6_54.dqdimacs,60,142
./benchmark_tests/original/Biere/adder_3_6/pec_adder_3_bit_6_54.dqdimacs,61,142
./benchmark_tests/original/Biere/adder_3_6/pec_adder_3_bit_6_54.dqdimacs,62,143
./benchmark_tests/original/Biere/adder_3_6/pec_adder_3_bit_6_54.dqdimacs,63,142
./benchmark_tests/original/Biere/adder_3_6/pec_adder_3_bit_6_54.dqdimacs,64,142
./benchmark_tests/original/Biere/adder_3_6/pec_adder_3_bit_6_54.dqdimacs,65,143
./benchmark_tests/original/Biere/adder_3_6/pec_adder_3_bit_6_54.dqdimacs,66,142
./benchmark_tests/original/Biere/adder_3_6/pec_adder_3_bit_6_54.dqdimacs,67,142
./benchmark_tests/original/Biere/adder_3_6/pec_adder_3_bit_6_54.dqdimacs,68,143
./benchmark_tests/original/Biere/adder_3_6/pec_adder_3_bit_6_54.dqdimacs,69,142
./benchmark_tests/original/Biere/adder_3_6/pec_adder_3_bit_6_54.dqdimacs,70,142
./benchmark_tests/original/Biere/adder_3_6/pec_adder_3_bit_6_54.dqdimacs,71,142
./benchmark_tests/original/Biere/adder_3_6/pec_adder_3_bit_6_54.dqdimacs,72,142
./benchmark_tests/original/Biere/adder_3_6/pec_adder_3_bit_6_54.dqdimacs,73,141
./benchmark_tests/original/Biere/adder_3_6/pec_adder_3_bit_6_54.dqdimacs,74,143
./benchmark_tests/original/Biere/adder_3_6/pec_adder_3_bit_6_54.dqdimacs,75,142
./benchmark_tests/original/Biere/adder_3_6/pec_adder_3_bit_6_55.dqdimacs,4,274
./benchmark_tests/original/Biere/adder_3_6/pec_adder_3_bit_6_55.dqdimacs,5,218
./benchmark_tests/original/Biere/adder_3_6/pec_adder_3_bit_6_55.dqdimacs,6,198
./benchmark_tests/original/Biere/adder_3_6/pec_adder_3_bit_6_55.dqdimacs,10,198
./benchmark_tests/original/Biere/adder_3_6/pec_adder_3_bit_6_55.dqdimacs,11,198
./benchmark_tests/original/Biere/adder_3_6/pec_adder_3_bit_6_55.dqdimacs,12,198
./benchmark_tests/original/Biere/adder_3_6/pec_adder_3_bit_6_55.dqdimacs,13,198
./benchmark_tests/original/Biere/adder_3_6/pec_adder_3_bit_6_55.dqdimacs,17,189
./benchmark_tests/original/Biere/adder_3_6/pec_adder_3_bit_6_55.dqdimacs,18,171
./benchmark_tests/original/Biere/adder_3_6/pec_adder_3_bit_6_55.dqdimacs,19,154
./benchmark_tests/original/Biere/adder_3_6/pec_adder_3_bit_6_55.dqdimacs,20,138
./benchmark_tests/original/Biere/adder_3_6/pec_adder_3_bit_6_55.dqdimacs,22,124
./benchmark_tests/original/Biere/adder_3_6/pec_adder_3_bit_6_55.dqdimacs,23,113
./benchmark_tests/original/Biere/adder_3_6/pec_adder_3_bit_6_55.dqdimacs,24,107
./benchmark_tests/original/Biere/adder_3_6/pec_adder_3_bit_6_55.dqdimacs,25,112
./benchmark_tests/original/Biere/adder_3_6/pec_adder_3_bit_6_55.dqdimacs,26,118
./benchmark_tests/original/Biere/adder_3_6/pec_adder_3_bit_6_55.dqdimacs,27,120
./benchmark_tests/original/Biere/adder_3_6/pec_adder_3_bit_6_55.dqdimacs,29,117
./benchmark_tests/original/Biere/adder_3_6/pec_adder_3_bit_6_55.dqdimacs,30,117
./benchmark_tests/original/Biere/adder_3_6/pec_adder_3_bit_6_55.dqdimacs,31,117
./benchmark_tests/original/Biere/adder_3_6/pec_adder_3_bit_6_55.dqdimacs,32,117
./benchmark_tests/original/Biere/adder_3_6/pec_adder_3_bit_6_55.dqdimacs,34,117
./benchmark_tests/original/Biere/adder_3_6/pec_adder_3_bit_6_55.dqdimacs,35,117
./benchmark_tests/original/Biere/adder_3_6/pec_adder_3_bit_6_55.dqdimacs,36,118
./benchmark_tests/original/Biere/adder_3_6/pec_adder_3_bit_6_55.dqdimacs,38,117
./benchmark_tests/original/Biere/adder_3_6/pec_adder_3_bit_6_55.dqdimacs,39,117
./benchmark_tests/original/Biere/adder_3_6/pec_adder_3_bit_6_55.dqdimacs,40,119
./benchmark_tests/original/Biere/adder_3_6/pec_adder_3_bit_6_55.dqdimacs,42,117
./benchmark_tests/original/Biere/adder_3_6/pec_adder_3_bit_6_55.dqdimacs,43,118
./benchmark_tests/original/Biere/adder_3_6/pec_adder_3_bit_6_55.dqdimacs,44,117
./benchmark_tests/original/Biere/adder_3_6/pec_adder_3_bit_6_55.dqdimacs,45,118
./benchmark_tests/original/Biere/adder_3_6/pec_adder_3_bit_6_55.dqdimacs,47,117
./benchmark_tests/original/Biere/adder_3_6/pec_adder_3_bit_6_55.dqdimacs,48,117
./benchmark_tests/original/Biere/adder_3_6/pec_adder_3_bit_6_55.dqdimacs,49,118
./benchmark_tests/original/Biere/adder_3_6/pec_adder_3_bit_6_55.dqdimacs,51,117
./benchmark_tests/original/Biere/adder_3_6/pec_adder_3_bit_6_55.dqdimacs,52,117
./benchmark_tests/original/Biere/adder_3_6/pec_adder_3_bit_6_55.dqdimacs,53,117
./benchmark_tests/original/Biere/adder_3_6/pec_adder_3_bit_6_55.dqdimacs,54,117
./benchmark_tests/original/Biere/adder_3_6/pec_adder_3_bit_6_55.dqdimacs,55,118
./benchmark_tests/original/Biere/adder_3_6/pec_adder_3_bit_6_55.dqdimacs,56,119
./benchmark_tests/original/Biere/adder_3_6/pec_adder_3_bit_6_55.dqdimacs,58,118
./benchmark_tests/original/Biere/adder_3_6/pec_adder_3_bit_6_55.dqdimacs,59,117
./benchmark_tests/original/Biere/adder_3_6/pec_adder_3_bit_6_55.dqdimacs,60,117
./benchmark_tests/original/Biere/adder_3_6/pec_adder_3_bit_6_55.dqdimacs,61,119
./benchmark_tests/original/Biere/adder_3_6/pec_adder_3_bit_6_55.dqdimacs,62,116
./benchmark_tests/original/Biere/adder_3_6/pec_adder_3_bit_6_55.dqdimacs,63,117
./benchmark_tests/original/Biere/adder_3_6/pec_adder_3_bit_6_55.dqdimacs,64,117
./benchmark_tests/original/Biere/adder_3_6/pec_adder_3_bit_6_55.dqdimacs,65,117
./benchmark_tests/original/Biere/adder_3_6/pec_adder_3_bit_6_55.dqdimacs,66,117
./benchmark_tests/original/Biere/adder_3_6/pec_adder_3_bit_6_55.dqdimacs,67,117
./benchmark_tests/original/Biere/adder_3_6/pec_adder_3_bit_6_55.dqdimacs,68,117
./benchmark_tests/original/Biere/adder_3_6/pec_adder_3_bit_6_55.dqdimacs,69,118
./benchmark_tests/original/Biere/adder_3_6/pec_adder_3_bit_6_55.dqdimacs,70,117
./benchmark_tests/original/Biere/adder_3_6/pec_adder_3_bit_6_55.dqdimacs,71,117
./benchmark_tests/original/Biere/adder_3_6/pec_adder_3_bit_6_55.dqdimacs,72,117
./benchmark_tests/original/Biere/adder_3_6/pec_adder_3_bit_6_55.dqdimacs,73,117
./benchmark_tests/original/Biere/adder_3_6/pec_adder_3_bit_6_55.dqdimacs,74,117
./benchmark_tests/original/Biere/adder_3_6/pec_adder_3_bit_6_55.dqdimacs,75,117
./benchmark_tests/original/Biere/adder_3_6/pec_adder_3_bit_6_55.dqdimacs,76,117
./benchmark_tests/original/Biere/adder_3_6/pec_adder_3_bit_6_55.dqdimacs,77,117
./benchmark_tests/original/Biere/adder_3_6/pec_adder_3_bit_6_56.dqdimacs,4,362
./benchmark_tests/original/Biere/adder_3_6/pec_adder_3_bit_6_56.dqdimacs,5,307
./benchmark_tests/original/Biere/adder_3_6/pec_adder_3_bit_6_56.dqdimacs,6,308
./benchmark_tests/original/Biere/adder_3_6/pec_adder_3_bit_6_56.dqdimacs,10,310
./benchmark_tests/original/Biere/adder_3_6/pec_adder_3_bit_6_56.dqdimacs,11,306
./benchmark_tests/original/Biere/adder_3_6/pec_adder_3_bit_6_56.dqdimacs,12,270
./benchmark_tests/original/Biere/adder_3_6/pec_adder_3_bit_6_56.dqdimacs,13,229
./benchmark_tests/original/Biere/adder_3_6/pec_adder_3_bit_6_56.dqdimacs,17,196
./benchmark_tests/original/Biere/adder_3_6/pec_adder_3_bit_6_56.dqdimacs,18,172
./benchmark_tests/original/Biere/adder_3_6/pec_adder_3_bit_6_56.dqdimacs,19,165
./benchmark_tests/original/Biere/adder_3_6/pec_adder_3_bit_6_56.dqdimacs,20,166
./benchmark_tests/original/Biere/adder_3_6/pec_adder_3_bit_6_56.dqdimacs,22,162
./benchmark_tests/original/Biere/adder_3_6/pec_adder_3_bit_6_56.dqdimacs,23,151
./benchmark_tests/original/Biere/adder_3_6/pec_adder_3_bit_6_56.dqdimacs,24,151
./benchmark_tests/original/Biere/adder_3_6/pec_adder_3_bit_6_56.dqdimacs,25,150
./benchmark_tests/original/Biere/adder_3_6/pec_adder_3_bit_6_56.dqdimacs,26,151
./benchmark_tests/original/Biere/adder_3_6/pec_adder_3_bit_6_56.dqdimacs,27,153
./benchmark_tests/original/Biere/adder_3_6/pec_adder_3_bit_6_56.dqdimacs,29,150
./benchmark_tests/original/Biere/adder_3_6/pec_adder_3_bit_6_56.dqdimacs,30,153
./benchmark_tests/original/Biere/adder_3_6/pec_adder_3_bit_6_56.dqdimacs,31,151
./benchmark_tests/original/Biere/adder_3_6/pec_adder_3_bit_6_56.dqdimacs,32,153
./benchmark_tests/original/Biere/adder_3_6/pec_adder_3_bit_6_56.dqdimacs,34,157
./benchmark_tests/original/Biere/adder_3_6/pec_adder_3_bit_6_56.dqdimacs,35,164
./benchmark_tests/original/Biere/adder_3_6/pec_adder_3_bit_6_56.dqdimacs,36,164
./benchmark_tests/original/Biere/adder_3_6/pec_adder_3_bit_6_56.dqdimacs,38,161
./benchmark_tests/original/Biere/adder_3_6/pec_adder_3_bit_6_56.dqdimacs,39,161
./benchmark_tests/original/Biere/adder_3_6/pec_adder_3_bit_6_56.dqdimacs,40,165
./benchmark_tests/original/Biere/adder_3_6/pec_adder_3_bit_6_56.dqdimacs,42,162
./benchmark_tests/original/Biere/adder_3_6/pec_adder_3_bit_6_56.dqdimacs,43,163
./benchmark_tests/original/Biere/adder_3_6/pec_adder_3_bit_6_56.dqdimacs,44,165
./benchmark_tests/original/Biere/adder_3_6/pec_adder_3_bit_6_56.dqdimacs,46,164
./benchmark_tests/original/Biere/adder_3_6/pec_adder_3_bit_6_56.dqdimacs,47,164
./benchmark_tests/original/Biere/adder_3_6/pec_adder_3_bit_6_56.dqdimacs,48,166
./benchmark_tests/original/Biere/adder_3_6/pec_adder_3_bit_6_56.dqdimacs,50,165
./benchmark_tests/original/Biere/adder_3_6/pec_adder_3_bit_6_56.dqdimacs,51,163
./benchmark_tests/original/Biere/adder_3_6/pec_adder_3_bit_6_56.dqdimacs,52,166
./benchmark_tests/original/Biere/adder_3_6/pec_adder_3_bit_6_56.dqdimacs,54,163
./benchmark_tests/original/Biere/adder_3_6/pec_adder_3_bit_6_56.dqdimacs,55,164
./benchmark_tests/original/Biere/adder_3_6/pec_adder_3_bit_6_56.dqdimacs,56,163
./benchmark_tests/original/Biere/adder_3_6/pec_adder_3_bit_6_56.dqdimacs,57,167
./benchmark_tests/original/Biere/adder_3_6/pec_adder_3_bit_6_56.dqdimacs,59,165
./benchmark_tests/original/Biere/adder_3_6/pec_adder_3_bit_6_56.dqdimacs,60,165
./benchmark_tests/original/Biere/adder_3_6/pec_adder_3_bit_6_56.dqdimacs,61,167
./benchmark_tests/original/Biere/adder_3_6/pec_adder_3_bit_6_56.dqdimacs,63,163
./benchmark_tests/original/Biere/adder_3_6/pec_adder_3_bit_6_56.dqdimacs,64,164
./benchmark_tests/original/Biere/adder_3_6/pec_adder_3_bit_6_56.dqdimacs,65,166
./benchmark_tests/original/Biere/adder_3_6/pec_adder_3_bit_6_56.dqdimacs,67,164
./benchmark_tests/original/Biere/adder_3_6/pec_adder_3_bit_6_56.dqdimacs,68,164
./benchmark_tests/original/Biere/adder_3_6/pec_adder_3_bit_6_56.dqdimacs,69,164
./benchmark_tests/original/Biere/adder_3_6/pec_adder_3_bit_6_56.dqdimacs,70,166
./benchmark_tests/original/Biere/adder_3_6/pec_adder_3_bit_6_56.dqdimacs,72,162
./benchmark_tests/original/Biere/adder_3_6/pec_adder_3_bit_6_56.dqdimacs,73,164
./benchmark_tests/original/Biere/adder_3_6/pec_adder_3_bit_6_56.dqdimacs,74,164
./benchmark_tests/original/Biere/adder_3_6/pec_adder_3_bit_6_56.dqdimacs,75,166
./benchmark_tests/original/Biere/adder_3_6/pec_adder_3_bit_6_56.dqdimacs,77,162
./benchmark_tests/original/Biere/adder_3_6/pec_adder_3_bit_6_56.dqdimacs,78,164
./benchmark_tests/original/Biere/adder_3_6/pec_adder_3_bit_6_56.dqdimacs,79,164
./benchmark_tests/original/Biere/adder_3_6/pec_adder_3_bit_6_56.dqdimacs,80,167
./benchmark_tests/original/Biere/adder_3_6/pec_adder_3_bit_6_56.dqdimacs,81,164
./benchmark_tests/original/Biere/adder_3_6/pec_adder_3_bit_6_56.dqdimacs,82,162
./benchmark_tests/original/Biere/adder_3_6/pec_adder_3_bit_6_56.dqdimacs,83,164
./benchmark_tests/original/Biere/adder_3_6/pec_adder_3_bit_6_56.dqdimacs,84,165
./benchmark_tests/original/Biere/adder_3_6/pec_adder_3_bit_6_56.dqdimacs,85,164
./benchmark_tests/original/Biere/adder_3_6/pec_adder_3_bit_6_56.dqdimacs,86,165
./benchmark_tests/original/Biere/adder_3_6/pec_adder_3_bit_6_56.dqdimacs,87,164
./benchmark_tests/original/Biere/adder_3_6/pec_adder_3_bit_6_56.dqdimacs,88,164
./benchmark_tests/original/Biere/adder_3_6/pec_adder_3_bit_6_56.dqdimacs,89,163
./benchmark_tests/original/Biere/adder_3_6/pec_adder_3_bit_6_56.dqdimacs,90,164
./benchmark_tests/original/Biere/adder_3_6/pec_adder_3_bit_6_56.dqdimacs,91,165
./benchmark_tests/original/Biere/adder_3_6/pec_adder_3_bit_6_56.dqdimacs,92,163
./benchmark_tests/original/Biere/adder_3_6/pec_adder_3_bit_6_56.dqdimacs,93,164
./benchmark_tests/original/Biere/adder_3_6/pec_adder_3_bit_6_56.dqdimacs,94,163
./benchmark_tests/original/Biere/adder_3_6/pec_adder_3_bit_6_56.dqdimacs,95,163
./benchmark_tests/original/Biere/adder_3_6/pec_adder_3_bit_6_56.dqdimacs,96,164
./benchmark_tests/original/Biere/adder_3_6/pec_adder_3_bit_6_56.dqdimacs,97,163
./benchmark_tests/original/Biere/adder_3_6/pec_adder_3_bit_6_57.dqdimacs,4,193
./benchmark_tests/original/Biere/adder_3_6/pec_adder_3_bit_6_57.dqdimacs,5,142
./benchmark_tests/original/Biere/adder_3_6/pec_adder_3_bit_6_57.dqdimacs,6,142
./benchmark_tests/original/Biere/adder_3_6/pec_adder_3_bit_6_57.dqdimacs,10,140
./benchmark_tests/original/Biere/adder_3_6/pec_adder_3_bit_6_57.dqdimacs,11,140
./benchmark_tests/original/Biere/adder_3_6/pec_adder_3_bit_6_57.dqdimacs,12,139
./benchmark_tests/original/Biere/adder_3_6/pec_adder_3_bit_6_57.dqdimacs,13,140
./benchmark_tests/original/Biere/adder_3_6/pec_adder_3_bit_6_57.dqdimacs,17,140
./benchmark_tests/original/Biere/adder_3_6/pec_adder_3_bit_6_57.dqdimacs,18,140
./benchmark_tests/original/Biere/adder_3_6/pec_adder_3_bit_6_57.dqdimacs,19,140
./benchmark_tests/original/Biere/adder_3_6/pec_adder_3_bit_6_57.dqdimacs,20,136
./benchmark_tests/original/Biere/adder_3_6/pec_adder_3_bit_6_57.dqdimacs,22,128
./benchmark_tests/original/Biere/adder_3_6/pec_adder_3_bit_6_57.dqdimacs,23,119
./benchmark_tests/original/Biere/adder_3_6/pec_adder_3_bit_6_57.dqdimacs,24,111
./benchmark_tests/original/Biere/adder_3_6/pec_adder_3_bit_6_57.dqdimacs,25,103
./benchmark_tests/original/Biere/adder_3_6/pec_adder_3_bit_6_57.dqdimacs,26,96
./benchmark_tests/original/Biere/adder_3_6/pec_adder_3_bit_6_57.dqdimacs,27,91
./benchmark_tests/original/Biere/adder_3_6/pec_adder_3_bit_6_57.dqdimacs,29,83
./benchmark_tests/original/Biere/adder_3_6/pec_adder_3_bit_6_57.dqdimacs,30,79
./benchmark_tests/original/Biere/adder_3_6/pec_adder_3_bit_6_57.dqdimacs,31,78
./benchmark_tests/original/Biere/adder_3_6/pec_adder_3_bit_6_57.dqdimacs,33,76
./benchmark_tests/original/Biere/adder_3_6/pec_adder_3_bit_6_57.dqdimacs,34,74
./benchmark_tests/original/Biere/adder_3_6/pec_adder_3_bit_6_57.dqdimacs,35,78
./benchmark_tests/original/Biere/adder_3_6/pec_adder_3_bit_6_57.dqdimacs,37,76
./benchmark_tests/original/Biere/adder_3_6/pec_adder_3_bit_6_57.dqdimacs,38,76
./benchmark_tests/original/Biere/adder_3_6/pec_adder_3_bit_6_57.dqdimacs,39,76
./benchmark_tests/original/Biere/adder_3_6/pec_adder_3_bit_6_57.dqdimacs,40,78
./benchmark_tests/original/Biere/adder_3_6/pec_adder_3_bit_6_57.dqdimacs,42,76
./benchmark_tests/original/Biere/adder_3_6/pec_adder_3_bit_6_57.dqdimacs,43,76
./benchmark_tests/original/Biere/adder_3_6/pec_adder_3_bit_6_57.dqdimacs,44,76
./benchmark_tests/original/Biere/adder_3_6/pec_adder_3_bit_6_57.dqdimacs,45,76
./benchmark_tests/original/Biere/adder_3_6/pec_adder_3_bit_6_57.dqdimacs,46,76
./benchmark_tests/original/Biere/adder_3_6/pec_adder_3_bit_6_57.dqdimacs,47,77
./benchmark_tests/original/Biere/adder_3_6/pec_adder_3_bit_6_57.dqdimacs,49,76
./benchmark_tests/original/Biere/adder_3_6/pec_adder_3_bit_6_57.dqdimacs,50,75
./benchmark_tests/original/Biere/adder_3_6/pec_adder_3_bit_6_57.dqdimacs,51,75
./benchmark_tests/original/Biere/adder_3_6/pec_adder_3_bit_6_57.dqdimacs,52,75
./benchmark_tests/original/Biere/adder_3_6/pec_adder_3_bit_6_57.dqdimacs,53,77
./benchmark_tests/original/Biere/adder_3_6/pec_adder_3_bit_6_57.dqdimacs,55,75
./benchmark_tests/original/Biere/adder_3_6/pec_adder_3_bit_6_57.dqdimacs,56,76
./benchmark_tests/original/Biere/adder_3_6/pec_adder_3_bit_6_57.dqdimacs,57,76
./benchmark_tests/original/Biere/adder_3_6/pec_adder_3_bit_6_57.dqdimacs,58,77
./benchmark_tests/original/Biere/adder_3_6/pec_adder_3_bit_6_57.dqdimacs,59,76
./benchmark_tests/original/Biere/adder_3_6/pec_adder_3_bit_6_57.dqdimacs,60,75
./benchmark_tests/original/Biere/adder_3_6/pec_adder_3_bit_6_57.dqdimacs,61,76
./benchmark_tests/original/Biere/adder_3_6/pec_adder_3_bit_6_57.dqdimacs,62,76
./benchmark_tests/original/Biere/adder_3_6/pec_adder_3_bit_6_57.dqdimacs,63,75
./benchmark_tests/original/Biere/adder_3_6/pec_adder_3_bit_6_57.dqdimacs,64,75
./benchmark_tests/original/Biere/adder_3_6/pec_adder_3_bit_6_57.dqdimacs,65,76
./benchmark_tests/original/Biere/adder_3_6/pec_adder_3_bit_6_57.dqdimacs,66,75
./benchmark_tests/original/Biere/adder_3_6/pec_adder_3_bit_6_57.dqdimacs,67,76
./benchmark_tests/original/Biere/adder_3_6/pec_adder_3_bit_6_57.dqdimacs,68,75
./benchmark_tests/original/Biere/adder_3_6/pec_adder_3_bit_6_57.dqdimacs,69,75
./benchmark_tests/original/Biere/adder_3_6/pec_adder_3_bit_6_57.dqdimacs,70,75
./benchmark_tests/original/Biere/adder_3_6/pec_adder_3_bit_6_57.dqdimacs,71,76
./benchmark_tests/original/Biere/adder_3_6/pec_adder_3_bit_6_57.dqdimacs,72,76
./benchmark_tests/original/Biere/adder_3_6/pec_adder_3_bit_6_57.dqdimacs,73,75
./benchmark_tests/original/Biere/adder_3_6/pec_adder_3_bit_6_57.dqdimacs,74,75
./benchmark_tests/original/Biere/adder_3_6/pec_adder_3_bit_6_57.dqdimacs,75,75
./benchmark_tests/original/Biere/adder_3_6/pec_adder_3_bit_6_58.dqdimacs,4,206
./benchmark_tests/original/Biere/adder_3_6/pec_adder_3_bit_6_58.dqdimacs,5,157
./benchmark_tests/original/Biere/adder_3_6/pec_adder_3_bit_6_58.dqdimacs,6,156
./benchmark_tests/original/Biere/adder_3_6/pec_adder_3_bit_6_58.dqdimacs,10,155
./benchmark_tests/original/Biere/adder_3_6/pec_adder_3_bit_6_58.dqdimacs,11,152
./benchmark_tests/original/Biere/adder_3_6/pec_adder_3_bit_6_58.dqdimacs,12,153
./benchmark_tests/original/Biere/adder_3_6/pec_adder_3_bit_6_58.dqdimacs,13,155
./benchmark_tests/original/Biere/adder_3_6/pec_adder_3_bit_6_58.dqdimacs,17,152
./benchmark_tests/original/Biere/adder_3_6/pec_adder_3_bit_6_58.dqdimacs,18,152
./benchmark_tests/original/Biere/adder_3_6/pec_adder_3_bit_6_58.dqdimacs,19,149
./benchmark_tests/original/Biere/adder_3_6/pec_adder_3_bit_6_58.dqdimacs,20,140
./benchmark_tests/original/Biere/adder_3_6/pec_adder_3_bit_6_58.dqdimacs,22,128
./benchmark_tests/original/Biere/adder_3_6/pec_adder_3_bit_6_58.dqdimacs,23,119
./benchmark_tests/original/Biere/adder_3_6/pec_adder_3_bit_6_58.dqdimacs,24,108
./benchmark_tests/original/Biere/adder_3_6/pec_adder_3_bit_6_58.dqdimacs,25,101
./benchmark_tests/original/Biere/adder_3_6/pec_adder_3_bit_6_58.dqdimacs,26,94
./benchmark_tests/original/Biere/adder_3_6/pec_adder_3_bit_6_58.dqdimacs,27,90
./benchmark_tests/original/Biere/adder_3_6/pec_adder_3_bit_6_58.dqdimacs,29,83
./benchmark_tests/original/Biere/adder_3_6/pec_adder_3_bit_6_58.dqdimacs,30,81
./benchmark_tests/original/Biere/adder_3_6/pec_adder_3_bit_6_58.dqdimacs,31,83
./benchmark_tests/original/Biere/adder_3_6/pec_adder_3_bit_6_58.dqdimacs,32,84
./benchmark_tests/original/Biere/adder_3_6/pec_adder_3_bit_6_58.dqdimacs,34,82
./benchmark_tests/original/Biere/adder_3_6/pec_adder_3_bit_6_58.dqdimacs,35,82
./benchmark_tests/original/Biere/adder_3_6/pec_adder_3_bit_6_58.dqdimacs,36,82
./benchmark_tests/original/Biere/adder_3_6/pec_adder_3_bit_6_58.dqdimacs,37,84
./benchmark_tests/original/Biere/adder_3_6/pec_adder_3_bit_6_58.dqdimacs,39,83
./benchmark_tests/original/Biere/adder_3_6/pec_adder_3_bit_6_58.dqdimacs,40,83
./benchmark_tests/original/Biere/adder_3_6/pec_adder_3_bit_6_58.dqdimacs,41,84
./benchmark_tests/original/Biere/adder_3_6/pec_adder_3_bit_6_58.dqdimacs,43,82
./benchmark_tests/original/Biere/adder_3_6/pec_adder_3_bit_6_58.dqdimacs,44,82
./benchmark_tests/original/Biere/adder_3_6/pec_adder_3_bit_6_58.dqdimacs,45,82
./benchmark_tests/original/Biere/adder_3_6/pec_adder_3_bit_6_58.dqdimacs,46,82
./benchmark_tests/original/Biere/adder_3_6/pec_adder_3_bit_6_58.dqdimacs,47,82
./benchmark_tests/original/Biere/adder_3_6/pec_adder_3_bit_6_58.dqdimacs,48,83
./benchmark_tests/original/Biere/adder_3_6/pec_adder_3_bit_6_58.dqdimacs,50,81
./benchmark_tests/original/Biere/adder_3_6/pec_adder_3_bit_6_58.dqdimacs,51,82
./benchmark_tests/original/Biere/adder_3_6/pec_adder_3_bit_6_58.dqdimacs,52,83
./benchmark_tests/original/Biere/adder_3_6/pec_adder_3_bit_6_58.dqdimacs,53,84
./benchmark_tests/original/Biere/adder_3_6/pec_adder_3_bit_6_58.dqdimacs,55,82
./benchmark_tests/original/Biere/adder_3_6/pec_adder_3_bit_6_58.dqdimacs,56,83
./benchmark_tests/original/Biere/adder_3_6/pec_adder_3_bit_6_58.dqdimacs,57,85
./benchmark_tests/original/Biere/adder_3_6/pec_adder_3_bit_6_58.dqdimacs,58,83
./benchmark_tests/original/Biere/adder_3_6/pec_adder_3_bit_6_58.dqdimacs,59,82
./benchmark_tests/original/Biere/adder_3_6/pec_adder_3_bit_6_58.dqdimacs,60,82
./benchmark_tests/original/Biere/adder_3_6/pec_adder_3_bit_6_58.dqdimacs,61,82
./benchmark_tests/original/Biere/adder_3_6/pec_adder_3_bit_6_58.dqdimacs,62,82
./benchmark_tests/original/Biere/adder_3_6/pec_adder_3_bit_6_58.dqdimacs,63,83
./benchmark_tests/original/Biere/adder_3_6/pec_adder_3_bit_6_58.dqdimacs,64,83
./benchmark_tests/original/Biere/adder_3_6/pec_adder_3_bit_6_58.dqdimacs,65,83
./benchmark_tests/original/Biere/adder_3_6/pec_adder_3_bit_6_58.dqdimacs,66,82
./benchmark_tests/original/Biere/adder_3_6/pec_adder_3_bit_6_58.dqdimacs,67,82
./benchmark_tests/original/Biere/adder_3_6/pec_adder_3_bit_6_58.dqdimacs,68,83
./benchmark_tests/original/Biere/adder_3_6/pec_adder_3_bit_6_58.dqdimacs,69,83
./benchmark_tests/original/Biere/adder_3_6/pec_adder_3_bit_6_58.dqdimacs,70,82
./benchmark_tests/original/Biere/adder_3_6/pec_adder_3_bit_6_58.dqdimacs,71,83
./benchmark_tests/original/Biere/adder_3_6/pec_adder_3_bit_6_58.dqdimacs,72,83
./benchmark_tests/original/Biere/adder_3_6/pec_adder_3_bit_6_58.dqdimacs,73,83
./benchmark_tests/original/Biere/adder_3_6/pec_adder_3_bit_6_58.dqdimacs,74,83
./benchmark_tests/original/Biere/adder_3_6/pec_adder_3_bit_6_58.dqdimacs,75,82
./benchmark_tests/original/Biere/adder_3_6/pec_adder_3_bit_6_58.dqdimacs,76,83
./benchmark_tests/original/Biere/adder_3_6/pec_adder_3_bit_6_59.dqdimacs,4,313
./benchmark_tests/original/Biere/adder_3_6/pec_adder_3_bit_6_59.dqdimacs,5,265
./benchmark_tests/original/Biere/adder_3_6/pec_adder_3_bit_6_59.dqdimacs,6,263
./benchmark_tests/original/Biere/adder_3_6/pec_adder_3_bit_6_59.dqdimacs,10,262
./benchmark_tests/original/Biere/adder_3_6/pec_adder_3_bit_6_59.dqdimacs,11,261
./benchmark_tests/original/Biere/adder_3_6/pec_adder_3_bit_6_59.dqdimacs,12,253
./benchmark_tests/original/Biere/adder_3_6/pec_adder_3_bit_6_59.dqdimacs,13,229
./benchmark_tests/original/Biere/adder_3_6/pec_adder_3_bit_6_59.dqdimacs,17,198
./benchmark_tests/original/Biere/adder_3_6/pec_adder_3_bit_6_59.dqdimacs,18,173
./benchmark_tests/original/Biere/adder_3_6/pec_adder_3_bit_6_59.dqdimacs,19,153
./benchmark_tests/original/Biere/adder_3_6/pec_adder_3_bit_6_59.dqdimacs,20,141
./benchmark_tests/original/Biere/adder_3_6/pec_adder_3_bit_6_59.dqdimacs,22,141
./benchmark_tests/original/Biere/adder_3_6/pec_adder_3_bit_6_59.dqdimacs,23,142
./benchmark_tests/original/Biere/adder_3_6/pec_adder_3_bit_6_59.dqdimacs,24,142
./benchmark_tests/original/Biere/adder_3_6/pec_adder_3_bit_6_59.dqdimacs,25,140
./benchmark_tests/original/Biere/adder_3_6/pec_adder_3_bit_6_59.dqdimacs,26,140
./benchmark_tests/original/Biere/adder_3_6/pec_adder_3_bit_6_59.dqdimacs,27,142
./benchmark_tests/original/Biere/adder_3_6/pec_adder_3_bit_6_59.dqdimacs,29,139
./benchmark_tests/original/Biere/adder_3_6/pec_adder_3_bit_6_59.dqdimacs,30,141
./benchmark_tests/original/Biere/adder_3_6/pec_adder_3_bit_6_59.dqdimacs,31,140
./benchmark_tests/original/Biere/adder_3_6/pec_adder_3_bit_6_59.dqdimacs,32,141
./benchmark_tests/original/Biere/adder_3_6/pec_adder_3_bit_6_59.dqdimacs,34,140
./benchmark_tests/original/Biere/adder_3_6/pec_adder_3_bit_6_59.dqdimacs,35,140
./benchmark_tests/original/Biere/adder_3_6/pec_adder_3_bit_6_59.dqdimacs,36,142
./benchmark_tests/original/Biere/adder_3_6/pec_adder_3_bit_6_59.dqdimacs,38,141
./benchmark_tests/original/Biere/adder_3_6/pec_adder_3_bit_6_59.dqdimacs,39,140
./benchmark_tests/original/Biere/adder_3_6/pec_adder_3_bit_6_59.dqdimacs,40,141
./benchmark_tests/original/Biere/adder_3_6/pec_adder_3_bit_6_59.dqdimacs,42,140
./benchmark_tests/original/Biere/adder_3_6/pec_adder_3_bit_6_59.dqdimacs,43,140
./benchmark_tests/original/Biere/adder_3_6/pec_adder_3_bit_6_59.dqdimacs,44,142
./benchmark_tests/original/Biere/adder_3_6/pec_adder_3_bit_6_59.dqdimacs,46,139
./benchmark_tests/original/Biere/adder_3_6/pec_adder_3_bit_6_59.dqdimacs,47,139
./benchmark_tests/original/Biere/adder_3_6/pec_adder_3_bit_6_59.dqdimacs,48,139
./benchmark_tests/original/Biere/adder_3_6/pec_adder_3_bit_6_59.dqdimacs,49,139
./benchmark_tests/original/Biere/adder_3_6/pec_adder_3_bit_6_59.dqdimacs,50,140
./benchmark_tests/original/Biere/adder_3_6/pec_adder_3_bit_6_59.dqdimacs,51,141
./benchmark_tests/original/Biere/adder_3_6/pec_adder_3_bit_6_59.dqdimacs,53,139
./benchmark_tests/original/Biere/adder_3_6/pec_adder_3_bit_6_59.dqdimacs,54,140
./benchmark_tests/original/Biere/adder_3_6/pec_adder_3_bit_6_59.dqdimacs,55,140
./benchmark_tests/original/Biere/adder_3_6/pec_adder_3_bit_6_59.dqdimacs,56,140
./benchmark_tests/original/Biere/adder_3_6/pec_adder_3_bit_6_59.dqdimacs,58,139
./benchmark_tests/original/Biere/adder_3_6/pec_adder_3_bit_6_59.dqdimacs,59,138
./benchmark_tests/original/Biere/adder_3_6/pec_adder_3_bit_6_59.dqdimacs,60,138
./benchmark_tests/original/Biere/adder_3_6/pec_adder_3_bit_6_59.dqdimacs,61,140
./benchmark_tests/original/Biere/adder_3_6/pec_adder_3_bit_6_59.dqdimacs,62,138
./benchmark_tests/original/Biere/adder_3_6/pec_adder_3_bit_6_59.dqdimacs,63,138
./benchmark_tests/original/Biere/adder_3_6/pec_adder_3_bit_6_59.dqdimacs,64,138
./benchmark_tests/original/Biere/adder_3_6/pec_adder_3_bit_6_59.dqdimacs,65,138
./benchmark_tests/original/Biere/adder_3_6/pec_adder_3_bit_6_59.dqdimacs,66,138
./benchmark_tests/original/Biere/adder_3_6/pec_adder_3_bit_6_59.dqdimacs,67,137
./benchmark_tests/original/Biere/adder_3_6/pec_adder_3_bit_6_59.dqdimacs,68,138
./benchmark_tests/original/Biere/adder_3_6/pec_adder_3_bit_6_59.dqdimacs,69,138
./benchmark_tests/original/Biere/adder_3_6/pec_adder_3_bit_6_59.dqdimacs,70,138
./benchmark_tests/original/Biere/adder_3_6/pec_adder_3_bit_6_59.dqdimacs,71,138
./benchmark_tests/original/Biere/adder_3_6/pec_adder_3_bit_6_59.dqdimacs,72,138
./benchmark_tests/original/Biere/adder_3_6/pec_adder_3_bit_6_59.dqdimacs,73,137
./benchmark_tests/original/Biere/adder_3_6/pec_adder_3_bit_6_59.dqdimacs,74,138
./benchmark_tests/original/Biere/adder_3_6/pec_adder_3_bit_6_59.dqdimacs,75,138
./benchmark_tests/original/Biere/adder_3_6/pec_adder_3_bit_6_59.dqdimacs,76,138
./benchmark_tests/original/Biere/adder_3_6/pec_adder_3_bit_6_59.dqdimacs,77,138
./benchmark_tests/original/Biere/adder_3_6/pec_adder_3_bit_6_59.dqdimacs,78,138
./benchmark_tests/original/Biere/adder_3_6/pec_adder_3_bit_6_59.dqdimacs,79,139
./benchmark_tests/original/Biere/adder_3_6/pec_adder_3_bit_6_5.dqdimacs,4,244
./benchmark_tests/original/Biere/adder_3_6/pec_adder_3_bit_6_5.dqdimacs,5,189
./benchmark_tests/original/Biere/adder_3_6/pec_adder_3_bit_6_5.dqdimacs,6,193
./benchmark_tests/original/Biere/adder_3_6/pec_adder_3_bit_6_5.dqdimacs,10,192
./benchmark_tests/original/Biere/adder_3_6/pec_adder_3_bit_6_5.dqdimacs,11,185
./benchmark_tests/original/Biere/adder_3_6/pec_adder_3_bit_6_5.dqdimacs,12,192
./benchmark_tests/original/Biere/adder_3_6/pec_adder_3_bit_6_5.dqdimacs,13,193
./benchmark_tests/original/Biere/adder_3_6/pec_adder_3_bit_6_5.dqdimacs,17,186
./benchmark_tests/original/Biere/adder_3_6/pec_adder_3_bit_6_5.dqdimacs,18,169
./benchmark_tests/original/Biere/adder_3_6/pec_adder_3_bit_6_5.dqdimacs,19,158
./benchmark_tests/original/Biere/adder_3_6/pec_adder_3_bit_6_5.dqdimacs,20,142
./benchmark_tests/original/Biere/adder_3_6/pec_adder_3_bit_6_5.dqdimacs,22,125
./benchmark_tests/original/Biere/adder_3_6/pec_adder_3_bit_6_5.dqdimacs,23,114
./benchmark_tests/original/Biere/adder_3_6/pec_adder_3_bit_6_5.dqdimacs,24,106
./benchmark_tests/original/Biere/adder_3_6/pec_adder_3_bit_6_5.dqdimacs,25,100
./benchmark_tests/original/Biere/adder_3_6/pec_adder_3_bit_6_5.dqdimacs,26,104
./benchmark_tests/original/Biere/adder_3_6/pec_adder_3_bit_6_5.dqdimacs,27,105
./benchmark_tests/original/Biere/adder_3_6/pec_adder_3_bit_6_5.dqdimacs,29,103
./benchmark_tests/original/Biere/adder_3_6/pec_adder_3_bit_6_5.dqdimacs,30,103
./benchmark_tests/original/Biere/adder_3_6/pec_adder_3_bit_6_5.dqdimacs,31,105
./benchmark_tests/original/Biere/adder_3_6/pec_adder_3_bit_6_5.dqdimacs,33,100
./benchmark_tests/original/Biere/adder_3_6/pec_adder_3_bit_6_5.dqdimacs,34,102
./benchmark_tests/original/Biere/adder_3_6/pec_adder_3_bit_6_5.dqdimacs,35,100
./benchmark_tests/original/Biere/adder_3_6/pec_adder_3_bit_6_5.dqdimacs,36,101
./benchmark_tests/original/Biere/adder_3_6/pec_adder_3_bit_6_5.dqdimacs,38,101
./benchmark_tests/original/Biere/adder_3_6/pec_adder_3_bit_6_5.dqdimacs,39,100
./benchmark_tests/original/Biere/adder_3_6/pec_adder_3_bit_6_5.dqdimacs,40,101
./benchmark_tests/original/Biere/adder_3_6/pec_adder_3_bit_6_5.dqdimacs,42,103
./benchmark_tests/original/Biere/adder_3_6/pec_adder_3_bit_6_5.dqdimacs,43,103
./benchmark_tests/original/Biere/adder_3_6/pec_adder_3_bit_6_5.dqdimacs,44,103
./benchmark_tests/original/Biere/adder_3_6/pec_adder_3_bit_6_5.dqdimacs,45,103
./benchmark_tests/original/Biere/adder_3_6/pec_adder_3_bit_6_5.dqdimacs,46,101
./benchmark_tests/original/Biere/adder_3_6/pec_adder_3_bit_6_5.dqdimacs,48,102
./benchmark_tests/original/Biere/adder_3_6/pec_adder_3_bit_6_5.dqdimacs,49,100
./benchmark_tests/original/Biere/adder_3_6/pec_adder_3_bit_6_5.dqdimacs,50,101
./benchmark_tests/original/Biere/adder_3_6/pec_adder_3_bit_6_5.dqdimacs,51,103
./benchmark_tests/original/Biere/adder_3_6/pec_adder_3_bit_6_5.dqdimacs,53,103
./benchmark_tests/original/Biere/adder_3_6/pec_adder_3_bit_6_5.dqdimacs,54,102
./benchmark_tests/original/Biere/adder_3_6/pec_adder_3_bit_6_5.dqdimacs,55,102
./benchmark_tests/original/Biere/adder_3_6/pec_adder_3_bit_6_5.dqdimacs,57,100
./benchmark_tests/original/Biere/adder_3_6/pec_adder_3_bit_6_5.dqdimacs,58,103
./benchmark_tests/original/Biere/adder_3_6/pec_adder_3_bit_6_5.dqdimacs,59,100
./benchmark_tests/original/Biere/adder_3_6/pec_adder_3_bit_6_5.dqdimacs,60,105
./benchmark_tests/original/Biere/adder_3_6/pec_adder_3_bit_6_5.dqdimacs,62,100
./benchmark_tests/original/Biere/adder_3_6/pec_adder_3_bit_6_5.dqdimacs,63,103
./benchmark_tests/original/Biere/adder_3_6/pec_adder_3_bit_6_5.dqdimacs,64,104
./benchmark_tests/original/Biere/adder_3_6/pec_adder_3_bit_6_5.dqdimacs,65,102
./benchmark_tests/original/Biere/adder_3_6/pec_adder_3_bit_6_5.dqdimacs,66,103
./benchmark_tests/original/Biere/adder_3_6/pec_adder_3_bit_6_5.dqdimacs,67,103
./benchmark_tests/original/Biere/adder_3_6/pec_adder_3_bit_6_5.dqdimacs,68,102
./benchmark_tests/original/Biere/adder_3_6/pec_adder_3_bit_6_5.dqdimacs,69,103
./benchmark_tests/original/Biere/adder_3_6/pec_adder_3_bit_6_5.dqdimacs,70,100
./benchmark_tests/original/Biere/adder_3_6/pec_adder_3_bit_6_5.dqdimacs,71,102
./benchmark_tests/original/Biere/adder_3_6/pec_adder_3_bit_6_5.dqdimacs,72,103
./benchmark_tests/original/Biere/adder_3_6/pec_adder_3_bit_6_5.dqdimacs,73,102
./benchmark_tests/original/Biere/adder_3_6/pec_adder_3_bit_6_5.dqdimacs,74,103
./benchmark_tests/original/Biere/adder_3_6/pec_adder_3_bit_6_5.dqdimacs,75,103
./benchmark_tests/original/Biere/adder_3_6/pec_adder_3_bit_6_5.dqdimacs,76,99
./benchmark_tests/original/Biere/adder_3_6/pec_adder_3_bit_6_5.dqdimacs,77,103
./benchmark_tests/original/Biere/adder_3_6/pec_adder_3_bit_6_5.dqdimacs,78,100
./benchmark_tests/original/Biere/adder_3_6/pec_adder_3_bit_6_5.dqdimacs,79,103
./benchmark_tests/original/Biere/adder_3_6/pec_adder_3_bit_6_5.dqdimacs,80,100
./benchmark_tests/original/Biere/adder_3_6/pec_adder_3_bit_6_5.dqdimacs,81,103
./benchmark_tests/original/Biere/adder_3_6/pec_adder_3_bit_6_5.dqdimacs,82,117
./benchmark_tests/original/Biere/adder_3_6/pec_adder_3_bit_6_5.dqdimacs,83,145
./benchmark_tests/original/Biere/adder_3_6/pec_adder_3_bit_6_60.dqdimacs,4,573
./benchmark_tests/original/Biere/adder_3_6/pec_adder_3_bit_6_60.dqdimacs,5,513
./benchmark_tests/original/Biere/adder_3_6/pec_adder_3_bit_6_60.dqdimacs,6,509
./benchmark_tests/original/Biere/adder_3_6/pec_adder_3_bit_6_60.dqdimacs,10,405
./benchmark_tests/original/Biere/adder_3_6/pec_adder_3_bit_6_60.dqdimacs,11,319
./benchmark_tests/original/Biere/adder_3_6/pec_adder_3_bit_6_60.dqdimacs,12,263
./benchmark_tests/original/Biere/adder_3_6/pec_adder_3_bit_6_60.dqdimacs,13,260
./benchmark_tests/original/Biere/adder_3_6/pec_adder_3_bit_6_60.dqdimacs,17,263
./benchmark_tests/original/Biere/adder_3_6/pec_adder_3_bit_6_60.dqdimacs,18,258
./benchmark_tests/original/Biere/adder_3_6/pec_adder_3_bit_6_60.dqdimacs,19,259
./benchmark_tests/original/Biere/adder_3_6/pec_adder_3_bit_6_60.dqdimacs,20,259
./benchmark_tests/original/Biere/adder_3_6/pec_adder_3_bit_6_60.dqdimacs,22,264
./benchmark_tests/original/Biere/adder_3_6/pec_adder_3_bit_6_60.dqdimacs,23,265
./benchmark_tests/original/Biere/adder_3_6/pec_adder_3_bit_6_60.dqdimacs,24,259
./benchmark_tests/original/Biere/adder_3_6/pec_adder_3_bit_6_60.dqdimacs,25,259
./benchmark_tests/original/Biere/adder_3_6/pec_adder_3_bit_6_60.dqdimacs,26,260
./benchmark_tests/original/Biere/adder_3_6/pec_adder_3_bit_6_60.dqdimacs,27,261
./benchmark_tests/original/Biere/adder_3_6/pec_adder_3_bit_6_60.dqdimacs,29,259
./benchmark_tests/original/Biere/adder_3_6/pec_adder_3_bit_6_60.dqdimacs,30,265
./benchmark_tests/original/Biere/adder_3_6/pec_adder_3_bit_6_60.dqdimacs,31,452
./benchmark_tests/original/Biere/adder_3_6/pec_adder_3_bit_6_60.dqdimacs,32,484
./benchmark_tests/original/Biere/adder_3_6/pec_adder_3_bit_6_60.dqdimacs,34,487
./benchmark_tests/original/Biere/adder_3_6/pec_adder_3_bit_6_60.dqdimacs,35,439
./benchmark_tests/original/Biere/adder_3_6/pec_adder_3_bit_6_60.dqdimacs,36,335
./benchmark_tests/original/Biere/adder_3_6/pec_adder_3_bit_6_60.dqdimacs,37,273
./benchmark_tests/original/Biere/adder_3_6/pec_adder_3_bit_6_60.dqdimacs,39,259
./benchmark_tests/original/Biere/adder_3_6/pec_adder_3_bit_6_60.dqdimacs,40,261
./benchmark_tests/original/Biere/adder_3_6/pec_adder_3_bit_6_60.dqdimacs,41,260
./benchmark_tests/original/Biere/adder_3_6/pec_adder_3_bit_6_60.dqdimacs,43,260
./benchmark_tests/original/Biere/adder_3_6/pec_adder_3_bit_6_60.dqdimacs,44,258
./benchmark_tests/original/Biere/adder_3_6/pec_adder_3_bit_6_60.dqdimacs,45,261
./benchmark_tests/original/Biere/adder_3_6/pec_adder_3_bit_6_60.dqdimacs,47,261
./benchmark_tests/original/Biere/adder_3_6/pec_adder_3_bit_6_60.dqdimacs,48,259
./benchmark_tests/original/Biere/adder_3_6/pec_adder_3_bit_6_60.dqdimacs,49,263
./benchmark_tests/original/Biere/adder_3_6/pec_adder_3_bit_6_60.dqdimacs,50,262
./benchmark_tests/original/Biere/adder_3_6/pec_adder_3_bit_6_60.dqdimacs,52,261
./benchmark_tests/original/Biere/adder_3_6/pec_adder_3_bit_6_60.dqdimacs,53,262
./benchmark_tests/original/Biere/adder_3_6/pec_adder_3_bit_6_60.dqdimacs,54,262
./benchmark_tests/original/Biere/adder_3_6/pec_adder_3_bit_6_60.dqdimacs,56,259
./benchmark_tests/original/Biere/adder_3_6/pec_adder_3_bit_6_60.dqdimacs,57,264
./benchmark_tests/original/Biere/adder_3_6/pec_adder_3_bit_6_60.dqdimacs,58,261
./benchmark_tests/original/Biere/adder_3_6/pec_adder_3_bit_6_60.dqdimacs,59,257
./benchmark_tests/original/Biere/adder_3_6/pec_adder_3_bit_6_60.dqdimacs,60,257
./benchmark_tests/original/Biere/adder_3_6/pec_adder_3_bit_6_60.dqdimacs,61,256
./benchmark_tests/original/Biere/adder_3_6/pec_adder_3_bit_6_60.dqdimacs,62,257
./benchmark_tests/original/Biere/adder_3_6/pec_adder_3_bit_6_60.dqdimacs,63,256
./benchmark_tests/original/Biere/adder_3_6/pec_adder_3_bit_6_60.dqdimacs,64,263
./benchmark_tests/original/Biere/adder_3_6/pec_adder_3_bit_6_60.dqdimacs,65,261
./benchmark_tests/original/Biere/adder_3_6/pec_adder_3_bit_6_60.dqdimacs,66,259
./benchmark_tests/original/Biere/adder_3_6/pec_adder_3_bit_6_60.dqdimacs,67,259
./benchmark_tests/original/Biere/adder_3_6/pec_adder_3_bit_6_60.dqdimacs,68,256
./benchmark_tests/original/Biere/adder_3_6/pec_adder_3_bit_6_60.dqdimacs,69,259
./benchmark_tests/original/Biere/adder_3_6/pec_adder_3_bit_6_60.dqdimacs,70,260
./benchmark_tests/original/Biere/adder_3_6/pec_adder_3_bit_6_60.dqdimacs,71,261
./benchmark_tests/original/Biere/adder_3_6/pec_adder_3_bit_6_60.dqdimacs,72,256
./benchmark_tests/original/Biere/adder_3_6/pec_adder_3_bit_6_60.dqdimacs,73,258
./benchmark_tests/original/Biere/adder_3_6/pec_adder_3_bit_6_60.dqdimacs,74,260
./benchmark_tests/original/Biere/adder_3_6/pec_adder_3_bit_6_60.dqdimacs,75,260
./benchmark_tests/original/Biere/adder_3_6/pec_adder_3_bit_6_60.dqdimacs,76,257
./benchmark_tests/original/Biere/adder_3_6/pec_adder_3_bit_6_60.dqdimacs,77,259
./benchmark_tests/original/Biere/adder_3_6/pec_adder_3_bit_6_60.dqdimacs,78,256
./benchmark_tests/original/Biere/adder_3_6/pec_adder_3_bit_6_60.dqdimacs,79,258
./benchmark_tests/original/Biere/adder_3_6/pec_adder_3_bit_6_61.dqdimacs,4,215
./benchmark_tests/original/Biere/adder_3_6/pec_adder_3_bit_6_61.dqdimacs,5,165
./benchmark_tests/original/Biere/adder_3_6/pec_adder_3_bit_6_61.dqdimacs,6,164
./benchmark_tests/original/Biere/adder_3_6/pec_adder_3_bit_6_61.dqdimacs,10,164
./benchmark_tests/original/Biere/adder_3_6/pec_adder_3_bit_6_61.dqdimacs,11,165
./benchmark_tests/original/Biere/adder_3_6/pec_adder_3_bit_6_61.dqdimacs,12,164
./benchmark_tests/original/Biere/adder_3_6/pec_adder_3_bit_6_61.dqdimacs,13,165
./benchmark_tests/original/Biere/adder_3_6/pec_adder_3_bit_6_61.dqdimacs,17,164
./benchmark_tests/original/Biere/adder_3_6/pec_adder_3_bit_6_61.dqdimacs,18,162
./benchmark_tests/original/Biere/adder_3_6/pec_adder_3_bit_6_61.dqdimacs,19,154
./benchmark_tests/original/Biere/adder_3_6/pec_adder_3_bit_6_61.dqdimacs,20,144
./benchmark_tests/original/Biere/adder_3_6/pec_adder_3_bit_6_61.dqdimacs,22,130
./benchmark_tests/original/Biere/adder_3_6/pec_adder_3_bit_6_61.dqdimacs,23,119
./benchmark_tests/original/Biere/adder_3_6/pec_adder_3_bit_6_61.dqdimacs,24,109
./benchmark_tests/original/Biere/adder_3_6/pec_adder_3_bit_6_61.dqdimacs,25,101
./benchmark_tests/original/Biere/adder_3_6/pec_adder_3_bit_6_61.dqdimacs,26,95
./benchmark_tests/original/Biere/adder_3_6/pec_adder_3_bit_6_61.dqdimacs,27,91
./benchmark_tests/original/Biere/adder_3_6/pec_adder_3_bit_6_61.dqdimacs,29,88
./benchmark_tests/original/Biere/adder_3_6/pec_adder_3_bit_6_61.dqdimacs,30,88
./benchmark_tests/original/Biere/adder_3_6/pec_adder_3_bit_6_61.dqdimacs,31,88
./benchmark_tests/original/Biere/adder_3_6/pec_adder_3_bit_6_61.dqdimacs,32,89
./benchmark_tests/original/Biere/adder_3_6/pec_adder_3_bit_6_61.dqdimacs,34,88
./benchmark_tests/original/Biere/adder_3_6/pec_adder_3_bit_6_61.dqdimacs,35,89
./benchmark_tests/original/Biere/adder_3_6/pec_adder_3_bit_6_61.dqdimacs,36,89
./benchmark_tests/original/Biere/adder_3_6/pec_adder_3_bit_6_61.dqdimacs,37,90
./benchmark_tests/original/Biere/adder_3_6/pec_adder_3_bit_6_61.dqdimacs,39,88
./benchmark_tests/original/Biere/adder_3_6/pec_adder_3_bit_6_61.dqdimacs,40,88
./benchmark_tests/original/Biere/adder_3_6/pec_adder_3_bit_6_61.dqdimacs,41,88
./benchmark_tests/original/Biere/adder_3_6/pec_adder_3_bit_6_61.dqdimacs,42,88
./benchmark_tests/original/Biere/adder_3_6/pec_adder_3_bit_6_61.dqdimacs,43,88
./benchmark_tests/original/Biere/adder_3_6/pec_adder_3_bit_6_61.dqdimacs,44,90
./benchmark_tests/original/Biere/adder_3_6/pec_adder_3_bit_6_61.dqdimacs,46,88
./benchmark_tests/original/Biere/adder_3_6/pec_adder_3_bit_6_61.dqdimacs,47,89
./benchmark_tests/original/Biere/adder_3_6/pec_adder_3_bit_6_61.dqdimacs,48,89
./benchmark_tests/original/Biere/adder_3_6/pec_adder_3_bit_6_61.dqdimacs,49,89
./benchmark_tests/original/Biere/adder_3_6/pec_adder_3_bit_6_61.dqdimacs,50,90
./benchmark_tests/original/Biere/adder_3_6/pec_adder_3_bit_6_61.dqdimacs,52,89
./benchmark_tests/original/Biere/adder_3_6/pec_adder_3_bit_6_61.dqdimacs,53,89
./benchmark_tests/original/Biere/adder_3_6/pec_adder_3_bit_6_61.dqdimacs,54,90
./benchmark_tests/original/Biere/adder_3_6/pec_adder_3_bit_6_61.dqdimacs,55,88
./benchmark_tests/original/Biere/adder_3_6/pec_adder_3_bit_6_61.dqdimacs,56,88
./benchmark_tests/original/Biere/adder_3_6/pec_adder_3_bit_6_61.dqdimacs,57,88
./benchmark_tests/original/Biere/adder_3_6/pec_adder_3_bit_6_61.dqdimacs,58,89
./benchmark_tests/original/Biere/adder_3_6/pec_adder_3_bit_6_61.dqdimacs,59,88
./benchmark_tests/original/Biere/adder_3_6/pec_adder_3_bit_6_61.dqdimacs,60,88
./benchmark_tests/original/Biere/adder_3_6/pec_adder_3_bit_6_61.dqdimacs,61,88
./benchmark_tests/original/Biere/adder_3_6/pec_adder_3_bit_6_61.dqdimacs,62,88
./benchmark_tests/original/Biere/adder_3_6/pec_adder_3_bit_6_61.dqdimacs,63,88
./benchmark_tests/original/Biere/adder_3_6/pec_adder_3_bit_6_61.dqdimacs,64,88
./benchmark_tests/original/Biere/adder_3_6/pec_adder_3_bit_6_61.dqdimacs,65,88
./benchmark_tests/original/Biere/adder_3_6/pec_adder_3_bit_6_61.dqdimacs,66,89
./benchmark_tests/original/Biere/adder_3_6/pec_adder_3_bit_6_61.dqdimacs,67,88
./benchmark_tests/original/Biere/adder_3_6/pec_adder_3_bit_6_61.dqdimacs,68,88
./benchmark_tests/original/Biere/adder_3_6/pec_adder_3_bit_6_61.dqdimacs,69,88
./benchmark_tests/original/Biere/adder_3_6/pec_adder_3_bit_6_61.dqdimacs,70,88
./benchmark_tests/original/Biere/adder_3_6/pec_adder_3_bit_6_61.dqdimacs,71,88
./benchmark_tests/original/Biere/adder_3_6/pec_adder_3_bit_6_62.dqdimacs,4,348
./benchmark_tests/original/Biere/adder_3_6/pec_adder_3_bit_6_62.dqdimacs,5,291
./benchmark_tests/original/Biere/adder_3_6/pec_adder_3_bit_6_62.dqdimacs,6,289
./benchmark_tests/original/Biere/adder_3_6/pec_adder_3_bit_6_62.dqdimacs,10,295
./benchmark_tests/original/Biere/adder_3_6/pec_adder_3_bit_6_62.dqdimacs,11,292
./benchmark_tests/original/Biere/adder_3_6/pec_adder_3_bit_6_62.dqdimacs,12,268
./benchmark_tests/original/Biere/adder_3_6/pec_adder_3_bit_6_62.dqdimacs,13,229
./benchmark_tests/original/Biere/adder_3_6/pec_adder_3_bit_6_62.dqdimacs,17,197
./benchmark_tests/original/Biere/adder_3_6/pec_adder_3_bit_6_62.dqdimacs,18,170
./benchmark_tests/original/Biere/adder_3_6/pec_adder_3_bit_6_62.dqdimacs,19,155
./benchmark_tests/original/Biere/adder_3_6/pec_adder_3_bit_6_62.dqdimacs,20,156
./benchmark_tests/original/Biere/adder_3_6/pec_adder_3_bit_6_62.dqdimacs,22,156
./benchmark_tests/original/Biere/adder_3_6/pec_adder_3_bit_6_62.dqdimacs,23,155
./benchmark_tests/original/Biere/adder_3_6/pec_adder_3_bit_6_62.dqdimacs,24,156
./benchmark_tests/original/Biere/adder_3_6/pec_adder_3_bit_6_62.dqdimacs,25,156
./benchmark_tests/original/Biere/adder_3_6/pec_adder_3_bit_6_62.dqdimacs,26,156
./benchmark_tests/original/Biere/adder_3_6/pec_adder_3_bit_6_62.dqdimacs,27,159
./benchmark_tests/original/Biere/adder_3_6/pec_adder_3_bit_6_62.dqdimacs,29,157
./benchmark_tests/original/Biere/adder_3_6/pec_adder_3_bit_6_62.dqdimacs,30,157
./benchmark_tests/original/Biere/adder_3_6/pec_adder_3_bit_6_62.dqdimacs,31,158
./benchmark_tests/original/Biere/adder_3_6/pec_adder_3_bit_6_62.dqdimacs,33,155
./benchmark_tests/original/Biere/adder_3_6/pec_adder_3_bit_6_62.dqdimacs,34,156
./benchmark_tests/original/Biere/adder_3_6/pec_adder_3_bit_6_62.dqdimacs,35,156
./benchmark_tests/original/Biere/adder_3_6/pec_adder_3_bit_6_62.dqdimacs,36,158
./benchmark_tests/original/Biere/adder_3_6/pec_adder_3_bit_6_62.dqdimacs,38,157
./benchmark_tests/original/Biere/adder_3_6/pec_adder_3_bit_6_62.dqdimacs,39,154
./benchmark_tests/original/Biere/adder_3_6/pec_adder_3_bit_6_62.dqdimacs,40,157
./benchmark_tests/original/Biere/adder_3_6/pec_adder_3_bit_6_62.dqdimacs,41,156
./benchmark_tests/original/Biere/adder_3_6/pec_adder_3_bit_6_62.dqdimacs,43,154
./benchmark_tests/original/Biere/adder_3_6/pec_adder_3_bit_6_62.dqdimacs,44,157
./benchmark_tests/original/Biere/adder_3_6/pec_adder_3_bit_6_62.dqdimacs,45,157
./benchmark_tests/original/Biere/adder_3_6/pec_adder_3_bit_6_62.dqdimacs,46,158
./benchmark_tests/original/Biere/adder_3_6/pec_adder_3_bit_6_62.dqdimacs,48,156
./benchmark_tests/original/Biere/adder_3_6/pec_adder_3_bit_6_62.dqdimacs,49,156
./benchmark_tests/original/Biere/adder_3_6/pec_adder_3_bit_6_62.dqdimacs,50,159
./benchmark_tests/original/Biere/adder_3_6/pec_adder_3_bit_6_62.dqdimacs,52,157
./benchmark_tests/original/Biere/adder_3_6/pec_adder_3_bit_6_62.dqdimacs,53,156
./benchmark_tests/original/Biere/adder_3_6/pec_adder_3_bit_6_62.dqdimacs,54,157
./benchmark_tests/original/Biere/adder_3_6/pec_adder_3_bit_6_62.dqdimacs,56,154
./benchmark_tests/original/Biere/adder_3_6/pec_adder_3_bit_6_62.dqdimacs,57,154
./benchmark_tests/original/Biere/adder_3_6/pec_adder_3_bit_6_62.dqdimacs,58,155
./benchmark_tests/original/Biere/adder_3_6/pec_adder_3_bit_6_62.dqdimacs,59,158
./benchmark_tests/original/Biere/adder_3_6/pec_adder_3_bit_6_62.dqdimacs,60,154
./benchmark_tests/original/Biere/adder_3_6/pec_adder_3_bit_6_62.dqdimacs,61,154
./benchmark_tests/original/Biere/adder_3_6/pec_adder_3_bit_6_62.dqdimacs,62,154
./benchmark_tests/original/Biere/adder_3_6/pec_adder_3_bit_6_62.dqdimacs,63,155
./benchmark_tests/original/Biere/adder_3_6/pec_adder_3_bit_6_62.dqdimacs,64,156
./benchmark_tests/original/Biere/adder_3_6/pec_adder_3_bit_6_62.dqdimacs,65,154
./benchmark_tests/original/Biere/adder_3_6/pec_adder_3_bit_6_62.dqdimacs,66,156
./benchmark_tests/original/Biere/adder_3_6/pec_adder_3_bit_6_62.dqdimacs,67,155
./benchmark_tests/original/Biere/adder_3_6/pec_adder_3_bit_6_62.dqdimacs,68,156
./benchmark_tests/original/Biere/adder_3_6/pec_adder_3_bit_6_62.dqdimacs,69,156
./benchmark_tests/original/Biere/adder_3_6/pec_adder_3_bit_6_62.dqdimacs,70,154
./benchmark_tests/original/Biere/adder_3_6/pec_adder_3_bit_6_62.dqdimacs,71,154
./benchmark_tests/original/Biere/adder_3_6/pec_adder_3_bit_6_62.dqdimacs,72,154
./benchmark_tests/original/Biere/adder_3_6/pec_adder_3_bit_6_62.dqdimacs,73,154
./benchmark_tests/original/Biere/adder_3_6/pec_adder_3_bit_6_62.dqdimacs,74,154
./benchmark_tests/original/Biere/adder_3_6/pec_adder_3_bit_6_62.dqdimacs,75,156
./benchmark_tests/original/Biere/adder_3_6/pec_adder_3_bit_6_62.dqdimacs,76,157
./benchmark_tests/original/Biere/adder_3_6/pec_adder_3_bit_6_62.dqdimacs,77,155
./benchmark_tests/original/Biere/adder_3_6/pec_adder_3_bit_6_62.dqdimacs,78,157
./benchmark_tests/original/Biere/adder_3_6/pec_adder_3_bit_6_62.dqdimacs,79,157
./benchmark_tests/original/Biere/adder_3_6/pec_adder_3_bit_6_63.dqdimacs,4,228
./benchmark_tests/original/Biere/adder_3_6/pec_adder_3_bit_6_63.dqdimacs,5,173
./benchmark_tests/original/Biere/adder_3_6/pec_adder_3_bit_6_63.dqdimacs,6,150
./benchmark_tests/original/Biere/adder_3_6/pec_adder_3_bit_6_63.dqdimacs,10,150
./benchmark_tests/original/Biere/adder_3_6/pec_adder_3_bit_6_63.dqdimacs,11,150
./benchmark_tests/original/Biere/adder_3_6/pec_adder_3_bit_6_63.dqdimacs,12,149
./benchmark_tests/original/Biere/adder_3_6/pec_adder_3_bit_6_63.dqdimacs,13,149
./benchmark_tests/original/Biere/adder_3_6/pec_adder_3_bit_6_63.dqdimacs,17,145
./benchmark_tests/original/Biere/adder_3_6/pec_adder_3_bit_6_63.dqdimacs,18,148
./benchmark_tests/original/Biere/adder_3_6/pec_adder_3_bit_6_63.dqdimacs,19,143
./benchmark_tests/original/Biere/adder_3_6/pec_adder_3_bit_6_63.dqdimacs,20,134
./benchmark_tests/original/Biere/adder_3_6/pec_adder_3_bit_6_63.dqdimacs,22,124
./benchmark_tests/original/Biere/adder_3_6/pec_adder_3_bit_6_63.dqdimacs,23,119
./benchmark_tests/original/Biere/adder_3_6/pec_adder_3_bit_6_63.dqdimacs,24,107
./benchmark_tests/original/Biere/adder_3_6/pec_adder_3_bit_6_63.dqdimacs,25,99
./benchmark_tests/original/Biere/adder_3_6/pec_adder_3_bit_6_63.dqdimacs,26,92
./benchmark_tests/original/Biere/adder_3_6/pec_adder_3_bit_6_63.dqdimacs,27,88
./benchmark_tests/original/Biere/adder_3_6/pec_adder_3_bit_6_63.dqdimacs,29,87
./benchmark_tests/original/Biere/adder_3_6/pec_adder_3_bit_6_63.dqdimacs,30,79
./benchmark_tests/original/Biere/adder_3_6/pec_adder_3_bit_6_63.dqdimacs,31,80
./benchmark_tests/original/Biere/adder_3_6/pec_adder_3_bit_6_63.dqdimacs,33,79
./benchmark_tests/original/Biere/adder_3_6/pec_adder_3_bit_6_63.dqdimacs,34,79
./benchmark_tests/original/Biere/adder_3_6/pec_adder_3_bit_6_63.dqdimacs,35,80
./benchmark_tests/original/Biere/adder_3_6/pec_adder_3_bit_6_63.dqdimacs,37,78
./benchmark_tests/original/Biere/adder_3_6/pec_adder_3_bit_6_63.dqdimacs,38,81
./benchmark_tests/original/Biere/adder_3_6/pec_adder_3_bit_6_63.dqdimacs,39,79
./benchmark_tests/original/Biere/adder_3_6/pec_adder_3_bit_6_63.dqdimacs,40,80
./benchmark_tests/original/Biere/adder_3_6/pec_adder_3_bit_6_63.dqdimacs,42,78
./benchmark_tests/original/Biere/adder_3_6/pec_adder_3_bit_6_63.dqdimacs,43,78
./benchmark_tests/original/Biere/adder_3_6/pec_adder_3_bit_6_63.dqdimacs,44,80
./benchmark_tests/original/Biere/adder_3_6/pec_adder_3_bit_6_63.dqdimacs,45,80
./benchmark_tests/original/Biere/adder_3_6/pec_adder_3_bit_6_63.dqdimacs,47,79
./benchmark_tests/original/Biere/adder_3_6/pec_adder_3_bit_6_63.dqdimacs,48,81
./benchmark_tests/original/Biere/adder_3_6/pec_adder_3_bit_6_63.dqdimacs,49,79
./benchmark_tests/original/Biere/adder_3_6/pec_adder_3_bit_6_63.dqdimacs,50,80
./benchmark_tests/original/Biere/adder_3_6/pec_adder_3_bit_6_63.dqdimacs,51,81
./benchmark_tests/original/Biere/adder_3_6/pec_adder_3_bit_6_63.dqdimacs,53,78
./benchmark_tests/original/Biere/adder_3_6/pec_adder_3_bit_6_63.dqdimacs,54,78
./benchmark_tests/original/Biere/adder_3_6/pec_adder_3_bit_6_63.dqdimacs,55,80
./benchmark_tests/original/Biere/adder_3_6/pec_adder_3_bit_6_63.dqdimacs,57,78
./benchmark_tests/original/Biere/adder_3_6/pec_adder_3_bit_6_63.dqdimacs,58,79
./benchmark_tests/original/Biere/adder_3_6/pec_adder_3_bit_6_63.dqdimacs,59,81
./benchmark_tests/original/Biere/adder_3_6/pec_adder_3_bit_6_63.dqdimacs,61,78
./benchmark_tests/original/Biere/adder_3_6/pec_adder_3_bit_6_63.dqdimacs,62,79
./benchmark_tests/original/Biere/adder_3_6/pec_adder_3_bit_6_63.dqdimacs,63,80
./benchmark_tests/original/Biere/adder_3_6/pec_adder_3_bit_6_63.dqdimacs,64,80
./benchmark_tests/original/Biere/adder_3_6/pec_adder_3_bit_6_63.dqdimacs,65,80
./benchmark_tests/original/Biere/adder_3_6/pec_adder_3_bit_6_63.dqdimacs,66,80
./benchmark_tests/original/Biere/adder_3_6/pec_adder_3_bit_6_63.dqdimacs,67,79
./benchmark_tests/original/Biere/adder_3_6/pec_adder_3_bit_6_63.dqdimacs,68,80
./benchmark_tests/original/Biere/adder_3_6/pec_adder_3_bit_6_63.dqdimacs,69,80
./benchmark_tests/original/Biere/adder_3_6/pec_adder_3_bit_6_63.dqdimacs,70,78
./benchmark_tests/original/Biere/adder_3_6/pec_adder_3_bit_6_63.dqdimacs,71,81
./benchmark_tests/original/Biere/adder_3_6/pec_adder_3_bit_6_63.dqdimacs,72,79
./benchmark_tests/original/Biere/adder_3_6/pec_adder_3_bit_6_63.dqdimacs,73,79
./benchmark_tests/original/Biere/adder_3_6/pec_adder_3_bit_6_63.dqdimacs,74,80
./benchmark_tests/original/Biere/adder_3_6/pec_adder_3_bit_6_63.dqdimacs,75,80
./benchmark_tests/original/Biere/adder_3_6/pec_adder_3_bit_6_63.dqdimacs,76,78
./benchmark_tests/original/Biere/adder_3_6/pec_adder_3_bit_6_63.dqdimacs,77,80
./benchmark_tests/original/Biere/adder_3_6/pec_adder_3_bit_6_63.dqdimacs,78,78
./benchmark_tests/original/Biere/adder_3_6/pec_adder_3_bit_6_63.dqdimacs,79,80
./benchmark_tests/original/Biere/adder_3_6/pec_adder_3_bit_6_63.dqdimacs,80,78
./benchmark_tests/original/Biere/adder_3_6/pec_adder_3_bit_6_63.dqdimacs,81,79
./benchmark_tests/original/Biere/adder_3_6/pec_adder_3_bit_6_63.dqdimacs,82,78
./benchmark_tests/original/Biere/adder_3_6/pec_adder_3_bit_6_64.dqdimacs,4,249
./benchmark_tests/original/Biere/adder_3_6/pec_adder_3_bit_6_64.dqdimacs,5,197
./benchmark_tests/original/Biere/adder_3_6/pec_adder_3_bit_6_64.dqdimacs,6,197
./benchmark_tests/original/Biere/adder_3_6/pec_adder_3_bit_6_64.dqdimacs,10,196
./benchmark_tests/original/Biere/adder_3_6/pec_adder_3_bit_6_64.dqdimacs,11,198
./benchmark_tests/original/Biere/adder_3_6/pec_adder_3_bit_6_64.dqdimacs,12,197
./benchmark_tests/original/Biere/adder_3_6/pec_adder_3_bit_6_64.dqdimacs,13,199
./benchmark_tests/original/Biere/adder_3_6/pec_adder_3_bit_6_64.dqdimacs,17,191
./benchmark_tests/original/Biere/adder_3_6/pec_adder_3_bit_6_64.dqdimacs,18,174
./benchmark_tests/original/Biere/adder_3_6/pec_adder_3_bit_6_64.dqdimacs,19,156
./benchmark_tests/original/Biere/adder_3_6/pec_adder_3_bit_6_64.dqdimacs,20,142
./benchmark_tests/original/Biere/adder_3_6/pec_adder_3_bit_6_64.dqdimacs,22,129
./benchmark_tests/original/Biere/adder_3_6/pec_adder_3_bit_6_64.dqdimacs,23,116
./benchmark_tests/original/Biere/adder_3_6/pec_adder_3_bit_6_64.dqdimacs,24,108
./benchmark_tests/original/Biere/adder_3_6/pec_adder_3_bit_6_64.dqdimacs,25,106
./benchmark_tests/original/Biere/adder_3_6/pec_adder_3_bit_6_64.dqdimacs,26,105
./benchmark_tests/original/Biere/adder_3_6/pec_adder_3_bit_6_64.dqdimacs,27,108
./benchmark_tests/original/Biere/adder_3_6/pec_adder_3_bit_6_64.dqdimacs,29,107
./benchmark_tests/original/Biere/adder_3_6/pec_adder_3_bit_6_64.dqdimacs,30,107
./benchmark_tests/original/Biere/adder_3_6/pec_adder_3_bit_6_64.dqdimacs,31,108
./benchmark_tests/original/Biere/adder_3_6/pec_adder_3_bit_6_64.dqdimacs,33,107
./benchmark_tests/original/Biere/adder_3_6/pec_adder_3_bit_6_64.dqdimacs,34,105
./benchmark_tests/original/Biere/adder_3_6/pec_adder_3_bit_6_64.dqdimacs,35,107
./benchmark_tests/original/Biere/adder_3_6/pec_adder_3_bit_6_64.dqdimacs,37,106
./benchmark_tests/original/Biere/adder_3_6/pec_adder_3_bit_6_64.dqdimacs,38,106
./benchmark_tests/original/Biere/adder_3_6/pec_adder_3_bit_6_64.dqdimacs,39,107
./benchmark_tests/original/Biere/adder_3_6/pec_adder_3_bit_6_64.dqdimacs,41,104
./benchmark_tests/original/Biere/adder_3_6/pec_adder_3_bit_6_64.dqdimacs,42,106
./benchmark_tests/original/Biere/adder_3_6/pec_adder_3_bit_6_64.dqdimacs,43,106
./benchmark_tests/original/Biere/adder_3_6/pec_adder_3_bit_6_64.dqdimacs,44,105
./benchmark_tests/original/Biere/adder_3_6/pec_adder_3_bit_6_64.dqdimacs,45,107
./benchmark_tests/original/Biere/adder_3_6/pec_adder_3_bit_6_64.dqdimacs,47,103
./benchmark_tests/original/Biere/adder_3_6/pec_adder_3_bit_6_64.dqdimacs,48,104
./benchmark_tests/original/Biere/adder_3_6/pec_adder_3_bit_6_64.dqdimacs,49,105
./benchmark_tests/original/Biere/adder_3_6/pec_adder_3_bit_6_64.dqdimacs,50,106
./benchmark_tests/original/Biere/adder_3_6/pec_adder_3_bit_6_64.dqdimacs,52,104
./benchmark_tests/original/Biere/adder_3_6/pec_adder_3_bit_6_64.dqdimacs,53,104
./benchmark_tests/original/Biere/adder_3_6/pec_adder_3_bit_6_64.dqdimacs,54,105
./benchmark_tests/original/Biere/adder_3_6/pec_adder_3_bit_6_64.dqdimacs,55,106
./benchmark_tests/original/Biere/adder_3_6/pec_adder_3_bit_6_64.dqdimacs,57,105
./benchmark_tests/original/Biere/adder_3_6/pec_adder_3_bit_6_64.dqdimacs,58,105
./benchmark_tests/original/Biere/adder_3_6/pec_adder_3_bit_6_64.dqdimacs,59,106
./benchmark_tests/original/Biere/adder_3_6/pec_adder_3_bit_6_64.dqdimacs,61,104
./benchmark_tests/original/Biere/adder_3_6/pec_adder_3_bit_6_64.dqdimacs,62,104
./benchmark_tests/original/Biere/adder_3_6/pec_adder_3_bit_6_64.dqdimacs,63,107
./benchmark_tests/original/Biere/adder_3_6/pec_adder_3_bit_6_64.dqdimacs,64,105
./benchmark_tests/original/Biere/adder_3_6/pec_adder_3_bit_6_64.dqdimacs,65,106
./benchmark_tests/original/Biere/adder_3_6/pec_adder_3_bit_6_64.dqdimacs,66,105
./benchmark_tests/original/Biere/adder_3_6/pec_adder_3_bit_6_64.dqdimacs,67,105
./benchmark_tests/original/Biere/adder_3_6/pec_adder_3_bit_6_64.dqdimacs,68,105
./benchmark_tests/original/Biere/adder_3_6/pec_adder_3_bit_6_64.dqdimacs,69,106
./benchmark_tests/original/Biere/adder_3_6/pec_adder_3_bit_6_64.dqdimacs,70,105
./benchmark_tests/original/Biere/adder_3_6/pec_adder_3_bit_6_64.dqdimacs,71,106
./benchmark_tests/original/Biere/adder_3_6/pec_adder_3_bit_6_64.dqdimacs,72,106
./benchmark_tests/original/Biere/adder_3_6/pec_adder_3_bit_6_64.dqdimacs,73,105
./benchmark_tests/original/Biere/adder_3_6/pec_adder_3_bit_6_64.dqdimacs,74,106
./benchmark_tests/original/Biere/adder_3_6/pec_adder_3_bit_6_64.dqdimacs,75,105
./benchmark_tests/original/Biere/adder_3_6/pec_adder_3_bit_6_64.dqdimacs,76,105
./benchmark_tests/original/Biere/adder_3_6/pec_adder_3_bit_6_64.dqdimacs,77,105
./benchmark_tests/original/Biere/adder_3_6/pec_adder_3_bit_6_64.dqdimacs,78,106
./benchmark_tests/original/Biere/adder_3_6/pec_adder_3_bit_6_64.dqdimacs,79,105
./benchmark_tests/original/Biere/adder_3_6/pec_adder_3_bit_6_64.dqdimacs,80,105
./benchmark_tests/original/Biere/adder_3_6/pec_adder_3_bit_6_64.dqdimacs,81,106
./benchmark_tests/original/Biere/adder_3_6/pec_adder_3_bit_6_64.dqdimacs,82,106
./benchmark_tests/original/Biere/adder_3_6/pec_adder_3_bit_6_65.dqdimacs,4,297
./benchmark_tests/original/Biere/adder_3_6/pec_adder_3_bit_6_65.dqdimacs,5,248
./benchmark_tests/original/Biere/adder_3_6/pec_adder_3_bit_6_65.dqdimacs,6,248
./benchmark_tests/original/Biere/adder_3_6/pec_adder_3_bit_6_65.dqdimacs,10,247
./benchmark_tests/original/Biere/adder_3_6/pec_adder_3_bit_6_65.dqdimacs,11,244
./benchmark_tests/original/Biere/adder_3_6/pec_adder_3_bit_6_65.dqdimacs,12,243
./benchmark_tests/original/Biere/adder_3_6/pec_adder_3_bit_6_65.dqdimacs,13,226
./benchmark_tests/original/Biere/adder_3_6/pec_adder_3_bit_6_65.dqdimacs,17,199
./benchmark_tests/original/Biere/adder_3_6/pec_adder_3_bit_6_65.dqdimacs,18,173
./benchmark_tests/original/Biere/adder_3_6/pec_adder_3_bit_6_65.dqdimacs,19,154
./benchmark_tests/original/Biere/adder_3_6/pec_adder_3_bit_6_65.dqdimacs,20,139
./benchmark_tests/original/Biere/adder_3_6/pec_adder_3_bit_6_65.dqdimacs,22,130
./benchmark_tests/original/Biere/adder_3_6/pec_adder_3_bit_6_65.dqdimacs,23,131
./benchmark_tests/original/Biere/adder_3_6/pec_adder_3_bit_6_65.dqdimacs,24,130
./benchmark_tests/original/Biere/adder_3_6/pec_adder_3_bit_6_65.dqdimacs,25,131
./benchmark_tests/original/Biere/adder_3_6/pec_adder_3_bit_6_65.dqdimacs,26,131
./benchmark_tests/original/Biere/adder_3_6/pec_adder_3_bit_6_65.dqdimacs,27,132
./benchmark_tests/original/Biere/adder_3_6/pec_adder_3_bit_6_65.dqdimacs,29,131
./benchmark_tests/original/Biere/adder_3_6/pec_adder_3_bit_6_65.dqdimacs,30,130
./benchmark_tests/original/Biere/adder_3_6/pec_adder_3_bit_6_65.dqdimacs,31,133
./benchmark_tests/original/Biere/adder_3_6/pec_adder_3_bit_6_65.dqdimacs,33,131
./benchmark_tests/original/Biere/adder_3_6/pec_adder_3_bit_6_65.dqdimacs,34,131
./benchmark_tests/original/Biere/adder_3_6/pec_adder_3_bit_6_65.dqdimacs,35,133
./benchmark_tests/original/Biere/adder_3_6/pec_adder_3_bit_6_65.dqdimacs,37,131
./benchmark_tests/original/Biere/adder_3_6/pec_adder_3_bit_6_65.dqdimacs,38,130
./benchmark_tests/original/Biere/adder_3_6/pec_adder_3_bit_6_65.dqdimacs,39,131
./benchmark_tests/original/Biere/adder_3_6/pec_adder_3_bit_6_65.dqdimacs,40,131
./benchmark_tests/original/Biere/adder_3_6/pec_adder_3_bit_6_65.dqdimacs,41,133
./benchmark_tests/original/Biere/adder_3_6/pec_adder_3_bit_6_65.dqdimacs,43,131
./benchmark_tests/original/Biere/adder_3_6/pec_adder_3_bit_6_65.dqdimacs,44,130
./benchmark_tests/original/Biere/adder_3_6/pec_adder_3_bit_6_65.dqdimacs,45,130
./benchmark_tests/original/Biere/adder_3_6/pec_adder_3_bit_6_65.dqdimacs,46,133
./benchmark_tests/original/Biere/adder_3_6/pec_adder_3_bit_6_65.dqdimacs,48,130
./benchmark_tests/original/Biere/adder_3_6/pec_adder_3_bit_6_65.dqdimacs,49,130
./benchmark_tests/original/Biere/adder_3_6/pec_adder_3_bit_6_65.dqdimacs,50,132
./benchmark_tests/original/Biere/adder_3_6/pec_adder_3_bit_6_65.dqdimacs,52,130
./benchmark_tests/original/Biere/adder_3_6/pec_adder_3_bit_6_65.dqdimacs,53,131
./benchmark_tests/original/Biere/adder_3_6/pec_adder_3_bit_6_65.dqdimacs,54,130
./benchmark_tests/original/Biere/adder_3_6/pec_adder_3_bit_6_65.dqdimacs,55,131
./benchmark_tests/original/Biere/adder_3_6/pec_adder_3_bit_6_65.dqdimacs,57,129
./benchmark_tests/original/Biere/adder_3_6/pec_adder_3_bit_6_65.dqdimacs,58,129
./benchmark_tests/original/Biere/adder_3_6/pec_adder_3_bit_6_65.dqdimacs,59,131
./benchmark_tests/original/Biere/adder_3_6/pec_adder_3_bit_6_65.dqdimacs,60,133
./benchmark_tests/original/Biere/adder_3_6/pec_adder_3_bit_6_65.dqdimacs,62,130
./benchmark_tests/original/Biere/adder_3_6/pec_adder_3_bit_6_65.dqdimacs,63,130
./benchmark_tests/original/Biere/adder_3_6/pec_adder_3_bit_6_65.dqdimacs,64,130
./benchmark_tests/original/Biere/adder_3_6/pec_adder_3_bit_6_65.dqdimacs,65,133
./benchmark_tests/original/Biere/adder_3_6/pec_adder_3_bit_6_65.dqdimacs,66,130
./benchmark_tests/original/Biere/adder_3_6/pec_adder_3_bit_6_65.dqdimacs,67,129
./benchmark_tests/original/Biere/adder_3_6/pec_adder_3_bit_6_65.dqdimacs,68,129
./benchmark_tests/original/Biere/adder_3_6/pec_adder_3_bit_6_65.dqdimacs,69,130
./benchmark_tests/original/Biere/adder_3_6/pec_adder_3_bit_6_65.dqdimacs,70,130
./benchmark_tests/original/Biere/adder_3_6/pec_adder_3_bit_6_65.dqdimacs,71,131
./benchmark_tests/original/Biere/adder_3_6/pec_adder_3_bit_6_65.dqdimacs,72,131
./benchmark_tests/original/Biere/adder_3_6/pec_adder_3_bit_6_65.dqdimacs,73,130
./benchmark_tests/original/Biere/adder_3_6/pec_adder_3_bit_6_65.dqdimacs,74,130
./benchmark_tests/original/Biere/adder_3_6/pec_adder_3_bit_6_65.dqdimacs,75,130
./benchmark_tests/original/Biere/adder_3_6/pec_adder_3_bit_6_65.dqdimacs,76,130
./benchmark_tests/original/Biere/adder_3_6/pec_adder_3_bit_6_65.dqdimacs,77,131
./benchmark_tests/original/Biere/adder_3_6/pec_adder_3_bit_6_65.dqdimacs,78,131
./benchmark_tests/original/Biere/adder_3_6/pec_adder_3_bit_6_65.dqdimacs,79,131
./benchmark_tests/original/Biere/adder_3_6/pec_adder_3_bit_6_65.dqdimacs,80,130
./benchmark_tests/original/Biere/adder_3_6/pec_adder_3_bit_6_65.dqdimacs,81,129
./benchmark_tests/original/Biere/adder_3_6/pec_adder_3_bit_6_65.dqdimacs,82,130
./benchmark_tests/original/Biere/adder_3_6/pec_adder_3_bit_6_66.dqdimacs,4,198
./benchmark_tests/original/Biere/adder_3_6/pec_adder_3_bit_6_66.dqdimacs,5,147
./benchmark_tests/original/Biere/adder_3_6/pec_adder_3_bit_6_66.dqdimacs,6,144
./benchmark_tests/original/Biere/adder_3_6/pec_adder_3_bit_6_66.dqdimacs,10,145
./benchmark_tests/original/Biere/adder_3_6/pec_adder_3_bit_6_66.dqdimacs,11,145
./benchmark_tests/original/Biere/adder_3_6/pec_adder_3_bit_6_66.dqdimacs,12,145
./benchmark_tests/original/Biere/adder_3_6/pec_adder_3_bit_6_66.dqdimacs,13,146
./benchmark_tests/original/Biere/adder_3_6/pec_adder_3_bit_6_66.dqdimacs,17,145
./benchmark_tests/original/Biere/adder_3_6/pec_adder_3_bit_6_66.dqdimacs,18,144
./benchmark_tests/original/Biere/adder_3_6/pec_adder_3_bit_6_66.dqdimacs,19,144
./benchmark_tests/original/Biere/adder_3_6/pec_adder_3_bit_6_66.dqdimacs,20,138
./benchmark_tests/original/Biere/adder_3_6/pec_adder_3_bit_6_66.dqdimacs,22,128
./benchmark_tests/original/Biere/adder_3_6/pec_adder_3_bit_6_66.dqdimacs,23,118
./benchmark_tests/original/Biere/adder_3_6/pec_adder_3_bit_6_66.dqdimacs,24,110
./benchmark_tests/original/Biere/adder_3_6/pec_adder_3_bit_6_66.dqdimacs,25,102
./benchmark_tests/original/Biere/adder_3_6/pec_adder_3_bit_6_66.dqdimacs,26,95
./benchmark_tests/original/Biere/adder_3_6/pec_adder_3_bit_6_66.dqdimacs,27,91
./benchmark_tests/original/Biere/adder_3_6/pec_adder_3_bit_6_66.dqdimacs,29,83
./benchmark_tests/original/Biere/adder_3_6/pec_adder_3_bit_6_66.dqdimacs,30,78
./benchmark_tests/original/Biere/adder_3_6/pec_adder_3_bit_6_66.dqdimacs,31,78
./benchmark_tests/original/Biere/adder_3_6/pec_adder_3_bit_6_66.dqdimacs,32,77
./benchmark_tests/original/Biere/adder_3_6/pec_adder_3_bit_6_66.dqdimacs,33,78
./benchmark_tests/original/Biere/adder_3_6/pec_adder_3_bit_6_66.dqdimacs,34,78
./benchmark_tests/original/Biere/adder_3_6/pec_adder_3_bit_6_66.dqdimacs,35,79
./benchmark_tests/original/Biere/adder_3_6/pec_adder_3_bit_6_66.dqdimacs,37,78
./benchmark_tests/original/Biere/adder_3_6/pec_adder_3_bit_6_66.dqdimacs,38,78
./benchmark_tests/original/Biere/adder_3_6/pec_adder_3_bit_6_66.dqdimacs,39,78
./benchmark_tests/original/Biere/adder_3_6/pec_adder_3_bit_6_66.dqdimacs,40,78
./benchmark_tests/original/Biere/adder_3_6/pec_adder_3_bit_6_66.dqdimacs,41,78
./benchmark_tests/original/Biere/adder_3_6/pec_adder_3_bit_6_66.dqdimacs,42,80
./benchmark_tests/original/Biere/adder_3_6/pec_adder_3_bit_6_66.dqdimacs,44,78
./benchmark_tests/original/Biere/adder_3_6/pec_adder_3_bit_6_66.dqdimacs,45,77
./benchmark_tests/original/Biere/adder_3_6/pec_adder_3_bit_6_66.dqdimacs,46,79
./benchmark_tests/original/Biere/adder_3_6/pec_adder_3_bit_6_66.dqdimacs,47,80
./benchmark_tests/original/Biere/adder_3_6/pec_adder_3_bit_6_66.dqdimacs,48,78
./benchmark_tests/original/Biere/adder_3_6/pec_adder_3_bit_6_66.dqdimacs,49,79
./benchmark_tests/original/Biere/adder_3_6/pec_adder_3_bit_6_66.dqdimacs,50,78
./benchmark_tests/original/Biere/adder_3_6/pec_adder_3_bit_6_66.dqdimacs,51,78
./benchmark_tests/original/Biere/adder_3_6/pec_adder_3_bit_6_66.dqdimacs,52,78
./benchmark_tests/original/Biere/adder_3_6/pec_adder_3_bit_6_66.dqdimacs,53,78
./benchmark_tests/original/Biere/adder_3_6/pec_adder_3_bit_6_66.dqdimacs,54,78
./benchmark_tests/original/Biere/adder_3_6/pec_adder_3_bit_6_66.dqdimacs,55,77
./benchmark_tests/original/Biere/adder_3_6/pec_adder_3_bit_6_66.dqdimacs,56,78
./benchmark_tests/original/Biere/adder_3_6/pec_adder_3_bit_6_66.dqdimacs,57,78
./benchmark_tests/original/Biere/adder_3_6/pec_adder_3_bit_6_66.dqdimacs,58,78
./benchmark_tests/original/Biere/adder_3_6/pec_adder_3_bit_6_66.dqdimacs,59,77
./benchmark_tests/original/Biere/adder_3_6/pec_adder_3_bit_6_66.dqdimacs,60,79
./benchmark_tests/original/Biere/adder_3_6/pec_adder_3_bit_6_66.dqdimacs,61,78
./benchmark_tests/original/Biere/adder_3_6/pec_adder_3_bit_6_66.dqdimacs,62,78
./benchmark_tests/original/Biere/adder_3_6/pec_adder_3_bit_6_66.dqdimacs,63,77
./benchmark_tests/original/Biere/adder_3_6/pec_adder_3_bit_6_66.dqdimacs,64,77
./benchmark_tests/original/Biere/adder_3_6/pec_adder_3_bit_6_66.dqdimacs,65,78
./benchmark_tests/original/Biere/adder_3_6/pec_adder_3_bit_6_67.dqdimacs,4,286
./benchmark_tests/original/Biere/adder_3_6/pec_adder_3_bit_6_67.dqdimacs,5,229
./benchmark_tests/original/Biere/adder_3_6/pec_adder_3_bit_6_67.dqdimacs,6,227
./benchmark_tests/original/Biere/adder_3_6/pec_adder_3_bit_6_67.dqdimacs,10,233
./benchmark_tests/original/Biere/adder_3_6/pec_adder_3_bit_6_67.dqdimacs,11,233
./benchmark_tests/original/Biere/adder_3_6/pec_adder_3_bit_6_67.dqdimacs,12,235
./benchmark_tests/original/Biere/adder_3_6/pec_adder_3_bit_6_67.dqdimacs,13,222
./benchmark_tests/original/Biere/adder_3_6/pec_adder_3_bit_6_67.dqdimacs,17,198
./benchmark_tests/original/Biere/adder_3_6/pec_adder_3_bit_6_67.dqdimacs,18,176
./benchmark_tests/original/Biere/adder_3_6/pec_adder_3_bit_6_67.dqdimacs,19,155
./benchmark_tests/original/Biere/adder_3_6/pec_adder_3_bit_6_67.dqdimacs,20,137
./benchmark_tests/original/Biere/adder_3_6/pec_adder_3_bit_6_67.dqdimacs,22,128
./benchmark_tests/original/Biere/adder_3_6/pec_adder_3_bit_6_67.dqdimacs,23,124
./benchmark_tests/original/Biere/adder_3_6/pec_adder_3_bit_6_67.dqdimacs,24,124
./benchmark_tests/original/Biere/adder_3_6/pec_adder_3_bit_6_67.dqdimacs,25,125
./benchmark_tests/original/Biere/adder_3_6/pec_adder_3_bit_6_67.dqdimacs,26,125
./benchmark_tests/original/Biere/adder_3_6/pec_adder_3_bit_6_67.dqdimacs,27,126
./benchmark_tests/original/Biere/adder_3_6/pec_adder_3_bit_6_67.dqdimacs,29,125
./benchmark_tests/original/Biere/adder_3_6/pec_adder_3_bit_6_67.dqdimacs,30,125
./benchmark_tests/original/Biere/adder_3_6/pec_adder_3_bit_6_67.dqdimacs,31,128
./benchmark_tests/original/Biere/adder_3_6/pec_adder_3_bit_6_67.dqdimacs,33,124
./benchmark_tests/original/Biere/adder_3_6/pec_adder_3_bit_6_67.dqdimacs,34,122
./benchmark_tests/original/Biere/adder_3_6/pec_adder_3_bit_6_67.dqdimacs,35,127
./benchmark_tests/original/Biere/adder_3_6/pec_adder_3_bit_6_67.dqdimacs,37,124
./benchmark_tests/original/Biere/adder_3_6/pec_adder_3_bit_6_67.dqdimacs,38,125
./benchmark_tests/original/Biere/adder_3_6/pec_adder_3_bit_6_67.dqdimacs,39,125
./benchmark_tests/original/Biere/adder_3_6/pec_adder_3_bit_6_67.dqdimacs,40,125
./benchmark_tests/original/Biere/adder_3_6/pec_adder_3_bit_6_67.dqdimacs,42,121
./benchmark_tests/original/Biere/adder_3_6/pec_adder_3_bit_6_67.dqdimacs,43,124
./benchmark_tests/original/Biere/adder_3_6/pec_adder_3_bit_6_67.dqdimacs,44,126
./benchmark_tests/original/Biere/adder_3_6/pec_adder_3_bit_6_67.dqdimacs,46,124
./benchmark_tests/original/Biere/adder_3_6/pec_adder_3_bit_6_67.dqdimacs,47,125
./benchmark_tests/original/Biere/adder_3_6/pec_adder_3_bit_6_67.dqdimacs,48,123
./benchmark_tests/original/Biere/adder_3_6/pec_adder_3_bit_6_67.dqdimacs,50,124
./benchmark_tests/original/Biere/adder_3_6/pec_adder_3_bit_6_67.dqdimacs,51,124
./benchmark_tests/original/Biere/adder_3_6/pec_adder_3_bit_6_67.dqdimacs,52,124
./benchmark_tests/original/Biere/adder_3_6/pec_adder_3_bit_6_67.dqdimacs,53,125
./benchmark_tests/original/Biere/adder_3_6/pec_adder_3_bit_6_67.dqdimacs,54,123
./benchmark_tests/original/Biere/adder_3_6/pec_adder_3_bit_6_67.dqdimacs,55,125
./benchmark_tests/original/Biere/adder_3_6/pec_adder_3_bit_6_67.dqdimacs,57,123
./benchmark_tests/original/Biere/adder_3_6/pec_adder_3_bit_6_67.dqdimacs,58,122
./benchmark_tests/original/Biere/adder_3_6/pec_adder_3_bit_6_67.dqdimacs,59,125
./benchmark_tests/original/Biere/adder_3_6/pec_adder_3_bit_6_67.dqdimacs,61,122
./benchmark_tests/original/Biere/adder_3_6/pec_adder_3_bit_6_67.dqdimacs,62,124
./benchmark_tests/original/Biere/adder_3_6/pec_adder_3_bit_6_67.dqdimacs,63,123
./benchmark_tests/original/Biere/adder_3_6/pec_adder_3_bit_6_67.dqdimacs,64,125
./benchmark_tests/original/Biere/adder_3_6/pec_adder_3_bit_6_67.dqdimacs,66,122
./benchmark_tests/original/Biere/adder_3_6/pec_adder_3_bit_6_67.dqdimacs,67,123
./benchmark_tests/original/Biere/adder_3_6/pec_adder_3_bit_6_67.dqdimacs,68,124
./benchmark_tests/original/Biere/adder_3_6/pec_adder_3_bit_6_67.dqdimacs,69,125
./benchmark_tests/original/Biere/adder_3_6/pec_adder_3_bit_6_67.dqdimacs,70,120
./benchmark_tests/original/Biere/adder_3_6/pec_adder_3_bit_6_67.dqdimacs,71,123
./benchmark_tests/original/Biere/adder_3_6/pec_adder_3_bit_6_67.dqdimacs,72,123
./benchmark_tests/original/Biere/adder_3_6/pec_adder_3_bit_6_67.dqdimacs,73,123
./benchmark_tests/original/Biere/adder_3_6/pec_adder_3_bit_6_67.dqdimacs,74,124
./benchmark_tests/original/Biere/adder_3_6/pec_adder_3_bit_6_67.dqdimacs,75,122
./benchmark_tests/original/Biere/adder_3_6/pec_adder_3_bit_6_67.dqdimacs,76,124
./benchmark_tests/original/Biere/adder_3_6/pec_adder_3_bit_6_67.dqdimacs,77,123
./benchmark_tests/original/Biere/adder_3_6/pec_adder_3_bit_6_67.dqdimacs,78,121
./benchmark_tests/original/Biere/adder_3_6/pec_adder_3_bit_6_67.dqdimacs,79,123
./benchmark_tests/original/Biere/adder_3_6/pec_adder_3_bit_6_67.dqdimacs,80,122
./benchmark_tests/original/Biere/adder_3_6/pec_adder_3_bit_6_67.dqdimacs,81,121
./benchmark_tests/original/Biere/adder_3_6/pec_adder_3_bit_6_67.dqdimacs,82,124
./benchmark_tests/original/Biere/adder_3_6/pec_adder_3_bit_6_67.dqdimacs,83,121
./benchmark_tests/original/Biere/adder_3_6/pec_adder_3_bit_6_67.dqdimacs,84,123
./benchmark_tests/original/Biere/adder_3_6/pec_adder_3_bit_6_67.dqdimacs,85,124
./benchmark_tests/original/Biere/adder_3_6/pec_adder_3_bit_6_67.dqdimacs,86,123
./benchmark_tests/original/Biere/adder_3_6/pec_adder_3_bit_6_67.dqdimacs,87,122
./benchmark_tests/original/Biere/adder_3_6/pec_adder_3_bit_6_68.dqdimacs,4,207
./benchmark_tests/original/Biere/adder_3_6/pec_adder_3_bit_6_68.dqdimacs,5,156
./benchmark_tests/original/Biere/adder_3_6/pec_adder_3_bit_6_68.dqdimacs,6,156
./benchmark_tests/original/Biere/adder_3_6/pec_adder_3_bit_6_68.dqdimacs,10,153
./benchmark_tests/original/Biere/adder_3_6/pec_adder_3_bit_6_68.dqdimacs,11,149
./benchmark_tests/original/Biere/adder_3_6/pec_adder_3_bit_6_68.dqdimacs,12,133
./benchmark_tests/original/Biere/adder_3_6/pec_adder_3_bit_6_68.dqdimacs,13,129
./benchmark_tests/original/Biere/adder_3_6/pec_adder_3_bit_6_68.dqdimacs,17,128
./benchmark_tests/original/Biere/adder_3_6/pec_adder_3_bit_6_68.dqdimacs,18,129
./benchmark_tests/original/Biere/adder_3_6/pec_adder_3_bit_6_68.dqdimacs,19,130
./benchmark_tests/original/Biere/adder_3_6/pec_adder_3_bit_6_68.dqdimacs,20,127
./benchmark_tests/original/Biere/adder_3_6/pec_adder_3_bit_6_68.dqdimacs,22,118
./benchmark_tests/original/Biere/adder_3_6/pec_adder_3_bit_6_68.dqdimacs,23,111
./benchmark_tests/original/Biere/adder_3_6/pec_adder_3_bit_6_68.dqdimacs,24,103
./benchmark_tests/original/Biere/adder_3_6/pec_adder_3_bit_6_68.dqdimacs,25,96
./benchmark_tests/original/Biere/adder_3_6/pec_adder_3_bit_6_68.dqdimacs,26,88
./benchmark_tests/original/Biere/adder_3_6/pec_adder_3_bit_6_68.dqdimacs,27,87
./benchmark_tests/original/Biere/adder_3_6/pec_adder_3_bit_6_68.dqdimacs,29,79
./benchmark_tests/original/Biere/adder_3_6/pec_adder_3_bit_6_68.dqdimacs,30,73
./benchmark_tests/original/Biere/adder_3_6/pec_adder_3_bit_6_68.dqdimacs,31,70
./benchmark_tests/original/Biere/adder_3_6/pec_adder_3_bit_6_68.dqdimacs,32,69
./benchmark_tests/original/Biere/adder_3_6/pec_adder_3_bit_6_68.dqdimacs,34,69
./benchmark_tests/original/Biere/adder_3_6/pec_adder_3_bit_6_68.dqdimacs,35,70
./benchmark_tests/original/Biere/adder_3_6/pec_adder_3_bit_6_68.dqdimacs,36,69
./benchmark_tests/original/Biere/adder_3_6/pec_adder_3_bit_6_68.dqdimacs,37,69
./benchmark_tests/original/Biere/adder_3_6/pec_adder_3_bit_6_68.dqdimacs,38,70
./benchmark_tests/original/Biere/adder_3_6/pec_adder_3_bit_6_68.dqdimacs,39,74
./benchmark_tests/original/Biere/adder_3_6/pec_adder_3_bit_6_68.dqdimacs,40,72
./benchmark_tests/original/Biere/adder_3_6/pec_adder_3_bit_6_68.dqdimacs,42,69
./benchmark_tests/original/Biere/adder_3_6/pec_adder_3_bit_6_68.dqdimacs,43,70
./benchmark_tests/original/Biere/adder_3_6/pec_adder_3_bit_6_68.dqdimacs,44,70
./benchmark_tests/original/Biere/adder_3_6/pec_adder_3_bit_6_68.dqdimacs,46,69
./benchmark_tests/original/Biere/adder_3_6/pec_adder_3_bit_6_68.dqdimacs,47,68
./benchmark_tests/original/Biere/adder_3_6/pec_adder_3_bit_6_68.dqdimacs,48,71
./benchmark_tests/original/Biere/adder_3_6/pec_adder_3_bit_6_68.dqdimacs,50,68
./benchmark_tests/original/Biere/adder_3_6/pec_adder_3_bit_6_68.dqdimacs,51,69
./benchmark_tests/original/Biere/adder_3_6/pec_adder_3_bit_6_68.dqdimacs,52,70
./benchmark_tests/original/Biere/adder_3_6/pec_adder_3_bit_6_68.dqdimacs,54,70
./benchmark_tests/original/Biere/adder_3_6/pec_adder_3_bit_6_68.dqdimacs,55,68
./benchmark_tests/original/Biere/adder_3_6/pec_adder_3_bit_6_68.dqdimacs,56,68
./benchmark_tests/original/Biere/adder_3_6/pec_adder_3_bit_6_68.dqdimacs,57,71
./benchmark_tests/original/Biere/adder_3_6/pec_adder_3_bit_6_68.dqdimacs,59,69
./benchmark_tests/original/Biere/adder_3_6/pec_adder_3_bit_6_68.dqdimacs,60,71
./benchmark_tests/original/Biere/adder_3_6/pec_adder_3_bit_6_68.dqdimacs,61,69
./benchmark_tests/original/Biere/adder_3_6/pec_adder_3_bit_6_68.dqdimacs,62,70
./benchmark_tests/original/Biere/adder_3_6/pec_adder_3_bit_6_68.dqdimacs,63,69
./benchmark_tests/original/Biere/adder_3_6/pec_adder_3_bit_6_68.dqdimacs,64,68
./benchmark_tests/original/Biere/adder_3_6/pec_adder_3_bit_6_68.dqdimacs,65,69
./benchmark_tests/original/Biere/adder_3_6/pec_adder_3_bit_6_68.dqdimacs,66,69
./benchmark_tests/original/Biere/adder_3_6/pec_adder_3_bit_6_68.dqdimacs,67,69
./benchmark_tests/original/Biere/adder_3_6/pec_adder_3_bit_6_68.dqdimacs,68,69
./benchmark_tests/original/Biere/adder_3_6/pec_adder_3_bit_6_68.dqdimacs,69,69
./benchmark_tests/original/Biere/adder_3_6/pec_adder_3_bit_6_68.dqdimacs,70,70
./benchmark_tests/original/Biere/adder_3_6/pec_adder_3_bit_6_68.dqdimacs,71,69
./benchmark_tests/original/Biere/adder_3_6/pec_adder_3_bit_6_68.dqdimacs,72,68
./benchmark_tests/original/Biere/adder_3_6/pec_adder_3_bit_6_68.dqdimacs,73,68
./benchmark_tests/original/Biere/adder_3_6/pec_adder_3_bit_6_68.dqdimacs,74,69
./benchmark_tests/original/Biere/adder_3_6/pec_adder_3_bit_6_68.dqdimacs,75,69
./benchmark_tests/original/Biere/adder_3_6/pec_adder_3_bit_6_68.dqdimacs,76,69
./benchmark_tests/original/Biere/adder_3_6/pec_adder_3_bit_6_68.dqdimacs,77,70
./benchmark_tests/original/Biere/adder_3_6/pec_adder_3_bit_6_68.dqdimacs,78,70
./benchmark_tests/original/Biere/adder_3_6/pec_adder_3_bit_6_69.dqdimacs,4,205
./benchmark_tests/original/Biere/adder_3_6/pec_adder_3_bit_6_69.dqdimacs,5,155
./benchmark_tests/original/Biere/adder_3_6/pec_adder_3_bit_6_69.dqdimacs,6,155
./benchmark_tests/original/Biere/adder_3_6/pec_adder_3_bit_6_69.dqdimacs,10,155
./benchmark_tests/original/Biere/adder_3_6/pec_adder_3_bit_6_69.dqdimacs,11,155
./benchmark_tests/original/Biere/adder_3_6/pec_adder_3_bit_6_69.dqdimacs,12,152
./benchmark_tests/original/Biere/adder_3_6/pec_adder_3_bit_6_69.dqdimacs,13,154
./benchmark_tests/original/Biere/adder_3_6/pec_adder_3_bit_6_69.dqdimacs,17,152
./benchmark_tests/original/Biere/adder_3_6/pec_adder_3_bit_6_69.dqdimacs,18,152
./benchmark_tests/original/Biere/adder_3_6/pec_adder_3_bit_6_69.dqdimacs,19,147
./benchmark_tests/original/Biere/adder_3_6/pec_adder_3_bit_6_69.dqdimacs,20,140
./benchmark_tests/original/Biere/adder_3_6/pec_adder_3_bit_6_69.dqdimacs,22,130
./benchmark_tests/original/Biere/adder_3_6/pec_adder_3_bit_6_69.dqdimacs,23,118
./benchmark_tests/original/Biere/adder_3_6/pec_adder_3_bit_6_69.dqdimacs,24,109
./benchmark_tests/original/Biere/adder_3_6/pec_adder_3_bit_6_69.dqdimacs,25,101
./benchmark_tests/original/Biere/adder_3_6/pec_adder_3_bit_6_69.dqdimacs,26,95
./benchmark_tests/original/Biere/adder_3_6/pec_adder_3_bit_6_69.dqdimacs,27,90
./benchmark_tests/original/Biere/adder_3_6/pec_adder_3_bit_6_69.dqdimacs,29,82
./benchmark_tests/original/Biere/adder_3_6/pec_adder_3_bit_6_69.dqdimacs,30,82
./benchmark_tests/original/Biere/adder_3_6/pec_adder_3_bit_6_69.dqdimacs,31,83
./benchmark_tests/original/Biere/adder_3_6/pec_adder_3_bit_6_69.dqdimacs,32,83
./benchmark_tests/original/Biere/adder_3_6/pec_adder_3_bit_6_69.dqdimacs,34,83
./benchmark_tests/original/Biere/adder_3_6/pec_adder_3_bit_6_69.dqdimacs,35,82
./benchmark_tests/original/Biere/adder_3_6/pec_adder_3_bit_6_69.dqdimacs,36,82
./benchmark_tests/original/Biere/adder_3_6/pec_adder_3_bit_6_69.dqdimacs,37,83
./benchmark_tests/original/Biere/adder_3_6/pec_adder_3_bit_6_69.dqdimacs,39,81
./benchmark_tests/original/Biere/adder_3_6/pec_adder_3_bit_6_69.dqdimacs,40,82
./benchmark_tests/original/Biere/adder_3_6/pec_adder_3_bit_6_69.dqdimacs,41,83
./benchmark_tests/original/Biere/adder_3_6/pec_adder_3_bit_6_69.dqdimacs,42,83
./benchmark_tests/original/Biere/adder_3_6/pec_adder_3_bit_6_69.dqdimacs,43,82
./benchmark_tests/original/Biere/adder_3_6/pec_adder_3_bit_6_69.dqdimacs,44,83
./benchmark_tests/original/Biere/adder_3_6/pec_adder_3_bit_6_69.dqdimacs,46,82
./benchmark_tests/original/Biere/adder_3_6/pec_adder_3_bit_6_69.dqdimacs,47,83
./benchmark_tests/original/Biere/adder_3_6/pec_adder_3_bit_6_69.dqdimacs,48,82
./benchmark_tests/original/Biere/adder_3_6/pec_adder_3_bit_6_69.dqdimacs,49,84
./benchmark_tests/original/Biere/adder_3_6/pec_adder_3_bit_6_69.dqdimacs,50,83
./benchmark_tests/original/Biere/adder_3_6/pec_adder_3_bit_6_69.dqdimacs,52,82
./benchmark_tests/original/Biere/adder_3_6/pec_adder_3_bit_6_69.dqdimacs,53,82
./benchmark_tests/original/Biere/adder_3_6/pec_adder_3_bit_6_69.dqdimacs,54,81
./benchmark_tests/original/Biere/adder_3_6/pec_adder_3_bit_6_69.dqdimacs,55,84
./benchmark_tests/original/Biere/adder_3_6/pec_adder_3_bit_6_69.dqdimacs,56,83
./benchmark_tests/original/Biere/adder_3_6/pec_adder_3_bit_6_69.dqdimacs,57,82
./benchmark_tests/original/Biere/adder_3_6/pec_adder_3_bit_6_69.dqdimacs,58,82
./benchmark_tests/original/Biere/adder_3_6/pec_adder_3_bit_6_69.dqdimacs,59,82
./benchmark_tests/original/Biere/adder_3_6/pec_adder_3_bit_6_69.dqdimacs,60,82
./benchmark_tests/original/Biere/adder_3_6/pec_adder_3_bit_6_69.dqdimacs,61,82
./benchmark_tests/original/Biere/adder_3_6/pec_adder_3_bit_6_69.dqdimacs,62,81
./benchmark_tests/original/Biere/adder_3_6/pec_adder_3_bit_6_69.dqdimacs,63,82
./benchmark_tests/original/Biere/adder_3_6/pec_adder_3_bit_6_69.dqdimacs,64,82
./benchmark_tests/original/Biere/adder_3_6/pec_adder_3_bit_6_69.dqdimacs,65,83
./benchmark_tests/original/Biere/adder_3_6/pec_adder_3_bit_6_69.dqdimacs,66,83
./benchmark_tests/original/Biere/adder_3_6/pec_adder_3_bit_6_69.dqdimacs,67,82
./benchmark_tests/original/Biere/adder_3_6/pec_adder_3_bit_6_69.dqdimacs,68,82
./benchmark_tests/original/Biere/adder_3_6/pec_adder_3_bit_6_69.dqdimacs,69,83
./benchmark_tests/original/Biere/adder_3_6/pec_adder_3_bit_6_69.dqdimacs,70,83
./benchmark_tests/original/Biere/adder_3_6/pec_adder_3_bit_6_69.dqdimacs,71,83
./benchmark_tests/original/Biere/adder_3_6/pec_adder_3_bit_6_69.dqdimacs,72,82
./benchmark_tests/original/Biere/adder_3_6/pec_adder_3_bit_6_6.dqdimacs,4,217
./benchmark_tests/original/Biere/adder_3_6/pec_adder_3_bit_6_6.dqdimacs,5,162
./benchmark_tests/original/Biere/adder_3_6/pec_adder_3_bit_6_6.dqdimacs,6,139
./benchmark_tests/original/Biere/adder_3_6/pec_adder_3_bit_6_6.dqdimacs,10,137
./benchmark_tests/original/Biere/adder_3_6/pec_adder_3_bit_6_6.dqdimacs,11,139
./benchmark_tests/original/Biere/adder_3_6/pec_adder_3_bit_6_6.dqdimacs,12,140
./benchmark_tests/original/Biere/adder_3_6/pec_adder_3_bit_6_6.dqdimacs,13,140
./benchmark_tests/original/Biere/adder_3_6/pec_adder_3_bit_6_6.dqdimacs,17,141
./benchmark_tests/original/Biere/adder_3_6/pec_adder_3_bit_6_6.dqdimacs,18,138
./benchmark_tests/original/Biere/adder_3_6/pec_adder_3_bit_6_6.dqdimacs,19,137
./benchmark_tests/original/Biere/adder_3_6/pec_adder_3_bit_6_6.dqdimacs,20,133
./benchmark_tests/original/Biere/adder_3_6/pec_adder_3_bit_6_6.dqdimacs,22,123
./benchmark_tests/original/Biere/adder_3_6/pec_adder_3_bit_6_6.dqdimacs,23,115
./benchmark_tests/original/Biere/adder_3_6/pec_adder_3_bit_6_6.dqdimacs,24,109
./benchmark_tests/original/Biere/adder_3_6/pec_adder_3_bit_6_6.dqdimacs,25,99
./benchmark_tests/original/Biere/adder_3_6/pec_adder_3_bit_6_6.dqdimacs,26,93
./benchmark_tests/original/Biere/adder_3_6/pec_adder_3_bit_6_6.dqdimacs,27,89
./benchmark_tests/original/Biere/adder_3_6/pec_adder_3_bit_6_6.dqdimacs,29,86
./benchmark_tests/original/Biere/adder_3_6/pec_adder_3_bit_6_6.dqdimacs,30,77
./benchmark_tests/original/Biere/adder_3_6/pec_adder_3_bit_6_6.dqdimacs,31,77
./benchmark_tests/original/Biere/adder_3_6/pec_adder_3_bit_6_6.dqdimacs,33,74
./benchmark_tests/original/Biere/adder_3_6/pec_adder_3_bit_6_6.dqdimacs,34,74
./benchmark_tests/original/Biere/adder_3_6/pec_adder_3_bit_6_6.dqdimacs,35,77
./benchmark_tests/original/Biere/adder_3_6/pec_adder_3_bit_6_6.dqdimacs,37,73
./benchmark_tests/original/Biere/adder_3_6/pec_adder_3_bit_6_6.dqdimacs,38,73
./benchmark_tests/original/Biere/adder_3_6/pec_adder_3_bit_6_6.dqdimacs,39,75
./benchmark_tests/original/Biere/adder_3_6/pec_adder_3_bit_6_6.dqdimacs,40,76
./benchmark_tests/original/Biere/adder_3_6/pec_adder_3_bit_6_6.dqdimacs,42,74
./benchmark_tests/original/Biere/adder_3_6/pec_adder_3_bit_6_6.dqdimacs,43,74
./benchmark_tests/original/Biere/adder_3_6/pec_adder_3_bit_6_6.dqdimacs,44,74
./benchmark_tests/original/Biere/adder_3_6/pec_adder_3_bit_6_6.dqdimacs,45,75
./benchmark_tests/original/Biere/adder_3_6/pec_adder_3_bit_6_6.dqdimacs,47,75
./benchmark_tests/original/Biere/adder_3_6/pec_adder_3_bit_6_6.dqdimacs,48,74
./benchmark_tests/original/Biere/adder_3_6/pec_adder_3_bit_6_6.dqdimacs,49,75
./benchmark_tests/original/Biere/adder_3_6/pec_adder_3_bit_6_6.dqdimacs,50,75
./benchmark_tests/original/Biere/adder_3_6/pec_adder_3_bit_6_6.dqdimacs,52,75
./benchmark_tests/original/Biere/adder_3_6/pec_adder_3_bit_6_6.dqdimacs,53,74
./benchmark_tests/original/Biere/adder_3_6/pec_adder_3_bit_6_6.dqdimacs,54,76
./benchmark_tests/original/Biere/adder_3_6/pec_adder_3_bit_6_6.dqdimacs,56,74
./benchmark_tests/original/Biere/adder_3_6/pec_adder_3_bit_6_6.dqdimacs,57,73
./benchmark_tests/original/Biere/adder_3_6/pec_adder_3_bit_6_6.dqdimacs,58,74
./benchmark_tests/original/Biere/adder_3_6/pec_adder_3_bit_6_6.dqdimacs,59,75
./benchmark_tests/original/Biere/adder_3_6/pec_adder_3_bit_6_6.dqdimacs,61,74
./benchmark_tests/original/Biere/adder_3_6/pec_adder_3_bit_6_6.dqdimacs,62,74
./benchmark_tests/original/Biere/adder_3_6/pec_adder_3_bit_6_6.dqdimacs,63,76
./benchmark_tests/original/Biere/adder_3_6/pec_adder_3_bit_6_6.dqdimacs,65,73
./benchmark_tests/original/Biere/adder_3_6/pec_adder_3_bit_6_6.dqdimacs,66,75
./benchmark_tests/original/Biere/adder_3_6/pec_adder_3_bit_6_6.dqdimacs,67,75
./benchmark_tests/original/Biere/adder_3_6/pec_adder_3_bit_6_6.dqdimacs,68,74
./benchmark_tests/original/Biere/adder_3_6/pec_adder_3_bit_6_6.dqdimacs,69,75
./benchmark_tests/original/Biere/adder_3_6/pec_adder_3_bit_6_6.dqdimacs,70,73
./benchmark_tests/original/Biere/adder_3_6/pec_adder_3_bit_6_6.dqdimacs,71,75
./benchmark_tests/original/Biere/adder_3_6/pec_adder_3_bit_6_6.dqdimacs,72,75
./benchmark_tests/original/Biere/adder_3_6/pec_adder_3_bit_6_6.dqdimacs,73,75
./benchmark_tests/original/Biere/adder_3_6/pec_adder_3_bit_6_6.dqdimacs,74,73
./benchmark_tests/original/Biere/adder_3_6/pec_adder_3_bit_6_6.dqdimacs,75,74
./benchmark_tests/original/Biere/adder_3_6/pec_adder_3_bit_6_6.dqdimacs,76,73
./benchmark_tests/original/Biere/adder_3_6/pec_adder_3_bit_6_6.dqdimacs,77,74
./benchmark_tests/original/Biere/adder_3_6/pec_adder_3_bit_6_6.dqdimacs,78,74
./benchmark_tests/original/Biere/adder_3_6/pec_adder_3_bit_6_6.dqdimacs,79,75
./benchmark_tests/original/Biere/adder_3_6/pec_adder_3_bit_6_6.dqdimacs,80,75
./benchmark_tests/original/Biere/adder_3_6/pec_adder_3_bit_6_6.dqdimacs,81,74
./benchmark_tests/original/Biere/adder_3_6/pec_adder_3_bit_6_6.dqdimacs,82,74
./benchmark_tests/original/Biere/adder_3_6/pec_adder_3_bit_6_6.dqdimacs,83,75
./benchmark_tests/original/Biere/adder_3_6/pec_adder_3_bit_6_6.dqdimacs,84,74
./benchmark_tests/original/Biere/adder_3_6/pec_adder_3_bit_6_6.dqdimacs,85,74
./benchmark_tests/original/Biere/adder_3_6/pec_adder_3_bit_6_6.dqdimacs,86,74
./benchmark_tests/original/Biere/adder_3_6/pec_adder_3_bit_6_70.dqdimacs,4,233
./benchmark_tests/original/Biere/adder_3_6/pec_adder_3_bit_6_70.dqdimacs,5,182
./benchmark_tests/original/Biere/adder_3_6/pec_adder_3_bit_6_70.dqdimacs,6,182
./benchmark_tests/original/Biere/adder_3_6/pec_adder_3_bit_6_70.dqdimacs,10,183
./benchmark_tests/original/Biere/adder_3_6/pec_adder_3_bit_6_70.dqdimacs,11,183
./benchmark_tests/original/Biere/adder_3_6/pec_adder_3_bit_6_70.dqdimacs,12,183
./benchmark_tests/original/Biere/adder_3_6/pec_adder_3_bit_6_70.dqdimacs,13,183
./benchmark_tests/original/Biere/adder_3_6/pec_adder_3_bit_6_70.dqdimacs,17,175
./benchmark_tests/original/Biere/adder_3_6/pec_adder_3_bit_6_70.dqdimacs,18,162
./benchmark_tests/original/Biere/adder_3_6/pec_adder_3_bit_6_70.dqdimacs,19,146
./benchmark_tests/original/Biere/adder_3_6/pec_adder_3_bit_6_70.dqdimacs,20,134
./benchmark_tests/original/Biere/adder_3_6/pec_adder_3_bit_6_70.dqdimacs,22,121
./benchmark_tests/original/Biere/adder_3_6/pec_adder_3_bit_6_70.dqdimacs,23,111
./benchmark_tests/original/Biere/adder_3_6/pec_adder_3_bit_6_70.dqdimacs,24,103
./benchmark_tests/original/Biere/adder_3_6/pec_adder_3_bit_6_70.dqdimacs,25,98
./benchmark_tests/original/Biere/adder_3_6/pec_adder_3_bit_6_70.dqdimacs,26,98
./benchmark_tests/original/Biere/adder_3_6/pec_adder_3_bit_6_70.dqdimacs,27,100
./benchmark_tests/original/Biere/adder_3_6/pec_adder_3_bit_6_70.dqdimacs,29,97
./benchmark_tests/original/Biere/adder_3_6/pec_adder_3_bit_6_70.dqdimacs,30,98
./benchmark_tests/original/Biere/adder_3_6/pec_adder_3_bit_6_70.dqdimacs,31,99
./benchmark_tests/original/Biere/adder_3_6/pec_adder_3_bit_6_70.dqdimacs,33,97
./benchmark_tests/original/Biere/adder_3_6/pec_adder_3_bit_6_70.dqdimacs,34,97
./benchmark_tests/original/Biere/adder_3_6/pec_adder_3_bit_6_70.dqdimacs,35,99
./benchmark_tests/original/Biere/adder_3_6/pec_adder_3_bit_6_70.dqdimacs,37,97
./benchmark_tests/original/Biere/adder_3_6/pec_adder_3_bit_6_70.dqdimacs,38,96
./benchmark_tests/original/Biere/adder_3_6/pec_adder_3_bit_6_70.dqdimacs,39,97
./benchmark_tests/original/Biere/adder_3_6/pec_adder_3_bit_6_70.dqdimacs,40,98
./benchmark_tests/original/Biere/adder_3_6/pec_adder_3_bit_6_70.dqdimacs,42,98
./benchmark_tests/original/Biere/adder_3_6/pec_adder_3_bit_6_70.dqdimacs,43,98
./benchmark_tests/original/Biere/adder_3_6/pec_adder_3_bit_6_70.dqdimacs,44,99
./benchmark_tests/original/Biere/adder_3_6/pec_adder_3_bit_6_70.dqdimacs,46,98
./benchmark_tests/original/Biere/adder_3_6/pec_adder_3_bit_6_70.dqdimacs,47,98
./benchmark_tests/original/Biere/adder_3_6/pec_adder_3_bit_6_70.dqdimacs,48,99
./benchmark_tests/original/Biere/adder_3_6/pec_adder_3_bit_6_70.dqdimacs,50,97
./benchmark_tests/original/Biere/adder_3_6/pec_adder_3_bit_6_70.dqdimacs,51,97
./benchmark_tests/original/Biere/adder_3_6/pec_adder_3_bit_6_70.dqdimacs,52,99
./benchmark_tests/original/Biere/adder_3_6/pec_adder_3_bit_6_70.dqdimacs,54,98
./benchmark_tests/original/Biere/adder_3_6/pec_adder_3_bit_6_70.dqdimacs,55,98
./benchmark_tests/original/Biere/adder_3_6/pec_adder_3_bit_6_70.dqdimacs,56,96
./benchmark_tests/original/Biere/adder_3_6/pec_adder_3_bit_6_70.dqdimacs,58,85
./benchmark_tests/original/Biere/adder_3_6/pec_adder_3_bit_6_70.dqdimacs,59,85
./benchmark_tests/original/Biere/adder_3_6/pec_adder_3_bit_6_70.dqdimacs,60,85
./benchmark_tests/original/Biere/adder_3_6/pec_adder_3_bit_6_70.dqdimacs,61,85
./benchmark_tests/original/Biere/adder_3_6/pec_adder_3_bit_6_70.dqdimacs,62,84
./benchmark_tests/original/Biere/adder_3_6/pec_adder_3_bit_6_70.dqdimacs,63,87
./benchmark_tests/original/Biere/adder_3_6/pec_adder_3_bit_6_70.dqdimacs,65,85
./benchmark_tests/original/Biere/adder_3_6/pec_adder_3_bit_6_70.dqdimacs,66,84
./benchmark_tests/original/Biere/adder_3_6/pec_adder_3_bit_6_70.dqdimacs,67,86
./benchmark_tests/original/Biere/adder_3_6/pec_adder_3_bit_6_70.dqdimacs,69,84
./benchmark_tests/original/Biere/adder_3_6/pec_adder_3_bit_6_70.dqdimacs,70,85
./benchmark_tests/original/Biere/adder_3_6/pec_adder_3_bit_6_70.dqdimacs,71,86
./benchmark_tests/original/Biere/adder_3_6/pec_adder_3_bit_6_70.dqdimacs,73,84
./benchmark_tests/original/Biere/adder_3_6/pec_adder_3_bit_6_70.dqdimacs,74,84
./benchmark_tests/original/Biere/adder_3_6/pec_adder_3_bit_6_70.dqdimacs,75,87
./benchmark_tests/original/Biere/adder_3_6/pec_adder_3_bit_6_70.dqdimacs,77,89
./benchmark_tests/original/Biere/adder_3_6/pec_adder_3_bit_6_70.dqdimacs,78,84
./benchmark_tests/original/Biere/adder_3_6/pec_adder_3_bit_6_70.dqdimacs,79,84
./benchmark_tests/original/Biere/adder_3_6/pec_adder_3_bit_6_70.dqdimacs,80,86
./benchmark_tests/original/Biere/adder_3_6/pec_adder_3_bit_6_70.dqdimacs,82,84
./benchmark_tests/original/Biere/adder_3_6/pec_adder_3_bit_6_70.dqdimacs,83,84
./benchmark_tests/original/Biere/adder_3_6/pec_adder_3_bit_6_70.dqdimacs,84,84
./benchmark_tests/original/Biere/adder_3_6/pec_adder_3_bit_6_70.dqdimacs,85,87
./benchmark_tests/original/Biere/adder_3_6/pec_adder_3_bit_6_70.dqdimacs,86,83
./benchmark_tests/original/Biere/adder_3_6/pec_adder_3_bit_6_70.dqdimacs,87,83
./benchmark_tests/original/Biere/adder_3_6/pec_adder_3_bit_6_70.dqdimacs,88,83
./benchmark_tests/original/Biere/adder_3_6/pec_adder_3_bit_6_70.dqdimacs,89,83
./benchmark_tests/original/Biere/adder_3_6/pec_adder_3_bit_6_70.dqdimacs,90,83
./benchmark_tests/original/Biere/adder_3_6/pec_adder_3_bit_6_70.dqdimacs,91,83
./benchmark_tests/original/Biere/adder_3_6/pec_adder_3_bit_6_70.dqdimacs,92,84
./benchmark_tests/original/Biere/adder_3_6/pec_adder_3_bit_6_70.dqdimacs,93,84
./benchmark_tests/original/Biere/adder_3_6/pec_adder_3_bit_6_70.dqdimacs,94,84
./benchmark_tests/original/Biere/adder_3_6/pec_adder_3_bit_6_70.dqdimacs,95,84
./benchmark_tests/original/Biere/adder_3_6/pec_adder_3_bit_6_70.dqdimacs,96,84
./benchmark_tests/original/Biere/adder_3_6/pec_adder_3_bit_6_70.dqdimacs,97,84
./benchmark_tests/original/Biere/adder_3_6/pec_adder_3_bit_6_70.dqdimacs,98,84
./benchmark_tests/original/Biere/adder_3_6/pec_adder_3_bit_6_70.dqdimacs,99,84
./benchmark_tests/original/Biere/adder_3_6/pec_adder_3_bit_6_70.dqdimacs,100,84
./benchmark_tests/original/Biere/adder_3_6/pec_adder_3_bit_6_70.dqdimacs,101,84
./benchmark_tests/original/Biere/adder_3_6/pec_adder_3_bit_6_71.dqdimacs,4,448
./benchmark_tests/original/Biere/adder_3_6/pec_adder_3_bit_6_71.dqdimacs,5,393
./benchmark_tests/original/Biere/adder_3_6/pec_adder_3_bit_6_71.dqdimacs,6,395
./benchmark_tests/original/Biere/adder_3_6/pec_adder_3_bit_6_71.dqdimacs,10,390
./benchmark_tests/original/Biere/adder_3_6/pec_adder_3_bit_6_71.dqdimacs,11,332
./benchmark_tests/original/Biere/adder_3_6/pec_adder_3_bit_6_71.dqdimacs,12,270
./benchmark_tests/original/Biere/adder_3_6/pec_adder_3_bit_6_71.dqdimacs,13,225
./benchmark_tests/original/Biere/adder_3_6/pec_adder_3_bit_6_71.dqdimacs,17,210
./benchmark_tests/original/Biere/adder_3_6/pec_adder_3_bit_6_71.dqdimacs,18,210
./benchmark_tests/original/Biere/adder_3_6/pec_adder_3_bit_6_71.dqdimacs,19,212
./benchmark_tests/original/Biere/adder_3_6/pec_adder_3_bit_6_71.dqdimacs,20,213
./benchmark_tests/original/Biere/adder_3_6/pec_adder_3_bit_6_71.dqdimacs,22,211
./benchmark_tests/original/Biere/adder_3_6/pec_adder_3_bit_6_71.dqdimacs,23,211
./benchmark_tests/original/Biere/adder_3_6/pec_adder_3_bit_6_71.dqdimacs,24,211
./benchmark_tests/original/Biere/adder_3_6/pec_adder_3_bit_6_71.dqdimacs,25,212
./benchmark_tests/original/Biere/adder_3_6/pec_adder_3_bit_6_71.dqdimacs,26,210
./benchmark_tests/original/Biere/adder_3_6/pec_adder_3_bit_6_71.dqdimacs,27,213
./benchmark_tests/original/Biere/adder_3_6/pec_adder_3_bit_6_71.dqdimacs,29,209
./benchmark_tests/original/Biere/adder_3_6/pec_adder_3_bit_6_71.dqdimacs,30,210
./benchmark_tests/original/Biere/adder_3_6/pec_adder_3_bit_6_71.dqdimacs,31,214
./benchmark_tests/original/Biere/adder_3_6/pec_adder_3_bit_6_71.dqdimacs,33,210
./benchmark_tests/original/Biere/adder_3_6/pec_adder_3_bit_6_71.dqdimacs,34,210
./benchmark_tests/original/Biere/adder_3_6/pec_adder_3_bit_6_71.dqdimacs,35,210
./benchmark_tests/original/Biere/adder_3_6/pec_adder_3_bit_6_71.dqdimacs,36,213
./benchmark_tests/original/Biere/adder_3_6/pec_adder_3_bit_6_71.dqdimacs,38,210
./benchmark_tests/original/Biere/adder_3_6/pec_adder_3_bit_6_71.dqdimacs,39,211
./benchmark_tests/original/Biere/adder_3_6/pec_adder_3_bit_6_71.dqdimacs,40,214
./benchmark_tests/original/Biere/adder_3_6/pec_adder_3_bit_6_71.dqdimacs,42,212
./benchmark_tests/original/Biere/adder_3_6/pec_adder_3_bit_6_71.dqdimacs,43,209
./benchmark_tests/original/Biere/adder_3_6/pec_adder_3_bit_6_71.dqdimacs,44,213
./benchmark_tests/original/Biere/adder_3_6/pec_adder_3_bit_6_71.dqdimacs,46,211
./benchmark_tests/original/Biere/adder_3_6/pec_adder_3_bit_6_71.dqdimacs,47,211
./benchmark_tests/original/Biere/adder_3_6/pec_adder_3_bit_6_71.dqdimacs,48,210
./benchmark_tests/original/Biere/adder_3_6/pec_adder_3_bit_6_71.dqdimacs,49,212
./benchmark_tests/original/Biere/adder_3_6/pec_adder_3_bit_6_71.dqdimacs,51,209
./benchmark_tests/original/Biere/adder_3_6/pec_adder_3_bit_6_71.dqdimacs,52,209
./benchmark_tests/original/Biere/adder_3_6/pec_adder_3_bit_6_71.dqdimacs,53,210
./benchmark_tests/original/Biere/adder_3_6/pec_adder_3_bit_6_71.dqdimacs,54,210
./benchmark_tests/original/Biere/adder_3_6/pec_adder_3_bit_6_71.dqdimacs,56,212
./benchmark_tests/original/Biere/adder_3_6/pec_adder_3_bit_6_71.dqdimacs,57,209
./benchmark_tests/original/Biere/adder_3_6/pec_adder_3_bit_6_71.dqdimacs,58,211
./benchmark_tests/original/Biere/adder_3_6/pec_adder_3_bit_6_71.dqdimacs,60,211
./benchmark_tests/original/Biere/adder_3_6/pec_adder_3_bit_6_71.dqdimacs,61,209
./benchmark_tests/original/Biere/adder_3_6/pec_adder_3_bit_6_71.dqdimacs,62,211
./benchmark_tests/original/Biere/adder_3_6/pec_adder_3_bit_6_71.dqdimacs,63,213
./benchmark_tests/original/Biere/adder_3_6/pec_adder_3_bit_6_71.dqdimacs,65,210
./benchmark_tests/original/Biere/adder_3_6/pec_adder_3_bit_6_71.dqdimacs,66,209
./benchmark_tests/original/Biere/adder_3_6/pec_adder_3_bit_6_71.dqdimacs,67,211
./benchmark_tests/original/Biere/adder_3_6/pec_adder_3_bit_6_71.dqdimacs,69,209
./benchmark_tests/original/Biere/adder_3_6/pec_adder_3_bit_6_71.dqdimacs,70,213
./benchmark_tests/original/Biere/adder_3_6/pec_adder_3_bit_6_71.dqdimacs,71,212
./benchmark_tests/original/Biere/adder_3_6/pec_adder_3_bit_6_71.dqdimacs,72,209
./benchmark_tests/original/Biere/adder_3_6/pec_adder_3_bit_6_71.dqdimacs,73,209
./benchmark_tests/original/Biere/adder_3_6/pec_adder_3_bit_6_71.dqdimacs,74,210
./benchmark_tests/original/Biere/adder_3_6/pec_adder_3_bit_6_71.dqdimacs,75,209
./benchmark_tests/original/Biere/adder_3_6/pec_adder_3_bit_6_71.dqdimacs,76,209
./benchmark_tests/original/Biere/adder_3_6/pec_adder_3_bit_6_71.dqdimacs,77,210
./benchmark_tests/original/Biere/adder_3_6/pec_adder_3_bit_6_71.dqdimacs,78,208
./benchmark_tests/original/Biere/adder_3_6/pec_adder_3_bit_6_71.dqdimacs,79,210
./benchmark_tests/original/Biere/adder_3_6/pec_adder_3_bit_6_71.dqdimacs,80,209
./benchmark_tests/original/Biere/adder_3_6/pec_adder_3_bit_6_71.dqdimacs,81,209
./benchmark_tests/original/Biere/adder_3_6/pec_adder_3_bit_6_71.dqdimacs,82,210
./benchmark_tests/original/Biere/adder_3_6/pec_adder_3_bit_6_71.dqdimacs,83,210
./benchmark_tests/original/Biere/adder_3_6/pec_adder_3_bit_6_71.dqdimacs,84,213
./benchmark_tests/original/Biere/adder_3_6/pec_adder_3_bit_6_71.dqdimacs,85,211
./benchmark_tests/original/Biere/adder_3_6/pec_adder_3_bit_6_71.dqdimacs,86,209
./benchmark_tests/original/Biere/adder_3_6/pec_adder_3_bit_6_71.dqdimacs,87,210
./benchmark_tests/original/Biere/adder_3_6/pec_adder_3_bit_6_71.dqdimacs,88,211
./benchmark_tests/original/Biere/adder_3_6/pec_adder_3_bit_6_71.dqdimacs,89,211
./benchmark_tests/original/Biere/adder_3_6/pec_adder_3_bit_6_71.dqdimacs,90,211
./benchmark_tests/original/Biere/adder_3_6/pec_adder_3_bit_6_72.dqdimacs,4,233
./benchmark_tests/original/Biere/adder_3_6/pec_adder_3_bit_6_72.dqdimacs,5,181
./benchmark_tests/original/Biere/adder_3_6/pec_adder_3_bit_6_72.dqdimacs,6,181
./benchmark_tests/original/Biere/adder_3_6/pec_adder_3_bit_6_72.dqdimacs,10,181
./benchmark_tests/original/Biere/adder_3_6/pec_adder_3_bit_6_72.dqdimacs,11,181
./benchmark_tests/original/Biere/adder_3_6/pec_adder_3_bit_6_72.dqdimacs,12,182
./benchmark_tests/original/Biere/adder_3_6/pec_adder_3_bit_6_72.dqdimacs,13,182
./benchmark_tests/original/Biere/adder_3_6/pec_adder_3_bit_6_72.dqdimacs,17,180
./benchmark_tests/original/Biere/adder_3_6/pec_adder_3_bit_6_72.dqdimacs,18,171
./benchmark_tests/original/Biere/adder_3_6/pec_adder_3_bit_6_72.dqdimacs,19,156
./benchmark_tests/original/Biere/adder_3_6/pec_adder_3_bit_6_72.dqdimacs,20,144
./benchmark_tests/original/Biere/adder_3_6/pec_adder_3_bit_6_72.dqdimacs,22,128
./benchmark_tests/original/Biere/adder_3_6/pec_adder_3_bit_6_72.dqdimacs,23,118
./benchmark_tests/original/Biere/adder_3_6/pec_adder_3_bit_6_72.dqdimacs,24,107
./benchmark_tests/original/Biere/adder_3_6/pec_adder_3_bit_6_72.dqdimacs,25,100
./benchmark_tests/original/Biere/adder_3_6/pec_adder_3_bit_6_72.dqdimacs,26,97
./benchmark_tests/original/Biere/adder_3_6/pec_adder_3_bit_6_72.dqdimacs,27,98
./benchmark_tests/original/Biere/adder_3_6/pec_adder_3_bit_6_72.dqdimacs,29,97
./benchmark_tests/original/Biere/adder_3_6/pec_adder_3_bit_6_72.dqdimacs,30,98
./benchmark_tests/original/Biere/adder_3_6/pec_adder_3_bit_6_72.dqdimacs,31,98
./benchmark_tests/original/Biere/adder_3_6/pec_adder_3_bit_6_72.dqdimacs,32,100
./benchmark_tests/original/Biere/adder_3_6/pec_adder_3_bit_6_72.dqdimacs,34,96
./benchmark_tests/original/Biere/adder_3_6/pec_adder_3_bit_6_72.dqdimacs,35,97
./benchmark_tests/original/Biere/adder_3_6/pec_adder_3_bit_6_72.dqdimacs,36,100
./benchmark_tests/original/Biere/adder_3_6/pec_adder_3_bit_6_72.dqdimacs,38,97
./benchmark_tests/original/Biere/adder_3_6/pec_adder_3_bit_6_72.dqdimacs,39,97
./benchmark_tests/original/Biere/adder_3_6/pec_adder_3_bit_6_72.dqdimacs,40,100
./benchmark_tests/original/Biere/adder_3_6/pec_adder_3_bit_6_72.dqdimacs,42,97
./benchmark_tests/original/Biere/adder_3_6/pec_adder_3_bit_6_72.dqdimacs,43,97
./benchmark_tests/original/Biere/adder_3_6/pec_adder_3_bit_6_72.dqdimacs,44,99
./benchmark_tests/original/Biere/adder_3_6/pec_adder_3_bit_6_72.dqdimacs,46,97
./benchmark_tests/original/Biere/adder_3_6/pec_adder_3_bit_6_72.dqdimacs,47,97
./benchmark_tests/original/Biere/adder_3_6/pec_adder_3_bit_6_72.dqdimacs,48,96
./benchmark_tests/original/Biere/adder_3_6/pec_adder_3_bit_6_72.dqdimacs,49,97
./benchmark_tests/original/Biere/adder_3_6/pec_adder_3_bit_6_72.dqdimacs,50,97
./benchmark_tests/original/Biere/adder_3_6/pec_adder_3_bit_6_72.dqdimacs,51,99
./benchmark_tests/original/Biere/adder_3_6/pec_adder_3_bit_6_72.dqdimacs,53,96
./benchmark_tests/original/Biere/adder_3_6/pec_adder_3_bit_6_72.dqdimacs,54,97
./benchmark_tests/original/Biere/adder_3_6/pec_adder_3_bit_6_72.dqdimacs,55,97
./benchmark_tests/original/Biere/adder_3_6/pec_adder_3_bit_6_72.dqdimacs,56,99
./benchmark_tests/original/Biere/adder_3_6/pec_adder_3_bit_6_72.dqdimacs,58,98
./benchmark_tests/original/Biere/adder_3_6/pec_adder_3_bit_6_72.dqdimacs,59,98
./benchmark_tests/original/Biere/adder_3_6/pec_adder_3_bit_6_72.dqdimacs,60,99
./benchmark_tests/original/Biere/adder_3_6/pec_adder_3_bit_6_72.dqdimacs,61,96
./benchmark_tests/original/Biere/adder_3_6/pec_adder_3_bit_6_72.dqdimacs,62,97
./benchmark_tests/original/Biere/adder_3_6/pec_adder_3_bit_6_72.dqdimacs,63,97
./benchmark_tests/original/Biere/adder_3_6/pec_adder_3_bit_6_72.dqdimacs,64,97
./benchmark_tests/original/Biere/adder_3_6/pec_adder_3_bit_6_72.dqdimacs,65,97
./benchmark_tests/original/Biere/adder_3_6/pec_adder_3_bit_6_72.dqdimacs,66,97
./benchmark_tests/original/Biere/adder_3_6/pec_adder_3_bit_6_72.dqdimacs,67,97
./benchmark_tests/original/Biere/adder_3_6/pec_adder_3_bit_6_72.dqdimacs,68,97
./benchmark_tests/original/Biere/adder_3_6/pec_adder_3_bit_6_72.dqdimacs,69,98
./benchmark_tests/original/Biere/adder_3_6/pec_adder_3_bit_6_72.dqdimacs,70,97
./benchmark_tests/original/Biere/adder_3_6/pec_adder_3_bit_6_72.dqdimacs,71,98
./benchmark_tests/original/Biere/adder_3_6/pec_adder_3_bit_6_72.dqdimacs,72,97
./benchmark_tests/original/Biere/adder_3_6/pec_adder_3_bit_6_72.dqdimacs,73,97
./benchmark_tests/original/Biere/adder_3_6/pec_adder_3_bit_6_72.dqdimacs,74,98
./benchmark_tests/original/Biere/adder_3_6/pec_adder_3_bit_6_72.dqdimacs,75,98
./benchmark_tests/original/Biere/adder_3_6/pec_adder_3_bit_6_72.dqdimacs,76,98
./benchmark_tests/original/Biere/adder_3_6/pec_adder_3_bit_6_72.dqdimacs,77,97
./benchmark_tests/original/Biere/adder_3_6/pec_adder_3_bit_6_72.dqdimacs,78,97
./benchmark_tests/original/Biere/adder_3_6/pec_adder_3_bit_6_72.dqdimacs,79,98
./benchmark_tests/original/Biere/adder_3_6/pec_adder_3_bit_6_72.dqdimacs,80,97
./benchmark_tests/original/Biere/adder_3_6/pec_adder_3_bit_6_73.dqdimacs,4,304
./benchmark_tests/original/Biere/adder_3_6/pec_adder_3_bit_6_73.dqdimacs,5,252
./benchmark_tests/original/Biere/adder_3_6/pec_adder_3_bit_6_73.dqdimacs,6,252
./benchmark_tests/original/Biere/adder_3_6/pec_adder_3_bit_6_73.dqdimacs,10,250
./benchmark_tests/original/Biere/adder_3_6/pec_adder_3_bit_6_73.dqdimacs,11,248
./benchmark_tests/original/Biere/adder_3_6/pec_adder_3_bit_6_73.dqdimacs,12,250
./benchmark_tests/original/Biere/adder_3_6/pec_adder_3_bit_6_73.dqdimacs,13,226
./benchmark_tests/original/Biere/adder_3_6/pec_adder_3_bit_6_73.dqdimacs,17,198
./benchmark_tests/original/Biere/adder_3_6/pec_adder_3_bit_6_73.dqdimacs,18,173
./benchmark_tests/original/Biere/adder_3_6/pec_adder_3_bit_6_73.dqdimacs,19,155
./benchmark_tests/original/Biere/adder_3_6/pec_adder_3_bit_6_73.dqdimacs,20,140
./benchmark_tests/original/Biere/adder_3_6/pec_adder_3_bit_6_73.dqdimacs,22,135
./benchmark_tests/original/Biere/adder_3_6/pec_adder_3_bit_6_73.dqdimacs,23,133
./benchmark_tests/original/Biere/adder_3_6/pec_adder_3_bit_6_73.dqdimacs,24,135
./benchmark_tests/original/Biere/adder_3_6/pec_adder_3_bit_6_73.dqdimacs,25,133
./benchmark_tests/original/Biere/adder_3_6/pec_adder_3_bit_6_73.dqdimacs,26,135
./benchmark_tests/original/Biere/adder_3_6/pec_adder_3_bit_6_73.dqdimacs,27,136
./benchmark_tests/original/Biere/adder_3_6/pec_adder_3_bit_6_73.dqdimacs,29,135
./benchmark_tests/original/Biere/adder_3_6/pec_adder_3_bit_6_73.dqdimacs,30,135
./benchmark_tests/original/Biere/adder_3_6/pec_adder_3_bit_6_73.dqdimacs,31,136
./benchmark_tests/original/Biere/adder_3_6/pec_adder_3_bit_6_73.dqdimacs,33,135
./benchmark_tests/original/Biere/adder_3_6/pec_adder_3_bit_6_73.dqdimacs,34,135
./benchmark_tests/original/Biere/adder_3_6/pec_adder_3_bit_6_73.dqdimacs,35,137
./benchmark_tests/original/Biere/adder_3_6/pec_adder_3_bit_6_73.dqdimacs,37,133
./benchmark_tests/original/Biere/adder_3_6/pec_adder_3_bit_6_73.dqdimacs,38,134
./benchmark_tests/original/Biere/adder_3_6/pec_adder_3_bit_6_73.dqdimacs,39,133
./benchmark_tests/original/Biere/adder_3_6/pec_adder_3_bit_6_73.dqdimacs,40,136
./benchmark_tests/original/Biere/adder_3_6/pec_adder_3_bit_6_73.dqdimacs,42,133
./benchmark_tests/original/Biere/adder_3_6/pec_adder_3_bit_6_73.dqdimacs,43,134
./benchmark_tests/original/Biere/adder_3_6/pec_adder_3_bit_6_73.dqdimacs,44,137
./benchmark_tests/original/Biere/adder_3_6/pec_adder_3_bit_6_73.dqdimacs,45,135
./benchmark_tests/original/Biere/adder_3_6/pec_adder_3_bit_6_73.dqdimacs,47,135
./benchmark_tests/original/Biere/adder_3_6/pec_adder_3_bit_6_73.dqdimacs,48,133
./benchmark_tests/original/Biere/adder_3_6/pec_adder_3_bit_6_73.dqdimacs,49,135
./benchmark_tests/original/Biere/adder_3_6/pec_adder_3_bit_6_73.dqdimacs,50,137
./benchmark_tests/original/Biere/adder_3_6/pec_adder_3_bit_6_73.dqdimacs,51,137
./benchmark_tests/original/Biere/adder_3_6/pec_adder_3_bit_6_73.dqdimacs,53,135
./benchmark_tests/original/Biere/adder_3_6/pec_adder_3_bit_6_73.dqdimacs,54,134
./benchmark_tests/original/Biere/adder_3_6/pec_adder_3_bit_6_73.dqdimacs,55,134
./benchmark_tests/original/Biere/adder_3_6/pec_adder_3_bit_6_73.dqdimacs,56,134
./benchmark_tests/original/Biere/adder_3_6/pec_adder_3_bit_6_73.dqdimacs,57,134
./benchmark_tests/original/Biere/adder_3_6/pec_adder_3_bit_6_73.dqdimacs,58,136
./benchmark_tests/original/Biere/adder_3_6/pec_adder_3_bit_6_73.dqdimacs,60,134
./benchmark_tests/original/Biere/adder_3_6/pec_adder_3_bit_6_73.dqdimacs,61,133
./benchmark_tests/original/Biere/adder_3_6/pec_adder_3_bit_6_73.dqdimacs,62,133
./benchmark_tests/original/Biere/adder_3_6/pec_adder_3_bit_6_73.dqdimacs,63,137
./benchmark_tests/original/Biere/adder_3_6/pec_adder_3_bit_6_73.dqdimacs,64,134
./benchmark_tests/original/Biere/adder_3_6/pec_adder_3_bit_6_73.dqdimacs,65,133
./benchmark_tests/original/Biere/adder_3_6/pec_adder_3_bit_6_73.dqdimacs,66,135
./benchmark_tests/original/Biere/adder_3_6/pec_adder_3_bit_6_73.dqdimacs,67,134
./benchmark_tests/original/Biere/adder_3_6/pec_adder_3_bit_6_73.dqdimacs,68,134
./benchmark_tests/original/Biere/adder_3_6/pec_adder_3_bit_6_73.dqdimacs,69,135
./benchmark_tests/original/Biere/adder_3_6/pec_adder_3_bit_6_73.dqdimacs,70,133
./benchmark_tests/original/Biere/adder_3_6/pec_adder_3_bit_6_73.dqdimacs,71,135
./benchmark_tests/original/Biere/adder_3_6/pec_adder_3_bit_6_73.dqdimacs,72,133
./benchmark_tests/original/Biere/adder_3_6/pec_adder_3_bit_6_73.dqdimacs,73,132
./benchmark_tests/original/Biere/adder_3_6/pec_adder_3_bit_6_73.dqdimacs,74,134
./benchmark_tests/original/Biere/adder_3_6/pec_adder_3_bit_6_73.dqdimacs,75,134
./benchmark_tests/original/Biere/adder_3_6/pec_adder_3_bit_6_73.dqdimacs,76,134
./benchmark_tests/original/Biere/adder_3_6/pec_adder_3_bit_6_73.dqdimacs,77,135
./benchmark_tests/original/Biere/adder_3_6/pec_adder_3_bit_6_73.dqdimacs,78,134
./benchmark_tests/original/Biere/adder_3_6/pec_adder_3_bit_6_73.dqdimacs,79,134
./benchmark_tests/original/Biere/adder_3_6/pec_adder_3_bit_6_73.dqdimacs,80,134
./benchmark_tests/original/Biere/adder_3_6/pec_adder_3_bit_6_74.dqdimacs,4,176
./benchmark_tests/original/Biere/adder_3_6/pec_adder_3_bit_6_74.dqdimacs,5,121
./benchmark_tests/original/Biere/adder_3_6/pec_adder_3_bit_6_74.dqdimacs,6,99
./benchmark_tests/original/Biere/adder_3_6/pec_adder_3_bit_6_74.dqdimacs,10,99
./benchmark_tests/original/Biere/adder_3_6/pec_adder_3_bit_6_74.dqdimacs,11,100
./benchmark_tests/original/Biere/adder_3_6/pec_adder_3_bit_6_74.dqdimacs,12,100
./benchmark_tests/original/Biere/adder_3_6/pec_adder_3_bit_6_74.dqdimacs,13,99
./benchmark_tests/original/Biere/adder_3_6/pec_adder_3_bit_6_74.dqdimacs,17,98
./benchmark_tests/original/Biere/adder_3_6/pec_adder_3_bit_6_74.dqdimacs,18,99
./benchmark_tests/original/Biere/adder_3_6/pec_adder_3_bit_6_74.dqdimacs,19,99
./benchmark_tests/original/Biere/adder_3_6/pec_adder_3_bit_6_74.dqdimacs,20,99
./benchmark_tests/original/Biere/adder_3_6/pec_adder_3_bit_6_74.dqdimacs,22,99
./benchmark_tests/original/Biere/adder_3_6/pec_adder_3_bit_6_74.dqdimacs,23,98
./benchmark_tests/original/Biere/adder_3_6/pec_adder_3_bit_6_74.dqdimacs,24,98
./benchmark_tests/original/Biere/adder_3_6/pec_adder_3_bit_6_74.dqdimacs,25,104
./benchmark_tests/original/Biere/adder_3_6/pec_adder_3_bit_6_74.dqdimacs,26,90
./benchmark_tests/original/Biere/adder_3_6/pec_adder_3_bit_6_74.dqdimacs,27,89
./benchmark_tests/original/Biere/adder_3_6/pec_adder_3_bit_6_74.dqdimacs,29,81
./benchmark_tests/original/Biere/adder_3_6/pec_adder_3_bit_6_74.dqdimacs,30,78
./benchmark_tests/original/Biere/adder_3_6/pec_adder_3_bit_6_74.dqdimacs,31,75
./benchmark_tests/original/Biere/adder_3_6/pec_adder_3_bit_6_74.dqdimacs,32,72
./benchmark_tests/original/Biere/adder_3_6/pec_adder_3_bit_6_74.dqdimacs,34,66
./benchmark_tests/original/Biere/adder_3_6/pec_adder_3_bit_6_74.dqdimacs,35,63
./benchmark_tests/original/Biere/adder_3_6/pec_adder_3_bit_6_74.dqdimacs,36,63
./benchmark_tests/original/Biere/adder_3_6/pec_adder_3_bit_6_74.dqdimacs,38,57
./benchmark_tests/original/Biere/adder_3_6/pec_adder_3_bit_6_74.dqdimacs,39,55
./benchmark_tests/original/Biere/adder_3_6/pec_adder_3_bit_6_74.dqdimacs,40,53
./benchmark_tests/original/Biere/adder_3_6/pec_adder_3_bit_6_74.dqdimacs,41,54
./benchmark_tests/original/Biere/adder_3_6/pec_adder_3_bit_6_74.dqdimacs,43,53
./benchmark_tests/original/Biere/adder_3_6/pec_adder_3_bit_6_74.dqdimacs,44,52
./benchmark_tests/original/Biere/adder_3_6/pec_adder_3_bit_6_74.dqdimacs,45,53
./benchmark_tests/original/Biere/adder_3_6/pec_adder_3_bit_6_74.dqdimacs,46,55
./benchmark_tests/original/Biere/adder_3_6/pec_adder_3_bit_6_74.dqdimacs,48,53
./benchmark_tests/original/Biere/adder_3_6/pec_adder_3_bit_6_74.dqdimacs,49,54
./benchmark_tests/original/Biere/adder_3_6/pec_adder_3_bit_6_74.dqdimacs,50,54
./benchmark_tests/original/Biere/adder_3_6/pec_adder_3_bit_6_74.dqdimacs,52,54
./benchmark_tests/original/Biere/adder_3_6/pec_adder_3_bit_6_74.dqdimacs,53,55
./benchmark_tests/original/Biere/adder_3_6/pec_adder_3_bit_6_74.dqdimacs,54,55
./benchmark_tests/original/Biere/adder_3_6/pec_adder_3_bit_6_74.dqdimacs,56,53
./benchmark_tests/original/Biere/adder_3_6/pec_adder_3_bit_6_74.dqdimacs,57,53
./benchmark_tests/original/Biere/adder_3_6/pec_adder_3_bit_6_74.dqdimacs,58,53
./benchmark_tests/original/Biere/adder_3_6/pec_adder_3_bit_6_74.dqdimacs,59,53
./benchmark_tests/original/Biere/adder_3_6/pec_adder_3_bit_6_74.dqdimacs,60,54
./benchmark_tests/original/Biere/adder_3_6/pec_adder_3_bit_6_74.dqdimacs,62,53
./benchmark_tests/original/Biere/adder_3_6/pec_adder_3_bit_6_74.dqdimacs,63,54
./benchmark_tests/original/Biere/adder_3_6/pec_adder_3_bit_6_74.dqdimacs,64,55
./benchmark_tests/original/Biere/adder_3_6/pec_adder_3_bit_6_74.dqdimacs,66,53
./benchmark_tests/original/Biere/adder_3_6/pec_adder_3_bit_6_74.dqdimacs,67,53
./benchmark_tests/original/Biere/adder_3_6/pec_adder_3_bit_6_74.dqdimacs,68,55
./benchmark_tests/original/Biere/adder_3_6/pec_adder_3_bit_6_74.dqdimacs,70,52
./benchmark_tests/original/Biere/adder_3_6/pec_adder_3_bit_6_74.dqdimacs,71,52
./benchmark_tests/original/Biere/adder_3_6/pec_adder_3_bit_6_74.dqdimacs,72,54
./benchmark_tests/original/Biere/adder_3_6/pec_adder_3_bit_6_74.dqdimacs,73,53
./benchmark_tests/original/Biere/adder_3_6/pec_adder_3_bit_6_74.dqdimacs,74,53
./benchmark_tests/original/Biere/adder_3_6/pec_adder_3_bit_6_74.dqdimacs,75,53
./benchmark_tests/original/Biere/adder_3_6/pec_adder_3_bit_6_74.dqdimacs,76,52
./benchmark_tests/original/Biere/adder_3_6/pec_adder_3_bit_6_74.dqdimacs,77,52
./benchmark_tests/original/Biere/adder_3_6/pec_adder_3_bit_6_74.dqdimacs,78,52
./benchmark_tests/original/Biere/adder_3_6/pec_adder_3_bit_6_74.dqdimacs,79,53
./benchmark_tests/original/Biere/adder_3_6/pec_adder_3_bit_6_74.dqdimacs,80,53
./benchmark_tests/original/Biere/adder_3_6/pec_adder_3_bit_6_74.dqdimacs,81,53
./benchmark_tests/original/Biere/adder_3_6/pec_adder_3_bit_6_74.dqdimacs,82,52
./benchmark_tests/original/Biere/adder_3_6/pec_adder_3_bit_6_74.dqdimacs,83,53
./benchmark_tests/original/Biere/adder_3_6/pec_adder_3_bit_6_74.dqdimacs,84,53
./benchmark_tests/original/Biere/adder_3_6/pec_adder_3_bit_6_74.dqdimacs,85,52
./benchmark_tests/original/Biere/adder_3_6/pec_adder_3_bit_6_74.dqdimacs,86,53
./benchmark_tests/original/Biere/adder_3_6/pec_adder_3_bit_6_74.dqdimacs,87,53
./benchmark_tests/original/Biere/adder_3_6/pec_adder_3_bit_6_74.dqdimacs,88,53
./benchmark_tests/original/Biere/adder_3_6/pec_adder_3_bit_6_74.dqdimacs,89,54
./benchmark_tests/original/Biere/adder_3_6/pec_adder_3_bit_6_74.dqdimacs,90,53
./benchmark_tests/original/Biere/adder_3_6/pec_adder_3_bit_6_75.dqdimacs,4,384
./benchmark_tests/original/Biere/adder_3_6/pec_adder_3_bit_6_75.dqdimacs,5,335
./benchmark_tests/original/Biere/adder_3_6/pec_adder_3_bit_6_75.dqdimacs,6,334
./benchmark_tests/original/Biere/adder_3_6/pec_adder_3_bit_6_75.dqdimacs,10,329
./benchmark_tests/original/Biere/adder_3_6/pec_adder_3_bit_6_75.dqdimacs,11,317
./benchmark_tests/original/Biere/adder_3_6/pec_adder_3_bit_6_75.dqdimacs,12,271
./benchmark_tests/original/Biere/adder_3_6/pec_adder_3_bit_6_75.dqdimacs,13,228
./benchmark_tests/original/Biere/adder_3_6/pec_adder_3_bit_6_75.dqdimacs,17,191
./benchmark_tests/original/Biere/adder_3_6/pec_adder_3_bit_6_75.dqdimacs,18,173
./benchmark_tests/original/Biere/adder_3_6/pec_adder_3_bit_6_75.dqdimacs,19,172
./benchmark_tests/original/Biere/adder_3_6/pec_adder_3_bit_6_75.dqdimacs,20,174
./benchmark_tests/original/Biere/adder_3_6/pec_adder_3_bit_6_75.dqdimacs,22,176
./benchmark_tests/original/Biere/adder_3_6/pec_adder_3_bit_6_75.dqdimacs,23,174
./benchmark_tests/original/Biere/adder_3_6/pec_adder_3_bit_6_75.dqdimacs,24,176
./benchmark_tests/original/Biere/adder_3_6/pec_adder_3_bit_6_75.dqdimacs,25,174
./benchmark_tests/original/Biere/adder_3_6/pec_adder_3_bit_6_75.dqdimacs,26,177
./benchmark_tests/original/Biere/adder_3_6/pec_adder_3_bit_6_75.dqdimacs,27,179
./benchmark_tests/original/Biere/adder_3_6/pec_adder_3_bit_6_75.dqdimacs,29,175
./benchmark_tests/original/Biere/adder_3_6/pec_adder_3_bit_6_75.dqdimacs,30,173
./benchmark_tests/original/Biere/adder_3_6/pec_adder_3_bit_6_75.dqdimacs,31,178
./benchmark_tests/original/Biere/adder_3_6/pec_adder_3_bit_6_75.dqdimacs,33,176
./benchmark_tests/original/Biere/adder_3_6/pec_adder_3_bit_6_75.dqdimacs,34,173
./benchmark_tests/original/Biere/adder_3_6/pec_adder_3_bit_6_75.dqdimacs,35,174
./benchmark_tests/original/Biere/adder_3_6/pec_adder_3_bit_6_75.dqdimacs,37,177
./benchmark_tests/original/Biere/adder_3_6/pec_adder_3_bit_6_75.dqdimacs,38,174
./benchmark_tests/original/Biere/adder_3_6/pec_adder_3_bit_6_75.dqdimacs,39,173
./benchmark_tests/original/Biere/adder_3_6/pec_adder_3_bit_6_75.dqdimacs,40,175
./benchmark_tests/original/Biere/adder_3_6/pec_adder_3_bit_6_75.dqdimacs,42,173
./benchmark_tests/original/Biere/adder_3_6/pec_adder_3_bit_6_75.dqdimacs,43,173
./benchmark_tests/original/Biere/adder_3_6/pec_adder_3_bit_6_75.dqdimacs,44,174
./benchmark_tests/original/Biere/adder_3_6/pec_adder_3_bit_6_75.dqdimacs,46,175
./benchmark_tests/original/Biere/adder_3_6/pec_adder_3_bit_6_75.dqdimacs,47,173
./benchmark_tests/original/Biere/adder_3_6/pec_adder_3_bit_6_75.dqdimacs,48,177
./benchmark_tests/original/Biere/adder_3_6/pec_adder_3_bit_6_75.dqdimacs,49,178
./benchmark_tests/original/Biere/adder_3_6/pec_adder_3_bit_6_75.dqdimacs,51,177
./benchmark_tests/original/Biere/adder_3_6/pec_adder_3_bit_6_75.dqdimacs,52,175
./benchmark_tests/original/Biere/adder_3_6/pec_adder_3_bit_6_75.dqdimacs,53,176
./benchmark_tests/original/Biere/adder_3_6/pec_adder_3_bit_6_75.dqdimacs,55,173
./benchmark_tests/original/Biere/adder_3_6/pec_adder_3_bit_6_75.dqdimacs,56,175
./benchmark_tests/original/Biere/adder_3_6/pec_adder_3_bit_6_75.dqdimacs,57,176
./benchmark_tests/original/Biere/adder_3_6/pec_adder_3_bit_6_75.dqdimacs,58,175
./benchmark_tests/original/Biere/adder_3_6/pec_adder_3_bit_6_75.dqdimacs,59,176
./benchmark_tests/original/Biere/adder_3_6/pec_adder_3_bit_6_75.dqdimacs,61,173
./benchmark_tests/original/Biere/adder_3_6/pec_adder_3_bit_6_75.dqdimacs,62,173
./benchmark_tests/original/Biere/adder_3_6/pec_adder_3_bit_6_75.dqdimacs,63,177
./benchmark_tests/original/Biere/adder_3_6/pec_adder_3_bit_6_75.dqdimacs,64,178
./benchmark_tests/original/Biere/adder_3_6/pec_adder_3_bit_6_75.dqdimacs,65,174
./benchmark_tests/original/Biere/adder_3_6/pec_adder_3_bit_6_75.dqdimacs,66,177
./benchmark_tests/original/Biere/adder_3_6/pec_adder_3_bit_6_75.dqdimacs,67,177
./benchmark_tests/original/Biere/adder_3_6/pec_adder_3_bit_6_75.dqdimacs,68,179
./benchmark_tests/original/Biere/adder_3_6/pec_adder_3_bit_6_75.dqdimacs,69,177
./benchmark_tests/original/Biere/adder_3_6/pec_adder_3_bit_6_75.dqdimacs,70,176
./benchmark_tests/original/Biere/adder_3_6/pec_adder_3_bit_6_75.dqdimacs,71,173
./benchmark_tests/original/Biere/adder_3_6/pec_adder_3_bit_6_75.dqdimacs,72,179
./benchmark_tests/original/Biere/adder_3_6/pec_adder_3_bit_6_75.dqdimacs,73,177
./benchmark_tests/original/Biere/adder_3_6/pec_adder_3_bit_6_75.dqdimacs,74,176
./benchmark_tests/original/Biere/adder_3_6/pec_adder_3_bit_6_75.dqdimacs,75,176
./benchmark_tests/original/Biere/adder_3_6/pec_adder_3_bit_6_75.dqdimacs,76,178
./benchmark_tests/original/Biere/adder_3_6/pec_adder_3_bit_6_75.dqdimacs,77,179
./benchmark_tests/original/Biere/adder_3_6/pec_adder_3_bit_6_75.dqdimacs,78,175
./benchmark_tests/original/Biere/adder_3_6/pec_adder_3_bit_6_75.dqdimacs,79,174
./benchmark_tests/original/Biere/adder_3_6/pec_adder_3_bit_6_75.dqdimacs,80,174
./benchmark_tests/original/Biere/adder_3_6/pec_adder_3_bit_6_75.dqdimacs,81,176
./benchmark_tests/original/Biere/adder_3_6/pec_adder_3_bit_6_75.dqdimacs,82,177
./benchmark_tests/original/Biere/adder_3_6/pec_adder_3_bit_6_76.dqdimacs,4,227
./benchmark_tests/original/Biere/adder_3_6/pec_adder_3_bit_6_76.dqdimacs,5,174
./benchmark_tests/original/Biere/adder_3_6/pec_adder_3_bit_6_76.dqdimacs,6,175
./benchmark_tests/original/Biere/adder_3_6/pec_adder_3_bit_6_76.dqdimacs,10,174
./benchmark_tests/original/Biere/adder_3_6/pec_adder_3_bit_6_76.dqdimacs,11,176
./benchmark_tests/original/Biere/adder_3_6/pec_adder_3_bit_6_76.dqdimacs,12,177
./benchmark_tests/original/Biere/adder_3_6/pec_adder_3_bit_6_76.dqdimacs,13,176
./benchmark_tests/original/Biere/adder_3_6/pec_adder_3_bit_6_76.dqdimacs,17,175
./benchmark_tests/original/Biere/adder_3_6/pec_adder_3_bit_6_76.dqdimacs,18,168
./benchmark_tests/original/Biere/adder_3_6/pec_adder_3_bit_6_76.dqdimacs,19,156
./benchmark_tests/original/Biere/adder_3_6/pec_adder_3_bit_6_76.dqdimacs,20,144
./benchmark_tests/original/Biere/adder_3_6/pec_adder_3_bit_6_76.dqdimacs,22,130
./benchmark_tests/original/Biere/adder_3_6/pec_adder_3_bit_6_76.dqdimacs,23,118
./benchmark_tests/original/Biere/adder_3_6/pec_adder_3_bit_6_76.dqdimacs,24,108
./benchmark_tests/original/Biere/adder_3_6/pec_adder_3_bit_6_76.dqdimacs,25,100
./benchmark_tests/original/Biere/adder_3_6/pec_adder_3_bit_6_76.dqdimacs,26,94
./benchmark_tests/original/Biere/adder_3_6/pec_adder_3_bit_6_76.dqdimacs,27,95
./benchmark_tests/original/Biere/adder_3_6/pec_adder_3_bit_6_76.dqdimacs,29,94
./benchmark_tests/original/Biere/adder_3_6/pec_adder_3_bit_6_76.dqdimacs,30,93
./benchmark_tests/original/Biere/adder_3_6/pec_adder_3_bit_6_76.dqdimacs,31,96
./benchmark_tests/original/Biere/adder_3_6/pec_adder_3_bit_6_76.dqdimacs,33,93
./benchmark_tests/original/Biere/adder_3_6/pec_adder_3_bit_6_76.dqdimacs,34,93
./benchmark_tests/original/Biere/adder_3_6/pec_adder_3_bit_6_76.dqdimacs,35,96
./benchmark_tests/original/Biere/adder_3_6/pec_adder_3_bit_6_76.dqdimacs,37,93
./benchmark_tests/original/Biere/adder_3_6/pec_adder_3_bit_6_76.dqdimacs,38,92
./benchmark_tests/original/Biere/adder_3_6/pec_adder_3_bit_6_76.dqdimacs,39,92
./benchmark_tests/original/Biere/adder_3_6/pec_adder_3_bit_6_76.dqdimacs,40,94
./benchmark_tests/original/Biere/adder_3_6/pec_adder_3_bit_6_76.dqdimacs,42,94
./benchmark_tests/original/Biere/adder_3_6/pec_adder_3_bit_6_76.dqdimacs,43,92
./benchmark_tests/original/Biere/adder_3_6/pec_adder_3_bit_6_76.dqdimacs,44,95
./benchmark_tests/original/Biere/adder_3_6/pec_adder_3_bit_6_76.dqdimacs,46,93
./benchmark_tests/original/Biere/adder_3_6/pec_adder_3_bit_6_76.dqdimacs,47,93
./benchmark_tests/original/Biere/adder_3_6/pec_adder_3_bit_6_76.dqdimacs,48,95
./benchmark_tests/original/Biere/adder_3_6/pec_adder_3_bit_6_76.dqdimacs,50,93
./benchmark_tests/original/Biere/adder_3_6/pec_adder_3_bit_6_76.dqdimacs,51,94
./benchmark_tests/original/Biere/adder_3_6/pec_adder_3_bit_6_76.dqdimacs,52,93
./benchmark_tests/original/Biere/adder_3_6/pec_adder_3_bit_6_76.dqdimacs,53,95
./benchmark_tests/original/Biere/adder_3_6/pec_adder_3_bit_6_76.dqdimacs,55,93
./benchmark_tests/original/Biere/adder_3_6/pec_adder_3_bit_6_76.dqdimacs,56,93
./benchmark_tests/original/Biere/adder_3_6/pec_adder_3_bit_6_76.dqdimacs,57,93
./benchmark_tests/original/Biere/adder_3_6/pec_adder_3_bit_6_76.dqdimacs,58,95
./benchmark_tests/original/Biere/adder_3_6/pec_adder_3_bit_6_76.dqdimacs,59,93
./benchmark_tests/original/Biere/adder_3_6/pec_adder_3_bit_6_76.dqdimacs,60,93
./benchmark_tests/original/Biere/adder_3_6/pec_adder_3_bit_6_76.dqdimacs,61,94
./benchmark_tests/original/Biere/adder_3_6/pec_adder_3_bit_6_76.dqdimacs,62,94
./benchmark_tests/original/Biere/adder_3_6/pec_adder_3_bit_6_76.dqdimacs,63,95
./benchmark_tests/original/Biere/adder_3_6/pec_adder_3_bit_6_76.dqdimacs,64,94
./benchmark_tests/original/Biere/adder_3_6/pec_adder_3_bit_6_76.dqdimacs,65,93
./benchmark_tests/original/Biere/adder_3_6/pec_adder_3_bit_6_76.dqdimacs,66,94
./benchmark_tests/original/Biere/adder_3_6/pec_adder_3_bit_6_76.dqdimacs,67,93
./benchmark_tests/original/Biere/adder_3_6/pec_adder_3_bit_6_76.dqdimacs,68,95
./benchmark_tests/original/Biere/adder_3_6/pec_adder_3_bit_6_76.dqdimacs,69,94
./benchmark_tests/original/Biere/adder_3_6/pec_adder_3_bit_6_76.dqdimacs,70,94
./benchmark_tests/original/Biere/adder_3_6/pec_adder_3_bit_6_76.dqdimacs,71,93
./benchmark_tests/original/Biere/adder_3_6/pec_adder_3_bit_6_76.dqdimacs,72,94
./benchmark_tests/original/Biere/adder_3_6/pec_adder_3_bit_6_76.dqdimacs,73,93
./benchmark_tests/original/Biere/adder_3_6/pec_adder_3_bit_6_76.dqdimacs,74,94
./benchmark_tests/original/Biere/adder_3_6/pec_adder_3_bit_6_76.dqdimacs,75,94
./benchmark_tests/original/Biere/adder_3_6/pec_adder_3_bit_6_76.dqdimacs,76,95
./benchmark_tests/original/Biere/adder_3_6/pec_adder_3_bit_6_76.dqdimacs,77,95
./benchmark_tests/original/Biere/adder_3_6/pec_adder_3_bit_6_76.dqdimacs,78,93
./benchmark_tests/original/Biere/adder_3_6/pec_adder_3_bit_6_77.dqdimacs,4,260
./benchmark_tests/original/Biere/adder_3_6/pec_adder_3_bit_6_77.dqdimacs,5,210
./benchmark_tests/original/Biere/adder_3_6/pec_adder_3_bit_6_77.dqdimacs,6,210
./benchmark_tests/original/Biere/adder_3_6/pec_adder_3_bit_6_77.dqdimacs,10,209
./benchmark_tests/original/Biere/adder_3_6/pec_adder_3_bit_6_77.dqdimacs,11,210
./benchmark_tests/original/Biere/adder_3_6/pec_adder_3_bit_6_77.dqdimacs,12,210
./benchmark_tests/original/Biere/adder_3_6/pec_adder_3_bit_6_77.dqdimacs,13,209
./benchmark_tests/original/Biere/adder_3_6/pec_adder_3_bit_6_77.dqdimacs,17,194
./benchmark_tests/original/Biere/adder_3_6/pec_adder_3_bit_6_77.dqdimacs,18,176
./benchmark_tests/original/Biere/adder_3_6/pec_adder_3_bit_6_77.dqdimacs,19,157
./benchmark_tests/original/Biere/adder_3_6/pec_adder_3_bit_6_77.dqdimacs,20,141
./benchmark_tests/original/Biere/adder_3_6/pec_adder_3_bit_6_77.dqdimacs,22,126
./benchmark_tests/original/Biere/adder_3_6/pec_adder_3_bit_6_77.dqdimacs,23,116
./benchmark_tests/original/Biere/adder_3_6/pec_adder_3_bit_6_77.dqdimacs,24,112
./benchmark_tests/original/Biere/adder_3_6/pec_adder_3_bit_6_77.dqdimacs,25,112
./benchmark_tests/original/Biere/adder_3_6/pec_adder_3_bit_6_77.dqdimacs,26,112
./benchmark_tests/original/Biere/adder_3_6/pec_adder_3_bit_6_77.dqdimacs,27,114
./benchmark_tests/original/Biere/adder_3_6/pec_adder_3_bit_6_77.dqdimacs,29,112
./benchmark_tests/original/Biere/adder_3_6/pec_adder_3_bit_6_77.dqdimacs,30,112
./benchmark_tests/original/Biere/adder_3_6/pec_adder_3_bit_6_77.dqdimacs,31,111
./benchmark_tests/original/Biere/adder_3_6/pec_adder_3_bit_6_77.dqdimacs,32,113
./benchmark_tests/original/Biere/adder_3_6/pec_adder_3_bit_6_77.dqdimacs,34,111
./benchmark_tests/original/Biere/adder_3_6/pec_adder_3_bit_6_77.dqdimacs,35,112
./benchmark_tests/original/Biere/adder_3_6/pec_adder_3_bit_6_77.dqdimacs,36,114
./benchmark_tests/original/Biere/adder_3_6/pec_adder_3_bit_6_77.dqdimacs,38,111
./benchmark_tests/original/Biere/adder_3_6/pec_adder_3_bit_6_77.dqdimacs,39,111
./benchmark_tests/original/Biere/adder_3_6/pec_adder_3_bit_6_77.dqdimacs,40,114
./benchmark_tests/original/Biere/adder_3_6/pec_adder_3_bit_6_77.dqdimacs,42,111
./benchmark_tests/original/Biere/adder_3_6/pec_adder_3_bit_6_77.dqdimacs,43,110
./benchmark_tests/original/Biere/adder_3_6/pec_adder_3_bit_6_77.dqdimacs,44,114
./benchmark_tests/original/Biere/adder_3_6/pec_adder_3_bit_6_77.dqdimacs,46,111
./benchmark_tests/original/Biere/adder_3_6/pec_adder_3_bit_6_77.dqdimacs,47,111
./benchmark_tests/original/Biere/adder_3_6/pec_adder_3_bit_6_77.dqdimacs,48,111
./benchmark_tests/original/Biere/adder_3_6/pec_adder_3_bit_6_77.dqdimacs,49,113
./benchmark_tests/original/Biere/adder_3_6/pec_adder_3_bit_6_77.dqdimacs,51,112
./benchmark_tests/original/Biere/adder_3_6/pec_adder_3_bit_6_77.dqdimacs,52,111
./benchmark_tests/original/Biere/adder_3_6/pec_adder_3_bit_6_77.dqdimacs,53,111
./benchmark_tests/original/Biere/adder_3_6/pec_adder_3_bit_6_77.dqdimacs,54,112
./benchmark_tests/original/Biere/adder_3_6/pec_adder_3_bit_6_77.dqdimacs,56,111
./benchmark_tests/original/Biere/adder_3_6/pec_adder_3_bit_6_77.dqdimacs,57,112
./benchmark_tests/original/Biere/adder_3_6/pec_adder_3_bit_6_77.dqdimacs,58,111
./benchmark_tests/original/Biere/adder_3_6/pec_adder_3_bit_6_77.dqdimacs,59,114
./benchmark_tests/original/Biere/adder_3_6/pec_adder_3_bit_6_77.dqdimacs,61,112
./benchmark_tests/original/Biere/adder_3_6/pec_adder_3_bit_6_77.dqdimacs,62,112
./benchmark_tests/original/Biere/adder_3_6/pec_adder_3_bit_6_77.dqdimacs,63,112
./benchmark_tests/original/Biere/adder_3_6/pec_adder_3_bit_6_77.dqdimacs,64,114
./benchmark_tests/original/Biere/adder_3_6/pec_adder_3_bit_6_77.dqdimacs,65,112
./benchmark_tests/original/Biere/adder_3_6/pec_adder_3_bit_6_77.dqdimacs,66,111
./benchmark_tests/original/Biere/adder_3_6/pec_adder_3_bit_6_77.dqdimacs,67,111
./benchmark_tests/original/Biere/adder_3_6/pec_adder_3_bit_6_77.dqdimacs,68,112
./benchmark_tests/original/Biere/adder_3_6/pec_adder_3_bit_6_77.dqdimacs,69,112
./benchmark_tests/original/Biere/adder_3_6/pec_adder_3_bit_6_77.dqdimacs,70,112
./benchmark_tests/original/Biere/adder_3_6/pec_adder_3_bit_6_77.dqdimacs,71,111
./benchmark_tests/original/Biere/adder_3_6/pec_adder_3_bit_6_77.dqdimacs,72,111
./benchmark_tests/original/Biere/adder_3_6/pec_adder_3_bit_6_77.dqdimacs,73,111
./benchmark_tests/original/Biere/adder_3_6/pec_adder_3_bit_6_77.dqdimacs,74,112
./benchmark_tests/original/Biere/adder_3_6/pec_adder_3_bit_6_77.dqdimacs,75,111
./benchmark_tests/original/Biere/adder_3_6/pec_adder_3_bit_6_77.dqdimacs,76,111
./benchmark_tests/original/Biere/adder_3_6/pec_adder_3_bit_6_77.dqdimacs,77,111
./benchmark_tests/original/Biere/adder_3_6/pec_adder_3_bit_6_77.dqdimacs,78,112
./benchmark_tests/original/Biere/adder_3_6/pec_adder_3_bit_6_77.dqdimacs,79,112
./benchmark_tests/original/Biere/adder_3_6/pec_adder_3_bit_6_77.dqdimacs,80,111
./benchmark_tests/original/Biere/adder_3_6/pec_adder_3_bit_6_77.dqdimacs,81,112
./benchmark_tests/original/Biere/adder_3_6/pec_adder_3_bit_6_77.dqdimacs,82,112
./benchmark_tests/original/Biere/adder_3_6/pec_adder_3_bit_6_77.dqdimacs,83,111
./benchmark_tests/original/Biere/adder_3_6/pec_adder_3_bit_6_78.dqdimacs,4,230
./benchmark_tests/original/Biere/adder_3_6/pec_adder_3_bit_6_78.dqdimacs,5,182
./benchmark_tests/original/Biere/adder_3_6/pec_adder_3_bit_6_78.dqdimacs,6,178
./benchmark_tests/original/Biere/adder_3_6/pec_adder_3_bit_6_78.dqdimacs,10,180
./benchmark_tests/original/Biere/adder_3_6/pec_adder_3_bit_6_78.dqdimacs,11,179
./benchmark_tests/original/Biere/adder_3_6/pec_adder_3_bit_6_78.dqdimacs,12,179
./benchmark_tests/original/Biere/adder_3_6/pec_adder_3_bit_6_78.dqdimacs,13,176
./benchmark_tests/original/Biere/adder_3_6/pec_adder_3_bit_6_78.dqdimacs,17,179
./benchmark_tests/original/Biere/adder_3_6/pec_adder_3_bit_6_78.dqdimacs,18,171
./benchmark_tests/original/Biere/adder_3_6/pec_adder_3_bit_6_78.dqdimacs,19,155
./benchmark_tests/original/Biere/adder_3_6/pec_adder_3_bit_6_78.dqdimacs,20,143
./benchmark_tests/original/Biere/adder_3_6/pec_adder_3_bit_6_78.dqdimacs,22,126
./benchmark_tests/original/Biere/adder_3_6/pec_adder_3_bit_6_78.dqdimacs,23,116
./benchmark_tests/original/Biere/adder_3_6/pec_adder_3_bit_6_78.dqdimacs,24,109
./benchmark_tests/original/Biere/adder_3_6/pec_adder_3_bit_6_78.dqdimacs,25,99
./benchmark_tests/original/Biere/adder_3_6/pec_adder_3_bit_6_78.dqdimacs,26,97
./benchmark_tests/original/Biere/adder_3_6/pec_adder_3_bit_6_78.dqdimacs,27,98
./benchmark_tests/original/Biere/adder_3_6/pec_adder_3_bit_6_78.dqdimacs,29,96
./benchmark_tests/original/Biere/adder_3_6/pec_adder_3_bit_6_78.dqdimacs,30,95
./benchmark_tests/original/Biere/adder_3_6/pec_adder_3_bit_6_78.dqdimacs,31,97
./benchmark_tests/original/Biere/adder_3_6/pec_adder_3_bit_6_78.dqdimacs,33,96
./benchmark_tests/original/Biere/adder_3_6/pec_adder_3_bit_6_78.dqdimacs,34,96
./benchmark_tests/original/Biere/adder_3_6/pec_adder_3_bit_6_78.dqdimacs,35,98
./benchmark_tests/original/Biere/adder_3_6/pec_adder_3_bit_6_78.dqdimacs,37,95
./benchmark_tests/original/Biere/adder_3_6/pec_adder_3_bit_6_78.dqdimacs,38,95
./benchmark_tests/original/Biere/adder_3_6/pec_adder_3_bit_6_78.dqdimacs,39,97
./benchmark_tests/original/Biere/adder_3_6/pec_adder_3_bit_6_78.dqdimacs,41,95
./benchmark_tests/original/Biere/adder_3_6/pec_adder_3_bit_6_78.dqdimacs,42,95
./benchmark_tests/original/Biere/adder_3_6/pec_adder_3_bit_6_78.dqdimacs,43,97
./benchmark_tests/original/Biere/adder_3_6/pec_adder_3_bit_6_78.dqdimacs,45,94
./benchmark_tests/original/Biere/adder_3_6/pec_adder_3_bit_6_78.dqdimacs,46,95
./benchmark_tests/original/Biere/adder_3_6/pec_adder_3_bit_6_78.dqdimacs,47,96
./benchmark_tests/original/Biere/adder_3_6/pec_adder_3_bit_6_78.dqdimacs,48,96
./benchmark_tests/original/Biere/adder_3_6/pec_adder_3_bit_6_78.dqdimacs,49,96
./benchmark_tests/original/Biere/adder_3_6/pec_adder_3_bit_6_78.dqdimacs,50,96
./benchmark_tests/original/Biere/adder_3_6/pec_adder_3_bit_6_78.dqdimacs,52,95
./benchmark_tests/original/Biere/adder_3_6/pec_adder_3_bit_6_78.dqdimacs,53,95
./benchmark_tests/original/Biere/adder_3_6/pec_adder_3_bit_6_78.dqdimacs,54,95
./benchmark_tests/original/Biere/adder_3_6/pec_adder_3_bit_6_78.dqdimacs,55,96
./benchmark_tests/original/Biere/adder_3_6/pec_adder_3_bit_6_78.dqdimacs,57,96
./benchmark_tests/original/Biere/adder_3_6/pec_adder_3_bit_6_78.dqdimacs,58,95
./benchmark_tests/original/Biere/adder_3_6/pec_adder_3_bit_6_78.dqdimacs,59,97
./benchmark_tests/original/Biere/adder_3_6/pec_adder_3_bit_6_78.dqdimacs,60,96
./benchmark_tests/original/Biere/adder_3_6/pec_adder_3_bit_6_78.dqdimacs,61,96
./benchmark_tests/original/Biere/adder_3_6/pec_adder_3_bit_6_78.dqdimacs,62,97
./benchmark_tests/original/Biere/adder_3_6/pec_adder_3_bit_6_78.dqdimacs,63,97
./benchmark_tests/original/Biere/adder_3_6/pec_adder_3_bit_6_78.dqdimacs,64,97
./benchmark_tests/original/Biere/adder_3_6/pec_adder_3_bit_6_78.dqdimacs,65,96
./benchmark_tests/original/Biere/adder_3_6/pec_adder_3_bit_6_78.dqdimacs,66,96
./benchmark_tests/original/Biere/adder_3_6/pec_adder_3_bit_6_78.dqdimacs,67,97
./benchmark_tests/original/Biere/adder_3_6/pec_adder_3_bit_6_78.dqdimacs,68,97
./benchmark_tests/original/Biere/adder_3_6/pec_adder_3_bit_6_78.dqdimacs,69,97
./benchmark_tests/original/Biere/adder_3_6/pec_adder_3_bit_6_78.dqdimacs,70,97
./benchmark_tests/original/Biere/adder_3_6/pec_adder_3_bit_6_78.dqdimacs,71,97
./benchmark_tests/original/Biere/adder_3_6/pec_adder_3_bit_6_78.dqdimacs,72,97
./benchmark_tests/original/Biere/adder_3_6/pec_adder_3_bit_6_78.dqdimacs,73,96
./benchmark_tests/original/Biere/adder_3_6/pec_adder_3_bit_6_78.dqdimacs,74,96
./benchmark_tests/original/Biere/adder_3_6/pec_adder_3_bit_6_78.dqdimacs,75,97
./benchmark_tests/original/Biere/adder_3_6/pec_adder_3_bit_6_78.dqdimacs,76,96
./benchmark_tests/original/Biere/adder_3_6/pec_adder_3_bit_6_78.dqdimacs,77,97
./benchmark_tests/original/Biere/adder_3_6/pec_adder_3_bit_6_78.dqdimacs,78,96
./benchmark_tests/original/Biere/adder_3_6/pec_adder_3_bit_6_78.dqdimacs,79,96
./benchmark_tests/original/Biere/adder_3_6/pec_adder_3_bit_6_79.dqdimacs,4,355
./benchmark_tests/original/Biere/adder_3_6/pec_adder_3_bit_6_79.dqdimacs,5,308
./benchmark_tests/original/Biere/adder_3_6/pec_adder_3_bit_6_79.dqdimacs,6,308
./benchmark_tests/original/Biere/adder_3_6/pec_adder_3_bit_6_79.dqdimacs,10,307
./benchmark_tests/original/Biere/adder_3_6/pec_adder_3_bit_6_79.dqdimacs,11,287
./benchmark_tests/original/Biere/adder_3_6/pec_adder_3_bit_6_79.dqdimacs,12,288
./benchmark_tests/original/Biere/adder_3_6/pec_adder_3_bit_6_79.dqdimacs,13,288
./benchmark_tests/original/Biere/adder_3_6/pec_adder_3_bit_6_79.dqdimacs,17,289
./benchmark_tests/original/Biere/adder_3_6/pec_adder_3_bit_6_79.dqdimacs,18,278
./benchmark_tests/original/Biere/adder_3_6/pec_adder_3_bit_6_79.dqdimacs,19,243
./benchmark_tests/original/Biere/adder_3_6/pec_adder_3_bit_6_79.dqdimacs,20,206
./benchmark_tests/original/Biere/adder_3_6/pec_adder_3_bit_6_79.dqdimacs,22,177
./benchmark_tests/original/Biere/adder_3_6/pec_adder_3_bit_6_79.dqdimacs,23,158
./benchmark_tests/original/Biere/adder_3_6/pec_adder_3_bit_6_79.dqdimacs,24,154
./benchmark_tests/original/Biere/adder_3_6/pec_adder_3_bit_6_79.dqdimacs,25,151
./benchmark_tests/original/Biere/adder_3_6/pec_adder_3_bit_6_79.dqdimacs,26,151
./benchmark_tests/original/Biere/adder_3_6/pec_adder_3_bit_6_79.dqdimacs,27,154
./benchmark_tests/original/Biere/adder_3_6/pec_adder_3_bit_6_79.dqdimacs,29,157
./benchmark_tests/original/Biere/adder_3_6/pec_adder_3_bit_6_79.dqdimacs,30,150
./benchmark_tests/original/Biere/adder_3_6/pec_adder_3_bit_6_79.dqdimacs,31,151
./benchmark_tests/original/Biere/adder_3_6/pec_adder_3_bit_6_79.dqdimacs,32,153
./benchmark_tests/original/Biere/adder_3_6/pec_adder_3_bit_6_79.dqdimacs,34,153
./benchmark_tests/original/Biere/adder_3_6/pec_adder_3_bit_6_79.dqdimacs,35,152
./benchmark_tests/original/Biere/adder_3_6/pec_adder_3_bit_6_79.dqdimacs,36,151
./benchmark_tests/original/Biere/adder_3_6/pec_adder_3_bit_6_79.dqdimacs,37,152
./benchmark_tests/original/Biere/adder_3_6/pec_adder_3_bit_6_79.dqdimacs,39,151
./benchmark_tests/original/Biere/adder_3_6/pec_adder_3_bit_6_79.dqdimacs,40,152
./benchmark_tests/original/Biere/adder_3_6/pec_adder_3_bit_6_79.dqdimacs,41,152
./benchmark_tests/original/Biere/adder_3_6/pec_adder_3_bit_6_79.dqdimacs,43,152
./benchmark_tests/original/Biere/adder_3_6/pec_adder_3_bit_6_79.dqdimacs,44,151
./benchmark_tests/original/Biere/adder_3_6/pec_adder_3_bit_6_79.dqdimacs,45,151
./benchmark_tests/original/Biere/adder_3_6/pec_adder_3_bit_6_79.dqdimacs,47,151
./benchmark_tests/original/Biere/adder_3_6/pec_adder_3_bit_6_79.dqdimacs,48,151
./benchmark_tests/original/Biere/adder_3_6/pec_adder_3_bit_6_79.dqdimacs,49,151
./benchmark_tests/original/Biere/adder_3_6/pec_adder_3_bit_6_79.dqdimacs,50,153
./benchmark_tests/original/Biere/adder_3_6/pec_adder_3_bit_6_79.dqdimacs,52,151
./benchmark_tests/original/Biere/adder_3_6/pec_adder_3_bit_6_79.dqdimacs,53,151
./benchmark_tests/original/Biere/adder_3_6/pec_adder_3_bit_6_79.dqdimacs,54,150
./benchmark_tests/original/Biere/adder_3_6/pec_adder_3_bit_6_79.dqdimacs,55,150
./benchmark_tests/original/Biere/adder_3_6/pec_adder_3_bit_6_79.dqdimacs,56,151
./benchmark_tests/original/Biere/adder_3_6/pec_adder_3_bit_6_79.dqdimacs,57,150
./benchmark_tests/original/Biere/adder_3_6/pec_adder_3_bit_6_79.dqdimacs,58,150
./benchmark_tests/original/Biere/adder_3_6/pec_adder_3_bit_6_79.dqdimacs,59,151
./benchmark_tests/original/Biere/adder_3_6/pec_adder_3_bit_6_79.dqdimacs,60,151
./benchmark_tests/original/Biere/adder_3_6/pec_adder_3_bit_6_79.dqdimacs,61,151
./benchmark_tests/original/Biere/adder_3_6/pec_adder_3_bit_6_79.dqdimacs,62,151
./benchmark_tests/original/Biere/adder_3_6/pec_adder_3_bit_6_79.dqdimacs,63,150
./benchmark_tests/original/Biere/adder_3_6/pec_adder_3_bit_6_79.dqdimacs,64,150
./benchmark_tests/original/Biere/adder_3_6/pec_adder_3_bit_6_79.dqdimacs,65,151
./benchmark_tests/original/Biere/adder_3_6/pec_adder_3_bit_6_79.dqdimacs,66,150
./benchmark_tests/original/Biere/adder_3_6/pec_adder_3_bit_6_79.dqdimacs,67,150
./benchmark_tests/original/Biere/adder_3_6/pec_adder_3_bit_6_79.dqdimacs,68,149
./benchmark_tests/original/Biere/adder_3_6/pec_adder_3_bit_6_79.dqdimacs,69,151
./benchmark_tests/original/Biere/adder_3_6/pec_adder_3_bit_6_79.dqdimacs,70,149
./benchmark_tests/original/Biere/adder_3_6/pec_adder_3_bit_6_79.dqdimacs,71,149
./benchmark_tests/original/Biere/adder_3_6/pec_adder_3_bit_6_79.dqdimacs,72,150
./benchmark_tests/original/Biere/adder_3_6/pec_adder_3_bit_6_79.dqdimacs,73,151
./benchmark_tests/original/Biere/adder_3_6/pec_adder_3_bit_6_79.dqdimacs,74,150
./benchmark_tests/original/Biere/adder_3_6/pec_adder_3_bit_6_79.dqdimacs,75,151
./benchmark_tests/original/Biere/adder_3_6/pec_adder_3_bit_6_7.dqdimacs,4,233
./benchmark_tests/original/Biere/adder_3_6/pec_adder_3_bit_6_7.dqdimacs,5,181
./benchmark_tests/original/Biere/adder_3_6/pec_adder_3_bit_6_7.dqdimacs,6,180
./benchmark_tests/original/Biere/adder_3_6/pec_adder_3_bit_6_7.dqdimacs,10,180
./benchmark_tests/original/Biere/adder_3_6/pec_adder_3_bit_6_7.dqdimacs,11,180
./benchmark_tests/original/Biere/adder_3_6/pec_adder_3_bit_6_7.dqdimacs,12,180
./benchmark_tests/original/Biere/adder_3_6/pec_adder_3_bit_6_7.dqdimacs,13,180
./benchmark_tests/original/Biere/adder_3_6/pec_adder_3_bit_6_7.dqdimacs,17,179
./benchmark_tests/original/Biere/adder_3_6/pec_adder_3_bit_6_7.dqdimacs,18,170
./benchmark_tests/original/Biere/adder_3_6/pec_adder_3_bit_6_7.dqdimacs,19,156
./benchmark_tests/original/Biere/adder_3_6/pec_adder_3_bit_6_7.dqdimacs,20,144
./benchmark_tests/original/Biere/adder_3_6/pec_adder_3_bit_6_7.dqdimacs,22,128
./benchmark_tests/original/Biere/adder_3_6/pec_adder_3_bit_6_7.dqdimacs,23,117
./benchmark_tests/original/Biere/adder_3_6/pec_adder_3_bit_6_7.dqdimacs,24,109
./benchmark_tests/original/Biere/adder_3_6/pec_adder_3_bit_6_7.dqdimacs,25,101
./benchmark_tests/original/Biere/adder_3_6/pec_adder_3_bit_6_7.dqdimacs,26,97
./benchmark_tests/original/Biere/adder_3_6/pec_adder_3_bit_6_7.dqdimacs,27,98
./benchmark_tests/original/Biere/adder_3_6/pec_adder_3_bit_6_7.dqdimacs,29,97
./benchmark_tests/original/Biere/adder_3_6/pec_adder_3_bit_6_7.dqdimacs,30,97
./benchmark_tests/original/Biere/adder_3_6/pec_adder_3_bit_6_7.dqdimacs,31,97
./benchmark_tests/original/Biere/adder_3_6/pec_adder_3_bit_6_7.dqdimacs,32,96
./benchmark_tests/original/Biere/adder_3_6/pec_adder_3_bit_6_7.dqdimacs,33,99
./benchmark_tests/original/Biere/adder_3_6/pec_adder_3_bit_6_7.dqdimacs,35,97
./benchmark_tests/original/Biere/adder_3_6/pec_adder_3_bit_6_7.dqdimacs,36,96
./benchmark_tests/original/Biere/adder_3_6/pec_adder_3_bit_6_7.dqdimacs,37,96
./benchmark_tests/original/Biere/adder_3_6/pec_adder_3_bit_6_7.dqdimacs,38,98
./benchmark_tests/original/Biere/adder_3_6/pec_adder_3_bit_6_7.dqdimacs,40,96
./benchmark_tests/original/Biere/adder_3_6/pec_adder_3_bit_6_7.dqdimacs,41,97
./benchmark_tests/original/Biere/adder_3_6/pec_adder_3_bit_6_7.dqdimacs,42,97
./benchmark_tests/original/Biere/adder_3_6/pec_adder_3_bit_6_7.dqdimacs,43,97
./benchmark_tests/original/Biere/adder_3_6/pec_adder_3_bit_6_7.dqdimacs,44,98
./benchmark_tests/original/Biere/adder_3_6/pec_adder_3_bit_6_7.dqdimacs,46,97
./benchmark_tests/original/Biere/adder_3_6/pec_adder_3_bit_6_7.dqdimacs,47,97
./benchmark_tests/original/Biere/adder_3_6/pec_adder_3_bit_6_7.dqdimacs,48,97
./benchmark_tests/original/Biere/adder_3_6/pec_adder_3_bit_6_7.dqdimacs,49,98
./benchmark_tests/original/Biere/adder_3_6/pec_adder_3_bit_6_7.dqdimacs,51,97
./benchmark_tests/original/Biere/adder_3_6/pec_adder_3_bit_6_7.dqdimacs,52,97
./benchmark_tests/original/Biere/adder_3_6/pec_adder_3_bit_6_7.dqdimacs,53,97
./benchmark_tests/original/Biere/adder_3_6/pec_adder_3_bit_6_7.dqdimacs,54,100
./benchmark_tests/original/Biere/adder_3_6/pec_adder_3_bit_6_7.dqdimacs,55,97
./benchmark_tests/original/Biere/adder_3_6/pec_adder_3_bit_6_7.dqdimacs,56,97
./benchmark_tests/original/Biere/adder_3_6/pec_adder_3_bit_6_7.dqdimacs,57,97
./benchmark_tests/original/Biere/adder_3_6/pec_adder_3_bit_6_7.dqdimacs,58,97
./benchmark_tests/original/Biere/adder_3_6/pec_adder_3_bit_6_7.dqdimacs,59,97
./benchmark_tests/original/Biere/adder_3_6/pec_adder_3_bit_6_7.dqdimacs,60,98
./benchmark_tests/original/Biere/adder_3_6/pec_adder_3_bit_6_7.dqdimacs,61,97
./benchmark_tests/original/Biere/adder_3_6/pec_adder_3_bit_6_7.dqdimacs,62,97
./benchmark_tests/original/Biere/adder_3_6/pec_adder_3_bit_6_7.dqdimacs,63,97
./benchmark_tests/original/Biere/adder_3_6/pec_adder_3_bit_6_7.dqdimacs,64,96
./benchmark_tests/original/Biere/adder_3_6/pec_adder_3_bit_6_7.dqdimacs,65,97
./benchmark_tests/original/Biere/adder_3_6/pec_adder_3_bit_6_7.dqdimacs,66,97
./benchmark_tests/original/Biere/adder_3_6/pec_adder_3_bit_6_7.dqdimacs,67,96
./benchmark_tests/original/Biere/adder_3_6/pec_adder_3_bit_6_7.dqdimacs,68,97
./benchmark_tests/original/Biere/adder_3_6/pec_adder_3_bit_6_7.dqdimacs,69,97
./benchmark_tests/original/Biere/adder_3_6/pec_adder_3_bit_6_7.dqdimacs,70,96
./benchmark_tests/original/Biere/adder_3_6/pec_adder_3_bit_6_7.dqdimacs,71,96
./benchmark_tests/original/Biere/adder_3_6/pec_adder_3_bit_6_7.dqdimacs,72,96
./benchmark_tests/original/Biere/adder_3_6/pec_adder_3_bit_6_80.dqdimacs,4,307
./benchmark_tests/original/Biere/adder_3_6/pec_adder_3_bit_6_80.dqdimacs,5,255
./benchmark_tests/original/Biere/adder_3_6/pec_adder_3_bit_6_80.dqdimacs,6,253
./benchmark_tests/original/Biere/adder_3_6/pec_adder_3_bit_6_80.dqdimacs,10,253
./benchmark_tests/original/Biere/adder_3_6/pec_adder_3_bit_6_80.dqdimacs,11,253
./benchmark_tests/original/Biere/adder_3_6/pec_adder_3_bit_6_80.dqdimacs,12,253
./benchmark_tests/original/Biere/adder_3_6/pec_adder_3_bit_6_80.dqdimacs,13,228
./benchmark_tests/original/Biere/adder_3_6/pec_adder_3_bit_6_80.dqdimacs,17,200
./benchmark_tests/original/Biere/adder_3_6/pec_adder_3_bit_6_80.dqdimacs,18,174
./benchmark_tests/original/Biere/adder_3_6/pec_adder_3_bit_6_80.dqdimacs,19,153
./benchmark_tests/original/Biere/adder_3_6/pec_adder_3_bit_6_80.dqdimacs,20,138
./benchmark_tests/original/Biere/adder_3_6/pec_adder_3_bit_6_80.dqdimacs,22,137
./benchmark_tests/original/Biere/adder_3_6/pec_adder_3_bit_6_80.dqdimacs,23,133
./benchmark_tests/original/Biere/adder_3_6/pec_adder_3_bit_6_80.dqdimacs,24,134
./benchmark_tests/original/Biere/adder_3_6/pec_adder_3_bit_6_80.dqdimacs,25,136
./benchmark_tests/original/Biere/adder_3_6/pec_adder_3_bit_6_80.dqdimacs,26,136
./benchmark_tests/original/Biere/adder_3_6/pec_adder_3_bit_6_80.dqdimacs,27,137
./benchmark_tests/original/Biere/adder_3_6/pec_adder_3_bit_6_80.dqdimacs,29,133
./benchmark_tests/original/Biere/adder_3_6/pec_adder_3_bit_6_80.dqdimacs,30,135
./benchmark_tests/original/Biere/adder_3_6/pec_adder_3_bit_6_80.dqdimacs,31,137
./benchmark_tests/original/Biere/adder_3_6/pec_adder_3_bit_6_80.dqdimacs,32,137
./benchmark_tests/original/Biere/adder_3_6/pec_adder_3_bit_6_80.dqdimacs,34,136
./benchmark_tests/original/Biere/adder_3_6/pec_adder_3_bit_6_80.dqdimacs,35,137
./benchmark_tests/original/Biere/adder_3_6/pec_adder_3_bit_6_80.dqdimacs,36,134
./benchmark_tests/original/Biere/adder_3_6/pec_adder_3_bit_6_80.dqdimacs,37,136
./benchmark_tests/original/Biere/adder_3_6/pec_adder_3_bit_6_80.dqdimacs,39,136
./benchmark_tests/original/Biere/adder_3_6/pec_adder_3_bit_6_80.dqdimacs,40,136
./benchmark_tests/original/Biere/adder_3_6/pec_adder_3_bit_6_80.dqdimacs,41,137
./benchmark_tests/original/Biere/adder_3_6/pec_adder_3_bit_6_80.dqdimacs,43,134
./benchmark_tests/original/Biere/adder_3_6/pec_adder_3_bit_6_80.dqdimacs,44,136
./benchmark_tests/original/Biere/adder_3_6/pec_adder_3_bit_6_80.dqdimacs,45,136
./benchmark_tests/original/Biere/adder_3_6/pec_adder_3_bit_6_80.dqdimacs,47,137
./benchmark_tests/original/Biere/adder_3_6/pec_adder_3_bit_6_80.dqdimacs,48,136
./benchmark_tests/original/Biere/adder_3_6/pec_adder_3_bit_6_80.dqdimacs,49,139
./benchmark_tests/original/Biere/adder_3_6/pec_adder_3_bit_6_80.dqdimacs,51,136
./benchmark_tests/original/Biere/adder_3_6/pec_adder_3_bit_6_80.dqdimacs,52,136
./benchmark_tests/original/Biere/adder_3_6/pec_adder_3_bit_6_80.dqdimacs,53,134
./benchmark_tests/original/Biere/adder_3_6/pec_adder_3_bit_6_80.dqdimacs,54,139
./benchmark_tests/original/Biere/adder_3_6/pec_adder_3_bit_6_80.dqdimacs,55,137
./benchmark_tests/original/Biere/adder_3_6/pec_adder_3_bit_6_80.dqdimacs,57,135
./benchmark_tests/original/Biere/adder_3_6/pec_adder_3_bit_6_80.dqdimacs,58,135
./benchmark_tests/original/Biere/adder_3_6/pec_adder_3_bit_6_80.dqdimacs,59,135
./benchmark_tests/original/Biere/adder_3_6/pec_adder_3_bit_6_80.dqdimacs,60,137
./benchmark_tests/original/Biere/adder_3_6/pec_adder_3_bit_6_80.dqdimacs,62,135
./benchmark_tests/original/Biere/adder_3_6/pec_adder_3_bit_6_80.dqdimacs,63,135
./benchmark_tests/original/Biere/adder_3_6/pec_adder_3_bit_6_80.dqdimacs,64,136
./benchmark_tests/original/Biere/adder_3_6/pec_adder_3_bit_6_80.dqdimacs,66,134
./benchmark_tests/original/Biere/adder_3_6/pec_adder_3_bit_6_80.dqdimacs,67,135
./benchmark_tests/original/Biere/adder_3_6/pec_adder_3_bit_6_80.dqdimacs,68,134
./benchmark_tests/original/Biere/adder_3_6/pec_adder_3_bit_6_80.dqdimacs,69,138
./benchmark_tests/original/Biere/adder_3_6/pec_adder_3_bit_6_80.dqdimacs,71,135
./benchmark_tests/original/Biere/adder_3_6/pec_adder_3_bit_6_80.dqdimacs,72,135
./benchmark_tests/original/Biere/adder_3_6/pec_adder_3_bit_6_80.dqdimacs,73,133
./benchmark_tests/original/Biere/adder_3_6/pec_adder_3_bit_6_80.dqdimacs,74,135
./benchmark_tests/original/Biere/adder_3_6/pec_adder_3_bit_6_80.dqdimacs,75,135
./benchmark_tests/original/Biere/adder_3_6/pec_adder_3_bit_6_80.dqdimacs,76,135
./benchmark_tests/original/Biere/adder_3_6/pec_adder_3_bit_6_80.dqdimacs,77,134
./benchmark_tests/original/Biere/adder_3_6/pec_adder_3_bit_6_80.dqdimacs,78,136
./benchmark_tests/original/Biere/adder_3_6/pec_adder_3_bit_6_80.dqdimacs,79,135
./benchmark_tests/original/Biere/adder_3_6/pec_adder_3_bit_6_80.dqdimacs,80,136
./benchmark_tests/original/Biere/adder_3_6/pec_adder_3_bit_6_80.dqdimacs,81,136
./benchmark_tests/original/Biere/adder_3_6/pec_adder_3_bit_6_80.dqdimacs,82,136
./benchmark_tests/original/Biere/adder_3_6/pec_adder_3_bit_6_80.dqdimacs,83,136
./benchmark_tests/original/Biere/adder_3_6/pec_adder_3_bit_6_80.dqdimacs,84,136
./benchmark_tests/original/Biere/adder_3_6/pec_adder_3_bit_6_80.dqdimacs,85,135
./benchmark_tests/original/Biere/adder_3_6/pec_adder_3_bit_6_80.dqdimacs,86,135
./benchmark_tests/original/Biere/adder_3_6/pec_adder_3_bit_6_80.dqdimacs,87,136
./benchmark_tests/original/Biere/adder_3_6/pec_adder_3_bit_6_80.dqdimacs,88,135
./benchmark_tests/original/Biere/adder_3_6/pec_adder_3_bit_6_80.dqdimacs,89,135
./benchmark_tests/original/Biere/adder_3_6/pec_adder_3_bit_6_80.dqdimacs,90,135
./benchmark_tests/original/Biere/adder_3_6/pec_adder_3_bit_6_81.dqdimacs,4,361
./benchmark_tests/original/Biere/adder_3_6/pec_adder_3_bit_6_81.dqdimacs,5,311
./benchmark_tests/original/Biere/adder_3_6/pec_adder_3_bit_6_81.dqdimacs,6,308
./benchmark_tests/original/Biere/adder_3_6/pec_adder_3_bit_6_81.dqdimacs,10,308
./benchmark_tests/original/Biere/adder_3_6/pec_adder_3_bit_6_81.dqdimacs,11,304
./benchmark_tests/original/Biere/adder_3_6/pec_adder_3_bit_6_81.dqdimacs,12,271
./benchmark_tests/original/Biere/adder_3_6/pec_adder_3_bit_6_81.dqdimacs,13,230
./benchmark_tests/original/Biere/adder_3_6/pec_adder_3_bit_6_81.dqdimacs,17,194
./benchmark_tests/original/Biere/adder_3_6/pec_adder_3_bit_6_81.dqdimacs,18,170
./benchmark_tests/original/Biere/adder_3_6/pec_adder_3_bit_6_81.dqdimacs,19,164
./benchmark_tests/original/Biere/adder_3_6/pec_adder_3_bit_6_81.dqdimacs,20,165
./benchmark_tests/original/Biere/adder_3_6/pec_adder_3_bit_6_81.dqdimacs,22,164
./benchmark_tests/original/Biere/adder_3_6/pec_adder_3_bit_6_81.dqdimacs,23,165
./benchmark_tests/original/Biere/adder_3_6/pec_adder_3_bit_6_81.dqdimacs,24,165
./benchmark_tests/original/Biere/adder_3_6/pec_adder_3_bit_6_81.dqdimacs,25,165
./benchmark_tests/original/Biere/adder_3_6/pec_adder_3_bit_6_81.dqdimacs,26,164
./benchmark_tests/original/Biere/adder_3_6/pec_adder_3_bit_6_81.dqdimacs,27,167
./benchmark_tests/original/Biere/adder_3_6/pec_adder_3_bit_6_81.dqdimacs,29,163
./benchmark_tests/original/Biere/adder_3_6/pec_adder_3_bit_6_81.dqdimacs,30,163
./benchmark_tests/original/Biere/adder_3_6/pec_adder_3_bit_6_81.dqdimacs,31,167
./benchmark_tests/original/Biere/adder_3_6/pec_adder_3_bit_6_81.dqdimacs,33,165
./benchmark_tests/original/Biere/adder_3_6/pec_adder_3_bit_6_81.dqdimacs,34,164
./benchmark_tests/original/Biere/adder_3_6/pec_adder_3_bit_6_81.dqdimacs,35,163
./benchmark_tests/original/Biere/adder_3_6/pec_adder_3_bit_6_81.dqdimacs,36,165
./benchmark_tests/original/Biere/adder_3_6/pec_adder_3_bit_6_81.dqdimacs,38,165
./benchmark_tests/original/Biere/adder_3_6/pec_adder_3_bit_6_81.dqdimacs,39,165
./benchmark_tests/original/Biere/adder_3_6/pec_adder_3_bit_6_81.dqdimacs,40,167
./benchmark_tests/original/Biere/adder_3_6/pec_adder_3_bit_6_81.dqdimacs,42,164
./benchmark_tests/original/Biere/adder_3_6/pec_adder_3_bit_6_81.dqdimacs,43,164
./benchmark_tests/original/Biere/adder_3_6/pec_adder_3_bit_6_81.dqdimacs,44,163
./benchmark_tests/original/Biere/adder_3_6/pec_adder_3_bit_6_81.dqdimacs,45,164
./benchmark_tests/original/Biere/adder_3_6/pec_adder_3_bit_6_81.dqdimacs,47,164
./benchmark_tests/original/Biere/adder_3_6/pec_adder_3_bit_6_81.dqdimacs,48,163
./benchmark_tests/original/Biere/adder_3_6/pec_adder_3_bit_6_81.dqdimacs,49,165
./benchmark_tests/original/Biere/adder_3_6/pec_adder_3_bit_6_81.dqdimacs,50,164
./benchmark_tests/original/Biere/adder_3_6/pec_adder_3_bit_6_81.dqdimacs,51,164
./benchmark_tests/original/Biere/adder_3_6/pec_adder_3_bit_6_81.dqdimacs,52,167
./benchmark_tests/original/Biere/adder_3_6/pec_adder_3_bit_6_81.dqdimacs,54,165
./benchmark_tests/original/Biere/adder_3_6/pec_adder_3_bit_6_81.dqdimacs,55,164
./benchmark_tests/original/Biere/adder_3_6/pec_adder_3_bit_6_81.dqdimacs,56,164
./benchmark_tests/original/Biere/adder_3_6/pec_adder_3_bit_6_81.dqdimacs,57,166
./benchmark_tests/original/Biere/adder_3_6/pec_adder_3_bit_6_81.dqdimacs,59,164
./benchmark_tests/original/Biere/adder_3_6/pec_adder_3_bit_6_81.dqdimacs,60,162
./benchmark_tests/original/Biere/adder_3_6/pec_adder_3_bit_6_81.dqdimacs,61,163
./benchmark_tests/original/Biere/adder_3_6/pec_adder_3_bit_6_81.dqdimacs,62,167
./benchmark_tests/original/Biere/adder_3_6/pec_adder_3_bit_6_81.dqdimacs,63,163
./benchmark_tests/original/Biere/adder_3_6/pec_adder_3_bit_6_81.dqdimacs,64,162
./benchmark_tests/original/Biere/adder_3_6/pec_adder_3_bit_6_81.dqdimacs,65,163
./benchmark_tests/original/Biere/adder_3_6/pec_adder_3_bit_6_81.dqdimacs,66,163
./benchmark_tests/original/Biere/adder_3_6/pec_adder_3_bit_6_81.dqdimacs,67,164
./benchmark_tests/original/Biere/adder_3_6/pec_adder_3_bit_6_81.dqdimacs,68,163
./benchmark_tests/original/Biere/adder_3_6/pec_adder_3_bit_6_81.dqdimacs,69,162
./benchmark_tests/original/Biere/adder_3_6/pec_adder_3_bit_6_81.dqdimacs,70,162
./benchmark_tests/original/Biere/adder_3_6/pec_adder_3_bit_6_81.dqdimacs,71,162
./benchmark_tests/original/Biere/adder_3_6/pec_adder_3_bit_6_81.dqdimacs,72,163
./benchmark_tests/original/Biere/adder_3_6/pec_adder_3_bit_6_81.dqdimacs,73,163
./benchmark_tests/original/Biere/adder_3_6/pec_adder_3_bit_6_81.dqdimacs,74,163
./benchmark_tests/original/Biere/adder_3_6/pec_adder_3_bit_6_81.dqdimacs,75,163
./benchmark_tests/original/Biere/adder_3_6/pec_adder_3_bit_6_81.dqdimacs,76,163
./benchmark_tests/original/Biere/adder_3_6/pec_adder_3_bit_6_81.dqdimacs,77,162
./benchmark_tests/original/Biere/adder_3_6/pec_adder_3_bit_6_81.dqdimacs,78,163
./benchmark_tests/original/Biere/adder_3_6/pec_adder_3_bit_6_81.dqdimacs,79,162
./benchmark_tests/original/Biere/adder_3_6/pec_adder_3_bit_6_82.dqdimacs,4,311
./benchmark_tests/original/Biere/adder_3_6/pec_adder_3_bit_6_82.dqdimacs,5,260
./benchmark_tests/original/Biere/adder_3_6/pec_adder_3_bit_6_82.dqdimacs,6,255
./benchmark_tests/original/Biere/adder_3_6/pec_adder_3_bit_6_82.dqdimacs,10,257
./benchmark_tests/original/Biere/adder_3_6/pec_adder_3_bit_6_82.dqdimacs,11,257
./benchmark_tests/original/Biere/adder_3_6/pec_adder_3_bit_6_82.dqdimacs,12,251
./benchmark_tests/original/Biere/adder_3_6/pec_adder_3_bit_6_82.dqdimacs,13,227
./benchmark_tests/original/Biere/adder_3_6/pec_adder_3_bit_6_82.dqdimacs,17,199
./benchmark_tests/original/Biere/adder_3_6/pec_adder_3_bit_6_82.dqdimacs,18,174
./benchmark_tests/original/Biere/adder_3_6/pec_adder_3_bit_6_82.dqdimacs,19,155
./benchmark_tests/original/Biere/adder_3_6/pec_adder_3_bit_6_82.dqdimacs,20,142
./benchmark_tests/original/Biere/adder_3_6/pec_adder_3_bit_6_82.dqdimacs,22,139
./benchmark_tests/original/Biere/adder_3_6/pec_adder_3_bit_6_82.dqdimacs,23,138
./benchmark_tests/original/Biere/adder_3_6/pec_adder_3_bit_6_82.dqdimacs,24,139
./benchmark_tests/original/Biere/adder_3_6/pec_adder_3_bit_6_82.dqdimacs,25,139
./benchmark_tests/original/Biere/adder_3_6/pec_adder_3_bit_6_82.dqdimacs,26,139
./benchmark_tests/original/Biere/adder_3_6/pec_adder_3_bit_6_82.dqdimacs,27,141
./benchmark_tests/original/Biere/adder_3_6/pec_adder_3_bit_6_82.dqdimacs,29,138
./benchmark_tests/original/Biere/adder_3_6/pec_adder_3_bit_6_82.dqdimacs,30,139
./benchmark_tests/original/Biere/adder_3_6/pec_adder_3_bit_6_82.dqdimacs,31,140
./benchmark_tests/original/Biere/adder_3_6/pec_adder_3_bit_6_82.dqdimacs,33,137
./benchmark_tests/original/Biere/adder_3_6/pec_adder_3_bit_6_82.dqdimacs,34,138
./benchmark_tests/original/Biere/adder_3_6/pec_adder_3_bit_6_82.dqdimacs,35,141
./benchmark_tests/original/Biere/adder_3_6/pec_adder_3_bit_6_82.dqdimacs,37,138
./benchmark_tests/original/Biere/adder_3_6/pec_adder_3_bit_6_82.dqdimacs,38,138
./benchmark_tests/original/Biere/adder_3_6/pec_adder_3_bit_6_82.dqdimacs,39,140
./benchmark_tests/original/Biere/adder_3_6/pec_adder_3_bit_6_82.dqdimacs,41,138
./benchmark_tests/original/Biere/adder_3_6/pec_adder_3_bit_6_82.dqdimacs,42,137
./benchmark_tests/original/Biere/adder_3_6/pec_adder_3_bit_6_82.dqdimacs,43,140
./benchmark_tests/original/Biere/adder_3_6/pec_adder_3_bit_6_82.dqdimacs,45,139
./benchmark_tests/original/Biere/adder_3_6/pec_adder_3_bit_6_82.dqdimacs,46,138
./benchmark_tests/original/Biere/adder_3_6/pec_adder_3_bit_6_82.dqdimacs,47,142
./benchmark_tests/original/Biere/adder_3_6/pec_adder_3_bit_6_82.dqdimacs,49,138
./benchmark_tests/original/Biere/adder_3_6/pec_adder_3_bit_6_82.dqdimacs,50,138
./benchmark_tests/original/Biere/adder_3_6/pec_adder_3_bit_6_82.dqdimacs,51,142
./benchmark_tests/original/Biere/adder_3_6/pec_adder_3_bit_6_82.dqdimacs,53,139
./benchmark_tests/original/Biere/adder_3_6/pec_adder_3_bit_6_82.dqdimacs,54,138
./benchmark_tests/original/Biere/adder_3_6/pec_adder_3_bit_6_82.dqdimacs,55,141
./benchmark_tests/original/Biere/adder_3_6/pec_adder_3_bit_6_82.dqdimacs,57,138
./benchmark_tests/original/Biere/adder_3_6/pec_adder_3_bit_6_82.dqdimacs,58,137
./benchmark_tests/original/Biere/adder_3_6/pec_adder_3_bit_6_82.dqdimacs,59,141
./benchmark_tests/original/Biere/adder_3_6/pec_adder_3_bit_6_82.dqdimacs,61,138
./benchmark_tests/original/Biere/adder_3_6/pec_adder_3_bit_6_82.dqdimacs,62,138
./benchmark_tests/original/Biere/adder_3_6/pec_adder_3_bit_6_82.dqdimacs,63,137
./benchmark_tests/original/Biere/adder_3_6/pec_adder_3_bit_6_82.dqdimacs,64,138
./benchmark_tests/original/Biere/adder_3_6/pec_adder_3_bit_6_82.dqdimacs,65,141
./benchmark_tests/original/Biere/adder_3_6/pec_adder_3_bit_6_82.dqdimacs,67,138
./benchmark_tests/original/Biere/adder_3_6/pec_adder_3_bit_6_82.dqdimacs,68,138
./benchmark_tests/original/Biere/adder_3_6/pec_adder_3_bit_6_82.dqdimacs,69,142
./benchmark_tests/original/Biere/adder_3_6/pec_adder_3_bit_6_82.dqdimacs,71,139
./benchmark_tests/original/Biere/adder_3_6/pec_adder_3_bit_6_82.dqdimacs,72,139
./benchmark_tests/original/Biere/adder_3_6/pec_adder_3_bit_6_82.dqdimacs,73,142
./benchmark_tests/original/Biere/adder_3_6/pec_adder_3_bit_6_82.dqdimacs,75,139
./benchmark_tests/original/Biere/adder_3_6/pec_adder_3_bit_6_82.dqdimacs,76,138
./benchmark_tests/original/Biere/adder_3_6/pec_adder_3_bit_6_82.dqdimacs,77,142
./benchmark_tests/original/Biere/adder_3_6/pec_adder_3_bit_6_82.dqdimacs,79,138
./benchmark_tests/original/Biere/adder_3_6/pec_adder_3_bit_6_82.dqdimacs,80,139
./benchmark_tests/original/Biere/adder_3_6/pec_adder_3_bit_6_82.dqdimacs,81,139
./benchmark_tests/original/Biere/adder_3_6/pec_adder_3_bit_6_82.dqdimacs,82,141
./benchmark_tests/original/Biere/adder_3_6/pec_adder_3_bit_6_82.dqdimacs,84,138
./benchmark_tests/original/Biere/adder_3_6/pec_adder_3_bit_6_82.dqdimacs,85,139
./benchmark_tests/original/Biere/adder_3_6/pec_adder_3_bit_6_82.dqdimacs,86,139
./benchmark_tests/original/Biere/adder_3_6/pec_adder_3_bit_6_82.dqdimacs,87,141
./benchmark_tests/original/Biere/adder_3_6/pec_adder_3_bit_6_82.dqdimacs,88,138
./benchmark_tests/original/Biere/adder_3_6/pec_adder_3_bit_6_82.dqdimacs,89,139
./benchmark_tests/original/Biere/adder_3_6/pec_adder_3_bit_6_82.dqdimacs,90,138
./benchmark_tests/original/Biere/adder_3_6/pec_adder_3_bit_6_82.dqdimacs,91,139
./benchmark_tests/original/Biere/adder_3_6/pec_adder_3_bit_6_82.dqdimacs,92,139
./benchmark_tests/original/Biere/adder_3_6/pec_adder_3_bit_6_82.dqdimacs,93,138
./benchmark_tests/original/Biere/adder_3_6/pec_adder_3_bit_6_82.dqdimacs,94,138
./benchmark_tests/original/Biere/adder_3_6/pec_adder_3_bit_6_82.dqdimacs,95,139
./benchmark_tests/original/Biere/adder_3_6/pec_adder_3_bit_6_82.dqdimacs,96,138
./benchmark_tests/original/Biere/adder_3_6/pec_adder_3_bit_6_82.dqdimacs,97,138
./benchmark_tests/original/Biere/adder_3_6/pec_adder_3_bit_6_82.dqdimacs,98,138
./benchmark_tests/original/Biere/adder_3_6/pec_adder_3_bit_6_82.dqdimacs,99,139
./benchmark_tests/original/Biere/adder_3_6/pec_adder_3_bit_6_82.dqdimacs,100,139
./benchmark_tests/original/Biere/adder_3_6/pec_adder_3_bit_6_82.dqdimacs,101,139
./benchmark_tests/original/Biere/adder_3_6/pec_adder_3_bit_6_82.dqdimacs,102,138
./benchmark_tests/original/Biere/adder_3_6/pec_adder_3_bit_6_82.dqdimacs,103,138
./benchmark_tests/original/Biere/adder_3_6/pec_adder_3_bit_6_82.dqdimacs,104,138
./benchmark_tests/original/Biere/adder_3_6/pec_adder_3_bit_6_82.dqdimacs,105,138
./benchmark_tests/original/Biere/adder_3_6/pec_adder_3_bit_6_83.dqdimacs,4,245
./benchmark_tests/original/Biere/adder_3_6/pec_adder_3_bit_6_83.dqdimacs,5,194
./benchmark_tests/original/Biere/adder_3_6/pec_adder_3_bit_6_83.dqdimacs,6,194
./benchmark_tests/original/Biere/adder_3_6/pec_adder_3_bit_6_83.dqdimacs,10,194
./benchmark_tests/original/Biere/adder_3_6/pec_adder_3_bit_6_83.dqdimacs,11,192
./benchmark_tests/original/Biere/adder_3_6/pec_adder_3_bit_6_83.dqdimacs,12,192
./benchmark_tests/original/Biere/adder_3_6/pec_adder_3_bit_6_83.dqdimacs,13,192
./benchmark_tests/original/Biere/adder_3_6/pec_adder_3_bit_6_83.dqdimacs,17,187
./benchmark_tests/original/Biere/adder_3_6/pec_adder_3_bit_6_83.dqdimacs,18,174
./benchmark_tests/original/Biere/adder_3_6/pec_adder_3_bit_6_83.dqdimacs,19,157
./benchmark_tests/original/Biere/adder_3_6/pec_adder_3_bit_6_83.dqdimacs,20,143
./benchmark_tests/original/Biere/adder_3_6/pec_adder_3_bit_6_83.dqdimacs,22,128
./benchmark_tests/original/Biere/adder_3_6/pec_adder_3_bit_6_83.dqdimacs,23,117
./benchmark_tests/original/Biere/adder_3_6/pec_adder_3_bit_6_83.dqdimacs,24,108
./benchmark_tests/original/Biere/adder_3_6/pec_adder_3_bit_6_83.dqdimacs,25,104
./benchmark_tests/original/Biere/adder_3_6/pec_adder_3_bit_6_83.dqdimacs,26,104
./benchmark_tests/original/Biere/adder_3_6/pec_adder_3_bit_6_83.dqdimacs,27,106
./benchmark_tests/original/Biere/adder_3_6/pec_adder_3_bit_6_83.dqdimacs,29,104
./benchmark_tests/original/Biere/adder_3_6/pec_adder_3_bit_6_83.dqdimacs,30,104
./benchmark_tests/original/Biere/adder_3_6/pec_adder_3_bit_6_83.dqdimacs,31,105
./benchmark_tests/original/Biere/adder_3_6/pec_adder_3_bit_6_83.dqdimacs,33,102
./benchmark_tests/original/Biere/adder_3_6/pec_adder_3_bit_6_83.dqdimacs,34,104
./benchmark_tests/original/Biere/adder_3_6/pec_adder_3_bit_6_83.dqdimacs,35,106
./benchmark_tests/original/Biere/adder_3_6/pec_adder_3_bit_6_83.dqdimacs,37,104
./benchmark_tests/original/Biere/adder_3_6/pec_adder_3_bit_6_83.dqdimacs,38,103
./benchmark_tests/original/Biere/adder_3_6/pec_adder_3_bit_6_83.dqdimacs,39,106
./benchmark_tests/original/Biere/adder_3_6/pec_adder_3_bit_6_83.dqdimacs,41,104
./benchmark_tests/original/Biere/adder_3_6/pec_adder_3_bit_6_83.dqdimacs,42,103
./benchmark_tests/original/Biere/adder_3_6/pec_adder_3_bit_6_83.dqdimacs,43,106
./benchmark_tests/original/Biere/adder_3_6/pec_adder_3_bit_6_83.dqdimacs,45,104
./benchmark_tests/original/Biere/adder_3_6/pec_adder_3_bit_6_83.dqdimacs,46,103
./benchmark_tests/original/Biere/adder_3_6/pec_adder_3_bit_6_83.dqdimacs,47,104
./benchmark_tests/original/Biere/adder_3_6/pec_adder_3_bit_6_83.dqdimacs,48,107
./benchmark_tests/original/Biere/adder_3_6/pec_adder_3_bit_6_83.dqdimacs,50,104
./benchmark_tests/original/Biere/adder_3_6/pec_adder_3_bit_6_83.dqdimacs,51,104
./benchmark_tests/original/Biere/adder_3_6/pec_adder_3_bit_6_83.dqdimacs,52,107
./benchmark_tests/original/Biere/adder_3_6/pec_adder_3_bit_6_83.dqdimacs,54,103
./benchmark_tests/original/Biere/adder_3_6/pec_adder_3_bit_6_83.dqdimacs,55,103
./benchmark_tests/original/Biere/adder_3_6/pec_adder_3_bit_6_83.dqdimacs,56,107
./benchmark_tests/original/Biere/adder_3_6/pec_adder_3_bit_6_83.dqdimacs,58,104
./benchmark_tests/original/Biere/adder_3_6/pec_adder_3_bit_6_83.dqdimacs,59,104
./benchmark_tests/original/Biere/adder_3_6/pec_adder_3_bit_6_83.dqdimacs,60,107
./benchmark_tests/original/Biere/adder_3_6/pec_adder_3_bit_6_83.dqdimacs,62,102
./benchmark_tests/original/Biere/adder_3_6/pec_adder_3_bit_6_83.dqdimacs,63,102
./benchmark_tests/original/Biere/adder_3_6/pec_adder_3_bit_6_83.dqdimacs,64,103
./benchmark_tests/original/Biere/adder_3_6/pec_adder_3_bit_6_83.dqdimacs,65,103
./benchmark_tests/original/Biere/adder_3_6/pec_adder_3_bit_6_83.dqdimacs,66,107
./benchmark_tests/original/Biere/adder_3_6/pec_adder_3_bit_6_83.dqdimacs,68,103
./benchmark_tests/original/Biere/adder_3_6/pec_adder_3_bit_6_83.dqdimacs,69,103
./benchmark_tests/original/Biere/adder_3_6/pec_adder_3_bit_6_83.dqdimacs,70,106
./benchmark_tests/original/Biere/adder_3_6/pec_adder_3_bit_6_83.dqdimacs,72,103
./benchmark_tests/original/Biere/adder_3_6/pec_adder_3_bit_6_83.dqdimacs,73,103
./benchmark_tests/original/Biere/adder_3_6/pec_adder_3_bit_6_83.dqdimacs,74,103
./benchmark_tests/original/Biere/adder_3_6/pec_adder_3_bit_6_83.dqdimacs,75,106
./benchmark_tests/original/Biere/adder_3_6/pec_adder_3_bit_6_83.dqdimacs,77,103
./benchmark_tests/original/Biere/adder_3_6/pec_adder_3_bit_6_83.dqdimacs,78,103
./benchmark_tests/original/Biere/adder_3_6/pec_adder_3_bit_6_83.dqdimacs,79,104
./benchmark_tests/original/Biere/adder_3_6/pec_adder_3_bit_6_83.dqdimacs,80,107
./benchmark_tests/original/Biere/adder_3_6/pec_adder_3_bit_6_83.dqdimacs,81,104
./benchmark_tests/original/Biere/adder_3_6/pec_adder_3_bit_6_83.dqdimacs,82,104
./benchmark_tests/original/Biere/adder_3_6/pec_adder_3_bit_6_83.dqdimacs,83,104
./benchmark_tests/original/Biere/adder_3_6/pec_adder_3_bit_6_83.dqdimacs,84,104
./benchmark_tests/original/Biere/adder_3_6/pec_adder_3_bit_6_83.dqdimacs,85,104
./benchmark_tests/original/Biere/adder_3_6/pec_adder_3_bit_6_83.dqdimacs,86,103
./benchmark_tests/original/Biere/adder_3_6/pec_adder_3_bit_6_83.dqdimacs,87,103
./benchmark_tests/original/Biere/adder_3_6/pec_adder_3_bit_6_83.dqdimacs,88,104
./benchmark_tests/original/Biere/adder_3_6/pec_adder_3_bit_6_83.dqdimacs,89,104
./benchmark_tests/original/Biere/adder_3_6/pec_adder_3_bit_6_83.dqdimacs,90,103
./benchmark_tests/original/Biere/adder_3_6/pec_adder_3_bit_6_83.dqdimacs,91,103
./benchmark_tests/original/Biere/adder_3_6/pec_adder_3_bit_6_83.dqdimacs,92,103
./benchmark_tests/original/Biere/adder_3_6/pec_adder_3_bit_6_83.dqdimacs,93,104
./benchmark_tests/original/Biere/adder_3_6/pec_adder_3_bit_6_83.dqdimacs,94,104
./benchmark_tests/original/Biere/adder_3_6/pec_adder_3_bit_6_83.dqdimacs,95,103
./benchmark_tests/original/Biere/adder_3_6/pec_adder_3_bit_6_83.dqdimacs,96,103
./benchmark_tests/original/Biere/adder_3_6/pec_adder_3_bit_6_83.dqdimacs,97,104
./benchmark_tests/original/Biere/adder_3_6/pec_adder_3_bit_6_84.dqdimacs,4,187
./benchmark_tests/original/Biere/adder_3_6/pec_adder_3_bit_6_84.dqdimacs,5,137
./benchmark_tests/original/Biere/adder_3_6/pec_adder_3_bit_6_84.dqdimacs,6,136
./benchmark_tests/original/Biere/adder_3_6/pec_adder_3_bit_6_84.dqdimacs,10,137
./benchmark_tests/original/Biere/adder_3_6/pec_adder_3_bit_6_84.dqdimacs,11,138
./benchmark_tests/original/Biere/adder_3_6/pec_adder_3_bit_6_84.dqdimacs,12,138
./benchmark_tests/original/Biere/adder_3_6/pec_adder_3_bit_6_84.dqdimacs,13,138
./benchmark_tests/original/Biere/adder_3_6/pec_adder_3_bit_6_84.dqdimacs,17,137
./benchmark_tests/original/Biere/adder_3_6/pec_adder_3_bit_6_84.dqdimacs,18,135
./benchmark_tests/original/Biere/adder_3_6/pec_adder_3_bit_6_84.dqdimacs,19,136
./benchmark_tests/original/Biere/adder_3_6/pec_adder_3_bit_6_84.dqdimacs,20,134
./benchmark_tests/original/Biere/adder_3_6/pec_adder_3_bit_6_84.dqdimacs,22,127
./benchmark_tests/original/Biere/adder_3_6/pec_adder_3_bit_6_84.dqdimacs,23,119
./benchmark_tests/original/Biere/adder_3_6/pec_adder_3_bit_6_84.dqdimacs,24,110
./benchmark_tests/original/Biere/adder_3_6/pec_adder_3_bit_6_84.dqdimacs,25,104
./benchmark_tests/original/Biere/adder_3_6/pec_adder_3_bit_6_84.dqdimacs,26,96
./benchmark_tests/original/Biere/adder_3_6/pec_adder_3_bit_6_84.dqdimacs,27,91
./benchmark_tests/original/Biere/adder_3_6/pec_adder_3_bit_6_84.dqdimacs,29,84
./benchmark_tests/original/Biere/adder_3_6/pec_adder_3_bit_6_84.dqdimacs,30,79
./benchmark_tests/original/Biere/adder_3_6/pec_adder_3_bit_6_84.dqdimacs,31,77
./benchmark_tests/original/Biere/adder_3_6/pec_adder_3_bit_6_84.dqdimacs,33,73
./benchmark_tests/original/Biere/adder_3_6/pec_adder_3_bit_6_84.dqdimacs,34,74
./benchmark_tests/original/Biere/adder_3_6/pec_adder_3_bit_6_84.dqdimacs,35,76
./benchmark_tests/original/Biere/adder_3_6/pec_adder_3_bit_6_84.dqdimacs,37,74
./benchmark_tests/original/Biere/adder_3_6/pec_adder_3_bit_6_84.dqdimacs,38,73
./benchmark_tests/original/Biere/adder_3_6/pec_adder_3_bit_6_84.dqdimacs,39,73
./benchmark_tests/original/Biere/adder_3_6/pec_adder_3_bit_6_84.dqdimacs,40,74
./benchmark_tests/original/Biere/adder_3_6/pec_adder_3_bit_6_84.dqdimacs,42,73
./benchmark_tests/original/Biere/adder_3_6/pec_adder_3_bit_6_84.dqdimacs,43,74
./benchmark_tests/original/Biere/adder_3_6/pec_adder_3_bit_6_84.dqdimacs,44,75
./benchmark_tests/original/Biere/adder_3_6/pec_adder_3_bit_6_84.dqdimacs,46,73
./benchmark_tests/original/Biere/adder_3_6/pec_adder_3_bit_6_84.dqdimacs,47,74
./benchmark_tests/original/Biere/adder_3_6/pec_adder_3_bit_6_84.dqdimacs,48,75
./benchmark_tests/original/Biere/adder_3_6/pec_adder_3_bit_6_84.dqdimacs,50,74
./benchmark_tests/original/Biere/adder_3_6/pec_adder_3_bit_6_84.dqdimacs,51,74
./benchmark_tests/original/Biere/adder_3_6/pec_adder_3_bit_6_84.dqdimacs,52,73
./benchmark_tests/original/Biere/adder_3_6/pec_adder_3_bit_6_84.dqdimacs,53,73
./benchmark_tests/original/Biere/adder_3_6/pec_adder_3_bit_6_84.dqdimacs,54,74
./benchmark_tests/original/Biere/adder_3_6/pec_adder_3_bit_6_84.dqdimacs,55,75
./benchmark_tests/original/Biere/adder_3_6/pec_adder_3_bit_6_84.dqdimacs,57,74
./benchmark_tests/original/Biere/adder_3_6/pec_adder_3_bit_6_84.dqdimacs,58,74
./benchmark_tests/original/Biere/adder_3_6/pec_adder_3_bit_6_84.dqdimacs,59,74
./benchmark_tests/original/Biere/adder_3_6/pec_adder_3_bit_6_84.dqdimacs,61,73
./benchmark_tests/original/Biere/adder_3_6/pec_adder_3_bit_6_84.dqdimacs,62,73
./benchmark_tests/original/Biere/adder_3_6/pec_adder_3_bit_6_84.dqdimacs,63,75
./benchmark_tests/original/Biere/adder_3_6/pec_adder_3_bit_6_84.dqdimacs,65,73
./benchmark_tests/original/Biere/adder_3_6/pec_adder_3_bit_6_84.dqdimacs,66,74
./benchmark_tests/original/Biere/adder_3_6/pec_adder_3_bit_6_84.dqdimacs,67,75
./benchmark_tests/original/Biere/adder_3_6/pec_adder_3_bit_6_84.dqdimacs,69,73
./benchmark_tests/original/Biere/adder_3_6/pec_adder_3_bit_6_84.dqdimacs,70,73
./benchmark_tests/original/Biere/adder_3_6/pec_adder_3_bit_6_84.dqdimacs,71,73
./benchmark_tests/original/Biere/adder_3_6/pec_adder_3_bit_6_84.dqdimacs,72,75
./benchmark_tests/original/Biere/adder_3_6/pec_adder_3_bit_6_84.dqdimacs,74,73
./benchmark_tests/original/Biere/adder_3_6/pec_adder_3_bit_6_84.dqdimacs,75,74
./benchmark_tests/original/Biere/adder_3_6/pec_adder_3_bit_6_84.dqdimacs,76,74
./benchmark_tests/original/Biere/adder_3_6/pec_adder_3_bit_6_84.dqdimacs,77,74
./benchmark_tests/original/Biere/adder_3_6/pec_adder_3_bit_6_84.dqdimacs,78,73
./benchmark_tests/original/Biere/adder_3_6/pec_adder_3_bit_6_84.dqdimacs,79,73
./benchmark_tests/original/Biere/adder_3_6/pec_adder_3_bit_6_84.dqdimacs,80,74
./benchmark_tests/original/Biere/adder_3_6/pec_adder_3_bit_6_84.dqdimacs,81,74
./benchmark_tests/original/Biere/adder_3_6/pec_adder_3_bit_6_84.dqdimacs,82,73
./benchmark_tests/original/Biere/adder_3_6/pec_adder_3_bit_6_84.dqdimacs,83,74
./benchmark_tests/original/Biere/adder_3_6/pec_adder_3_bit_6_84.dqdimacs,84,74
./benchmark_tests/original/Biere/adder_3_6/pec_adder_3_bit_6_84.dqdimacs,85,74
./benchmark_tests/original/Biere/adder_3_6/pec_adder_3_bit_6_84.dqdimacs,86,74
./benchmark_tests/original/Biere/adder_3_6/pec_adder_3_bit_6_84.dqdimacs,87,74
./benchmark_tests/original/Biere/adder_3_6/pec_adder_3_bit_6_84.dqdimacs,88,74
./benchmark_tests/original/Biere/adder_3_6/pec_adder_3_bit_6_84.dqdimacs,89,74
./benchmark_tests/original/Biere/adder_3_6/pec_adder_3_bit_6_84.dqdimacs,90,74
./benchmark_tests/original/Biere/adder_3_6/pec_adder_3_bit_6_84.dqdimacs,91,74
./benchmark_tests/original/Biere/adder_3_6/pec_adder_3_bit_6_84.dqdimacs,92,73
./benchmark_tests/original/Biere/adder_3_6/pec_adder_3_bit_6_84.dqdimacs,93,73
./benchmark_tests/original/Biere/adder_3_6/pec_adder_3_bit_6_84.dqdimacs,94,74
./benchmark_tests/original/Biere/adder_3_6/pec_adder_3_bit_6_85.dqdimacs,4,162
./benchmark_tests/original/Biere/adder_3_6/pec_adder_3_bit_6_85.dqdimacs,5,111
./benchmark_tests/original/Biere/adder_3_6/pec_adder_3_bit_6_85.dqdimacs,6,108
./benchmark_tests/original/Biere/adder_3_6/pec_adder_3_bit_6_85.dqdimacs,10,109
./benchmark_tests/original/Biere/adder_3_6/pec_adder_3_bit_6_85.dqdimacs,11,108
./benchmark_tests/original/Biere/adder_3_6/pec_adder_3_bit_6_85.dqdimacs,12,110
./benchmark_tests/original/Biere/adder_3_6/pec_adder_3_bit_6_85.dqdimacs,13,109
./benchmark_tests/original/Biere/adder_3_6/pec_adder_3_bit_6_85.dqdimacs,17,108
./benchmark_tests/original/Biere/adder_3_6/pec_adder_3_bit_6_85.dqdimacs,18,110
./benchmark_tests/original/Biere/adder_3_6/pec_adder_3_bit_6_85.dqdimacs,19,110
./benchmark_tests/original/Biere/adder_3_6/pec_adder_3_bit_6_85.dqdimacs,20,110
./benchmark_tests/original/Biere/adder_3_6/pec_adder_3_bit_6_85.dqdimacs,22,110
./benchmark_tests/original/Biere/adder_3_6/pec_adder_3_bit_6_85.dqdimacs,23,109
./benchmark_tests/original/Biere/adder_3_6/pec_adder_3_bit_6_85.dqdimacs,24,104
./benchmark_tests/original/Biere/adder_3_6/pec_adder_3_bit_6_85.dqdimacs,25,100
./benchmark_tests/original/Biere/adder_3_6/pec_adder_3_bit_6_85.dqdimacs,26,95
./benchmark_tests/original/Biere/adder_3_6/pec_adder_3_bit_6_85.dqdimacs,27,94
./benchmark_tests/original/Biere/adder_3_6/pec_adder_3_bit_6_85.dqdimacs,29,85
./benchmark_tests/original/Biere/adder_3_6/pec_adder_3_bit_6_85.dqdimacs,30,80
./benchmark_tests/original/Biere/adder_3_6/pec_adder_3_bit_6_85.dqdimacs,31,75
./benchmark_tests/original/Biere/adder_3_6/pec_adder_3_bit_6_85.dqdimacs,32,73
./benchmark_tests/original/Biere/adder_3_6/pec_adder_3_bit_6_85.dqdimacs,34,68
./benchmark_tests/original/Biere/adder_3_6/pec_adder_3_bit_6_85.dqdimacs,35,65
./benchmark_tests/original/Biere/adder_3_6/pec_adder_3_bit_6_85.dqdimacs,36,62
./benchmark_tests/original/Biere/adder_3_6/pec_adder_3_bit_6_85.dqdimacs,37,61
./benchmark_tests/original/Biere/adder_3_6/pec_adder_3_bit_6_85.dqdimacs,39,58
./benchmark_tests/original/Biere/adder_3_6/pec_adder_3_bit_6_85.dqdimacs,40,59
./benchmark_tests/original/Biere/adder_3_6/pec_adder_3_bit_6_85.dqdimacs,41,61
./benchmark_tests/original/Biere/adder_3_6/pec_adder_3_bit_6_85.dqdimacs,43,58
./benchmark_tests/original/Biere/adder_3_6/pec_adder_3_bit_6_85.dqdimacs,44,58
./benchmark_tests/original/Biere/adder_3_6/pec_adder_3_bit_6_85.dqdimacs,45,60
./benchmark_tests/original/Biere/adder_3_6/pec_adder_3_bit_6_85.dqdimacs,47,58
./benchmark_tests/original/Biere/adder_3_6/pec_adder_3_bit_6_85.dqdimacs,48,58
./benchmark_tests/original/Biere/adder_3_6/pec_adder_3_bit_6_85.dqdimacs,49,59
./benchmark_tests/original/Biere/adder_3_6/pec_adder_3_bit_6_85.dqdimacs,50,61
./benchmark_tests/original/Biere/adder_3_6/pec_adder_3_bit_6_85.dqdimacs,52,59
./benchmark_tests/original/Biere/adder_3_6/pec_adder_3_bit_6_85.dqdimacs,53,58
./benchmark_tests/original/Biere/adder_3_6/pec_adder_3_bit_6_85.dqdimacs,54,60
./benchmark_tests/original/Biere/adder_3_6/pec_adder_3_bit_6_85.dqdimacs,56,58
./benchmark_tests/original/Biere/adder_3_6/pec_adder_3_bit_6_85.dqdimacs,57,58
./benchmark_tests/original/Biere/adder_3_6/pec_adder_3_bit_6_85.dqdimacs,58,58
./benchmark_tests/original/Biere/adder_3_6/pec_adder_3_bit_6_85.dqdimacs,59,61
./benchmark_tests/original/Biere/adder_3_6/pec_adder_3_bit_6_85.dqdimacs,61,59
./benchmark_tests/original/Biere/adder_3_6/pec_adder_3_bit_6_85.dqdimacs,62,59
./benchmark_tests/original/Biere/adder_3_6/pec_adder_3_bit_6_85.dqdimacs,63,60
./benchmark_tests/original/Biere/adder_3_6/pec_adder_3_bit_6_85.dqdimacs,65,58
./benchmark_tests/original/Biere/adder_3_6/pec_adder_3_bit_6_85.dqdimacs,66,58
./benchmark_tests/original/Biere/adder_3_6/pec_adder_3_bit_6_85.dqdimacs,67,60
./benchmark_tests/original/Biere/adder_3_6/pec_adder_3_bit_6_85.dqdimacs,68,58
./benchmark_tests/original/Biere/adder_3_6/pec_adder_3_bit_6_85.dqdimacs,69,59
./benchmark_tests/original/Biere/adder_3_6/pec_adder_3_bit_6_85.dqdimacs,70,59
./benchmark_tests/original/Biere/adder_3_6/pec_adder_3_bit_6_85.dqdimacs,71,59
./benchmark_tests/original/Biere/adder_3_6/pec_adder_3_bit_6_85.dqdimacs,72,58
./benchmark_tests/original/Biere/adder_3_6/pec_adder_3_bit_6_85.dqdimacs,73,57
./benchmark_tests/original/Biere/adder_3_6/pec_adder_3_bit_6_85.dqdimacs,74,57
./benchmark_tests/original/Biere/adder_3_6/pec_adder_3_bit_6_85.dqdimacs,75,58
./benchmark_tests/original/Biere/adder_3_6/pec_adder_3_bit_6_85.dqdimacs,76,58
./benchmark_tests/original/Biere/adder_3_6/pec_adder_3_bit_6_85.dqdimacs,77,58
./benchmark_tests/original/Biere/adder_3_6/pec_adder_3_bit_6_85.dqdimacs,78,60
./benchmark_tests/original/Biere/adder_3_6/pec_adder_3_bit_6_85.dqdimacs,79,59
./benchmark_tests/original/Biere/adder_3_6/pec_adder_3_bit_6_85.dqdimacs,80,60
./benchmark_tests/original/Biere/adder_3_6/pec_adder_3_bit_6_85.dqdimacs,81,59
./benchmark_tests/original/Biere/adder_3_6/pec_adder_3_bit_6_85.dqdimacs,82,59
./benchmark_tests/original/Biere/adder_3_6/pec_adder_3_bit_6_85.dqdimacs,83,59
./benchmark_tests/original/Biere/adder_3_6/pec_adder_3_bit_6_85.dqdimacs,84,59
./benchmark_tests/original/Biere/adder_3_6/pec_adder_3_bit_6_85.dqdimacs,85,59
./benchmark_tests/original/Biere/adder_3_6/pec_adder_3_bit_6_86.dqdimacs,4,214
./benchmark_tests/original/Biere/adder_3_6/pec_adder_3_bit_6_86.dqdimacs,5,162
./benchmark_tests/original/Biere/adder_3_6/pec_adder_3_bit_6_86.dqdimacs,6,161
./benchmark_tests/original/Biere/adder_3_6/pec_adder_3_bit_6_86.dqdimacs,10,157
./benchmark_tests/original/Biere/adder_3_6/pec_adder_3_bit_6_86.dqdimacs,11,136
./benchmark_tests/original/Biere/adder_3_6/pec_adder_3_bit_6_86.dqdimacs,12,136
./benchmark_tests/original/Biere/adder_3_6/pec_adder_3_bit_6_86.dqdimacs,13,136
./benchmark_tests/original/Biere/adder_3_6/pec_adder_3_bit_6_86.dqdimacs,17,135
./benchmark_tests/original/Biere/adder_3_6/pec_adder_3_bit_6_86.dqdimacs,18,136
./benchmark_tests/original/Biere/adder_3_6/pec_adder_3_bit_6_86.dqdimacs,19,135
./benchmark_tests/original/Biere/adder_3_6/pec_adder_3_bit_6_86.dqdimacs,20,132
./benchmark_tests/original/Biere/adder_3_6/pec_adder_3_bit_6_86.dqdimacs,22,121
./benchmark_tests/original/Biere/adder_3_6/pec_adder_3_bit_6_86.dqdimacs,23,113
./benchmark_tests/original/Biere/adder_3_6/pec_adder_3_bit_6_86.dqdimacs,24,106
./benchmark_tests/original/Biere/adder_3_6/pec_adder_3_bit_6_86.dqdimacs,25,98
./benchmark_tests/original/Biere/adder_3_6/pec_adder_3_bit_6_86.dqdimacs,26,91
./benchmark_tests/original/Biere/adder_3_6/pec_adder_3_bit_6_86.dqdimacs,27,87
./benchmark_tests/original/Biere/adder_3_6/pec_adder_3_bit_6_86.dqdimacs,29,81
./benchmark_tests/original/Biere/adder_3_6/pec_adder_3_bit_6_86.dqdimacs,30,76
./benchmark_tests/original/Biere/adder_3_6/pec_adder_3_bit_6_86.dqdimacs,31,75
./benchmark_tests/original/Biere/adder_3_6/pec_adder_3_bit_6_86.dqdimacs,33,79
./benchmark_tests/original/Biere/adder_3_6/pec_adder_3_bit_6_86.dqdimacs,34,73
./benchmark_tests/original/Biere/adder_3_6/pec_adder_3_bit_6_86.dqdimacs,35,73
./benchmark_tests/original/Biere/adder_3_6/pec_adder_3_bit_6_86.dqdimacs,36,74
./benchmark_tests/original/Biere/adder_3_6/pec_adder_3_bit_6_86.dqdimacs,38,73
./benchmark_tests/original/Biere/adder_3_6/pec_adder_3_bit_6_86.dqdimacs,39,73
./benchmark_tests/original/Biere/adder_3_6/pec_adder_3_bit_6_86.dqdimacs,40,75
./benchmark_tests/original/Biere/adder_3_6/pec_adder_3_bit_6_86.dqdimacs,42,73
./benchmark_tests/original/Biere/adder_3_6/pec_adder_3_bit_6_86.dqdimacs,43,73
./benchmark_tests/original/Biere/adder_3_6/pec_adder_3_bit_6_86.dqdimacs,44,73
./benchmark_tests/original/Biere/adder_3_6/pec_adder_3_bit_6_86.dqdimacs,45,74
./benchmark_tests/original/Biere/adder_3_6/pec_adder_3_bit_6_86.dqdimacs,47,73
./benchmark_tests/original/Biere/adder_3_6/pec_adder_3_bit_6_86.dqdimacs,48,73
./benchmark_tests/original/Biere/adder_3_6/pec_adder_3_bit_6_86.dqdimacs,49,73
./benchmark_tests/original/Biere/adder_3_6/pec_adder_3_bit_6_86.dqdimacs,50,74
./benchmark_tests/original/Biere/adder_3_6/pec_adder_3_bit_6_86.dqdimacs,52,73
./benchmark_tests/original/Biere/adder_3_6/pec_adder_3_bit_6_86.dqdimacs,53,73
./benchmark_tests/original/Biere/adder_3_6/pec_adder_3_bit_6_86.dqdimacs,54,73
./benchmark_tests/original/Biere/adder_3_6/pec_adder_3_bit_6_86.dqdimacs,55,75
./benchmark_tests/original/Biere/adder_3_6/pec_adder_3_bit_6_86.dqdimacs,57,73
./benchmark_tests/original/Biere/adder_3_6/pec_adder_3_bit_6_86.dqdimacs,58,73
./benchmark_tests/original/Biere/adder_3_6/pec_adder_3_bit_6_86.dqdimacs,59,73
./benchmark_tests/original/Biere/adder_3_6/pec_adder_3_bit_6_86.dqdimacs,60,75
./benchmark_tests/original/Biere/adder_3_6/pec_adder_3_bit_6_86.dqdimacs,61,73
./benchmark_tests/original/Biere/adder_3_6/pec_adder_3_bit_6_86.dqdimacs,62,73
./benchmark_tests/original/Biere/adder_3_6/pec_adder_3_bit_6_86.dqdimacs,63,73
./benchmark_tests/original/Biere/adder_3_6/pec_adder_3_bit_6_86.dqdimacs,64,73
./benchmark_tests/original/Biere/adder_3_6/pec_adder_3_bit_6_86.dqdimacs,65,73
./benchmark_tests/original/Biere/adder_3_6/pec_adder_3_bit_6_86.dqdimacs,66,73
./benchmark_tests/original/Biere/adder_3_6/pec_adder_3_bit_6_86.dqdimacs,67,73
./benchmark_tests/original/Biere/adder_3_6/pec_adder_3_bit_6_86.dqdimacs,68,72
./benchmark_tests/original/Biere/adder_3_6/pec_adder_3_bit_6_86.dqdimacs,69,73
./benchmark_tests/original/Biere/adder_3_6/pec_adder_3_bit_6_86.dqdimacs,70,73
./benchmark_tests/original/Biere/adder_3_6/pec_adder_3_bit_6_86.dqdimacs,71,73
./benchmark_tests/original/Biere/adder_3_6/pec_adder_3_bit_6_86.dqdimacs,72,72
./benchmark_tests/original/Biere/adder_3_6/pec_adder_3_bit_6_86.dqdimacs,73,73
./benchmark_tests/original/Biere/adder_3_6/pec_adder_3_bit_6_86.dqdimacs,74,72
./benchmark_tests/original/Biere/adder_3_6/pec_adder_3_bit_6_86.dqdimacs,75,72
./benchmark_tests/original/Biere/adder_3_6/pec_adder_3_bit_6_86.dqdimacs,76,73
./benchmark_tests/original/Biere/adder_3_6/pec_adder_3_bit_6_86.dqdimacs,77,72
./benchmark_tests/original/Biere/adder_3_6/pec_adder_3_bit_6_86.dqdimacs,78,72
./benchmark_tests/original/Biere/adder_3_6/pec_adder_3_bit_6_86.dqdimacs,79,73
./benchmark_tests/original/Biere/adder_3_6/pec_adder_3_bit_6_87.dqdimacs,4,222
./benchmark_tests/original/Biere/adder_3_6/pec_adder_3_bit_6_87.dqdimacs,5,174
./benchmark_tests/original/Biere/adder_3_6/pec_adder_3_bit_6_87.dqdimacs,6,172
./benchmark_tests/original/Biere/adder_3_6/pec_adder_3_bit_6_87.dqdimacs,10,171
./benchmark_tests/original/Biere/adder_3_6/pec_adder_3_bit_6_87.dqdimacs,11,171
./benchmark_tests/original/Biere/adder_3_6/pec_adder_3_bit_6_87.dqdimacs,12,170
./benchmark_tests/original/Biere/adder_3_6/pec_adder_3_bit_6_87.dqdimacs,13,171
./benchmark_tests/original/Biere/adder_3_6/pec_adder_3_bit_6_87.dqdimacs,17,170
./benchmark_tests/original/Biere/adder_3_6/pec_adder_3_bit_6_87.dqdimacs,18,165
./benchmark_tests/original/Biere/adder_3_6/pec_adder_3_bit_6_87.dqdimacs,19,156
./benchmark_tests/original/Biere/adder_3_6/pec_adder_3_bit_6_87.dqdimacs,20,143
./benchmark_tests/original/Biere/adder_3_6/pec_adder_3_bit_6_87.dqdimacs,22,131
./benchmark_tests/original/Biere/adder_3_6/pec_adder_3_bit_6_87.dqdimacs,23,119
./benchmark_tests/original/Biere/adder_3_6/pec_adder_3_bit_6_87.dqdimacs,24,109
./benchmark_tests/original/Biere/adder_3_6/pec_adder_3_bit_6_87.dqdimacs,25,101
./benchmark_tests/original/Biere/adder_3_6/pec_adder_3_bit_6_87.dqdimacs,26,93
./benchmark_tests/original/Biere/adder_3_6/pec_adder_3_bit_6_87.dqdimacs,27,93
./benchmark_tests/original/Biere/adder_3_6/pec_adder_3_bit_6_87.dqdimacs,29,91
./benchmark_tests/original/Biere/adder_3_6/pec_adder_3_bit_6_87.dqdimacs,30,91
./benchmark_tests/original/Biere/adder_3_6/pec_adder_3_bit_6_87.dqdimacs,31,92
./benchmark_tests/original/Biere/adder_3_6/pec_adder_3_bit_6_87.dqdimacs,32,93
./benchmark_tests/original/Biere/adder_3_6/pec_adder_3_bit_6_87.dqdimacs,34,91
./benchmark_tests/original/Biere/adder_3_6/pec_adder_3_bit_6_87.dqdimacs,35,91
./benchmark_tests/original/Biere/adder_3_6/pec_adder_3_bit_6_87.dqdimacs,36,94
./benchmark_tests/original/Biere/adder_3_6/pec_adder_3_bit_6_87.dqdimacs,38,91
./benchmark_tests/original/Biere/adder_3_6/pec_adder_3_bit_6_87.dqdimacs,39,91
./benchmark_tests/original/Biere/adder_3_6/pec_adder_3_bit_6_87.dqdimacs,40,91
./benchmark_tests/original/Biere/adder_3_6/pec_adder_3_bit_6_87.dqdimacs,41,93
./benchmark_tests/original/Biere/adder_3_6/pec_adder_3_bit_6_87.dqdimacs,43,91
./benchmark_tests/original/Biere/adder_3_6/pec_adder_3_bit_6_87.dqdimacs,44,91
./benchmark_tests/original/Biere/adder_3_6/pec_adder_3_bit_6_87.dqdimacs,45,92
./benchmark_tests/original/Biere/adder_3_6/pec_adder_3_bit_6_87.dqdimacs,46,93
./benchmark_tests/original/Biere/adder_3_6/pec_adder_3_bit_6_87.dqdimacs,48,91
./benchmark_tests/original/Biere/adder_3_6/pec_adder_3_bit_6_87.dqdimacs,49,92
./benchmark_tests/original/Biere/adder_3_6/pec_adder_3_bit_6_87.dqdimacs,50,91
./benchmark_tests/original/Biere/adder_3_6/pec_adder_3_bit_6_87.dqdimacs,51,92
./benchmark_tests/original/Biere/adder_3_6/pec_adder_3_bit_6_87.dqdimacs,53,92
./benchmark_tests/original/Biere/adder_3_6/pec_adder_3_bit_6_87.dqdimacs,54,90
./benchmark_tests/original/Biere/adder_3_6/pec_adder_3_bit_6_87.dqdimacs,55,92
./benchmark_tests/original/Biere/adder_3_6/pec_adder_3_bit_6_87.dqdimacs,56,93
./benchmark_tests/original/Biere/adder_3_6/pec_adder_3_bit_6_87.dqdimacs,58,91
./benchmark_tests/original/Biere/adder_3_6/pec_adder_3_bit_6_87.dqdimacs,59,91
./benchmark_tests/original/Biere/adder_3_6/pec_adder_3_bit_6_87.dqdimacs,60,91
./benchmark_tests/original/Biere/adder_3_6/pec_adder_3_bit_6_87.dqdimacs,61,94
./benchmark_tests/original/Biere/adder_3_6/pec_adder_3_bit_6_87.dqdimacs,62,91
./benchmark_tests/original/Biere/adder_3_6/pec_adder_3_bit_6_87.dqdimacs,63,91
./benchmark_tests/original/Biere/adder_3_6/pec_adder_3_bit_6_87.dqdimacs,64,91
./benchmark_tests/original/Biere/adder_3_6/pec_adder_3_bit_6_87.dqdimacs,65,92
./benchmark_tests/original/Biere/adder_3_6/pec_adder_3_bit_6_87.dqdimacs,66,92
./benchmark_tests/original/Biere/adder_3_6/pec_adder_3_bit_6_87.dqdimacs,67,93
./benchmark_tests/original/Biere/adder_3_6/pec_adder_3_bit_6_87.dqdimacs,68,91
./benchmark_tests/original/Biere/adder_3_6/pec_adder_3_bit_6_87.dqdimacs,69,92
./benchmark_tests/original/Biere/adder_3_6/pec_adder_3_bit_6_87.dqdimacs,70,91
./benchmark_tests/original/Biere/adder_3_6/pec_adder_3_bit_6_87.dqdimacs,71,91
./benchmark_tests/original/Biere/adder_3_6/pec_adder_3_bit_6_87.dqdimacs,72,91
./benchmark_tests/original/Biere/adder_3_6/pec_adder_3_bit_6_87.dqdimacs,73,91
./benchmark_tests/original/Biere/adder_3_6/pec_adder_3_bit_6_87.dqdimacs,74,92
./benchmark_tests/original/Biere/adder_3_6/pec_adder_3_bit_6_87.dqdimacs,75,92
./benchmark_tests/original/Biere/adder_3_6/pec_adder_3_bit_6_87.dqdimacs,76,91
./benchmark_tests/original/Biere/adder_3_6/pec_adder_3_bit_6_87.dqdimacs,77,91
./benchmark_tests/original/Biere/adder_3_6/pec_adder_3_bit_6_87.dqdimacs,78,91
./benchmark_tests/original/Biere/adder_3_6/pec_adder_3_bit_6_87.dqdimacs,79,90
./benchmark_tests/original/Biere/adder_3_6/pec_adder_3_bit_6_88.dqdimacs,4,314
./benchmark_tests/original/Biere/adder_3_6/pec_adder_3_bit_6_88.dqdimacs,5,259
./benchmark_tests/original/Biere/adder_3_6/pec_adder_3_bit_6_88.dqdimacs,6,260
./benchmark_tests/original/Biere/adder_3_6/pec_adder_3_bit_6_88.dqdimacs,10,261
./benchmark_tests/original/Biere/adder_3_6/pec_adder_3_bit_6_88.dqdimacs,11,260
./benchmark_tests/original/Biere/adder_3_6/pec_adder_3_bit_6_88.dqdimacs,12,256
./benchmark_tests/original/Biere/adder_3_6/pec_adder_3_bit_6_88.dqdimacs,13,230
./benchmark_tests/original/Biere/adder_3_6/pec_adder_3_bit_6_88.dqdimacs,17,200
./benchmark_tests/original/Biere/adder_3_6/pec_adder_3_bit_6_88.dqdimacs,18,174
./benchmark_tests/original/Biere/adder_3_6/pec_adder_3_bit_6_88.dqdimacs,19,154
./benchmark_tests/original/Biere/adder_3_6/pec_adder_3_bit_6_88.dqdimacs,20,143
./benchmark_tests/original/Biere/adder_3_6/pec_adder_3_bit_6_88.dqdimacs,22,139
./benchmark_tests/original/Biere/adder_3_6/pec_adder_3_bit_6_88.dqdimacs,23,139
./benchmark_tests/original/Biere/adder_3_6/pec_adder_3_bit_6_88.dqdimacs,24,140
./benchmark_tests/original/Biere/adder_3_6/pec_adder_3_bit_6_88.dqdimacs,25,139
./benchmark_tests/original/Biere/adder_3_6/pec_adder_3_bit_6_88.dqdimacs,26,139
./benchmark_tests/original/Biere/adder_3_6/pec_adder_3_bit_6_88.dqdimacs,27,142
./benchmark_tests/original/Biere/adder_3_6/pec_adder_3_bit_6_88.dqdimacs,29,138
./benchmark_tests/original/Biere/adder_3_6/pec_adder_3_bit_6_88.dqdimacs,30,139
./benchmark_tests/original/Biere/adder_3_6/pec_adder_3_bit_6_88.dqdimacs,31,139
./benchmark_tests/original/Biere/adder_3_6/pec_adder_3_bit_6_88.dqdimacs,32,141
./benchmark_tests/original/Biere/adder_3_6/pec_adder_3_bit_6_88.dqdimacs,34,140
./benchmark_tests/original/Biere/adder_3_6/pec_adder_3_bit_6_88.dqdimacs,35,140
./benchmark_tests/original/Biere/adder_3_6/pec_adder_3_bit_6_88.dqdimacs,36,140
./benchmark_tests/original/Biere/adder_3_6/pec_adder_3_bit_6_88.dqdimacs,37,140
./benchmark_tests/original/Biere/adder_3_6/pec_adder_3_bit_6_88.dqdimacs,38,142
./benchmark_tests/original/Biere/adder_3_6/pec_adder_3_bit_6_88.dqdimacs,40,141
./benchmark_tests/original/Biere/adder_3_6/pec_adder_3_bit_6_88.dqdimacs,41,142
./benchmark_tests/original/Biere/adder_3_6/pec_adder_3_bit_6_88.dqdimacs,42,141
./benchmark_tests/original/Biere/adder_3_6/pec_adder_3_bit_6_88.dqdimacs,44,140
./benchmark_tests/original/Biere/adder_3_6/pec_adder_3_bit_6_88.dqdimacs,45,140
./benchmark_tests/original/Biere/adder_3_6/pec_adder_3_bit_6_88.dqdimacs,46,141
./benchmark_tests/original/Biere/adder_3_6/pec_adder_3_bit_6_88.dqdimacs,48,139
./benchmark_tests/original/Biere/adder_3_6/pec_adder_3_bit_6_88.dqdimacs,49,140
./benchmark_tests/original/Biere/adder_3_6/pec_adder_3_bit_6_88.dqdimacs,50,139
./benchmark_tests/original/Biere/adder_3_6/pec_adder_3_bit_6_88.dqdimacs,52,140
./benchmark_tests/original/Biere/adder_3_6/pec_adder_3_bit_6_88.dqdimacs,53,139
./benchmark_tests/original/Biere/adder_3_6/pec_adder_3_bit_6_88.dqdimacs,54,139
./benchmark_tests/original/Biere/adder_3_6/pec_adder_3_bit_6_88.dqdimacs,55,141
./benchmark_tests/original/Biere/adder_3_6/pec_adder_3_bit_6_88.dqdimacs,57,139
./benchmark_tests/original/Biere/adder_3_6/pec_adder_3_bit_6_88.dqdimacs,58,139
./benchmark_tests/original/Biere/adder_3_6/pec_adder_3_bit_6_88.dqdimacs,59,141
./benchmark_tests/original/Biere/adder_3_6/pec_adder_3_bit_6_88.dqdimacs,61,139
./benchmark_tests/original/Biere/adder_3_6/pec_adder_3_bit_6_88.dqdimacs,62,140
./benchmark_tests/original/Biere/adder_3_6/pec_adder_3_bit_6_88.dqdimacs,63,140
./benchmark_tests/original/Biere/adder_3_6/pec_adder_3_bit_6_88.dqdimacs,64,140
./benchmark_tests/original/Biere/adder_3_6/pec_adder_3_bit_6_88.dqdimacs,65,140
./benchmark_tests/original/Biere/adder_3_6/pec_adder_3_bit_6_88.dqdimacs,66,143
./benchmark_tests/original/Biere/adder_3_6/pec_adder_3_bit_6_88.dqdimacs,68,140
./benchmark_tests/original/Biere/adder_3_6/pec_adder_3_bit_6_88.dqdimacs,69,141
./benchmark_tests/original/Biere/adder_3_6/pec_adder_3_bit_6_88.dqdimacs,70,140
./benchmark_tests/original/Biere/adder_3_6/pec_adder_3_bit_6_88.dqdimacs,71,141
./benchmark_tests/original/Biere/adder_3_6/pec_adder_3_bit_6_88.dqdimacs,72,139
./benchmark_tests/original/Biere/adder_3_6/pec_adder_3_bit_6_88.dqdimacs,73,140
./benchmark_tests/original/Biere/adder_3_6/pec_adder_3_bit_6_88.dqdimacs,74,141
./benchmark_tests/original/Biere/adder_3_6/pec_adder_3_bit_6_88.dqdimacs,75,140
./benchmark_tests/original/Biere/adder_3_6/pec_adder_3_bit_6_88.dqdimacs,76,140
./benchmark_tests/original/Biere/adder_3_6/pec_adder_3_bit_6_88.dqdimacs,77,139
./benchmark_tests/original/Biere/adder_3_6/pec_adder_3_bit_6_88.dqdimacs,78,141
./benchmark_tests/original/Biere/adder_3_6/pec_adder_3_bit_6_88.dqdimacs,79,140
./benchmark_tests/original/Biere/adder_3_6/pec_adder_3_bit_6_88.dqdimacs,80,140
./benchmark_tests/original/Biere/adder_3_6/pec_adder_3_bit_6_88.dqdimacs,81,139
./benchmark_tests/original/Biere/adder_3_6/pec_adder_3_bit_6_88.dqdimacs,82,140
./benchmark_tests/original/Biere/adder_3_6/pec_adder_3_bit_6_88.dqdimacs,83,139
./benchmark_tests/original/Biere/adder_3_6/pec_adder_3_bit_6_88.dqdimacs,84,141
./benchmark_tests/original/Biere/adder_3_6/pec_adder_3_bit_6_88.dqdimacs,85,140
./benchmark_tests/original/Biere/adder_3_6/pec_adder_3_bit_6_88.dqdimacs,86,140
./benchmark_tests/original/Biere/adder_3_6/pec_adder_3_bit_6_88.dqdimacs,87,140
./benchmark_tests/original/Biere/adder_3_6/pec_adder_3_bit_6_89.dqdimacs,4,366
./benchmark_tests/original/Biere/adder_3_6/pec_adder_3_bit_6_89.dqdimacs,5,315
./benchmark_tests/original/Biere/adder_3_6/pec_adder_3_bit_6_89.dqdimacs,6,313
./benchmark_tests/original/Biere/adder_3_6/pec_adder_3_bit_6_89.dqdimacs,10,311
./benchmark_tests/original/Biere/adder_3_6/pec_adder_3_bit_6_89.dqdimacs,11,309
./benchmark_tests/original/Biere/adder_3_6/pec_adder_3_bit_6_89.dqdimacs,12,273
./benchmark_tests/original/Biere/adder_3_6/pec_adder_3_bit_6_89.dqdimacs,13,229
./benchmark_tests/original/Biere/adder_3_6/pec_adder_3_bit_6_89.dqdimacs,17,196
./benchmark_tests/original/Biere/adder_3_6/pec_adder_3_bit_6_89.dqdimacs,18,171
./benchmark_tests/original/Biere/adder_3_6/pec_adder_3_bit_6_89.dqdimacs,19,167
./benchmark_tests/original/Biere/adder_3_6/pec_adder_3_bit_6_89.dqdimacs,20,167
./benchmark_tests/original/Biere/adder_3_6/pec_adder_3_bit_6_89.dqdimacs,22,166
./benchmark_tests/original/Biere/adder_3_6/pec_adder_3_bit_6_89.dqdimacs,23,167
./benchmark_tests/original/Biere/adder_3_6/pec_adder_3_bit_6_89.dqdimacs,24,168
./benchmark_tests/original/Biere/adder_3_6/pec_adder_3_bit_6_89.dqdimacs,25,168
./benchmark_tests/original/Biere/adder_3_6/pec_adder_3_bit_6_89.dqdimacs,26,168
./benchmark_tests/original/Biere/adder_3_6/pec_adder_3_bit_6_89.dqdimacs,27,170
./benchmark_tests/original/Biere/adder_3_6/pec_adder_3_bit_6_89.dqdimacs,29,170
./benchmark_tests/original/Biere/adder_3_6/pec_adder_3_bit_6_89.dqdimacs,30,167
./benchmark_tests/original/Biere/adder_3_6/pec_adder_3_bit_6_89.dqdimacs,31,168
./benchmark_tests/original/Biere/adder_3_6/pec_adder_3_bit_6_89.dqdimacs,33,167
./benchmark_tests/original/Biere/adder_3_6/pec_adder_3_bit_6_89.dqdimacs,34,167
./benchmark_tests/original/Biere/adder_3_6/pec_adder_3_bit_6_89.dqdimacs,35,171
./benchmark_tests/original/Biere/adder_3_6/pec_adder_3_bit_6_89.dqdimacs,37,166
./benchmark_tests/original/Biere/adder_3_6/pec_adder_3_bit_6_89.dqdimacs,38,165
./benchmark_tests/original/Biere/adder_3_6/pec_adder_3_bit_6_89.dqdimacs,39,166
./benchmark_tests/original/Biere/adder_3_6/pec_adder_3_bit_6_89.dqdimacs,40,167
./benchmark_tests/original/Biere/adder_3_6/pec_adder_3_bit_6_89.dqdimacs,42,165
./benchmark_tests/original/Biere/adder_3_6/pec_adder_3_bit_6_89.dqdimacs,43,166
./benchmark_tests/original/Biere/adder_3_6/pec_adder_3_bit_6_89.dqdimacs,44,167
./benchmark_tests/original/Biere/adder_3_6/pec_adder_3_bit_6_89.dqdimacs,46,166
./benchmark_tests/original/Biere/adder_3_6/pec_adder_3_bit_6_89.dqdimacs,47,165
./benchmark_tests/original/Biere/adder_3_6/pec_adder_3_bit_6_89.dqdimacs,48,166
./benchmark_tests/original/Biere/adder_3_6/pec_adder_3_bit_6_89.dqdimacs,50,166
./benchmark_tests/original/Biere/adder_3_6/pec_adder_3_bit_6_89.dqdimacs,51,166
./benchmark_tests/original/Biere/adder_3_6/pec_adder_3_bit_6_89.dqdimacs,52,166
./benchmark_tests/original/Biere/adder_3_6/pec_adder_3_bit_6_89.dqdimacs,53,167
./benchmark_tests/original/Biere/adder_3_6/pec_adder_3_bit_6_89.dqdimacs,54,167
./benchmark_tests/original/Biere/adder_3_6/pec_adder_3_bit_6_89.dqdimacs,55,168
./benchmark_tests/original/Biere/adder_3_6/pec_adder_3_bit_6_89.dqdimacs,57,166
./benchmark_tests/original/Biere/adder_3_6/pec_adder_3_bit_6_89.dqdimacs,58,165
./benchmark_tests/original/Biere/adder_3_6/pec_adder_3_bit_6_89.dqdimacs,59,167
./benchmark_tests/original/Biere/adder_3_6/pec_adder_3_bit_6_89.dqdimacs,60,165
./benchmark_tests/original/Biere/adder_3_6/pec_adder_3_bit_6_89.dqdimacs,61,166
./benchmark_tests/original/Biere/adder_3_6/pec_adder_3_bit_6_89.dqdimacs,62,166
./benchmark_tests/original/Biere/adder_3_6/pec_adder_3_bit_6_89.dqdimacs,63,167
./benchmark_tests/original/Biere/adder_3_6/pec_adder_3_bit_6_89.dqdimacs,64,168
./benchmark_tests/original/Biere/adder_3_6/pec_adder_3_bit_6_89.dqdimacs,65,165
./benchmark_tests/original/Biere/adder_3_6/pec_adder_3_bit_6_89.dqdimacs,66,165
./benchmark_tests/original/Biere/adder_3_6/pec_adder_3_bit_6_89.dqdimacs,67,165
./benchmark_tests/original/Biere/adder_3_6/pec_adder_3_bit_6_89.dqdimacs,68,167
./benchmark_tests/original/Biere/adder_3_6/pec_adder_3_bit_6_89.dqdimacs,69,167
./benchmark_tests/original/Biere/adder_3_6/pec_adder_3_bit_6_89.dqdimacs,70,167
./benchmark_tests/original/Biere/adder_3_6/pec_adder_3_bit_6_89.dqdimacs,71,168
./benchmark_tests/original/Biere/adder_3_6/pec_adder_3_bit_6_89.dqdimacs,72,168
./benchmark_tests/original/Biere/adder_3_6/pec_adder_3_bit_6_89.dqdimacs,73,167
./benchmark_tests/original/Biere/adder_3_6/pec_adder_3_bit_6_89.dqdimacs,74,168
./benchmark_tests/original/Biere/adder_3_6/pec_adder_3_bit_6_89.dqdimacs,75,166
./benchmark_tests/original/Biere/adder_3_6/pec_adder_3_bit_6_89.dqdimacs,76,167
./benchmark_tests/original/Biere/adder_3_6/pec_adder_3_bit_6_89.dqdimacs,77,166
./benchmark_tests/original/Biere/adder_3_6/pec_adder_3_bit_6_89.dqdimacs,78,167
./benchmark_tests/original/Biere/adder_3_6/pec_adder_3_bit_6_89.dqdimacs,79,167
./benchmark_tests/original/Biere/adder_3_6/pec_adder_3_bit_6_8.dqdimacs,4,237
./benchmark_tests/original/Biere/adder_3_6/pec_adder_3_bit_6_8.dqdimacs,5,186
./benchmark_tests/original/Biere/adder_3_6/pec_adder_3_bit_6_8.dqdimacs,6,185
./benchmark_tests/original/Biere/adder_3_6/pec_adder_3_bit_6_8.dqdimacs,10,184
./benchmark_tests/original/Biere/adder_3_6/pec_adder_3_bit_6_8.dqdimacs,11,180
./benchmark_tests/original/Biere/adder_3_6/pec_adder_3_bit_6_8.dqdimacs,12,182
./benchmark_tests/original/Biere/adder_3_6/pec_adder_3_bit_6_8.dqdimacs,13,183
./benchmark_tests/original/Biere/adder_3_6/pec_adder_3_bit_6_8.dqdimacs,17,179
./benchmark_tests/original/Biere/adder_3_6/pec_adder_3_bit_6_8.dqdimacs,18,170
./benchmark_tests/original/Biere/adder_3_6/pec_adder_3_bit_6_8.dqdimacs,19,156
./benchmark_tests/original/Biere/adder_3_6/pec_adder_3_bit_6_8.dqdimacs,20,143
./benchmark_tests/original/Biere/adder_3_6/pec_adder_3_bit_6_8.dqdimacs,22,129
./benchmark_tests/original/Biere/adder_3_6/pec_adder_3_bit_6_8.dqdimacs,23,118
./benchmark_tests/original/Biere/adder_3_6/pec_adder_3_bit_6_8.dqdimacs,24,107
./benchmark_tests/original/Biere/adder_3_6/pec_adder_3_bit_6_8.dqdimacs,25,101
./benchmark_tests/original/Biere/adder_3_6/pec_adder_3_bit_6_8.dqdimacs,26,99
./benchmark_tests/original/Biere/adder_3_6/pec_adder_3_bit_6_8.dqdimacs,27,100
./benchmark_tests/original/Biere/adder_3_6/pec_adder_3_bit_6_8.dqdimacs,29,99
./benchmark_tests/original/Biere/adder_3_6/pec_adder_3_bit_6_8.dqdimacs,30,97
./benchmark_tests/original/Biere/adder_3_6/pec_adder_3_bit_6_8.dqdimacs,31,100
./benchmark_tests/original/Biere/adder_3_6/pec_adder_3_bit_6_8.dqdimacs,33,98
./benchmark_tests/original/Biere/adder_3_6/pec_adder_3_bit_6_8.dqdimacs,34,98
./benchmark_tests/original/Biere/adder_3_6/pec_adder_3_bit_6_8.dqdimacs,35,98
./benchmark_tests/original/Biere/adder_3_6/pec_adder_3_bit_6_8.dqdimacs,36,100
./benchmark_tests/original/Biere/adder_3_6/pec_adder_3_bit_6_8.dqdimacs,38,97
./benchmark_tests/original/Biere/adder_3_6/pec_adder_3_bit_6_8.dqdimacs,39,97
./benchmark_tests/original/Biere/adder_3_6/pec_adder_3_bit_6_8.dqdimacs,40,97
./benchmark_tests/original/Biere/adder_3_6/pec_adder_3_bit_6_8.dqdimacs,41,98
./benchmark_tests/original/Biere/adder_3_6/pec_adder_3_bit_6_8.dqdimacs,42,99
./benchmark_tests/original/Biere/adder_3_6/pec_adder_3_bit_6_8.dqdimacs,44,98
./benchmark_tests/original/Biere/adder_3_6/pec_adder_3_bit_6_8.dqdimacs,45,97
./benchmark_tests/original/Biere/adder_3_6/pec_adder_3_bit_6_8.dqdimacs,46,99
./benchmark_tests/original/Biere/adder_3_6/pec_adder_3_bit_6_8.dqdimacs,48,97
./benchmark_tests/original/Biere/adder_3_6/pec_adder_3_bit_6_8.dqdimacs,49,98
./benchmark_tests/original/Biere/adder_3_6/pec_adder_3_bit_6_8.dqdimacs,50,98
./benchmark_tests/original/Biere/adder_3_6/pec_adder_3_bit_6_8.dqdimacs,51,98
./benchmark_tests/original/Biere/adder_3_6/pec_adder_3_bit_6_8.dqdimacs,53,97
./benchmark_tests/original/Biere/adder_3_6/pec_adder_3_bit_6_8.dqdimacs,54,97
./benchmark_tests/original/Biere/adder_3_6/pec_adder_3_bit_6_8.dqdimacs,55,99
./benchmark_tests/original/Biere/adder_3_6/pec_adder_3_bit_6_8.dqdimacs,57,97
./benchmark_tests/original/Biere/adder_3_6/pec_adder_3_bit_6_8.dqdimacs,58,98
./benchmark_tests/original/Biere/adder_3_6/pec_adder_3_bit_6_8.dqdimacs,59,100
./benchmark_tests/original/Biere/adder_3_6/pec_adder_3_bit_6_8.dqdimacs,60,98
./benchmark_tests/original/Biere/adder_3_6/pec_adder_3_bit_6_8.dqdimacs,61,98
./benchmark_tests/original/Biere/adder_3_6/pec_adder_3_bit_6_8.dqdimacs,62,97
./benchmark_tests/original/Biere/adder_3_6/pec_adder_3_bit_6_8.dqdimacs,63,98
./benchmark_tests/original/Biere/adder_3_6/pec_adder_3_bit_6_8.dqdimacs,64,98
./benchmark_tests/original/Biere/adder_3_6/pec_adder_3_bit_6_8.dqdimacs,65,96
./benchmark_tests/original/Biere/adder_3_6/pec_adder_3_bit_6_8.dqdimacs,66,96
./benchmark_tests/original/Biere/adder_3_6/pec_adder_3_bit_6_8.dqdimacs,67,97
./benchmark_tests/original/Biere/adder_3_6/pec_adder_3_bit_6_8.dqdimacs,68,97
./benchmark_tests/original/Biere/adder_3_6/pec_adder_3_bit_6_8.dqdimacs,69,97
./benchmark_tests/original/Biere/adder_3_6/pec_adder_3_bit_6_8.dqdimacs,70,97
./benchmark_tests/original/Biere/adder_3_6/pec_adder_3_bit_6_8.dqdimacs,71,97
./benchmark_tests/original/Biere/adder_3_6/pec_adder_3_bit_6_8.dqdimacs,72,95
./benchmark_tests/original/Biere/adder_3_6/pec_adder_3_bit_6_8.dqdimacs,73,96
./benchmark_tests/original/Biere/adder_3_6/pec_adder_3_bit_6_8.dqdimacs,74,97
./benchmark_tests/original/Biere/adder_3_6/pec_adder_3_bit_6_8.dqdimacs,75,98
./benchmark_tests/original/Biere/adder_3_6/pec_adder_3_bit_6_8.dqdimacs,76,97
./benchmark_tests/original/Biere/adder_3_6/pec_adder_3_bit_6_8.dqdimacs,77,98
./benchmark_tests/original/Biere/adder_3_6/pec_adder_3_bit_6_8.dqdimacs,78,97
./benchmark_tests/original/Biere/adder_3_6/pec_adder_3_bit_6_8.dqdimacs,79,98
./benchmark_tests/original/Biere/adder_3_6/pec_adder_3_bit_6_90.dqdimacs,4,384
./benchmark_tests/original/Biere/adder_3_6/pec_adder_3_bit_6_90.dqdimacs,5,331
./benchmark_tests/original/Biere/adder_3_6/pec_adder_3_bit_6_90.dqdimacs,6,334
./benchmark_tests/original/Biere/adder_3_6/pec_adder_3_bit_6_90.dqdimacs,10,334
./benchmark_tests/original/Biere/adder_3_6/pec_adder_3_bit_6_90.dqdimacs,11,318
./benchmark_tests/original/Biere/adder_3_6/pec_adder_3_bit_6_90.dqdimacs,12,273
./benchmark_tests/original/Biere/adder_3_6/pec_adder_3_bit_6_90.dqdimacs,13,227
./benchmark_tests/original/Biere/adder_3_6/pec_adder_3_bit_6_90.dqdimacs,17,194
./benchmark_tests/original/Biere/adder_3_6/pec_adder_3_bit_6_90.dqdimacs,18,177
./benchmark_tests/original/Biere/adder_3_6/pec_adder_3_bit_6_90.dqdimacs,19,177
./benchmark_tests/original/Biere/adder_3_6/pec_adder_3_bit_6_90.dqdimacs,20,178
./benchmark_tests/original/Biere/adder_3_6/pec_adder_3_bit_6_90.dqdimacs,22,177
./benchmark_tests/original/Biere/adder_3_6/pec_adder_3_bit_6_90.dqdimacs,23,176
./benchmark_tests/original/Biere/adder_3_6/pec_adder_3_bit_6_90.dqdimacs,24,178
./benchmark_tests/original/Biere/adder_3_6/pec_adder_3_bit_6_90.dqdimacs,25,178
./benchmark_tests/original/Biere/adder_3_6/pec_adder_3_bit_6_90.dqdimacs,26,178
./benchmark_tests/original/Biere/adder_3_6/pec_adder_3_bit_6_90.dqdimacs,27,180
./benchmark_tests/original/Biere/adder_3_6/pec_adder_3_bit_6_90.dqdimacs,29,178
./benchmark_tests/original/Biere/adder_3_6/pec_adder_3_bit_6_90.dqdimacs,30,178
./benchmark_tests/original/Biere/adder_3_6/pec_adder_3_bit_6_90.dqdimacs,31,181
./benchmark_tests/original/Biere/adder_3_6/pec_adder_3_bit_6_90.dqdimacs,33,179
./benchmark_tests/original/Biere/adder_3_6/pec_adder_3_bit_6_90.dqdimacs,34,178
./benchmark_tests/original/Biere/adder_3_6/pec_adder_3_bit_6_90.dqdimacs,35,181
./benchmark_tests/original/Biere/adder_3_6/pec_adder_3_bit_6_90.dqdimacs,37,177
./benchmark_tests/original/Biere/adder_3_6/pec_adder_3_bit_6_90.dqdimacs,38,178
./benchmark_tests/original/Biere/adder_3_6/pec_adder_3_bit_6_90.dqdimacs,39,180
./benchmark_tests/original/Biere/adder_3_6/pec_adder_3_bit_6_90.dqdimacs,41,176
./benchmark_tests/original/Biere/adder_3_6/pec_adder_3_bit_6_90.dqdimacs,42,178
./benchmark_tests/original/Biere/adder_3_6/pec_adder_3_bit_6_90.dqdimacs,43,180
./benchmark_tests/original/Biere/adder_3_6/pec_adder_3_bit_6_90.dqdimacs,45,179
./benchmark_tests/original/Biere/adder_3_6/pec_adder_3_bit_6_90.dqdimacs,46,178
./benchmark_tests/original/Biere/adder_3_6/pec_adder_3_bit_6_90.dqdimacs,47,182
./benchmark_tests/original/Biere/adder_3_6/pec_adder_3_bit_6_90.dqdimacs,49,179
./benchmark_tests/original/Biere/adder_3_6/pec_adder_3_bit_6_90.dqdimacs,50,177
./benchmark_tests/original/Biere/adder_3_6/pec_adder_3_bit_6_90.dqdimacs,51,179
./benchmark_tests/original/Biere/adder_3_6/pec_adder_3_bit_6_90.dqdimacs,53,176
./benchmark_tests/original/Biere/adder_3_6/pec_adder_3_bit_6_90.dqdimacs,54,176
./benchmark_tests/original/Biere/adder_3_6/pec_adder_3_bit_6_90.dqdimacs,55,175
./benchmark_tests/original/Biere/adder_3_6/pec_adder_3_bit_6_90.dqdimacs,56,179
./benchmark_tests/original/Biere/adder_3_6/pec_adder_3_bit_6_90.dqdimacs,58,176
./benchmark_tests/original/Biere/adder_3_6/pec_adder_3_bit_6_90.dqdimacs,59,179
./benchmark_tests/original/Biere/adder_3_6/pec_adder_3_bit_6_90.dqdimacs,60,181
./benchmark_tests/original/Biere/adder_3_6/pec_adder_3_bit_6_90.dqdimacs,62,178
./benchmark_tests/original/Biere/adder_3_6/pec_adder_3_bit_6_90.dqdimacs,63,177
./benchmark_tests/original/Biere/adder_3_6/pec_adder_3_bit_6_90.dqdimacs,64,177
./benchmark_tests/original/Biere/adder_3_6/pec_adder_3_bit_6_90.dqdimacs,65,179
./benchmark_tests/original/Biere/adder_3_6/pec_adder_3_bit_6_90.dqdimacs,67,177
./benchmark_tests/original/Biere/adder_3_6/pec_adder_3_bit_6_90.dqdimacs,68,178
./benchmark_tests/original/Biere/adder_3_6/pec_adder_3_bit_6_90.dqdimacs,69,179
./benchmark_tests/original/Biere/adder_3_6/pec_adder_3_bit_6_90.dqdimacs,70,180
./benchmark_tests/original/Biere/adder_3_6/pec_adder_3_bit_6_90.dqdimacs,72,177
./benchmark_tests/original/Biere/adder_3_6/pec_adder_3_bit_6_90.dqdimacs,73,177
./benchmark_tests/original/Biere/adder_3_6/pec_adder_3_bit_6_90.dqdimacs,74,177
./benchmark_tests/original/Biere/adder_3_6/pec_adder_3_bit_6_90.dqdimacs,75,178
./benchmark_tests/original/Biere/adder_3_6/pec_adder_3_bit_6_90.dqdimacs,77,177
./benchmark_tests/original/Biere/adder_3_6/pec_adder_3_bit_6_90.dqdimacs,78,177
./benchmark_tests/original/Biere/adder_3_6/pec_adder_3_bit_6_90.dqdimacs,79,177
./benchmark_tests/original/Biere/adder_3_6/pec_adder_3_bit_6_90.dqdimacs,80,182
./benchmark_tests/original/Biere/adder_3_6/pec_adder_3_bit_6_90.dqdimacs,81,177
./benchmark_tests/original/Biere/adder_3_6/pec_adder_3_bit_6_90.dqdimacs,82,177
./benchmark_tests/original/Biere/adder_3_6/pec_adder_3_bit_6_90.dqdimacs,83,175
./benchmark_tests/original/Biere/adder_3_6/pec_adder_3_bit_6_90.dqdimacs,84,178
./benchmark_tests/original/Biere/adder_3_6/pec_adder_3_bit_6_90.dqdimacs,85,178
./benchmark_tests/original/Biere/adder_3_6/pec_adder_3_bit_6_90.dqdimacs,86,178
./benchmark_tests/original/Biere/adder_3_6/pec_adder_3_bit_6_90.dqdimacs,87,176
./benchmark_tests/original/Biere/adder_3_6/pec_adder_3_bit_6_90.dqdimacs,88,179
./benchmark_tests/original/Biere/adder_3_6/pec_adder_3_bit_6_90.dqdimacs,89,179
./benchmark_tests/original/Biere/adder_3_6/pec_adder_3_bit_6_90.dqdimacs,90,179
./benchmark_tests/original/Biere/adder_3_6/pec_adder_3_bit_6_90.dqdimacs,91,178
./benchmark_tests/original/Biere/adder_3_6/pec_adder_3_bit_6_90.dqdimacs,92,179
./benchmark_tests/original/Biere/adder_3_6/pec_adder_3_bit_6_90.dqdimacs,93,178
./benchmark_tests/original/Biere/adder_3_6/pec_adder_3_bit_6_90.dqdimacs,94,179
./benchmark_tests/original/Biere/adder_3_6/pec_adder_3_bit_6_90.dqdimacs,95,178
./benchmark_tests/original/Biere/adder_3_6/pec_adder_3_bit_6_90.dqdimacs,96,176
./benchmark_tests/original/Biere/adder_3_6/pec_adder_3_bit_6_90.dqdimacs,97,177
./benchmark_tests/original/Biere/adder_3_6/pec_adder_3_bit_6_91.dqdimacs,4,207
./benchmark_tests/original/Biere/adder_3_6/pec_adder_3_bit_6_91.dqdimacs,5,156
./benchmark_tests/original/Biere/adder_3_6/pec_adder_3_bit_6_91.dqdimacs,6,156
./benchmark_tests/original/Biere/adder_3_6/pec_adder_3_bit_6_91.dqdimacs,10,155
./benchmark_tests/original/Biere/adder_3_6/pec_adder_3_bit_6_91.dqdimacs,11,155
./benchmark_tests/original/Biere/adder_3_6/pec_adder_3_bit_6_91.dqdimacs,12,157
./benchmark_tests/original/Biere/adder_3_6/pec_adder_3_bit_6_91.dqdimacs,13,157
./benchmark_tests/original/Biere/adder_3_6/pec_adder_3_bit_6_91.dqdimacs,17,156
./benchmark_tests/original/Biere/adder_3_6/pec_adder_3_bit_6_91.dqdimacs,18,157
./benchmark_tests/original/Biere/adder_3_6/pec_adder_3_bit_6_91.dqdimacs,19,151
./benchmark_tests/original/Biere/adder_3_6/pec_adder_3_bit_6_91.dqdimacs,20,143
./benchmark_tests/original/Biere/adder_3_6/pec_adder_3_bit_6_91.dqdimacs,22,131
./benchmark_tests/original/Biere/adder_3_6/pec_adder_3_bit_6_91.dqdimacs,23,121
./benchmark_tests/original/Biere/adder_3_6/pec_adder_3_bit_6_91.dqdimacs,24,111
./benchmark_tests/original/Biere/adder_3_6/pec_adder_3_bit_6_91.dqdimacs,25,102
./benchmark_tests/original/Biere/adder_3_6/pec_adder_3_bit_6_91.dqdimacs,26,95
./benchmark_tests/original/Biere/adder_3_6/pec_adder_3_bit_6_91.dqdimacs,27,90
./benchmark_tests/original/Biere/adder_3_6/pec_adder_3_bit_6_91.dqdimacs,29,85
./benchmark_tests/original/Biere/adder_3_6/pec_adder_3_bit_6_91.dqdimacs,30,85
./benchmark_tests/original/Biere/adder_3_6/pec_adder_3_bit_6_91.dqdimacs,31,85
./benchmark_tests/original/Biere/adder_3_6/pec_adder_3_bit_6_91.dqdimacs,32,86
./benchmark_tests/original/Biere/adder_3_6/pec_adder_3_bit_6_91.dqdimacs,34,85
./benchmark_tests/original/Biere/adder_3_6/pec_adder_3_bit_6_91.dqdimacs,35,85
./benchmark_tests/original/Biere/adder_3_6/pec_adder_3_bit_6_91.dqdimacs,36,84
./benchmark_tests/original/Biere/adder_3_6/pec_adder_3_bit_6_91.dqdimacs,38,86
./benchmark_tests/original/Biere/adder_3_6/pec_adder_3_bit_6_91.dqdimacs,39,86
./benchmark_tests/original/Biere/adder_3_6/pec_adder_3_bit_6_91.dqdimacs,40,87
./benchmark_tests/original/Biere/adder_3_6/pec_adder_3_bit_6_91.dqdimacs,42,86
./benchmark_tests/original/Biere/adder_3_6/pec_adder_3_bit_6_91.dqdimacs,43,86
./benchmark_tests/original/Biere/adder_3_6/pec_adder_3_bit_6_91.dqdimacs,44,85
./benchmark_tests/original/Biere/adder_3_6/pec_adder_3_bit_6_91.dqdimacs,45,87
./benchmark_tests/original/Biere/adder_3_6/pec_adder_3_bit_6_91.dqdimacs,47,85
./benchmark_tests/original/Biere/adder_3_6/pec_adder_3_bit_6_91.dqdimacs,48,85
./benchmark_tests/original/Biere/adder_3_6/pec_adder_3_bit_6_91.dqdimacs,49,86
./benchmark_tests/original/Biere/adder_3_6/pec_adder_3_bit_6_91.dqdimacs,51,85
./benchmark_tests/original/Biere/adder_3_6/pec_adder_3_bit_6_91.dqdimacs,52,84
./benchmark_tests/original/Biere/adder_3_6/pec_adder_3_bit_6_91.dqdimacs,53,85
./benchmark_tests/original/Biere/adder_3_6/pec_adder_3_bit_6_91.dqdimacs,55,85
./benchmark_tests/original/Biere/adder_3_6/pec_adder_3_bit_6_91.dqdimacs,56,85
./benchmark_tests/original/Biere/adder_3_6/pec_adder_3_bit_6_91.dqdimacs,57,86
./benchmark_tests/original/Biere/adder_3_6/pec_adder_3_bit_6_91.dqdimacs,59,84
./benchmark_tests/original/Biere/adder_3_6/pec_adder_3_bit_6_91.dqdimacs,60,85
./benchmark_tests/original/Biere/adder_3_6/pec_adder_3_bit_6_91.dqdimacs,61,84
./benchmark_tests/original/Biere/adder_3_6/pec_adder_3_bit_6_91.dqdimacs,62,85
./benchmark_tests/original/Biere/adder_3_6/pec_adder_3_bit_6_91.dqdimacs,63,86
./benchmark_tests/original/Biere/adder_3_6/pec_adder_3_bit_6_91.dqdimacs,65,85
./benchmark_tests/original/Biere/adder_3_6/pec_adder_3_bit_6_91.dqdimacs,66,85
./benchmark_tests/original/Biere/adder_3_6/pec_adder_3_bit_6_91.dqdimacs,67,86
./benchmark_tests/original/Biere/adder_3_6/pec_adder_3_bit_6_91.dqdimacs,69,84
./benchmark_tests/original/Biere/adder_3_6/pec_adder_3_bit_6_91.dqdimacs,70,84
./benchmark_tests/original/Biere/adder_3_6/pec_adder_3_bit_6_91.dqdimacs,71,85
./benchmark_tests/original/Biere/adder_3_6/pec_adder_3_bit_6_91.dqdimacs,72,87
./benchmark_tests/original/Biere/adder_3_6/pec_adder_3_bit_6_91.dqdimacs,74,84
./benchmark_tests/original/Biere/adder_3_6/pec_adder_3_bit_6_91.dqdimacs,75,84
./benchmark_tests/original/Biere/adder_3_6/pec_adder_3_bit_6_91.dqdimacs,76,84
./benchmark_tests/original/Biere/adder_3_6/pec_adder_3_bit_6_91.dqdimacs,77,87
./benchmark_tests/original/Biere/adder_3_6/pec_adder_3_bit_6_91.dqdimacs,78,85
./benchmark_tests/original/Biere/adder_3_6/pec_adder_3_bit_6_91.dqdimacs,79,85
./benchmark_tests/original/Biere/adder_3_6/pec_adder_3_bit_6_91.dqdimacs,80,85
./benchmark_tests/original/Biere/adder_3_6/pec_adder_3_bit_6_91.dqdimacs,81,85
./benchmark_tests/original/Biere/adder_3_6/pec_adder_3_bit_6_91.dqdimacs,82,85
./benchmark_tests/original/Biere/adder_3_6/pec_adder_3_bit_6_91.dqdimacs,83,84
./benchmark_tests/original/Biere/adder_3_6/pec_adder_3_bit_6_91.dqdimacs,84,84
./benchmark_tests/original/Biere/adder_3_6/pec_adder_3_bit_6_91.dqdimacs,85,85
./benchmark_tests/original/Biere/adder_3_6/pec_adder_3_bit_6_91.dqdimacs,86,85
./benchmark_tests/original/Biere/adder_3_6/pec_adder_3_bit_6_91.dqdimacs,87,84
./benchmark_tests/original/Biere/adder_3_6/pec_adder_3_bit_6_91.dqdimacs,88,84
./benchmark_tests/original/Biere/adder_3_6/pec_adder_3_bit_6_91.dqdimacs,89,84
./benchmark_tests/original/Biere/adder_3_6/pec_adder_3_bit_6_91.dqdimacs,90,85
./benchmark_tests/original/Biere/adder_3_6/pec_adder_3_bit_6_91.dqdimacs,91,84
./benchmark_tests/original/Biere/adder_3_6/pec_adder_3_bit_6_91.dqdimacs,92,84
./benchmark_tests/original/Biere/adder_3_6/pec_adder_3_bit_6_91.dqdimacs,93,84
./benchmark_tests/original/Biere/adder_3_6/pec_adder_3_bit_6_92.dqdimacs,4,199
./benchmark_tests/original/Biere/adder_3_6/pec_adder_3_bit_6_92.dqdimacs,5,149
./benchmark_tests/original/Biere/adder_3_6/pec_adder_3_bit_6_92.dqdimacs,6,148
./benchmark_tests/original/Biere/adder_3_6/pec_adder_3_bit_6_92.dqdimacs,10,149
./benchmark_tests/original/Biere/adder_3_6/pec_adder_3_bit_6_92.dqdimacs,11,150
./benchmark_tests/original/Biere/adder_3_6/pec_adder_3_bit_6_92.dqdimacs,12,149
./benchmark_tests/original/Biere/adder_3_6/pec_adder_3_bit_6_92.dqdimacs,13,148
./benchmark_tests/original/Biere/adder_3_6/pec_adder_3_bit_6_92.dqdimacs,17,146
./benchmark_tests/original/Biere/adder_3_6/pec_adder_3_bit_6_92.dqdimacs,18,148
./benchmark_tests/original/Biere/adder_3_6/pec_adder_3_bit_6_92.dqdimacs,19,146
./benchmark_tests/original/Biere/adder_3_6/pec_adder_3_bit_6_92.dqdimacs,20,140
./benchmark_tests/original/Biere/adder_3_6/pec_adder_3_bit_6_92.dqdimacs,22,130
./benchmark_tests/original/Biere/adder_3_6/pec_adder_3_bit_6_92.dqdimacs,23,120
./benchmark_tests/original/Biere/adder_3_6/pec_adder_3_bit_6_92.dqdimacs,24,111
./benchmark_tests/original/Biere/adder_3_6/pec_adder_3_bit_6_92.dqdimacs,25,102
./benchmark_tests/original/Biere/adder_3_6/pec_adder_3_bit_6_92.dqdimacs,26,95
./benchmark_tests/original/Biere/adder_3_6/pec_adder_3_bit_6_92.dqdimacs,27,89
./benchmark_tests/original/Biere/adder_3_6/pec_adder_3_bit_6_92.dqdimacs,29,82
./benchmark_tests/original/Biere/adder_3_6/pec_adder_3_bit_6_92.dqdimacs,30,79
./benchmark_tests/original/Biere/adder_3_6/pec_adder_3_bit_6_92.dqdimacs,31,81
./benchmark_tests/original/Biere/adder_3_6/pec_adder_3_bit_6_92.dqdimacs,33,79
./benchmark_tests/original/Biere/adder_3_6/pec_adder_3_bit_6_92.dqdimacs,34,79
./benchmark_tests/original/Biere/adder_3_6/pec_adder_3_bit_6_92.dqdimacs,35,81
./benchmark_tests/original/Biere/adder_3_6/pec_adder_3_bit_6_92.dqdimacs,37,80
./benchmark_tests/original/Biere/adder_3_6/pec_adder_3_bit_6_92.dqdimacs,38,80
./benchmark_tests/original/Biere/adder_3_6/pec_adder_3_bit_6_92.dqdimacs,39,80
./benchmark_tests/original/Biere/adder_3_6/pec_adder_3_bit_6_92.dqdimacs,40,81
./benchmark_tests/original/Biere/adder_3_6/pec_adder_3_bit_6_92.dqdimacs,42,80
./benchmark_tests/original/Biere/adder_3_6/pec_adder_3_bit_6_92.dqdimacs,43,79
./benchmark_tests/original/Biere/adder_3_6/pec_adder_3_bit_6_92.dqdimacs,44,79
./benchmark_tests/original/Biere/adder_3_6/pec_adder_3_bit_6_92.dqdimacs,45,81
./benchmark_tests/original/Biere/adder_3_6/pec_adder_3_bit_6_92.dqdimacs,47,79
./benchmark_tests/original/Biere/adder_3_6/pec_adder_3_bit_6_92.dqdimacs,48,80
./benchmark_tests/original/Biere/adder_3_6/pec_adder_3_bit_6_92.dqdimacs,49,80
./benchmark_tests/original/Biere/adder_3_6/pec_adder_3_bit_6_92.dqdimacs,50,81
./benchmark_tests/original/Biere/adder_3_6/pec_adder_3_bit_6_92.dqdimacs,52,80
./benchmark_tests/original/Biere/adder_3_6/pec_adder_3_bit_6_92.dqdimacs,53,79
./benchmark_tests/original/Biere/adder_3_6/pec_adder_3_bit_6_92.dqdimacs,54,80
./benchmark_tests/original/Biere/adder_3_6/pec_adder_3_bit_6_92.dqdimacs,56,78
./benchmark_tests/original/Biere/adder_3_6/pec_adder_3_bit_6_92.dqdimacs,57,79
./benchmark_tests/original/Biere/adder_3_6/pec_adder_3_bit_6_92.dqdimacs,58,79
./benchmark_tests/original/Biere/adder_3_6/pec_adder_3_bit_6_92.dqdimacs,59,81
./benchmark_tests/original/Biere/adder_3_6/pec_adder_3_bit_6_92.dqdimacs,61,80
./benchmark_tests/original/Biere/adder_3_6/pec_adder_3_bit_6_92.dqdimacs,62,80
./benchmark_tests/original/Biere/adder_3_6/pec_adder_3_bit_6_92.dqdimacs,63,80
./benchmark_tests/original/Biere/adder_3_6/pec_adder_3_bit_6_92.dqdimacs,65,78
./benchmark_tests/original/Biere/adder_3_6/pec_adder_3_bit_6_92.dqdimacs,66,80
./benchmark_tests/original/Biere/adder_3_6/pec_adder_3_bit_6_92.dqdimacs,67,81
./benchmark_tests/original/Biere/adder_3_6/pec_adder_3_bit_6_92.dqdimacs,68,80
./benchmark_tests/original/Biere/adder_3_6/pec_adder_3_bit_6_92.dqdimacs,69,80
./benchmark_tests/original/Biere/adder_3_6/pec_adder_3_bit_6_92.dqdimacs,70,80
./benchmark_tests/original/Biere/adder_3_6/pec_adder_3_bit_6_92.dqdimacs,71,79
./benchmark_tests/original/Biere/adder_3_6/pec_adder_3_bit_6_92.dqdimacs,72,79
./benchmark_tests/original/Biere/adder_3_6/pec_adder_3_bit_6_92.dqdimacs,73,79
./benchmark_tests/original/Biere/adder_3_6/pec_adder_3_bit_6_92.dqdimacs,74,80
./benchmark_tests/original/Biere/adder_3_6/pec_adder_3_bit_6_92.dqdimacs,75,80
./benchmark_tests/original/Biere/adder_3_6/pec_adder_3_bit_6_92.dqdimacs,76,78
./benchmark_tests/original/Biere/adder_3_6/pec_adder_3_bit_6_92.dqdimacs,77,79
./benchmark_tests/original/Biere/adder_3_6/pec_adder_3_bit_6_92.dqdimacs,78,80
./benchmark_tests/original/Biere/adder_3_6/pec_adder_3_bit_6_92.dqdimacs,79,80
./benchmark_tests/original/Biere/adder_3_6/pec_adder_3_bit_6_92.dqdimacs,80,80
./benchmark_tests/original/Biere/adder_3_6/pec_adder_3_bit_6_92.dqdimacs,81,80
./benchmark_tests/original/Biere/adder_3_6/pec_adder_3_bit_6_92.dqdimacs,82,80
./benchmark_tests/original/Biere/adder_3_6/pec_adder_3_bit_6_92.dqdimacs,83,80
./benchmark_tests/original/Biere/adder_3_6/pec_adder_3_bit_6_92.dqdimacs,84,79
./benchmark_tests/original/Biere/adder_3_6/pec_adder_3_bit_6_92.dqdimacs,85,78
./benchmark_tests/original/Biere/adder_3_6/pec_adder_3_bit_6_93.dqdimacs,4,307
./benchmark_tests/original/Biere/adder_3_6/pec_adder_3_bit_6_93.dqdimacs,5,255
./benchmark_tests/original/Biere/adder_3_6/pec_adder_3_bit_6_93.dqdimacs,6,255
./benchmark_tests/original/Biere/adder_3_6/pec_adder_3_bit_6_93.dqdimacs,10,253
./benchmark_tests/original/Biere/adder_3_6/pec_adder_3_bit_6_93.dqdimacs,11,253
./benchmark_tests/original/Biere/adder_3_6/pec_adder_3_bit_6_93.dqdimacs,12,250
./benchmark_tests/original/Biere/adder_3_6/pec_adder_3_bit_6_93.dqdimacs,13,228
./benchmark_tests/original/Biere/adder_3_6/pec_adder_3_bit_6_93.dqdimacs,17,199
./benchmark_tests/original/Biere/adder_3_6/pec_adder_3_bit_6_93.dqdimacs,18,174
./benchmark_tests/original/Biere/adder_3_6/pec_adder_3_bit_6_93.dqdimacs,19,153
./benchmark_tests/original/Biere/adder_3_6/pec_adder_3_bit_6_93.dqdimacs,20,140
./benchmark_tests/original/Biere/adder_3_6/pec_adder_3_bit_6_93.dqdimacs,22,136
./benchmark_tests/original/Biere/adder_3_6/pec_adder_3_bit_6_93.dqdimacs,23,136
./benchmark_tests/original/Biere/adder_3_6/pec_adder_3_bit_6_93.dqdimacs,24,136
./benchmark_tests/original/Biere/adder_3_6/pec_adder_3_bit_6_93.dqdimacs,25,136
./benchmark_tests/original/Biere/adder_3_6/pec_adder_3_bit_6_93.dqdimacs,26,136
./benchmark_tests/original/Biere/adder_3_6/pec_adder_3_bit_6_93.dqdimacs,27,138
./benchmark_tests/original/Biere/adder_3_6/pec_adder_3_bit_6_93.dqdimacs,29,135
./benchmark_tests/original/Biere/adder_3_6/pec_adder_3_bit_6_93.dqdimacs,30,135
./benchmark_tests/original/Biere/adder_3_6/pec_adder_3_bit_6_93.dqdimacs,31,138
./benchmark_tests/original/Biere/adder_3_6/pec_adder_3_bit_6_93.dqdimacs,33,136
./benchmark_tests/original/Biere/adder_3_6/pec_adder_3_bit_6_93.dqdimacs,34,136
./benchmark_tests/original/Biere/adder_3_6/pec_adder_3_bit_6_93.dqdimacs,35,138
./benchmark_tests/original/Biere/adder_3_6/pec_adder_3_bit_6_93.dqdimacs,37,136
./benchmark_tests/original/Biere/adder_3_6/pec_adder_3_bit_6_93.dqdimacs,38,136
./benchmark_tests/original/Biere/adder_3_6/pec_adder_3_bit_6_93.dqdimacs,39,136
./benchmark_tests/original/Biere/adder_3_6/pec_adder_3_bit_6_93.dqdimacs,40,137
./benchmark_tests/original/Biere/adder_3_6/pec_adder_3_bit_6_93.dqdimacs,42,136
./benchmark_tests/original/Biere/adder_3_6/pec_adder_3_bit_6_93.dqdimacs,43,136
./benchmark_tests/original/Biere/adder_3_6/pec_adder_3_bit_6_93.dqdimacs,44,138
./benchmark_tests/original/Biere/adder_3_6/pec_adder_3_bit_6_93.dqdimacs,45,138
./benchmark_tests/original/Biere/adder_3_6/pec_adder_3_bit_6_93.dqdimacs,47,137
./benchmark_tests/original/Biere/adder_3_6/pec_adder_3_bit_6_93.dqdimacs,48,137
./benchmark_tests/original/Biere/adder_3_6/pec_adder_3_bit_6_93.dqdimacs,49,137
./benchmark_tests/original/Biere/adder_3_6/pec_adder_3_bit_6_93.dqdimacs,50,136
./benchmark_tests/original/Biere/adder_3_6/pec_adder_3_bit_6_93.dqdimacs,51,138
./benchmark_tests/original/Biere/adder_3_6/pec_adder_3_bit_6_93.dqdimacs,53,136
./benchmark_tests/original/Biere/adder_3_6/pec_adder_3_bit_6_93.dqdimacs,54,138
./benchmark_tests/original/Biere/adder_3_6/pec_adder_3_bit_6_93.dqdimacs,55,136
./benchmark_tests/original/Biere/adder_3_6/pec_adder_3_bit_6_93.dqdimacs,56,137
./benchmark_tests/original/Biere/adder_3_6/pec_adder_3_bit_6_93.dqdimacs,58,136
./benchmark_tests/original/Biere/adder_3_6/pec_adder_3_bit_6_93.dqdimacs,59,136
./benchmark_tests/original/Biere/adder_3_6/pec_adder_3_bit_6_93.dqdimacs,60,137
./benchmark_tests/original/Biere/adder_3_6/pec_adder_3_bit_6_93.dqdimacs,61,138
./benchmark_tests/original/Biere/adder_3_6/pec_adder_3_bit_6_93.dqdimacs,63,136
./benchmark_tests/original/Biere/adder_3_6/pec_adder_3_bit_6_93.dqdimacs,64,135
./benchmark_tests/original/Biere/adder_3_6/pec_adder_3_bit_6_93.dqdimacs,65,136
./benchmark_tests/original/Biere/adder_3_6/pec_adder_3_bit_6_93.dqdimacs,66,138
./benchmark_tests/original/Biere/adder_3_6/pec_adder_3_bit_6_93.dqdimacs,67,136
./benchmark_tests/original/Biere/adder_3_6/pec_adder_3_bit_6_93.dqdimacs,68,137
./benchmark_tests/original/Biere/adder_3_6/pec_adder_3_bit_6_93.dqdimacs,69,137
./benchmark_tests/original/Biere/adder_3_6/pec_adder_3_bit_6_93.dqdimacs,70,136
./benchmark_tests/original/Biere/adder_3_6/pec_adder_3_bit_6_93.dqdimacs,71,136
./benchmark_tests/original/Biere/adder_3_6/pec_adder_3_bit_6_93.dqdimacs,72,137
./benchmark_tests/original/Biere/adder_3_6/pec_adder_3_bit_6_93.dqdimacs,73,137
./benchmark_tests/original/Biere/adder_3_6/pec_adder_3_bit_6_93.dqdimacs,74,136
./benchmark_tests/original/Biere/adder_3_6/pec_adder_3_bit_6_93.dqdimacs,75,136
./benchmark_tests/original/Biere/adder_3_6/pec_adder_3_bit_6_93.dqdimacs,76,136
./benchmark_tests/original/Biere/adder_3_6/pec_adder_3_bit_6_93.dqdimacs,77,136
./benchmark_tests/original/Biere/adder_3_6/pec_adder_3_bit_6_93.dqdimacs,78,136
./benchmark_tests/original/Biere/adder_3_6/pec_adder_3_bit_6_93.dqdimacs,79,136
./benchmark_tests/original/Biere/adder_3_6/pec_adder_3_bit_6_93.dqdimacs,80,136
./benchmark_tests/original/Biere/adder_3_6/pec_adder_3_bit_6_93.dqdimacs,81,136
./benchmark_tests/original/Biere/adder_3_6/pec_adder_3_bit_6_93.dqdimacs,82,136
./benchmark_tests/original/Biere/adder_3_6/pec_adder_3_bit_6_93.dqdimacs,83,137
./benchmark_tests/original/Biere/adder_3_6/pec_adder_3_bit_6_93.dqdimacs,84,136
./benchmark_tests/original/Biere/adder_3_6/pec_adder_3_bit_6_94.dqdimacs,4,236
./benchmark_tests/original/Biere/adder_3_6/pec_adder_3_bit_6_94.dqdimacs,5,189
./benchmark_tests/original/Biere/adder_3_6/pec_adder_3_bit_6_94.dqdimacs,6,188
./benchmark_tests/original/Biere/adder_3_6/pec_adder_3_bit_6_94.dqdimacs,10,188
./benchmark_tests/original/Biere/adder_3_6/pec_adder_3_bit_6_94.dqdimacs,11,188
./benchmark_tests/original/Biere/adder_3_6/pec_adder_3_bit_6_94.dqdimacs,12,188
./benchmark_tests/original/Biere/adder_3_6/pec_adder_3_bit_6_94.dqdimacs,13,188
./benchmark_tests/original/Biere/adder_3_6/pec_adder_3_bit_6_94.dqdimacs,17,185
./benchmark_tests/original/Biere/adder_3_6/pec_adder_3_bit_6_94.dqdimacs,18,173
./benchmark_tests/original/Biere/adder_3_6/pec_adder_3_bit_6_94.dqdimacs,19,158
./benchmark_tests/original/Biere/adder_3_6/pec_adder_3_bit_6_94.dqdimacs,20,143
./benchmark_tests/original/Biere/adder_3_6/pec_adder_3_bit_6_94.dqdimacs,22,128
./benchmark_tests/original/Biere/adder_3_6/pec_adder_3_bit_6_94.dqdimacs,23,117
./benchmark_tests/original/Biere/adder_3_6/pec_adder_3_bit_6_94.dqdimacs,24,108
./benchmark_tests/original/Biere/adder_3_6/pec_adder_3_bit_6_94.dqdimacs,25,102
./benchmark_tests/original/Biere/adder_3_6/pec_adder_3_bit_6_94.dqdimacs,26,101
./benchmark_tests/original/Biere/adder_3_6/pec_adder_3_bit_6_94.dqdimacs,27,103
./benchmark_tests/original/Biere/adder_3_6/pec_adder_3_bit_6_94.dqdimacs,29,101
./benchmark_tests/original/Biere/adder_3_6/pec_adder_3_bit_6_94.dqdimacs,30,101
./benchmark_tests/original/Biere/adder_3_6/pec_adder_3_bit_6_94.dqdimacs,31,103
./benchmark_tests/original/Biere/adder_3_6/pec_adder_3_bit_6_94.dqdimacs,33,100
./benchmark_tests/original/Biere/adder_3_6/pec_adder_3_bit_6_94.dqdimacs,34,100
./benchmark_tests/original/Biere/adder_3_6/pec_adder_3_bit_6_94.dqdimacs,35,100
./benchmark_tests/original/Biere/adder_3_6/pec_adder_3_bit_6_94.dqdimacs,36,102
./benchmark_tests/original/Biere/adder_3_6/pec_adder_3_bit_6_94.dqdimacs,38,100
./benchmark_tests/original/Biere/adder_3_6/pec_adder_3_bit_6_94.dqdimacs,39,101
./benchmark_tests/original/Biere/adder_3_6/pec_adder_3_bit_6_94.dqdimacs,40,102
./benchmark_tests/original/Biere/adder_3_6/pec_adder_3_bit_6_94.dqdimacs,42,100
./benchmark_tests/original/Biere/adder_3_6/pec_adder_3_bit_6_94.dqdimacs,43,100
./benchmark_tests/original/Biere/adder_3_6/pec_adder_3_bit_6_94.dqdimacs,44,100
./benchmark_tests/original/Biere/adder_3_6/pec_adder_3_bit_6_94.dqdimacs,45,102
./benchmark_tests/original/Biere/adder_3_6/pec_adder_3_bit_6_94.dqdimacs,47,100
./benchmark_tests/original/Biere/adder_3_6/pec_adder_3_bit_6_94.dqdimacs,48,100
./benchmark_tests/original/Biere/adder_3_6/pec_adder_3_bit_6_94.dqdimacs,49,100
./benchmark_tests/original/Biere/adder_3_6/pec_adder_3_bit_6_94.dqdimacs,50,101
./benchmark_tests/original/Biere/adder_3_6/pec_adder_3_bit_6_94.dqdimacs,51,102
./benchmark_tests/original/Biere/adder_3_6/pec_adder_3_bit_6_94.dqdimacs,53,101
./benchmark_tests/original/Biere/adder_3_6/pec_adder_3_bit_6_94.dqdimacs,54,99
./benchmark_tests/original/Biere/adder_3_6/pec_adder_3_bit_6_94.dqdimacs,55,102
./benchmark_tests/original/Biere/adder_3_6/pec_adder_3_bit_6_94.dqdimacs,57,101
./benchmark_tests/original/Biere/adder_3_6/pec_adder_3_bit_6_94.dqdimacs,58,100
./benchmark_tests/original/Biere/adder_3_6/pec_adder_3_bit_6_94.dqdimacs,59,101
./benchmark_tests/original/Biere/adder_3_6/pec_adder_3_bit_6_94.dqdimacs,60,102
./benchmark_tests/original/Biere/adder_3_6/pec_adder_3_bit_6_94.dqdimacs,62,100
./benchmark_tests/original/Biere/adder_3_6/pec_adder_3_bit_6_94.dqdimacs,63,100
./benchmark_tests/original/Biere/adder_3_6/pec_adder_3_bit_6_94.dqdimacs,64,101
./benchmark_tests/original/Biere/adder_3_6/pec_adder_3_bit_6_94.dqdimacs,65,103
./benchmark_tests/original/Biere/adder_3_6/pec_adder_3_bit_6_94.dqdimacs,66,102
./benchmark_tests/original/Biere/adder_3_6/pec_adder_3_bit_6_94.dqdimacs,67,100
./benchmark_tests/original/Biere/adder_3_6/pec_adder_3_bit_6_94.dqdimacs,68,100
./benchmark_tests/original/Biere/adder_3_6/pec_adder_3_bit_6_94.dqdimacs,69,100
./benchmark_tests/original/Biere/adder_3_6/pec_adder_3_bit_6_94.dqdimacs,70,100
./benchmark_tests/original/Biere/adder_3_6/pec_adder_3_bit_6_94.dqdimacs,71,100
./benchmark_tests/original/Biere/adder_3_6/pec_adder_3_bit_6_94.dqdimacs,72,100
./benchmark_tests/original/Biere/adder_3_6/pec_adder_3_bit_6_94.dqdimacs,73,100
./benchmark_tests/original/Biere/adder_3_6/pec_adder_3_bit_6_94.dqdimacs,74,101
./benchmark_tests/original/Biere/adder_3_6/pec_adder_3_bit_6_94.dqdimacs,75,101
./benchmark_tests/original/Biere/adder_3_6/pec_adder_3_bit_6_94.dqdimacs,76,100
./benchmark_tests/original/Biere/adder_3_6/pec_adder_3_bit_6_94.dqdimacs,77,101
./benchmark_tests/original/Biere/adder_3_6/pec_adder_3_bit_6_94.dqdimacs,78,101
./benchmark_tests/original/Biere/adder_3_6/pec_adder_3_bit_6_94.dqdimacs,79,101
./benchmark_tests/original/Biere/adder_3_6/pec_adder_3_bit_6_94.dqdimacs,80,100
./benchmark_tests/original/Biere/adder_3_6/pec_adder_3_bit_6_94.dqdimacs,81,101
./benchmark_tests/original/Biere/adder_3_6/pec_adder_3_bit_6_94.dqdimacs,82,101
./benchmark_tests/original/Biere/adder_3_6/pec_adder_3_bit_6_95.dqdimacs,4,422
./benchmark_tests/original/Biere/adder_3_6/pec_adder_3_bit_6_95.dqdimacs,5,374
./benchmark_tests/original/Biere/adder_3_6/pec_adder_3_bit_6_95.dqdimacs,6,372
./benchmark_tests/original/Biere/adder_3_6/pec_adder_3_bit_6_95.dqdimacs,10,370
./benchmark_tests/original/Biere/adder_3_6/pec_adder_3_bit_6_95.dqdimacs,11,330
./benchmark_tests/original/Biere/adder_3_6/pec_adder_3_bit_6_95.dqdimacs,12,273
./benchmark_tests/original/Biere/adder_3_6/pec_adder_3_bit_6_95.dqdimacs,13,226
./benchmark_tests/original/Biere/adder_3_6/pec_adder_3_bit_6_95.dqdimacs,17,201
./benchmark_tests/original/Biere/adder_3_6/pec_adder_3_bit_6_95.dqdimacs,18,200
./benchmark_tests/original/Biere/adder_3_6/pec_adder_3_bit_6_95.dqdimacs,19,197
./benchmark_tests/original/Biere/adder_3_6/pec_adder_3_bit_6_95.dqdimacs,20,200
./benchmark_tests/original/Biere/adder_3_6/pec_adder_3_bit_6_95.dqdimacs,22,197
./benchmark_tests/original/Biere/adder_3_6/pec_adder_3_bit_6_95.dqdimacs,23,199
./benchmark_tests/original/Biere/adder_3_6/pec_adder_3_bit_6_95.dqdimacs,24,198
./benchmark_tests/original/Biere/adder_3_6/pec_adder_3_bit_6_95.dqdimacs,25,198
./benchmark_tests/original/Biere/adder_3_6/pec_adder_3_bit_6_95.dqdimacs,26,197
./benchmark_tests/original/Biere/adder_3_6/pec_adder_3_bit_6_95.dqdimacs,27,199
./benchmark_tests/original/Biere/adder_3_6/pec_adder_3_bit_6_95.dqdimacs,29,196
./benchmark_tests/original/Biere/adder_3_6/pec_adder_3_bit_6_95.dqdimacs,30,197
./benchmark_tests/original/Biere/adder_3_6/pec_adder_3_bit_6_95.dqdimacs,31,201
./benchmark_tests/original/Biere/adder_3_6/pec_adder_3_bit_6_95.dqdimacs,33,198
./benchmark_tests/original/Biere/adder_3_6/pec_adder_3_bit_6_95.dqdimacs,34,196
./benchmark_tests/original/Biere/adder_3_6/pec_adder_3_bit_6_95.dqdimacs,35,196
./benchmark_tests/original/Biere/adder_3_6/pec_adder_3_bit_6_95.dqdimacs,36,200
./benchmark_tests/original/Biere/adder_3_6/pec_adder_3_bit_6_95.dqdimacs,38,197
./benchmark_tests/original/Biere/adder_3_6/pec_adder_3_bit_6_95.dqdimacs,39,197
./benchmark_tests/original/Biere/adder_3_6/pec_adder_3_bit_6_95.dqdimacs,40,200
./benchmark_tests/original/Biere/adder_3_6/pec_adder_3_bit_6_95.dqdimacs,42,199
./benchmark_tests/original/Biere/adder_3_6/pec_adder_3_bit_6_95.dqdimacs,43,198
./benchmark_tests/original/Biere/adder_3_6/pec_adder_3_bit_6_95.dqdimacs,44,199
./benchmark_tests/original/Biere/adder_3_6/pec_adder_3_bit_6_95.dqdimacs,45,198
./benchmark_tests/original/Biere/adder_3_6/pec_adder_3_bit_6_95.dqdimacs,46,201
./benchmark_tests/original/Biere/adder_3_6/pec_adder_3_bit_6_95.dqdimacs,48,197
./benchmark_tests/original/Biere/adder_3_6/pec_adder_3_bit_6_95.dqdimacs,49,197
./benchmark_tests/original/Biere/adder_3_6/pec_adder_3_bit_6_95.dqdimacs,50,196
./benchmark_tests/original/Biere/adder_3_6/pec_adder_3_bit_6_95.dqdimacs,51,199
./benchmark_tests/original/Biere/adder_3_6/pec_adder_3_bit_6_95.dqdimacs,53,200
./benchmark_tests/original/Biere/adder_3_6/pec_adder_3_bit_6_95.dqdimacs,54,202
./benchmark_tests/original/Biere/adder_3_6/pec_adder_3_bit_6_95.dqdimacs,55,200
./benchmark_tests/original/Biere/adder_3_6/pec_adder_3_bit_6_95.dqdimacs,57,198
./benchmark_tests/original/Biere/adder_3_6/pec_adder_3_bit_6_95.dqdimacs,58,197
./benchmark_tests/original/Biere/adder_3_6/pec_adder_3_bit_6_95.dqdimacs,59,197
./benchmark_tests/original/Biere/adder_3_6/pec_adder_3_bit_6_95.dqdimacs,60,199
./benchmark_tests/original/Biere/adder_3_6/pec_adder_3_bit_6_95.dqdimacs,62,199
./benchmark_tests/original/Biere/adder_3_6/pec_adder_3_bit_6_95.dqdimacs,63,199
./benchmark_tests/original/Biere/adder_3_6/pec_adder_3_bit_6_95.dqdimacs,64,200
./benchmark_tests/original/Biere/adder_3_6/pec_adder_3_bit_6_95.dqdimacs,65,198
./benchmark_tests/original/Biere/adder_3_6/pec_adder_3_bit_6_95.dqdimacs,66,196
./benchmark_tests/original/Biere/adder_3_6/pec_adder_3_bit_6_95.dqdimacs,67,198
./benchmark_tests/original/Biere/adder_3_6/pec_adder_3_bit_6_95.dqdimacs,68,198
./benchmark_tests/original/Biere/adder_3_6/pec_adder_3_bit_6_95.dqdimacs,69,199
./benchmark_tests/original/Biere/adder_3_6/pec_adder_3_bit_6_95.dqdimacs,70,200
./benchmark_tests/original/Biere/adder_3_6/pec_adder_3_bit_6_95.dqdimacs,71,198
./benchmark_tests/original/Biere/adder_3_6/pec_adder_3_bit_6_95.dqdimacs,72,199
./benchmark_tests/original/Biere/adder_3_6/pec_adder_3_bit_6_95.dqdimacs,73,197
./benchmark_tests/original/Biere/adder_3_6/pec_adder_3_bit_6_95.dqdimacs,74,200
./benchmark_tests/original/Biere/adder_3_6/pec_adder_3_bit_6_95.dqdimacs,75,199
./benchmark_tests/original/Biere/adder_3_6/pec_adder_3_bit_6_95.dqdimacs,76,197
./benchmark_tests/original/Biere/adder_3_6/pec_adder_3_bit_6_95.dqdimacs,77,198
./benchmark_tests/original/Biere/adder_3_6/pec_adder_3_bit_6_95.dqdimacs,78,200
./benchmark_tests/original/Biere/adder_3_6/pec_adder_3_bit_6_95.dqdimacs,79,199
./benchmark_tests/original/Biere/adder_3_6/pec_adder_3_bit_6_95.dqdimacs,80,199
./benchmark_tests/original/Biere/adder_3_6/pec_adder_3_bit_6_95.dqdimacs,81,199
./benchmark_tests/original/Biere/adder_3_6/pec_adder_3_bit_6_95.dqdimacs,82,198
./benchmark_tests/original/Biere/adder_3_6/pec_adder_3_bit_6_95.dqdimacs,83,198
./benchmark_tests/original/Biere/adder_3_6/pec_adder_3_bit_6_96.dqdimacs,4,166
./benchmark_tests/original/Biere/adder_3_6/pec_adder_3_bit_6_96.dqdimacs,5,117
./benchmark_tests/original/Biere/adder_3_6/pec_adder_3_bit_6_96.dqdimacs,6,116
./benchmark_tests/original/Biere/adder_3_6/pec_adder_3_bit_6_96.dqdimacs,10,116
./benchmark_tests/original/Biere/adder_3_6/pec_adder_3_bit_6_96.dqdimacs,11,117
./benchmark_tests/original/Biere/adder_3_6/pec_adder_3_bit_6_96.dqdimacs,12,115
./benchmark_tests/original/Biere/adder_3_6/pec_adder_3_bit_6_96.dqdimacs,13,116
./benchmark_tests/original/Biere/adder_3_6/pec_adder_3_bit_6_96.dqdimacs,17,113
./benchmark_tests/original/Biere/adder_3_6/pec_adder_3_bit_6_96.dqdimacs,18,114
./benchmark_tests/original/Biere/adder_3_6/pec_adder_3_bit_6_96.dqdimacs,19,115
./benchmark_tests/original/Biere/adder_3_6/pec_adder_3_bit_6_96.dqdimacs,20,117
./benchmark_tests/original/Biere/adder_3_6/pec_adder_3_bit_6_96.dqdimacs,22,115
./benchmark_tests/original/Biere/adder_3_6/pec_adder_3_bit_6_96.dqdimacs,23,112
./benchmark_tests/original/Biere/adder_3_6/pec_adder_3_bit_6_96.dqdimacs,24,109
./benchmark_tests/original/Biere/adder_3_6/pec_adder_3_bit_6_96.dqdimacs,25,102
./benchmark_tests/original/Biere/adder_3_6/pec_adder_3_bit_6_96.dqdimacs,26,97
./benchmark_tests/original/Biere/adder_3_6/pec_adder_3_bit_6_96.dqdimacs,27,92
./benchmark_tests/original/Biere/adder_3_6/pec_adder_3_bit_6_96.dqdimacs,29,83
./benchmark_tests/original/Biere/adder_3_6/pec_adder_3_bit_6_96.dqdimacs,30,79
./benchmark_tests/original/Biere/adder_3_6/pec_adder_3_bit_6_96.dqdimacs,31,74
./benchmark_tests/original/Biere/adder_3_6/pec_adder_3_bit_6_96.dqdimacs,32,73
./benchmark_tests/original/Biere/adder_3_6/pec_adder_3_bit_6_96.dqdimacs,34,67
./benchmark_tests/original/Biere/adder_3_6/pec_adder_3_bit_6_96.dqdimacs,35,63
./benchmark_tests/original/Biere/adder_3_6/pec_adder_3_bit_6_96.dqdimacs,36,60
./benchmark_tests/original/Biere/adder_3_6/pec_adder_3_bit_6_96.dqdimacs,37,62
./benchmark_tests/original/Biere/adder_3_6/pec_adder_3_bit_6_96.dqdimacs,39,62
./benchmark_tests/original/Biere/adder_3_6/pec_adder_3_bit_6_96.dqdimacs,40,63
./benchmark_tests/original/Biere/adder_3_6/pec_adder_3_bit_6_96.dqdimacs,41,63
./benchmark_tests/original/Biere/adder_3_6/pec_adder_3_bit_6_96.dqdimacs,43,62
./benchmark_tests/original/Biere/adder_3_6/pec_adder_3_bit_6_96.dqdimacs,44,63
./benchmark_tests/original/Biere/adder_3_6/pec_adder_3_bit_6_96.dqdimacs,45,64
./benchmark_tests/original/Biere/adder_3_6/pec_adder_3_bit_6_96.dqdimacs,47,61
./benchmark_tests/original/Biere/adder_3_6/pec_adder_3_bit_6_96.dqdimacs,48,61
./benchmark_tests/original/Biere/adder_3_6/pec_adder_3_bit_6_96.dqdimacs,49,62
./benchmark_tests/original/Biere/adder_3_6/pec_adder_3_bit_6_96.dqdimacs,50,62
./benchmark_tests/original/Biere/adder_3_6/pec_adder_3_bit_6_96.dqdimacs,51,63
./benchmark_tests/original/Biere/adder_3_6/pec_adder_3_bit_6_96.dqdimacs,52,64
./benchmark_tests/original/Biere/adder_3_6/pec_adder_3_bit_6_96.dqdimacs,54,64
./benchmark_tests/original/Biere/adder_3_6/pec_adder_3_bit_6_96.dqdimacs,55,63
./benchmark_tests/original/Biere/adder_3_6/pec_adder_3_bit_6_96.dqdimacs,56,65
./benchmark_tests/original/Biere/adder_3_6/pec_adder_3_bit_6_96.dqdimacs,58,63
./benchmark_tests/original/Biere/adder_3_6/pec_adder_3_bit_6_96.dqdimacs,59,63
./benchmark_tests/original/Biere/adder_3_6/pec_adder_3_bit_6_96.dqdimacs,60,63
./benchmark_tests/original/Biere/adder_3_6/pec_adder_3_bit_6_96.dqdimacs,62,63
./benchmark_tests/original/Biere/adder_3_6/pec_adder_3_bit_6_96.dqdimacs,63,63
./benchmark_tests/original/Biere/adder_3_6/pec_adder_3_bit_6_96.dqdimacs,64,64
./benchmark_tests/original/Biere/adder_3_6/pec_adder_3_bit_6_96.dqdimacs,65,62
./benchmark_tests/original/Biere/adder_3_6/pec_adder_3_bit_6_96.dqdimacs,66,63
./benchmark_tests/original/Biere/adder_3_6/pec_adder_3_bit_6_96.dqdimacs,67,63
./benchmark_tests/original/Biere/adder_3_6/pec_adder_3_bit_6_96.dqdimacs,68,62
./benchmark_tests/original/Biere/adder_3_6/pec_adder_3_bit_6_96.dqdimacs,69,63
./benchmark_tests/original/Biere/adder_3_6/pec_adder_3_bit_6_96.dqdimacs,70,61
./benchmark_tests/original/Biere/adder_3_6/pec_adder_3_bit_6_96.dqdimacs,71,63
./benchmark_tests/original/Biere/adder_3_6/pec_adder_3_bit_6_96.dqdimacs,72,62
./benchmark_tests/original/Biere/adder_3_6/pec_adder_3_bit_6_96.dqdimacs,73,63
./benchmark_tests/original/Biere/adder_3_6/pec_adder_3_bit_6_96.dqdimacs,74,63
./benchmark_tests/original/Biere/adder_3_6/pec_adder_3_bit_6_96.dqdimacs,75,62
./benchmark_tests/original/Biere/adder_3_6/pec_adder_3_bit_6_96.dqdimacs,76,61
./benchmark_tests/original/Biere/adder_3_6/pec_adder_3_bit_6_96.dqdimacs,77,63
./benchmark_tests/original/Biere/adder_3_6/pec_adder_3_bit_6_96.dqdimacs,78,62
./benchmark_tests/original/Biere/adder_3_6/pec_adder_3_bit_6_96.dqdimacs,79,63
./benchmark_tests/original/Biere/adder_3_6/pec_adder_3_bit_6_96.dqdimacs,80,63
./benchmark_tests/original/Biere/adder_3_6/pec_adder_3_bit_6_96.dqdimacs,81,63
./benchmark_tests/original/Biere/adder_3_6/pec_adder_3_bit_6_96.dqdimacs,82,63
./benchmark_tests/original/Biere/adder_3_6/pec_adder_3_bit_6_96.dqdimacs,83,63
./benchmark_tests/original/Biere/adder_3_6/pec_adder_3_bit_6_97.dqdimacs,4,314
./benchmark_tests/original/Biere/adder_3_6/pec_adder_3_bit_6_97.dqdimacs,5,265
./benchmark_tests/original/Biere/adder_3_6/pec_adder_3_bit_6_97.dqdimacs,6,265
./benchmark_tests/original/Biere/adder_3_6/pec_adder_3_bit_6_97.dqdimacs,10,264
./benchmark_tests/original/Biere/adder_3_6/pec_adder_3_bit_6_97.dqdimacs,11,261
./benchmark_tests/original/Biere/adder_3_6/pec_adder_3_bit_6_97.dqdimacs,12,256
./benchmark_tests/original/Biere/adder_3_6/pec_adder_3_bit_6_97.dqdimacs,13,226
./benchmark_tests/original/Biere/adder_3_6/pec_adder_3_bit_6_97.dqdimacs,17,197
./benchmark_tests/original/Biere/adder_3_6/pec_adder_3_bit_6_97.dqdimacs,18,172
./benchmark_tests/original/Biere/adder_3_6/pec_adder_3_bit_6_97.dqdimacs,19,153
./benchmark_tests/original/Biere/adder_3_6/pec_adder_3_bit_6_97.dqdimacs,20,141
./benchmark_tests/original/Biere/adder_3_6/pec_adder_3_bit_6_97.dqdimacs,22,139
./benchmark_tests/original/Biere/adder_3_6/pec_adder_3_bit_6_97.dqdimacs,23,138
./benchmark_tests/original/Biere/adder_3_6/pec_adder_3_bit_6_97.dqdimacs,24,138
./benchmark_tests/original/Biere/adder_3_6/pec_adder_3_bit_6_97.dqdimacs,25,141
./benchmark_tests/original/Biere/adder_3_6/pec_adder_3_bit_6_97.dqdimacs,26,140
./benchmark_tests/original/Biere/adder_3_6/pec_adder_3_bit_6_97.dqdimacs,27,142
./benchmark_tests/original/Biere/adder_3_6/pec_adder_3_bit_6_97.dqdimacs,29,139
./benchmark_tests/original/Biere/adder_3_6/pec_adder_3_bit_6_97.dqdimacs,30,138
./benchmark_tests/original/Biere/adder_3_6/pec_adder_3_bit_6_97.dqdimacs,31,137
./benchmark_tests/original/Biere/adder_3_6/pec_adder_3_bit_6_97.dqdimacs,32,140
./benchmark_tests/original/Biere/adder_3_6/pec_adder_3_bit_6_97.dqdimacs,34,139
./benchmark_tests/original/Biere/adder_3_6/pec_adder_3_bit_6_97.dqdimacs,35,139
./benchmark_tests/original/Biere/adder_3_6/pec_adder_3_bit_6_97.dqdimacs,36,140
./benchmark_tests/original/Biere/adder_3_6/pec_adder_3_bit_6_97.dqdimacs,37,140
./benchmark_tests/original/Biere/adder_3_6/pec_adder_3_bit_6_97.dqdimacs,38,139
./benchmark_tests/original/Biere/adder_3_6/pec_adder_3_bit_6_97.dqdimacs,39,139
./benchmark_tests/original/Biere/adder_3_6/pec_adder_3_bit_6_97.dqdimacs,41,140
./benchmark_tests/original/Biere/adder_3_6/pec_adder_3_bit_6_97.dqdimacs,42,139
./benchmark_tests/original/Biere/adder_3_6/pec_adder_3_bit_6_97.dqdimacs,43,141
./benchmark_tests/original/Biere/adder_3_6/pec_adder_3_bit_6_97.dqdimacs,45,139
./benchmark_tests/original/Biere/adder_3_6/pec_adder_3_bit_6_97.dqdimacs,46,139
./benchmark_tests/original/Biere/adder_3_6/pec_adder_3_bit_6_97.dqdimacs,47,139
./benchmark_tests/original/Biere/adder_3_6/pec_adder_3_bit_6_97.dqdimacs,48,140
./benchmark_tests/original/Biere/adder_3_6/pec_adder_3_bit_6_97.dqdimacs,50,139
./benchmark_tests/original/Biere/adder_3_6/pec_adder_3_bit_6_97.dqdimacs,51,139
./benchmark_tests/original/Biere/adder_3_6/pec_adder_3_bit_6_97.dqdimacs,52,140
./benchmark_tests/original/Biere/adder_3_6/pec_adder_3_bit_6_97.dqdimacs,53,140
./benchmark_tests/original/Biere/adder_3_6/pec_adder_3_bit_6_97.dqdimacs,55,138
./benchmark_tests/original/Biere/adder_3_6/pec_adder_3_bit_6_97.dqdimacs,56,139
./benchmark_tests/original/Biere/adder_3_6/pec_adder_3_bit_6_97.dqdimacs,57,140
./benchmark_tests/original/Biere/adder_3_6/pec_adder_3_bit_6_97.dqdimacs,58,140
./benchmark_tests/original/Biere/adder_3_6/pec_adder_3_bit_6_97.dqdimacs,59,139
./benchmark_tests/original/Biere/adder_3_6/pec_adder_3_bit_6_97.dqdimacs,60,140
./benchmark_tests/original/Biere/adder_3_6/pec_adder_3_bit_6_97.dqdimacs,61,140
./benchmark_tests/original/Biere/adder_3_6/pec_adder_3_bit_6_97.dqdimacs,62,139
./benchmark_tests/original/Biere/adder_3_6/pec_adder_3_bit_6_97.dqdimacs,63,139
./benchmark_tests/original/Biere/adder_3_6/pec_adder_3_bit_6_97.dqdimacs,64,139
./benchmark_tests/original/Biere/adder_3_6/pec_adder_3_bit_6_97.dqdimacs,65,140
./benchmark_tests/original/Biere/adder_3_6/pec_adder_3_bit_6_97.dqdimacs,66,139
./benchmark_tests/original/Biere/adder_3_6/pec_adder_3_bit_6_97.dqdimacs,67,139
./benchmark_tests/original/Biere/adder_3_6/pec_adder_3_bit_6_97.dqdimacs,68,138
./benchmark_tests/original/Biere/adder_3_6/pec_adder_3_bit_6_97.dqdimacs,69,140
./benchmark_tests/original/Biere/adder_3_6/pec_adder_3_bit_6_97.dqdimacs,70,139
./benchmark_tests/original/Biere/adder_3_6/pec_adder_3_bit_6_97.dqdimacs,71,140
./benchmark_tests/original/Biere/adder_3_6/pec_adder_3_bit_6_97.dqdimacs,72,141
./benchmark_tests/original/Biere/adder_3_6/pec_adder_3_bit_6_97.dqdimacs,73,139
./benchmark_tests/original/Biere/adder_3_6/pec_adder_3_bit_6_97.dqdimacs,74,140
./benchmark_tests/original/Biere/adder_3_6/pec_adder_3_bit_6_97.dqdimacs,75,139
./benchmark_tests/original/Biere/adder_3_6/pec_adder_3_bit_6_98.dqdimacs,4,410
./benchmark_tests/original/Biere/adder_3_6/pec_adder_3_bit_6_98.dqdimacs,5,359
./benchmark_tests/original/Biere/adder_3_6/pec_adder_3_bit_6_98.dqdimacs,6,359
./benchmark_tests/original/Biere/adder_3_6/pec_adder_3_bit_6_98.dqdimacs,10,358
./benchmark_tests/original/Biere/adder_3_6/pec_adder_3_bit_6_98.dqdimacs,11,326
./benchmark_tests/original/Biere/adder_3_6/pec_adder_3_bit_6_98.dqdimacs,12,271
./benchmark_tests/original/Biere/adder_3_6/pec_adder_3_bit_6_98.dqdimacs,13,224
./benchmark_tests/original/Biere/adder_3_6/pec_adder_3_bit_6_98.dqdimacs,17,196
./benchmark_tests/original/Biere/adder_3_6/pec_adder_3_bit_6_98.dqdimacs,18,192
./benchmark_tests/original/Biere/adder_3_6/pec_adder_3_bit_6_98.dqdimacs,19,191
./benchmark_tests/original/Biere/adder_3_6/pec_adder_3_bit_6_98.dqdimacs,20,193
./benchmark_tests/original/Biere/adder_3_6/pec_adder_3_bit_6_98.dqdimacs,22,191
./benchmark_tests/original/Biere/adder_3_6/pec_adder_3_bit_6_98.dqdimacs,23,190
./benchmark_tests/original/Biere/adder_3_6/pec_adder_3_bit_6_98.dqdimacs,24,191
./benchmark_tests/original/Biere/adder_3_6/pec_adder_3_bit_6_98.dqdimacs,25,192
./benchmark_tests/original/Biere/adder_3_6/pec_adder_3_bit_6_98.dqdimacs,26,191
./benchmark_tests/original/Biere/adder_3_6/pec_adder_3_bit_6_98.dqdimacs,27,193
./benchmark_tests/original/Biere/adder_3_6/pec_adder_3_bit_6_98.dqdimacs,29,191
./benchmark_tests/original/Biere/adder_3_6/pec_adder_3_bit_6_98.dqdimacs,30,192
./benchmark_tests/original/Biere/adder_3_6/pec_adder_3_bit_6_98.dqdimacs,31,195
./benchmark_tests/original/Biere/adder_3_6/pec_adder_3_bit_6_98.dqdimacs,33,190
./benchmark_tests/original/Biere/adder_3_6/pec_adder_3_bit_6_98.dqdimacs,34,190
./benchmark_tests/original/Biere/adder_3_6/pec_adder_3_bit_6_98.dqdimacs,35,194
./benchmark_tests/original/Biere/adder_3_6/pec_adder_3_bit_6_98.dqdimacs,37,189
./benchmark_tests/original/Biere/adder_3_6/pec_adder_3_bit_6_98.dqdimacs,38,190
./benchmark_tests/original/Biere/adder_3_6/pec_adder_3_bit_6_98.dqdimacs,39,191
./benchmark_tests/original/Biere/adder_3_6/pec_adder_3_bit_6_98.dqdimacs,40,192
./benchmark_tests/original/Biere/adder_3_6/pec_adder_3_bit_6_98.dqdimacs,42,192
./benchmark_tests/original/Biere/adder_3_6/pec_adder_3_bit_6_98.dqdimacs,43,193
./benchmark_tests/original/Biere/adder_3_6/pec_adder_3_bit_6_98.dqdimacs,44,193
./benchmark_tests/original/Biere/adder_3_6/pec_adder_3_bit_6_98.dqdimacs,46,191
./benchmark_tests/original/Biere/adder_3_6/pec_adder_3_bit_6_98.dqdimacs,47,191
./benchmark_tests/original/Biere/adder_3_6/pec_adder_3_bit_6_98.dqdimacs,48,193
./benchmark_tests/original/Biere/adder_3_6/pec_adder_3_bit_6_98.dqdimacs,50,190
./benchmark_tests/original/Biere/adder_3_6/pec_adder_3_bit_6_98.dqdimacs,51,192
./benchmark_tests/original/Biere/adder_3_6/pec_adder_3_bit_6_98.dqdimacs,52,192
./benchmark_tests/original/Biere/adder_3_6/pec_adder_3_bit_6_98.dqdimacs,53,192
./benchmark_tests/original/Biere/adder_3_6/pec_adder_3_bit_6_98.dqdimacs,55,189
./benchmark_tests/original/Biere/adder_3_6/pec_adder_3_bit_6_98.dqdimacs,56,191
./benchmark_tests/original/Biere/adder_3_6/pec_adder_3_bit_6_98.dqdimacs,57,190
./benchmark_tests/original/Biere/adder_3_6/pec_adder_3_bit_6_98.dqdimacs,58,192
./benchmark_tests/original/Biere/adder_3_6/pec_adder_3_bit_6_98.dqdimacs,60,189
./benchmark_tests/original/Biere/adder_3_6/pec_adder_3_bit_6_98.dqdimacs,61,191
./benchmark_tests/original/Biere/adder_3_6/pec_adder_3_bit_6_98.dqdimacs,62,191
./benchmark_tests/original/Biere/adder_3_6/pec_adder_3_bit_6_98.dqdimacs,63,193
./benchmark_tests/original/Biere/adder_3_6/pec_adder_3_bit_6_98.dqdimacs,64,193
./benchmark_tests/original/Biere/adder_3_6/pec_adder_3_bit_6_98.dqdimacs,65,193
./benchmark_tests/original/Biere/adder_3_6/pec_adder_3_bit_6_98.dqdimacs,66,192
./benchmark_tests/original/Biere/adder_3_6/pec_adder_3_bit_6_98.dqdimacs,67,192
./benchmark_tests/original/Biere/adder_3_6/pec_adder_3_bit_6_98.dqdimacs,68,192
./benchmark_tests/original/Biere/adder_3_6/pec_adder_3_bit_6_98.dqdimacs,69,191
./benchmark_tests/original/Biere/adder_3_6/pec_adder_3_bit_6_98.dqdimacs,70,191
./benchmark_tests/original/Biere/adder_3_6/pec_adder_3_bit_6_98.dqdimacs,71,192
./benchmark_tests/original/Biere/adder_3_6/pec_adder_3_bit_6_98.dqdimacs,72,193
./benchmark_tests/original/Biere/adder_3_6/pec_adder_3_bit_6_98.dqdimacs,73,192
./benchmark_tests/original/Biere/adder_3_6/pec_adder_3_bit_6_98.dqdimacs,74,191
./benchmark_tests/original/Biere/adder_3_6/pec_adder_3_bit_6_98.dqdimacs,75,191
./benchmark_tests/original/Biere/adder_3_6/pec_adder_3_bit_6_98.dqdimacs,76,191
./benchmark_tests/original/Biere/adder_3_6/pec_adder_3_bit_6_98.dqdimacs,77,191
./benchmark_tests/original/Biere/adder_3_6/pec_adder_3_bit_6_98.dqdimacs,78,191
./benchmark_tests/original/Biere/adder_3_6/pec_adder_3_bit_6_98.dqdimacs,79,193
./benchmark_tests/original/Biere/adder_3_6/pec_adder_3_bit_6_98.dqdimacs,80,193
./benchmark_tests/original/Biere/adder_3_6/pec_adder_3_bit_6_98.dqdimacs,81,192
./benchmark_tests/original/Biere/adder_3_6/pec_adder_3_bit_6_98.dqdimacs,82,192
./benchmark_tests/original/Biere/adder_3_6/pec_adder_3_bit_6_98.dqdimacs,83,191
./benchmark_tests/original/Biere/adder_3_6/pec_adder_3_bit_6_99.dqdimacs,4,373
./benchmark_tests/original/Biere/adder_3_6/pec_adder_3_bit_6_99.dqdimacs,5,323
./benchmark_tests/original/Biere/adder_3_6/pec_adder_3_bit_6_99.dqdimacs,6,323
./benchmark_tests/original/Biere/adder_3_6/pec_adder_3_bit_6_99.dqdimacs,10,323
./benchmark_tests/original/Biere/adder_3_6/pec_adder_3_bit_6_99.dqdimacs,11,315
./benchmark_tests/original/Biere/adder_3_6/pec_adder_3_bit_6_99.dqdimacs,12,272
./benchmark_tests/original/Biere/adder_3_6/pec_adder_3_bit_6_99.dqdimacs,13,228
./benchmark_tests/original/Biere/adder_3_6/pec_adder_3_bit_6_99.dqdimacs,17,193
./benchmark_tests/original/Biere/adder_3_6/pec_adder_3_bit_6_99.dqdimacs,18,174
./benchmark_tests/original/Biere/adder_3_6/pec_adder_3_bit_6_99.dqdimacs,19,174
./benchmark_tests/original/Biere/adder_3_6/pec_adder_3_bit_6_99.dqdimacs,20,175
./benchmark_tests/original/Biere/adder_3_6/pec_adder_3_bit_6_99.dqdimacs,22,172
./benchmark_tests/original/Biere/adder_3_6/pec_adder_3_bit_6_99.dqdimacs,23,172
./benchmark_tests/original/Biere/adder_3_6/pec_adder_3_bit_6_99.dqdimacs,24,173
./benchmark_tests/original/Biere/adder_3_6/pec_adder_3_bit_6_99.dqdimacs,25,173
./benchmark_tests/original/Biere/adder_3_6/pec_adder_3_bit_6_99.dqdimacs,26,173
./benchmark_tests/original/Biere/adder_3_6/pec_adder_3_bit_6_99.dqdimacs,27,174
./benchmark_tests/original/Biere/adder_3_6/pec_adder_3_bit_6_99.dqdimacs,29,171
./benchmark_tests/original/Biere/adder_3_6/pec_adder_3_bit_6_99.dqdimacs,30,172
./benchmark_tests/original/Biere/adder_3_6/pec_adder_3_bit_6_99.dqdimacs,31,172
./benchmark_tests/original/Biere/adder_3_6/pec_adder_3_bit_6_99.dqdimacs,32,175
./benchmark_tests/original/Biere/adder_3_6/pec_adder_3_bit_6_99.dqdimacs,34,172
./benchmark_tests/original/Biere/adder_3_6/pec_adder_3_bit_6_99.dqdimacs,35,172
./benchmark_tests/original/Biere/adder_3_6/pec_adder_3_bit_6_99.dqdimacs,36,173
./benchmark_tests/original/Biere/adder_3_6/pec_adder_3_bit_6_99.dqdimacs,38,172
./benchmark_tests/original/Biere/adder_3_6/pec_adder_3_bit_6_99.dqdimacs,39,172
./benchmark_tests/original/Biere/adder_3_6/pec_adder_3_bit_6_99.dqdimacs,40,173
./benchmark_tests/original/Biere/adder_3_6/pec_adder_3_bit_6_99.dqdimacs,42,172
./benchmark_tests/original/Biere/adder_3_6/pec_adder_3_bit_6_99.dqdimacs,43,173
./benchmark_tests/original/Biere/adder_3_6/pec_adder_3_bit_6_99.dqdimacs,44,174
./benchmark_tests/original/Biere/adder_3_6/pec_adder_3_bit_6_99.dqdimacs,46,172
./benchmark_tests/original/Biere/adder_3_6/pec_adder_3_bit_6_99.dqdimacs,47,173
./benchmark_tests/original/Biere/adder_3_6/pec_adder_3_bit_6_99.dqdimacs,48,173
./benchmark_tests/original/Biere/adder_3_6/pec_adder_3_bit_6_99.dqdimacs,49,175
./benchmark_tests/original/Biere/adder_3_6/pec_adder_3_bit_6_99.dqdimacs,51,172
./benchmark_tests/original/Biere/adder_3_6/pec_adder_3_bit_6_99.dqdimacs,52,173
./benchmark_tests/original/Biere/adder_3_6/pec_adder_3_bit_6_99.dqdimacs,53,174
./benchmark_tests/original/Biere/adder_3_6/pec_adder_3_bit_6_99.dqdimacs,54,176
./benchmark_tests/original/Biere/adder_3_6/pec_adder_3_bit_6_99.dqdimacs,56,174
./benchmark_tests/original/Biere/adder_3_6/pec_adder_3_bit_6_99.dqdimacs,57,173
./benchmark_tests/original/Biere/adder_3_6/pec_adder_3_bit_6_99.dqdimacs,58,174
./benchmark_tests/original/Biere/adder_3_6/pec_adder_3_bit_6_99.dqdimacs,60,173
./benchmark_tests/original/Biere/adder_3_6/pec_adder_3_bit_6_99.dqdimacs,61,173
./benchmark_tests/original/Biere/adder_3_6/pec_adder_3_bit_6_99.dqdimacs,62,173
./benchmark_tests/original/Biere/adder_3_6/pec_adder_3_bit_6_99.dqdimacs,63,174
./benchmark_tests/original/Biere/adder_3_6/pec_adder_3_bit_6_99.dqdimacs,65,172
./benchmark_tests/original/Biere/adder_3_6/pec_adder_3_bit_6_99.dqdimacs,66,172
./benchmark_tests/original/Biere/adder_3_6/pec_adder_3_bit_6_99.dqdimacs,67,172
./benchmark_tests/original/Biere/adder_3_6/pec_adder_3_bit_6_99.dqdimacs,68,175
./benchmark_tests/original/Biere/adder_3_6/pec_adder_3_bit_6_99.dqdimacs,70,172
./benchmark_tests/original/Biere/adder_3_6/pec_adder_3_bit_6_99.dqdimacs,71,173
./benchmark_tests/original/Biere/adder_3_6/pec_adder_3_bit_6_99.dqdimacs,72,172
./benchmark_tests/original/Biere/adder_3_6/pec_adder_3_bit_6_99.dqdimacs,73,175
./benchmark_tests/original/Biere/adder_3_6/pec_adder_3_bit_6_99.dqdimacs,74,172
./benchmark_tests/original/Biere/adder_3_6/pec_adder_3_bit_6_99.dqdimacs,75,173
./benchmark_tests/original/Biere/adder_3_6/pec_adder_3_bit_6_99.dqdimacs,76,172
./benchmark_tests/original/Biere/adder_3_6/pec_adder_3_bit_6_99.dqdimacs,77,172
./benchmark_tests/original/Biere/adder_3_6/pec_adder_3_bit_6_99.dqdimacs,78,173
./benchmark_tests/original/Biere/adder_3_6/pec_adder_3_bit_6_99.dqdimacs,79,172
./benchmark_tests/original/Biere/adder_3_6/pec_adder_3_bit_6_99.dqdimacs,80,172
./benchmark_tests/original/Biere/adder_3_6/pec_adder_3_bit_6_99.dqdimacs,81,173
./benchmark_tests/original/Biere/adder_3_6/pec_adder_3_bit_6_99.dqdimacs,82,172
./benchmark_tests/original/Biere/adder_3_6/pec_adder_3_bit_6_99.dqdimacs,83,172
./benchmark_tests/original/Biere/adder_3_6/pec_adder_3_bit_6_99.dqdimacs,84,172
./benchmark_tests/original/Biere/adder_3_6/pec_adder_3_bit_6_99.dqdimacs,85,173
./benchmark_tests/original/Biere/adder_3_6/pec_adder_3_bit_6_99.dqdimacs,86,174
./benchmark_tests/original/Biere/adder_3_6/pec_adder_3_bit_6_99.dqdimacs,87,172
./benchmark_tests/original/Biere/adder_3_6/pec_adder_3_bit_6_99.dqdimacs,88,171
./benchmark_tests/original/Biere/adder_3_6/pec_adder_3_bit_6_99.dqdimacs,89,173
./benchmark_tests/original/Biere/adder_3_6/pec_adder_3_bit_6_99.dqdimacs,90,171
./benchmark_tests/original/Biere/adder_3_6/pec_adder_3_bit_6_9.dqdimacs,4,293
./benchmark_tests/original/Biere/adder_3_6/pec_adder_3_bit_6_9.dqdimacs,5,239
./benchmark_tests/original/Biere/adder_3_6/pec_adder_3_bit_6_9.dqdimacs,6,239
./benchmark_tests/original/Biere/adder_3_6/pec_adder_3_bit_6_9.dqdimacs,10,240
./benchmark_tests/original/Biere/adder_3_6/pec_adder_3_bit_6_9.dqdimacs,11,240
./benchmark_tests/original/Biere/adder_3_6/pec_adder_3_bit_6_9.dqdimacs,12,237
./benchmark_tests/original/Biere/adder_3_6/pec_adder_3_bit_6_9.dqdimacs,13,225
./benchmark_tests/original/Biere/adder_3_6/pec_adder_3_bit_6_9.dqdimacs,17,198
./benchmark_tests/original/Biere/adder_3_6/pec_adder_3_bit_6_9.dqdimacs,18,176
./benchmark_tests/original/Biere/adder_3_6/pec_adder_3_bit_6_9.dqdimacs,19,155
./benchmark_tests/original/Biere/adder_3_6/pec_adder_3_bit_6_9.dqdimacs,20,140
./benchmark_tests/original/Biere/adder_3_6/pec_adder_3_bit_6_9.dqdimacs,22,129
./benchmark_tests/original/Biere/adder_3_6/pec_adder_3_bit_6_9.dqdimacs,23,128
./benchmark_tests/original/Biere/adder_3_6/pec_adder_3_bit_6_9.dqdimacs,24,127
./benchmark_tests/original/Biere/adder_3_6/pec_adder_3_bit_6_9.dqdimacs,25,128
./benchmark_tests/original/Biere/adder_3_6/pec_adder_3_bit_6_9.dqdimacs,26,128
./benchmark_tests/original/Biere/adder_3_6/pec_adder_3_bit_6_9.dqdimacs,27,130
./benchmark_tests/original/Biere/adder_3_6/pec_adder_3_bit_6_9.dqdimacs,29,128
./benchmark_tests/original/Biere/adder_3_6/pec_adder_3_bit_6_9.dqdimacs,30,128
./benchmark_tests/original/Biere/adder_3_6/pec_adder_3_bit_6_9.dqdimacs,31,130
./benchmark_tests/original/Biere/adder_3_6/pec_adder_3_bit_6_9.dqdimacs,33,128
./benchmark_tests/original/Biere/adder_3_6/pec_adder_3_bit_6_9.dqdimacs,34,128
./benchmark_tests/original/Biere/adder_3_6/pec_adder_3_bit_6_9.dqdimacs,35,131
./benchmark_tests/original/Biere/adder_3_6/pec_adder_3_bit_6_9.dqdimacs,37,128
./benchmark_tests/original/Biere/adder_3_6/pec_adder_3_bit_6_9.dqdimacs,38,130
./benchmark_tests/original/Biere/adder_3_6/pec_adder_3_bit_6_9.dqdimacs,39,128
./benchmark_tests/original/Biere/adder_3_6/pec_adder_3_bit_6_9.dqdimacs,40,130
./benchmark_tests/original/Biere/adder_3_6/pec_adder_3_bit_6_9.dqdimacs,42,127
./benchmark_tests/original/Biere/adder_3_6/pec_adder_3_bit_6_9.dqdimacs,43,128
./benchmark_tests/original/Biere/adder_3_6/pec_adder_3_bit_6_9.dqdimacs,44,128
./benchmark_tests/original/Biere/adder_3_6/pec_adder_3_bit_6_9.dqdimacs,45,127
./benchmark_tests/original/Biere/adder_3_6/pec_adder_3_bit_6_9.dqdimacs,46,129
./benchmark_tests/original/Biere/adder_3_6/pec_adder_3_bit_6_9.dqdimacs,48,127
./benchmark_tests/original/Biere/adder_3_6/pec_adder_3_bit_6_9.dqdimacs,49,128
./benchmark_tests/original/Biere/adder_3_6/pec_adder_3_bit_6_9.dqdimacs,50,127
./benchmark_tests/original/Biere/adder_3_6/pec_adder_3_bit_6_9.dqdimacs,51,129
./benchmark_tests/original/Biere/adder_3_6/pec_adder_3_bit_6_9.dqdimacs,53,127
./benchmark_tests/original/Biere/adder_3_6/pec_adder_3_bit_6_9.dqdimacs,54,128
./benchmark_tests/original/Biere/adder_3_6/pec_adder_3_bit_6_9.dqdimacs,55,129
./benchmark_tests/original/Biere/adder_3_6/pec_adder_3_bit_6_9.dqdimacs,57,127
./benchmark_tests/original/Biere/adder_3_6/pec_adder_3_bit_6_9.dqdimacs,58,127
./benchmark_tests/original/Biere/adder_3_6/pec_adder_3_bit_6_9.dqdimacs,59,127
./benchmark_tests/original/Biere/adder_3_6/pec_adder_3_bit_6_9.dqdimacs,60,129
./benchmark_tests/original/Biere/adder_3_6/pec_adder_3_bit_6_9.dqdimacs,62,127
./benchmark_tests/original/Biere/adder_3_6/pec_adder_3_bit_6_9.dqdimacs,63,127
./benchmark_tests/original/Biere/adder_3_6/pec_adder_3_bit_6_9.dqdimacs,64,128
./benchmark_tests/original/Biere/adder_3_6/pec_adder_3_bit_6_9.dqdimacs,65,130
./benchmark_tests/original/Biere/adder_3_6/pec_adder_3_bit_6_9.dqdimacs,66,128
./benchmark_tests/original/Biere/adder_3_6/pec_adder_3_bit_6_9.dqdimacs,67,128
./benchmark_tests/original/Biere/adder_3_6/pec_adder_3_bit_6_9.dqdimacs,68,128
./benchmark_tests/original/Biere/adder_3_6/pec_adder_3_bit_6_9.dqdimacs,69,128
./benchmark_tests/original/Biere/adder_3_6/pec_adder_3_bit_6_9.dqdimacs,70,128
./benchmark_tests/original/Biere/adder_3_6/pec_adder_3_bit_6_9.dqdimacs,71,127
./benchmark_tests/original/Biere/adder_3_6/pec_adder_3_bit_6_9.dqdimacs,72,127
./benchmark_tests/original/Biere/adder_3_6/pec_adder_3_bit_6_9.dqdimacs,73,127
./benchmark_tests/original/Biere/adder_3_6/pec_adder_3_bit_6_9.dqdimacs,74,127
./benchmark_tests/original/Biere/adder_3_6/pec_adder_3_bit_6_9.dqdimacs,75,127
./benchmark_tests/original/Biere/adder_3_6/pec_adder_3_bit_6_9.dqdimacs,76,127
./benchmark_tests/original/Biere/adder_3_6/pec_adder_3_bit_6_9.dqdimacs,77,128
./benchmark_tests/original/Biere/adder_3_6/pec_adder_3_bit_6_9.dqdimacs,78,128
./benchmark_tests/original/Biere/adder_3_6/pec_adder_3_bit_6_9.dqdimacs,79,127
./benchmark_tests/original/Biere/adder_3_6/pec_adder_3_bit_6_9.dqdimacs,80,128
./benchmark_tests/original/Biere/adder_3_6/pec_adder_3_bit_6_9.dqdimacs,81,128
./benchmark_tests/original/Biere/adder_3_6/pec_adder_3_bit_6_9.dqdimacs,82,127
