./benchmark_tests/original/Biere/pec_xor2/pec_10104.dqdimacs,1,39
./benchmark_tests/original/Biere/pec_xor2/pec_10104.dqdimacs,2,35
./benchmark_tests/original/Biere/pec_xor2/pec_10104.dqdimacs,3,35
./benchmark_tests/original/Biere/pec_xor2/pec_10104.dqdimacs,4,36
./benchmark_tests/original/Biere/pec_xor2/pec_10104.dqdimacs,6,75
./benchmark_tests/original/Biere/pec_xor2/pec_10104.dqdimacs,8,12
./benchmark_tests/original/Biere/pec_xor2/pec_10104.dqdimacs,9,11
./benchmark_tests/original/Biere/pec_xor2/pec_10104.dqdimacs,10,10
./benchmark_tests/original/Biere/pec_xor2/pec_10104.dqdimacs,11,10
./benchmark_tests/original/Biere/pec_xor2/pec_10104.dqdimacs,12,10
./benchmark_tests/original/Biere/pec_xor2/pec_10104.dqdimacs,13,11
./benchmark_tests/original/Biere/pec_xor2/pec_10104.dqdimacs,14,10
./benchmark_tests/original/Biere/pec_xor2/pec_10104.dqdimacs,15,10
./benchmark_tests/original/Biere/pec_xor2/pec_10104.dqdimacs,16,10
./benchmark_tests/original/Biere/pec_xor2/pec_10104.dqdimacs,17,10
./benchmark_tests/original/Biere/pec_xor2/pec_10104.dqdimacs,18,10
./benchmark_tests/original/Biere/pec_xor2/pec_10104.dqdimacs,19,10
./benchmark_tests/original/Biere/pec_xor2/pec_10104.dqdimacs,20,10
./benchmark_tests/original/Biere/pec_xor2/pec_10104.dqdimacs,21,10
./benchmark_tests/original/Biere/pec_xor2/pec_10104.dqdimacs,22,10
./benchmark_tests/original/Biere/pec_xor2/pec_10104.dqdimacs,23,10
./benchmark_tests/original/Biere/pec_xor2/pec_10104.dqdimacs,24,10
./benchmark_tests/original/Biere/pec_xor2/pec_10104.dqdimacs,25,24
./benchmark_tests/original/Biere/pec_xor2/pec_10104.dqdimacs,26,34
./benchmark_tests/original/Biere/pec_xor2/pec_10104.dqdimacs,27,34
./benchmark_tests/original/Biere/pec_xor2/pec_10104.dqdimacs,28,34
./benchmark_tests/original/Biere/pec_xor2/pec_10104.dqdimacs,29,34
./benchmark_tests/original/Biere/pec_xor2/pec_10104.dqdimacs,30,35
./benchmark_tests/original/Biere/pec_xor2/pec_10104.dqdimacs,31,35
./benchmark_tests/original/Biere/pec_xor2/pec_10104.dqdimacs,32,34
./benchmark_tests/original/Biere/pec_xor2/pec_10104.dqdimacs,33,34
./benchmark_tests/original/Biere/pec_xor2/pec_10104.dqdimacs,34,35
./benchmark_tests/original/Biere/pec_xor2/pec_10104.dqdimacs,35,34
./benchmark_tests/original/Biere/pec_xor2/pec_10104.dqdimacs,36,34
./benchmark_tests/original/Biere/pec_xor2/pec_10420.dqdimacs,1,36
./benchmark_tests/original/Biere/pec_xor2/pec_10420.dqdimacs,2,33
./benchmark_tests/original/Biere/pec_xor2/pec_10420.dqdimacs,3,34
./benchmark_tests/original/Biere/pec_xor2/pec_10420.dqdimacs,4,33
./benchmark_tests/original/Biere/pec_xor2/pec_10420.dqdimacs,6,75
./benchmark_tests/original/Biere/pec_xor2/pec_10420.dqdimacs,8,11
./benchmark_tests/original/Biere/pec_xor2/pec_10420.dqdimacs,9,9
./benchmark_tests/original/Biere/pec_xor2/pec_10420.dqdimacs,10,9
./benchmark_tests/original/Biere/pec_xor2/pec_10420.dqdimacs,11,9
./benchmark_tests/original/Biere/pec_xor2/pec_10420.dqdimacs,12,9
./benchmark_tests/original/Biere/pec_xor2/pec_10420.dqdimacs,13,9
./benchmark_tests/original/Biere/pec_xor2/pec_10420.dqdimacs,14,9
./benchmark_tests/original/Biere/pec_xor2/pec_10420.dqdimacs,15,10
./benchmark_tests/original/Biere/pec_xor2/pec_10420.dqdimacs,16,9
./benchmark_tests/original/Biere/pec_xor2/pec_10420.dqdimacs,17,9
./benchmark_tests/original/Biere/pec_xor2/pec_10420.dqdimacs,18,9
./benchmark_tests/original/Biere/pec_xor2/pec_10420.dqdimacs,19,9
./benchmark_tests/original/Biere/pec_xor2/pec_10420.dqdimacs,20,9
./benchmark_tests/original/Biere/pec_xor2/pec_10420.dqdimacs,21,9
./benchmark_tests/original/Biere/pec_xor2/pec_10420.dqdimacs,22,9
./benchmark_tests/original/Biere/pec_xor2/pec_10420.dqdimacs,23,9
./benchmark_tests/original/Biere/pec_xor2/pec_10420.dqdimacs,24,9
./benchmark_tests/original/Biere/pec_xor2/pec_10420.dqdimacs,25,9
./benchmark_tests/original/Biere/pec_xor2/pec_10420.dqdimacs,26,9
./benchmark_tests/original/Biere/pec_xor2/pec_10420.dqdimacs,27,9
./benchmark_tests/original/Biere/pec_xor2/pec_10420.dqdimacs,28,9
./benchmark_tests/original/Biere/pec_xor2/pec_10420.dqdimacs,29,9
./benchmark_tests/original/Biere/pec_xor2/pec_10420.dqdimacs,30,9
./benchmark_tests/original/Biere/pec_xor2/pec_10718.dqdimacs,1,38
./benchmark_tests/original/Biere/pec_xor2/pec_10718.dqdimacs,2,35
./benchmark_tests/original/Biere/pec_xor2/pec_10718.dqdimacs,3,35
./benchmark_tests/original/Biere/pec_xor2/pec_10718.dqdimacs,4,35
./benchmark_tests/original/Biere/pec_xor2/pec_10718.dqdimacs,6,35
./benchmark_tests/original/Biere/pec_xor2/pec_10718.dqdimacs,8,34
./benchmark_tests/original/Biere/pec_xor2/pec_10718.dqdimacs,9,35
./benchmark_tests/original/Biere/pec_xor2/pec_10718.dqdimacs,10,35
./benchmark_tests/original/Biere/pec_xor2/pec_10718.dqdimacs,11,76
./benchmark_tests/original/Biere/pec_xor2/pec_10718.dqdimacs,12,12
./benchmark_tests/original/Biere/pec_xor2/pec_10718.dqdimacs,13,10
./benchmark_tests/original/Biere/pec_xor2/pec_10718.dqdimacs,14,10
./benchmark_tests/original/Biere/pec_xor2/pec_10718.dqdimacs,15,10
./benchmark_tests/original/Biere/pec_xor2/pec_10718.dqdimacs,16,10
./benchmark_tests/original/Biere/pec_xor2/pec_10718.dqdimacs,17,10
./benchmark_tests/original/Biere/pec_xor2/pec_10718.dqdimacs,18,10
./benchmark_tests/original/Biere/pec_xor2/pec_10718.dqdimacs,19,10
./benchmark_tests/original/Biere/pec_xor2/pec_10718.dqdimacs,20,11
./benchmark_tests/original/Biere/pec_xor2/pec_10718.dqdimacs,21,11
./benchmark_tests/original/Biere/pec_xor2/pec_10718.dqdimacs,22,11
./benchmark_tests/original/Biere/pec_xor2/pec_10718.dqdimacs,23,11
./benchmark_tests/original/Biere/pec_xor2/pec_10718.dqdimacs,24,11
./benchmark_tests/original/Biere/pec_xor2/pec_10718.dqdimacs,25,11
./benchmark_tests/original/Biere/pec_xor2/pec_10718.dqdimacs,26,11
./benchmark_tests/original/Biere/pec_xor2/pec_10718.dqdimacs,27,10
./benchmark_tests/original/Biere/pec_xor2/pec_10718.dqdimacs,28,10
./benchmark_tests/original/Biere/pec_xor2/pec_10718.dqdimacs,29,10
./benchmark_tests/original/Biere/pec_xor2/pec_10718.dqdimacs,30,10
./benchmark_tests/original/Biere/pec_xor2/pec_10718.dqdimacs,31,23
./benchmark_tests/original/Biere/pec_xor2/pec_10718.dqdimacs,32,33
./benchmark_tests/original/Biere/pec_xor2/pec_10718.dqdimacs,33,34
./benchmark_tests/original/Biere/pec_xor2/pec_10718.dqdimacs,34,34
./benchmark_tests/original/Biere/pec_xor2/pec_10718.dqdimacs,35,34
./benchmark_tests/original/Biere/pec_xor2/pec_10718.dqdimacs,36,34
./benchmark_tests/original/Biere/pec_xor2/pec_10718.dqdimacs,37,34
./benchmark_tests/original/Biere/pec_xor2/pec_10718.dqdimacs,38,34
./benchmark_tests/original/Biere/pec_xor2/pec_10718.dqdimacs,39,33
./benchmark_tests/original/Biere/pec_xor2/pec_11016.dqdimacs,1,35
./benchmark_tests/original/Biere/pec_xor2/pec_11016.dqdimacs,2,33
./benchmark_tests/original/Biere/pec_xor2/pec_11016.dqdimacs,3,32
./benchmark_tests/original/Biere/pec_xor2/pec_11016.dqdimacs,4,74
./benchmark_tests/original/Biere/pec_xor2/pec_11016.dqdimacs,6,10
./benchmark_tests/original/Biere/pec_xor2/pec_11016.dqdimacs,8,8
./benchmark_tests/original/Biere/pec_xor2/pec_11016.dqdimacs,9,8
./benchmark_tests/original/Biere/pec_xor2/pec_11016.dqdimacs,10,8
./benchmark_tests/original/Biere/pec_xor2/pec_11016.dqdimacs,11,8
./benchmark_tests/original/Biere/pec_xor2/pec_11016.dqdimacs,12,8
./benchmark_tests/original/Biere/pec_xor2/pec_11016.dqdimacs,13,8
./benchmark_tests/original/Biere/pec_xor2/pec_11016.dqdimacs,14,8
./benchmark_tests/original/Biere/pec_xor2/pec_11016.dqdimacs,15,8
./benchmark_tests/original/Biere/pec_xor2/pec_11016.dqdimacs,16,9
./benchmark_tests/original/Biere/pec_xor2/pec_11016.dqdimacs,17,8
./benchmark_tests/original/Biere/pec_xor2/pec_11016.dqdimacs,18,8
./benchmark_tests/original/Biere/pec_xor2/pec_11016.dqdimacs,19,8
./benchmark_tests/original/Biere/pec_xor2/pec_11016.dqdimacs,20,8
./benchmark_tests/original/Biere/pec_xor2/pec_11016.dqdimacs,21,8
./benchmark_tests/original/Biere/pec_xor2/pec_11016.dqdimacs,22,8
./benchmark_tests/original/Biere/pec_xor2/pec_11016.dqdimacs,23,8
./benchmark_tests/original/Biere/pec_xor2/pec_11016.dqdimacs,24,8
./benchmark_tests/original/Biere/pec_xor2/pec_11016.dqdimacs,25,8
./benchmark_tests/original/Biere/pec_xor2/pec_11016.dqdimacs,26,8
./benchmark_tests/original/Biere/pec_xor2/pec_13610.dqdimacs,1,37
./benchmark_tests/original/Biere/pec_xor2/pec_13610.dqdimacs,2,34
./benchmark_tests/original/Biere/pec_xor2/pec_13610.dqdimacs,3,33
./benchmark_tests/original/Biere/pec_xor2/pec_13610.dqdimacs,4,75
./benchmark_tests/original/Biere/pec_xor2/pec_13610.dqdimacs,6,11
./benchmark_tests/original/Biere/pec_xor2/pec_13610.dqdimacs,8,9
./benchmark_tests/original/Biere/pec_xor2/pec_13610.dqdimacs,9,9
./benchmark_tests/original/Biere/pec_xor2/pec_13610.dqdimacs,10,9
./benchmark_tests/original/Biere/pec_xor2/pec_13610.dqdimacs,11,9
./benchmark_tests/original/Biere/pec_xor2/pec_13610.dqdimacs,12,9
./benchmark_tests/original/Biere/pec_xor2/pec_13610.dqdimacs,13,9
./benchmark_tests/original/Biere/pec_xor2/pec_13610.dqdimacs,14,10
./benchmark_tests/original/Biere/pec_xor2/pec_13610.dqdimacs,15,9
./benchmark_tests/original/Biere/pec_xor2/pec_13610.dqdimacs,16,9
./benchmark_tests/original/Biere/pec_xor2/pec_13610.dqdimacs,17,9
./benchmark_tests/original/Biere/pec_xor2/pec_13610.dqdimacs,18,9
./benchmark_tests/original/Biere/pec_xor2/pec_13610.dqdimacs,19,9
./benchmark_tests/original/Biere/pec_xor2/pec_13610.dqdimacs,20,9
./benchmark_tests/original/Biere/pec_xor2/pec_13610.dqdimacs,21,9
./benchmark_tests/original/Biere/pec_xor2/pec_13610.dqdimacs,22,9
./benchmark_tests/original/Biere/pec_xor2/pec_13610.dqdimacs,23,9
./benchmark_tests/original/Biere/pec_xor2/pec_13610.dqdimacs,24,9
./benchmark_tests/original/Biere/pec_xor2/pec_13610.dqdimacs,25,9
./benchmark_tests/original/Biere/pec_xor2/pec_13610.dqdimacs,26,9
./benchmark_tests/original/Biere/pec_xor2/pec_13610.dqdimacs,27,9
./benchmark_tests/original/Biere/pec_xor2/pec_13610.dqdimacs,28,22
./benchmark_tests/original/Biere/pec_xor2/pec_13610.dqdimacs,29,32
./benchmark_tests/original/Biere/pec_xor2/pec_13610.dqdimacs,30,32
./benchmark_tests/original/Biere/pec_xor2/pec_13610.dqdimacs,31,32
./benchmark_tests/original/Biere/pec_xor2/pec_13610.dqdimacs,32,33
./benchmark_tests/original/Biere/pec_xor2/pec_13610.dqdimacs,33,32
./benchmark_tests/original/Biere/pec_xor2/pec_15130.dqdimacs,1,36
./benchmark_tests/original/Biere/pec_xor2/pec_15130.dqdimacs,2,33
./benchmark_tests/original/Biere/pec_xor2/pec_15130.dqdimacs,3,33
./benchmark_tests/original/Biere/pec_xor2/pec_15130.dqdimacs,4,75
./benchmark_tests/original/Biere/pec_xor2/pec_15130.dqdimacs,6,11
./benchmark_tests/original/Biere/pec_xor2/pec_15130.dqdimacs,8,9
./benchmark_tests/original/Biere/pec_xor2/pec_15130.dqdimacs,9,9
./benchmark_tests/original/Biere/pec_xor2/pec_15130.dqdimacs,10,10
./benchmark_tests/original/Biere/pec_xor2/pec_15130.dqdimacs,11,9
./benchmark_tests/original/Biere/pec_xor2/pec_15130.dqdimacs,12,9
./benchmark_tests/original/Biere/pec_xor2/pec_15130.dqdimacs,13,9
./benchmark_tests/original/Biere/pec_xor2/pec_15130.dqdimacs,14,9
./benchmark_tests/original/Biere/pec_xor2/pec_15130.dqdimacs,15,9
./benchmark_tests/original/Biere/pec_xor2/pec_15130.dqdimacs,16,9
./benchmark_tests/original/Biere/pec_xor2/pec_15130.dqdimacs,17,9
./benchmark_tests/original/Biere/pec_xor2/pec_15130.dqdimacs,18,9
./benchmark_tests/original/Biere/pec_xor2/pec_15130.dqdimacs,19,9
./benchmark_tests/original/Biere/pec_xor2/pec_15130.dqdimacs,20,9
./benchmark_tests/original/Biere/pec_xor2/pec_15130.dqdimacs,21,9
./benchmark_tests/original/Biere/pec_xor2/pec_15130.dqdimacs,22,9
./benchmark_tests/original/Biere/pec_xor2/pec_15130.dqdimacs,23,9
./benchmark_tests/original/Biere/pec_xor2/pec_15130.dqdimacs,24,9
./benchmark_tests/original/Biere/pec_xor2/pec_15130.dqdimacs,25,9
./benchmark_tests/original/Biere/pec_xor2/pec_15130.dqdimacs,26,22
./benchmark_tests/original/Biere/pec_xor2/pec_15130.dqdimacs,27,33
./benchmark_tests/original/Biere/pec_xor2/pec_15130.dqdimacs,28,32
./benchmark_tests/original/Biere/pec_xor2/pec_15130.dqdimacs,29,33
./benchmark_tests/original/Biere/pec_xor2/pec_15130.dqdimacs,30,32
./benchmark_tests/original/Biere/pec_xor2/pec_15130.dqdimacs,31,33
./benchmark_tests/original/Biere/pec_xor2/pec_15130.dqdimacs,32,33
./benchmark_tests/original/Biere/pec_xor2/pec_15130.dqdimacs,33,33
./benchmark_tests/original/Biere/pec_xor2/pec_17060.dqdimacs,1,36
./benchmark_tests/original/Biere/pec_xor2/pec_17060.dqdimacs,2,33
./benchmark_tests/original/Biere/pec_xor2/pec_17060.dqdimacs,3,32
./benchmark_tests/original/Biere/pec_xor2/pec_17060.dqdimacs,4,32
./benchmark_tests/original/Biere/pec_xor2/pec_17060.dqdimacs,6,32
./benchmark_tests/original/Biere/pec_xor2/pec_17060.dqdimacs,8,32
./benchmark_tests/original/Biere/pec_xor2/pec_17060.dqdimacs,9,32
./benchmark_tests/original/Biere/pec_xor2/pec_17060.dqdimacs,10,32
./benchmark_tests/original/Biere/pec_xor2/pec_17060.dqdimacs,11,32
./benchmark_tests/original/Biere/pec_xor2/pec_17060.dqdimacs,12,74
./benchmark_tests/original/Biere/pec_xor2/pec_17060.dqdimacs,13,10
./benchmark_tests/original/Biere/pec_xor2/pec_17060.dqdimacs,14,8
./benchmark_tests/original/Biere/pec_xor2/pec_17060.dqdimacs,15,8
./benchmark_tests/original/Biere/pec_xor2/pec_17060.dqdimacs,16,8
./benchmark_tests/original/Biere/pec_xor2/pec_17060.dqdimacs,17,8
./benchmark_tests/original/Biere/pec_xor2/pec_17060.dqdimacs,18,8
./benchmark_tests/original/Biere/pec_xor2/pec_17060.dqdimacs,19,8
./benchmark_tests/original/Biere/pec_xor2/pec_17060.dqdimacs,20,8
./benchmark_tests/original/Biere/pec_xor2/pec_17060.dqdimacs,21,9
./benchmark_tests/original/Biere/pec_xor2/pec_17060.dqdimacs,22,8
./benchmark_tests/original/Biere/pec_xor2/pec_17060.dqdimacs,23,8
./benchmark_tests/original/Biere/pec_xor2/pec_17060.dqdimacs,24,8
./benchmark_tests/original/Biere/pec_xor2/pec_17060.dqdimacs,25,8
./benchmark_tests/original/Biere/pec_xor2/pec_17060.dqdimacs,26,8
./benchmark_tests/original/Biere/pec_xor2/pec_17060.dqdimacs,27,8
./benchmark_tests/original/Biere/pec_xor2/pec_1718.dqdimacs,1,36
./benchmark_tests/original/Biere/pec_xor2/pec_1718.dqdimacs,2,34
./benchmark_tests/original/Biere/pec_xor2/pec_1718.dqdimacs,3,33
./benchmark_tests/original/Biere/pec_xor2/pec_1718.dqdimacs,4,33
./benchmark_tests/original/Biere/pec_xor2/pec_1718.dqdimacs,6,34
./benchmark_tests/original/Biere/pec_xor2/pec_1718.dqdimacs,7,74
./benchmark_tests/original/Biere/pec_xor2/pec_1718.dqdimacs,9,11
./benchmark_tests/original/Biere/pec_xor2/pec_1718.dqdimacs,10,9
./benchmark_tests/original/Biere/pec_xor2/pec_1718.dqdimacs,11,9
./benchmark_tests/original/Biere/pec_xor2/pec_1718.dqdimacs,12,9
./benchmark_tests/original/Biere/pec_xor2/pec_1718.dqdimacs,13,9
./benchmark_tests/original/Biere/pec_xor2/pec_1718.dqdimacs,14,9
./benchmark_tests/original/Biere/pec_xor2/pec_1718.dqdimacs,15,9
./benchmark_tests/original/Biere/pec_xor2/pec_1718.dqdimacs,16,9
./benchmark_tests/original/Biere/pec_xor2/pec_1718.dqdimacs,17,9
./benchmark_tests/original/Biere/pec_xor2/pec_1718.dqdimacs,18,9
./benchmark_tests/original/Biere/pec_xor2/pec_1718.dqdimacs,19,10
./benchmark_tests/original/Biere/pec_xor2/pec_1718.dqdimacs,20,9
./benchmark_tests/original/Biere/pec_xor2/pec_1718.dqdimacs,21,9
./benchmark_tests/original/Biere/pec_xor2/pec_1718.dqdimacs,22,9
./benchmark_tests/original/Biere/pec_xor2/pec_1718.dqdimacs,23,9
./benchmark_tests/original/Biere/pec_xor2/pec_1718.dqdimacs,24,9
./benchmark_tests/original/Biere/pec_xor2/pec_1718.dqdimacs,25,9
./benchmark_tests/original/Biere/pec_xor2/pec_1718.dqdimacs,26,9
./benchmark_tests/original/Biere/pec_xor2/pec_1718.dqdimacs,27,9
./benchmark_tests/original/Biere/pec_xor2/pec_1718.dqdimacs,28,9
./benchmark_tests/original/Biere/pec_xor2/pec_1718.dqdimacs,29,9
./benchmark_tests/original/Biere/pec_xor2/pec_1718.dqdimacs,30,22
./benchmark_tests/original/Biere/pec_xor2/pec_1718.dqdimacs,31,33
./benchmark_tests/original/Biere/pec_xor2/pec_1718.dqdimacs,32,32
./benchmark_tests/original/Biere/pec_xor2/pec_19899.dqdimacs,1,38
./benchmark_tests/original/Biere/pec_xor2/pec_19899.dqdimacs,2,35
./benchmark_tests/original/Biere/pec_xor2/pec_19899.dqdimacs,3,35
./benchmark_tests/original/Biere/pec_xor2/pec_19899.dqdimacs,4,81
./benchmark_tests/original/Biere/pec_xor2/pec_19899.dqdimacs,6,35
./benchmark_tests/original/Biere/pec_xor2/pec_19899.dqdimacs,8,35
./benchmark_tests/original/Biere/pec_xor2/pec_19899.dqdimacs,9,35
./benchmark_tests/original/Biere/pec_xor2/pec_19899.dqdimacs,10,35
./benchmark_tests/original/Biere/pec_xor2/pec_19899.dqdimacs,11,35
./benchmark_tests/original/Biere/pec_xor2/pec_19899.dqdimacs,12,35
./benchmark_tests/original/Biere/pec_xor2/pec_19899.dqdimacs,13,35
./benchmark_tests/original/Biere/pec_xor2/pec_19899.dqdimacs,14,35
./benchmark_tests/original/Biere/pec_xor2/pec_19899.dqdimacs,15,35
./benchmark_tests/original/Biere/pec_xor2/pec_19899.dqdimacs,16,35
./benchmark_tests/original/Biere/pec_xor2/pec_19899.dqdimacs,17,35
./benchmark_tests/original/Biere/pec_xor2/pec_19899.dqdimacs,18,35
./benchmark_tests/original/Biere/pec_xor2/pec_19899.dqdimacs,19,35
./benchmark_tests/original/Biere/pec_xor2/pec_19899.dqdimacs,20,35
./benchmark_tests/original/Biere/pec_xor2/pec_19899.dqdimacs,21,35
./benchmark_tests/original/Biere/pec_xor2/pec_19899.dqdimacs,22,35
./benchmark_tests/original/Biere/pec_xor2/pec_19899.dqdimacs,23,35
./benchmark_tests/original/Biere/pec_xor2/pec_19899.dqdimacs,24,35
./benchmark_tests/original/Biere/pec_xor2/pec_19899.dqdimacs,25,35
./benchmark_tests/original/Biere/pec_xor2/pec_19899.dqdimacs,26,35
./benchmark_tests/original/Biere/pec_xor2/pec_19899.dqdimacs,27,35
./benchmark_tests/original/Biere/pec_xor2/pec_19899.dqdimacs,28,35
./benchmark_tests/original/Biere/pec_xor2/pec_19899.dqdimacs,29,35
./benchmark_tests/original/Biere/pec_xor2/pec_19899.dqdimacs,30,35
./benchmark_tests/original/Biere/pec_xor2/pec_19899.dqdimacs,31,35
./benchmark_tests/original/Biere/pec_xor2/pec_19899.dqdimacs,32,35
./benchmark_tests/original/Biere/pec_xor2/pec_19899.dqdimacs,33,35
./benchmark_tests/original/Biere/pec_xor2/pec_19899.dqdimacs,34,35
./benchmark_tests/original/Biere/pec_xor2/pec_19899.dqdimacs,35,35
./benchmark_tests/original/Biere/pec_xor2/pec_19899.dqdimacs,36,35
./benchmark_tests/original/Biere/pec_xor2/pec_19899.dqdimacs,37,35
./benchmark_tests/original/Biere/pec_xor2/pec_19899.dqdimacs,38,35
./benchmark_tests/original/Biere/pec_xor2/pec_19899.dqdimacs,39,35
./benchmark_tests/original/Biere/pec_xor2/pec_19899.dqdimacs,40,35
./benchmark_tests/original/Biere/pec_xor2/pec_19899.dqdimacs,41,35
./benchmark_tests/original/Biere/pec_xor2/pec_19920.dqdimacs,1,36
./benchmark_tests/original/Biere/pec_xor2/pec_19920.dqdimacs,2,34
./benchmark_tests/original/Biere/pec_xor2/pec_19920.dqdimacs,3,33
./benchmark_tests/original/Biere/pec_xor2/pec_19920.dqdimacs,4,34
./benchmark_tests/original/Biere/pec_xor2/pec_19920.dqdimacs,6,75
./benchmark_tests/original/Biere/pec_xor2/pec_19920.dqdimacs,8,11
./benchmark_tests/original/Biere/pec_xor2/pec_19920.dqdimacs,9,9
./benchmark_tests/original/Biere/pec_xor2/pec_19920.dqdimacs,10,10
./benchmark_tests/original/Biere/pec_xor2/pec_19920.dqdimacs,11,9
./benchmark_tests/original/Biere/pec_xor2/pec_19920.dqdimacs,12,10
./benchmark_tests/original/Biere/pec_xor2/pec_19920.dqdimacs,13,10
./benchmark_tests/original/Biere/pec_xor2/pec_19920.dqdimacs,14,9
./benchmark_tests/original/Biere/pec_xor2/pec_19920.dqdimacs,15,10
./benchmark_tests/original/Biere/pec_xor2/pec_19920.dqdimacs,16,10
./benchmark_tests/original/Biere/pec_xor2/pec_19920.dqdimacs,17,10
./benchmark_tests/original/Biere/pec_xor2/pec_19920.dqdimacs,18,10
./benchmark_tests/original/Biere/pec_xor2/pec_19920.dqdimacs,19,10
./benchmark_tests/original/Biere/pec_xor2/pec_19920.dqdimacs,20,10
./benchmark_tests/original/Biere/pec_xor2/pec_19920.dqdimacs,21,10
./benchmark_tests/original/Biere/pec_xor2/pec_19920.dqdimacs,22,10
./benchmark_tests/original/Biere/pec_xor2/pec_19920.dqdimacs,23,10
./benchmark_tests/original/Biere/pec_xor2/pec_19920.dqdimacs,24,10
./benchmark_tests/original/Biere/pec_xor2/pec_19920.dqdimacs,25,10
./benchmark_tests/original/Biere/pec_xor2/pec_19920.dqdimacs,26,10
./benchmark_tests/original/Biere/pec_xor2/pec_19920.dqdimacs,27,10
./benchmark_tests/original/Biere/pec_xor2/pec_19920.dqdimacs,28,22
./benchmark_tests/original/Biere/pec_xor2/pec_19920.dqdimacs,29,33
./benchmark_tests/original/Biere/pec_xor2/pec_19920.dqdimacs,30,33
./benchmark_tests/original/Biere/pec_xor2/pec_19920.dqdimacs,31,33
./benchmark_tests/original/Biere/pec_xor2/pec_19920.dqdimacs,32,33
./benchmark_tests/original/Biere/pec_xor2/pec_21191.dqdimacs,1,36
./benchmark_tests/original/Biere/pec_xor2/pec_21191.dqdimacs,2,33
./benchmark_tests/original/Biere/pec_xor2/pec_21191.dqdimacs,3,33
./benchmark_tests/original/Biere/pec_xor2/pec_21191.dqdimacs,4,74
./benchmark_tests/original/Biere/pec_xor2/pec_21191.dqdimacs,6,11
./benchmark_tests/original/Biere/pec_xor2/pec_21191.dqdimacs,8,9
./benchmark_tests/original/Biere/pec_xor2/pec_21191.dqdimacs,9,9
./benchmark_tests/original/Biere/pec_xor2/pec_21191.dqdimacs,10,9
./benchmark_tests/original/Biere/pec_xor2/pec_21191.dqdimacs,11,9
./benchmark_tests/original/Biere/pec_xor2/pec_21191.dqdimacs,12,9
./benchmark_tests/original/Biere/pec_xor2/pec_21191.dqdimacs,13,9
./benchmark_tests/original/Biere/pec_xor2/pec_21191.dqdimacs,14,10
./benchmark_tests/original/Biere/pec_xor2/pec_21191.dqdimacs,15,9
./benchmark_tests/original/Biere/pec_xor2/pec_21191.dqdimacs,16,9
./benchmark_tests/original/Biere/pec_xor2/pec_21191.dqdimacs,17,9
./benchmark_tests/original/Biere/pec_xor2/pec_21191.dqdimacs,18,9
./benchmark_tests/original/Biere/pec_xor2/pec_21191.dqdimacs,19,9
./benchmark_tests/original/Biere/pec_xor2/pec_21191.dqdimacs,20,9
./benchmark_tests/original/Biere/pec_xor2/pec_21191.dqdimacs,21,9
./benchmark_tests/original/Biere/pec_xor2/pec_21191.dqdimacs,22,9
./benchmark_tests/original/Biere/pec_xor2/pec_21191.dqdimacs,23,22
./benchmark_tests/original/Biere/pec_xor2/pec_21191.dqdimacs,24,32
./benchmark_tests/original/Biere/pec_xor2/pec_21191.dqdimacs,25,32
./benchmark_tests/original/Biere/pec_xor2/pec_21191.dqdimacs,26,32
./benchmark_tests/original/Biere/pec_xor2/pec_21191.dqdimacs,27,32
./benchmark_tests/original/Biere/pec_xor2/pec_21191.dqdimacs,28,32
./benchmark_tests/original/Biere/pec_xor2/pec_21191.dqdimacs,29,32
./benchmark_tests/original/Biere/pec_xor2/pec_21191.dqdimacs,30,32
./benchmark_tests/original/Biere/pec_xor2/pec_21191.dqdimacs,31,32
./benchmark_tests/original/Biere/pec_xor2/pec_21191.dqdimacs,32,32
./benchmark_tests/original/Biere/pec_xor2/pec_21191.dqdimacs,33,32
./benchmark_tests/original/Biere/pec_xor2/pec_21191.dqdimacs,34,31
./benchmark_tests/original/Biere/pec_xor2/pec_21191.dqdimacs,35,31
./benchmark_tests/original/Biere/pec_xor2/pec_21570.dqdimacs,1,36
./benchmark_tests/original/Biere/pec_xor2/pec_21570.dqdimacs,2,33
./benchmark_tests/original/Biere/pec_xor2/pec_21570.dqdimacs,3,32
./benchmark_tests/original/Biere/pec_xor2/pec_21570.dqdimacs,4,73
./benchmark_tests/original/Biere/pec_xor2/pec_21570.dqdimacs,6,10
./benchmark_tests/original/Biere/pec_xor2/pec_21570.dqdimacs,8,8
./benchmark_tests/original/Biere/pec_xor2/pec_21570.dqdimacs,9,8
./benchmark_tests/original/Biere/pec_xor2/pec_21570.dqdimacs,10,8
./benchmark_tests/original/Biere/pec_xor2/pec_21570.dqdimacs,11,8
./benchmark_tests/original/Biere/pec_xor2/pec_21570.dqdimacs,12,8
./benchmark_tests/original/Biere/pec_xor2/pec_21570.dqdimacs,13,8
./benchmark_tests/original/Biere/pec_xor2/pec_21570.dqdimacs,14,9
./benchmark_tests/original/Biere/pec_xor2/pec_21570.dqdimacs,15,8
./benchmark_tests/original/Biere/pec_xor2/pec_21570.dqdimacs,16,8
./benchmark_tests/original/Biere/pec_xor2/pec_21570.dqdimacs,17,8
./benchmark_tests/original/Biere/pec_xor2/pec_21570.dqdimacs,18,8
./benchmark_tests/original/Biere/pec_xor2/pec_21570.dqdimacs,19,8
./benchmark_tests/original/Biere/pec_xor2/pec_21570.dqdimacs,20,8
./benchmark_tests/original/Biere/pec_xor2/pec_21570.dqdimacs,21,8
./benchmark_tests/original/Biere/pec_xor2/pec_21570.dqdimacs,22,8
./benchmark_tests/original/Biere/pec_xor2/pec_21570.dqdimacs,23,8
./benchmark_tests/original/Biere/pec_xor2/pec_21570.dqdimacs,24,8
./benchmark_tests/original/Biere/pec_xor2/pec_21570.dqdimacs,25,8
./benchmark_tests/original/Biere/pec_xor2/pec_21570.dqdimacs,26,8
./benchmark_tests/original/Biere/pec_xor2/pec_21698.dqdimacs,1,37
./benchmark_tests/original/Biere/pec_xor2/pec_21698.dqdimacs,2,34
./benchmark_tests/original/Biere/pec_xor2/pec_21698.dqdimacs,3,33
./benchmark_tests/original/Biere/pec_xor2/pec_21698.dqdimacs,4,74
./benchmark_tests/original/Biere/pec_xor2/pec_21698.dqdimacs,6,11
./benchmark_tests/original/Biere/pec_xor2/pec_21698.dqdimacs,8,9
./benchmark_tests/original/Biere/pec_xor2/pec_21698.dqdimacs,9,9
./benchmark_tests/original/Biere/pec_xor2/pec_21698.dqdimacs,10,9
./benchmark_tests/original/Biere/pec_xor2/pec_21698.dqdimacs,11,9
./benchmark_tests/original/Biere/pec_xor2/pec_21698.dqdimacs,12,9
./benchmark_tests/original/Biere/pec_xor2/pec_21698.dqdimacs,13,9
./benchmark_tests/original/Biere/pec_xor2/pec_21698.dqdimacs,14,9
./benchmark_tests/original/Biere/pec_xor2/pec_21698.dqdimacs,15,9
./benchmark_tests/original/Biere/pec_xor2/pec_21698.dqdimacs,16,9
./benchmark_tests/original/Biere/pec_xor2/pec_21698.dqdimacs,17,9
./benchmark_tests/original/Biere/pec_xor2/pec_21698.dqdimacs,18,9
./benchmark_tests/original/Biere/pec_xor2/pec_21698.dqdimacs,19,9
./benchmark_tests/original/Biere/pec_xor2/pec_21698.dqdimacs,20,9
./benchmark_tests/original/Biere/pec_xor2/pec_21698.dqdimacs,21,9
./benchmark_tests/original/Biere/pec_xor2/pec_21698.dqdimacs,22,9
./benchmark_tests/original/Biere/pec_xor2/pec_21698.dqdimacs,23,9
./benchmark_tests/original/Biere/pec_xor2/pec_21698.dqdimacs,24,9
./benchmark_tests/original/Biere/pec_xor2/pec_21698.dqdimacs,25,22
./benchmark_tests/original/Biere/pec_xor2/pec_21698.dqdimacs,26,33
./benchmark_tests/original/Biere/pec_xor2/pec_21698.dqdimacs,27,32
./benchmark_tests/original/Biere/pec_xor2/pec_21698.dqdimacs,28,33
./benchmark_tests/original/Biere/pec_xor2/pec_21698.dqdimacs,29,33
./benchmark_tests/original/Biere/pec_xor2/pec_21698.dqdimacs,30,32
./benchmark_tests/original/Biere/pec_xor2/pec_22390.dqdimacs,1,37
./benchmark_tests/original/Biere/pec_xor2/pec_22390.dqdimacs,2,34
./benchmark_tests/original/Biere/pec_xor2/pec_22390.dqdimacs,3,34
./benchmark_tests/original/Biere/pec_xor2/pec_22390.dqdimacs,4,81
./benchmark_tests/original/Biere/pec_xor2/pec_22390.dqdimacs,6,35
./benchmark_tests/original/Biere/pec_xor2/pec_22390.dqdimacs,8,34
./benchmark_tests/original/Biere/pec_xor2/pec_22390.dqdimacs,9,34
./benchmark_tests/original/Biere/pec_xor2/pec_22390.dqdimacs,10,35
./benchmark_tests/original/Biere/pec_xor2/pec_22390.dqdimacs,11,35
./benchmark_tests/original/Biere/pec_xor2/pec_22390.dqdimacs,12,34
./benchmark_tests/original/Biere/pec_xor2/pec_22390.dqdimacs,13,34
./benchmark_tests/original/Biere/pec_xor2/pec_22390.dqdimacs,14,34
./benchmark_tests/original/Biere/pec_xor2/pec_22390.dqdimacs,15,34
./benchmark_tests/original/Biere/pec_xor2/pec_22390.dqdimacs,16,34
./benchmark_tests/original/Biere/pec_xor2/pec_22390.dqdimacs,17,34
./benchmark_tests/original/Biere/pec_xor2/pec_22390.dqdimacs,18,34
./benchmark_tests/original/Biere/pec_xor2/pec_22390.dqdimacs,19,34
./benchmark_tests/original/Biere/pec_xor2/pec_22390.dqdimacs,20,34
./benchmark_tests/original/Biere/pec_xor2/pec_22390.dqdimacs,21,34
./benchmark_tests/original/Biere/pec_xor2/pec_22390.dqdimacs,22,34
./benchmark_tests/original/Biere/pec_xor2/pec_22390.dqdimacs,23,34
./benchmark_tests/original/Biere/pec_xor2/pec_22390.dqdimacs,24,35
./benchmark_tests/original/Biere/pec_xor2/pec_22390.dqdimacs,25,35
./benchmark_tests/original/Biere/pec_xor2/pec_22390.dqdimacs,26,34
./benchmark_tests/original/Biere/pec_xor2/pec_22390.dqdimacs,27,35
./benchmark_tests/original/Biere/pec_xor2/pec_22390.dqdimacs,28,34
./benchmark_tests/original/Biere/pec_xor2/pec_22390.dqdimacs,29,34
./benchmark_tests/original/Biere/pec_xor2/pec_22390.dqdimacs,30,35
./benchmark_tests/original/Biere/pec_xor2/pec_22390.dqdimacs,31,34
./benchmark_tests/original/Biere/pec_xor2/pec_22390.dqdimacs,32,34
./benchmark_tests/original/Biere/pec_xor2/pec_22390.dqdimacs,33,34
./benchmark_tests/original/Biere/pec_xor2/pec_22390.dqdimacs,34,35
./benchmark_tests/original/Biere/pec_xor2/pec_22390.dqdimacs,35,34
./benchmark_tests/original/Biere/pec_xor2/pec_22390.dqdimacs,36,34
./benchmark_tests/original/Biere/pec_xor2/pec_22390.dqdimacs,37,35
./benchmark_tests/original/Biere/pec_xor2/pec_22390.dqdimacs,38,34
./benchmark_tests/original/Biere/pec_xor2/pec_22437.dqdimacs,1,38
./benchmark_tests/original/Biere/pec_xor2/pec_22437.dqdimacs,2,35
./benchmark_tests/original/Biere/pec_xor2/pec_22437.dqdimacs,3,34
./benchmark_tests/original/Biere/pec_xor2/pec_22437.dqdimacs,4,74
./benchmark_tests/original/Biere/pec_xor2/pec_22437.dqdimacs,6,12
./benchmark_tests/original/Biere/pec_xor2/pec_22437.dqdimacs,8,10
./benchmark_tests/original/Biere/pec_xor2/pec_22437.dqdimacs,9,10
./benchmark_tests/original/Biere/pec_xor2/pec_22437.dqdimacs,10,10
./benchmark_tests/original/Biere/pec_xor2/pec_22437.dqdimacs,11,11
./benchmark_tests/original/Biere/pec_xor2/pec_22437.dqdimacs,12,10
./benchmark_tests/original/Biere/pec_xor2/pec_22437.dqdimacs,13,10
./benchmark_tests/original/Biere/pec_xor2/pec_22437.dqdimacs,14,10
./benchmark_tests/original/Biere/pec_xor2/pec_22437.dqdimacs,15,10
./benchmark_tests/original/Biere/pec_xor2/pec_22437.dqdimacs,16,10
./benchmark_tests/original/Biere/pec_xor2/pec_22437.dqdimacs,17,10
./benchmark_tests/original/Biere/pec_xor2/pec_22437.dqdimacs,18,10
./benchmark_tests/original/Biere/pec_xor2/pec_22437.dqdimacs,19,10
./benchmark_tests/original/Biere/pec_xor2/pec_22437.dqdimacs,20,10
./benchmark_tests/original/Biere/pec_xor2/pec_22437.dqdimacs,21,23
./benchmark_tests/original/Biere/pec_xor2/pec_22437.dqdimacs,22,34
./benchmark_tests/original/Biere/pec_xor2/pec_22437.dqdimacs,23,34
./benchmark_tests/original/Biere/pec_xor2/pec_22437.dqdimacs,24,34
./benchmark_tests/original/Biere/pec_xor2/pec_22437.dqdimacs,25,34
./benchmark_tests/original/Biere/pec_xor2/pec_22437.dqdimacs,26,33
./benchmark_tests/original/Biere/pec_xor2/pec_22437.dqdimacs,27,34
./benchmark_tests/original/Biere/pec_xor2/pec_22437.dqdimacs,28,34
./benchmark_tests/original/Biere/pec_xor2/pec_22437.dqdimacs,29,34
./benchmark_tests/original/Biere/pec_xor2/pec_22437.dqdimacs,30,34
./benchmark_tests/original/Biere/pec_xor2/pec_22437.dqdimacs,31,34
./benchmark_tests/original/Biere/pec_xor2/pec_22437.dqdimacs,32,33
./benchmark_tests/original/Biere/pec_xor2/pec_22437.dqdimacs,33,33
./benchmark_tests/original/Biere/pec_xor2/pec_22437.dqdimacs,34,33
./benchmark_tests/original/Biere/pec_xor2/pec_22437.dqdimacs,35,34
./benchmark_tests/original/Biere/pec_xor2/pec_22437.dqdimacs,36,34
./benchmark_tests/original/Biere/pec_xor2/pec_22437.dqdimacs,37,34
./benchmark_tests/original/Biere/pec_xor2/pec_22437.dqdimacs,38,34
./benchmark_tests/original/Biere/pec_xor2/pec_23858.dqdimacs,1,37
./benchmark_tests/original/Biere/pec_xor2/pec_23858.dqdimacs,2,34
./benchmark_tests/original/Biere/pec_xor2/pec_23858.dqdimacs,3,34
./benchmark_tests/original/Biere/pec_xor2/pec_23858.dqdimacs,4,34
./benchmark_tests/original/Biere/pec_xor2/pec_23858.dqdimacs,6,34
./benchmark_tests/original/Biere/pec_xor2/pec_23858.dqdimacs,8,34
./benchmark_tests/original/Biere/pec_xor2/pec_23858.dqdimacs,9,34
./benchmark_tests/original/Biere/pec_xor2/pec_23858.dqdimacs,10,34
./benchmark_tests/original/Biere/pec_xor2/pec_23858.dqdimacs,11,75
./benchmark_tests/original/Biere/pec_xor2/pec_23858.dqdimacs,12,12
./benchmark_tests/original/Biere/pec_xor2/pec_23858.dqdimacs,13,10
./benchmark_tests/original/Biere/pec_xor2/pec_23858.dqdimacs,14,10
./benchmark_tests/original/Biere/pec_xor2/pec_23858.dqdimacs,15,10
./benchmark_tests/original/Biere/pec_xor2/pec_23858.dqdimacs,16,11
./benchmark_tests/original/Biere/pec_xor2/pec_23858.dqdimacs,17,10
./benchmark_tests/original/Biere/pec_xor2/pec_23858.dqdimacs,18,10
./benchmark_tests/original/Biere/pec_xor2/pec_23858.dqdimacs,19,10
./benchmark_tests/original/Biere/pec_xor2/pec_23858.dqdimacs,20,10
./benchmark_tests/original/Biere/pec_xor2/pec_23858.dqdimacs,21,10
./benchmark_tests/original/Biere/pec_xor2/pec_23858.dqdimacs,22,10
./benchmark_tests/original/Biere/pec_xor2/pec_23858.dqdimacs,23,10
./benchmark_tests/original/Biere/pec_xor2/pec_23858.dqdimacs,24,10
./benchmark_tests/original/Biere/pec_xor2/pec_23858.dqdimacs,25,10
./benchmark_tests/original/Biere/pec_xor2/pec_23858.dqdimacs,26,10
./benchmark_tests/original/Biere/pec_xor2/pec_23858.dqdimacs,27,10
./benchmark_tests/original/Biere/pec_xor2/pec_23858.dqdimacs,28,10
./benchmark_tests/original/Biere/pec_xor2/pec_23858.dqdimacs,29,10
./benchmark_tests/original/Biere/pec_xor2/pec_23858.dqdimacs,30,10
./benchmark_tests/original/Biere/pec_xor2/pec_23858.dqdimacs,31,10
./benchmark_tests/original/Biere/pec_xor2/pec_23858.dqdimacs,32,23
./benchmark_tests/original/Biere/pec_xor2/pec_23858.dqdimacs,33,34
./benchmark_tests/original/Biere/pec_xor2/pec_23858.dqdimacs,34,34
./benchmark_tests/original/Biere/pec_xor2/pec_23858.dqdimacs,35,34
./benchmark_tests/original/Biere/pec_xor2/pec_23858.dqdimacs,36,33
./benchmark_tests/original/Biere/pec_xor2/pec_24395.dqdimacs,1,37
./benchmark_tests/original/Biere/pec_xor2/pec_24395.dqdimacs,2,31
./benchmark_tests/original/Biere/pec_xor2/pec_24395.dqdimacs,3,12
./benchmark_tests/original/Biere/pec_xor2/pec_24395.dqdimacs,4,57
./benchmark_tests/original/Biere/pec_xor2/pec_24395.dqdimacs,6,11
./benchmark_tests/original/Biere/pec_xor2/pec_24395.dqdimacs,8,10
./benchmark_tests/original/Biere/pec_xor2/pec_24395.dqdimacs,9,10
./benchmark_tests/original/Biere/pec_xor2/pec_24395.dqdimacs,10,10
./benchmark_tests/original/Biere/pec_xor2/pec_24395.dqdimacs,11,10
./benchmark_tests/original/Biere/pec_xor2/pec_24395.dqdimacs,12,11
./benchmark_tests/original/Biere/pec_xor2/pec_24395.dqdimacs,13,11
./benchmark_tests/original/Biere/pec_xor2/pec_24395.dqdimacs,14,11
./benchmark_tests/original/Biere/pec_xor2/pec_24395.dqdimacs,15,11
./benchmark_tests/original/Biere/pec_xor2/pec_24395.dqdimacs,16,23
./benchmark_tests/original/Biere/pec_xor2/pec_24395.dqdimacs,17,34
./benchmark_tests/original/Biere/pec_xor2/pec_24395.dqdimacs,18,34
./benchmark_tests/original/Biere/pec_xor2/pec_24395.dqdimacs,19,34
./benchmark_tests/original/Biere/pec_xor2/pec_24395.dqdimacs,20,34
./benchmark_tests/original/Biere/pec_xor2/pec_24395.dqdimacs,21,34
./benchmark_tests/original/Biere/pec_xor2/pec_24395.dqdimacs,22,34
./benchmark_tests/original/Biere/pec_xor2/pec_24395.dqdimacs,23,34
./benchmark_tests/original/Biere/pec_xor2/pec_24395.dqdimacs,24,34
./benchmark_tests/original/Biere/pec_xor2/pec_24395.dqdimacs,25,34
./benchmark_tests/original/Biere/pec_xor2/pec_24395.dqdimacs,26,34
./benchmark_tests/original/Biere/pec_xor2/pec_24395.dqdimacs,27,34
./benchmark_tests/original/Biere/pec_xor2/pec_24395.dqdimacs,28,34
./benchmark_tests/original/Biere/pec_xor2/pec_24395.dqdimacs,29,34
./benchmark_tests/original/Biere/pec_xor2/pec_24395.dqdimacs,30,34
./benchmark_tests/original/Biere/pec_xor2/pec_24395.dqdimacs,31,34
./benchmark_tests/original/Biere/pec_xor2/pec_24395.dqdimacs,32,33
./benchmark_tests/original/Biere/pec_xor2/pec_24395.dqdimacs,33,34
./benchmark_tests/original/Biere/pec_xor2/pec_24395.dqdimacs,34,33
./benchmark_tests/original/Biere/pec_xor2/pec_24395.dqdimacs,35,34
./benchmark_tests/original/Biere/pec_xor2/pec_24395.dqdimacs,36,34
./benchmark_tests/original/Biere/pec_xor2/pec_24395.dqdimacs,37,34
./benchmark_tests/original/Biere/pec_xor2/pec_24395.dqdimacs,38,34
./benchmark_tests/original/Biere/pec_xor2/pec_24395.dqdimacs,39,34
./benchmark_tests/original/Biere/pec_xor2/pec_25289.dqdimacs,1,36
./benchmark_tests/original/Biere/pec_xor2/pec_25289.dqdimacs,2,33
./benchmark_tests/original/Biere/pec_xor2/pec_25289.dqdimacs,3,34
./benchmark_tests/original/Biere/pec_xor2/pec_25289.dqdimacs,4,33
./benchmark_tests/original/Biere/pec_xor2/pec_25289.dqdimacs,6,74
./benchmark_tests/original/Biere/pec_xor2/pec_25289.dqdimacs,8,11
./benchmark_tests/original/Biere/pec_xor2/pec_25289.dqdimacs,9,9
./benchmark_tests/original/Biere/pec_xor2/pec_25289.dqdimacs,10,9
./benchmark_tests/original/Biere/pec_xor2/pec_25289.dqdimacs,11,9
./benchmark_tests/original/Biere/pec_xor2/pec_25289.dqdimacs,12,10
./benchmark_tests/original/Biere/pec_xor2/pec_25289.dqdimacs,13,9
./benchmark_tests/original/Biere/pec_xor2/pec_25289.dqdimacs,14,9
./benchmark_tests/original/Biere/pec_xor2/pec_25289.dqdimacs,15,9
./benchmark_tests/original/Biere/pec_xor2/pec_25289.dqdimacs,16,9
./benchmark_tests/original/Biere/pec_xor2/pec_25289.dqdimacs,17,9
./benchmark_tests/original/Biere/pec_xor2/pec_25289.dqdimacs,18,9
./benchmark_tests/original/Biere/pec_xor2/pec_25289.dqdimacs,19,9
./benchmark_tests/original/Biere/pec_xor2/pec_25289.dqdimacs,20,9
./benchmark_tests/original/Biere/pec_xor2/pec_25289.dqdimacs,21,9
./benchmark_tests/original/Biere/pec_xor2/pec_25289.dqdimacs,22,9
./benchmark_tests/original/Biere/pec_xor2/pec_25289.dqdimacs,23,9
./benchmark_tests/original/Biere/pec_xor2/pec_25289.dqdimacs,24,9
./benchmark_tests/original/Biere/pec_xor2/pec_25289.dqdimacs,25,9
./benchmark_tests/original/Biere/pec_xor2/pec_25289.dqdimacs,26,9
./benchmark_tests/original/Biere/pec_xor2/pec_25289.dqdimacs,27,9
./benchmark_tests/original/Biere/pec_xor2/pec_25289.dqdimacs,28,21
./benchmark_tests/original/Biere/pec_xor2/pec_25289.dqdimacs,29,32
./benchmark_tests/original/Biere/pec_xor2/pec_25289.dqdimacs,30,32
./benchmark_tests/original/Biere/pec_xor2/pec_25289.dqdimacs,31,32
./benchmark_tests/original/Biere/pec_xor2/pec_25289.dqdimacs,32,32
./benchmark_tests/original/Biere/pec_xor2/pec_25289.dqdimacs,33,32
./benchmark_tests/original/Biere/pec_xor2/pec_26923.dqdimacs,1,36
./benchmark_tests/original/Biere/pec_xor2/pec_26923.dqdimacs,2,33
./benchmark_tests/original/Biere/pec_xor2/pec_26923.dqdimacs,3,33
./benchmark_tests/original/Biere/pec_xor2/pec_26923.dqdimacs,4,75
./benchmark_tests/original/Biere/pec_xor2/pec_26923.dqdimacs,6,11
./benchmark_tests/original/Biere/pec_xor2/pec_26923.dqdimacs,8,9
./benchmark_tests/original/Biere/pec_xor2/pec_26923.dqdimacs,9,9
./benchmark_tests/original/Biere/pec_xor2/pec_26923.dqdimacs,10,9
./benchmark_tests/original/Biere/pec_xor2/pec_26923.dqdimacs,11,9
./benchmark_tests/original/Biere/pec_xor2/pec_26923.dqdimacs,12,9
./benchmark_tests/original/Biere/pec_xor2/pec_26923.dqdimacs,13,9
./benchmark_tests/original/Biere/pec_xor2/pec_26923.dqdimacs,14,9
./benchmark_tests/original/Biere/pec_xor2/pec_26923.dqdimacs,15,9
./benchmark_tests/original/Biere/pec_xor2/pec_26923.dqdimacs,16,9
./benchmark_tests/original/Biere/pec_xor2/pec_26923.dqdimacs,17,9
./benchmark_tests/original/Biere/pec_xor2/pec_26923.dqdimacs,18,9
./benchmark_tests/original/Biere/pec_xor2/pec_26923.dqdimacs,19,9
./benchmark_tests/original/Biere/pec_xor2/pec_26923.dqdimacs,20,9
./benchmark_tests/original/Biere/pec_xor2/pec_26923.dqdimacs,21,9
./benchmark_tests/original/Biere/pec_xor2/pec_26923.dqdimacs,22,9
./benchmark_tests/original/Biere/pec_xor2/pec_26923.dqdimacs,23,9
./benchmark_tests/original/Biere/pec_xor2/pec_26923.dqdimacs,24,22
./benchmark_tests/original/Biere/pec_xor2/pec_26923.dqdimacs,25,33
./benchmark_tests/original/Biere/pec_xor2/pec_26923.dqdimacs,26,32
./benchmark_tests/original/Biere/pec_xor2/pec_26923.dqdimacs,27,33
./benchmark_tests/original/Biere/pec_xor2/pec_26923.dqdimacs,28,32
./benchmark_tests/original/Biere/pec_xor2/pec_26923.dqdimacs,29,32
./benchmark_tests/original/Biere/pec_xor2/pec_26923.dqdimacs,30,33
./benchmark_tests/original/Biere/pec_xor2/pec_26923.dqdimacs,31,32
./benchmark_tests/original/Biere/pec_xor2/pec_26923.dqdimacs,32,33
./benchmark_tests/original/Biere/pec_xor2/pec_26923.dqdimacs,33,33
./benchmark_tests/original/Biere/pec_xor2/pec_26923.dqdimacs,34,33
./benchmark_tests/original/Biere/pec_xor2/pec_2730.dqdimacs,1,36
./benchmark_tests/original/Biere/pec_xor2/pec_2730.dqdimacs,2,33
./benchmark_tests/original/Biere/pec_xor2/pec_2730.dqdimacs,3,32
./benchmark_tests/original/Biere/pec_xor2/pec_2730.dqdimacs,5,32
./benchmark_tests/original/Biere/pec_xor2/pec_2730.dqdimacs,6,77
./benchmark_tests/original/Biere/pec_xor2/pec_2730.dqdimacs,8,32
./benchmark_tests/original/Biere/pec_xor2/pec_2730.dqdimacs,9,32
./benchmark_tests/original/Biere/pec_xor2/pec_2730.dqdimacs,10,32
./benchmark_tests/original/Biere/pec_xor2/pec_2730.dqdimacs,11,32
./benchmark_tests/original/Biere/pec_xor2/pec_2730.dqdimacs,12,32
./benchmark_tests/original/Biere/pec_xor2/pec_2730.dqdimacs,13,32
./benchmark_tests/original/Biere/pec_xor2/pec_2730.dqdimacs,14,32
./benchmark_tests/original/Biere/pec_xor2/pec_2730.dqdimacs,15,32
./benchmark_tests/original/Biere/pec_xor2/pec_2730.dqdimacs,16,32
./benchmark_tests/original/Biere/pec_xor2/pec_2730.dqdimacs,17,32
./benchmark_tests/original/Biere/pec_xor2/pec_2730.dqdimacs,18,32
./benchmark_tests/original/Biere/pec_xor2/pec_2730.dqdimacs,19,32
./benchmark_tests/original/Biere/pec_xor2/pec_2730.dqdimacs,20,33
./benchmark_tests/original/Biere/pec_xor2/pec_2730.dqdimacs,21,32
./benchmark_tests/original/Biere/pec_xor2/pec_2730.dqdimacs,22,32
./benchmark_tests/original/Biere/pec_xor2/pec_2730.dqdimacs,23,32
./benchmark_tests/original/Biere/pec_xor2/pec_2730.dqdimacs,24,33
./benchmark_tests/original/Biere/pec_xor2/pec_2730.dqdimacs,25,32
./benchmark_tests/original/Biere/pec_xor2/pec_2730.dqdimacs,26,32
./benchmark_tests/original/Biere/pec_xor2/pec_27568.dqdimacs,1,40
./benchmark_tests/original/Biere/pec_xor2/pec_27568.dqdimacs,2,36
./benchmark_tests/original/Biere/pec_xor2/pec_27568.dqdimacs,3,35
./benchmark_tests/original/Biere/pec_xor2/pec_27568.dqdimacs,4,79
./benchmark_tests/original/Biere/pec_xor2/pec_27568.dqdimacs,6,15
./benchmark_tests/original/Biere/pec_xor2/pec_27568.dqdimacs,8,11
./benchmark_tests/original/Biere/pec_xor2/pec_27568.dqdimacs,9,11
./benchmark_tests/original/Biere/pec_xor2/pec_27568.dqdimacs,10,11
./benchmark_tests/original/Biere/pec_xor2/pec_27568.dqdimacs,11,11
./benchmark_tests/original/Biere/pec_xor2/pec_27568.dqdimacs,12,10
./benchmark_tests/original/Biere/pec_xor2/pec_27568.dqdimacs,13,10
./benchmark_tests/original/Biere/pec_xor2/pec_27568.dqdimacs,14,11
./benchmark_tests/original/Biere/pec_xor2/pec_27568.dqdimacs,15,11
./benchmark_tests/original/Biere/pec_xor2/pec_27568.dqdimacs,16,11
./benchmark_tests/original/Biere/pec_xor2/pec_27568.dqdimacs,17,11
./benchmark_tests/original/Biere/pec_xor2/pec_27568.dqdimacs,18,11
./benchmark_tests/original/Biere/pec_xor2/pec_27568.dqdimacs,19,11
./benchmark_tests/original/Biere/pec_xor2/pec_27568.dqdimacs,20,11
./benchmark_tests/original/Biere/pec_xor2/pec_27568.dqdimacs,21,11
./benchmark_tests/original/Biere/pec_xor2/pec_27568.dqdimacs,22,11
./benchmark_tests/original/Biere/pec_xor2/pec_27568.dqdimacs,23,24
./benchmark_tests/original/Biere/pec_xor2/pec_27568.dqdimacs,24,34
./benchmark_tests/original/Biere/pec_xor2/pec_27568.dqdimacs,25,35
./benchmark_tests/original/Biere/pec_xor2/pec_27568.dqdimacs,26,34
./benchmark_tests/original/Biere/pec_xor2/pec_27568.dqdimacs,27,34
./benchmark_tests/original/Biere/pec_xor2/pec_27568.dqdimacs,28,34
./benchmark_tests/original/Biere/pec_xor2/pec_27568.dqdimacs,29,34
./benchmark_tests/original/Biere/pec_xor2/pec_27568.dqdimacs,30,34
./benchmark_tests/original/Biere/pec_xor2/pec_27568.dqdimacs,31,35
./benchmark_tests/original/Biere/pec_xor2/pec_27568.dqdimacs,32,34
./benchmark_tests/original/Biere/pec_xor2/pec_27568.dqdimacs,33,34
./benchmark_tests/original/Biere/pec_xor2/pec_27568.dqdimacs,34,34
./benchmark_tests/original/Biere/pec_xor2/pec_27568.dqdimacs,35,35
./benchmark_tests/original/Biere/pec_xor2/pec_27568.dqdimacs,36,34
./benchmark_tests/original/Biere/pec_xor2/pec_28151.dqdimacs,1,40
./benchmark_tests/original/Biere/pec_xor2/pec_28151.dqdimacs,2,37
./benchmark_tests/original/Biere/pec_xor2/pec_28151.dqdimacs,3,36
./benchmark_tests/original/Biere/pec_xor2/pec_28151.dqdimacs,4,78
./benchmark_tests/original/Biere/pec_xor2/pec_28151.dqdimacs,6,15
./benchmark_tests/original/Biere/pec_xor2/pec_28151.dqdimacs,8,13
./benchmark_tests/original/Biere/pec_xor2/pec_28151.dqdimacs,9,13
./benchmark_tests/original/Biere/pec_xor2/pec_28151.dqdimacs,10,13
./benchmark_tests/original/Biere/pec_xor2/pec_28151.dqdimacs,11,13
./benchmark_tests/original/Biere/pec_xor2/pec_28151.dqdimacs,12,13
./benchmark_tests/original/Biere/pec_xor2/pec_28151.dqdimacs,13,13
./benchmark_tests/original/Biere/pec_xor2/pec_28151.dqdimacs,14,13
./benchmark_tests/original/Biere/pec_xor2/pec_28151.dqdimacs,15,13
./benchmark_tests/original/Biere/pec_xor2/pec_28151.dqdimacs,16,13
./benchmark_tests/original/Biere/pec_xor2/pec_28151.dqdimacs,17,13
./benchmark_tests/original/Biere/pec_xor2/pec_28151.dqdimacs,18,13
./benchmark_tests/original/Biere/pec_xor2/pec_28151.dqdimacs,19,13
./benchmark_tests/original/Biere/pec_xor2/pec_28151.dqdimacs,20,13
./benchmark_tests/original/Biere/pec_xor2/pec_28151.dqdimacs,21,13
./benchmark_tests/original/Biere/pec_xor2/pec_28151.dqdimacs,22,13
./benchmark_tests/original/Biere/pec_xor2/pec_28151.dqdimacs,23,25
./benchmark_tests/original/Biere/pec_xor2/pec_28151.dqdimacs,24,36
./benchmark_tests/original/Biere/pec_xor2/pec_28151.dqdimacs,25,36
./benchmark_tests/original/Biere/pec_xor2/pec_28151.dqdimacs,26,36
./benchmark_tests/original/Biere/pec_xor2/pec_28151.dqdimacs,27,36
./benchmark_tests/original/Biere/pec_xor2/pec_28151.dqdimacs,28,36
./benchmark_tests/original/Biere/pec_xor2/pec_28151.dqdimacs,29,36
./benchmark_tests/original/Biere/pec_xor2/pec_28151.dqdimacs,30,36
./benchmark_tests/original/Biere/pec_xor2/pec_28151.dqdimacs,31,35
./benchmark_tests/original/Biere/pec_xor2/pec_28151.dqdimacs,32,35
./benchmark_tests/original/Biere/pec_xor2/pec_28151.dqdimacs,33,36
./benchmark_tests/original/Biere/pec_xor2/pec_28151.dqdimacs,34,36
./benchmark_tests/original/Biere/pec_xor2/pec_28151.dqdimacs,35,36
./benchmark_tests/original/Biere/pec_xor2/pec_28151.dqdimacs,36,36
./benchmark_tests/original/Biere/pec_xor2/pec_28151.dqdimacs,37,35
./benchmark_tests/original/Biere/pec_xor2/pec_28151.dqdimacs,38,36
./benchmark_tests/original/Biere/pec_xor2/pec_28151.dqdimacs,39,36
./benchmark_tests/original/Biere/pec_xor2/pec_28151.dqdimacs,40,36
./benchmark_tests/original/Biere/pec_xor2/pec_28151.dqdimacs,41,36
./benchmark_tests/original/Biere/pec_xor2/pec_28151.dqdimacs,42,36
./benchmark_tests/original/Biere/pec_xor2/pec_28151.dqdimacs,43,36
./benchmark_tests/original/Biere/pec_xor2/pec_28151.dqdimacs,44,36
./benchmark_tests/original/Biere/pec_xor2/pec_28151.dqdimacs,45,36
./benchmark_tests/original/Biere/pec_xor2/pec_28449.dqdimacs,1,37
./benchmark_tests/original/Biere/pec_xor2/pec_28449.dqdimacs,2,34
./benchmark_tests/original/Biere/pec_xor2/pec_28449.dqdimacs,3,33
./benchmark_tests/original/Biere/pec_xor2/pec_28449.dqdimacs,4,34
./benchmark_tests/original/Biere/pec_xor2/pec_28449.dqdimacs,6,34
./benchmark_tests/original/Biere/pec_xor2/pec_28449.dqdimacs,8,33
./benchmark_tests/original/Biere/pec_xor2/pec_28449.dqdimacs,9,33
./benchmark_tests/original/Biere/pec_xor2/pec_28449.dqdimacs,10,76
./benchmark_tests/original/Biere/pec_xor2/pec_28449.dqdimacs,11,12
./benchmark_tests/original/Biere/pec_xor2/pec_28449.dqdimacs,12,10
./benchmark_tests/original/Biere/pec_xor2/pec_28449.dqdimacs,13,10
./benchmark_tests/original/Biere/pec_xor2/pec_28449.dqdimacs,14,10
./benchmark_tests/original/Biere/pec_xor2/pec_28449.dqdimacs,15,10
./benchmark_tests/original/Biere/pec_xor2/pec_28449.dqdimacs,16,10
./benchmark_tests/original/Biere/pec_xor2/pec_28449.dqdimacs,17,10
./benchmark_tests/original/Biere/pec_xor2/pec_28449.dqdimacs,18,10
./benchmark_tests/original/Biere/pec_xor2/pec_28449.dqdimacs,19,10
./benchmark_tests/original/Biere/pec_xor2/pec_28449.dqdimacs,20,10
./benchmark_tests/original/Biere/pec_xor2/pec_28449.dqdimacs,21,10
./benchmark_tests/original/Biere/pec_xor2/pec_28449.dqdimacs,22,10
./benchmark_tests/original/Biere/pec_xor2/pec_28449.dqdimacs,23,10
./benchmark_tests/original/Biere/pec_xor2/pec_28449.dqdimacs,24,10
./benchmark_tests/original/Biere/pec_xor2/pec_28449.dqdimacs,25,10
./benchmark_tests/original/Biere/pec_xor2/pec_28449.dqdimacs,26,10
./benchmark_tests/original/Biere/pec_xor2/pec_28449.dqdimacs,27,10
./benchmark_tests/original/Biere/pec_xor2/pec_28449.dqdimacs,28,22
./benchmark_tests/original/Biere/pec_xor2/pec_28449.dqdimacs,29,33
./benchmark_tests/original/Biere/pec_xor2/pec_28449.dqdimacs,30,33
./benchmark_tests/original/Biere/pec_xor2/pec_28449.dqdimacs,31,33
./benchmark_tests/original/Biere/pec_xor2/pec_28449.dqdimacs,32,32
./benchmark_tests/original/Biere/pec_xor2/pec_28449.dqdimacs,33,33
./benchmark_tests/original/Biere/pec_xor2/pec_28449.dqdimacs,34,33
./benchmark_tests/original/Biere/pec_xor2/pec_28449.dqdimacs,35,32
./benchmark_tests/original/Biere/pec_xor2/pec_28618.dqdimacs,1,40
./benchmark_tests/original/Biere/pec_xor2/pec_28618.dqdimacs,2,36
./benchmark_tests/original/Biere/pec_xor2/pec_28618.dqdimacs,3,36
./benchmark_tests/original/Biere/pec_xor2/pec_28618.dqdimacs,4,36
./benchmark_tests/original/Biere/pec_xor2/pec_28618.dqdimacs,6,77
./benchmark_tests/original/Biere/pec_xor2/pec_28618.dqdimacs,8,13
./benchmark_tests/original/Biere/pec_xor2/pec_28618.dqdimacs,9,11
./benchmark_tests/original/Biere/pec_xor2/pec_28618.dqdimacs,10,11
./benchmark_tests/original/Biere/pec_xor2/pec_28618.dqdimacs,11,11
./benchmark_tests/original/Biere/pec_xor2/pec_28618.dqdimacs,12,11
./benchmark_tests/original/Biere/pec_xor2/pec_28618.dqdimacs,13,12
./benchmark_tests/original/Biere/pec_xor2/pec_28618.dqdimacs,14,11
./benchmark_tests/original/Biere/pec_xor2/pec_28618.dqdimacs,15,11
./benchmark_tests/original/Biere/pec_xor2/pec_28618.dqdimacs,16,11
./benchmark_tests/original/Biere/pec_xor2/pec_28618.dqdimacs,17,11
./benchmark_tests/original/Biere/pec_xor2/pec_28618.dqdimacs,18,11
./benchmark_tests/original/Biere/pec_xor2/pec_28618.dqdimacs,19,11
./benchmark_tests/original/Biere/pec_xor2/pec_28618.dqdimacs,20,11
./benchmark_tests/original/Biere/pec_xor2/pec_28618.dqdimacs,21,11
./benchmark_tests/original/Biere/pec_xor2/pec_28618.dqdimacs,22,11
./benchmark_tests/original/Biere/pec_xor2/pec_28618.dqdimacs,23,11
./benchmark_tests/original/Biere/pec_xor2/pec_28618.dqdimacs,24,11
./benchmark_tests/original/Biere/pec_xor2/pec_28618.dqdimacs,25,24
./benchmark_tests/original/Biere/pec_xor2/pec_28618.dqdimacs,26,34
./benchmark_tests/original/Biere/pec_xor2/pec_28618.dqdimacs,27,35
./benchmark_tests/original/Biere/pec_xor2/pec_28618.dqdimacs,28,35
./benchmark_tests/original/Biere/pec_xor2/pec_28618.dqdimacs,29,34
./benchmark_tests/original/Biere/pec_xor2/pec_28618.dqdimacs,30,34
./benchmark_tests/original/Biere/pec_xor2/pec_28618.dqdimacs,31,35
./benchmark_tests/original/Biere/pec_xor2/pec_28618.dqdimacs,32,34
./benchmark_tests/original/Biere/pec_xor2/pec_28618.dqdimacs,33,35
./benchmark_tests/original/Biere/pec_xor2/pec_28618.dqdimacs,34,35
./benchmark_tests/original/Biere/pec_xor2/pec_28618.dqdimacs,35,35
./benchmark_tests/original/Biere/pec_xor2/pec_28618.dqdimacs,36,35
./benchmark_tests/original/Biere/pec_xor2/pec_28618.dqdimacs,37,35
./benchmark_tests/original/Biere/pec_xor2/pec_28618.dqdimacs,38,35
./benchmark_tests/original/Biere/pec_xor2/pec_28618.dqdimacs,39,35
./benchmark_tests/original/Biere/pec_xor2/pec_28618.dqdimacs,40,34
./benchmark_tests/original/Biere/pec_xor2/pec_28641.dqdimacs,1,39
./benchmark_tests/original/Biere/pec_xor2/pec_28641.dqdimacs,2,37
./benchmark_tests/original/Biere/pec_xor2/pec_28641.dqdimacs,3,36
./benchmark_tests/original/Biere/pec_xor2/pec_28641.dqdimacs,4,37
./benchmark_tests/original/Biere/pec_xor2/pec_28641.dqdimacs,6,83
./benchmark_tests/original/Biere/pec_xor2/pec_28641.dqdimacs,8,36
./benchmark_tests/original/Biere/pec_xor2/pec_28641.dqdimacs,9,36
./benchmark_tests/original/Biere/pec_xor2/pec_28641.dqdimacs,10,36
./benchmark_tests/original/Biere/pec_xor2/pec_28641.dqdimacs,11,36
./benchmark_tests/original/Biere/pec_xor2/pec_28641.dqdimacs,12,35
./benchmark_tests/original/Biere/pec_xor2/pec_28641.dqdimacs,13,36
./benchmark_tests/original/Biere/pec_xor2/pec_28641.dqdimacs,14,36
./benchmark_tests/original/Biere/pec_xor2/pec_28641.dqdimacs,15,36
./benchmark_tests/original/Biere/pec_xor2/pec_28641.dqdimacs,16,36
./benchmark_tests/original/Biere/pec_xor2/pec_28641.dqdimacs,17,36
./benchmark_tests/original/Biere/pec_xor2/pec_28641.dqdimacs,18,36
./benchmark_tests/original/Biere/pec_xor2/pec_28641.dqdimacs,19,36
./benchmark_tests/original/Biere/pec_xor2/pec_28641.dqdimacs,20,36
./benchmark_tests/original/Biere/pec_xor2/pec_28641.dqdimacs,21,36
./benchmark_tests/original/Biere/pec_xor2/pec_28641.dqdimacs,22,36
./benchmark_tests/original/Biere/pec_xor2/pec_28641.dqdimacs,23,36
./benchmark_tests/original/Biere/pec_xor2/pec_28641.dqdimacs,24,36
./benchmark_tests/original/Biere/pec_xor2/pec_28641.dqdimacs,25,36
./benchmark_tests/original/Biere/pec_xor2/pec_28641.dqdimacs,26,36
./benchmark_tests/original/Biere/pec_xor2/pec_28641.dqdimacs,27,36
./benchmark_tests/original/Biere/pec_xor2/pec_28641.dqdimacs,28,36
./benchmark_tests/original/Biere/pec_xor2/pec_28641.dqdimacs,29,36
./benchmark_tests/original/Biere/pec_xor2/pec_28641.dqdimacs,30,36
./benchmark_tests/original/Biere/pec_xor2/pec_28641.dqdimacs,31,37
./benchmark_tests/original/Biere/pec_xor2/pec_28641.dqdimacs,32,37
./benchmark_tests/original/Biere/pec_xor2/pec_28641.dqdimacs,33,36
./benchmark_tests/original/Biere/pec_xor2/pec_28641.dqdimacs,34,36
./benchmark_tests/original/Biere/pec_xor2/pec_28641.dqdimacs,35,36
./benchmark_tests/original/Biere/pec_xor2/pec_28641.dqdimacs,36,36
./benchmark_tests/original/Biere/pec_xor2/pec_28641.dqdimacs,37,36
./benchmark_tests/original/Biere/pec_xor2/pec_28641.dqdimacs,38,37
./benchmark_tests/original/Biere/pec_xor2/pec_28641.dqdimacs,39,36
./benchmark_tests/original/Biere/pec_xor2/pec_28641.dqdimacs,40,36
./benchmark_tests/original/Biere/pec_xor2/pec_29589.dqdimacs,1,38
./benchmark_tests/original/Biere/pec_xor2/pec_29589.dqdimacs,2,35
./benchmark_tests/original/Biere/pec_xor2/pec_29589.dqdimacs,3,34
./benchmark_tests/original/Biere/pec_xor2/pec_29589.dqdimacs,4,34
./benchmark_tests/original/Biere/pec_xor2/pec_29589.dqdimacs,6,34
./benchmark_tests/original/Biere/pec_xor2/pec_29589.dqdimacs,8,34
./benchmark_tests/original/Biere/pec_xor2/pec_29589.dqdimacs,9,34
./benchmark_tests/original/Biere/pec_xor2/pec_29589.dqdimacs,10,34
./benchmark_tests/original/Biere/pec_xor2/pec_29589.dqdimacs,11,34
./benchmark_tests/original/Biere/pec_xor2/pec_29589.dqdimacs,12,35
./benchmark_tests/original/Biere/pec_xor2/pec_29589.dqdimacs,13,35
./benchmark_tests/original/Biere/pec_xor2/pec_29589.dqdimacs,14,76
./benchmark_tests/original/Biere/pec_xor2/pec_29589.dqdimacs,15,12
./benchmark_tests/original/Biere/pec_xor2/pec_29589.dqdimacs,16,10
./benchmark_tests/original/Biere/pec_xor2/pec_29589.dqdimacs,17,10
./benchmark_tests/original/Biere/pec_xor2/pec_29589.dqdimacs,18,10
./benchmark_tests/original/Biere/pec_xor2/pec_29589.dqdimacs,19,10
./benchmark_tests/original/Biere/pec_xor2/pec_29589.dqdimacs,20,11
./benchmark_tests/original/Biere/pec_xor2/pec_29589.dqdimacs,21,10
./benchmark_tests/original/Biere/pec_xor2/pec_29589.dqdimacs,22,10
./benchmark_tests/original/Biere/pec_xor2/pec_29589.dqdimacs,23,10
./benchmark_tests/original/Biere/pec_xor2/pec_29589.dqdimacs,24,10
./benchmark_tests/original/Biere/pec_xor2/pec_29589.dqdimacs,25,10
./benchmark_tests/original/Biere/pec_xor2/pec_29589.dqdimacs,26,10
./benchmark_tests/original/Biere/pec_xor2/pec_29589.dqdimacs,27,10
./benchmark_tests/original/Biere/pec_xor2/pec_29589.dqdimacs,28,10
./benchmark_tests/original/Biere/pec_xor2/pec_29589.dqdimacs,29,10
./benchmark_tests/original/Biere/pec_xor2/pec_29589.dqdimacs,30,10
./benchmark_tests/original/Biere/pec_xor2/pec_29589.dqdimacs,31,10
./benchmark_tests/original/Biere/pec_xor2/pec_29589.dqdimacs,32,10
./benchmark_tests/original/Biere/pec_xor2/pec_29589.dqdimacs,33,10
./benchmark_tests/original/Biere/pec_xor2/pec_29589.dqdimacs,34,10
./benchmark_tests/original/Biere/pec_xor2/pec_29589.dqdimacs,35,23
./benchmark_tests/original/Biere/pec_xor2/pec_29589.dqdimacs,36,34
./benchmark_tests/original/Biere/pec_xor2/pec_29589.dqdimacs,37,34
./benchmark_tests/original/Biere/pec_xor2/pec_29589.dqdimacs,38,33
./benchmark_tests/original/Biere/pec_xor2/pec_2973.dqdimacs,1,37
./benchmark_tests/original/Biere/pec_xor2/pec_2973.dqdimacs,2,30
./benchmark_tests/original/Biere/pec_xor2/pec_2973.dqdimacs,3,10
./benchmark_tests/original/Biere/pec_xor2/pec_2973.dqdimacs,5,10
./benchmark_tests/original/Biere/pec_xor2/pec_2973.dqdimacs,6,57
./benchmark_tests/original/Biere/pec_xor2/pec_2973.dqdimacs,8,10
./benchmark_tests/original/Biere/pec_xor2/pec_2973.dqdimacs,9,10
./benchmark_tests/original/Biere/pec_xor2/pec_2973.dqdimacs,10,10
./benchmark_tests/original/Biere/pec_xor2/pec_2973.dqdimacs,11,10
./benchmark_tests/original/Biere/pec_xor2/pec_2973.dqdimacs,12,10
./benchmark_tests/original/Biere/pec_xor2/pec_2973.dqdimacs,13,10
./benchmark_tests/original/Biere/pec_xor2/pec_2973.dqdimacs,14,9
./benchmark_tests/original/Biere/pec_xor2/pec_2973.dqdimacs,15,22
./benchmark_tests/original/Biere/pec_xor2/pec_2973.dqdimacs,16,33
./benchmark_tests/original/Biere/pec_xor2/pec_2973.dqdimacs,17,33
./benchmark_tests/original/Biere/pec_xor2/pec_2973.dqdimacs,18,33
./benchmark_tests/original/Biere/pec_xor2/pec_2973.dqdimacs,19,33
./benchmark_tests/original/Biere/pec_xor2/pec_2973.dqdimacs,20,33
./benchmark_tests/original/Biere/pec_xor2/pec_2973.dqdimacs,21,33
./benchmark_tests/original/Biere/pec_xor2/pec_2973.dqdimacs,22,33
./benchmark_tests/original/Biere/pec_xor2/pec_2973.dqdimacs,23,33
./benchmark_tests/original/Biere/pec_xor2/pec_2973.dqdimacs,24,33
./benchmark_tests/original/Biere/pec_xor2/pec_2973.dqdimacs,25,33
./benchmark_tests/original/Biere/pec_xor2/pec_2973.dqdimacs,26,32
./benchmark_tests/original/Biere/pec_xor2/pec_2973.dqdimacs,27,32
./benchmark_tests/original/Biere/pec_xor2/pec_2973.dqdimacs,28,33
./benchmark_tests/original/Biere/pec_xor2/pec_2973.dqdimacs,29,33
./benchmark_tests/original/Biere/pec_xor2/pec_2973.dqdimacs,30,33
./benchmark_tests/original/Biere/pec_xor2/pec_2973.dqdimacs,31,33
./benchmark_tests/original/Biere/pec_xor2/pec_2973.dqdimacs,32,33
./benchmark_tests/original/Biere/pec_xor2/pec_2973.dqdimacs,33,33
./benchmark_tests/original/Biere/pec_xor2/pec_2973.dqdimacs,34,33
./benchmark_tests/original/Biere/pec_xor2/pec_2973.dqdimacs,35,33
./benchmark_tests/original/Biere/pec_xor2/pec_29849.dqdimacs,1,36
./benchmark_tests/original/Biere/pec_xor2/pec_29849.dqdimacs,2,33
./benchmark_tests/original/Biere/pec_xor2/pec_29849.dqdimacs,3,33
./benchmark_tests/original/Biere/pec_xor2/pec_29849.dqdimacs,4,75
./benchmark_tests/original/Biere/pec_xor2/pec_29849.dqdimacs,6,11
./benchmark_tests/original/Biere/pec_xor2/pec_29849.dqdimacs,8,10
./benchmark_tests/original/Biere/pec_xor2/pec_29849.dqdimacs,9,9
./benchmark_tests/original/Biere/pec_xor2/pec_29849.dqdimacs,10,10
./benchmark_tests/original/Biere/pec_xor2/pec_29849.dqdimacs,11,9
./benchmark_tests/original/Biere/pec_xor2/pec_29849.dqdimacs,12,9
./benchmark_tests/original/Biere/pec_xor2/pec_29849.dqdimacs,13,10
./benchmark_tests/original/Biere/pec_xor2/pec_29849.dqdimacs,14,10
./benchmark_tests/original/Biere/pec_xor2/pec_29849.dqdimacs,15,10
./benchmark_tests/original/Biere/pec_xor2/pec_29849.dqdimacs,16,9
./benchmark_tests/original/Biere/pec_xor2/pec_29849.dqdimacs,17,9
./benchmark_tests/original/Biere/pec_xor2/pec_29849.dqdimacs,18,10
./benchmark_tests/original/Biere/pec_xor2/pec_29849.dqdimacs,19,10
./benchmark_tests/original/Biere/pec_xor2/pec_29849.dqdimacs,20,10
./benchmark_tests/original/Biere/pec_xor2/pec_29849.dqdimacs,21,9
./benchmark_tests/original/Biere/pec_xor2/pec_29849.dqdimacs,22,10
./benchmark_tests/original/Biere/pec_xor2/pec_29849.dqdimacs,23,10
./benchmark_tests/original/Biere/pec_xor2/pec_29849.dqdimacs,24,9
./benchmark_tests/original/Biere/pec_xor2/pec_29849.dqdimacs,25,10
./benchmark_tests/original/Biere/pec_xor2/pec_29849.dqdimacs,26,22
./benchmark_tests/original/Biere/pec_xor2/pec_29849.dqdimacs,27,32
./benchmark_tests/original/Biere/pec_xor2/pec_29849.dqdimacs,28,33
./benchmark_tests/original/Biere/pec_xor2/pec_29849.dqdimacs,29,32
./benchmark_tests/original/Biere/pec_xor2/pec_29849.dqdimacs,30,32
./benchmark_tests/original/Biere/pec_xor2/pec_29849.dqdimacs,31,33
./benchmark_tests/original/Biere/pec_xor2/pec_29849.dqdimacs,32,32
./benchmark_tests/original/Biere/pec_xor2/pec_29849.dqdimacs,33,32
./benchmark_tests/original/Biere/pec_xor2/pec_29849.dqdimacs,34,33
./benchmark_tests/original/Biere/pec_xor2/pec_29849.dqdimacs,35,32
./benchmark_tests/original/Biere/pec_xor2/pec_29849.dqdimacs,36,32
./benchmark_tests/original/Biere/pec_xor2/pec_32011.dqdimacs,1,36
./benchmark_tests/original/Biere/pec_xor2/pec_32011.dqdimacs,2,34
./benchmark_tests/original/Biere/pec_xor2/pec_32011.dqdimacs,3,33
./benchmark_tests/original/Biere/pec_xor2/pec_32011.dqdimacs,4,75
./benchmark_tests/original/Biere/pec_xor2/pec_32011.dqdimacs,6,12
./benchmark_tests/original/Biere/pec_xor2/pec_32011.dqdimacs,8,10
./benchmark_tests/original/Biere/pec_xor2/pec_32011.dqdimacs,9,10
./benchmark_tests/original/Biere/pec_xor2/pec_32011.dqdimacs,10,10
./benchmark_tests/original/Biere/pec_xor2/pec_32011.dqdimacs,11,10
./benchmark_tests/original/Biere/pec_xor2/pec_32011.dqdimacs,12,10
./benchmark_tests/original/Biere/pec_xor2/pec_32011.dqdimacs,13,20
./benchmark_tests/original/Biere/pec_xor2/pec_32011.dqdimacs,14,10
./benchmark_tests/original/Biere/pec_xor2/pec_32011.dqdimacs,15,10
./benchmark_tests/original/Biere/pec_xor2/pec_32011.dqdimacs,16,10
./benchmark_tests/original/Biere/pec_xor2/pec_32011.dqdimacs,17,10
./benchmark_tests/original/Biere/pec_xor2/pec_32011.dqdimacs,18,10
./benchmark_tests/original/Biere/pec_xor2/pec_32011.dqdimacs,19,10
./benchmark_tests/original/Biere/pec_xor2/pec_32011.dqdimacs,20,10
./benchmark_tests/original/Biere/pec_xor2/pec_32011.dqdimacs,21,10
./benchmark_tests/original/Biere/pec_xor2/pec_32011.dqdimacs,22,10
./benchmark_tests/original/Biere/pec_xor2/pec_32011.dqdimacs,23,10
./benchmark_tests/original/Biere/pec_xor2/pec_32011.dqdimacs,24,10
./benchmark_tests/original/Biere/pec_xor2/pec_32011.dqdimacs,25,10
./benchmark_tests/original/Biere/pec_xor2/pec_32011.dqdimacs,26,10
./benchmark_tests/original/Biere/pec_xor2/pec_32011.dqdimacs,27,10
./benchmark_tests/original/Biere/pec_xor2/pec_32011.dqdimacs,28,10
./benchmark_tests/original/Biere/pec_xor2/pec_32011.dqdimacs,29,10
./benchmark_tests/original/Biere/pec_xor2/pec_32011.dqdimacs,30,10
./benchmark_tests/original/Biere/pec_xor2/pec_32011.dqdimacs,31,10
./benchmark_tests/original/Biere/pec_xor2/pec_32011.dqdimacs,32,10
./benchmark_tests/original/Biere/pec_xor2/pec_32011.dqdimacs,33,10
./benchmark_tests/original/Biere/pec_xor2/pec_32011.dqdimacs,34,10
./benchmark_tests/original/Biere/pec_xor2/pec_32011.dqdimacs,35,10
./benchmark_tests/original/Biere/pec_xor2/pec_32011.dqdimacs,36,10
./benchmark_tests/original/Biere/pec_xor2/pec_32011.dqdimacs,37,10
./benchmark_tests/original/Biere/pec_xor2/pec_32011.dqdimacs,38,10
./benchmark_tests/original/Biere/pec_xor2/pec_32035.dqdimacs,1,38
./benchmark_tests/original/Biere/pec_xor2/pec_32035.dqdimacs,2,35
./benchmark_tests/original/Biere/pec_xor2/pec_32035.dqdimacs,3,34
./benchmark_tests/original/Biere/pec_xor2/pec_32035.dqdimacs,4,34
./benchmark_tests/original/Biere/pec_xor2/pec_32035.dqdimacs,6,34
./benchmark_tests/original/Biere/pec_xor2/pec_32035.dqdimacs,8,35
./benchmark_tests/original/Biere/pec_xor2/pec_32035.dqdimacs,9,34
./benchmark_tests/original/Biere/pec_xor2/pec_32035.dqdimacs,10,75
./benchmark_tests/original/Biere/pec_xor2/pec_32035.dqdimacs,11,12
./benchmark_tests/original/Biere/pec_xor2/pec_32035.dqdimacs,12,10
./benchmark_tests/original/Biere/pec_xor2/pec_32035.dqdimacs,13,10
./benchmark_tests/original/Biere/pec_xor2/pec_32035.dqdimacs,14,10
./benchmark_tests/original/Biere/pec_xor2/pec_32035.dqdimacs,15,11
./benchmark_tests/original/Biere/pec_xor2/pec_32035.dqdimacs,16,10
./benchmark_tests/original/Biere/pec_xor2/pec_32035.dqdimacs,17,10
./benchmark_tests/original/Biere/pec_xor2/pec_32035.dqdimacs,18,10
./benchmark_tests/original/Biere/pec_xor2/pec_32035.dqdimacs,19,10
./benchmark_tests/original/Biere/pec_xor2/pec_32035.dqdimacs,20,10
./benchmark_tests/original/Biere/pec_xor2/pec_32035.dqdimacs,21,10
./benchmark_tests/original/Biere/pec_xor2/pec_32035.dqdimacs,22,10
./benchmark_tests/original/Biere/pec_xor2/pec_32035.dqdimacs,23,10
./benchmark_tests/original/Biere/pec_xor2/pec_32035.dqdimacs,24,10
./benchmark_tests/original/Biere/pec_xor2/pec_32035.dqdimacs,25,10
./benchmark_tests/original/Biere/pec_xor2/pec_32035.dqdimacs,26,10
./benchmark_tests/original/Biere/pec_xor2/pec_32035.dqdimacs,27,10
./benchmark_tests/original/Biere/pec_xor2/pec_32035.dqdimacs,28,10
./benchmark_tests/original/Biere/pec_xor2/pec_32035.dqdimacs,29,10
./benchmark_tests/original/Biere/pec_xor2/pec_32035.dqdimacs,30,23
./benchmark_tests/original/Biere/pec_xor2/pec_32035.dqdimacs,31,34
./benchmark_tests/original/Biere/pec_xor2/pec_32035.dqdimacs,32,33
./benchmark_tests/original/Biere/pec_xor2/pec_32035.dqdimacs,33,33
./benchmark_tests/original/Biere/pec_xor2/pec_32035.dqdimacs,34,33
./benchmark_tests/original/Biere/pec_xor2/pec_32035.dqdimacs,35,33
./benchmark_tests/original/Biere/pec_xor2/pec_32035.dqdimacs,36,33
./benchmark_tests/original/Biere/pec_xor2/pec_32035.dqdimacs,37,33
./benchmark_tests/original/Biere/pec_xor2/pec_32035.dqdimacs,38,33
./benchmark_tests/original/Biere/pec_xor2/pec_32096.dqdimacs,1,37
./benchmark_tests/original/Biere/pec_xor2/pec_32096.dqdimacs,2,34
./benchmark_tests/original/Biere/pec_xor2/pec_32096.dqdimacs,3,34
./benchmark_tests/original/Biere/pec_xor2/pec_32096.dqdimacs,4,34
./benchmark_tests/original/Biere/pec_xor2/pec_32096.dqdimacs,6,76
./benchmark_tests/original/Biere/pec_xor2/pec_32096.dqdimacs,8,12
./benchmark_tests/original/Biere/pec_xor2/pec_32096.dqdimacs,9,10
./benchmark_tests/original/Biere/pec_xor2/pec_32096.dqdimacs,10,10
./benchmark_tests/original/Biere/pec_xor2/pec_32096.dqdimacs,11,10
./benchmark_tests/original/Biere/pec_xor2/pec_32096.dqdimacs,12,10
./benchmark_tests/original/Biere/pec_xor2/pec_32096.dqdimacs,13,10
./benchmark_tests/original/Biere/pec_xor2/pec_32096.dqdimacs,14,10
./benchmark_tests/original/Biere/pec_xor2/pec_32096.dqdimacs,15,11
./benchmark_tests/original/Biere/pec_xor2/pec_32096.dqdimacs,16,10
./benchmark_tests/original/Biere/pec_xor2/pec_32096.dqdimacs,17,10
./benchmark_tests/original/Biere/pec_xor2/pec_32096.dqdimacs,18,10
./benchmark_tests/original/Biere/pec_xor2/pec_32096.dqdimacs,19,10
./benchmark_tests/original/Biere/pec_xor2/pec_32096.dqdimacs,20,10
./benchmark_tests/original/Biere/pec_xor2/pec_32096.dqdimacs,21,10
./benchmark_tests/original/Biere/pec_xor2/pec_32096.dqdimacs,22,10
./benchmark_tests/original/Biere/pec_xor2/pec_32096.dqdimacs,23,10
./benchmark_tests/original/Biere/pec_xor2/pec_32096.dqdimacs,24,10
./benchmark_tests/original/Biere/pec_xor2/pec_32096.dqdimacs,25,10
./benchmark_tests/original/Biere/pec_xor2/pec_32096.dqdimacs,26,10
./benchmark_tests/original/Biere/pec_xor2/pec_32096.dqdimacs,27,10
./benchmark_tests/original/Biere/pec_xor2/pec_32096.dqdimacs,28,10
./benchmark_tests/original/Biere/pec_xor2/pec_32096.dqdimacs,29,10
./benchmark_tests/original/Biere/pec_xor2/pec_32096.dqdimacs,30,10
./benchmark_tests/original/Biere/pec_xor2/pec_32096.dqdimacs,31,10
./benchmark_tests/original/Biere/pec_xor2/pec_32096.dqdimacs,32,10
./benchmark_tests/original/Biere/pec_xor2/pec_32096.dqdimacs,33,10
./benchmark_tests/original/Biere/pec_xor2/pec_32096.dqdimacs,34,23
./benchmark_tests/original/Biere/pec_xor2/pec_32096.dqdimacs,35,33
./benchmark_tests/original/Biere/pec_xor2/pec_32374.dqdimacs,1,40
./benchmark_tests/original/Biere/pec_xor2/pec_32374.dqdimacs,2,36
./benchmark_tests/original/Biere/pec_xor2/pec_32374.dqdimacs,3,36
./benchmark_tests/original/Biere/pec_xor2/pec_32374.dqdimacs,4,82
./benchmark_tests/original/Biere/pec_xor2/pec_32374.dqdimacs,6,36
./benchmark_tests/original/Biere/pec_xor2/pec_32374.dqdimacs,8,36
./benchmark_tests/original/Biere/pec_xor2/pec_32374.dqdimacs,9,36
./benchmark_tests/original/Biere/pec_xor2/pec_32374.dqdimacs,10,36
./benchmark_tests/original/Biere/pec_xor2/pec_32374.dqdimacs,11,36
./benchmark_tests/original/Biere/pec_xor2/pec_32374.dqdimacs,12,36
./benchmark_tests/original/Biere/pec_xor2/pec_32374.dqdimacs,13,36
./benchmark_tests/original/Biere/pec_xor2/pec_32374.dqdimacs,14,36
./benchmark_tests/original/Biere/pec_xor2/pec_32374.dqdimacs,15,36
./benchmark_tests/original/Biere/pec_xor2/pec_32374.dqdimacs,16,36
./benchmark_tests/original/Biere/pec_xor2/pec_32374.dqdimacs,17,36
./benchmark_tests/original/Biere/pec_xor2/pec_32374.dqdimacs,18,36
./benchmark_tests/original/Biere/pec_xor2/pec_32374.dqdimacs,19,36
./benchmark_tests/original/Biere/pec_xor2/pec_32374.dqdimacs,20,36
./benchmark_tests/original/Biere/pec_xor2/pec_32374.dqdimacs,21,36
./benchmark_tests/original/Biere/pec_xor2/pec_32374.dqdimacs,22,36
./benchmark_tests/original/Biere/pec_xor2/pec_32374.dqdimacs,23,36
./benchmark_tests/original/Biere/pec_xor2/pec_32374.dqdimacs,24,36
./benchmark_tests/original/Biere/pec_xor2/pec_32374.dqdimacs,25,36
./benchmark_tests/original/Biere/pec_xor2/pec_32374.dqdimacs,26,36
./benchmark_tests/original/Biere/pec_xor2/pec_32374.dqdimacs,27,36
./benchmark_tests/original/Biere/pec_xor2/pec_32374.dqdimacs,28,36
./benchmark_tests/original/Biere/pec_xor2/pec_32374.dqdimacs,29,36
./benchmark_tests/original/Biere/pec_xor2/pec_32374.dqdimacs,30,36
./benchmark_tests/original/Biere/pec_xor2/pec_32374.dqdimacs,31,36
./benchmark_tests/original/Biere/pec_xor2/pec_32374.dqdimacs,32,36
./benchmark_tests/original/Biere/pec_xor2/pec_32374.dqdimacs,33,36
./benchmark_tests/original/Biere/pec_xor2/pec_32374.dqdimacs,34,36
./benchmark_tests/original/Biere/pec_xor2/pec_32374.dqdimacs,35,37
./benchmark_tests/original/Biere/pec_xor2/pec_32374.dqdimacs,36,36
./benchmark_tests/original/Biere/pec_xor2/pec_32374.dqdimacs,37,37
./benchmark_tests/original/Biere/pec_xor2/pec_32374.dqdimacs,38,36
./benchmark_tests/original/Biere/pec_xor2/pec_32374.dqdimacs,39,37
./benchmark_tests/original/Biere/pec_xor2/pec_32374.dqdimacs,40,36
./benchmark_tests/original/Biere/pec_xor2/pec_32374.dqdimacs,41,35
./benchmark_tests/original/Biere/pec_xor2/pec_32494.dqdimacs,1,40
./benchmark_tests/original/Biere/pec_xor2/pec_32494.dqdimacs,2,36
./benchmark_tests/original/Biere/pec_xor2/pec_32494.dqdimacs,3,36
./benchmark_tests/original/Biere/pec_xor2/pec_32494.dqdimacs,4,81
./benchmark_tests/original/Biere/pec_xor2/pec_32494.dqdimacs,6,36
./benchmark_tests/original/Biere/pec_xor2/pec_32494.dqdimacs,8,36
./benchmark_tests/original/Biere/pec_xor2/pec_32494.dqdimacs,9,37
./benchmark_tests/original/Biere/pec_xor2/pec_32494.dqdimacs,10,36
./benchmark_tests/original/Biere/pec_xor2/pec_32494.dqdimacs,11,36
./benchmark_tests/original/Biere/pec_xor2/pec_32494.dqdimacs,12,36
./benchmark_tests/original/Biere/pec_xor2/pec_32494.dqdimacs,13,37
./benchmark_tests/original/Biere/pec_xor2/pec_32494.dqdimacs,14,37
./benchmark_tests/original/Biere/pec_xor2/pec_32494.dqdimacs,15,37
./benchmark_tests/original/Biere/pec_xor2/pec_32494.dqdimacs,16,37
./benchmark_tests/original/Biere/pec_xor2/pec_32494.dqdimacs,17,37
./benchmark_tests/original/Biere/pec_xor2/pec_32494.dqdimacs,18,37
./benchmark_tests/original/Biere/pec_xor2/pec_32494.dqdimacs,19,37
./benchmark_tests/original/Biere/pec_xor2/pec_32494.dqdimacs,20,36
./benchmark_tests/original/Biere/pec_xor2/pec_32494.dqdimacs,21,36
./benchmark_tests/original/Biere/pec_xor2/pec_32494.dqdimacs,22,36
./benchmark_tests/original/Biere/pec_xor2/pec_32494.dqdimacs,23,36
./benchmark_tests/original/Biere/pec_xor2/pec_32494.dqdimacs,24,36
./benchmark_tests/original/Biere/pec_xor2/pec_32494.dqdimacs,25,36
./benchmark_tests/original/Biere/pec_xor2/pec_32494.dqdimacs,26,36
./benchmark_tests/original/Biere/pec_xor2/pec_32494.dqdimacs,27,36
./benchmark_tests/original/Biere/pec_xor2/pec_32494.dqdimacs,28,36
./benchmark_tests/original/Biere/pec_xor2/pec_32494.dqdimacs,29,36
./benchmark_tests/original/Biere/pec_xor2/pec_32494.dqdimacs,30,36
./benchmark_tests/original/Biere/pec_xor2/pec_32494.dqdimacs,31,36
./benchmark_tests/original/Biere/pec_xor2/pec_32494.dqdimacs,32,36
./benchmark_tests/original/Biere/pec_xor2/pec_32494.dqdimacs,33,36
./benchmark_tests/original/Biere/pec_xor2/pec_32494.dqdimacs,34,36
./benchmark_tests/original/Biere/pec_xor2/pec_32494.dqdimacs,35,36
./benchmark_tests/original/Biere/pec_xor2/pec_32494.dqdimacs,36,37
./benchmark_tests/original/Biere/pec_xor2/pec_32494.dqdimacs,37,36
./benchmark_tests/original/Biere/pec_xor2/pec_32494.dqdimacs,38,37
./benchmark_tests/original/Biere/pec_xor2/pec_32494.dqdimacs,39,36
./benchmark_tests/original/Biere/pec_xor2/pec_32494.dqdimacs,40,37
./benchmark_tests/original/Biere/pec_xor2/pec_32494.dqdimacs,41,36
./benchmark_tests/original/Biere/pec_xor2/pec_32494.dqdimacs,42,36
./benchmark_tests/original/Biere/pec_xor2/pec_32494.dqdimacs,43,35
./benchmark_tests/original/Biere/pec_xor2/pec_32494.dqdimacs,44,35
./benchmark_tests/original/Biere/pec_xor2/pec_3257.dqdimacs,1,38
./benchmark_tests/original/Biere/pec_xor2/pec_3257.dqdimacs,2,34
./benchmark_tests/original/Biere/pec_xor2/pec_3257.dqdimacs,3,34
./benchmark_tests/original/Biere/pec_xor2/pec_3257.dqdimacs,5,34
./benchmark_tests/original/Biere/pec_xor2/pec_3257.dqdimacs,6,76
./benchmark_tests/original/Biere/pec_xor2/pec_3257.dqdimacs,8,11
./benchmark_tests/original/Biere/pec_xor2/pec_3257.dqdimacs,9,9
./benchmark_tests/original/Biere/pec_xor2/pec_3257.dqdimacs,10,10
./benchmark_tests/original/Biere/pec_xor2/pec_3257.dqdimacs,11,9
./benchmark_tests/original/Biere/pec_xor2/pec_3257.dqdimacs,12,9
./benchmark_tests/original/Biere/pec_xor2/pec_3257.dqdimacs,13,10
./benchmark_tests/original/Biere/pec_xor2/pec_3257.dqdimacs,14,10
./benchmark_tests/original/Biere/pec_xor2/pec_3257.dqdimacs,15,9
./benchmark_tests/original/Biere/pec_xor2/pec_3257.dqdimacs,16,9
./benchmark_tests/original/Biere/pec_xor2/pec_3257.dqdimacs,17,10
./benchmark_tests/original/Biere/pec_xor2/pec_3257.dqdimacs,18,9
./benchmark_tests/original/Biere/pec_xor2/pec_3257.dqdimacs,19,9
./benchmark_tests/original/Biere/pec_xor2/pec_3257.dqdimacs,20,9
./benchmark_tests/original/Biere/pec_xor2/pec_3257.dqdimacs,21,10
./benchmark_tests/original/Biere/pec_xor2/pec_3257.dqdimacs,22,10
./benchmark_tests/original/Biere/pec_xor2/pec_3257.dqdimacs,23,9
./benchmark_tests/original/Biere/pec_xor2/pec_3257.dqdimacs,24,9
./benchmark_tests/original/Biere/pec_xor2/pec_3257.dqdimacs,25,9
./benchmark_tests/original/Biere/pec_xor2/pec_3257.dqdimacs,26,22
./benchmark_tests/original/Biere/pec_xor2/pec_3257.dqdimacs,27,33
./benchmark_tests/original/Biere/pec_xor2/pec_3257.dqdimacs,28,33
./benchmark_tests/original/Biere/pec_xor2/pec_3257.dqdimacs,29,33
./benchmark_tests/original/Biere/pec_xor2/pec_3257.dqdimacs,30,33
./benchmark_tests/original/Biere/pec_xor2/pec_3257.dqdimacs,31,33
./benchmark_tests/original/Biere/pec_xor2/pec_3257.dqdimacs,32,33
./benchmark_tests/original/Biere/pec_xor2/pec_3257.dqdimacs,33,33
./benchmark_tests/original/Biere/pec_xor2/pec_3305.dqdimacs,1,36
./benchmark_tests/original/Biere/pec_xor2/pec_3305.dqdimacs,2,34
./benchmark_tests/original/Biere/pec_xor2/pec_3305.dqdimacs,3,34
./benchmark_tests/original/Biere/pec_xor2/pec_3305.dqdimacs,5,33
./benchmark_tests/original/Biere/pec_xor2/pec_3305.dqdimacs,6,74
./benchmark_tests/original/Biere/pec_xor2/pec_3305.dqdimacs,8,11
./benchmark_tests/original/Biere/pec_xor2/pec_3305.dqdimacs,9,10
./benchmark_tests/original/Biere/pec_xor2/pec_3305.dqdimacs,10,10
./benchmark_tests/original/Biere/pec_xor2/pec_3305.dqdimacs,11,10
./benchmark_tests/original/Biere/pec_xor2/pec_3305.dqdimacs,12,10
./benchmark_tests/original/Biere/pec_xor2/pec_3305.dqdimacs,13,10
./benchmark_tests/original/Biere/pec_xor2/pec_3305.dqdimacs,14,10
./benchmark_tests/original/Biere/pec_xor2/pec_3305.dqdimacs,15,10
./benchmark_tests/original/Biere/pec_xor2/pec_3305.dqdimacs,16,10
./benchmark_tests/original/Biere/pec_xor2/pec_3305.dqdimacs,17,10
./benchmark_tests/original/Biere/pec_xor2/pec_3305.dqdimacs,18,10
./benchmark_tests/original/Biere/pec_xor2/pec_3305.dqdimacs,19,10
./benchmark_tests/original/Biere/pec_xor2/pec_3305.dqdimacs,20,10
./benchmark_tests/original/Biere/pec_xor2/pec_3305.dqdimacs,21,10
./benchmark_tests/original/Biere/pec_xor2/pec_3305.dqdimacs,22,10
./benchmark_tests/original/Biere/pec_xor2/pec_3305.dqdimacs,23,10
./benchmark_tests/original/Biere/pec_xor2/pec_3305.dqdimacs,24,10
./benchmark_tests/original/Biere/pec_xor2/pec_3305.dqdimacs,25,22
./benchmark_tests/original/Biere/pec_xor2/pec_3305.dqdimacs,26,32
./benchmark_tests/original/Biere/pec_xor2/pec_3305.dqdimacs,27,33
./benchmark_tests/original/Biere/pec_xor2/pec_3305.dqdimacs,28,32
./benchmark_tests/original/Biere/pec_xor2/pec_3305.dqdimacs,29,32
./benchmark_tests/original/Biere/pec_xor2/pec_3305.dqdimacs,30,32
./benchmark_tests/original/Biere/pec_xor2/pec_3305.dqdimacs,31,33
./benchmark_tests/original/Biere/pec_xor2/pec_3305.dqdimacs,32,33
./benchmark_tests/original/Biere/pec_xor2/pec_3305.dqdimacs,33,32
./benchmark_tests/original/Biere/pec_xor2/pec_34160.dqdimacs,1,36
./benchmark_tests/original/Biere/pec_xor2/pec_34160.dqdimacs,2,33
./benchmark_tests/original/Biere/pec_xor2/pec_34160.dqdimacs,3,75
./benchmark_tests/original/Biere/pec_xor2/pec_34160.dqdimacs,5,11
./benchmark_tests/original/Biere/pec_xor2/pec_34160.dqdimacs,7,9
./benchmark_tests/original/Biere/pec_xor2/pec_34160.dqdimacs,8,9
./benchmark_tests/original/Biere/pec_xor2/pec_34160.dqdimacs,9,9
./benchmark_tests/original/Biere/pec_xor2/pec_34160.dqdimacs,10,9
./benchmark_tests/original/Biere/pec_xor2/pec_34160.dqdimacs,11,9
./benchmark_tests/original/Biere/pec_xor2/pec_34160.dqdimacs,12,9
./benchmark_tests/original/Biere/pec_xor2/pec_34160.dqdimacs,13,10
./benchmark_tests/original/Biere/pec_xor2/pec_34160.dqdimacs,14,9
./benchmark_tests/original/Biere/pec_xor2/pec_34160.dqdimacs,15,9
./benchmark_tests/original/Biere/pec_xor2/pec_34160.dqdimacs,16,9
./benchmark_tests/original/Biere/pec_xor2/pec_34160.dqdimacs,17,9
./benchmark_tests/original/Biere/pec_xor2/pec_34160.dqdimacs,18,9
./benchmark_tests/original/Biere/pec_xor2/pec_34160.dqdimacs,19,9
./benchmark_tests/original/Biere/pec_xor2/pec_34160.dqdimacs,20,9
./benchmark_tests/original/Biere/pec_xor2/pec_34160.dqdimacs,21,9
./benchmark_tests/original/Biere/pec_xor2/pec_34160.dqdimacs,22,9
./benchmark_tests/original/Biere/pec_xor2/pec_34160.dqdimacs,23,9
./benchmark_tests/original/Biere/pec_xor2/pec_34160.dqdimacs,24,9
./benchmark_tests/original/Biere/pec_xor2/pec_34160.dqdimacs,25,9
./benchmark_tests/original/Biere/pec_xor2/pec_34160.dqdimacs,26,9
./benchmark_tests/original/Biere/pec_xor2/pec_34160.dqdimacs,27,9
./benchmark_tests/original/Biere/pec_xor2/pec_34160.dqdimacs,28,9
./benchmark_tests/original/Biere/pec_xor2/pec_34160.dqdimacs,29,9
./benchmark_tests/original/Biere/pec_xor2/pec_34160.dqdimacs,30,22
./benchmark_tests/original/Biere/pec_xor2/pec_34160.dqdimacs,31,32
./benchmark_tests/original/Biere/pec_xor2/pec_35779.dqdimacs,1,38
./benchmark_tests/original/Biere/pec_xor2/pec_35779.dqdimacs,2,31
./benchmark_tests/original/Biere/pec_xor2/pec_35779.dqdimacs,3,12
./benchmark_tests/original/Biere/pec_xor2/pec_35779.dqdimacs,5,55
./benchmark_tests/original/Biere/pec_xor2/pec_35779.dqdimacs,7,11
./benchmark_tests/original/Biere/pec_xor2/pec_35779.dqdimacs,8,10
./benchmark_tests/original/Biere/pec_xor2/pec_35779.dqdimacs,9,10
./benchmark_tests/original/Biere/pec_xor2/pec_35779.dqdimacs,10,10
./benchmark_tests/original/Biere/pec_xor2/pec_35779.dqdimacs,11,10
./benchmark_tests/original/Biere/pec_xor2/pec_35779.dqdimacs,12,10
./benchmark_tests/original/Biere/pec_xor2/pec_35779.dqdimacs,13,10
./benchmark_tests/original/Biere/pec_xor2/pec_35779.dqdimacs,14,10
./benchmark_tests/original/Biere/pec_xor2/pec_35779.dqdimacs,15,10
./benchmark_tests/original/Biere/pec_xor2/pec_35779.dqdimacs,16,23
./benchmark_tests/original/Biere/pec_xor2/pec_35779.dqdimacs,17,33
./benchmark_tests/original/Biere/pec_xor2/pec_35779.dqdimacs,18,33
./benchmark_tests/original/Biere/pec_xor2/pec_35779.dqdimacs,19,33
./benchmark_tests/original/Biere/pec_xor2/pec_35779.dqdimacs,20,33
./benchmark_tests/original/Biere/pec_xor2/pec_35779.dqdimacs,21,33
./benchmark_tests/original/Biere/pec_xor2/pec_35779.dqdimacs,22,33
./benchmark_tests/original/Biere/pec_xor2/pec_35779.dqdimacs,23,33
./benchmark_tests/original/Biere/pec_xor2/pec_35779.dqdimacs,24,33
./benchmark_tests/original/Biere/pec_xor2/pec_35779.dqdimacs,25,33
./benchmark_tests/original/Biere/pec_xor2/pec_35779.dqdimacs,26,33
./benchmark_tests/original/Biere/pec_xor2/pec_35779.dqdimacs,27,33
./benchmark_tests/original/Biere/pec_xor2/pec_35779.dqdimacs,28,33
./benchmark_tests/original/Biere/pec_xor2/pec_35779.dqdimacs,29,33
./benchmark_tests/original/Biere/pec_xor2/pec_35779.dqdimacs,30,33
./benchmark_tests/original/Biere/pec_xor2/pec_35779.dqdimacs,31,33
./benchmark_tests/original/Biere/pec_xor2/pec_35779.dqdimacs,32,33
./benchmark_tests/original/Biere/pec_xor2/pec_35779.dqdimacs,33,33
./benchmark_tests/original/Biere/pec_xor2/pec_35779.dqdimacs,34,33
./benchmark_tests/original/Biere/pec_xor2/pec_35831.dqdimacs,1,40
./benchmark_tests/original/Biere/pec_xor2/pec_35831.dqdimacs,2,36
./benchmark_tests/original/Biere/pec_xor2/pec_35831.dqdimacs,3,79
./benchmark_tests/original/Biere/pec_xor2/pec_35831.dqdimacs,5,14
./benchmark_tests/original/Biere/pec_xor2/pec_35831.dqdimacs,7,12
./benchmark_tests/original/Biere/pec_xor2/pec_35831.dqdimacs,8,13
./benchmark_tests/original/Biere/pec_xor2/pec_35831.dqdimacs,9,13
./benchmark_tests/original/Biere/pec_xor2/pec_35831.dqdimacs,10,13
./benchmark_tests/original/Biere/pec_xor2/pec_35831.dqdimacs,11,13
./benchmark_tests/original/Biere/pec_xor2/pec_35831.dqdimacs,12,13
./benchmark_tests/original/Biere/pec_xor2/pec_35831.dqdimacs,13,12
./benchmark_tests/original/Biere/pec_xor2/pec_35831.dqdimacs,14,12
./benchmark_tests/original/Biere/pec_xor2/pec_35831.dqdimacs,15,12
./benchmark_tests/original/Biere/pec_xor2/pec_35831.dqdimacs,16,13
./benchmark_tests/original/Biere/pec_xor2/pec_35831.dqdimacs,17,12
./benchmark_tests/original/Biere/pec_xor2/pec_35831.dqdimacs,18,12
./benchmark_tests/original/Biere/pec_xor2/pec_35831.dqdimacs,19,12
./benchmark_tests/original/Biere/pec_xor2/pec_35831.dqdimacs,20,13
./benchmark_tests/original/Biere/pec_xor2/pec_35831.dqdimacs,21,12
./benchmark_tests/original/Biere/pec_xor2/pec_35831.dqdimacs,22,12
./benchmark_tests/original/Biere/pec_xor2/pec_35831.dqdimacs,23,25
./benchmark_tests/original/Biere/pec_xor2/pec_35831.dqdimacs,24,35
./benchmark_tests/original/Biere/pec_xor2/pec_35831.dqdimacs,25,35
./benchmark_tests/original/Biere/pec_xor2/pec_35831.dqdimacs,26,35
./benchmark_tests/original/Biere/pec_xor2/pec_35831.dqdimacs,27,35
./benchmark_tests/original/Biere/pec_xor2/pec_35831.dqdimacs,28,35
./benchmark_tests/original/Biere/pec_xor2/pec_35831.dqdimacs,29,35
./benchmark_tests/original/Biere/pec_xor2/pec_35831.dqdimacs,30,35
./benchmark_tests/original/Biere/pec_xor2/pec_35831.dqdimacs,31,35
./benchmark_tests/original/Biere/pec_xor2/pec_35831.dqdimacs,32,35
./benchmark_tests/original/Biere/pec_xor2/pec_35831.dqdimacs,33,35
./benchmark_tests/original/Biere/pec_xor2/pec_35831.dqdimacs,34,35
./benchmark_tests/original/Biere/pec_xor2/pec_35831.dqdimacs,35,35
./benchmark_tests/original/Biere/pec_xor2/pec_35831.dqdimacs,36,35
./benchmark_tests/original/Biere/pec_xor2/pec_35831.dqdimacs,37,35
./benchmark_tests/original/Biere/pec_xor2/pec_35831.dqdimacs,38,35
./benchmark_tests/original/Biere/pec_xor2/pec_35831.dqdimacs,39,36
./benchmark_tests/original/Biere/pec_xor2/pec_35831.dqdimacs,40,35
./benchmark_tests/original/Biere/pec_xor2/pec_35831.dqdimacs,41,36
./benchmark_tests/original/Biere/pec_xor2/pec_35831.dqdimacs,42,35
./benchmark_tests/original/Biere/pec_xor2/pec_35831.dqdimacs,43,35
./benchmark_tests/original/Biere/pec_xor2/pec_35862.dqdimacs,1,35
./benchmark_tests/original/Biere/pec_xor2/pec_35862.dqdimacs,2,33
./benchmark_tests/original/Biere/pec_xor2/pec_35862.dqdimacs,3,32
./benchmark_tests/original/Biere/pec_xor2/pec_35862.dqdimacs,5,32
./benchmark_tests/original/Biere/pec_xor2/pec_35862.dqdimacs,7,32
./benchmark_tests/original/Biere/pec_xor2/pec_35862.dqdimacs,8,32
./benchmark_tests/original/Biere/pec_xor2/pec_35862.dqdimacs,9,32
./benchmark_tests/original/Biere/pec_xor2/pec_35862.dqdimacs,10,74
./benchmark_tests/original/Biere/pec_xor2/pec_35862.dqdimacs,11,11
./benchmark_tests/original/Biere/pec_xor2/pec_35862.dqdimacs,12,9
./benchmark_tests/original/Biere/pec_xor2/pec_35862.dqdimacs,13,9
./benchmark_tests/original/Biere/pec_xor2/pec_35862.dqdimacs,14,9
./benchmark_tests/original/Biere/pec_xor2/pec_35862.dqdimacs,15,9
./benchmark_tests/original/Biere/pec_xor2/pec_35862.dqdimacs,16,9
./benchmark_tests/original/Biere/pec_xor2/pec_35862.dqdimacs,17,9
./benchmark_tests/original/Biere/pec_xor2/pec_35862.dqdimacs,18,9
./benchmark_tests/original/Biere/pec_xor2/pec_35862.dqdimacs,19,9
./benchmark_tests/original/Biere/pec_xor2/pec_35862.dqdimacs,20,9
./benchmark_tests/original/Biere/pec_xor2/pec_35862.dqdimacs,21,9
./benchmark_tests/original/Biere/pec_xor2/pec_35862.dqdimacs,22,9
./benchmark_tests/original/Biere/pec_xor2/pec_35862.dqdimacs,23,9
./benchmark_tests/original/Biere/pec_xor2/pec_35862.dqdimacs,24,9
./benchmark_tests/original/Biere/pec_xor2/pec_35862.dqdimacs,25,9
./benchmark_tests/original/Biere/pec_xor2/pec_35862.dqdimacs,26,8
./benchmark_tests/original/Biere/pec_xor2/pec_35862.dqdimacs,27,8
./benchmark_tests/original/Biere/pec_xor2/pec_35862.dqdimacs,28,21
./benchmark_tests/original/Biere/pec_xor2/pec_35862.dqdimacs,29,32
./benchmark_tests/original/Biere/pec_xor2/pec_35862.dqdimacs,30,32
./benchmark_tests/original/Biere/pec_xor2/pec_3600.dqdimacs,1,34
./benchmark_tests/original/Biere/pec_xor2/pec_3600.dqdimacs,2,32
./benchmark_tests/original/Biere/pec_xor2/pec_3600.dqdimacs,3,32
./benchmark_tests/original/Biere/pec_xor2/pec_3600.dqdimacs,5,32
./benchmark_tests/original/Biere/pec_xor2/pec_3600.dqdimacs,6,32
./benchmark_tests/original/Biere/pec_xor2/pec_3600.dqdimacs,8,74
./benchmark_tests/original/Biere/pec_xor2/pec_3600.dqdimacs,9,10
./benchmark_tests/original/Biere/pec_xor2/pec_3600.dqdimacs,10,8
./benchmark_tests/original/Biere/pec_xor2/pec_3600.dqdimacs,11,8
./benchmark_tests/original/Biere/pec_xor2/pec_3600.dqdimacs,12,8
./benchmark_tests/original/Biere/pec_xor2/pec_3600.dqdimacs,13,8
./benchmark_tests/original/Biere/pec_xor2/pec_3600.dqdimacs,14,8
./benchmark_tests/original/Biere/pec_xor2/pec_3600.dqdimacs,15,9
./benchmark_tests/original/Biere/pec_xor2/pec_3600.dqdimacs,16,8
./benchmark_tests/original/Biere/pec_xor2/pec_3600.dqdimacs,17,8
./benchmark_tests/original/Biere/pec_xor2/pec_3600.dqdimacs,18,8
./benchmark_tests/original/Biere/pec_xor2/pec_3600.dqdimacs,19,8
./benchmark_tests/original/Biere/pec_xor2/pec_3600.dqdimacs,20,8
./benchmark_tests/original/Biere/pec_xor2/pec_3600.dqdimacs,21,8
./benchmark_tests/original/Biere/pec_xor2/pec_3600.dqdimacs,22,8
./benchmark_tests/original/Biere/pec_xor2/pec_3600.dqdimacs,23,8
./benchmark_tests/original/Biere/pec_xor2/pec_3600.dqdimacs,24,8
./benchmark_tests/original/Biere/pec_xor2/pec_3600.dqdimacs,25,8
./benchmark_tests/original/Biere/pec_xor2/pec_37019.dqdimacs,1,35
./benchmark_tests/original/Biere/pec_xor2/pec_37019.dqdimacs,2,33
./benchmark_tests/original/Biere/pec_xor2/pec_37019.dqdimacs,3,74
./benchmark_tests/original/Biere/pec_xor2/pec_37019.dqdimacs,5,11
./benchmark_tests/original/Biere/pec_xor2/pec_37019.dqdimacs,7,9
./benchmark_tests/original/Biere/pec_xor2/pec_37019.dqdimacs,8,9
./benchmark_tests/original/Biere/pec_xor2/pec_37019.dqdimacs,9,9
./benchmark_tests/original/Biere/pec_xor2/pec_37019.dqdimacs,10,9
./benchmark_tests/original/Biere/pec_xor2/pec_37019.dqdimacs,11,9
./benchmark_tests/original/Biere/pec_xor2/pec_37019.dqdimacs,12,9
./benchmark_tests/original/Biere/pec_xor2/pec_37019.dqdimacs,13,9
./benchmark_tests/original/Biere/pec_xor2/pec_37019.dqdimacs,14,9
./benchmark_tests/original/Biere/pec_xor2/pec_37019.dqdimacs,15,9
./benchmark_tests/original/Biere/pec_xor2/pec_37019.dqdimacs,16,9
./benchmark_tests/original/Biere/pec_xor2/pec_37019.dqdimacs,17,9
./benchmark_tests/original/Biere/pec_xor2/pec_37019.dqdimacs,18,9
./benchmark_tests/original/Biere/pec_xor2/pec_37019.dqdimacs,19,9
./benchmark_tests/original/Biere/pec_xor2/pec_37019.dqdimacs,20,9
./benchmark_tests/original/Biere/pec_xor2/pec_37019.dqdimacs,21,9
./benchmark_tests/original/Biere/pec_xor2/pec_37019.dqdimacs,22,9
./benchmark_tests/original/Biere/pec_xor2/pec_37019.dqdimacs,23,9
./benchmark_tests/original/Biere/pec_xor2/pec_37019.dqdimacs,24,9
./benchmark_tests/original/Biere/pec_xor2/pec_37019.dqdimacs,25,9
./benchmark_tests/original/Biere/pec_xor2/pec_37019.dqdimacs,26,9
./benchmark_tests/original/Biere/pec_xor2/pec_37019.dqdimacs,27,9
./benchmark_tests/original/Biere/pec_xor2/pec_37019.dqdimacs,28,9
./benchmark_tests/original/Biere/pec_xor2/pec_37019.dqdimacs,29,21
./benchmark_tests/original/Biere/pec_xor2/pec_37019.dqdimacs,30,32
./benchmark_tests/original/Biere/pec_xor2/pec_37019.dqdimacs,31,32
./benchmark_tests/original/Biere/pec_xor2/pec_37676.dqdimacs,1,36
./benchmark_tests/original/Biere/pec_xor2/pec_37676.dqdimacs,2,33
./benchmark_tests/original/Biere/pec_xor2/pec_37676.dqdimacs,3,33
./benchmark_tests/original/Biere/pec_xor2/pec_37676.dqdimacs,5,33
./benchmark_tests/original/Biere/pec_xor2/pec_37676.dqdimacs,7,33
./benchmark_tests/original/Biere/pec_xor2/pec_37676.dqdimacs,8,33
./benchmark_tests/original/Biere/pec_xor2/pec_37676.dqdimacs,9,32
./benchmark_tests/original/Biere/pec_xor2/pec_37676.dqdimacs,10,33
./benchmark_tests/original/Biere/pec_xor2/pec_37676.dqdimacs,11,33
./benchmark_tests/original/Biere/pec_xor2/pec_37676.dqdimacs,12,33
./benchmark_tests/original/Biere/pec_xor2/pec_37676.dqdimacs,13,33
./benchmark_tests/original/Biere/pec_xor2/pec_37676.dqdimacs,14,33
./benchmark_tests/original/Biere/pec_xor2/pec_37676.dqdimacs,15,33
./benchmark_tests/original/Biere/pec_xor2/pec_37676.dqdimacs,16,33
./benchmark_tests/original/Biere/pec_xor2/pec_37676.dqdimacs,17,75
./benchmark_tests/original/Biere/pec_xor2/pec_37676.dqdimacs,18,11
./benchmark_tests/original/Biere/pec_xor2/pec_37676.dqdimacs,19,9
./benchmark_tests/original/Biere/pec_xor2/pec_37676.dqdimacs,20,9
./benchmark_tests/original/Biere/pec_xor2/pec_37676.dqdimacs,21,9
./benchmark_tests/original/Biere/pec_xor2/pec_37676.dqdimacs,22,9
./benchmark_tests/original/Biere/pec_xor2/pec_37676.dqdimacs,23,9
./benchmark_tests/original/Biere/pec_xor2/pec_37676.dqdimacs,24,10
./benchmark_tests/original/Biere/pec_xor2/pec_37676.dqdimacs,25,9
./benchmark_tests/original/Biere/pec_xor2/pec_37676.dqdimacs,26,9
./benchmark_tests/original/Biere/pec_xor2/pec_37676.dqdimacs,27,9
./benchmark_tests/original/Biere/pec_xor2/pec_37676.dqdimacs,28,9
./benchmark_tests/original/Biere/pec_xor2/pec_37676.dqdimacs,29,9
./benchmark_tests/original/Biere/pec_xor2/pec_37676.dqdimacs,30,9
./benchmark_tests/original/Biere/pec_xor2/pec_37676.dqdimacs,31,9
./benchmark_tests/original/Biere/pec_xor2/pec_37676.dqdimacs,32,9
./benchmark_tests/original/Biere/pec_xor2/pec_37676.dqdimacs,33,9
./benchmark_tests/original/Biere/pec_xor2/pec_37676.dqdimacs,34,9
./benchmark_tests/original/Biere/pec_xor2/pec_37749.dqdimacs,1,37
./benchmark_tests/original/Biere/pec_xor2/pec_37749.dqdimacs,2,35
./benchmark_tests/original/Biere/pec_xor2/pec_37749.dqdimacs,3,75
./benchmark_tests/original/Biere/pec_xor2/pec_37749.dqdimacs,5,13
./benchmark_tests/original/Biere/pec_xor2/pec_37749.dqdimacs,7,11
./benchmark_tests/original/Biere/pec_xor2/pec_37749.dqdimacs,8,11
./benchmark_tests/original/Biere/pec_xor2/pec_37749.dqdimacs,9,11
./benchmark_tests/original/Biere/pec_xor2/pec_37749.dqdimacs,10,11
./benchmark_tests/original/Biere/pec_xor2/pec_37749.dqdimacs,11,11
./benchmark_tests/original/Biere/pec_xor2/pec_37749.dqdimacs,12,11
./benchmark_tests/original/Biere/pec_xor2/pec_37749.dqdimacs,13,10
./benchmark_tests/original/Biere/pec_xor2/pec_37749.dqdimacs,14,11
./benchmark_tests/original/Biere/pec_xor2/pec_37749.dqdimacs,15,11
./benchmark_tests/original/Biere/pec_xor2/pec_37749.dqdimacs,16,11
./benchmark_tests/original/Biere/pec_xor2/pec_37749.dqdimacs,17,11
./benchmark_tests/original/Biere/pec_xor2/pec_37749.dqdimacs,18,11
./benchmark_tests/original/Biere/pec_xor2/pec_37749.dqdimacs,19,11
./benchmark_tests/original/Biere/pec_xor2/pec_37749.dqdimacs,20,11
./benchmark_tests/original/Biere/pec_xor2/pec_37749.dqdimacs,21,11
./benchmark_tests/original/Biere/pec_xor2/pec_37749.dqdimacs,22,23
./benchmark_tests/original/Biere/pec_xor2/pec_37749.dqdimacs,23,34
./benchmark_tests/original/Biere/pec_xor2/pec_37749.dqdimacs,24,34
./benchmark_tests/original/Biere/pec_xor2/pec_37749.dqdimacs,25,34
./benchmark_tests/original/Biere/pec_xor2/pec_37749.dqdimacs,26,34
./benchmark_tests/original/Biere/pec_xor2/pec_37749.dqdimacs,27,34
./benchmark_tests/original/Biere/pec_xor2/pec_37749.dqdimacs,28,34
./benchmark_tests/original/Biere/pec_xor2/pec_37749.dqdimacs,29,34
./benchmark_tests/original/Biere/pec_xor2/pec_37749.dqdimacs,30,33
./benchmark_tests/original/Biere/pec_xor2/pec_37749.dqdimacs,31,34
./benchmark_tests/original/Biere/pec_xor2/pec_37749.dqdimacs,32,33
./benchmark_tests/original/Biere/pec_xor2/pec_37749.dqdimacs,33,34
./benchmark_tests/original/Biere/pec_xor2/pec_37749.dqdimacs,34,34
./benchmark_tests/original/Biere/pec_xor2/pec_37749.dqdimacs,35,34
./benchmark_tests/original/Biere/pec_xor2/pec_37749.dqdimacs,36,34
./benchmark_tests/original/Biere/pec_xor2/pec_37749.dqdimacs,37,34
./benchmark_tests/original/Biere/pec_xor2/pec_37749.dqdimacs,38,34
./benchmark_tests/original/Biere/pec_xor2/pec_38310.dqdimacs,1,36
./benchmark_tests/original/Biere/pec_xor2/pec_38310.dqdimacs,2,33
./benchmark_tests/original/Biere/pec_xor2/pec_38310.dqdimacs,3,30
./benchmark_tests/original/Biere/pec_xor2/pec_38310.dqdimacs,5,56
./benchmark_tests/original/Biere/pec_xor2/pec_38310.dqdimacs,7,10
./benchmark_tests/original/Biere/pec_xor2/pec_38310.dqdimacs,8,9
./benchmark_tests/original/Biere/pec_xor2/pec_38310.dqdimacs,9,9
./benchmark_tests/original/Biere/pec_xor2/pec_38310.dqdimacs,10,10
./benchmark_tests/original/Biere/pec_xor2/pec_38310.dqdimacs,11,10
./benchmark_tests/original/Biere/pec_xor2/pec_38310.dqdimacs,12,10
./benchmark_tests/original/Biere/pec_xor2/pec_38310.dqdimacs,13,10
./benchmark_tests/original/Biere/pec_xor2/pec_38310.dqdimacs,14,10
./benchmark_tests/original/Biere/pec_xor2/pec_38310.dqdimacs,15,22
./benchmark_tests/original/Biere/pec_xor2/pec_38310.dqdimacs,16,33
./benchmark_tests/original/Biere/pec_xor2/pec_38310.dqdimacs,17,33
./benchmark_tests/original/Biere/pec_xor2/pec_38310.dqdimacs,18,33
./benchmark_tests/original/Biere/pec_xor2/pec_38310.dqdimacs,19,33
./benchmark_tests/original/Biere/pec_xor2/pec_38310.dqdimacs,20,33
./benchmark_tests/original/Biere/pec_xor2/pec_38310.dqdimacs,21,33
./benchmark_tests/original/Biere/pec_xor2/pec_38310.dqdimacs,22,33
./benchmark_tests/original/Biere/pec_xor2/pec_38310.dqdimacs,23,33
./benchmark_tests/original/Biere/pec_xor2/pec_38310.dqdimacs,24,33
./benchmark_tests/original/Biere/pec_xor2/pec_38310.dqdimacs,25,33
./benchmark_tests/original/Biere/pec_xor2/pec_38310.dqdimacs,26,33
./benchmark_tests/original/Biere/pec_xor2/pec_38310.dqdimacs,27,33
./benchmark_tests/original/Biere/pec_xor2/pec_38310.dqdimacs,28,33
./benchmark_tests/original/Biere/pec_xor2/pec_38310.dqdimacs,29,33
./benchmark_tests/original/Biere/pec_xor2/pec_38310.dqdimacs,30,33
./benchmark_tests/original/Biere/pec_xor2/pec_38310.dqdimacs,31,33
./benchmark_tests/original/Biere/pec_xor2/pec_38310.dqdimacs,32,33
./benchmark_tests/original/Biere/pec_xor2/pec_38310.dqdimacs,33,33
./benchmark_tests/original/Biere/pec_xor2/pec_38310.dqdimacs,34,33
./benchmark_tests/original/Biere/pec_xor2/pec_38310.dqdimacs,35,33
./benchmark_tests/original/Biere/pec_xor2/pec_38378.dqdimacs,1,38
./benchmark_tests/original/Biere/pec_xor2/pec_38378.dqdimacs,2,35
./benchmark_tests/original/Biere/pec_xor2/pec_38378.dqdimacs,3,79
./benchmark_tests/original/Biere/pec_xor2/pec_38378.dqdimacs,5,35
./benchmark_tests/original/Biere/pec_xor2/pec_38378.dqdimacs,7,34
./benchmark_tests/original/Biere/pec_xor2/pec_38378.dqdimacs,8,34
./benchmark_tests/original/Biere/pec_xor2/pec_38378.dqdimacs,9,34
./benchmark_tests/original/Biere/pec_xor2/pec_38378.dqdimacs,10,34
./benchmark_tests/original/Biere/pec_xor2/pec_38378.dqdimacs,11,34
./benchmark_tests/original/Biere/pec_xor2/pec_38378.dqdimacs,12,34
./benchmark_tests/original/Biere/pec_xor2/pec_38378.dqdimacs,13,34
./benchmark_tests/original/Biere/pec_xor2/pec_38378.dqdimacs,14,35
./benchmark_tests/original/Biere/pec_xor2/pec_38378.dqdimacs,15,35
./benchmark_tests/original/Biere/pec_xor2/pec_38378.dqdimacs,16,34
./benchmark_tests/original/Biere/pec_xor2/pec_38378.dqdimacs,17,35
./benchmark_tests/original/Biere/pec_xor2/pec_38378.dqdimacs,18,34
./benchmark_tests/original/Biere/pec_xor2/pec_38378.dqdimacs,19,34
./benchmark_tests/original/Biere/pec_xor2/pec_38378.dqdimacs,20,35
./benchmark_tests/original/Biere/pec_xor2/pec_38378.dqdimacs,21,34
./benchmark_tests/original/Biere/pec_xor2/pec_38378.dqdimacs,22,34
./benchmark_tests/original/Biere/pec_xor2/pec_38378.dqdimacs,23,34
./benchmark_tests/original/Biere/pec_xor2/pec_38378.dqdimacs,24,34
./benchmark_tests/original/Biere/pec_xor2/pec_38378.dqdimacs,25,34
./benchmark_tests/original/Biere/pec_xor2/pec_38378.dqdimacs,26,34
./benchmark_tests/original/Biere/pec_xor2/pec_38378.dqdimacs,27,35
./benchmark_tests/original/Biere/pec_xor2/pec_38378.dqdimacs,28,35
./benchmark_tests/original/Biere/pec_xor2/pec_38378.dqdimacs,29,34
./benchmark_tests/original/Biere/pec_xor2/pec_38378.dqdimacs,30,35
./benchmark_tests/original/Biere/pec_xor2/pec_38378.dqdimacs,31,35
./benchmark_tests/original/Biere/pec_xor2/pec_38378.dqdimacs,32,34
./benchmark_tests/original/Biere/pec_xor2/pec_38378.dqdimacs,33,34
./benchmark_tests/original/Biere/pec_xor2/pec_38378.dqdimacs,34,34
./benchmark_tests/original/Biere/pec_xor2/pec_38378.dqdimacs,35,34
./benchmark_tests/original/Biere/pec_xor2/pec_38378.dqdimacs,36,35
./benchmark_tests/original/Biere/pec_xor2/pec_38378.dqdimacs,37,35
./benchmark_tests/original/Biere/pec_xor2/pec_38378.dqdimacs,38,35
./benchmark_tests/original/Biere/pec_xor2/pec_38378.dqdimacs,39,34
./benchmark_tests/original/Biere/pec_xor2/pec_38503.dqdimacs,1,38
./benchmark_tests/original/Biere/pec_xor2/pec_38503.dqdimacs,2,35
./benchmark_tests/original/Biere/pec_xor2/pec_38503.dqdimacs,3,75
./benchmark_tests/original/Biere/pec_xor2/pec_38503.dqdimacs,5,12
./benchmark_tests/original/Biere/pec_xor2/pec_38503.dqdimacs,7,10
./benchmark_tests/original/Biere/pec_xor2/pec_38503.dqdimacs,8,10
./benchmark_tests/original/Biere/pec_xor2/pec_38503.dqdimacs,9,10
./benchmark_tests/original/Biere/pec_xor2/pec_38503.dqdimacs,10,10
./benchmark_tests/original/Biere/pec_xor2/pec_38503.dqdimacs,11,11
./benchmark_tests/original/Biere/pec_xor2/pec_38503.dqdimacs,12,10
./benchmark_tests/original/Biere/pec_xor2/pec_38503.dqdimacs,13,10
./benchmark_tests/original/Biere/pec_xor2/pec_38503.dqdimacs,14,10
./benchmark_tests/original/Biere/pec_xor2/pec_38503.dqdimacs,15,10
./benchmark_tests/original/Biere/pec_xor2/pec_38503.dqdimacs,16,10
./benchmark_tests/original/Biere/pec_xor2/pec_38503.dqdimacs,17,10
./benchmark_tests/original/Biere/pec_xor2/pec_38503.dqdimacs,18,10
./benchmark_tests/original/Biere/pec_xor2/pec_38503.dqdimacs,19,10
./benchmark_tests/original/Biere/pec_xor2/pec_38503.dqdimacs,20,10
./benchmark_tests/original/Biere/pec_xor2/pec_38503.dqdimacs,21,23
./benchmark_tests/original/Biere/pec_xor2/pec_38503.dqdimacs,22,34
./benchmark_tests/original/Biere/pec_xor2/pec_38503.dqdimacs,23,34
./benchmark_tests/original/Biere/pec_xor2/pec_38503.dqdimacs,24,33
./benchmark_tests/original/Biere/pec_xor2/pec_38503.dqdimacs,25,34
./benchmark_tests/original/Biere/pec_xor2/pec_38503.dqdimacs,26,34
./benchmark_tests/original/Biere/pec_xor2/pec_38503.dqdimacs,27,34
./benchmark_tests/original/Biere/pec_xor2/pec_38503.dqdimacs,28,34
./benchmark_tests/original/Biere/pec_xor2/pec_38503.dqdimacs,29,34
./benchmark_tests/original/Biere/pec_xor2/pec_38503.dqdimacs,30,33
./benchmark_tests/original/Biere/pec_xor2/pec_38503.dqdimacs,31,34
./benchmark_tests/original/Biere/pec_xor2/pec_38503.dqdimacs,32,33
./benchmark_tests/original/Biere/pec_xor2/pec_38503.dqdimacs,33,34
./benchmark_tests/original/Biere/pec_xor2/pec_38503.dqdimacs,34,33
./benchmark_tests/original/Biere/pec_xor2/pec_38503.dqdimacs,35,33
./benchmark_tests/original/Biere/pec_xor2/pec_38503.dqdimacs,36,34
./benchmark_tests/original/Biere/pec_xor2/pec_38503.dqdimacs,37,34
./benchmark_tests/original/Biere/pec_xor2/pec_38503.dqdimacs,38,33
./benchmark_tests/original/Biere/pec_xor2/pec_38932.dqdimacs,1,35
./benchmark_tests/original/Biere/pec_xor2/pec_38932.dqdimacs,2,32
./benchmark_tests/original/Biere/pec_xor2/pec_38932.dqdimacs,3,72
./benchmark_tests/original/Biere/pec_xor2/pec_38932.dqdimacs,5,10
./benchmark_tests/original/Biere/pec_xor2/pec_38932.dqdimacs,7,8
./benchmark_tests/original/Biere/pec_xor2/pec_38932.dqdimacs,8,8
./benchmark_tests/original/Biere/pec_xor2/pec_38932.dqdimacs,9,8
./benchmark_tests/original/Biere/pec_xor2/pec_38932.dqdimacs,10,9
./benchmark_tests/original/Biere/pec_xor2/pec_38932.dqdimacs,11,8
./benchmark_tests/original/Biere/pec_xor2/pec_38932.dqdimacs,12,8
./benchmark_tests/original/Biere/pec_xor2/pec_38932.dqdimacs,13,8
./benchmark_tests/original/Biere/pec_xor2/pec_38932.dqdimacs,14,8
./benchmark_tests/original/Biere/pec_xor2/pec_38932.dqdimacs,15,8
./benchmark_tests/original/Biere/pec_xor2/pec_38932.dqdimacs,16,8
./benchmark_tests/original/Biere/pec_xor2/pec_38932.dqdimacs,17,8
./benchmark_tests/original/Biere/pec_xor2/pec_38932.dqdimacs,18,8
./benchmark_tests/original/Biere/pec_xor2/pec_38932.dqdimacs,19,8
./benchmark_tests/original/Biere/pec_xor2/pec_38932.dqdimacs,20,8
./benchmark_tests/original/Biere/pec_xor2/pec_38932.dqdimacs,21,8
./benchmark_tests/original/Biere/pec_xor2/pec_38932.dqdimacs,22,8
./benchmark_tests/original/Biere/pec_xor2/pec_38932.dqdimacs,23,8
./benchmark_tests/original/Biere/pec_xor2/pec_38932.dqdimacs,24,8
./benchmark_tests/original/Biere/pec_xor2/pec_38932.dqdimacs,25,8
./benchmark_tests/original/Biere/pec_xor2/pec_38932.dqdimacs,26,8
./benchmark_tests/original/Biere/pec_xor2/pec_39779.dqdimacs,1,38
./benchmark_tests/original/Biere/pec_xor2/pec_39779.dqdimacs,2,35
./benchmark_tests/original/Biere/pec_xor2/pec_39779.dqdimacs,3,34
./benchmark_tests/original/Biere/pec_xor2/pec_39779.dqdimacs,5,34
./benchmark_tests/original/Biere/pec_xor2/pec_39779.dqdimacs,7,34
./benchmark_tests/original/Biere/pec_xor2/pec_39779.dqdimacs,8,34
./benchmark_tests/original/Biere/pec_xor2/pec_39779.dqdimacs,9,34
./benchmark_tests/original/Biere/pec_xor2/pec_39779.dqdimacs,10,76
./benchmark_tests/original/Biere/pec_xor2/pec_39779.dqdimacs,11,12
./benchmark_tests/original/Biere/pec_xor2/pec_39779.dqdimacs,12,11
./benchmark_tests/original/Biere/pec_xor2/pec_39779.dqdimacs,13,11
./benchmark_tests/original/Biere/pec_xor2/pec_39779.dqdimacs,14,11
./benchmark_tests/original/Biere/pec_xor2/pec_39779.dqdimacs,15,11
./benchmark_tests/original/Biere/pec_xor2/pec_39779.dqdimacs,16,11
./benchmark_tests/original/Biere/pec_xor2/pec_39779.dqdimacs,17,11
./benchmark_tests/original/Biere/pec_xor2/pec_39779.dqdimacs,18,11
./benchmark_tests/original/Biere/pec_xor2/pec_39779.dqdimacs,19,11
./benchmark_tests/original/Biere/pec_xor2/pec_39779.dqdimacs,20,11
./benchmark_tests/original/Biere/pec_xor2/pec_39779.dqdimacs,21,11
./benchmark_tests/original/Biere/pec_xor2/pec_39779.dqdimacs,22,11
./benchmark_tests/original/Biere/pec_xor2/pec_39779.dqdimacs,23,11
./benchmark_tests/original/Biere/pec_xor2/pec_39779.dqdimacs,24,11
./benchmark_tests/original/Biere/pec_xor2/pec_39779.dqdimacs,25,24
./benchmark_tests/original/Biere/pec_xor2/pec_39779.dqdimacs,26,34
./benchmark_tests/original/Biere/pec_xor2/pec_39779.dqdimacs,27,34
./benchmark_tests/original/Biere/pec_xor2/pec_39779.dqdimacs,28,34
./benchmark_tests/original/Biere/pec_xor2/pec_39779.dqdimacs,29,34
./benchmark_tests/original/Biere/pec_xor2/pec_39779.dqdimacs,30,34
./benchmark_tests/original/Biere/pec_xor2/pec_39779.dqdimacs,31,34
./benchmark_tests/original/Biere/pec_xor2/pec_39779.dqdimacs,32,35
./benchmark_tests/original/Biere/pec_xor2/pec_39779.dqdimacs,33,34
./benchmark_tests/original/Biere/pec_xor2/pec_39779.dqdimacs,34,34
./benchmark_tests/original/Biere/pec_xor2/pec_39779.dqdimacs,35,34
./benchmark_tests/original/Biere/pec_xor2/pec_39779.dqdimacs,36,34
./benchmark_tests/original/Biere/pec_xor2/pec_39779.dqdimacs,37,34
./benchmark_tests/original/Biere/pec_xor2/pec_39779.dqdimacs,38,34
./benchmark_tests/original/Biere/pec_xor2/pec_40399.dqdimacs,1,40
./benchmark_tests/original/Biere/pec_xor2/pec_40399.dqdimacs,2,37
./benchmark_tests/original/Biere/pec_xor2/pec_40399.dqdimacs,3,78
./benchmark_tests/original/Biere/pec_xor2/pec_40399.dqdimacs,5,14
./benchmark_tests/original/Biere/pec_xor2/pec_40399.dqdimacs,7,12
./benchmark_tests/original/Biere/pec_xor2/pec_40399.dqdimacs,8,12
./benchmark_tests/original/Biere/pec_xor2/pec_40399.dqdimacs,9,12
./benchmark_tests/original/Biere/pec_xor2/pec_40399.dqdimacs,10,12
./benchmark_tests/original/Biere/pec_xor2/pec_40399.dqdimacs,11,12
./benchmark_tests/original/Biere/pec_xor2/pec_40399.dqdimacs,12,12
./benchmark_tests/original/Biere/pec_xor2/pec_40399.dqdimacs,13,12
./benchmark_tests/original/Biere/pec_xor2/pec_40399.dqdimacs,14,12
./benchmark_tests/original/Biere/pec_xor2/pec_40399.dqdimacs,15,12
./benchmark_tests/original/Biere/pec_xor2/pec_40399.dqdimacs,16,12
./benchmark_tests/original/Biere/pec_xor2/pec_40399.dqdimacs,17,12
./benchmark_tests/original/Biere/pec_xor2/pec_40399.dqdimacs,18,12
./benchmark_tests/original/Biere/pec_xor2/pec_40399.dqdimacs,19,12
./benchmark_tests/original/Biere/pec_xor2/pec_40399.dqdimacs,20,12
./benchmark_tests/original/Biere/pec_xor2/pec_40399.dqdimacs,21,12
./benchmark_tests/original/Biere/pec_xor2/pec_40399.dqdimacs,22,25
./benchmark_tests/original/Biere/pec_xor2/pec_40399.dqdimacs,23,36
./benchmark_tests/original/Biere/pec_xor2/pec_40399.dqdimacs,24,36
./benchmark_tests/original/Biere/pec_xor2/pec_40399.dqdimacs,25,35
./benchmark_tests/original/Biere/pec_xor2/pec_40399.dqdimacs,26,36
./benchmark_tests/original/Biere/pec_xor2/pec_40399.dqdimacs,27,36
./benchmark_tests/original/Biere/pec_xor2/pec_40399.dqdimacs,28,36
./benchmark_tests/original/Biere/pec_xor2/pec_40399.dqdimacs,29,35
./benchmark_tests/original/Biere/pec_xor2/pec_40399.dqdimacs,30,36
./benchmark_tests/original/Biere/pec_xor2/pec_40399.dqdimacs,31,36
./benchmark_tests/original/Biere/pec_xor2/pec_40399.dqdimacs,32,36
./benchmark_tests/original/Biere/pec_xor2/pec_40399.dqdimacs,33,36
./benchmark_tests/original/Biere/pec_xor2/pec_40399.dqdimacs,34,36
./benchmark_tests/original/Biere/pec_xor2/pec_40399.dqdimacs,35,36
./benchmark_tests/original/Biere/pec_xor2/pec_40399.dqdimacs,36,36
./benchmark_tests/original/Biere/pec_xor2/pec_40399.dqdimacs,37,36
./benchmark_tests/original/Biere/pec_xor2/pec_40399.dqdimacs,38,36
./benchmark_tests/original/Biere/pec_xor2/pec_40399.dqdimacs,39,36
./benchmark_tests/original/Biere/pec_xor2/pec_40399.dqdimacs,40,36
./benchmark_tests/original/Biere/pec_xor2/pec_40399.dqdimacs,41,36
./benchmark_tests/original/Biere/pec_xor2/pec_40399.dqdimacs,42,36
./benchmark_tests/original/Biere/pec_xor2/pec_40501.dqdimacs,1,37
./benchmark_tests/original/Biere/pec_xor2/pec_40501.dqdimacs,2,34
./benchmark_tests/original/Biere/pec_xor2/pec_40501.dqdimacs,3,33
./benchmark_tests/original/Biere/pec_xor2/pec_40501.dqdimacs,5,33
./benchmark_tests/original/Biere/pec_xor2/pec_40501.dqdimacs,7,34
./benchmark_tests/original/Biere/pec_xor2/pec_40501.dqdimacs,8,34
./benchmark_tests/original/Biere/pec_xor2/pec_40501.dqdimacs,9,34
./benchmark_tests/original/Biere/pec_xor2/pec_40501.dqdimacs,10,76
./benchmark_tests/original/Biere/pec_xor2/pec_40501.dqdimacs,11,12
./benchmark_tests/original/Biere/pec_xor2/pec_40501.dqdimacs,12,10
./benchmark_tests/original/Biere/pec_xor2/pec_40501.dqdimacs,13,11
./benchmark_tests/original/Biere/pec_xor2/pec_40501.dqdimacs,14,11
./benchmark_tests/original/Biere/pec_xor2/pec_40501.dqdimacs,15,10
./benchmark_tests/original/Biere/pec_xor2/pec_40501.dqdimacs,16,11
./benchmark_tests/original/Biere/pec_xor2/pec_40501.dqdimacs,17,11
./benchmark_tests/original/Biere/pec_xor2/pec_40501.dqdimacs,18,10
./benchmark_tests/original/Biere/pec_xor2/pec_40501.dqdimacs,19,11
./benchmark_tests/original/Biere/pec_xor2/pec_40501.dqdimacs,20,11
./benchmark_tests/original/Biere/pec_xor2/pec_40501.dqdimacs,21,11
./benchmark_tests/original/Biere/pec_xor2/pec_40501.dqdimacs,22,10
./benchmark_tests/original/Biere/pec_xor2/pec_40501.dqdimacs,23,10
./benchmark_tests/original/Biere/pec_xor2/pec_40501.dqdimacs,24,11
./benchmark_tests/original/Biere/pec_xor2/pec_40501.dqdimacs,25,11
./benchmark_tests/original/Biere/pec_xor2/pec_40501.dqdimacs,26,10
./benchmark_tests/original/Biere/pec_xor2/pec_40501.dqdimacs,27,11
./benchmark_tests/original/Biere/pec_xor2/pec_40501.dqdimacs,28,11
./benchmark_tests/original/Biere/pec_xor2/pec_40501.dqdimacs,29,23
./benchmark_tests/original/Biere/pec_xor2/pec_40501.dqdimacs,30,33
./benchmark_tests/original/Biere/pec_xor2/pec_40501.dqdimacs,31,33
./benchmark_tests/original/Biere/pec_xor2/pec_40501.dqdimacs,32,33
./benchmark_tests/original/Biere/pec_xor2/pec_40501.dqdimacs,33,33
./benchmark_tests/original/Biere/pec_xor2/pec_40501.dqdimacs,34,33
./benchmark_tests/original/Biere/pec_xor2/pec_40501.dqdimacs,35,33
./benchmark_tests/original/Biere/pec_xor2/pec_40501.dqdimacs,36,34
./benchmark_tests/original/Biere/pec_xor2/pec_40501.dqdimacs,37,34
./benchmark_tests/original/Biere/pec_xor2/pec_40501.dqdimacs,38,34
./benchmark_tests/original/Biere/pec_xor2/pec_41211.dqdimacs,1,38
./benchmark_tests/original/Biere/pec_xor2/pec_41211.dqdimacs,2,35
./benchmark_tests/original/Biere/pec_xor2/pec_41211.dqdimacs,3,76
./benchmark_tests/original/Biere/pec_xor2/pec_41211.dqdimacs,5,12
./benchmark_tests/original/Biere/pec_xor2/pec_41211.dqdimacs,7,10
./benchmark_tests/original/Biere/pec_xor2/pec_41211.dqdimacs,8,10
./benchmark_tests/original/Biere/pec_xor2/pec_41211.dqdimacs,9,10
./benchmark_tests/original/Biere/pec_xor2/pec_41211.dqdimacs,10,10
./benchmark_tests/original/Biere/pec_xor2/pec_41211.dqdimacs,11,20
./benchmark_tests/original/Biere/pec_xor2/pec_41211.dqdimacs,12,10
./benchmark_tests/original/Biere/pec_xor2/pec_41211.dqdimacs,13,10
./benchmark_tests/original/Biere/pec_xor2/pec_41211.dqdimacs,14,10
./benchmark_tests/original/Biere/pec_xor2/pec_41211.dqdimacs,15,10
./benchmark_tests/original/Biere/pec_xor2/pec_41211.dqdimacs,16,10
./benchmark_tests/original/Biere/pec_xor2/pec_41211.dqdimacs,17,10
./benchmark_tests/original/Biere/pec_xor2/pec_41211.dqdimacs,18,10
./benchmark_tests/original/Biere/pec_xor2/pec_41211.dqdimacs,19,10
./benchmark_tests/original/Biere/pec_xor2/pec_41211.dqdimacs,20,10
./benchmark_tests/original/Biere/pec_xor2/pec_41211.dqdimacs,21,10
./benchmark_tests/original/Biere/pec_xor2/pec_41211.dqdimacs,22,10
./benchmark_tests/original/Biere/pec_xor2/pec_41211.dqdimacs,23,10
./benchmark_tests/original/Biere/pec_xor2/pec_41211.dqdimacs,24,10
./benchmark_tests/original/Biere/pec_xor2/pec_41211.dqdimacs,25,10
./benchmark_tests/original/Biere/pec_xor2/pec_41211.dqdimacs,26,10
./benchmark_tests/original/Biere/pec_xor2/pec_41211.dqdimacs,27,10
./benchmark_tests/original/Biere/pec_xor2/pec_41211.dqdimacs,28,10
./benchmark_tests/original/Biere/pec_xor2/pec_41211.dqdimacs,29,10
./benchmark_tests/original/Biere/pec_xor2/pec_41211.dqdimacs,30,10
./benchmark_tests/original/Biere/pec_xor2/pec_41211.dqdimacs,31,10
./benchmark_tests/original/Biere/pec_xor2/pec_41211.dqdimacs,32,10
./benchmark_tests/original/Biere/pec_xor2/pec_41211.dqdimacs,33,10
./benchmark_tests/original/Biere/pec_xor2/pec_41211.dqdimacs,34,10
./benchmark_tests/original/Biere/pec_xor2/pec_41211.dqdimacs,35,10
./benchmark_tests/original/Biere/pec_xor2/pec_41211.dqdimacs,36,10
./benchmark_tests/original/Biere/pec_xor2/pec_41211.dqdimacs,37,10
./benchmark_tests/original/Biere/pec_xor2/pec_41211.dqdimacs,38,10
./benchmark_tests/original/Biere/pec_xor2/pec_41243.dqdimacs,1,34
./benchmark_tests/original/Biere/pec_xor2/pec_41243.dqdimacs,2,32
./benchmark_tests/original/Biere/pec_xor2/pec_41243.dqdimacs,3,32
./benchmark_tests/original/Biere/pec_xor2/pec_41243.dqdimacs,5,32
./benchmark_tests/original/Biere/pec_xor2/pec_41243.dqdimacs,7,32
./benchmark_tests/original/Biere/pec_xor2/pec_41243.dqdimacs,8,32
./benchmark_tests/original/Biere/pec_xor2/pec_41243.dqdimacs,9,32
./benchmark_tests/original/Biere/pec_xor2/pec_41243.dqdimacs,10,32
./benchmark_tests/original/Biere/pec_xor2/pec_41243.dqdimacs,11,31
./benchmark_tests/original/Biere/pec_xor2/pec_41243.dqdimacs,12,31
./benchmark_tests/original/Biere/pec_xor2/pec_41243.dqdimacs,13,32
./benchmark_tests/original/Biere/pec_xor2/pec_41243.dqdimacs,14,72
./benchmark_tests/original/Biere/pec_xor2/pec_41243.dqdimacs,15,10
./benchmark_tests/original/Biere/pec_xor2/pec_41243.dqdimacs,16,8
./benchmark_tests/original/Biere/pec_xor2/pec_41243.dqdimacs,17,8
./benchmark_tests/original/Biere/pec_xor2/pec_41243.dqdimacs,18,8
./benchmark_tests/original/Biere/pec_xor2/pec_41243.dqdimacs,19,8
./benchmark_tests/original/Biere/pec_xor2/pec_41243.dqdimacs,20,8
./benchmark_tests/original/Biere/pec_xor2/pec_41243.dqdimacs,21,8
./benchmark_tests/original/Biere/pec_xor2/pec_41243.dqdimacs,22,8
./benchmark_tests/original/Biere/pec_xor2/pec_41243.dqdimacs,23,9
./benchmark_tests/original/Biere/pec_xor2/pec_41243.dqdimacs,24,8
./benchmark_tests/original/Biere/pec_xor2/pec_41243.dqdimacs,25,8
./benchmark_tests/original/Biere/pec_xor2/pec_41243.dqdimacs,26,8
./benchmark_tests/original/Biere/pec_xor2/pec_41243.dqdimacs,27,8
./benchmark_tests/original/Biere/pec_xor2/pec_41243.dqdimacs,28,8
./benchmark_tests/original/Biere/pec_xor2/pec_41243.dqdimacs,29,8
./benchmark_tests/original/Biere/pec_xor2/pec_41243.dqdimacs,30,8
./benchmark_tests/original/Biere/pec_xor2/pec_41243.dqdimacs,31,8
./benchmark_tests/original/Biere/pec_xor2/pec_41243.dqdimacs,32,8
./benchmark_tests/original/Biere/pec_xor2/pec_41264.dqdimacs,1,34
./benchmark_tests/original/Biere/pec_xor2/pec_41264.dqdimacs,2,32
./benchmark_tests/original/Biere/pec_xor2/pec_41264.dqdimacs,3,72
./benchmark_tests/original/Biere/pec_xor2/pec_41264.dqdimacs,5,10
./benchmark_tests/original/Biere/pec_xor2/pec_41264.dqdimacs,7,8
./benchmark_tests/original/Biere/pec_xor2/pec_41264.dqdimacs,8,8
./benchmark_tests/original/Biere/pec_xor2/pec_41264.dqdimacs,9,8
./benchmark_tests/original/Biere/pec_xor2/pec_41264.dqdimacs,10,8
./benchmark_tests/original/Biere/pec_xor2/pec_41264.dqdimacs,11,8
./benchmark_tests/original/Biere/pec_xor2/pec_41264.dqdimacs,12,8
./benchmark_tests/original/Biere/pec_xor2/pec_41264.dqdimacs,13,8
./benchmark_tests/original/Biere/pec_xor2/pec_41264.dqdimacs,14,8
./benchmark_tests/original/Biere/pec_xor2/pec_41264.dqdimacs,15,8
./benchmark_tests/original/Biere/pec_xor2/pec_41264.dqdimacs,16,8
./benchmark_tests/original/Biere/pec_xor2/pec_41264.dqdimacs,17,8
./benchmark_tests/original/Biere/pec_xor2/pec_41264.dqdimacs,18,8
./benchmark_tests/original/Biere/pec_xor2/pec_41264.dqdimacs,19,8
./benchmark_tests/original/Biere/pec_xor2/pec_41264.dqdimacs,20,8
./benchmark_tests/original/Biere/pec_xor2/pec_41264.dqdimacs,21,8
./benchmark_tests/original/Biere/pec_xor2/pec_41264.dqdimacs,22,8
./benchmark_tests/original/Biere/pec_xor2/pec_41264.dqdimacs,23,8
./benchmark_tests/original/Biere/pec_xor2/pec_41264.dqdimacs,24,8
./benchmark_tests/original/Biere/pec_xor2/pec_41264.dqdimacs,25,20
./benchmark_tests/original/Biere/pec_xor2/pec_41264.dqdimacs,26,31
./benchmark_tests/original/Biere/pec_xor2/pec_41565.dqdimacs,1,36
./benchmark_tests/original/Biere/pec_xor2/pec_41565.dqdimacs,2,33
./benchmark_tests/original/Biere/pec_xor2/pec_41565.dqdimacs,3,33
./benchmark_tests/original/Biere/pec_xor2/pec_41565.dqdimacs,5,33
./benchmark_tests/original/Biere/pec_xor2/pec_41565.dqdimacs,7,33
./benchmark_tests/original/Biere/pec_xor2/pec_41565.dqdimacs,8,33
./benchmark_tests/original/Biere/pec_xor2/pec_41565.dqdimacs,9,33
./benchmark_tests/original/Biere/pec_xor2/pec_41565.dqdimacs,10,33
./benchmark_tests/original/Biere/pec_xor2/pec_41565.dqdimacs,11,33
./benchmark_tests/original/Biere/pec_xor2/pec_41565.dqdimacs,12,33
./benchmark_tests/original/Biere/pec_xor2/pec_41565.dqdimacs,13,33
./benchmark_tests/original/Biere/pec_xor2/pec_41565.dqdimacs,14,33
./benchmark_tests/original/Biere/pec_xor2/pec_41565.dqdimacs,15,79
./benchmark_tests/original/Biere/pec_xor2/pec_41565.dqdimacs,16,33
./benchmark_tests/original/Biere/pec_xor2/pec_41565.dqdimacs,17,33
./benchmark_tests/original/Biere/pec_xor2/pec_41565.dqdimacs,18,33
./benchmark_tests/original/Biere/pec_xor2/pec_41565.dqdimacs,19,33
./benchmark_tests/original/Biere/pec_xor2/pec_41565.dqdimacs,20,33
./benchmark_tests/original/Biere/pec_xor2/pec_41565.dqdimacs,21,33
./benchmark_tests/original/Biere/pec_xor2/pec_41565.dqdimacs,22,33
./benchmark_tests/original/Biere/pec_xor2/pec_41565.dqdimacs,23,33
./benchmark_tests/original/Biere/pec_xor2/pec_41565.dqdimacs,24,33
./benchmark_tests/original/Biere/pec_xor2/pec_41565.dqdimacs,25,33
./benchmark_tests/original/Biere/pec_xor2/pec_41565.dqdimacs,26,33
./benchmark_tests/original/Biere/pec_xor2/pec_41565.dqdimacs,27,33
./benchmark_tests/original/Biere/pec_xor2/pec_41565.dqdimacs,28,33
./benchmark_tests/original/Biere/pec_xor2/pec_41565.dqdimacs,29,33
./benchmark_tests/original/Biere/pec_xor2/pec_41565.dqdimacs,30,33
./benchmark_tests/original/Biere/pec_xor2/pec_41565.dqdimacs,31,33
./benchmark_tests/original/Biere/pec_xor2/pec_41565.dqdimacs,32,33
./benchmark_tests/original/Biere/pec_xor2/pec_41565.dqdimacs,33,33
./benchmark_tests/original/Biere/pec_xor2/pec_41565.dqdimacs,34,33
./benchmark_tests/original/Biere/pec_xor2/pec_41565.dqdimacs,35,33
./benchmark_tests/original/Biere/pec_xor2/pec_41565.dqdimacs,36,33
./benchmark_tests/original/Biere/pec_xor2/pec_41565.dqdimacs,37,33
./benchmark_tests/original/Biere/pec_xor2/pec_42673.dqdimacs,1,39
./benchmark_tests/original/Biere/pec_xor2/pec_42673.dqdimacs,2,35
./benchmark_tests/original/Biere/pec_xor2/pec_42673.dqdimacs,3,36
./benchmark_tests/original/Biere/pec_xor2/pec_42673.dqdimacs,5,77
./benchmark_tests/original/Biere/pec_xor2/pec_42673.dqdimacs,7,13
./benchmark_tests/original/Biere/pec_xor2/pec_42673.dqdimacs,8,11
./benchmark_tests/original/Biere/pec_xor2/pec_42673.dqdimacs,9,11
./benchmark_tests/original/Biere/pec_xor2/pec_42673.dqdimacs,10,11
./benchmark_tests/original/Biere/pec_xor2/pec_42673.dqdimacs,11,11
./benchmark_tests/original/Biere/pec_xor2/pec_42673.dqdimacs,12,10
./benchmark_tests/original/Biere/pec_xor2/pec_42673.dqdimacs,13,11
./benchmark_tests/original/Biere/pec_xor2/pec_42673.dqdimacs,14,10
./benchmark_tests/original/Biere/pec_xor2/pec_42673.dqdimacs,15,10
./benchmark_tests/original/Biere/pec_xor2/pec_42673.dqdimacs,16,10
./benchmark_tests/original/Biere/pec_xor2/pec_42673.dqdimacs,17,10
./benchmark_tests/original/Biere/pec_xor2/pec_42673.dqdimacs,18,23
./benchmark_tests/original/Biere/pec_xor2/pec_42673.dqdimacs,19,34
./benchmark_tests/original/Biere/pec_xor2/pec_42673.dqdimacs,20,34
./benchmark_tests/original/Biere/pec_xor2/pec_42673.dqdimacs,21,34
./benchmark_tests/original/Biere/pec_xor2/pec_42673.dqdimacs,22,34
./benchmark_tests/original/Biere/pec_xor2/pec_42673.dqdimacs,23,34
./benchmark_tests/original/Biere/pec_xor2/pec_42673.dqdimacs,24,34
./benchmark_tests/original/Biere/pec_xor2/pec_42673.dqdimacs,25,34
./benchmark_tests/original/Biere/pec_xor2/pec_42673.dqdimacs,26,34
./benchmark_tests/original/Biere/pec_xor2/pec_42673.dqdimacs,27,34
./benchmark_tests/original/Biere/pec_xor2/pec_42673.dqdimacs,28,34
./benchmark_tests/original/Biere/pec_xor2/pec_42673.dqdimacs,29,34
./benchmark_tests/original/Biere/pec_xor2/pec_42673.dqdimacs,30,34
./benchmark_tests/original/Biere/pec_xor2/pec_42673.dqdimacs,31,34
./benchmark_tests/original/Biere/pec_xor2/pec_42673.dqdimacs,32,34
./benchmark_tests/original/Biere/pec_xor2/pec_42673.dqdimacs,33,34
./benchmark_tests/original/Biere/pec_xor2/pec_42673.dqdimacs,34,34
./benchmark_tests/original/Biere/pec_xor2/pec_42673.dqdimacs,35,34
./benchmark_tests/original/Biere/pec_xor2/pec_43267.dqdimacs,1,35
./benchmark_tests/original/Biere/pec_xor2/pec_43267.dqdimacs,2,33
./benchmark_tests/original/Biere/pec_xor2/pec_43267.dqdimacs,3,77
./benchmark_tests/original/Biere/pec_xor2/pec_43267.dqdimacs,5,33
./benchmark_tests/original/Biere/pec_xor2/pec_43267.dqdimacs,7,32
./benchmark_tests/original/Biere/pec_xor2/pec_43267.dqdimacs,8,32
./benchmark_tests/original/Biere/pec_xor2/pec_43267.dqdimacs,9,32
./benchmark_tests/original/Biere/pec_xor2/pec_43267.dqdimacs,10,32
./benchmark_tests/original/Biere/pec_xor2/pec_43267.dqdimacs,11,32
./benchmark_tests/original/Biere/pec_xor2/pec_43267.dqdimacs,12,33
./benchmark_tests/original/Biere/pec_xor2/pec_43267.dqdimacs,13,32
./benchmark_tests/original/Biere/pec_xor2/pec_43267.dqdimacs,14,32
./benchmark_tests/original/Biere/pec_xor2/pec_43267.dqdimacs,15,32
./benchmark_tests/original/Biere/pec_xor2/pec_43267.dqdimacs,16,32
./benchmark_tests/original/Biere/pec_xor2/pec_43267.dqdimacs,17,32
./benchmark_tests/original/Biere/pec_xor2/pec_43267.dqdimacs,18,33
./benchmark_tests/original/Biere/pec_xor2/pec_43267.dqdimacs,19,32
./benchmark_tests/original/Biere/pec_xor2/pec_43267.dqdimacs,20,33
./benchmark_tests/original/Biere/pec_xor2/pec_43267.dqdimacs,21,33
./benchmark_tests/original/Biere/pec_xor2/pec_43267.dqdimacs,22,32
./benchmark_tests/original/Biere/pec_xor2/pec_43267.dqdimacs,23,32
./benchmark_tests/original/Biere/pec_xor2/pec_43267.dqdimacs,24,33
./benchmark_tests/original/Biere/pec_xor2/pec_43267.dqdimacs,25,32
./benchmark_tests/original/Biere/pec_xor2/pec_43267.dqdimacs,26,32
./benchmark_tests/original/Biere/pec_xor2/pec_43267.dqdimacs,27,32
./benchmark_tests/original/Biere/pec_xor2/pec_43267.dqdimacs,28,32
./benchmark_tests/original/Biere/pec_xor2/pec_43267.dqdimacs,29,32
./benchmark_tests/original/Biere/pec_xor2/pec_43670.dqdimacs,1,39
./benchmark_tests/original/Biere/pec_xor2/pec_43670.dqdimacs,2,35
./benchmark_tests/original/Biere/pec_xor2/pec_43670.dqdimacs,3,35
./benchmark_tests/original/Biere/pec_xor2/pec_43670.dqdimacs,5,77
./benchmark_tests/original/Biere/pec_xor2/pec_43670.dqdimacs,7,12
./benchmark_tests/original/Biere/pec_xor2/pec_43670.dqdimacs,8,10
./benchmark_tests/original/Biere/pec_xor2/pec_43670.dqdimacs,9,10
./benchmark_tests/original/Biere/pec_xor2/pec_43670.dqdimacs,10,10
./benchmark_tests/original/Biere/pec_xor2/pec_43670.dqdimacs,11,10
./benchmark_tests/original/Biere/pec_xor2/pec_43670.dqdimacs,12,11
./benchmark_tests/original/Biere/pec_xor2/pec_43670.dqdimacs,13,10
./benchmark_tests/original/Biere/pec_xor2/pec_43670.dqdimacs,14,10
./benchmark_tests/original/Biere/pec_xor2/pec_43670.dqdimacs,15,10
./benchmark_tests/original/Biere/pec_xor2/pec_43670.dqdimacs,16,10
./benchmark_tests/original/Biere/pec_xor2/pec_43670.dqdimacs,17,10
./benchmark_tests/original/Biere/pec_xor2/pec_43670.dqdimacs,18,10
./benchmark_tests/original/Biere/pec_xor2/pec_43670.dqdimacs,19,10
./benchmark_tests/original/Biere/pec_xor2/pec_43670.dqdimacs,20,10
./benchmark_tests/original/Biere/pec_xor2/pec_43670.dqdimacs,21,10
./benchmark_tests/original/Biere/pec_xor2/pec_43670.dqdimacs,22,10
./benchmark_tests/original/Biere/pec_xor2/pec_43670.dqdimacs,23,10
./benchmark_tests/original/Biere/pec_xor2/pec_43670.dqdimacs,24,10
./benchmark_tests/original/Biere/pec_xor2/pec_43670.dqdimacs,25,10
./benchmark_tests/original/Biere/pec_xor2/pec_43670.dqdimacs,26,23
./benchmark_tests/original/Biere/pec_xor2/pec_43670.dqdimacs,27,34
./benchmark_tests/original/Biere/pec_xor2/pec_43670.dqdimacs,28,34
./benchmark_tests/original/Biere/pec_xor2/pec_43670.dqdimacs,29,33
./benchmark_tests/original/Biere/pec_xor2/pec_43670.dqdimacs,30,34
./benchmark_tests/original/Biere/pec_xor2/pec_43670.dqdimacs,31,34
./benchmark_tests/original/Biere/pec_xor2/pec_43670.dqdimacs,32,33
./benchmark_tests/original/Biere/pec_xor2/pec_43670.dqdimacs,33,34
./benchmark_tests/original/Biere/pec_xor2/pec_43670.dqdimacs,34,34
./benchmark_tests/original/Biere/pec_xor2/pec_43670.dqdimacs,35,33
./benchmark_tests/original/Biere/pec_xor2/pec_44427.dqdimacs,1,36
./benchmark_tests/original/Biere/pec_xor2/pec_44427.dqdimacs,2,33
./benchmark_tests/original/Biere/pec_xor2/pec_44427.dqdimacs,3,73
./benchmark_tests/original/Biere/pec_xor2/pec_44427.dqdimacs,5,12
./benchmark_tests/original/Biere/pec_xor2/pec_44427.dqdimacs,7,10
./benchmark_tests/original/Biere/pec_xor2/pec_44427.dqdimacs,8,10
./benchmark_tests/original/Biere/pec_xor2/pec_44427.dqdimacs,9,10
./benchmark_tests/original/Biere/pec_xor2/pec_44427.dqdimacs,10,20
./benchmark_tests/original/Biere/pec_xor2/pec_44427.dqdimacs,11,10
./benchmark_tests/original/Biere/pec_xor2/pec_44427.dqdimacs,12,10
./benchmark_tests/original/Biere/pec_xor2/pec_44427.dqdimacs,13,10
./benchmark_tests/original/Biere/pec_xor2/pec_44427.dqdimacs,14,10
./benchmark_tests/original/Biere/pec_xor2/pec_44427.dqdimacs,15,10
./benchmark_tests/original/Biere/pec_xor2/pec_44427.dqdimacs,16,10
./benchmark_tests/original/Biere/pec_xor2/pec_44427.dqdimacs,17,10
./benchmark_tests/original/Biere/pec_xor2/pec_44427.dqdimacs,18,10
./benchmark_tests/original/Biere/pec_xor2/pec_44427.dqdimacs,19,10
./benchmark_tests/original/Biere/pec_xor2/pec_44427.dqdimacs,20,10
./benchmark_tests/original/Biere/pec_xor2/pec_44427.dqdimacs,21,10
./benchmark_tests/original/Biere/pec_xor2/pec_44427.dqdimacs,22,10
./benchmark_tests/original/Biere/pec_xor2/pec_44427.dqdimacs,23,10
./benchmark_tests/original/Biere/pec_xor2/pec_44427.dqdimacs,24,10
./benchmark_tests/original/Biere/pec_xor2/pec_44427.dqdimacs,25,10
./benchmark_tests/original/Biere/pec_xor2/pec_44427.dqdimacs,26,10
./benchmark_tests/original/Biere/pec_xor2/pec_44427.dqdimacs,27,10
./benchmark_tests/original/Biere/pec_xor2/pec_44427.dqdimacs,28,10
./benchmark_tests/original/Biere/pec_xor2/pec_44427.dqdimacs,29,10
./benchmark_tests/original/Biere/pec_xor2/pec_44427.dqdimacs,30,10
./benchmark_tests/original/Biere/pec_xor2/pec_44427.dqdimacs,31,10
./benchmark_tests/original/Biere/pec_xor2/pec_44427.dqdimacs,32,10
./benchmark_tests/original/Biere/pec_xor2/pec_44427.dqdimacs,33,10
./benchmark_tests/original/Biere/pec_xor2/pec_44427.dqdimacs,34,10
./benchmark_tests/original/Biere/pec_xor2/pec_44427.dqdimacs,35,10
./benchmark_tests/original/Biere/pec_xor2/pec_44427.dqdimacs,36,10
./benchmark_tests/original/Biere/pec_xor2/pec_44427.dqdimacs,37,10
./benchmark_tests/original/Biere/pec_xor2/pec_453.dqdimacs,1,35
./benchmark_tests/original/Biere/pec_xor2/pec_453.dqdimacs,2,33
./benchmark_tests/original/Biere/pec_xor2/pec_453.dqdimacs,3,32
./benchmark_tests/original/Biere/pec_xor2/pec_453.dqdimacs,4,32
./benchmark_tests/original/Biere/pec_xor2/pec_453.dqdimacs,5,77
./benchmark_tests/original/Biere/pec_xor2/pec_453.dqdimacs,7,32
./benchmark_tests/original/Biere/pec_xor2/pec_453.dqdimacs,8,32
./benchmark_tests/original/Biere/pec_xor2/pec_453.dqdimacs,10,32
./benchmark_tests/original/Biere/pec_xor2/pec_453.dqdimacs,11,32
./benchmark_tests/original/Biere/pec_xor2/pec_453.dqdimacs,12,32
./benchmark_tests/original/Biere/pec_xor2/pec_453.dqdimacs,13,32
./benchmark_tests/original/Biere/pec_xor2/pec_453.dqdimacs,14,32
./benchmark_tests/original/Biere/pec_xor2/pec_453.dqdimacs,15,32
./benchmark_tests/original/Biere/pec_xor2/pec_453.dqdimacs,16,32
./benchmark_tests/original/Biere/pec_xor2/pec_453.dqdimacs,17,32
./benchmark_tests/original/Biere/pec_xor2/pec_453.dqdimacs,18,32
./benchmark_tests/original/Biere/pec_xor2/pec_453.dqdimacs,19,32
./benchmark_tests/original/Biere/pec_xor2/pec_453.dqdimacs,20,32
./benchmark_tests/original/Biere/pec_xor2/pec_453.dqdimacs,21,32
./benchmark_tests/original/Biere/pec_xor2/pec_453.dqdimacs,22,33
./benchmark_tests/original/Biere/pec_xor2/pec_453.dqdimacs,23,32
./benchmark_tests/original/Biere/pec_xor2/pec_453.dqdimacs,24,33
./benchmark_tests/original/Biere/pec_xor2/pec_453.dqdimacs,25,32
./benchmark_tests/original/Biere/pec_xor2/pec_453.dqdimacs,26,32
./benchmark_tests/original/Biere/pec_xor2/pec_4563.dqdimacs,1,35
./benchmark_tests/original/Biere/pec_xor2/pec_4563.dqdimacs,2,33
./benchmark_tests/original/Biere/pec_xor2/pec_4563.dqdimacs,3,33
./benchmark_tests/original/Biere/pec_xor2/pec_4563.dqdimacs,4,33
./benchmark_tests/original/Biere/pec_xor2/pec_4563.dqdimacs,5,74
./benchmark_tests/original/Biere/pec_xor2/pec_4563.dqdimacs,7,11
./benchmark_tests/original/Biere/pec_xor2/pec_4563.dqdimacs,9,9
./benchmark_tests/original/Biere/pec_xor2/pec_4563.dqdimacs,10,9
./benchmark_tests/original/Biere/pec_xor2/pec_4563.dqdimacs,11,9
./benchmark_tests/original/Biere/pec_xor2/pec_4563.dqdimacs,12,9
./benchmark_tests/original/Biere/pec_xor2/pec_4563.dqdimacs,13,9
./benchmark_tests/original/Biere/pec_xor2/pec_4563.dqdimacs,14,10
./benchmark_tests/original/Biere/pec_xor2/pec_4563.dqdimacs,15,9
./benchmark_tests/original/Biere/pec_xor2/pec_4563.dqdimacs,16,9
./benchmark_tests/original/Biere/pec_xor2/pec_4563.dqdimacs,17,9
./benchmark_tests/original/Biere/pec_xor2/pec_4563.dqdimacs,18,9
./benchmark_tests/original/Biere/pec_xor2/pec_4563.dqdimacs,19,9
./benchmark_tests/original/Biere/pec_xor2/pec_4563.dqdimacs,20,9
./benchmark_tests/original/Biere/pec_xor2/pec_4563.dqdimacs,21,9
./benchmark_tests/original/Biere/pec_xor2/pec_4563.dqdimacs,22,9
./benchmark_tests/original/Biere/pec_xor2/pec_4563.dqdimacs,23,9
./benchmark_tests/original/Biere/pec_xor2/pec_4563.dqdimacs,24,9
./benchmark_tests/original/Biere/pec_xor2/pec_4563.dqdimacs,25,9
./benchmark_tests/original/Biere/pec_xor2/pec_4563.dqdimacs,26,9
./benchmark_tests/original/Biere/pec_xor2/pec_4563.dqdimacs,27,9
./benchmark_tests/original/Biere/pec_xor2/pec_4563.dqdimacs,28,9
./benchmark_tests/original/Biere/pec_xor2/pec_4563.dqdimacs,29,21
./benchmark_tests/original/Biere/pec_xor2/pec_4563.dqdimacs,30,32
./benchmark_tests/original/Biere/pec_xor2/pec_4563.dqdimacs,31,32
./benchmark_tests/original/Biere/pec_xor2/pec_4563.dqdimacs,32,32
./benchmark_tests/original/Biere/pec_xor2/pec_45832.dqdimacs,1,36
./benchmark_tests/original/Biere/pec_xor2/pec_45832.dqdimacs,2,33
./benchmark_tests/original/Biere/pec_xor2/pec_45832.dqdimacs,3,79
./benchmark_tests/original/Biere/pec_xor2/pec_45832.dqdimacs,5,33
./benchmark_tests/original/Biere/pec_xor2/pec_45832.dqdimacs,7,33
./benchmark_tests/original/Biere/pec_xor2/pec_45832.dqdimacs,8,32
./benchmark_tests/original/Biere/pec_xor2/pec_45832.dqdimacs,9,32
./benchmark_tests/original/Biere/pec_xor2/pec_45832.dqdimacs,10,33
./benchmark_tests/original/Biere/pec_xor2/pec_45832.dqdimacs,11,32
./benchmark_tests/original/Biere/pec_xor2/pec_45832.dqdimacs,12,32
./benchmark_tests/original/Biere/pec_xor2/pec_45832.dqdimacs,13,32
./benchmark_tests/original/Biere/pec_xor2/pec_45832.dqdimacs,14,33
./benchmark_tests/original/Biere/pec_xor2/pec_45832.dqdimacs,15,33
./benchmark_tests/original/Biere/pec_xor2/pec_45832.dqdimacs,16,33
./benchmark_tests/original/Biere/pec_xor2/pec_45832.dqdimacs,17,33
./benchmark_tests/original/Biere/pec_xor2/pec_45832.dqdimacs,18,32
./benchmark_tests/original/Biere/pec_xor2/pec_45832.dqdimacs,19,33
./benchmark_tests/original/Biere/pec_xor2/pec_45832.dqdimacs,20,33
./benchmark_tests/original/Biere/pec_xor2/pec_45832.dqdimacs,21,33
./benchmark_tests/original/Biere/pec_xor2/pec_45832.dqdimacs,22,32
./benchmark_tests/original/Biere/pec_xor2/pec_45832.dqdimacs,23,32
./benchmark_tests/original/Biere/pec_xor2/pec_45832.dqdimacs,24,33
./benchmark_tests/original/Biere/pec_xor2/pec_45832.dqdimacs,25,32
./benchmark_tests/original/Biere/pec_xor2/pec_45832.dqdimacs,26,32
./benchmark_tests/original/Biere/pec_xor2/pec_45832.dqdimacs,27,32
./benchmark_tests/original/Biere/pec_xor2/pec_45832.dqdimacs,28,32
./benchmark_tests/original/Biere/pec_xor2/pec_45832.dqdimacs,29,32
./benchmark_tests/original/Biere/pec_xor2/pec_45832.dqdimacs,30,32
./benchmark_tests/original/Biere/pec_xor2/pec_46285.dqdimacs,1,37
./benchmark_tests/original/Biere/pec_xor2/pec_46285.dqdimacs,2,34
./benchmark_tests/original/Biere/pec_xor2/pec_46285.dqdimacs,3,75
./benchmark_tests/original/Biere/pec_xor2/pec_46285.dqdimacs,5,11
./benchmark_tests/original/Biere/pec_xor2/pec_46285.dqdimacs,7,10
./benchmark_tests/original/Biere/pec_xor2/pec_46285.dqdimacs,8,10
./benchmark_tests/original/Biere/pec_xor2/pec_46285.dqdimacs,9,10
./benchmark_tests/original/Biere/pec_xor2/pec_46285.dqdimacs,10,10
./benchmark_tests/original/Biere/pec_xor2/pec_46285.dqdimacs,11,20
./benchmark_tests/original/Biere/pec_xor2/pec_46285.dqdimacs,12,10
./benchmark_tests/original/Biere/pec_xor2/pec_46285.dqdimacs,13,10
./benchmark_tests/original/Biere/pec_xor2/pec_46285.dqdimacs,14,10
./benchmark_tests/original/Biere/pec_xor2/pec_46285.dqdimacs,15,10
./benchmark_tests/original/Biere/pec_xor2/pec_46285.dqdimacs,16,9
./benchmark_tests/original/Biere/pec_xor2/pec_46285.dqdimacs,17,10
./benchmark_tests/original/Biere/pec_xor2/pec_46285.dqdimacs,18,10
./benchmark_tests/original/Biere/pec_xor2/pec_46285.dqdimacs,19,10
./benchmark_tests/original/Biere/pec_xor2/pec_46285.dqdimacs,20,10
./benchmark_tests/original/Biere/pec_xor2/pec_46285.dqdimacs,21,10
./benchmark_tests/original/Biere/pec_xor2/pec_46285.dqdimacs,22,10
./benchmark_tests/original/Biere/pec_xor2/pec_46285.dqdimacs,23,10
./benchmark_tests/original/Biere/pec_xor2/pec_46285.dqdimacs,24,10
./benchmark_tests/original/Biere/pec_xor2/pec_46285.dqdimacs,25,10
./benchmark_tests/original/Biere/pec_xor2/pec_46285.dqdimacs,26,10
./benchmark_tests/original/Biere/pec_xor2/pec_46285.dqdimacs,27,10
./benchmark_tests/original/Biere/pec_xor2/pec_46285.dqdimacs,28,10
./benchmark_tests/original/Biere/pec_xor2/pec_46285.dqdimacs,29,10
./benchmark_tests/original/Biere/pec_xor2/pec_46285.dqdimacs,30,10
./benchmark_tests/original/Biere/pec_xor2/pec_46285.dqdimacs,31,10
./benchmark_tests/original/Biere/pec_xor2/pec_46285.dqdimacs,32,10
./benchmark_tests/original/Biere/pec_xor2/pec_46285.dqdimacs,33,10
./benchmark_tests/original/Biere/pec_xor2/pec_46285.dqdimacs,34,10
./benchmark_tests/original/Biere/pec_xor2/pec_46285.dqdimacs,35,9
./benchmark_tests/original/Biere/pec_xor2/pec_46285.dqdimacs,36,10
./benchmark_tests/original/Biere/pec_xor2/pec_46285.dqdimacs,37,10
./benchmark_tests/original/Biere/pec_xor2/pec_46285.dqdimacs,38,10
./benchmark_tests/original/Biere/pec_xor2/pec_4666.dqdimacs,1,36
./benchmark_tests/original/Biere/pec_xor2/pec_4666.dqdimacs,2,33
./benchmark_tests/original/Biere/pec_xor2/pec_4666.dqdimacs,3,32
./benchmark_tests/original/Biere/pec_xor2/pec_4666.dqdimacs,4,32
./benchmark_tests/original/Biere/pec_xor2/pec_4666.dqdimacs,5,32
./benchmark_tests/original/Biere/pec_xor2/pec_4666.dqdimacs,7,74
./benchmark_tests/original/Biere/pec_xor2/pec_4666.dqdimacs,9,10
./benchmark_tests/original/Biere/pec_xor2/pec_4666.dqdimacs,10,8
./benchmark_tests/original/Biere/pec_xor2/pec_4666.dqdimacs,11,8
./benchmark_tests/original/Biere/pec_xor2/pec_4666.dqdimacs,12,8
./benchmark_tests/original/Biere/pec_xor2/pec_4666.dqdimacs,13,8
./benchmark_tests/original/Biere/pec_xor2/pec_4666.dqdimacs,14,8
./benchmark_tests/original/Biere/pec_xor2/pec_4666.dqdimacs,15,8
./benchmark_tests/original/Biere/pec_xor2/pec_4666.dqdimacs,16,8
./benchmark_tests/original/Biere/pec_xor2/pec_4666.dqdimacs,17,9
./benchmark_tests/original/Biere/pec_xor2/pec_4666.dqdimacs,18,8
./benchmark_tests/original/Biere/pec_xor2/pec_4666.dqdimacs,19,8
./benchmark_tests/original/Biere/pec_xor2/pec_4666.dqdimacs,20,8
./benchmark_tests/original/Biere/pec_xor2/pec_4666.dqdimacs,21,8
./benchmark_tests/original/Biere/pec_xor2/pec_4666.dqdimacs,22,8
./benchmark_tests/original/Biere/pec_xor2/pec_4666.dqdimacs,23,8
./benchmark_tests/original/Biere/pec_xor2/pec_4666.dqdimacs,24,8
./benchmark_tests/original/Biere/pec_xor2/pec_4666.dqdimacs,25,8
./benchmark_tests/original/Biere/pec_xor2/pec_4666.dqdimacs,26,8
./benchmark_tests/original/Biere/pec_xor2/pec_4666.dqdimacs,27,8
./benchmark_tests/original/Biere/pec_xor2/pec_4666.dqdimacs,28,8
./benchmark_tests/original/Biere/pec_xor2/pec_46929.dqdimacs,1,37
./benchmark_tests/original/Biere/pec_xor2/pec_46929.dqdimacs,2,35
./benchmark_tests/original/Biere/pec_xor2/pec_46929.dqdimacs,3,74
./benchmark_tests/original/Biere/pec_xor2/pec_46929.dqdimacs,5,12
./benchmark_tests/original/Biere/pec_xor2/pec_46929.dqdimacs,7,11
./benchmark_tests/original/Biere/pec_xor2/pec_46929.dqdimacs,8,11
./benchmark_tests/original/Biere/pec_xor2/pec_46929.dqdimacs,9,11
./benchmark_tests/original/Biere/pec_xor2/pec_46929.dqdimacs,10,11
./benchmark_tests/original/Biere/pec_xor2/pec_46929.dqdimacs,11,11
./benchmark_tests/original/Biere/pec_xor2/pec_46929.dqdimacs,12,21
./benchmark_tests/original/Biere/pec_xor2/pec_46929.dqdimacs,13,11
./benchmark_tests/original/Biere/pec_xor2/pec_46929.dqdimacs,14,11
./benchmark_tests/original/Biere/pec_xor2/pec_46929.dqdimacs,15,11
./benchmark_tests/original/Biere/pec_xor2/pec_46929.dqdimacs,16,11
./benchmark_tests/original/Biere/pec_xor2/pec_46929.dqdimacs,17,10
./benchmark_tests/original/Biere/pec_xor2/pec_46929.dqdimacs,18,11
./benchmark_tests/original/Biere/pec_xor2/pec_46929.dqdimacs,19,11
./benchmark_tests/original/Biere/pec_xor2/pec_46929.dqdimacs,20,11
./benchmark_tests/original/Biere/pec_xor2/pec_46929.dqdimacs,21,11
./benchmark_tests/original/Biere/pec_xor2/pec_46929.dqdimacs,22,11
./benchmark_tests/original/Biere/pec_xor2/pec_46929.dqdimacs,23,11
./benchmark_tests/original/Biere/pec_xor2/pec_46929.dqdimacs,24,11
./benchmark_tests/original/Biere/pec_xor2/pec_46929.dqdimacs,25,11
./benchmark_tests/original/Biere/pec_xor2/pec_46929.dqdimacs,26,11
./benchmark_tests/original/Biere/pec_xor2/pec_46929.dqdimacs,27,11
./benchmark_tests/original/Biere/pec_xor2/pec_46929.dqdimacs,28,11
./benchmark_tests/original/Biere/pec_xor2/pec_46929.dqdimacs,29,11
./benchmark_tests/original/Biere/pec_xor2/pec_46929.dqdimacs,30,11
./benchmark_tests/original/Biere/pec_xor2/pec_46929.dqdimacs,31,11
./benchmark_tests/original/Biere/pec_xor2/pec_46929.dqdimacs,32,11
./benchmark_tests/original/Biere/pec_xor2/pec_46929.dqdimacs,33,11
./benchmark_tests/original/Biere/pec_xor2/pec_46929.dqdimacs,34,11
./benchmark_tests/original/Biere/pec_xor2/pec_46929.dqdimacs,35,10
./benchmark_tests/original/Biere/pec_xor2/pec_46929.dqdimacs,36,11
./benchmark_tests/original/Biere/pec_xor2/pec_46929.dqdimacs,37,11
./benchmark_tests/original/Biere/pec_xor2/pec_46929.dqdimacs,38,11
./benchmark_tests/original/Biere/pec_xor2/pec_47536.dqdimacs,1,36
./benchmark_tests/original/Biere/pec_xor2/pec_47536.dqdimacs,2,33
./benchmark_tests/original/Biere/pec_xor2/pec_47536.dqdimacs,3,33
./benchmark_tests/original/Biere/pec_xor2/pec_47536.dqdimacs,5,73
./benchmark_tests/original/Biere/pec_xor2/pec_47536.dqdimacs,7,11
./benchmark_tests/original/Biere/pec_xor2/pec_47536.dqdimacs,8,10
./benchmark_tests/original/Biere/pec_xor2/pec_47536.dqdimacs,9,10
./benchmark_tests/original/Biere/pec_xor2/pec_47536.dqdimacs,10,10
./benchmark_tests/original/Biere/pec_xor2/pec_47536.dqdimacs,11,10
./benchmark_tests/original/Biere/pec_xor2/pec_47536.dqdimacs,12,10
./benchmark_tests/original/Biere/pec_xor2/pec_47536.dqdimacs,13,10
./benchmark_tests/original/Biere/pec_xor2/pec_47536.dqdimacs,14,10
./benchmark_tests/original/Biere/pec_xor2/pec_47536.dqdimacs,15,10
./benchmark_tests/original/Biere/pec_xor2/pec_47536.dqdimacs,16,9
./benchmark_tests/original/Biere/pec_xor2/pec_47536.dqdimacs,17,10
./benchmark_tests/original/Biere/pec_xor2/pec_47536.dqdimacs,18,10
./benchmark_tests/original/Biere/pec_xor2/pec_47536.dqdimacs,19,10
./benchmark_tests/original/Biere/pec_xor2/pec_47536.dqdimacs,20,10
./benchmark_tests/original/Biere/pec_xor2/pec_47536.dqdimacs,21,10
./benchmark_tests/original/Biere/pec_xor2/pec_47536.dqdimacs,22,10
./benchmark_tests/original/Biere/pec_xor2/pec_47536.dqdimacs,23,10
./benchmark_tests/original/Biere/pec_xor2/pec_47536.dqdimacs,24,10
./benchmark_tests/original/Biere/pec_xor2/pec_47536.dqdimacs,25,10
./benchmark_tests/original/Biere/pec_xor2/pec_47536.dqdimacs,26,22
./benchmark_tests/original/Biere/pec_xor2/pec_47536.dqdimacs,27,33
./benchmark_tests/original/Biere/pec_xor2/pec_47536.dqdimacs,28,33
./benchmark_tests/original/Biere/pec_xor2/pec_47536.dqdimacs,29,33
./benchmark_tests/original/Biere/pec_xor2/pec_47536.dqdimacs,30,33
./benchmark_tests/original/Biere/pec_xor2/pec_47536.dqdimacs,31,33
./benchmark_tests/original/Biere/pec_xor2/pec_47536.dqdimacs,32,33
./benchmark_tests/original/Biere/pec_xor2/pec_47536.dqdimacs,33,32
./benchmark_tests/original/Biere/pec_xor2/pec_48550.dqdimacs,1,38
./benchmark_tests/original/Biere/pec_xor2/pec_48550.dqdimacs,2,35
./benchmark_tests/original/Biere/pec_xor2/pec_48550.dqdimacs,3,35
./benchmark_tests/original/Biere/pec_xor2/pec_48550.dqdimacs,5,80
./benchmark_tests/original/Biere/pec_xor2/pec_48550.dqdimacs,7,35
./benchmark_tests/original/Biere/pec_xor2/pec_48550.dqdimacs,8,35
./benchmark_tests/original/Biere/pec_xor2/pec_48550.dqdimacs,9,35
./benchmark_tests/original/Biere/pec_xor2/pec_48550.dqdimacs,10,35
./benchmark_tests/original/Biere/pec_xor2/pec_48550.dqdimacs,11,35
./benchmark_tests/original/Biere/pec_xor2/pec_48550.dqdimacs,12,35
./benchmark_tests/original/Biere/pec_xor2/pec_48550.dqdimacs,13,35
./benchmark_tests/original/Biere/pec_xor2/pec_48550.dqdimacs,14,35
./benchmark_tests/original/Biere/pec_xor2/pec_48550.dqdimacs,15,35
./benchmark_tests/original/Biere/pec_xor2/pec_48550.dqdimacs,16,35
./benchmark_tests/original/Biere/pec_xor2/pec_48550.dqdimacs,17,35
./benchmark_tests/original/Biere/pec_xor2/pec_48550.dqdimacs,18,35
./benchmark_tests/original/Biere/pec_xor2/pec_48550.dqdimacs,19,35
./benchmark_tests/original/Biere/pec_xor2/pec_48550.dqdimacs,20,35
./benchmark_tests/original/Biere/pec_xor2/pec_48550.dqdimacs,21,35
./benchmark_tests/original/Biere/pec_xor2/pec_48550.dqdimacs,22,35
./benchmark_tests/original/Biere/pec_xor2/pec_48550.dqdimacs,23,35
./benchmark_tests/original/Biere/pec_xor2/pec_48550.dqdimacs,24,35
./benchmark_tests/original/Biere/pec_xor2/pec_48550.dqdimacs,25,35
./benchmark_tests/original/Biere/pec_xor2/pec_48550.dqdimacs,26,34
./benchmark_tests/original/Biere/pec_xor2/pec_48550.dqdimacs,27,35
./benchmark_tests/original/Biere/pec_xor2/pec_48550.dqdimacs,28,35
./benchmark_tests/original/Biere/pec_xor2/pec_48550.dqdimacs,29,35
./benchmark_tests/original/Biere/pec_xor2/pec_48550.dqdimacs,30,35
./benchmark_tests/original/Biere/pec_xor2/pec_48550.dqdimacs,31,35
./benchmark_tests/original/Biere/pec_xor2/pec_48550.dqdimacs,32,35
./benchmark_tests/original/Biere/pec_xor2/pec_48550.dqdimacs,33,35
./benchmark_tests/original/Biere/pec_xor2/pec_48550.dqdimacs,34,35
./benchmark_tests/original/Biere/pec_xor2/pec_48550.dqdimacs,35,35
./benchmark_tests/original/Biere/pec_xor2/pec_48550.dqdimacs,36,35
./benchmark_tests/original/Biere/pec_xor2/pec_48550.dqdimacs,37,35
./benchmark_tests/original/Biere/pec_xor2/pec_48550.dqdimacs,38,35
./benchmark_tests/original/Biere/pec_xor2/pec_48550.dqdimacs,39,35
./benchmark_tests/original/Biere/pec_xor2/pec_48550.dqdimacs,40,34
./benchmark_tests/original/Biere/pec_xor2/pec_49339.dqdimacs,1,36
./benchmark_tests/original/Biere/pec_xor2/pec_49339.dqdimacs,2,33
./benchmark_tests/original/Biere/pec_xor2/pec_49339.dqdimacs,3,73
./benchmark_tests/original/Biere/pec_xor2/pec_49339.dqdimacs,5,12
./benchmark_tests/original/Biere/pec_xor2/pec_49339.dqdimacs,7,9
./benchmark_tests/original/Biere/pec_xor2/pec_49339.dqdimacs,8,9
./benchmark_tests/original/Biere/pec_xor2/pec_49339.dqdimacs,9,9
./benchmark_tests/original/Biere/pec_xor2/pec_49339.dqdimacs,10,9
./benchmark_tests/original/Biere/pec_xor2/pec_49339.dqdimacs,11,9
./benchmark_tests/original/Biere/pec_xor2/pec_49339.dqdimacs,12,9
./benchmark_tests/original/Biere/pec_xor2/pec_49339.dqdimacs,13,10
./benchmark_tests/original/Biere/pec_xor2/pec_49339.dqdimacs,14,9
./benchmark_tests/original/Biere/pec_xor2/pec_49339.dqdimacs,15,9
./benchmark_tests/original/Biere/pec_xor2/pec_49339.dqdimacs,16,9
./benchmark_tests/original/Biere/pec_xor2/pec_49339.dqdimacs,17,9
./benchmark_tests/original/Biere/pec_xor2/pec_49339.dqdimacs,18,9
./benchmark_tests/original/Biere/pec_xor2/pec_49339.dqdimacs,19,9
./benchmark_tests/original/Biere/pec_xor2/pec_49339.dqdimacs,20,9
./benchmark_tests/original/Biere/pec_xor2/pec_49339.dqdimacs,21,9
./benchmark_tests/original/Biere/pec_xor2/pec_49339.dqdimacs,22,9
./benchmark_tests/original/Biere/pec_xor2/pec_49339.dqdimacs,23,9
./benchmark_tests/original/Biere/pec_xor2/pec_49339.dqdimacs,24,9
./benchmark_tests/original/Biere/pec_xor2/pec_49339.dqdimacs,25,9
./benchmark_tests/original/Biere/pec_xor2/pec_49339.dqdimacs,26,9
./benchmark_tests/original/Biere/pec_xor2/pec_49339.dqdimacs,27,21
./benchmark_tests/original/Biere/pec_xor2/pec_49339.dqdimacs,28,32
./benchmark_tests/original/Biere/pec_xor2/pec_49339.dqdimacs,29,32
./benchmark_tests/original/Biere/pec_xor2/pec_49339.dqdimacs,30,32
./benchmark_tests/original/Biere/pec_xor2/pec_49339.dqdimacs,31,32
./benchmark_tests/original/Biere/pec_xor2/pec_49339.dqdimacs,32,32
./benchmark_tests/original/Biere/pec_xor2/pec_49339.dqdimacs,33,32
./benchmark_tests/original/Biere/pec_xor2/pec_49339.dqdimacs,34,32
./benchmark_tests/original/Biere/pec_xor2/pec_49339.dqdimacs,35,32
./benchmark_tests/original/Biere/pec_xor2/pec_49339.dqdimacs,36,32
./benchmark_tests/original/Biere/pec_xor2/pec_49921.dqdimacs,1,34
./benchmark_tests/original/Biere/pec_xor2/pec_49921.dqdimacs,2,33
./benchmark_tests/original/Biere/pec_xor2/pec_49921.dqdimacs,3,76
./benchmark_tests/original/Biere/pec_xor2/pec_49921.dqdimacs,5,32
./benchmark_tests/original/Biere/pec_xor2/pec_49921.dqdimacs,7,32
./benchmark_tests/original/Biere/pec_xor2/pec_49921.dqdimacs,8,32
./benchmark_tests/original/Biere/pec_xor2/pec_49921.dqdimacs,9,32
./benchmark_tests/original/Biere/pec_xor2/pec_49921.dqdimacs,10,32
./benchmark_tests/original/Biere/pec_xor2/pec_49921.dqdimacs,11,32
./benchmark_tests/original/Biere/pec_xor2/pec_49921.dqdimacs,12,32
./benchmark_tests/original/Biere/pec_xor2/pec_49921.dqdimacs,13,32
./benchmark_tests/original/Biere/pec_xor2/pec_49921.dqdimacs,14,32
./benchmark_tests/original/Biere/pec_xor2/pec_49921.dqdimacs,15,32
./benchmark_tests/original/Biere/pec_xor2/pec_49921.dqdimacs,16,32
./benchmark_tests/original/Biere/pec_xor2/pec_49921.dqdimacs,17,32
./benchmark_tests/original/Biere/pec_xor2/pec_49921.dqdimacs,18,32
./benchmark_tests/original/Biere/pec_xor2/pec_49921.dqdimacs,19,32
./benchmark_tests/original/Biere/pec_xor2/pec_49921.dqdimacs,20,32
./benchmark_tests/original/Biere/pec_xor2/pec_49921.dqdimacs,21,32
./benchmark_tests/original/Biere/pec_xor2/pec_49921.dqdimacs,22,32
./benchmark_tests/original/Biere/pec_xor2/pec_49921.dqdimacs,23,32
./benchmark_tests/original/Biere/pec_xor2/pec_49921.dqdimacs,24,32
./benchmark_tests/original/Biere/pec_xor2/pec_49921.dqdimacs,25,32
./benchmark_tests/original/Biere/pec_xor2/pec_49921.dqdimacs,26,32
./benchmark_tests/original/Biere/pec_xor2/pec_49921.dqdimacs,27,32
./benchmark_tests/original/Biere/pec_xor2/pec_50991.dqdimacs,1,37
./benchmark_tests/original/Biere/pec_xor2/pec_50991.dqdimacs,2,35
./benchmark_tests/original/Biere/pec_xor2/pec_50991.dqdimacs,3,81
./benchmark_tests/original/Biere/pec_xor2/pec_50991.dqdimacs,5,34
./benchmark_tests/original/Biere/pec_xor2/pec_50991.dqdimacs,7,34
./benchmark_tests/original/Biere/pec_xor2/pec_50991.dqdimacs,8,34
./benchmark_tests/original/Biere/pec_xor2/pec_50991.dqdimacs,9,34
./benchmark_tests/original/Biere/pec_xor2/pec_50991.dqdimacs,10,34
./benchmark_tests/original/Biere/pec_xor2/pec_50991.dqdimacs,11,35
./benchmark_tests/original/Biere/pec_xor2/pec_50991.dqdimacs,12,35
./benchmark_tests/original/Biere/pec_xor2/pec_50991.dqdimacs,13,34
./benchmark_tests/original/Biere/pec_xor2/pec_50991.dqdimacs,14,35
./benchmark_tests/original/Biere/pec_xor2/pec_50991.dqdimacs,15,35
./benchmark_tests/original/Biere/pec_xor2/pec_50991.dqdimacs,16,34
./benchmark_tests/original/Biere/pec_xor2/pec_50991.dqdimacs,17,34
./benchmark_tests/original/Biere/pec_xor2/pec_50991.dqdimacs,18,35
./benchmark_tests/original/Biere/pec_xor2/pec_50991.dqdimacs,19,35
./benchmark_tests/original/Biere/pec_xor2/pec_50991.dqdimacs,20,34
./benchmark_tests/original/Biere/pec_xor2/pec_50991.dqdimacs,21,34
./benchmark_tests/original/Biere/pec_xor2/pec_50991.dqdimacs,22,34
./benchmark_tests/original/Biere/pec_xor2/pec_50991.dqdimacs,23,34
./benchmark_tests/original/Biere/pec_xor2/pec_50991.dqdimacs,24,34
./benchmark_tests/original/Biere/pec_xor2/pec_50991.dqdimacs,25,34
./benchmark_tests/original/Biere/pec_xor2/pec_50991.dqdimacs,26,34
./benchmark_tests/original/Biere/pec_xor2/pec_50991.dqdimacs,27,34
./benchmark_tests/original/Biere/pec_xor2/pec_50991.dqdimacs,28,34
./benchmark_tests/original/Biere/pec_xor2/pec_50991.dqdimacs,29,35
./benchmark_tests/original/Biere/pec_xor2/pec_50991.dqdimacs,30,34
./benchmark_tests/original/Biere/pec_xor2/pec_50991.dqdimacs,31,34
./benchmark_tests/original/Biere/pec_xor2/pec_50991.dqdimacs,32,35
./benchmark_tests/original/Biere/pec_xor2/pec_50991.dqdimacs,33,34
./benchmark_tests/original/Biere/pec_xor2/pec_50991.dqdimacs,34,35
./benchmark_tests/original/Biere/pec_xor2/pec_50991.dqdimacs,35,34
./benchmark_tests/original/Biere/pec_xor2/pec_50991.dqdimacs,36,34
./benchmark_tests/original/Biere/pec_xor2/pec_50991.dqdimacs,37,35
./benchmark_tests/original/Biere/pec_xor2/pec_50991.dqdimacs,38,35
./benchmark_tests/original/Biere/pec_xor2/pec_50991.dqdimacs,39,35
./benchmark_tests/original/Biere/pec_xor2/pec_50991.dqdimacs,40,35
./benchmark_tests/original/Biere/pec_xor2/pec_51682.dqdimacs,1,37
./benchmark_tests/original/Biere/pec_xor2/pec_51682.dqdimacs,2,34
./benchmark_tests/original/Biere/pec_xor2/pec_51682.dqdimacs,3,34
./benchmark_tests/original/Biere/pec_xor2/pec_51682.dqdimacs,5,75
./benchmark_tests/original/Biere/pec_xor2/pec_51682.dqdimacs,7,12
./benchmark_tests/original/Biere/pec_xor2/pec_51682.dqdimacs,8,10
./benchmark_tests/original/Biere/pec_xor2/pec_51682.dqdimacs,9,10
./benchmark_tests/original/Biere/pec_xor2/pec_51682.dqdimacs,10,10
./benchmark_tests/original/Biere/pec_xor2/pec_51682.dqdimacs,11,11
./benchmark_tests/original/Biere/pec_xor2/pec_51682.dqdimacs,12,10
./benchmark_tests/original/Biere/pec_xor2/pec_51682.dqdimacs,13,10
./benchmark_tests/original/Biere/pec_xor2/pec_51682.dqdimacs,14,10
./benchmark_tests/original/Biere/pec_xor2/pec_51682.dqdimacs,15,10
./benchmark_tests/original/Biere/pec_xor2/pec_51682.dqdimacs,16,10
./benchmark_tests/original/Biere/pec_xor2/pec_51682.dqdimacs,17,10
./benchmark_tests/original/Biere/pec_xor2/pec_51682.dqdimacs,18,10
./benchmark_tests/original/Biere/pec_xor2/pec_51682.dqdimacs,19,10
./benchmark_tests/original/Biere/pec_xor2/pec_51682.dqdimacs,20,10
./benchmark_tests/original/Biere/pec_xor2/pec_51682.dqdimacs,21,10
./benchmark_tests/original/Biere/pec_xor2/pec_51682.dqdimacs,22,10
./benchmark_tests/original/Biere/pec_xor2/pec_51682.dqdimacs,23,23
./benchmark_tests/original/Biere/pec_xor2/pec_51682.dqdimacs,24,34
./benchmark_tests/original/Biere/pec_xor2/pec_51682.dqdimacs,25,34
./benchmark_tests/original/Biere/pec_xor2/pec_51682.dqdimacs,26,34
./benchmark_tests/original/Biere/pec_xor2/pec_51682.dqdimacs,27,33
./benchmark_tests/original/Biere/pec_xor2/pec_51682.dqdimacs,28,34
./benchmark_tests/original/Biere/pec_xor2/pec_51682.dqdimacs,29,33
./benchmark_tests/original/Biere/pec_xor2/pec_51682.dqdimacs,30,34
./benchmark_tests/original/Biere/pec_xor2/pec_51682.dqdimacs,31,34
./benchmark_tests/original/Biere/pec_xor2/pec_51682.dqdimacs,32,33
./benchmark_tests/original/Biere/pec_xor2/pec_51682.dqdimacs,33,34
./benchmark_tests/original/Biere/pec_xor2/pec_51682.dqdimacs,34,34
./benchmark_tests/original/Biere/pec_xor2/pec_51682.dqdimacs,35,33
./benchmark_tests/original/Biere/pec_xor2/pec_52593.dqdimacs,1,38
./benchmark_tests/original/Biere/pec_xor2/pec_52593.dqdimacs,2,35
./benchmark_tests/original/Biere/pec_xor2/pec_52593.dqdimacs,3,34
./benchmark_tests/original/Biere/pec_xor2/pec_52593.dqdimacs,5,34
./benchmark_tests/original/Biere/pec_xor2/pec_52593.dqdimacs,7,34
./benchmark_tests/original/Biere/pec_xor2/pec_52593.dqdimacs,8,35
./benchmark_tests/original/Biere/pec_xor2/pec_52593.dqdimacs,9,35
./benchmark_tests/original/Biere/pec_xor2/pec_52593.dqdimacs,10,76
./benchmark_tests/original/Biere/pec_xor2/pec_52593.dqdimacs,11,13
./benchmark_tests/original/Biere/pec_xor2/pec_52593.dqdimacs,12,11
./benchmark_tests/original/Biere/pec_xor2/pec_52593.dqdimacs,13,11
./benchmark_tests/original/Biere/pec_xor2/pec_52593.dqdimacs,14,11
./benchmark_tests/original/Biere/pec_xor2/pec_52593.dqdimacs,15,11
./benchmark_tests/original/Biere/pec_xor2/pec_52593.dqdimacs,16,11
./benchmark_tests/original/Biere/pec_xor2/pec_52593.dqdimacs,17,11
./benchmark_tests/original/Biere/pec_xor2/pec_52593.dqdimacs,18,11
./benchmark_tests/original/Biere/pec_xor2/pec_52593.dqdimacs,19,11
./benchmark_tests/original/Biere/pec_xor2/pec_52593.dqdimacs,20,11
./benchmark_tests/original/Biere/pec_xor2/pec_52593.dqdimacs,21,11
./benchmark_tests/original/Biere/pec_xor2/pec_52593.dqdimacs,22,11
./benchmark_tests/original/Biere/pec_xor2/pec_52593.dqdimacs,23,11
./benchmark_tests/original/Biere/pec_xor2/pec_52593.dqdimacs,24,12
./benchmark_tests/original/Biere/pec_xor2/pec_52593.dqdimacs,25,23
./benchmark_tests/original/Biere/pec_xor2/pec_52593.dqdimacs,26,34
./benchmark_tests/original/Biere/pec_xor2/pec_52593.dqdimacs,27,34
./benchmark_tests/original/Biere/pec_xor2/pec_52593.dqdimacs,28,34
./benchmark_tests/original/Biere/pec_xor2/pec_52593.dqdimacs,29,34
./benchmark_tests/original/Biere/pec_xor2/pec_52593.dqdimacs,30,34
./benchmark_tests/original/Biere/pec_xor2/pec_52593.dqdimacs,31,34
./benchmark_tests/original/Biere/pec_xor2/pec_52593.dqdimacs,32,34
./benchmark_tests/original/Biere/pec_xor2/pec_52593.dqdimacs,33,34
./benchmark_tests/original/Biere/pec_xor2/pec_52593.dqdimacs,34,34
./benchmark_tests/original/Biere/pec_xor2/pec_52593.dqdimacs,35,34
./benchmark_tests/original/Biere/pec_xor2/pec_52593.dqdimacs,36,34
./benchmark_tests/original/Biere/pec_xor2/pec_52593.dqdimacs,37,34
./benchmark_tests/original/Biere/pec_xor2/pec_52593.dqdimacs,38,34
./benchmark_tests/original/Biere/pec_xor2/pec_52687.dqdimacs,1,39
./benchmark_tests/original/Biere/pec_xor2/pec_52687.dqdimacs,2,36
./benchmark_tests/original/Biere/pec_xor2/pec_52687.dqdimacs,3,81
./benchmark_tests/original/Biere/pec_xor2/pec_52687.dqdimacs,5,36
./benchmark_tests/original/Biere/pec_xor2/pec_52687.dqdimacs,7,36
./benchmark_tests/original/Biere/pec_xor2/pec_52687.dqdimacs,8,36
./benchmark_tests/original/Biere/pec_xor2/pec_52687.dqdimacs,9,36
./benchmark_tests/original/Biere/pec_xor2/pec_52687.dqdimacs,10,36
./benchmark_tests/original/Biere/pec_xor2/pec_52687.dqdimacs,11,36
./benchmark_tests/original/Biere/pec_xor2/pec_52687.dqdimacs,12,36
./benchmark_tests/original/Biere/pec_xor2/pec_52687.dqdimacs,13,36
./benchmark_tests/original/Biere/pec_xor2/pec_52687.dqdimacs,14,36
./benchmark_tests/original/Biere/pec_xor2/pec_52687.dqdimacs,15,36
./benchmark_tests/original/Biere/pec_xor2/pec_52687.dqdimacs,16,36
./benchmark_tests/original/Biere/pec_xor2/pec_52687.dqdimacs,17,36
./benchmark_tests/original/Biere/pec_xor2/pec_52687.dqdimacs,18,36
./benchmark_tests/original/Biere/pec_xor2/pec_52687.dqdimacs,19,35
./benchmark_tests/original/Biere/pec_xor2/pec_52687.dqdimacs,20,35
./benchmark_tests/original/Biere/pec_xor2/pec_52687.dqdimacs,21,36
./benchmark_tests/original/Biere/pec_xor2/pec_52687.dqdimacs,22,36
./benchmark_tests/original/Biere/pec_xor2/pec_52687.dqdimacs,23,36
./benchmark_tests/original/Biere/pec_xor2/pec_52687.dqdimacs,24,36
./benchmark_tests/original/Biere/pec_xor2/pec_52687.dqdimacs,25,36
./benchmark_tests/original/Biere/pec_xor2/pec_52687.dqdimacs,26,36
./benchmark_tests/original/Biere/pec_xor2/pec_52687.dqdimacs,27,36
./benchmark_tests/original/Biere/pec_xor2/pec_52687.dqdimacs,28,36
./benchmark_tests/original/Biere/pec_xor2/pec_52687.dqdimacs,29,36
./benchmark_tests/original/Biere/pec_xor2/pec_52687.dqdimacs,30,36
./benchmark_tests/original/Biere/pec_xor2/pec_52687.dqdimacs,31,36
./benchmark_tests/original/Biere/pec_xor2/pec_52687.dqdimacs,32,36
./benchmark_tests/original/Biere/pec_xor2/pec_52687.dqdimacs,33,36
./benchmark_tests/original/Biere/pec_xor2/pec_52687.dqdimacs,34,36
./benchmark_tests/original/Biere/pec_xor2/pec_52687.dqdimacs,35,36
./benchmark_tests/original/Biere/pec_xor2/pec_52687.dqdimacs,36,36
./benchmark_tests/original/Biere/pec_xor2/pec_52687.dqdimacs,37,36
./benchmark_tests/original/Biere/pec_xor2/pec_52687.dqdimacs,38,36
./benchmark_tests/original/Biere/pec_xor2/pec_52687.dqdimacs,39,36
./benchmark_tests/original/Biere/pec_xor2/pec_52687.dqdimacs,40,36
./benchmark_tests/original/Biere/pec_xor2/pec_52687.dqdimacs,41,36
./benchmark_tests/original/Biere/pec_xor2/pec_52690.dqdimacs,1,38
./benchmark_tests/original/Biere/pec_xor2/pec_52690.dqdimacs,2,35
./benchmark_tests/original/Biere/pec_xor2/pec_52690.dqdimacs,3,35
./benchmark_tests/original/Biere/pec_xor2/pec_52690.dqdimacs,5,77
./benchmark_tests/original/Biere/pec_xor2/pec_52690.dqdimacs,7,13
./benchmark_tests/original/Biere/pec_xor2/pec_52690.dqdimacs,8,11
./benchmark_tests/original/Biere/pec_xor2/pec_52690.dqdimacs,9,11
./benchmark_tests/original/Biere/pec_xor2/pec_52690.dqdimacs,10,11
./benchmark_tests/original/Biere/pec_xor2/pec_52690.dqdimacs,11,11
./benchmark_tests/original/Biere/pec_xor2/pec_52690.dqdimacs,12,12
./benchmark_tests/original/Biere/pec_xor2/pec_52690.dqdimacs,13,11
./benchmark_tests/original/Biere/pec_xor2/pec_52690.dqdimacs,14,11
./benchmark_tests/original/Biere/pec_xor2/pec_52690.dqdimacs,15,11
./benchmark_tests/original/Biere/pec_xor2/pec_52690.dqdimacs,16,11
./benchmark_tests/original/Biere/pec_xor2/pec_52690.dqdimacs,17,11
./benchmark_tests/original/Biere/pec_xor2/pec_52690.dqdimacs,18,11
./benchmark_tests/original/Biere/pec_xor2/pec_52690.dqdimacs,19,11
./benchmark_tests/original/Biere/pec_xor2/pec_52690.dqdimacs,20,11
./benchmark_tests/original/Biere/pec_xor2/pec_52690.dqdimacs,21,11
./benchmark_tests/original/Biere/pec_xor2/pec_52690.dqdimacs,22,11
./benchmark_tests/original/Biere/pec_xor2/pec_52690.dqdimacs,23,11
./benchmark_tests/original/Biere/pec_xor2/pec_52690.dqdimacs,24,11
./benchmark_tests/original/Biere/pec_xor2/pec_52690.dqdimacs,25,11
./benchmark_tests/original/Biere/pec_xor2/pec_52690.dqdimacs,26,23
./benchmark_tests/original/Biere/pec_xor2/pec_52690.dqdimacs,27,34
./benchmark_tests/original/Biere/pec_xor2/pec_52690.dqdimacs,28,34
./benchmark_tests/original/Biere/pec_xor2/pec_52690.dqdimacs,29,35
./benchmark_tests/original/Biere/pec_xor2/pec_52690.dqdimacs,30,35
./benchmark_tests/original/Biere/pec_xor2/pec_52690.dqdimacs,31,35
./benchmark_tests/original/Biere/pec_xor2/pec_52690.dqdimacs,32,35
./benchmark_tests/original/Biere/pec_xor2/pec_52690.dqdimacs,33,34
./benchmark_tests/original/Biere/pec_xor2/pec_52690.dqdimacs,34,34
./benchmark_tests/original/Biere/pec_xor2/pec_52690.dqdimacs,35,34
./benchmark_tests/original/Biere/pec_xor2/pec_52690.dqdimacs,36,35
./benchmark_tests/original/Biere/pec_xor2/pec_52690.dqdimacs,37,35
./benchmark_tests/original/Biere/pec_xor2/pec_52690.dqdimacs,38,34
./benchmark_tests/original/Biere/pec_xor2/pec_52998.dqdimacs,1,38
./benchmark_tests/original/Biere/pec_xor2/pec_52998.dqdimacs,2,33
./benchmark_tests/original/Biere/pec_xor2/pec_52998.dqdimacs,3,76
./benchmark_tests/original/Biere/pec_xor2/pec_52998.dqdimacs,5,11
./benchmark_tests/original/Biere/pec_xor2/pec_52998.dqdimacs,7,10
./benchmark_tests/original/Biere/pec_xor2/pec_52998.dqdimacs,8,9
./benchmark_tests/original/Biere/pec_xor2/pec_52998.dqdimacs,9,10
./benchmark_tests/original/Biere/pec_xor2/pec_52998.dqdimacs,10,10
./benchmark_tests/original/Biere/pec_xor2/pec_52998.dqdimacs,11,10
./benchmark_tests/original/Biere/pec_xor2/pec_52998.dqdimacs,12,10
./benchmark_tests/original/Biere/pec_xor2/pec_52998.dqdimacs,13,10
./benchmark_tests/original/Biere/pec_xor2/pec_52998.dqdimacs,14,10
./benchmark_tests/original/Biere/pec_xor2/pec_52998.dqdimacs,15,10
./benchmark_tests/original/Biere/pec_xor2/pec_52998.dqdimacs,16,10
./benchmark_tests/original/Biere/pec_xor2/pec_52998.dqdimacs,17,10
./benchmark_tests/original/Biere/pec_xor2/pec_52998.dqdimacs,18,10
./benchmark_tests/original/Biere/pec_xor2/pec_52998.dqdimacs,19,10
./benchmark_tests/original/Biere/pec_xor2/pec_52998.dqdimacs,20,10
./benchmark_tests/original/Biere/pec_xor2/pec_52998.dqdimacs,21,10
./benchmark_tests/original/Biere/pec_xor2/pec_52998.dqdimacs,22,10
./benchmark_tests/original/Biere/pec_xor2/pec_52998.dqdimacs,23,23
./benchmark_tests/original/Biere/pec_xor2/pec_52998.dqdimacs,24,33
./benchmark_tests/original/Biere/pec_xor2/pec_52998.dqdimacs,25,33
./benchmark_tests/original/Biere/pec_xor2/pec_52998.dqdimacs,26,33
./benchmark_tests/original/Biere/pec_xor2/pec_52998.dqdimacs,27,33
./benchmark_tests/original/Biere/pec_xor2/pec_52998.dqdimacs,28,33
./benchmark_tests/original/Biere/pec_xor2/pec_52998.dqdimacs,29,33
./benchmark_tests/original/Biere/pec_xor2/pec_52998.dqdimacs,30,33
./benchmark_tests/original/Biere/pec_xor2/pec_52998.dqdimacs,31,33
./benchmark_tests/original/Biere/pec_xor2/pec_52998.dqdimacs,32,33
./benchmark_tests/original/Biere/pec_xor2/pec_52998.dqdimacs,33,33
./benchmark_tests/original/Biere/pec_xor2/pec_52998.dqdimacs,34,33
./benchmark_tests/original/Biere/pec_xor2/pec_52998.dqdimacs,35,33
./benchmark_tests/original/Biere/pec_xor2/pec_53093.dqdimacs,1,41
./benchmark_tests/original/Biere/pec_xor2/pec_53093.dqdimacs,2,36
./benchmark_tests/original/Biere/pec_xor2/pec_53093.dqdimacs,3,36
./benchmark_tests/original/Biere/pec_xor2/pec_53093.dqdimacs,5,36
./benchmark_tests/original/Biere/pec_xor2/pec_53093.dqdimacs,7,36
./benchmark_tests/original/Biere/pec_xor2/pec_53093.dqdimacs,8,36
./benchmark_tests/original/Biere/pec_xor2/pec_53093.dqdimacs,9,77
./benchmark_tests/original/Biere/pec_xor2/pec_53093.dqdimacs,10,13
./benchmark_tests/original/Biere/pec_xor2/pec_53093.dqdimacs,11,11
./benchmark_tests/original/Biere/pec_xor2/pec_53093.dqdimacs,12,11
./benchmark_tests/original/Biere/pec_xor2/pec_53093.dqdimacs,13,12
./benchmark_tests/original/Biere/pec_xor2/pec_53093.dqdimacs,14,11
./benchmark_tests/original/Biere/pec_xor2/pec_53093.dqdimacs,15,11
./benchmark_tests/original/Biere/pec_xor2/pec_53093.dqdimacs,16,11
./benchmark_tests/original/Biere/pec_xor2/pec_53093.dqdimacs,17,11
./benchmark_tests/original/Biere/pec_xor2/pec_53093.dqdimacs,18,11
./benchmark_tests/original/Biere/pec_xor2/pec_53093.dqdimacs,19,11
./benchmark_tests/original/Biere/pec_xor2/pec_53093.dqdimacs,20,11
./benchmark_tests/original/Biere/pec_xor2/pec_53093.dqdimacs,21,11
./benchmark_tests/original/Biere/pec_xor2/pec_53093.dqdimacs,22,11
./benchmark_tests/original/Biere/pec_xor2/pec_53093.dqdimacs,23,11
./benchmark_tests/original/Biere/pec_xor2/pec_53093.dqdimacs,24,11
./benchmark_tests/original/Biere/pec_xor2/pec_53093.dqdimacs,25,11
./benchmark_tests/original/Biere/pec_xor2/pec_53093.dqdimacs,26,11
./benchmark_tests/original/Biere/pec_xor2/pec_53093.dqdimacs,27,11
./benchmark_tests/original/Biere/pec_xor2/pec_53093.dqdimacs,28,11
./benchmark_tests/original/Biere/pec_xor2/pec_53093.dqdimacs,29,25
./benchmark_tests/original/Biere/pec_xor2/pec_53093.dqdimacs,30,35
./benchmark_tests/original/Biere/pec_xor2/pec_53093.dqdimacs,31,35
./benchmark_tests/original/Biere/pec_xor2/pec_53093.dqdimacs,32,35
./benchmark_tests/original/Biere/pec_xor2/pec_53093.dqdimacs,33,35
./benchmark_tests/original/Biere/pec_xor2/pec_53093.dqdimacs,34,35
./benchmark_tests/original/Biere/pec_xor2/pec_53093.dqdimacs,35,35
./benchmark_tests/original/Biere/pec_xor2/pec_53093.dqdimacs,36,35
./benchmark_tests/original/Biere/pec_xor2/pec_53093.dqdimacs,37,35
./benchmark_tests/original/Biere/pec_xor2/pec_53093.dqdimacs,38,35
./benchmark_tests/original/Biere/pec_xor2/pec_53093.dqdimacs,39,35
./benchmark_tests/original/Biere/pec_xor2/pec_53093.dqdimacs,40,35
./benchmark_tests/original/Biere/pec_xor2/pec_5389.dqdimacs,1,36
./benchmark_tests/original/Biere/pec_xor2/pec_5389.dqdimacs,2,33
./benchmark_tests/original/Biere/pec_xor2/pec_5389.dqdimacs,3,32
./benchmark_tests/original/Biere/pec_xor2/pec_5389.dqdimacs,4,32
./benchmark_tests/original/Biere/pec_xor2/pec_5389.dqdimacs,5,78
./benchmark_tests/original/Biere/pec_xor2/pec_5389.dqdimacs,7,33
./benchmark_tests/original/Biere/pec_xor2/pec_5389.dqdimacs,9,32
./benchmark_tests/original/Biere/pec_xor2/pec_5389.dqdimacs,10,32
./benchmark_tests/original/Biere/pec_xor2/pec_5389.dqdimacs,11,32
./benchmark_tests/original/Biere/pec_xor2/pec_5389.dqdimacs,12,32
./benchmark_tests/original/Biere/pec_xor2/pec_5389.dqdimacs,13,32
./benchmark_tests/original/Biere/pec_xor2/pec_5389.dqdimacs,14,32
./benchmark_tests/original/Biere/pec_xor2/pec_5389.dqdimacs,15,32
./benchmark_tests/original/Biere/pec_xor2/pec_5389.dqdimacs,16,32
./benchmark_tests/original/Biere/pec_xor2/pec_5389.dqdimacs,17,32
./benchmark_tests/original/Biere/pec_xor2/pec_5389.dqdimacs,18,32
./benchmark_tests/original/Biere/pec_xor2/pec_5389.dqdimacs,19,32
./benchmark_tests/original/Biere/pec_xor2/pec_5389.dqdimacs,20,32
./benchmark_tests/original/Biere/pec_xor2/pec_5389.dqdimacs,21,33
./benchmark_tests/original/Biere/pec_xor2/pec_5389.dqdimacs,22,33
./benchmark_tests/original/Biere/pec_xor2/pec_5389.dqdimacs,23,33
./benchmark_tests/original/Biere/pec_xor2/pec_5389.dqdimacs,24,33
./benchmark_tests/original/Biere/pec_xor2/pec_5389.dqdimacs,25,32
./benchmark_tests/original/Biere/pec_xor2/pec_5389.dqdimacs,26,33
./benchmark_tests/original/Biere/pec_xor2/pec_5389.dqdimacs,27,33
./benchmark_tests/original/Biere/pec_xor2/pec_5389.dqdimacs,28,32
./benchmark_tests/original/Biere/pec_xor2/pec_55623.dqdimacs,1,38
./benchmark_tests/original/Biere/pec_xor2/pec_55623.dqdimacs,2,35
./benchmark_tests/original/Biere/pec_xor2/pec_55623.dqdimacs,3,75
./benchmark_tests/original/Biere/pec_xor2/pec_55623.dqdimacs,5,12
./benchmark_tests/original/Biere/pec_xor2/pec_55623.dqdimacs,7,10
./benchmark_tests/original/Biere/pec_xor2/pec_55623.dqdimacs,8,10
./benchmark_tests/original/Biere/pec_xor2/pec_55623.dqdimacs,9,10
./benchmark_tests/original/Biere/pec_xor2/pec_55623.dqdimacs,10,11
./benchmark_tests/original/Biere/pec_xor2/pec_55623.dqdimacs,11,10
./benchmark_tests/original/Biere/pec_xor2/pec_55623.dqdimacs,12,10
./benchmark_tests/original/Biere/pec_xor2/pec_55623.dqdimacs,13,10
./benchmark_tests/original/Biere/pec_xor2/pec_55623.dqdimacs,14,10
./benchmark_tests/original/Biere/pec_xor2/pec_55623.dqdimacs,15,10
./benchmark_tests/original/Biere/pec_xor2/pec_55623.dqdimacs,16,10
./benchmark_tests/original/Biere/pec_xor2/pec_55623.dqdimacs,17,10
./benchmark_tests/original/Biere/pec_xor2/pec_55623.dqdimacs,18,10
./benchmark_tests/original/Biere/pec_xor2/pec_55623.dqdimacs,19,10
./benchmark_tests/original/Biere/pec_xor2/pec_55623.dqdimacs,20,10
./benchmark_tests/original/Biere/pec_xor2/pec_55623.dqdimacs,21,10
./benchmark_tests/original/Biere/pec_xor2/pec_55623.dqdimacs,22,10
./benchmark_tests/original/Biere/pec_xor2/pec_55623.dqdimacs,23,10
./benchmark_tests/original/Biere/pec_xor2/pec_55623.dqdimacs,24,10
./benchmark_tests/original/Biere/pec_xor2/pec_55623.dqdimacs,25,10
./benchmark_tests/original/Biere/pec_xor2/pec_55623.dqdimacs,26,10
./benchmark_tests/original/Biere/pec_xor2/pec_55623.dqdimacs,27,24
./benchmark_tests/original/Biere/pec_xor2/pec_55623.dqdimacs,28,34
./benchmark_tests/original/Biere/pec_xor2/pec_55623.dqdimacs,29,34
./benchmark_tests/original/Biere/pec_xor2/pec_55623.dqdimacs,30,34
./benchmark_tests/original/Biere/pec_xor2/pec_55623.dqdimacs,31,34
./benchmark_tests/original/Biere/pec_xor2/pec_55623.dqdimacs,32,34
./benchmark_tests/original/Biere/pec_xor2/pec_55623.dqdimacs,33,34
./benchmark_tests/original/Biere/pec_xor2/pec_55623.dqdimacs,34,34
./benchmark_tests/original/Biere/pec_xor2/pec_55623.dqdimacs,35,34
./benchmark_tests/original/Biere/pec_xor2/pec_55623.dqdimacs,36,34
./benchmark_tests/original/Biere/pec_xor2/pec_55623.dqdimacs,37,34
./benchmark_tests/original/Biere/pec_xor2/pec_55623.dqdimacs,38,34
./benchmark_tests/original/Biere/pec_xor2/pec_55851.dqdimacs,1,37
./benchmark_tests/original/Biere/pec_xor2/pec_55851.dqdimacs,2,34
./benchmark_tests/original/Biere/pec_xor2/pec_55851.dqdimacs,3,76
./benchmark_tests/original/Biere/pec_xor2/pec_55851.dqdimacs,5,12
./benchmark_tests/original/Biere/pec_xor2/pec_55851.dqdimacs,7,9
./benchmark_tests/original/Biere/pec_xor2/pec_55851.dqdimacs,8,9
./benchmark_tests/original/Biere/pec_xor2/pec_55851.dqdimacs,9,10
./benchmark_tests/original/Biere/pec_xor2/pec_55851.dqdimacs,10,9
./benchmark_tests/original/Biere/pec_xor2/pec_55851.dqdimacs,11,9
./benchmark_tests/original/Biere/pec_xor2/pec_55851.dqdimacs,12,9
./benchmark_tests/original/Biere/pec_xor2/pec_55851.dqdimacs,13,10
./benchmark_tests/original/Biere/pec_xor2/pec_55851.dqdimacs,14,9
./benchmark_tests/original/Biere/pec_xor2/pec_55851.dqdimacs,15,10
./benchmark_tests/original/Biere/pec_xor2/pec_55851.dqdimacs,16,9
./benchmark_tests/original/Biere/pec_xor2/pec_55851.dqdimacs,17,9
./benchmark_tests/original/Biere/pec_xor2/pec_55851.dqdimacs,18,10
./benchmark_tests/original/Biere/pec_xor2/pec_55851.dqdimacs,19,10
./benchmark_tests/original/Biere/pec_xor2/pec_55851.dqdimacs,20,10
./benchmark_tests/original/Biere/pec_xor2/pec_55851.dqdimacs,21,10
./benchmark_tests/original/Biere/pec_xor2/pec_55851.dqdimacs,22,10
./benchmark_tests/original/Biere/pec_xor2/pec_55851.dqdimacs,23,22
./benchmark_tests/original/Biere/pec_xor2/pec_55851.dqdimacs,24,33
./benchmark_tests/original/Biere/pec_xor2/pec_55851.dqdimacs,25,33
./benchmark_tests/original/Biere/pec_xor2/pec_55851.dqdimacs,26,33
./benchmark_tests/original/Biere/pec_xor2/pec_55851.dqdimacs,27,33
./benchmark_tests/original/Biere/pec_xor2/pec_55851.dqdimacs,28,33
./benchmark_tests/original/Biere/pec_xor2/pec_55851.dqdimacs,29,33
./benchmark_tests/original/Biere/pec_xor2/pec_55851.dqdimacs,30,33
./benchmark_tests/original/Biere/pec_xor2/pec_55851.dqdimacs,31,33
./benchmark_tests/original/Biere/pec_xor2/pec_55851.dqdimacs,32,33
./benchmark_tests/original/Biere/pec_xor2/pec_55851.dqdimacs,33,33
./benchmark_tests/original/Biere/pec_xor2/pec_55851.dqdimacs,34,32
./benchmark_tests/original/Biere/pec_xor2/pec_55851.dqdimacs,35,32
./benchmark_tests/original/Biere/pec_xor2/pec_55851.dqdimacs,36,33
./benchmark_tests/original/Biere/pec_xor2/pec_55851.dqdimacs,37,33
./benchmark_tests/original/Biere/pec_xor2/pec_55851.dqdimacs,38,32
./benchmark_tests/original/Biere/pec_xor2/pec_56920.dqdimacs,1,38
./benchmark_tests/original/Biere/pec_xor2/pec_56920.dqdimacs,2,36
./benchmark_tests/original/Biere/pec_xor2/pec_56920.dqdimacs,3,80
./benchmark_tests/original/Biere/pec_xor2/pec_56920.dqdimacs,5,35
./benchmark_tests/original/Biere/pec_xor2/pec_56920.dqdimacs,7,35
./benchmark_tests/original/Biere/pec_xor2/pec_56920.dqdimacs,8,35
./benchmark_tests/original/Biere/pec_xor2/pec_56920.dqdimacs,9,35
./benchmark_tests/original/Biere/pec_xor2/pec_56920.dqdimacs,10,36
./benchmark_tests/original/Biere/pec_xor2/pec_56920.dqdimacs,11,35
./benchmark_tests/original/Biere/pec_xor2/pec_56920.dqdimacs,12,35
./benchmark_tests/original/Biere/pec_xor2/pec_56920.dqdimacs,13,35
./benchmark_tests/original/Biere/pec_xor2/pec_56920.dqdimacs,14,35
./benchmark_tests/original/Biere/pec_xor2/pec_56920.dqdimacs,15,35
./benchmark_tests/original/Biere/pec_xor2/pec_56920.dqdimacs,16,35
./benchmark_tests/original/Biere/pec_xor2/pec_56920.dqdimacs,17,35
./benchmark_tests/original/Biere/pec_xor2/pec_56920.dqdimacs,18,35
./benchmark_tests/original/Biere/pec_xor2/pec_56920.dqdimacs,19,35
./benchmark_tests/original/Biere/pec_xor2/pec_56920.dqdimacs,20,35
./benchmark_tests/original/Biere/pec_xor2/pec_56920.dqdimacs,21,35
./benchmark_tests/original/Biere/pec_xor2/pec_56920.dqdimacs,22,35
./benchmark_tests/original/Biere/pec_xor2/pec_56920.dqdimacs,23,35
./benchmark_tests/original/Biere/pec_xor2/pec_56920.dqdimacs,24,35
./benchmark_tests/original/Biere/pec_xor2/pec_56920.dqdimacs,25,35
./benchmark_tests/original/Biere/pec_xor2/pec_56920.dqdimacs,26,35
./benchmark_tests/original/Biere/pec_xor2/pec_56920.dqdimacs,27,35
./benchmark_tests/original/Biere/pec_xor2/pec_56920.dqdimacs,28,35
./benchmark_tests/original/Biere/pec_xor2/pec_56920.dqdimacs,29,35
./benchmark_tests/original/Biere/pec_xor2/pec_56920.dqdimacs,30,35
./benchmark_tests/original/Biere/pec_xor2/pec_56920.dqdimacs,31,35
./benchmark_tests/original/Biere/pec_xor2/pec_56920.dqdimacs,32,35
./benchmark_tests/original/Biere/pec_xor2/pec_56920.dqdimacs,33,35
./benchmark_tests/original/Biere/pec_xor2/pec_56920.dqdimacs,34,35
./benchmark_tests/original/Biere/pec_xor2/pec_56920.dqdimacs,35,35
./benchmark_tests/original/Biere/pec_xor2/pec_56920.dqdimacs,36,35
./benchmark_tests/original/Biere/pec_xor2/pec_56920.dqdimacs,37,35
./benchmark_tests/original/Biere/pec_xor2/pec_57165.dqdimacs,1,38
./benchmark_tests/original/Biere/pec_xor2/pec_57165.dqdimacs,2,36
./benchmark_tests/original/Biere/pec_xor2/pec_57165.dqdimacs,3,81
./benchmark_tests/original/Biere/pec_xor2/pec_57165.dqdimacs,5,36
./benchmark_tests/original/Biere/pec_xor2/pec_57165.dqdimacs,7,35
./benchmark_tests/original/Biere/pec_xor2/pec_57165.dqdimacs,8,36
./benchmark_tests/original/Biere/pec_xor2/pec_57165.dqdimacs,9,36
./benchmark_tests/original/Biere/pec_xor2/pec_57165.dqdimacs,10,36
./benchmark_tests/original/Biere/pec_xor2/pec_57165.dqdimacs,11,35
./benchmark_tests/original/Biere/pec_xor2/pec_57165.dqdimacs,12,35
./benchmark_tests/original/Biere/pec_xor2/pec_57165.dqdimacs,13,36
./benchmark_tests/original/Biere/pec_xor2/pec_57165.dqdimacs,14,36
./benchmark_tests/original/Biere/pec_xor2/pec_57165.dqdimacs,15,35
./benchmark_tests/original/Biere/pec_xor2/pec_57165.dqdimacs,16,36
./benchmark_tests/original/Biere/pec_xor2/pec_57165.dqdimacs,17,36
./benchmark_tests/original/Biere/pec_xor2/pec_57165.dqdimacs,18,36
./benchmark_tests/original/Biere/pec_xor2/pec_57165.dqdimacs,19,36
./benchmark_tests/original/Biere/pec_xor2/pec_57165.dqdimacs,20,36
./benchmark_tests/original/Biere/pec_xor2/pec_57165.dqdimacs,21,36
./benchmark_tests/original/Biere/pec_xor2/pec_57165.dqdimacs,22,36
./benchmark_tests/original/Biere/pec_xor2/pec_57165.dqdimacs,23,36
./benchmark_tests/original/Biere/pec_xor2/pec_57165.dqdimacs,24,36
./benchmark_tests/original/Biere/pec_xor2/pec_57165.dqdimacs,25,36
./benchmark_tests/original/Biere/pec_xor2/pec_57165.dqdimacs,26,36
./benchmark_tests/original/Biere/pec_xor2/pec_57165.dqdimacs,27,36
./benchmark_tests/original/Biere/pec_xor2/pec_57165.dqdimacs,28,36
./benchmark_tests/original/Biere/pec_xor2/pec_57165.dqdimacs,29,36
./benchmark_tests/original/Biere/pec_xor2/pec_57165.dqdimacs,30,36
./benchmark_tests/original/Biere/pec_xor2/pec_57165.dqdimacs,31,36
./benchmark_tests/original/Biere/pec_xor2/pec_57165.dqdimacs,32,36
./benchmark_tests/original/Biere/pec_xor2/pec_57165.dqdimacs,33,36
./benchmark_tests/original/Biere/pec_xor2/pec_57165.dqdimacs,34,36
./benchmark_tests/original/Biere/pec_xor2/pec_57165.dqdimacs,35,36
./benchmark_tests/original/Biere/pec_xor2/pec_57165.dqdimacs,36,37
./benchmark_tests/original/Biere/pec_xor2/pec_57165.dqdimacs,37,36
./benchmark_tests/original/Biere/pec_xor2/pec_57165.dqdimacs,38,37
./benchmark_tests/original/Biere/pec_xor2/pec_57165.dqdimacs,39,36
./benchmark_tests/original/Biere/pec_xor2/pec_57165.dqdimacs,40,36
./benchmark_tests/original/Biere/pec_xor2/pec_57165.dqdimacs,41,36
./benchmark_tests/original/Biere/pec_xor2/pec_57165.dqdimacs,42,35
./benchmark_tests/original/Biere/pec_xor2/pec_57481.dqdimacs,1,35
./benchmark_tests/original/Biere/pec_xor2/pec_57481.dqdimacs,2,33
./benchmark_tests/original/Biere/pec_xor2/pec_57481.dqdimacs,3,78
./benchmark_tests/original/Biere/pec_xor2/pec_57481.dqdimacs,5,33
./benchmark_tests/original/Biere/pec_xor2/pec_57481.dqdimacs,7,32
./benchmark_tests/original/Biere/pec_xor2/pec_57481.dqdimacs,8,34
./benchmark_tests/original/Biere/pec_xor2/pec_57481.dqdimacs,9,32
./benchmark_tests/original/Biere/pec_xor2/pec_57481.dqdimacs,10,32
./benchmark_tests/original/Biere/pec_xor2/pec_57481.dqdimacs,11,32
./benchmark_tests/original/Biere/pec_xor2/pec_57481.dqdimacs,12,32
./benchmark_tests/original/Biere/pec_xor2/pec_57481.dqdimacs,13,32
./benchmark_tests/original/Biere/pec_xor2/pec_57481.dqdimacs,14,32
./benchmark_tests/original/Biere/pec_xor2/pec_57481.dqdimacs,15,32
./benchmark_tests/original/Biere/pec_xor2/pec_57481.dqdimacs,16,32
./benchmark_tests/original/Biere/pec_xor2/pec_57481.dqdimacs,17,32
./benchmark_tests/original/Biere/pec_xor2/pec_57481.dqdimacs,18,32
./benchmark_tests/original/Biere/pec_xor2/pec_57481.dqdimacs,19,32
./benchmark_tests/original/Biere/pec_xor2/pec_57481.dqdimacs,20,32
./benchmark_tests/original/Biere/pec_xor2/pec_57481.dqdimacs,21,32
./benchmark_tests/original/Biere/pec_xor2/pec_57481.dqdimacs,22,32
./benchmark_tests/original/Biere/pec_xor2/pec_57481.dqdimacs,23,32
./benchmark_tests/original/Biere/pec_xor2/pec_57481.dqdimacs,24,32
./benchmark_tests/original/Biere/pec_xor2/pec_57481.dqdimacs,25,32
./benchmark_tests/original/Biere/pec_xor2/pec_57481.dqdimacs,26,32
./benchmark_tests/original/Biere/pec_xor2/pec_57481.dqdimacs,27,32
./benchmark_tests/original/Biere/pec_xor2/pec_57481.dqdimacs,28,32
./benchmark_tests/original/Biere/pec_xor2/pec_57481.dqdimacs,29,32
./benchmark_tests/original/Biere/pec_xor2/pec_57481.dqdimacs,30,32
./benchmark_tests/original/Biere/pec_xor2/pec_57536.dqdimacs,1,36
./benchmark_tests/original/Biere/pec_xor2/pec_57536.dqdimacs,2,33
./benchmark_tests/original/Biere/pec_xor2/pec_57536.dqdimacs,3,78
./benchmark_tests/original/Biere/pec_xor2/pec_57536.dqdimacs,5,32
./benchmark_tests/original/Biere/pec_xor2/pec_57536.dqdimacs,7,32
./benchmark_tests/original/Biere/pec_xor2/pec_57536.dqdimacs,8,31
./benchmark_tests/original/Biere/pec_xor2/pec_57536.dqdimacs,9,32
./benchmark_tests/original/Biere/pec_xor2/pec_57536.dqdimacs,10,32
./benchmark_tests/original/Biere/pec_xor2/pec_57536.dqdimacs,11,32
./benchmark_tests/original/Biere/pec_xor2/pec_57536.dqdimacs,12,32
./benchmark_tests/original/Biere/pec_xor2/pec_57536.dqdimacs,13,31
./benchmark_tests/original/Biere/pec_xor2/pec_57536.dqdimacs,14,32
./benchmark_tests/original/Biere/pec_xor2/pec_57536.dqdimacs,15,32
./benchmark_tests/original/Biere/pec_xor2/pec_57536.dqdimacs,16,32
./benchmark_tests/original/Biere/pec_xor2/pec_57536.dqdimacs,17,32
./benchmark_tests/original/Biere/pec_xor2/pec_57536.dqdimacs,18,32
./benchmark_tests/original/Biere/pec_xor2/pec_57536.dqdimacs,19,32
./benchmark_tests/original/Biere/pec_xor2/pec_57536.dqdimacs,20,32
./benchmark_tests/original/Biere/pec_xor2/pec_57536.dqdimacs,21,32
./benchmark_tests/original/Biere/pec_xor2/pec_57536.dqdimacs,22,32
./benchmark_tests/original/Biere/pec_xor2/pec_57536.dqdimacs,23,32
./benchmark_tests/original/Biere/pec_xor2/pec_57536.dqdimacs,24,32
./benchmark_tests/original/Biere/pec_xor2/pec_57599.dqdimacs,1,38
./benchmark_tests/original/Biere/pec_xor2/pec_57599.dqdimacs,2,35
./benchmark_tests/original/Biere/pec_xor2/pec_57599.dqdimacs,3,79
./benchmark_tests/original/Biere/pec_xor2/pec_57599.dqdimacs,5,35
./benchmark_tests/original/Biere/pec_xor2/pec_57599.dqdimacs,7,34
./benchmark_tests/original/Biere/pec_xor2/pec_57599.dqdimacs,8,35
./benchmark_tests/original/Biere/pec_xor2/pec_57599.dqdimacs,9,35
./benchmark_tests/original/Biere/pec_xor2/pec_57599.dqdimacs,10,35
./benchmark_tests/original/Biere/pec_xor2/pec_57599.dqdimacs,11,35
./benchmark_tests/original/Biere/pec_xor2/pec_57599.dqdimacs,12,35
./benchmark_tests/original/Biere/pec_xor2/pec_57599.dqdimacs,13,35
./benchmark_tests/original/Biere/pec_xor2/pec_57599.dqdimacs,14,35
./benchmark_tests/original/Biere/pec_xor2/pec_57599.dqdimacs,15,35
./benchmark_tests/original/Biere/pec_xor2/pec_57599.dqdimacs,16,34
./benchmark_tests/original/Biere/pec_xor2/pec_57599.dqdimacs,17,35
./benchmark_tests/original/Biere/pec_xor2/pec_57599.dqdimacs,18,35
./benchmark_tests/original/Biere/pec_xor2/pec_57599.dqdimacs,19,35
./benchmark_tests/original/Biere/pec_xor2/pec_57599.dqdimacs,20,35
./benchmark_tests/original/Biere/pec_xor2/pec_57599.dqdimacs,21,35
./benchmark_tests/original/Biere/pec_xor2/pec_57599.dqdimacs,22,35
./benchmark_tests/original/Biere/pec_xor2/pec_57599.dqdimacs,23,35
./benchmark_tests/original/Biere/pec_xor2/pec_57599.dqdimacs,24,35
./benchmark_tests/original/Biere/pec_xor2/pec_57599.dqdimacs,25,35
./benchmark_tests/original/Biere/pec_xor2/pec_57599.dqdimacs,26,35
./benchmark_tests/original/Biere/pec_xor2/pec_57599.dqdimacs,27,35
./benchmark_tests/original/Biere/pec_xor2/pec_57599.dqdimacs,28,35
./benchmark_tests/original/Biere/pec_xor2/pec_57599.dqdimacs,29,34
./benchmark_tests/original/Biere/pec_xor2/pec_57599.dqdimacs,30,35
./benchmark_tests/original/Biere/pec_xor2/pec_57599.dqdimacs,31,35
./benchmark_tests/original/Biere/pec_xor2/pec_57599.dqdimacs,32,35
./benchmark_tests/original/Biere/pec_xor2/pec_57599.dqdimacs,33,34
./benchmark_tests/original/Biere/pec_xor2/pec_57599.dqdimacs,34,35
./benchmark_tests/original/Biere/pec_xor2/pec_57599.dqdimacs,35,35
./benchmark_tests/original/Biere/pec_xor2/pec_57599.dqdimacs,36,34
./benchmark_tests/original/Biere/pec_xor2/pec_57599.dqdimacs,37,35
./benchmark_tests/original/Biere/pec_xor2/pec_57599.dqdimacs,38,35
./benchmark_tests/original/Biere/pec_xor2/pec_57599.dqdimacs,39,34
./benchmark_tests/original/Biere/pec_xor2/pec_57599.dqdimacs,40,35
./benchmark_tests/original/Biere/pec_xor2/pec_57599.dqdimacs,41,35
./benchmark_tests/original/Biere/pec_xor2/pec_57599.dqdimacs,42,35
./benchmark_tests/original/Biere/pec_xor2/pec_57599.dqdimacs,43,34
./benchmark_tests/original/Biere/pec_xor2/pec_59056.dqdimacs,1,38
./benchmark_tests/original/Biere/pec_xor2/pec_59056.dqdimacs,2,31
./benchmark_tests/original/Biere/pec_xor2/pec_59056.dqdimacs,3,12
./benchmark_tests/original/Biere/pec_xor2/pec_59056.dqdimacs,5,56
./benchmark_tests/original/Biere/pec_xor2/pec_59056.dqdimacs,7,11
./benchmark_tests/original/Biere/pec_xor2/pec_59056.dqdimacs,8,10
./benchmark_tests/original/Biere/pec_xor2/pec_59056.dqdimacs,9,10
./benchmark_tests/original/Biere/pec_xor2/pec_59056.dqdimacs,10,10
./benchmark_tests/original/Biere/pec_xor2/pec_59056.dqdimacs,11,10
./benchmark_tests/original/Biere/pec_xor2/pec_59056.dqdimacs,12,10
./benchmark_tests/original/Biere/pec_xor2/pec_59056.dqdimacs,13,10
./benchmark_tests/original/Biere/pec_xor2/pec_59056.dqdimacs,14,10
./benchmark_tests/original/Biere/pec_xor2/pec_59056.dqdimacs,15,10
./benchmark_tests/original/Biere/pec_xor2/pec_59056.dqdimacs,16,10
./benchmark_tests/original/Biere/pec_xor2/pec_59056.dqdimacs,17,23
./benchmark_tests/original/Biere/pec_xor2/pec_59056.dqdimacs,18,33
./benchmark_tests/original/Biere/pec_xor2/pec_59056.dqdimacs,19,33
./benchmark_tests/original/Biere/pec_xor2/pec_59056.dqdimacs,20,33
./benchmark_tests/original/Biere/pec_xor2/pec_59056.dqdimacs,21,33
./benchmark_tests/original/Biere/pec_xor2/pec_59056.dqdimacs,22,33
./benchmark_tests/original/Biere/pec_xor2/pec_59056.dqdimacs,23,33
./benchmark_tests/original/Biere/pec_xor2/pec_59056.dqdimacs,24,33
./benchmark_tests/original/Biere/pec_xor2/pec_59056.dqdimacs,25,33
./benchmark_tests/original/Biere/pec_xor2/pec_59056.dqdimacs,26,33
./benchmark_tests/original/Biere/pec_xor2/pec_59056.dqdimacs,27,33
./benchmark_tests/original/Biere/pec_xor2/pec_59056.dqdimacs,28,33
./benchmark_tests/original/Biere/pec_xor2/pec_59056.dqdimacs,29,34
./benchmark_tests/original/Biere/pec_xor2/pec_59056.dqdimacs,30,33
./benchmark_tests/original/Biere/pec_xor2/pec_59056.dqdimacs,31,33
./benchmark_tests/original/Biere/pec_xor2/pec_59056.dqdimacs,32,33
./benchmark_tests/original/Biere/pec_xor2/pec_59056.dqdimacs,33,33
./benchmark_tests/original/Biere/pec_xor2/pec_59056.dqdimacs,34,34
./benchmark_tests/original/Biere/pec_xor2/pec_59056.dqdimacs,35,33
./benchmark_tests/original/Biere/pec_xor2/pec_59950.dqdimacs,1,37
./benchmark_tests/original/Biere/pec_xor2/pec_59950.dqdimacs,2,34
./benchmark_tests/original/Biere/pec_xor2/pec_59950.dqdimacs,3,76
./benchmark_tests/original/Biere/pec_xor2/pec_59950.dqdimacs,5,11
./benchmark_tests/original/Biere/pec_xor2/pec_59950.dqdimacs,7,9
./benchmark_tests/original/Biere/pec_xor2/pec_59950.dqdimacs,8,9
./benchmark_tests/original/Biere/pec_xor2/pec_59950.dqdimacs,9,9
./benchmark_tests/original/Biere/pec_xor2/pec_59950.dqdimacs,10,9
./benchmark_tests/original/Biere/pec_xor2/pec_59950.dqdimacs,11,9
./benchmark_tests/original/Biere/pec_xor2/pec_59950.dqdimacs,12,10
./benchmark_tests/original/Biere/pec_xor2/pec_59950.dqdimacs,13,9
./benchmark_tests/original/Biere/pec_xor2/pec_59950.dqdimacs,14,9
./benchmark_tests/original/Biere/pec_xor2/pec_59950.dqdimacs,15,9
./benchmark_tests/original/Biere/pec_xor2/pec_59950.dqdimacs,16,9
./benchmark_tests/original/Biere/pec_xor2/pec_59950.dqdimacs,17,9
./benchmark_tests/original/Biere/pec_xor2/pec_59950.dqdimacs,18,9
./benchmark_tests/original/Biere/pec_xor2/pec_59950.dqdimacs,19,9
./benchmark_tests/original/Biere/pec_xor2/pec_59950.dqdimacs,20,9
./benchmark_tests/original/Biere/pec_xor2/pec_59950.dqdimacs,21,9
./benchmark_tests/original/Biere/pec_xor2/pec_59950.dqdimacs,22,9
./benchmark_tests/original/Biere/pec_xor2/pec_59950.dqdimacs,23,9
./benchmark_tests/original/Biere/pec_xor2/pec_59950.dqdimacs,24,9
./benchmark_tests/original/Biere/pec_xor2/pec_59950.dqdimacs,25,9
./benchmark_tests/original/Biere/pec_xor2/pec_59950.dqdimacs,26,9
./benchmark_tests/original/Biere/pec_xor2/pec_59950.dqdimacs,27,22
./benchmark_tests/original/Biere/pec_xor2/pec_59950.dqdimacs,28,32
./benchmark_tests/original/Biere/pec_xor2/pec_59950.dqdimacs,29,32
./benchmark_tests/original/Biere/pec_xor2/pec_59950.dqdimacs,30,32
./benchmark_tests/original/Biere/pec_xor2/pec_59950.dqdimacs,31,32
./benchmark_tests/original/Biere/pec_xor2/pec_59950.dqdimacs,32,32
./benchmark_tests/original/Biere/pec_xor2/pec_59950.dqdimacs,33,32
./benchmark_tests/original/Biere/pec_xor2/pec_59950.dqdimacs,34,32
./benchmark_tests/original/Biere/pec_xor2/pec_59950.dqdimacs,35,32
./benchmark_tests/original/Biere/pec_xor2/pec_59950.dqdimacs,36,32
./benchmark_tests/original/Biere/pec_xor2/pec_60068.dqdimacs,1,37
./benchmark_tests/original/Biere/pec_xor2/pec_60068.dqdimacs,2,33
./benchmark_tests/original/Biere/pec_xor2/pec_60068.dqdimacs,3,34
./benchmark_tests/original/Biere/pec_xor2/pec_60068.dqdimacs,5,74
./benchmark_tests/original/Biere/pec_xor2/pec_60068.dqdimacs,7,11
./benchmark_tests/original/Biere/pec_xor2/pec_60068.dqdimacs,8,9
./benchmark_tests/original/Biere/pec_xor2/pec_60068.dqdimacs,9,9
./benchmark_tests/original/Biere/pec_xor2/pec_60068.dqdimacs,10,9
./benchmark_tests/original/Biere/pec_xor2/pec_60068.dqdimacs,11,9
./benchmark_tests/original/Biere/pec_xor2/pec_60068.dqdimacs,12,10
./benchmark_tests/original/Biere/pec_xor2/pec_60068.dqdimacs,13,9
./benchmark_tests/original/Biere/pec_xor2/pec_60068.dqdimacs,14,9
./benchmark_tests/original/Biere/pec_xor2/pec_60068.dqdimacs,15,9
./benchmark_tests/original/Biere/pec_xor2/pec_60068.dqdimacs,16,9
./benchmark_tests/original/Biere/pec_xor2/pec_60068.dqdimacs,17,9
./benchmark_tests/original/Biere/pec_xor2/pec_60068.dqdimacs,18,9
./benchmark_tests/original/Biere/pec_xor2/pec_60068.dqdimacs,19,9
./benchmark_tests/original/Biere/pec_xor2/pec_60068.dqdimacs,20,9
./benchmark_tests/original/Biere/pec_xor2/pec_60068.dqdimacs,21,9
./benchmark_tests/original/Biere/pec_xor2/pec_60068.dqdimacs,22,9
./benchmark_tests/original/Biere/pec_xor2/pec_60068.dqdimacs,23,10
./benchmark_tests/original/Biere/pec_xor2/pec_60068.dqdimacs,24,9
./benchmark_tests/original/Biere/pec_xor2/pec_60068.dqdimacs,25,9
./benchmark_tests/original/Biere/pec_xor2/pec_60068.dqdimacs,26,22
./benchmark_tests/original/Biere/pec_xor2/pec_60068.dqdimacs,27,33
./benchmark_tests/original/Biere/pec_xor2/pec_60068.dqdimacs,28,33
./benchmark_tests/original/Biere/pec_xor2/pec_60068.dqdimacs,29,33
./benchmark_tests/original/Biere/pec_xor2/pec_60068.dqdimacs,30,32
./benchmark_tests/original/Biere/pec_xor2/pec_60068.dqdimacs,31,33
./benchmark_tests/original/Biere/pec_xor2/pec_60068.dqdimacs,32,33
./benchmark_tests/original/Biere/pec_xor2/pec_60068.dqdimacs,33,33
./benchmark_tests/original/Biere/pec_xor2/pec_60068.dqdimacs,34,32
./benchmark_tests/original/Biere/pec_xor2/pec_60679.dqdimacs,1,38
./benchmark_tests/original/Biere/pec_xor2/pec_60679.dqdimacs,2,35
./benchmark_tests/original/Biere/pec_xor2/pec_60679.dqdimacs,3,76
./benchmark_tests/original/Biere/pec_xor2/pec_60679.dqdimacs,5,11
./benchmark_tests/original/Biere/pec_xor2/pec_60679.dqdimacs,7,10
./benchmark_tests/original/Biere/pec_xor2/pec_60679.dqdimacs,8,10
./benchmark_tests/original/Biere/pec_xor2/pec_60679.dqdimacs,9,10
./benchmark_tests/original/Biere/pec_xor2/pec_60679.dqdimacs,10,10
./benchmark_tests/original/Biere/pec_xor2/pec_60679.dqdimacs,11,10
./benchmark_tests/original/Biere/pec_xor2/pec_60679.dqdimacs,12,10
./benchmark_tests/original/Biere/pec_xor2/pec_60679.dqdimacs,13,10
./benchmark_tests/original/Biere/pec_xor2/pec_60679.dqdimacs,14,21
./benchmark_tests/original/Biere/pec_xor2/pec_60679.dqdimacs,15,10
./benchmark_tests/original/Biere/pec_xor2/pec_60679.dqdimacs,16,10
./benchmark_tests/original/Biere/pec_xor2/pec_60679.dqdimacs,17,10
./benchmark_tests/original/Biere/pec_xor2/pec_60679.dqdimacs,18,10
./benchmark_tests/original/Biere/pec_xor2/pec_60679.dqdimacs,19,10
./benchmark_tests/original/Biere/pec_xor2/pec_60679.dqdimacs,20,10
./benchmark_tests/original/Biere/pec_xor2/pec_60679.dqdimacs,21,10
./benchmark_tests/original/Biere/pec_xor2/pec_60679.dqdimacs,22,10
./benchmark_tests/original/Biere/pec_xor2/pec_60679.dqdimacs,23,10
./benchmark_tests/original/Biere/pec_xor2/pec_60679.dqdimacs,24,10
./benchmark_tests/original/Biere/pec_xor2/pec_60679.dqdimacs,25,10
./benchmark_tests/original/Biere/pec_xor2/pec_60679.dqdimacs,26,10
./benchmark_tests/original/Biere/pec_xor2/pec_60679.dqdimacs,27,10
./benchmark_tests/original/Biere/pec_xor2/pec_60679.dqdimacs,28,10
./benchmark_tests/original/Biere/pec_xor2/pec_60679.dqdimacs,29,10
./benchmark_tests/original/Biere/pec_xor2/pec_60679.dqdimacs,30,10
./benchmark_tests/original/Biere/pec_xor2/pec_60679.dqdimacs,31,10
./benchmark_tests/original/Biere/pec_xor2/pec_60679.dqdimacs,32,9
./benchmark_tests/original/Biere/pec_xor2/pec_60679.dqdimacs,33,10
./benchmark_tests/original/Biere/pec_xor2/pec_60679.dqdimacs,34,10
./benchmark_tests/original/Biere/pec_xor2/pec_60679.dqdimacs,35,9
./benchmark_tests/original/Biere/pec_xor2/pec_60679.dqdimacs,36,10
./benchmark_tests/original/Biere/pec_xor2/pec_60679.dqdimacs,37,10
./benchmark_tests/original/Biere/pec_xor2/pec_60679.dqdimacs,38,10
./benchmark_tests/original/Biere/pec_xor2/pec_60727.dqdimacs,1,39
./benchmark_tests/original/Biere/pec_xor2/pec_60727.dqdimacs,2,36
./benchmark_tests/original/Biere/pec_xor2/pec_60727.dqdimacs,3,82
./benchmark_tests/original/Biere/pec_xor2/pec_60727.dqdimacs,5,36
./benchmark_tests/original/Biere/pec_xor2/pec_60727.dqdimacs,7,35
./benchmark_tests/original/Biere/pec_xor2/pec_60727.dqdimacs,8,36
./benchmark_tests/original/Biere/pec_xor2/pec_60727.dqdimacs,9,35
./benchmark_tests/original/Biere/pec_xor2/pec_60727.dqdimacs,10,35
./benchmark_tests/original/Biere/pec_xor2/pec_60727.dqdimacs,11,35
./benchmark_tests/original/Biere/pec_xor2/pec_60727.dqdimacs,12,36
./benchmark_tests/original/Biere/pec_xor2/pec_60727.dqdimacs,13,36
./benchmark_tests/original/Biere/pec_xor2/pec_60727.dqdimacs,14,36
./benchmark_tests/original/Biere/pec_xor2/pec_60727.dqdimacs,15,35
./benchmark_tests/original/Biere/pec_xor2/pec_60727.dqdimacs,16,35
./benchmark_tests/original/Biere/pec_xor2/pec_60727.dqdimacs,17,36
./benchmark_tests/original/Biere/pec_xor2/pec_60727.dqdimacs,18,36
./benchmark_tests/original/Biere/pec_xor2/pec_60727.dqdimacs,19,36
./benchmark_tests/original/Biere/pec_xor2/pec_60727.dqdimacs,20,36
./benchmark_tests/original/Biere/pec_xor2/pec_60727.dqdimacs,21,36
./benchmark_tests/original/Biere/pec_xor2/pec_60727.dqdimacs,22,36
./benchmark_tests/original/Biere/pec_xor2/pec_60727.dqdimacs,23,35
./benchmark_tests/original/Biere/pec_xor2/pec_60727.dqdimacs,24,35
./benchmark_tests/original/Biere/pec_xor2/pec_60727.dqdimacs,25,36
./benchmark_tests/original/Biere/pec_xor2/pec_60727.dqdimacs,26,35
./benchmark_tests/original/Biere/pec_xor2/pec_60727.dqdimacs,27,36
./benchmark_tests/original/Biere/pec_xor2/pec_60727.dqdimacs,28,36
./benchmark_tests/original/Biere/pec_xor2/pec_60727.dqdimacs,29,36
./benchmark_tests/original/Biere/pec_xor2/pec_60727.dqdimacs,30,36
./benchmark_tests/original/Biere/pec_xor2/pec_60727.dqdimacs,31,36
./benchmark_tests/original/Biere/pec_xor2/pec_60727.dqdimacs,32,36
./benchmark_tests/original/Biere/pec_xor2/pec_60727.dqdimacs,33,36
./benchmark_tests/original/Biere/pec_xor2/pec_60727.dqdimacs,34,36
./benchmark_tests/original/Biere/pec_xor2/pec_60727.dqdimacs,35,35
./benchmark_tests/original/Biere/pec_xor2/pec_60727.dqdimacs,36,36
./benchmark_tests/original/Biere/pec_xor2/pec_60727.dqdimacs,37,35
./benchmark_tests/original/Biere/pec_xor2/pec_60727.dqdimacs,38,36
./benchmark_tests/original/Biere/pec_xor2/pec_60727.dqdimacs,39,36
./benchmark_tests/original/Biere/pec_xor2/pec_60727.dqdimacs,40,35
./benchmark_tests/original/Biere/pec_xor2/pec_60727.dqdimacs,41,36
./benchmark_tests/original/Biere/pec_xor2/pec_60727.dqdimacs,42,35
./benchmark_tests/original/Biere/pec_xor2/pec_60727.dqdimacs,43,34
./benchmark_tests/original/Biere/pec_xor2/pec_61549.dqdimacs,1,38
./benchmark_tests/original/Biere/pec_xor2/pec_61549.dqdimacs,2,34
./benchmark_tests/original/Biere/pec_xor2/pec_61549.dqdimacs,3,34
./benchmark_tests/original/Biere/pec_xor2/pec_61549.dqdimacs,5,34
./benchmark_tests/original/Biere/pec_xor2/pec_61549.dqdimacs,7,34
./benchmark_tests/original/Biere/pec_xor2/pec_61549.dqdimacs,8,34
./benchmark_tests/original/Biere/pec_xor2/pec_61549.dqdimacs,9,75
./benchmark_tests/original/Biere/pec_xor2/pec_61549.dqdimacs,10,11
./benchmark_tests/original/Biere/pec_xor2/pec_61549.dqdimacs,11,9
./benchmark_tests/original/Biere/pec_xor2/pec_61549.dqdimacs,12,9
./benchmark_tests/original/Biere/pec_xor2/pec_61549.dqdimacs,13,9
./benchmark_tests/original/Biere/pec_xor2/pec_61549.dqdimacs,14,9
./benchmark_tests/original/Biere/pec_xor2/pec_61549.dqdimacs,15,9
./benchmark_tests/original/Biere/pec_xor2/pec_61549.dqdimacs,16,9
./benchmark_tests/original/Biere/pec_xor2/pec_61549.dqdimacs,17,9
./benchmark_tests/original/Biere/pec_xor2/pec_61549.dqdimacs,18,10
./benchmark_tests/original/Biere/pec_xor2/pec_61549.dqdimacs,19,9
./benchmark_tests/original/Biere/pec_xor2/pec_61549.dqdimacs,20,9
./benchmark_tests/original/Biere/pec_xor2/pec_61549.dqdimacs,21,9
./benchmark_tests/original/Biere/pec_xor2/pec_61549.dqdimacs,22,9
./benchmark_tests/original/Biere/pec_xor2/pec_61549.dqdimacs,23,9
./benchmark_tests/original/Biere/pec_xor2/pec_61549.dqdimacs,24,9
./benchmark_tests/original/Biere/pec_xor2/pec_61549.dqdimacs,25,9
./benchmark_tests/original/Biere/pec_xor2/pec_61549.dqdimacs,26,9
./benchmark_tests/original/Biere/pec_xor2/pec_61549.dqdimacs,27,9
./benchmark_tests/original/Biere/pec_xor2/pec_61549.dqdimacs,28,9
./benchmark_tests/original/Biere/pec_xor2/pec_61549.dqdimacs,29,9
./benchmark_tests/original/Biere/pec_xor2/pec_61549.dqdimacs,30,9
./benchmark_tests/original/Biere/pec_xor2/pec_61549.dqdimacs,31,22
./benchmark_tests/original/Biere/pec_xor2/pec_61549.dqdimacs,32,33
./benchmark_tests/original/Biere/pec_xor2/pec_61549.dqdimacs,33,33
./benchmark_tests/original/Biere/pec_xor2/pec_61549.dqdimacs,34,33
./benchmark_tests/original/Biere/pec_xor2/pec_61549.dqdimacs,35,33
./benchmark_tests/original/Biere/pec_xor2/pec_61549.dqdimacs,36,33
./benchmark_tests/original/Biere/pec_xor2/pec_61549.dqdimacs,37,33
./benchmark_tests/original/Biere/pec_xor2/pec_61549.dqdimacs,38,33
./benchmark_tests/original/Biere/pec_xor2/pec_62439.dqdimacs,1,39
./benchmark_tests/original/Biere/pec_xor2/pec_62439.dqdimacs,2,36
./benchmark_tests/original/Biere/pec_xor2/pec_62439.dqdimacs,3,84
./benchmark_tests/original/Biere/pec_xor2/pec_62439.dqdimacs,5,37
./benchmark_tests/original/Biere/pec_xor2/pec_62439.dqdimacs,7,36
./benchmark_tests/original/Biere/pec_xor2/pec_62439.dqdimacs,8,36
./benchmark_tests/original/Biere/pec_xor2/pec_62439.dqdimacs,9,36
./benchmark_tests/original/Biere/pec_xor2/pec_62439.dqdimacs,10,36
./benchmark_tests/original/Biere/pec_xor2/pec_62439.dqdimacs,11,36
./benchmark_tests/original/Biere/pec_xor2/pec_62439.dqdimacs,12,36
./benchmark_tests/original/Biere/pec_xor2/pec_62439.dqdimacs,13,36
./benchmark_tests/original/Biere/pec_xor2/pec_62439.dqdimacs,14,36
./benchmark_tests/original/Biere/pec_xor2/pec_62439.dqdimacs,15,36
./benchmark_tests/original/Biere/pec_xor2/pec_62439.dqdimacs,16,36
./benchmark_tests/original/Biere/pec_xor2/pec_62439.dqdimacs,17,36
./benchmark_tests/original/Biere/pec_xor2/pec_62439.dqdimacs,18,36
./benchmark_tests/original/Biere/pec_xor2/pec_62439.dqdimacs,19,36
./benchmark_tests/original/Biere/pec_xor2/pec_62439.dqdimacs,20,36
./benchmark_tests/original/Biere/pec_xor2/pec_62439.dqdimacs,21,36
./benchmark_tests/original/Biere/pec_xor2/pec_62439.dqdimacs,22,36
./benchmark_tests/original/Biere/pec_xor2/pec_62439.dqdimacs,23,36
./benchmark_tests/original/Biere/pec_xor2/pec_62439.dqdimacs,24,36
./benchmark_tests/original/Biere/pec_xor2/pec_62439.dqdimacs,25,36
./benchmark_tests/original/Biere/pec_xor2/pec_62439.dqdimacs,26,36
./benchmark_tests/original/Biere/pec_xor2/pec_62439.dqdimacs,27,36
./benchmark_tests/original/Biere/pec_xor2/pec_62439.dqdimacs,28,36
./benchmark_tests/original/Biere/pec_xor2/pec_62439.dqdimacs,29,36
./benchmark_tests/original/Biere/pec_xor2/pec_62439.dqdimacs,30,37
./benchmark_tests/original/Biere/pec_xor2/pec_62439.dqdimacs,31,36
./benchmark_tests/original/Biere/pec_xor2/pec_62439.dqdimacs,32,36
./benchmark_tests/original/Biere/pec_xor2/pec_62439.dqdimacs,33,36
./benchmark_tests/original/Biere/pec_xor2/pec_62439.dqdimacs,34,36
./benchmark_tests/original/Biere/pec_xor2/pec_62439.dqdimacs,35,36
./benchmark_tests/original/Biere/pec_xor2/pec_62439.dqdimacs,36,36
./benchmark_tests/original/Biere/pec_xor2/pec_62439.dqdimacs,37,37
./benchmark_tests/original/Biere/pec_xor2/pec_62439.dqdimacs,38,36
./benchmark_tests/original/Biere/pec_xor2/pec_62439.dqdimacs,39,36
./benchmark_tests/original/Biere/pec_xor2/pec_62439.dqdimacs,40,36
./benchmark_tests/original/Biere/pec_xor2/pec_62439.dqdimacs,41,36
./benchmark_tests/original/Biere/pec_xor2/pec_62439.dqdimacs,42,36
./benchmark_tests/original/Biere/pec_xor2/pec_62439.dqdimacs,43,35
./benchmark_tests/original/Biere/pec_xor2/pec_62439.dqdimacs,44,35
./benchmark_tests/original/Biere/pec_xor2/pec_63526.dqdimacs,1,36
./benchmark_tests/original/Biere/pec_xor2/pec_63526.dqdimacs,2,33
./benchmark_tests/original/Biere/pec_xor2/pec_63526.dqdimacs,3,76
./benchmark_tests/original/Biere/pec_xor2/pec_63526.dqdimacs,5,11
./benchmark_tests/original/Biere/pec_xor2/pec_63526.dqdimacs,7,9
./benchmark_tests/original/Biere/pec_xor2/pec_63526.dqdimacs,8,9
./benchmark_tests/original/Biere/pec_xor2/pec_63526.dqdimacs,9,9
./benchmark_tests/original/Biere/pec_xor2/pec_63526.dqdimacs,10,9
./benchmark_tests/original/Biere/pec_xor2/pec_63526.dqdimacs,11,9
./benchmark_tests/original/Biere/pec_xor2/pec_63526.dqdimacs,12,10
./benchmark_tests/original/Biere/pec_xor2/pec_63526.dqdimacs,13,9
./benchmark_tests/original/Biere/pec_xor2/pec_63526.dqdimacs,14,9
./benchmark_tests/original/Biere/pec_xor2/pec_63526.dqdimacs,15,9
./benchmark_tests/original/Biere/pec_xor2/pec_63526.dqdimacs,16,9
./benchmark_tests/original/Biere/pec_xor2/pec_63526.dqdimacs,17,9
./benchmark_tests/original/Biere/pec_xor2/pec_63526.dqdimacs,18,9
./benchmark_tests/original/Biere/pec_xor2/pec_63526.dqdimacs,19,9
./benchmark_tests/original/Biere/pec_xor2/pec_63526.dqdimacs,20,9
./benchmark_tests/original/Biere/pec_xor2/pec_63526.dqdimacs,21,9
./benchmark_tests/original/Biere/pec_xor2/pec_63526.dqdimacs,22,9
./benchmark_tests/original/Biere/pec_xor2/pec_63526.dqdimacs,23,9
./benchmark_tests/original/Biere/pec_xor2/pec_63526.dqdimacs,24,21
./benchmark_tests/original/Biere/pec_xor2/pec_63526.dqdimacs,25,32
./benchmark_tests/original/Biere/pec_xor2/pec_63526.dqdimacs,26,32
./benchmark_tests/original/Biere/pec_xor2/pec_63526.dqdimacs,27,32
./benchmark_tests/original/Biere/pec_xor2/pec_63526.dqdimacs,28,32
./benchmark_tests/original/Biere/pec_xor2/pec_63526.dqdimacs,29,32
./benchmark_tests/original/Biere/pec_xor2/pec_63526.dqdimacs,30,32
./benchmark_tests/original/Biere/pec_xor2/pec_63526.dqdimacs,31,32
./benchmark_tests/original/Biere/pec_xor2/pec_63526.dqdimacs,32,32
./benchmark_tests/original/Biere/pec_xor2/pec_63526.dqdimacs,33,32
./benchmark_tests/original/Biere/pec_xor2/pec_63526.dqdimacs,34,32
./benchmark_tests/original/Biere/pec_xor2/pec_63526.dqdimacs,35,32
./benchmark_tests/original/Biere/pec_xor2/pec_63526.dqdimacs,36,32
./benchmark_tests/original/Biere/pec_xor2/pec_63736.dqdimacs,1,39
./benchmark_tests/original/Biere/pec_xor2/pec_63736.dqdimacs,2,35
./benchmark_tests/original/Biere/pec_xor2/pec_63736.dqdimacs,3,75
./benchmark_tests/original/Biere/pec_xor2/pec_63736.dqdimacs,5,13
./benchmark_tests/original/Biere/pec_xor2/pec_63736.dqdimacs,7,11
./benchmark_tests/original/Biere/pec_xor2/pec_63736.dqdimacs,8,11
./benchmark_tests/original/Biere/pec_xor2/pec_63736.dqdimacs,9,11
./benchmark_tests/original/Biere/pec_xor2/pec_63736.dqdimacs,10,11
./benchmark_tests/original/Biere/pec_xor2/pec_63736.dqdimacs,11,11
./benchmark_tests/original/Biere/pec_xor2/pec_63736.dqdimacs,12,11
./benchmark_tests/original/Biere/pec_xor2/pec_63736.dqdimacs,13,10
./benchmark_tests/original/Biere/pec_xor2/pec_63736.dqdimacs,14,11
./benchmark_tests/original/Biere/pec_xor2/pec_63736.dqdimacs,15,11
./benchmark_tests/original/Biere/pec_xor2/pec_63736.dqdimacs,16,10
./benchmark_tests/original/Biere/pec_xor2/pec_63736.dqdimacs,17,11
./benchmark_tests/original/Biere/pec_xor2/pec_63736.dqdimacs,18,11
./benchmark_tests/original/Biere/pec_xor2/pec_63736.dqdimacs,19,11
./benchmark_tests/original/Biere/pec_xor2/pec_63736.dqdimacs,20,11
./benchmark_tests/original/Biere/pec_xor2/pec_63736.dqdimacs,21,11
./benchmark_tests/original/Biere/pec_xor2/pec_63736.dqdimacs,22,11
./benchmark_tests/original/Biere/pec_xor2/pec_63736.dqdimacs,23,11
./benchmark_tests/original/Biere/pec_xor2/pec_63736.dqdimacs,24,24
./benchmark_tests/original/Biere/pec_xor2/pec_63736.dqdimacs,25,34
./benchmark_tests/original/Biere/pec_xor2/pec_63736.dqdimacs,26,34
./benchmark_tests/original/Biere/pec_xor2/pec_63736.dqdimacs,27,34
./benchmark_tests/original/Biere/pec_xor2/pec_63736.dqdimacs,28,34
./benchmark_tests/original/Biere/pec_xor2/pec_63736.dqdimacs,29,34
./benchmark_tests/original/Biere/pec_xor2/pec_63736.dqdimacs,30,34
./benchmark_tests/original/Biere/pec_xor2/pec_63736.dqdimacs,31,34
./benchmark_tests/original/Biere/pec_xor2/pec_63736.dqdimacs,32,34
./benchmark_tests/original/Biere/pec_xor2/pec_63736.dqdimacs,33,34
./benchmark_tests/original/Biere/pec_xor2/pec_63736.dqdimacs,34,34
./benchmark_tests/original/Biere/pec_xor2/pec_63736.dqdimacs,35,34
./benchmark_tests/original/Biere/pec_xor2/pec_63736.dqdimacs,36,35
./benchmark_tests/original/Biere/pec_xor2/pec_63736.dqdimacs,37,35
./benchmark_tests/original/Biere/pec_xor2/pec_63736.dqdimacs,38,35
./benchmark_tests/original/Biere/pec_xor2/pec_65208.dqdimacs,1,38
./benchmark_tests/original/Biere/pec_xor2/pec_65208.dqdimacs,2,35
./benchmark_tests/original/Biere/pec_xor2/pec_65208.dqdimacs,3,82
./benchmark_tests/original/Biere/pec_xor2/pec_65208.dqdimacs,5,36
./benchmark_tests/original/Biere/pec_xor2/pec_65208.dqdimacs,7,36
./benchmark_tests/original/Biere/pec_xor2/pec_65208.dqdimacs,8,35
./benchmark_tests/original/Biere/pec_xor2/pec_65208.dqdimacs,9,36
./benchmark_tests/original/Biere/pec_xor2/pec_65208.dqdimacs,10,35
./benchmark_tests/original/Biere/pec_xor2/pec_65208.dqdimacs,11,35
./benchmark_tests/original/Biere/pec_xor2/pec_65208.dqdimacs,12,35
./benchmark_tests/original/Biere/pec_xor2/pec_65208.dqdimacs,13,35
./benchmark_tests/original/Biere/pec_xor2/pec_65208.dqdimacs,14,35
./benchmark_tests/original/Biere/pec_xor2/pec_65208.dqdimacs,15,36
./benchmark_tests/original/Biere/pec_xor2/pec_65208.dqdimacs,16,36
./benchmark_tests/original/Biere/pec_xor2/pec_65208.dqdimacs,17,36
./benchmark_tests/original/Biere/pec_xor2/pec_65208.dqdimacs,18,36
./benchmark_tests/original/Biere/pec_xor2/pec_65208.dqdimacs,19,36
./benchmark_tests/original/Biere/pec_xor2/pec_65208.dqdimacs,20,36
./benchmark_tests/original/Biere/pec_xor2/pec_65208.dqdimacs,21,36
./benchmark_tests/original/Biere/pec_xor2/pec_65208.dqdimacs,22,36
./benchmark_tests/original/Biere/pec_xor2/pec_65208.dqdimacs,23,36
./benchmark_tests/original/Biere/pec_xor2/pec_65208.dqdimacs,24,36
./benchmark_tests/original/Biere/pec_xor2/pec_65208.dqdimacs,25,35
./benchmark_tests/original/Biere/pec_xor2/pec_65208.dqdimacs,26,36
./benchmark_tests/original/Biere/pec_xor2/pec_65208.dqdimacs,27,36
./benchmark_tests/original/Biere/pec_xor2/pec_65208.dqdimacs,28,36
./benchmark_tests/original/Biere/pec_xor2/pec_65208.dqdimacs,29,35
./benchmark_tests/original/Biere/pec_xor2/pec_65208.dqdimacs,30,36
./benchmark_tests/original/Biere/pec_xor2/pec_65208.dqdimacs,31,35
./benchmark_tests/original/Biere/pec_xor2/pec_65208.dqdimacs,32,36
./benchmark_tests/original/Biere/pec_xor2/pec_65208.dqdimacs,33,36
./benchmark_tests/original/Biere/pec_xor2/pec_65208.dqdimacs,34,36
./benchmark_tests/original/Biere/pec_xor2/pec_65208.dqdimacs,35,36
./benchmark_tests/original/Biere/pec_xor2/pec_65208.dqdimacs,36,36
./benchmark_tests/original/Biere/pec_xor2/pec_65208.dqdimacs,37,36
./benchmark_tests/original/Biere/pec_xor2/pec_65208.dqdimacs,38,36
./benchmark_tests/original/Biere/pec_xor2/pec_65208.dqdimacs,39,35
./benchmark_tests/original/Biere/pec_xor2/pec_65208.dqdimacs,40,35
./benchmark_tests/original/Biere/pec_xor2/pec_65208.dqdimacs,41,35
./benchmark_tests/original/Biere/pec_xor2/pec_65208.dqdimacs,42,35
./benchmark_tests/original/Biere/pec_xor2/pec_65370.dqdimacs,1,40
./benchmark_tests/original/Biere/pec_xor2/pec_65370.dqdimacs,2,37
./benchmark_tests/original/Biere/pec_xor2/pec_65370.dqdimacs,3,79
./benchmark_tests/original/Biere/pec_xor2/pec_65370.dqdimacs,5,14
./benchmark_tests/original/Biere/pec_xor2/pec_65370.dqdimacs,7,12
./benchmark_tests/original/Biere/pec_xor2/pec_65370.dqdimacs,8,12
./benchmark_tests/original/Biere/pec_xor2/pec_65370.dqdimacs,9,12
./benchmark_tests/original/Biere/pec_xor2/pec_65370.dqdimacs,10,12
./benchmark_tests/original/Biere/pec_xor2/pec_65370.dqdimacs,11,12
./benchmark_tests/original/Biere/pec_xor2/pec_65370.dqdimacs,12,12
./benchmark_tests/original/Biere/pec_xor2/pec_65370.dqdimacs,13,12
./benchmark_tests/original/Biere/pec_xor2/pec_65370.dqdimacs,14,13
./benchmark_tests/original/Biere/pec_xor2/pec_65370.dqdimacs,15,12
./benchmark_tests/original/Biere/pec_xor2/pec_65370.dqdimacs,16,12
./benchmark_tests/original/Biere/pec_xor2/pec_65370.dqdimacs,17,12
./benchmark_tests/original/Biere/pec_xor2/pec_65370.dqdimacs,18,12
./benchmark_tests/original/Biere/pec_xor2/pec_65370.dqdimacs,19,12
./benchmark_tests/original/Biere/pec_xor2/pec_65370.dqdimacs,20,12
./benchmark_tests/original/Biere/pec_xor2/pec_65370.dqdimacs,21,12
./benchmark_tests/original/Biere/pec_xor2/pec_65370.dqdimacs,22,12
./benchmark_tests/original/Biere/pec_xor2/pec_65370.dqdimacs,23,12
./benchmark_tests/original/Biere/pec_xor2/pec_65370.dqdimacs,24,25
./benchmark_tests/original/Biere/pec_xor2/pec_65370.dqdimacs,25,36
./benchmark_tests/original/Biere/pec_xor2/pec_65370.dqdimacs,26,36
./benchmark_tests/original/Biere/pec_xor2/pec_65370.dqdimacs,27,36
./benchmark_tests/original/Biere/pec_xor2/pec_65370.dqdimacs,28,36
./benchmark_tests/original/Biere/pec_xor2/pec_65370.dqdimacs,29,35
./benchmark_tests/original/Biere/pec_xor2/pec_65370.dqdimacs,30,35
./benchmark_tests/original/Biere/pec_xor2/pec_65370.dqdimacs,31,36
./benchmark_tests/original/Biere/pec_xor2/pec_65370.dqdimacs,32,36
./benchmark_tests/original/Biere/pec_xor2/pec_65370.dqdimacs,33,35
./benchmark_tests/original/Biere/pec_xor2/pec_65370.dqdimacs,34,36
./benchmark_tests/original/Biere/pec_xor2/pec_65370.dqdimacs,35,35
./benchmark_tests/original/Biere/pec_xor2/pec_65370.dqdimacs,36,36
./benchmark_tests/original/Biere/pec_xor2/pec_65370.dqdimacs,37,36
./benchmark_tests/original/Biere/pec_xor2/pec_65370.dqdimacs,38,36
./benchmark_tests/original/Biere/pec_xor2/pec_65370.dqdimacs,39,36
./benchmark_tests/original/Biere/pec_xor2/pec_65370.dqdimacs,40,36
./benchmark_tests/original/Biere/pec_xor2/pec_65370.dqdimacs,41,36
./benchmark_tests/original/Biere/pec_xor2/pec_65370.dqdimacs,42,36
./benchmark_tests/original/Biere/pec_xor2/pec_65370.dqdimacs,43,36
./benchmark_tests/original/Biere/pec_xor2/pec_65370.dqdimacs,44,36
./benchmark_tests/original/Biere/pec_xor2/pec_65370.dqdimacs,45,36
./benchmark_tests/original/Biere/pec_xor2/pec_6816.dqdimacs,1,34
./benchmark_tests/original/Biere/pec_xor2/pec_6816.dqdimacs,2,33
./benchmark_tests/original/Biere/pec_xor2/pec_6816.dqdimacs,3,32
./benchmark_tests/original/Biere/pec_xor2/pec_6816.dqdimacs,4,32
./benchmark_tests/original/Biere/pec_xor2/pec_6816.dqdimacs,5,78
./benchmark_tests/original/Biere/pec_xor2/pec_6816.dqdimacs,7,32
./benchmark_tests/original/Biere/pec_xor2/pec_6816.dqdimacs,9,32
./benchmark_tests/original/Biere/pec_xor2/pec_6816.dqdimacs,10,32
./benchmark_tests/original/Biere/pec_xor2/pec_6816.dqdimacs,11,32
./benchmark_tests/original/Biere/pec_xor2/pec_6816.dqdimacs,12,32
./benchmark_tests/original/Biere/pec_xor2/pec_6816.dqdimacs,13,32
./benchmark_tests/original/Biere/pec_xor2/pec_6816.dqdimacs,14,32
./benchmark_tests/original/Biere/pec_xor2/pec_6816.dqdimacs,15,32
./benchmark_tests/original/Biere/pec_xor2/pec_6816.dqdimacs,16,32
./benchmark_tests/original/Biere/pec_xor2/pec_6816.dqdimacs,17,32
./benchmark_tests/original/Biere/pec_xor2/pec_6816.dqdimacs,18,32
./benchmark_tests/original/Biere/pec_xor2/pec_6816.dqdimacs,19,32
./benchmark_tests/original/Biere/pec_xor2/pec_6816.dqdimacs,20,32
./benchmark_tests/original/Biere/pec_xor2/pec_6816.dqdimacs,21,32
./benchmark_tests/original/Biere/pec_xor2/pec_6816.dqdimacs,22,32
./benchmark_tests/original/Biere/pec_xor2/pec_6816.dqdimacs,23,32
./benchmark_tests/original/Biere/pec_xor2/pec_6816.dqdimacs,24,33
./benchmark_tests/original/Biere/pec_xor2/pec_6816.dqdimacs,25,32
./benchmark_tests/original/Biere/pec_xor2/pec_6816.dqdimacs,26,32
./benchmark_tests/original/Biere/pec_xor2/pec_6816.dqdimacs,27,32
./benchmark_tests/original/Biere/pec_xor2/pec_7699.dqdimacs,1,36
./benchmark_tests/original/Biere/pec_xor2/pec_7699.dqdimacs,2,33
./benchmark_tests/original/Biere/pec_xor2/pec_7699.dqdimacs,3,33
./benchmark_tests/original/Biere/pec_xor2/pec_7699.dqdimacs,4,33
./benchmark_tests/original/Biere/pec_xor2/pec_7699.dqdimacs,5,75
./benchmark_tests/original/Biere/pec_xor2/pec_7699.dqdimacs,7,11
./benchmark_tests/original/Biere/pec_xor2/pec_7699.dqdimacs,9,9
./benchmark_tests/original/Biere/pec_xor2/pec_7699.dqdimacs,10,9
./benchmark_tests/original/Biere/pec_xor2/pec_7699.dqdimacs,11,10
./benchmark_tests/original/Biere/pec_xor2/pec_7699.dqdimacs,12,9
./benchmark_tests/original/Biere/pec_xor2/pec_7699.dqdimacs,13,9
./benchmark_tests/original/Biere/pec_xor2/pec_7699.dqdimacs,14,9
./benchmark_tests/original/Biere/pec_xor2/pec_7699.dqdimacs,15,9
./benchmark_tests/original/Biere/pec_xor2/pec_7699.dqdimacs,16,9
./benchmark_tests/original/Biere/pec_xor2/pec_7699.dqdimacs,17,9
./benchmark_tests/original/Biere/pec_xor2/pec_7699.dqdimacs,18,9
./benchmark_tests/original/Biere/pec_xor2/pec_7699.dqdimacs,19,9
./benchmark_tests/original/Biere/pec_xor2/pec_7699.dqdimacs,20,9
./benchmark_tests/original/Biere/pec_xor2/pec_7699.dqdimacs,21,9
./benchmark_tests/original/Biere/pec_xor2/pec_7699.dqdimacs,22,9
./benchmark_tests/original/Biere/pec_xor2/pec_7699.dqdimacs,23,9
./benchmark_tests/original/Biere/pec_xor2/pec_7699.dqdimacs,24,9
./benchmark_tests/original/Biere/pec_xor2/pec_7699.dqdimacs,25,9
./benchmark_tests/original/Biere/pec_xor2/pec_7699.dqdimacs,26,9
./benchmark_tests/original/Biere/pec_xor2/pec_7699.dqdimacs,27,9
./benchmark_tests/original/Biere/pec_xor2/pec_7699.dqdimacs,28,9
./benchmark_tests/original/Biere/pec_xor2/pec_7699.dqdimacs,29,9
./benchmark_tests/original/Biere/pec_xor2/pec_7699.dqdimacs,30,9
./benchmark_tests/original/Biere/pec_xor2/pec_7699.dqdimacs,31,9
./benchmark_tests/original/Biere/pec_xor2/pec_7699.dqdimacs,32,9
./benchmark_tests/original/Biere/pec_xor2/pec_819.dqdimacs,1,35
./benchmark_tests/original/Biere/pec_xor2/pec_819.dqdimacs,2,33
./benchmark_tests/original/Biere/pec_xor2/pec_819.dqdimacs,3,35
./benchmark_tests/original/Biere/pec_xor2/pec_819.dqdimacs,4,32
./benchmark_tests/original/Biere/pec_xor2/pec_819.dqdimacs,6,32
./benchmark_tests/original/Biere/pec_xor2/pec_819.dqdimacs,7,75
./benchmark_tests/original/Biere/pec_xor2/pec_819.dqdimacs,9,10
./benchmark_tests/original/Biere/pec_xor2/pec_819.dqdimacs,10,8
./benchmark_tests/original/Biere/pec_xor2/pec_819.dqdimacs,11,8
./benchmark_tests/original/Biere/pec_xor2/pec_819.dqdimacs,12,8
./benchmark_tests/original/Biere/pec_xor2/pec_819.dqdimacs,13,8
./benchmark_tests/original/Biere/pec_xor2/pec_819.dqdimacs,14,8
./benchmark_tests/original/Biere/pec_xor2/pec_819.dqdimacs,15,8
./benchmark_tests/original/Biere/pec_xor2/pec_819.dqdimacs,16,8
./benchmark_tests/original/Biere/pec_xor2/pec_819.dqdimacs,17,9
./benchmark_tests/original/Biere/pec_xor2/pec_819.dqdimacs,18,9
./benchmark_tests/original/Biere/pec_xor2/pec_819.dqdimacs,19,8
./benchmark_tests/original/Biere/pec_xor2/pec_819.dqdimacs,20,8
./benchmark_tests/original/Biere/pec_xor2/pec_819.dqdimacs,21,9
./benchmark_tests/original/Biere/pec_xor2/pec_819.dqdimacs,22,8
./benchmark_tests/original/Biere/pec_xor2/pec_819.dqdimacs,23,8
./benchmark_tests/original/Biere/pec_xor2/pec_819.dqdimacs,24,8
./benchmark_tests/original/Biere/pec_xor2/pec_819.dqdimacs,25,8
./benchmark_tests/original/Biere/pec_xor2/pec_819.dqdimacs,26,8
./benchmark_tests/original/Biere/pec_xor2/pec_819.dqdimacs,27,8
./benchmark_tests/original/Biere/pec_xor2/pec_9336.dqdimacs,1,36
./benchmark_tests/original/Biere/pec_xor2/pec_9336.dqdimacs,2,33
./benchmark_tests/original/Biere/pec_xor2/pec_9336.dqdimacs,3,33
./benchmark_tests/original/Biere/pec_xor2/pec_9336.dqdimacs,4,33
./benchmark_tests/original/Biere/pec_xor2/pec_9336.dqdimacs,6,76
./benchmark_tests/original/Biere/pec_xor2/pec_9336.dqdimacs,8,11
./benchmark_tests/original/Biere/pec_xor2/pec_9336.dqdimacs,9,9
./benchmark_tests/original/Biere/pec_xor2/pec_9336.dqdimacs,10,9
./benchmark_tests/original/Biere/pec_xor2/pec_9336.dqdimacs,11,9
./benchmark_tests/original/Biere/pec_xor2/pec_9336.dqdimacs,12,9
./benchmark_tests/original/Biere/pec_xor2/pec_9336.dqdimacs,13,9
./benchmark_tests/original/Biere/pec_xor2/pec_9336.dqdimacs,14,10
./benchmark_tests/original/Biere/pec_xor2/pec_9336.dqdimacs,15,9
./benchmark_tests/original/Biere/pec_xor2/pec_9336.dqdimacs,16,9
./benchmark_tests/original/Biere/pec_xor2/pec_9336.dqdimacs,17,9
./benchmark_tests/original/Biere/pec_xor2/pec_9336.dqdimacs,18,9
./benchmark_tests/original/Biere/pec_xor2/pec_9336.dqdimacs,19,9
./benchmark_tests/original/Biere/pec_xor2/pec_9336.dqdimacs,20,9
./benchmark_tests/original/Biere/pec_xor2/pec_9336.dqdimacs,21,9
./benchmark_tests/original/Biere/pec_xor2/pec_9336.dqdimacs,22,9
./benchmark_tests/original/Biere/pec_xor2/pec_9336.dqdimacs,23,9
./benchmark_tests/original/Biere/pec_xor2/pec_9336.dqdimacs,24,9
./benchmark_tests/original/Biere/pec_xor2/pec_9336.dqdimacs,25,22
./benchmark_tests/original/Biere/pec_xor2/pec_9336.dqdimacs,26,32
./benchmark_tests/original/Biere/pec_xor2/pec_9336.dqdimacs,27,32
./benchmark_tests/original/Biere/pec_xor2/pec_9336.dqdimacs,28,32
./benchmark_tests/original/Biere/pec_xor2/pec_9336.dqdimacs,29,32
./benchmark_tests/original/Biere/pec_xor2/pec_9336.dqdimacs,30,32
./benchmark_tests/original/Biere/pec_xor2/pec_9962.dqdimacs,1,37
./benchmark_tests/original/Biere/pec_xor2/pec_9962.dqdimacs,2,34
./benchmark_tests/original/Biere/pec_xor2/pec_9962.dqdimacs,3,34
./benchmark_tests/original/Biere/pec_xor2/pec_9962.dqdimacs,4,75
./benchmark_tests/original/Biere/pec_xor2/pec_9962.dqdimacs,6,12
./benchmark_tests/original/Biere/pec_xor2/pec_9962.dqdimacs,8,10
./benchmark_tests/original/Biere/pec_xor2/pec_9962.dqdimacs,9,10
./benchmark_tests/original/Biere/pec_xor2/pec_9962.dqdimacs,10,10
./benchmark_tests/original/Biere/pec_xor2/pec_9962.dqdimacs,11,10
./benchmark_tests/original/Biere/pec_xor2/pec_9962.dqdimacs,12,10
./benchmark_tests/original/Biere/pec_xor2/pec_9962.dqdimacs,13,10
./benchmark_tests/original/Biere/pec_xor2/pec_9962.dqdimacs,14,10
./benchmark_tests/original/Biere/pec_xor2/pec_9962.dqdimacs,15,10
./benchmark_tests/original/Biere/pec_xor2/pec_9962.dqdimacs,16,10
./benchmark_tests/original/Biere/pec_xor2/pec_9962.dqdimacs,17,10
./benchmark_tests/original/Biere/pec_xor2/pec_9962.dqdimacs,18,10
./benchmark_tests/original/Biere/pec_xor2/pec_9962.dqdimacs,19,10
./benchmark_tests/original/Biere/pec_xor2/pec_9962.dqdimacs,20,10
./benchmark_tests/original/Biere/pec_xor2/pec_9962.dqdimacs,21,10
./benchmark_tests/original/Biere/pec_xor2/pec_9962.dqdimacs,22,10
./benchmark_tests/original/Biere/pec_xor2/pec_9962.dqdimacs,23,23
./benchmark_tests/original/Biere/pec_xor2/pec_9962.dqdimacs,24,33
./benchmark_tests/original/Biere/pec_xor2/pec_9962.dqdimacs,25,34
./benchmark_tests/original/Biere/pec_xor2/pec_9962.dqdimacs,26,34
./benchmark_tests/original/Biere/pec_xor2/pec_9962.dqdimacs,27,34
./benchmark_tests/original/Biere/pec_xor2/pec_9962.dqdimacs,28,33
./benchmark_tests/original/Biere/pec_xor2/pec_9962.dqdimacs,29,33
./benchmark_tests/original/Biere/pec_xor2/pec_9962.dqdimacs,30,34
./benchmark_tests/original/Biere/pec_xor2/pec_9962.dqdimacs,31,33
./benchmark_tests/original/Biere/pec_xor2/pec_9962.dqdimacs,32,34
./benchmark_tests/original/Biere/pec_xor2/pec_9962.dqdimacs,33,34
./benchmark_tests/original/Biere/pec_xor2/pec_9962.dqdimacs,34,34
./benchmark_tests/original/Biere/pec_xor2/pec_9988.dqdimacs,1,34
./benchmark_tests/original/Biere/pec_xor2/pec_9988.dqdimacs,2,32
./benchmark_tests/original/Biere/pec_xor2/pec_9988.dqdimacs,3,31
./benchmark_tests/original/Biere/pec_xor2/pec_9988.dqdimacs,4,73
./benchmark_tests/original/Biere/pec_xor2/pec_9988.dqdimacs,6,10
./benchmark_tests/original/Biere/pec_xor2/pec_9988.dqdimacs,8,8
./benchmark_tests/original/Biere/pec_xor2/pec_9988.dqdimacs,9,8
./benchmark_tests/original/Biere/pec_xor2/pec_9988.dqdimacs,10,8
./benchmark_tests/original/Biere/pec_xor2/pec_9988.dqdimacs,11,8
./benchmark_tests/original/Biere/pec_xor2/pec_9988.dqdimacs,12,8
./benchmark_tests/original/Biere/pec_xor2/pec_9988.dqdimacs,13,8
./benchmark_tests/original/Biere/pec_xor2/pec_9988.dqdimacs,14,8
./benchmark_tests/original/Biere/pec_xor2/pec_9988.dqdimacs,15,8
./benchmark_tests/original/Biere/pec_xor2/pec_9988.dqdimacs,16,8
./benchmark_tests/original/Biere/pec_xor2/pec_9988.dqdimacs,17,8
./benchmark_tests/original/Biere/pec_xor2/pec_9988.dqdimacs,18,8
./benchmark_tests/original/Biere/pec_xor2/pec_9988.dqdimacs,19,8
./benchmark_tests/original/Biere/pec_xor2/pec_9988.dqdimacs,20,8
./benchmark_tests/original/Biere/pec_xor2/pec_9988.dqdimacs,21,8
./benchmark_tests/original/Biere/pec_xor2/pec_9988.dqdimacs,22,8
./benchmark_tests/original/Biere/pec_xor2/pec_9988.dqdimacs,23,8
./benchmark_tests/original/Biere/pec_xor2/pec_9988.dqdimacs,24,8
./benchmark_tests/original/Biere/pec_xor2/pec_9988.dqdimacs,25,8
./benchmark_tests/original/Biere/pec_xor2/pec_9988.dqdimacs,26,8
